country_code,year,wgi_control_corruption,wgi_gov_effectiveness,wgi_political_stability,wgi_regulatory_quality,wgi_rule_law,wgi_voice_accountability,icrg_qog
ABW,2004,0.7777778,0.7878788,0.8585859,0.7474746999999999,0.7676767999999999,0.7070706999999999,
ABW,2005,0.875,0.875,0.9375,0.8333332999999999,0.8125,0.875,
ABW,2006,0.875,0.875,0.9375,0.8333332999999999,0.8125,0.875,
ABW,2007,0.875,0.875,0.9375,0.8333332999999999,0.8125,0.875,
ABW,2008,0.875,0.875,0.9375,0.8333332999999999,0.8125,0.875,
ABW,2009,0.625,0.75,0.8125,0.8571428999999999,0.875,0.875,
ABW,2010,0.625,0.5,0.75,0.8571428999999999,0.875,0.875,
ABW,2011,0.625,0.5,0.75,0.8571428999999999,0.85,0.875,
ABW,2012,0.625,0.5,0.8125,0.8571428999999999,0.85,0.875,
ABW,2013,0.625,0.5,0.8125,0.8571428999999999,0.85,0.875,
ABW,2014,0.625,0.5,0.8125,0.8571428999999999,0.85,0.875,
ABW,2015,0.625,0.5,0.8125,0.8571428999999999,0.85,0.875,
ABW,2016,0.625,0.5,0.8125,0.8571428999999999,0.85,0.875,
ABW,2017,0.625,0.5,0.8125,0.8214286,0.85,0.875,
ABW,2018,0.625,0.5,0.8125,0.7142856999999999,0.85,0.875,
ABW,2019,0.625,0.5,0.8125,0.7142856999999999,0.85,0.875,
ABW,2020,0.625,0.5,0.8125,0.7142856999999999,0.85,0.875,
ABW,2021,0.5,0.5,0.8125,0.7142856999999999,0.825,0.75,
ABW,2022,0.5,0.5,0.8125,0.7142856999999999,0.825,0.75,
ABW,2023,0.5,0.5,0.8125,0.7142856999999999,0.825,0.75,
ABW,2024,0.5,0.5,0.8125,0.7142856999999999,0.825,0.75,
ADO,1996,0.875,0.75,1.0,0.9166667,0.9375,1.0,
ADO,1998,0.875,0.75,1.0,0.9166667,0.9375,1.0,
ADO,2000,0.875,0.75,1.0,0.9166667,0.9375,1.0,
ADO,2002,0.875,0.75,1.0,0.9583332999999999,0.9375,1.0,
ADO,2003,0.875,0.75,1.0,0.9583332999999999,0.875,1.0,
ADO,2004,0.7676767999999999,0.7878788,0.9191919,0.8686868999999999,0.8585859,0.9141414,
ADO,2005,0.875,0.75,1.0,0.9583332999999999,0.875,1.0,
ADO,2006,0.875,0.875,1.0,0.9583332999999999,0.875,1.0,
ADO,2007,0.875,0.875,1.0,0.9583332999999999,0.875,1.0,
ADO,2008,0.875,0.875,1.0,0.9583332999999999,0.875,1.0,
ADO,2009,0.875,0.875,1.0,0.9583332999999999,0.875,1.0,
ADO,2010,0.875,0.875,1.0,0.9583332999999999,0.875,1.0,
ADO,2011,0.875,0.875,1.0,1.0,0.9375,1.0,
ADO,2012,0.875,0.875,1.0,1.0,0.9375,1.0,
ADO,2013,0.875,0.875,1.0,1.0,0.9375,1.0,
ADO,2014,0.8333332999999999,1.0,1.0,0.8333332999999999,1.0,,
ADO,2015,0.8333332999999999,1.0,1.0,0.8333332999999999,1.0,,
ADO,2016,0.8333332999999999,1.0,1.0,0.8333332999999999,1.0,,
ADO,2017,0.8333332999999999,1.0,1.0,0.8888889,1.0,,
ADO,2018,0.8333332999999999,1.0,1.0,0.8888889,1.0,,
ADO,2019,0.8333332999999999,1.0,1.0,0.8888889,1.0,,
ADO,2020,0.8333332999999999,1.0,1.0,0.8333332999999999,1.0,,
ADO,2021,0.8333332999999999,1.0,1.0,0.8333332999999999,1.0,,
ADO,2022,0.8333332999999999,0.9166667,1.0,0.8333332999999999,0.9444444,,
ADO,2023,0.8333332999999999,0.9166667,1.0,0.8333332999999999,0.9444444,,
ADO,2024,0.8333332999999999,0.9166667,1.0,0.8333332999999999,0.9444444,,
AFG,1996,0.0,0.0,0.0625,0.0,0.1875,0.0625,
AFG,1997,,,,,,,
AFG,1998,0.0,0.0,0.0625,0.0,0.1875,0.0625,
AFG,1999,,,,,,,
AFG,2000,0.0,0.0,0.0625,0.0,0.1875,0.0625,
AFG,2001,,,,,,,
AFG,2002,0.125,0.125,0.0625,0.1666667,0.1875,0.1875,
AFG,2003,0.125,0.125,0.125,0.25,0.1875,0.25,
AFG,2004,0.0,0.25,0.1875,0.1071429,0.075,0.0,
AFG,2005,0.0,0.25,0.0625,0.1071429,0.075,0.0,
AFG,2006,0.0,0.0,0.0625,0.1071429,0.024999999999999998,0.102,
AFG,2007,0.125,0.125,0.125,0.25,0.1875,0.306,
AFG,2008,0.3,0.5599999999999999,0.0625,0.2083333,0.6862499999999999,0.302,
AFG,2009,0.0,0.0,0.125,0.1071429,0.075,0.1006667,
AFG,2010,0.0,0.0,0.125,0.1071429,0.075,0.0826667,
AFG,2011,0.0,0.0,0.125,0.1071429,0.075,0.0826667,
AFG,2012,0.0,0.0,0.125,0.1071429,0.075,0.0826667,
AFG,2013,0.0,0.0,0.125,0.1071429,0.075,0.0826667,
AFG,2014,0.0,0.0,0.125,0.1071429,0.075,0.0923333,
AFG,2015,0.0,0.0,0.125,0.1428571,0.075,0.0923333,
AFG,2016,0.0,0.0,0.125,0.1428571,0.075,0.08499999999999999,
AFG,2017,0.0,0.0,0.125,0.1428571,0.075,0.08499999999999999,
AFG,2018,0.0,0.0,0.125,0.1428571,0.075,0.09899999999999999,
AFG,2019,0.0,0.0,0.125,0.1428571,0.075,0.095,
AFG,2020,0.0,0.0,0.125,0.1428571,0.075,0.095,
AFG,2021,0.125,0.0,0.1875,0.1428571,0.075,0.0106667,
AFG,2022,0.125,0.0,0.125,0.2857143,0.15,0.0106667,
AFG,2023,0.125,0.0,0.1875,0.2857143,0.15,0.0086667,
AFG,2024,0.125,0.0,0.1875,0.2142857,0.15,0.0083333,
AGO,1996,0.0,0.0,0.0,0.1428571,0.075,0.125,0.5277777777777778
AGO,1997,,,,,,,0.4050925925925925
AGO,1998,0.0,0.0,0.0,0.1428571,0.075,0.125,0.3541666666666667
AGO,1999,,,,,,,0.3611111111111111
AGO,2000,0.0,0.0,0.0,0.1428571,0.075,0.125,0.3611111111111111
AGO,2001,,,,,,,0.3611111111111111
AGO,2002,0.0,0.0,0.0625,0.1428571,0.075,0.125,0.3611111111111111
AGO,2003,0.0,0.0,0.1875,0.1428571,0.075,0.125,0.3611111111111111
AGO,2004,0.125,0.0,0.4375,0.1428571,0.15,0.125,0.3611111111111111
AGO,2005,0.125,0.0,0.375,0.1428571,0.175,0.25,0.3611111111111111
AGO,2006,0.0,0.0,0.375,0.3571429,0.22499999999999998,0.0803333,0.3611111111111111
AGO,2007,0.0,0.0,0.46875,0.375,0.22499999999999998,0.1636667,0.3888888888888888
AGO,2008,0.0,0.0,0.625,0.39285709999999996,0.27499999999999997,0.2783333,0.4027777777777777
AGO,2009,0.0,0.25,0.5625,0.39285709999999996,0.27499999999999997,0.19499999999999998,0.4027777777777777
AGO,2010,0.0,0.25,0.625,0.4285714,0.25,0.19399999999999998,0.4027777777777777
AGO,2011,0.0,0.25,0.5625,0.4285714,0.25,0.19399999999999998,0.375
AGO,2012,0.0,0.25,0.5625,0.4285714,0.25,0.19499999999999998,0.3564814814814814
AGO,2013,0.0,0.25,0.5625,0.3571429,0.25,0.19499999999999998,0.3472222222222222
AGO,2014,0.0,0.25,0.5625,0.3214286,0.25,0.19499999999999998,0.3449074074074074
AGO,2015,0.0,0.25,0.5,0.3214286,0.25,0.19499999999999998,0.3194444444444445
AGO,2016,0.0,0.25,0.5,0.2857143,0.25,0.1966667,0.3194444444444445
AGO,2017,0.0,0.25,0.5625,0.2857143,0.25,0.204,0.3194444444444445
AGO,2018,0.125,0.25,0.625,0.2857143,0.25,0.204,0.3402777777777778
AGO,2019,0.125,0.25,0.625,0.2857143,0.25,0.2073333,0.3842592592592592
AGO,2020,0.125,0.25,0.625,0.2857143,0.25,0.2053333,0.3958333333333333
AGO,2021,0.125,0.25,0.625,0.2857143,0.25,0.1956667,0.375
AGO,2022,0.125,0.25,0.625,0.3214286,0.25,0.21533329999999998,0.4189814814814814
AGO,2023,0.125,0.25,0.5,0.3214286,0.19999999999999998,0.2226667,0.4444444444444445
AGO,2024,0.125,0.25,0.4375,0.3214286,0.19999999999999998,0.21833329999999998,0.4444444444444445
AIA,2004,0.7070706999999999,0.7070706999999999,0.8181818,0.7643097999999999,0.8131313,0.7323232,
AIA,2005,0.875,1.0,0.875,0.875,1.0,0.8125,
AIA,2006,0.875,1.0,0.875,0.9166667,1.0,0.875,
AIA,2007,0.875,1.0,0.875,0.9166667,1.0,0.875,
AIA,2008,0.875,1.0,0.875,0.9166667,1.0,0.875,
AIA,2009,0.875,1.0,0.875,0.9166667,0.9375,0.875,
AIA,2010,0.875,1.0,1.0,0.9166667,0.9375,0.875,
AIA,2011,0.875,1.0,1.0,0.9166667,0.9375,0.875,
AIA,2012,0.875,1.0,1.0,0.9166667,0.9375,0.875,
AIA,2013,0.875,1.0,1.0,0.9166667,0.9375,0.875,
AIA,2014,0.8333332999999999,0.9166667,0.8888889,0.7222221999999999,0.6111111,,
AIA,2015,0.8333332999999999,0.9166667,0.8888889,0.7222221999999999,0.6111111,,
AIA,2016,0.8333332999999999,0.9166667,0.8888889,0.7777778,0.6111111,,
AIA,2017,0.8333332999999999,0.75,0.8888889,0.7777778,0.6111111,,
AIA,2018,0.8333332999999999,0.75,0.8888889,0.7777778,0.6111111,,
AIA,2019,0.8333332999999999,0.75,0.8888889,0.7777778,0.7222221999999999,,
AIA,2020,0.6666667,0.75,0.9444444,0.7777778,0.7222221999999999,,
AIA,2021,0.6666667,0.75,0.9444444,0.7777778,0.7222221999999999,,
AIA,2022,0.8333332999999999,0.8333332999999999,0.9444444,0.7777778,0.7222221999999999,,
AIA,2023,0.8333332999999999,0.8333332999999999,0.9444444,0.7777778,0.7777778,,
AIA,2024,0.8333332999999999,0.8333332999999999,0.9444444,0.7777778,0.7777778,,
ALB,1996,0.3333333,0.25,0.9090908999999999,0.4545455,0.6666667,0.5,0.4583333333333333
ALB,1997,,,,,,,0.3657407407407407
ALB,1998,0.5,0.25,0.8181818,0.2727273,0.5,0.6666667,0.4166666666666667
ALB,1999,,,,,,,0.3472222222222221
ALB,2000,0.3333333,0.25,0.7929293,0.4545455,0.3333333,0.75,0.3055555555555555
ALB,2001,,,,,,,0.3055555555555555
ALB,2002,0.3333333,0.5,0.8383838,0.5892857,0.5238094999999999,0.7083332999999999,0.3472222222222221
ALB,2003,0.3333333,0.5,0.7777778,0.5892857,0.5238094999999999,0.75,0.3888888888888888
ALB,2004,0.3333333,0.5,0.7045454999999999,0.5892857,0.5238094999999999,0.75,0.3888888888888888
ALB,2005,0.3027007,0.2465424,0.5380435,0.3687898,0.3272596,0.516392,0.3912037037037037
ALB,2006,0.25,0.25,0.5625,0.5,0.39999999999999997,0.5303333,0.3611111111111111
ALB,2007,0.25,0.25,0.5,0.5,0.39999999999999997,0.5303333,0.3611111111111111
ALB,2008,0.25,0.25,0.5,0.5,0.39999999999999997,0.5303333,0.3888888888888889
ALB,2009,0.25,0.25,0.4375,0.5,0.39999999999999997,0.5303333,0.3888888888888889
ALB,2010,0.25,0.25,0.4375,0.5,0.39999999999999997,0.5286666999999999,0.412037037037037
ALB,2011,0.125,0.25,0.25,0.5,0.39999999999999997,0.527,0.4166666666666667
ALB,2012,0.125,0.25,0.3125,0.5,0.39999999999999997,0.5223333,0.4166666666666667
ALB,2013,0.125,0.25,0.4375,0.5,0.425,0.6056667,0.4166666666666667
ALB,2014,0.125,0.25,0.5625,0.5,0.425,0.6056667,0.4259259259259259
ALB,2015,0.125,0.25,0.5625,0.5,0.425,0.6136667,0.4444444444444445
ALB,2016,0.25,0.25,0.5625,0.5357143,0.425,0.6136667,0.4444444444444445
ALB,2017,0.25,0.25,0.625,0.5357143,0.425,0.616,0.4444444444444445
ALB,2018,0.25,0.25,0.625,0.5357143,0.425,0.616,0.4560185185185185
ALB,2019,0.25,0.25,0.5625,0.5714286,0.425,0.613,0.4722222222222222
ALB,2020,0.125,0.25,0.5625,0.5714286,0.44999999999999996,0.6193333,0.4722222222222222
ALB,2021,0.125,0.25,0.5,0.5357143,0.475,0.6203333,0.4328703703703704
ALB,2022,0.125,0.25,0.5,0.5357143,0.475,0.6303333,0.4421296296296296
ALB,2023,0.125,0.25,0.5625,0.5357143,0.475,0.626,0.4467592592592592
ALB,2024,0.125,0.25,0.5625,0.5714286,0.475,0.6233333,0.4722222222222222
AND,1996,,,,,,,
AND,1997,,,,,,,
AND,1998,,,,,,,
AND,1999,,,,,,,
AND,2000,,,,,,,
AND,2001,,,,,,,
AND,2002,,,,,,,
AND,2003,,,,,,,
AND,2004,,,,,,,
AND,2005,,,,,,,
AND,2006,,,,,,,
AND,2007,,,,,,,
AND,2008,,,,,,,
AND,2009,,,,,,,
AND,2010,,,,,,,
AND,2011,,,,,,,
AND,2012,,,,,,,
AND,2013,,,,,,,
AND,2014,,,,,,,
AND,2015,,,,,,,
AND,2016,,,,,,,
AND,2017,,,,,,,
AND,2018,,,,,,,
AND,2019,,,,,,,
AND,2020,,,,,,,
AND,2021,,,,,,,
AND,2022,,,,,,,
AND,2023,,,,,,,
AND,2024,,,,,,,
ANT,2004,0.6565656999999999,0.7575757999999999,0.7979798,0.7272727,0.7676767999999999,0.6565656999999999,
ANT,2005,0.875,0.75,0.75,0.8333332999999999,0.8125,0.75,
ANT,2006,0.875,0.75,0.875,0.7916667,0.8125,0.75,
ANT,2007,0.875,0.75,0.875,0.7916667,0.8125,0.75,
ANT,2008,0.875,0.75,0.875,0.7916667,0.8125,0.75,
ANT,2009,0.75,0.75,0.875,0.7916667,0.8125,0.6875,
ANT,2010,0.75,0.75,0.875,0.7916667,0.8125,0.6875,
ANT,2011,0.75,0.75,0.875,0.7916667,0.8125,0.6875,
ANT,2012,0.75,0.75,0.875,0.7916667,0.8125,0.6875,
ANT,2013,0.75,0.75,0.875,0.7916667,0.8125,0.6875,
ARE,1996,0.25,0.5,0.75,0.7142856999999999,0.525,0.375,0.5
ARE,1997,,,,,,,0.5347222222222222
ARE,1998,0.25,0.5,0.75,0.7142856999999999,0.525,0.375,0.5833333333333334
ARE,1999,,,,,,,0.5833333333333334
ARE,2000,0.25,0.5,0.75,0.7142856999999999,0.525,0.375,0.5833333333333334
ARE,2001,,,,,,,0.5833333333333334
ARE,2002,0.5,0.5,0.8125,0.7142856999999999,0.5,0.375,0.5833333333333334
ARE,2003,0.5,0.5,0.8125,0.7142856999999999,0.5,0.375,0.5833333333333334
ARE,2004,0.5,0.5,0.8125,0.7142856999999999,0.5,0.375,0.5833333333333334
ARE,2005,0.5,0.5,0.8125,0.7142856999999999,0.5,0.375,0.5833333333333334
ARE,2006,0.5,0.5,0.8125,0.7142856999999999,0.5,0.3306667,0.5833333333333334
ARE,2007,0.5,0.5,0.71875,0.7142856999999999,0.4875,0.3306667,0.5833333333333334
ARE,2008,0.5,0.5,0.6875,0.6785713999999999,0.575,0.3366667,0.5925925925925926
ARE,2009,0.375,0.5,0.8125,0.6428571,0.525,0.2533333,0.611111111111111
ARE,2010,0.375,0.5,0.8125,0.6428571,0.525,0.25066669999999996,0.6574074074074074
ARE,2011,0.375,0.5,0.8125,0.6071428999999999,0.525,0.25266669999999997,0.6666666666666666
ARE,2012,0.375,0.5,0.8125,0.6071428999999999,0.525,0.25266669999999997,0.6666666666666666
ARE,2013,0.375,0.5,0.8125,0.6071428999999999,0.525,0.25066669999999996,0.6666666666666666
ARE,2014,0.375,0.5,0.8125,0.6071428999999999,0.525,0.25466669999999997,0.6689814814814815
ARE,2015,0.375,0.5,0.8125,0.6785713999999999,0.5499999999999999,0.2583333,0.6944444444444443
ARE,2016,0.5,0.5,0.875,0.7142856999999999,0.6,0.2583333,0.6944444444444443
ARE,2017,0.5,0.5,0.9375,0.7142856999999999,0.6,0.2563333,0.6944444444444443
ARE,2018,0.5,0.5,0.9375,0.7142856999999999,0.6,0.25866669999999997,0.6944444444444443
ARE,2019,0.5,0.5,0.9375,0.75,0.625,0.25866669999999997,0.6944444444444443
ARE,2020,0.5,0.5,0.9375,0.7142856999999999,0.625,0.25,0.6944444444444443
ARE,2021,0.5,0.5,0.9375,0.6785713999999999,0.625,0.2633333,0.6967592592592592
ARE,2022,0.5,0.5,0.9375,0.6785713999999999,0.625,0.2633333,0.7222222222222222
ARE,2023,0.5,0.5,0.9375,0.6785713999999999,0.625,0.267,0.7060185185185185
ARE,2024,0.625,0.5,0.875,0.7142856999999999,0.6749999999999999,0.35233329999999996,0.6944444444444445
ARG,1996,0.25,0.75,0.5,0.6071428999999999,0.5,0.5,0.6111111111111112
ARG,1997,,,,,,,0.5902777777777778
ARG,1998,0.25,0.5,0.5,0.6071428999999999,0.5,0.5,0.638888888888889
ARG,1999,,,,,,,0.6435185185185185
ARG,2000,0.25,0.5,0.5625,0.5714286,0.44999999999999996,0.5,0.6944444444444445
ARG,2001,,,,,,,0.6712962962962963
ARG,2002,0.25,0.5,0.3125,0.3571429,0.375,0.5,0.5092592592592592
ARG,2003,0.25,0.5,0.5,0.39285709999999996,0.375,0.5,0.4675925925925925
ARG,2004,0.25,0.5,0.5625,0.39285709999999996,0.425,0.625,0.5347222222222222
ARG,2005,0.25,0.5,0.625,0.3571429,0.425,0.625,0.5555555555555556
ARG,2006,0.25,0.5,0.5625,0.2857143,0.425,0.6376666999999999,0.5277777777777778
ARG,2007,0.25,0.5,0.59375,0.3035714,0.4375,0.6376666999999999,0.5277777777777778
ARG,2008,0.25,0.5,0.625,0.3214286,0.44999999999999996,0.6376666999999999,0.5277777777777778
ARG,2009,0.25,0.5,0.5,0.3214286,0.425,0.6376666999999999,0.5277777777777778
ARG,2010,0.25,0.5,0.5,0.3214286,0.425,0.6446666999999999,0.5277777777777778
ARG,2011,0.25,0.5,0.4375,0.3214286,0.425,0.6446666999999999,0.5277777777777778
ARG,2012,0.125,0.5,0.4375,0.25,0.39999999999999997,0.6446666999999999,0.5046296296296297
ARG,2013,0.125,0.5,0.4375,0.25,0.39999999999999997,0.6446666999999999,0.4722222222222221
ARG,2014,0.125,0.5,0.4375,0.25,0.39999999999999997,0.6446666999999999,0.4722222222222221
ARG,2015,0.125,0.5,0.5,0.25,0.425,0.6506666999999999,0.4722222222222221
ARG,2016,0.375,0.5,0.5,0.39285709999999996,0.5499999999999999,0.6486666999999999,0.4722222222222221
ARG,2017,0.375,0.5,0.625,0.46428569999999997,0.5499999999999999,0.6486666999999999,0.4722222222222221
ARG,2018,0.375,0.5,0.5625,0.5357143,0.5499999999999999,0.6506666999999999,0.4722222222222221
ARG,2019,0.375,0.5,0.5,0.4285714,0.475,0.6506666999999999,0.4976851851851852
ARG,2020,0.375,0.5,0.5,0.39285709999999996,0.475,0.6483333,0.5
ARG,2021,0.375,0.5,0.5,0.39285709999999996,0.5,0.6436666999999999,0.4837962962962963
ARG,2022,0.375,0.5,0.5,0.39285709999999996,0.5,0.645,0.4722222222222221
ARG,2023,0.375,0.5,0.4375,0.5,0.5,0.6373333,0.4722222222222221
ARG,2024,0.375,0.5,0.5,0.5357143,0.5,0.5503333,0.4722222222222221
ARM,1996,0.375,0.5,0.375,0.4583333,0.5,0.375,
ARM,1997,,,,,,,
ARM,1998,0.3333333,0.25,0.8232322999999999,0.36363639999999997,0.8333332999999999,0.6666667,
ARM,1999,,,,,,,0.3703703703703704
ARM,2000,0.3333333,0.25,0.7020202,0.2727273,0.5,0.6666667,0.3611111111111111
ARM,2001,,,,,,,0.3587962962962963
ARM,2002,0.25,0.25,0.6994948999999999,0.6607143,0.5357143,0.625,0.3333333333333333
ARM,2003,0.25,0.25,0.8055555999999999,0.6607143,0.5357143,0.5,0.3333333333333333
ARM,2004,0.25,0.25,0.7601009999999999,0.6607143,0.5357143,0.5,0.3333333333333333
ARM,2005,0.4337062,0.35543379999999997,0.6666667,0.4030605,0.4395749,0.3834184,0.3333333333333333
ARM,2006,0.25,0.25,0.375,0.5714286,0.39999999999999997,0.305,0.3333333333333333
ARM,2007,0.25,0.25,0.4375,0.5714286,0.39999999999999997,0.305,0.3333333333333333
ARM,2008,0.25,0.25,0.375,0.5714286,0.39999999999999997,0.316,0.3333333333333333
ARM,2009,0.25,0.25,0.3125,0.5714286,0.375,0.316,0.3333333333333333
ARM,2010,0.25,0.25,0.5,0.5714286,0.375,0.303,0.3333333333333333
ARM,2011,0.25,0.25,0.4375,0.5714286,0.375,0.303,0.3333333333333333
ARM,2012,0.25,0.25,0.4375,0.5714286,0.375,0.303,0.3333333333333333
ARM,2013,0.25,0.25,0.4375,0.46428569999999997,0.39999999999999997,0.3006667,0.3333333333333333
ARM,2014,0.25,0.25,0.4375,0.46428569999999997,0.475,0.3876667,0.3356481481481481
ARM,2015,0.25,0.25,0.5,0.5,0.475,0.3833333,0.3611111111111111
ARM,2016,0.25,0.25,0.5,0.46428569999999997,0.475,0.3793333,0.3611111111111111
ARM,2017,0.25,0.25,0.4375,0.5,0.475,0.38699999999999996,0.3611111111111111
ARM,2018,0.25,0.25,0.4375,0.5,0.475,0.4096667,0.3611111111111111
ARM,2019,0.25,0.25,0.4375,0.5,0.475,0.43466669999999996,0.3611111111111111
ARM,2020,0.375,0.25,0.4375,0.5,0.475,0.4283333,0.3842592592592592
ARM,2021,0.375,0.25,0.3125,0.5,0.475,0.433,0.3888888888888889
ARM,2022,0.375,0.25,0.375,0.5,0.475,0.43766669999999996,0.3888888888888889
ARM,2023,0.375,0.25,0.25,0.5357143,0.475,0.43066669999999996,0.3888888888888889
ARM,2024,0.375,0.25,0.25,0.5357143,0.475,0.4283333,0.3888888888888889
ASM,2004,0.6969696999999999,0.5555555999999999,0.8080807999999999,0.5959595999999999,0.7525253,0.6565656999999999,
ASM,2005,0.75,0.5,0.875,0.7083332999999999,0.875,0.75,
ASM,2006,0.625,0.5,0.875,0.7083332999999999,0.875,0.75,
ASM,2007,0.625,0.625,0.9375,0.7083332999999999,0.875,0.875,
ASM,2008,0.625,0.625,0.9375,0.7083332999999999,0.875,0.875,
ASM,2009,0.625,0.625,0.9375,0.7083332999999999,0.875,0.875,
ASM,2010,0.625,0.625,0.9375,0.7083332999999999,0.875,0.875,
ASM,2011,0.625,0.625,0.9375,0.7083332999999999,0.875,0.875,
ASM,2012,0.625,0.625,0.9375,0.7083332999999999,0.875,0.875,
ASM,2013,0.625,0.625,0.9375,0.7083332999999999,0.875,0.875,
ASM,2014,0.8333332999999999,0.75,1.0,0.6111111,0.9444444,,
ASM,2015,0.8333332999999999,0.75,1.0,0.6111111,0.9444444,,
ASM,2016,0.8333332999999999,0.75,1.0,0.6111111,0.9444444,,
ASM,2017,1.0,0.75,1.0,0.5555555999999999,0.9444444,,
ASM,2018,1.0,0.75,1.0,0.5555555999999999,0.9444444,,
ASM,2019,1.0,0.75,1.0,0.5555555999999999,0.9444444,,
ASM,2020,0.8333332999999999,0.75,1.0,0.6666667,0.8888889,,
ASM,2021,0.8333332999999999,0.75,1.0,0.6666667,0.8888889,,
ASM,2022,0.8333332999999999,0.75,1.0,0.6666667,0.8888889,,
ASM,2023,0.8333332999999999,0.75,1.0,0.6666667,0.8888889,,
ASM,2024,0.8333332999999999,0.75,1.0,0.6666667,0.8888889,,
ATG,1996,0.75,0.75,0.875,0.7083332999999999,0.8125,0.625,
ATG,1997,,,,,,,
ATG,1998,0.75,0.75,0.875,0.7083332999999999,0.8125,0.625,
ATG,1999,,,,,,,
ATG,2000,0.75,0.75,0.875,0.7083332999999999,0.8125,0.625,
ATG,2001,,,,,,,
ATG,2002,0.75,0.75,0.875,0.7083332999999999,0.8125,0.625,
ATG,2003,0.75,0.75,0.875,0.7083332999999999,0.8125,0.625,
ATG,2004,0.7272727,0.7272727,0.8131313,0.6734007,0.7575757999999999,0.6565656999999999,
ATG,2005,0.75,0.75,0.875,0.7083332999999999,0.75,0.6875,
ATG,2006,0.875,0.75,0.875,0.7083332999999999,0.8125,0.6875,
ATG,2007,0.875,0.75,0.875,0.7083332999999999,0.8125,0.6875,
ATG,2008,0.875,0.75,0.875,0.7083332999999999,0.8125,0.6875,
ATG,2009,0.875,0.75,0.875,0.7083332999999999,0.8125,0.75,
ATG,2010,0.875,0.75,0.9375,0.7083332999999999,0.8125,0.75,
ATG,2011,0.875,0.75,0.9375,0.7083332999999999,0.8125,0.75,
ATG,2012,0.875,0.75,0.9375,0.7083332999999999,0.8125,0.75,
ATG,2013,0.875,0.75,0.9375,0.7083332999999999,0.8125,0.75,
ATG,2014,0.6666667,0.5833332999999999,0.8888889,0.6666667,0.6111111,,
ATG,2015,0.6666667,0.6666667,0.8888889,0.6666667,0.7222221999999999,,
ATG,2016,0.6666667,0.6666667,0.8888889,0.6666667,0.7222221999999999,,
ATG,2017,0.5,0.5,0.8333332999999999,0.7222221999999999,0.6666667,,
ATG,2018,0.5,0.5,0.8333332999999999,0.7222221999999999,0.6666667,,
ATG,2019,0.5,0.5,0.8888889,0.7222221999999999,0.6666667,,
ATG,2020,0.5,0.4166667,0.8888889,0.7222221999999999,0.6666667,,
ATG,2021,0.5,0.4166667,0.8888889,0.6666667,0.6666667,,
ATG,2022,0.5,0.4166667,0.8888889,0.6666667,0.6666667,,
ATG,2023,0.5,0.5833332999999999,0.8888889,0.7222221999999999,0.6666667,,
ATG,2024,0.5,0.5833332999999999,0.8888889,0.7222221999999999,0.6666667,,
AUS,1996,0.875,0.75,1.0,0.7142856999999999,0.8999999999999999,0.75,0.9444444444444444
AUS,1997,,,,,,,0.9444444444444444
AUS,1998,0.875,0.75,1.0,0.75,0.8999999999999999,0.75,0.9444444444444444
AUS,1999,,,,,,,0.9444444444444444
AUS,2000,0.875,0.75,0.9375,0.7857143,0.8999999999999999,0.75,0.9444444444444444
AUS,2001,,,,,,,0.9398148148148148
AUS,2002,0.875,0.75,0.9375,0.7857143,0.8999999999999999,0.75,0.9166666666666666
AUS,2003,0.875,0.75,0.9375,0.7857143,0.8999999999999999,0.75,0.9166666666666666
AUS,2004,0.625,0.75,1.0,0.8928571,0.875,0.75,0.9212962962962964
AUS,2005,0.625,0.75,1.0,0.8571428999999999,0.8999999999999999,0.875,0.9375
AUS,2006,0.625,0.75,0.9375,0.8214286,0.8999999999999999,0.8863333,0.8958333333333334
AUS,2007,0.75,0.75,0.9375,0.8214286,0.8999999999999999,0.8863333,0.8888888888888888
AUS,2008,0.875,0.75,0.9375,0.8214286,0.8999999999999999,0.8863333,0.8888888888888888
AUS,2009,0.875,0.75,0.875,0.8214286,0.8999999999999999,0.8863333,0.8888888888888888
AUS,2010,0.875,0.75,0.875,0.7857143,0.8999999999999999,0.8906666999999999,0.9097222222222222
AUS,2011,0.875,0.75,0.875,0.8214286,0.8999999999999999,0.8906666999999999,0.9166666666666666
AUS,2012,0.875,0.75,0.875,0.8571428999999999,0.8999999999999999,0.8906666999999999,0.8981481481481483
AUS,2013,0.75,0.75,0.875,0.9285713999999999,0.9249999999999999,0.8876666999999999,0.8888888888888888
AUS,2014,0.875,1.0,0.875,0.9285713999999999,0.9249999999999999,0.8836666999999999,0.8888888888888888
AUS,2015,0.875,1.0,0.875,0.9285713999999999,0.9249999999999999,0.8836666999999999,0.8888888888888888
AUS,2016,0.875,1.0,0.875,0.9642856999999999,0.9249999999999999,0.8836666999999999,0.8888888888888888
AUS,2017,0.875,1.0,0.875,0.9285713999999999,0.9249999999999999,0.8863333,0.8888888888888888
AUS,2018,0.875,1.0,0.875,0.9285713999999999,0.9249999999999999,0.8863333,0.8888888888888888
AUS,2019,0.875,1.0,0.875,0.9285713999999999,0.9249999999999999,0.8863333,0.8888888888888888
AUS,2020,0.875,1.0,0.875,0.9285713999999999,0.9249999999999999,0.882,0.8888888888888888
AUS,2021,0.875,1.0,0.875,0.9285713999999999,0.9249999999999999,0.88,0.8888888888888888
AUS,2022,0.875,1.0,0.875,0.9642856999999999,0.8999999999999999,0.8736666999999999,0.8888888888888888
AUS,2023,1.0,1.0,0.9375,0.9642856999999999,0.9249999999999999,0.9553332999999999,0.8888888888888888
AUS,2024,1.0,1.0,0.9375,0.9285713999999999,0.9249999999999999,0.9616667,0.8888888888888888
AUT,1996,0.875,1.0,1.0,0.8214286,0.9249999999999999,0.875,0.9444444444444444
AUT,1997,,,,,,,0.9085648148148148
AUT,1998,0.875,1.0,1.0,0.8214286,0.9249999999999999,0.875,0.8888888888888888
AUT,1999,,,,,,,0.8888888888888888
AUT,2000,0.875,1.0,1.0,0.8214286,0.9249999999999999,0.875,0.8888888888888888
AUT,2001,,,,,,,0.9166666666666666
AUT,2002,0.875,1.0,1.0,0.8571428999999999,0.9249999999999999,0.875,0.9444444444444444
AUT,2003,0.875,1.0,1.0,0.8571428999999999,0.9249999999999999,0.875,0.9444444444444444
AUT,2004,0.875,1.0,0.9375,0.8214286,0.9249999999999999,0.875,0.9444444444444444
AUT,2005,0.875,1.0,0.9375,0.8571428999999999,0.8999999999999999,0.75,0.9444444444444444
AUT,2006,0.875,0.75,1.0,0.8214286,0.95,0.9563332999999999,0.9444444444444444
AUT,2007,0.875,0.75,0.9375,0.8214286,0.95,0.9563332999999999,0.9444444444444444
AUT,2008,0.875,0.75,0.9375,0.8214286,0.95,0.9496667,0.9444444444444444
AUT,2009,0.875,0.75,0.875,0.8214286,0.9249999999999999,0.9496667,0.9444444444444444
AUT,2010,0.75,1.0,0.875,0.8214286,0.9249999999999999,0.9496667,0.9444444444444444
AUT,2011,0.75,0.75,0.875,0.8214286,0.9249999999999999,0.8663333,0.9398148148148148
AUT,2012,0.75,0.75,1.0,0.8214286,0.95,0.8706667,0.9166666666666666
AUT,2013,0.75,0.75,1.0,0.8214286,0.95,0.866,0.9166666666666666
AUT,2014,0.75,0.75,1.0,0.8214286,0.95,0.868,0.9166666666666666
AUT,2015,0.75,0.75,1.0,0.8214286,0.95,0.868,0.9166666666666666
AUT,2016,0.75,0.75,1.0,0.8571428999999999,0.95,0.8636667,0.9166666666666666
AUT,2017,0.75,0.75,1.0,0.8571428999999999,0.95,0.864,0.9166666666666666
AUT,2018,0.75,0.75,0.875,0.8214286,0.95,0.8596667,0.9166666666666666
AUT,2019,0.75,0.75,0.875,0.8214286,0.95,0.8596667,0.9166666666666666
AUT,2020,0.75,0.75,0.875,0.7857143,0.95,0.8553333,0.9166666666666666
AUT,2021,0.625,0.75,0.875,0.7857143,0.95,0.8523333,0.9166666666666666
AUT,2022,0.625,0.75,0.875,0.7857143,0.95,0.8566667,0.9166666666666666
AUT,2023,0.625,0.75,0.875,0.7857143,0.95,0.8593333,0.9004629629629629
AUT,2024,0.625,0.75,0.875,0.7857143,0.95,0.8593333,0.8888888888888888
AZE,1996,0.0,0.0,0.25,0.3214286,0.19999999999999998,0.125,
AZE,1997,,,,,,,
AZE,1998,0.0,0.0,0.125,0.3214286,0.19999999999999998,0.125,
AZE,1999,,,,,,,0.4212962962962963
AZE,2000,0.0,0.0,0.25,0.3214286,0.19999999999999998,0.125,0.4166666666666667
AZE,2001,,,,,,,0.4166666666666667
AZE,2002,0.0,0.0,0.125,0.2857143,0.3,0.125,0.4166666666666667
AZE,2003,0.0,0.0,0.125,0.2857143,0.3,0.125,0.4166666666666667
AZE,2004,0.0,0.0,0.125,0.2857143,0.3,0.125,0.4166666666666667
AZE,2005,0.0,0.0,0.125,0.2857143,0.3,0.125,0.3773148148148148
AZE,2006,0.0,0.0,0.25,0.3214286,0.25,0.1936667,0.3611111111111111
AZE,2007,0.0,0.0,0.375,0.3214286,0.25,0.1936667,0.3611111111111111
AZE,2008,0.0,0.0,0.375,0.3214286,0.25,0.1896667,0.3611111111111111
AZE,2009,0.0,0.0,0.3125,0.3214286,0.25,0.1896667,0.3611111111111111
AZE,2010,0.0,0.0,0.375,0.3214286,0.25,0.18833329999999998,0.3611111111111111
AZE,2011,0.0,0.0,0.3125,0.3214286,0.25,0.18833329999999998,0.3611111111111111
AZE,2012,0.0,0.0,0.3125,0.3214286,0.25,0.18833329999999998,0.3611111111111111
AZE,2013,0.0,0.0,0.375,0.39285709999999996,0.3,0.18533329999999998,0.3611111111111111
AZE,2014,0.0,0.0,0.375,0.39285709999999996,0.325,0.17766669999999998,0.3611111111111111
AZE,2015,0.0,0.0,0.375,0.39285709999999996,0.325,0.17366669999999998,0.3611111111111111
AZE,2016,0.125,0.25,0.375,0.4285714,0.325,0.1716667,0.3611111111111111
AZE,2017,0.125,0.25,0.375,0.39285709999999996,0.325,0.1716667,0.3611111111111111
AZE,2018,0.125,0.25,0.375,0.39285709999999996,0.325,0.1716667,0.3611111111111111
AZE,2019,0.125,0.25,0.375,0.39285709999999996,0.325,0.175,0.3611111111111111
AZE,2020,0.125,0.25,0.3125,0.39285709999999996,0.325,0.17266669999999998,0.3611111111111111
AZE,2021,0.125,0.25,0.3125,0.39285709999999996,0.325,0.17266669999999998,0.3611111111111111
AZE,2022,0.125,0.25,0.25,0.39285709999999996,0.35,0.179,0.3611111111111111
AZE,2023,0.0,0.25,0.375,0.39285709999999996,0.35,0.17666669999999998,0.3611111111111111
AZE,2024,0.0,0.25,0.375,0.39285709999999996,0.35,0.17666669999999998,0.3611111111111111
BDI,1996,0.125,0.125,0.125,0.125,0.1875,0.125,
BDI,1997,,,,,,,
BDI,1998,0.125,0.125,0.125,0.125,0.1875,0.125,
BDI,1999,,,,,,,
BDI,2000,0.125,0.125,0.125,0.25,0.1875,0.125,
BDI,2001,,,,,,,
BDI,2002,0.25,0.125,0.1875,0.25,0.1875,0.25,
BDI,2003,0.25,0.125,0.1875,0.25,0.1875,0.3125,
BDI,2004,0.2727273,0.1717172,0.21212119999999998,0.2929293,0.24242419999999998,0.2878788,
BDI,2005,0.25,0.25,0.3125,0.25,0.25,0.375,
BDI,2006,0.125,0.0,0.5,0.3571429,0.39999999999999997,0.317,
BDI,2007,0.125,0.0,0.5625,0.3571429,0.375,0.23366669999999998,
BDI,2008,0.125,0.0,0.5,0.3571429,0.375,0.23366669999999998,
BDI,2009,0.125,0.0,0.4375,0.3571429,0.27499999999999997,0.23366669999999998,
BDI,2010,0.125,0.0,0.375,0.3571429,0.27499999999999997,0.217,
BDI,2011,0.125,0.0,0.375,0.3571429,0.27499999999999997,0.217,
BDI,2012,0.0,0.0,0.3125,0.2857143,0.27499999999999997,0.2033333,
BDI,2013,0.0,0.25,0.3125,0.2857143,0.27499999999999997,0.19699999999999998,
BDI,2014,0.0,0.25,0.3125,0.2857143,0.27499999999999997,0.1943333,
BDI,2015,0.0,0.25,0.1875,0.2857143,0.25,0.1663333,
BDI,2016,0.0,0.25,0.125,0.2857143,0.19999999999999998,0.1633333,
BDI,2017,0.0,0.25,0.1875,0.2857143,0.19999999999999998,0.161,
BDI,2018,0.0,0.25,0.25,0.2857143,0.175,0.161,
BDI,2019,0.0,0.25,0.25,0.2857143,0.175,0.155,
BDI,2020,0.0,0.25,0.3125,0.25,0.175,0.1546667,
BDI,2021,0.0,0.25,0.25,0.25,0.175,0.1543333,
BDI,2022,0.0,0.25,0.25,0.25,0.175,0.1543333,
BDI,2023,0.0,0.25,0.25,0.2142857,0.175,0.1543333,
BDI,2024,0.0,0.25,0.25,0.2142857,0.15,0.1543333,
BEL,1996,0.75,1.0,1.0,0.8214286,0.85,0.875,0.9166666666666666
BEL,1997,,,,,,,0.7962962962962963
BEL,1998,0.75,1.0,1.0,0.8214286,0.85,0.875,0.7777777777777778
BEL,1999,,,,,,,0.7777777777777778
BEL,2000,0.75,1.0,1.0,0.8214286,0.85,0.875,0.7916666666666666
BEL,2001,,,,,,,0.8333333333333334
BEL,2002,0.75,1.0,1.0,0.8214286,0.85,0.875,0.8333333333333334
BEL,2003,0.75,1.0,1.0,0.8214286,0.85,0.875,0.8333333333333334
BEL,2004,0.75,1.0,0.875,0.7857143,0.7999999999999999,0.875,0.8333333333333334
BEL,2005,0.75,1.0,0.9375,0.7857143,0.7999999999999999,0.875,0.8333333333333334
BEL,2006,0.75,0.75,0.875,0.7857143,0.7999999999999999,0.855,0.8171296296296297
BEL,2007,0.75,0.75,0.84375,0.7857143,0.7999999999999999,0.855,0.8055555555555557
BEL,2008,0.75,0.75,0.8125,0.75,0.7999999999999999,0.8553333,0.8055555555555557
BEL,2009,0.75,1.0,0.8125,0.7857143,0.85,0.8553333,0.888888888888889
BEL,2010,0.75,1.0,0.75,0.7857143,0.85,0.8516667,0.888888888888889
BEL,2011,0.75,1.0,0.75,0.7857143,0.85,0.8516667,0.888888888888889
BEL,2012,0.75,1.0,0.75,0.7857143,0.85,0.8516667,0.888888888888889
BEL,2013,0.75,1.0,0.75,0.7857143,0.85,0.8516667,0.888888888888889
BEL,2014,0.75,0.5,0.75,0.7857143,0.85,0.8476667,0.8865740740740741
BEL,2015,0.75,0.5,0.75,0.8571428999999999,0.85,0.8476667,0.8611111111111112
BEL,2016,0.75,0.5,0.75,0.8571428999999999,0.85,0.8423333,0.8611111111111112
BEL,2017,0.75,0.5,0.75,0.8571428999999999,0.85,0.8426667,0.8611111111111112
BEL,2018,0.75,0.5,0.75,0.8214286,0.85,0.8426667,0.8611111111111112
BEL,2019,0.75,0.5,0.75,0.8214286,0.85,0.838,0.8611111111111112
BEL,2020,0.75,0.5,0.75,0.8214286,0.85,0.8336667,0.8611111111111112
BEL,2021,0.75,0.5,0.75,0.8214286,0.85,0.8336667,0.8611111111111112
BEL,2022,0.75,0.5,0.75,0.8214286,0.85,0.838,0.8611111111111112
BEL,2023,0.75,0.5,0.75,0.8214286,0.85,0.838,0.8449074074074074
BEL,2024,0.75,0.5,0.8125,0.8214286,0.85,0.838,0.8333333333333334
BEN,1996,0.25,0.375,0.875,0.5,0.5625,0.4375,
BEN,1997,,,,,,,
BEN,1998,0.25,0.375,0.875,0.5,0.5625,0.4375,
BEN,1999,,,,,,,
BEN,2000,0.25,0.375,0.875,0.5,0.5625,0.4375,
BEN,2001,,,,,,,
BEN,2002,0.25,0.375,0.875,0.375,0.5,0.25,
BEN,2003,0.25,0.375,0.875,0.375,0.4375,0.375,
BEN,2004,0.2626263,0.40404039999999997,0.7070706999999999,0.36026939999999996,0.4343434,0.37878789999999996,
BEN,2005,0.248435,0.23560999999999999,0.7028985999999999,0.4098097,0.3471525,0.5005869,
BEN,2006,0.25,0.25,0.75,0.3214286,0.425,0.5386666999999999,
BEN,2007,0.25,0.25,0.75,0.3214286,0.425,0.5386666999999999,
BEN,2008,0.25,0.25,0.6875,0.3214286,0.375,0.36866669999999996,
BEN,2009,0.125,0.25,0.6875,0.3571429,0.3,0.45199999999999996,
BEN,2010,0.125,0.25,0.625,0.3571429,0.27499999999999997,0.4556667,
BEN,2011,0.125,0.25,0.625,0.3571429,0.27499999999999997,0.45199999999999996,
BEN,2012,0.125,0.25,0.625,0.3571429,0.27499999999999997,0.44999999999999996,
BEN,2013,0.125,0.25,0.625,0.3571429,0.27499999999999997,0.44566669999999997,
BEN,2014,0.125,0.25,0.625,0.3571429,0.27499999999999997,0.4383333,
BEN,2015,0.25,0.25,0.625,0.3214286,0.3,0.44066669999999997,
BEN,2016,0.25,0.25,0.625,0.3214286,0.3,0.439,
BEN,2017,0.25,0.25,0.625,0.2857143,0.3,0.437,
BEN,2018,0.25,0.25,0.625,0.2857143,0.3,0.4413333,
BEN,2019,0.25,0.25,0.5625,0.25,0.27499999999999997,0.4196667,
BEN,2020,0.375,0.25,0.5625,0.25,0.27499999999999997,0.4026667,
BEN,2021,0.375,0.25,0.5625,0.2857143,0.27499999999999997,0.3896667,
BEN,2022,0.375,0.25,0.5625,0.2857143,0.27499999999999997,0.3926667,
BEN,2023,0.375,0.25,0.5625,0.2857143,0.27499999999999997,0.40599999999999997,
BEN,2024,0.25,0.25,0.5,0.2857143,0.27499999999999997,0.39799999999999996,
BFA,1996,0.5,0.25,0.5555555999999999,0.5454545,0.6666667,0.4166667,0.4722222222222221
BFA,1997,,,,,,,0.4444444444444444
BFA,1998,0.3333333,0.25,0.7373737,0.7272727,0.6666667,0.5,0.4166666666666667
BFA,1999,,,,,,,0.4166666666666667
BFA,2000,0.3333333,0.25,0.7373737,0.6363635999999999,0.6666667,0.5833332999999999,0.4166666666666667
BFA,2001,,,,,,,0.4166666666666667
BFA,2002,0.3333333,0.25,0.7373737,0.7232143,0.6488094999999999,0.625,0.3935185185185185
BFA,2003,0.3333333,0.25,0.7070706999999999,0.7232143,0.6488094999999999,0.5416667,0.3888888888888889
BFA,2004,0.3333333,0.25,0.6919192,0.7232143,0.6488094999999999,0.5416667,0.3888888888888889
BFA,2005,0.3333333,0.25,0.7373737,0.7232143,0.6488094999999999,0.5,0.3888888888888889
BFA,2006,0.25,0.25,0.6875,0.46428569999999997,0.5,0.4573333,0.3888888888888889
BFA,2007,0.25,0.375,0.65625,0.46428569999999997,0.4875,0.4156667,0.3888888888888889
BFA,2008,0.25,0.5,0.5,0.5,0.475,0.37,0.3888888888888889
BFA,2009,0.25,0.5,0.5,0.5,0.525,0.4533333,0.3888888888888889
BFA,2010,0.25,0.5,0.5625,0.5,0.525,0.45299999999999996,0.3888888888888889
BFA,2011,0.25,0.5,0.3125,0.5,0.39999999999999997,0.36966669999999996,0.3703703703703704
BFA,2012,0.125,0.25,0.375,0.5,0.39999999999999997,0.3673333,0.3611111111111111
BFA,2013,0.125,0.25,0.375,0.5,0.39999999999999997,0.3883333,0.3611111111111111
BFA,2014,0.125,0.25,0.375,0.46428569999999997,0.39999999999999997,0.3863333,0.3634259259259259
BFA,2015,0.25,0.25,0.3125,0.4285714,0.375,0.4066667,0.3888888888888889
BFA,2016,0.375,0.25,0.3125,0.4285714,0.375,0.4066667,0.3981481481481481
BFA,2017,0.375,0.25,0.375,0.4285714,0.375,0.40833329999999995,0.4166666666666667
BFA,2018,0.375,0.25,0.3125,0.39285709999999996,0.375,0.40833329999999995,0.4166666666666667
BFA,2019,0.375,0.25,0.25,0.3214286,0.35,0.30133329999999997,0.4166666666666667
BFA,2020,0.375,0.25,0.1875,0.3214286,0.325,0.20766669999999998,0.4166666666666667
BFA,2021,0.375,0.0,0.1875,0.3571429,0.35,0.2946667,0.4166666666666667
BFA,2022,0.375,0.0,0.125,0.3571429,0.27499999999999997,0.186,0.4560185185185185
BFA,2023,0.375,0.0,0.125,0.3571429,0.25,0.1743333,0.474537037037037
BFA,2024,0.375,0.0,0.125,0.3571429,0.19999999999999998,0.08499999999999999,0.4166666666666667
BGD,1996,0.25,0.25,0.3125,0.1785714,0.27499999999999997,0.25,0.3611111111111111
BGD,1997,,,,,,,0.3958333333333333
BGD,1998,0.25,0.25,0.3125,0.1785714,0.27499999999999997,0.25,0.4583333333333333
BGD,1999,,,,,,,0.4444444444444444
BGD,2000,0.25,0.25,0.375,0.1785714,0.27499999999999997,0.25,0.3935185185185185
BGD,2001,,,,,,,0.3796296296296296
BGD,2002,0.125,0.25,0.25,0.1428571,0.19999999999999998,0.125,0.3055555555555555
BGD,2003,0.125,0.25,0.3125,0.1428571,0.19999999999999998,0.125,0.287037037037037
BGD,2004,0.0,0.25,0.375,0.1428571,0.25,0.125,0.2824074074074074
BGD,2005,0.0,0.25,0.3125,0.1428571,0.25,0.125,0.3611111111111111
BGD,2006,0.0,0.25,0.3125,0.25,0.3,0.287,0.3888888888888889
BGD,2007,0.0,0.25,0.46875,0.25,0.3125,0.287,0.4259259259259259
BGD,2008,0.0,0.25,0.375,0.25,0.325,0.2673333,0.4444444444444445
BGD,2009,0.0,0.25,0.3125,0.25,0.325,0.2673333,0.4606481481481481
BGD,2010,0.0,0.25,0.375,0.25,0.325,0.27899999999999997,0.4629629629629629
BGD,2011,0.0,0.25,0.25,0.25,0.325,0.2786667,0.4444444444444444
BGD,2012,0.0,0.25,0.25,0.25,0.325,0.2786667,0.4444444444444444
BGD,2013,0.0,0.25,0.25,0.25,0.375,0.2786667,0.4444444444444444
BGD,2014,0.0,0.25,0.3125,0.25,0.375,0.27599999999999997,0.4444444444444444
BGD,2015,0.0,0.25,0.3125,0.25,0.375,0.2743333,0.4444444444444444
BGD,2016,0.0,0.25,0.3125,0.2142857,0.375,0.2743333,0.4444444444444444
BGD,2017,0.0,0.25,0.375,0.2142857,0.35,0.2643333,0.4305555555555556
BGD,2018,0.0,0.25,0.375,0.25,0.375,0.26899999999999996,0.4166666666666667
BGD,2019,0.0,0.25,0.4375,0.25,0.375,0.2793333,0.4166666666666667
BGD,2020,0.0,0.25,0.4375,0.25,0.375,0.283,0.4166666666666667
BGD,2021,0.0,0.25,0.4375,0.2857143,0.35,0.283,0.4305555555555555
BGD,2022,0.0,0.25,0.4375,0.2857143,0.35,0.283,0.4583333333333333
BGD,2023,0.0,0.25,0.4375,0.25,0.35,0.27899999999999997,0.4583333333333333
BGD,2024,0.0,0.0,0.25,0.25,0.27499999999999997,0.2313333,0.4583333333333333
BGR,1996,0.125,0.0,0.1875,0.46428569999999997,0.35,0.375,0.6898148148148149
BGR,1997,,,,,,,0.611111111111111
BGR,1998,0.25,0.25,0.75,0.5357143,0.425,0.5,0.611111111111111
BGR,1999,,,,,,,0.611111111111111
BGR,2000,0.375,0.25,0.8125,0.5357143,0.5499999999999999,0.5,0.5694444444444444
BGR,2001,,,,,,,0.5
BGR,2002,0.375,0.25,0.75,0.6071428999999999,0.6,0.625,0.5
BGR,2003,0.375,0.25,0.75,0.6071428999999999,0.575,0.625,0.5
BGR,2004,0.375,0.25,0.75,0.6071428999999999,0.575,0.625,0.5
BGR,2005,0.375,0.25,0.75,0.6071428999999999,0.575,0.625,0.5
BGR,2006,0.375,0.25,0.8125,0.6071428999999999,0.575,0.6533333,0.4791666666666667
BGR,2007,0.375,0.25,0.8125,0.6071428999999999,0.575,0.6533333,0.4166666666666667
BGR,2008,0.375,0.25,0.8125,0.6071428999999999,0.5499999999999999,0.6506666999999999,0.4166666666666667
BGR,2009,0.25,0.25,0.75,0.6071428999999999,0.5499999999999999,0.6506666999999999,0.4166666666666667
BGR,2010,0.25,0.25,0.75,0.6071428999999999,0.5499999999999999,0.6446666999999999,0.4166666666666667
BGR,2011,0.25,0.25,0.75,0.6071428999999999,0.5499999999999999,0.6426666999999999,0.4166666666666667
BGR,2012,0.25,0.25,0.75,0.6071428999999999,0.5499999999999999,0.6406666999999999,0.4166666666666667
BGR,2013,0.25,0.25,0.6875,0.6071428999999999,0.5499999999999999,0.6443333,0.4166666666666667
BGR,2014,0.25,0.25,0.6875,0.6071428999999999,0.5499999999999999,0.641,0.4189814814814814
BGR,2015,0.25,0.25,0.75,0.6428571,0.5499999999999999,0.6546666999999999,0.4537037037037037
BGR,2016,0.25,0.25,0.75,0.7142856999999999,0.5499999999999999,0.6503333,0.4861111111111111
BGR,2017,0.25,0.25,0.75,0.7142856999999999,0.5499999999999999,0.651,0.5
BGR,2018,0.25,0.25,0.8125,0.6785713999999999,0.5,0.5676667,0.5
BGR,2019,0.25,0.25,0.75,0.6785713999999999,0.5,0.5676667,0.5
BGR,2020,0.25,0.25,0.6875,0.6428571,0.5,0.5569999999999999,0.5
BGR,2021,0.25,0.25,0.6875,0.6428571,0.5,0.5546667,0.4861111111111111
BGR,2022,0.25,0.25,0.75,0.6071428999999999,0.5,0.5509999999999999,0.5
BGR,2023,0.25,0.25,0.75,0.6071428999999999,0.475,0.5469999999999999,0.5
BGR,2024,0.25,0.25,0.75,0.6428571,0.475,0.5446667,0.5
BHR,1996,0.125,0.5,0.1875,0.5,0.35,0.375,0.6296296296296297
BHR,1997,,,,,,,0.6111111111111112
BHR,1998,0.125,0.5,0.3125,0.5,0.44999999999999996,0.375,0.6111111111111112
BHR,1999,,,,,,,0.6111111111111112
BHR,2000,0.125,0.5,0.5,0.5,0.44999999999999996,0.375,0.6111111111111112
BHR,2001,,,,,,,0.5902777777777778
BHR,2002,0.375,0.5,0.5,0.5,0.625,0.375,0.5555555555555556
BHR,2003,0.375,0.5,0.375,0.5714286,0.625,0.375,0.5555555555555556
BHR,2004,0.375,0.5,0.3125,0.5714286,0.65,0.5,0.5555555555555556
BHR,2005,0.375,0.5,0.3125,0.5714286,0.625,0.375,0.5555555555555556
BHR,2006,0.375,0.5,0.4375,0.5714286,0.625,0.36766669999999996,0.5555555555555556
BHR,2007,0.375,0.5,0.4375,0.5714286,0.625,0.36766669999999996,0.5555555555555556
BHR,2008,0.375,0.5,0.4375,0.5357143,0.6,0.3626667,0.5555555555555556
BHR,2009,0.375,0.5,0.4375,0.5357143,0.6,0.3626667,0.5555555555555556
BHR,2010,0.375,0.5,0.4375,0.5357143,0.6,0.3663333,0.5787037037037037
BHR,2011,0.375,0.5,0.3125,0.5357143,0.525,0.18066669999999999,0.5833333333333334
BHR,2012,0.375,0.5,0.3125,0.5357143,0.525,0.1676667,0.5856481481481481
BHR,2013,0.375,0.5,0.3125,0.5,0.525,0.179,0.5833333333333334
BHR,2014,0.375,0.5,0.3125,0.5,0.5499999999999999,0.2623333,0.5833333333333334
BHR,2015,0.375,0.5,0.25,0.5357143,0.5499999999999999,0.2596667,0.5601851851851852
BHR,2016,0.375,0.5,0.25,0.5357143,0.525,0.1763333,0.5555555555555556
BHR,2017,0.375,0.5,0.25,0.5357143,0.525,0.17366669999999998,0.5555555555555556
BHR,2018,0.375,0.5,0.25,0.5357143,0.525,0.17366669999999998,0.5555555555555556
BHR,2019,0.375,0.5,0.25,0.5357143,0.525,0.1683333,0.5555555555555556
BHR,2020,0.375,0.5,0.25,0.5714286,0.525,0.1663333,0.59375
BHR,2021,0.375,0.5,0.25,0.6071428999999999,0.525,0.1673333,0.6203703703703703
BHR,2022,0.375,0.5,0.25,0.6071428999999999,0.525,0.1673333,0.625
BHR,2023,0.375,0.5,0.3125,0.6428571,0.525,0.1673333,0.625
BHR,2024,0.375,0.5,0.4375,0.6785713999999999,0.525,0.16499999999999998,0.625
BHS,1996,0.6666667,0.75,0.8535353999999999,0.5454545,0.6666667,0.8333332999999999,0.6944444444444443
BHS,1997,,,,,,,0.6944444444444443
BHS,1998,0.6666667,0.75,0.8535353999999999,0.8181818,0.6666667,0.8333332999999999,0.6944444444444443
BHS,1999,,,,,,,0.6944444444444443
BHS,2000,0.6666667,0.75,0.8838383999999999,0.8181818,0.6666667,0.8333332999999999,0.6944444444444443
BHS,2001,,,,,,,0.6944444444444443
BHS,2002,0.6666667,0.75,0.8838383999999999,0.9285713999999999,0.8333332999999999,0.8333332999999999,0.6944444444444443
BHS,2003,0.6666667,0.75,0.8686868999999999,0.9285713999999999,0.8333332999999999,0.8333332999999999,0.6944444444444443
BHS,2004,0.6666667,0.75,0.8838383999999999,0.9285713999999999,0.875,0.9166667,0.7106481481481483
BHS,2005,0.6666667,0.75,0.8282828,0.9285713999999999,0.875,0.9166667,0.7222222222222222
BHS,2006,0.6666667,0.75,0.8282828,0.9285713999999999,0.875,0.9166667,0.7222222222222222
BHS,2007,0.6666667,0.75,0.7676767999999999,0.9285713999999999,0.875,0.9583332999999999,0.7222222222222222
BHS,2008,0.6666667,0.75,0.7676767999999999,0.9285713999999999,0.875,0.9583332999999999,0.7222222222222222
BHS,2009,0.75,0.5,0.875,0.5357143,0.6,0.625,0.7222222222222222
BHS,2010,0.75,0.5,0.8125,0.5357143,0.575,0.625,0.7222222222222222
BHS,2011,0.75,0.5,0.8125,0.5357143,0.575,0.625,0.7222222222222222
BHS,2012,0.75,0.5,0.8125,0.5357143,0.5499999999999999,0.625,0.7222222222222222
BHS,2013,0.75,0.5,0.8125,0.46428569999999997,0.5499999999999999,0.625,0.7222222222222222
BHS,2014,0.75,0.5,0.8125,0.46428569999999997,0.5499999999999999,0.625,0.7245370370370371
BHS,2015,0.75,0.5,0.8125,0.46428569999999997,0.5499999999999999,0.625,0.75
BHS,2016,0.75,0.5,0.8125,0.46428569999999997,0.525,0.5,0.7268518518518517
BHS,2017,0.75,0.5,0.8125,0.4285714,0.525,0.5,0.7222222222222222
BHS,2018,0.75,0.5,0.8125,0.4285714,0.5,0.5,0.7222222222222222
BHS,2019,0.875,0.5,0.8125,0.3571429,0.525,0.625,0.7222222222222222
BHS,2020,0.875,0.5,0.8125,0.3571429,0.525,0.625,0.7222222222222222
BHS,2021,0.875,0.5,0.8125,0.3571429,0.525,0.625,0.7222222222222222
BHS,2022,0.875,0.5,0.8125,0.3571429,0.525,0.625,0.7222222222222222
BHS,2023,0.875,0.5,0.8125,0.3571429,0.525,0.625,0.7222222222222222
BHS,2024,0.875,0.5,0.8125,0.3571429,0.525,0.625,0.7222222222222222
BIH,1996,0.25,0.0,0.5,0.4285714,0.5,0.625,
BIH,1997,,,,,,,
BIH,1998,0.25,0.0,0.5,0.4285714,0.5,0.625,
BIH,1999,,,,,,,
BIH,2000,0.25,0.0,0.5,0.4285714,0.5,0.625,
BIH,2001,,,,,,,
BIH,2002,0.25,0.0,0.5,0.4285714,0.5,0.625,
BIH,2003,0.25,0.0,0.5,0.4285714,0.5,0.625,
BIH,2004,0.25,0.0,0.5,0.4285714,0.5,0.625,
BIH,2005,0.25,0.0,0.5,0.4285714,0.5,0.625,
BIH,2006,0.25,0.0,0.5625,0.4285714,0.5,0.6093333,
BIH,2007,0.25,0.0,0.5,0.39285709999999996,0.475,0.5676667,
BIH,2008,0.25,0.0,0.5,0.3571429,0.44999999999999996,0.5233333,
BIH,2009,0.25,0.0,0.375,0.3571429,0.44999999999999996,0.5233333,
BIH,2010,0.25,0.0,0.375,0.3571429,0.425,0.42733329999999997,
BIH,2011,0.25,0.0,0.3125,0.3571429,0.39999999999999997,0.3413333,
BIH,2012,0.25,0.0,0.3125,0.3571429,0.39999999999999997,0.33699999999999997,
BIH,2013,0.25,0.0,0.3125,0.3571429,0.39999999999999997,0.33399999999999996,
BIH,2014,0.25,0.0,0.3125,0.3571429,0.39999999999999997,0.326,
BIH,2015,0.25,0.0,0.3125,0.3571429,0.39999999999999997,0.3276667,
BIH,2016,0.25,0.0,0.3125,0.3571429,0.39999999999999997,0.32899999999999996,
BIH,2017,0.25,0.0,0.3125,0.46428569999999997,0.39999999999999997,0.32899999999999996,
BIH,2018,0.25,0.0,0.3125,0.46428569999999997,0.39999999999999997,0.3326667,
BIH,2019,0.25,0.0,0.3125,0.46428569999999997,0.39999999999999997,0.3286667,
BIH,2020,0.25,0.0,0.3125,0.46428569999999997,0.39999999999999997,0.32799999999999996,
BIH,2021,0.25,0.0,0.3125,0.46428569999999997,0.39999999999999997,0.3346667,
BIH,2022,0.25,0.0,0.3125,0.46428569999999997,0.39999999999999997,0.3333333,
BIH,2023,0.25,0.0,0.375,0.46428569999999997,0.39999999999999997,0.3333333,
BIH,2024,0.25,0.0,0.375,0.46428569999999997,0.39999999999999997,0.3353333,
BLR,1996,0.25,0.375,0.6875,0.3333333,0.5625,0.4375,
BLR,1997,,,,,,,
BLR,1998,0.6666667,0.25,0.8232322999999999,0.36363639999999997,0.6666667,0.6666667,0.5277777777777778
BLR,1999,,,,,,,0.5277777777777778
BLR,2000,0.5,0.25,0.7323232,0.2727273,0.6666667,0.5,0.4907407407407407
BLR,2001,,,,,,,0.4629629629629629
BLR,2002,0.3333333,0.25,0.7777778,0.39285709999999996,0.547619,0.5,0.4166666666666667
BLR,2003,0.3333333,0.25,0.8232322999999999,0.39285709999999996,0.547619,0.5833332999999999,0.4166666666666667
BLR,2004,0.3333333,0.25,0.8232322999999999,0.39285709999999996,0.547619,0.5,0.4166666666666667
BLR,2005,0.3333333,0.25,0.7777778,0.39285709999999996,0.547619,0.3333333,0.4166666666666667
BLR,2006,0.125,0.25,0.5625,0.1428571,0.175,0.1113333,0.4166666666666667
BLR,2007,0.125,0.25,0.59375,0.1428571,0.175,0.1113333,0.4166666666666667
BLR,2008,0.125,0.25,0.625,0.1428571,0.175,0.1113333,0.4166666666666667
BLR,2009,0.125,0.25,0.5625,0.1428571,0.19999999999999998,0.1113333,0.4166666666666667
BLR,2010,0.125,0.25,0.4375,0.1428571,0.19999999999999998,0.1113333,0.4166666666666667
BLR,2011,0.125,0.25,0.4375,0.1428571,0.19999999999999998,0.10533329999999999,0.4166666666666667
BLR,2012,0.25,0.25,0.4375,0.1428571,0.19999999999999998,0.1013333,0.375
BLR,2013,0.25,0.25,0.4375,0.1428571,0.19999999999999998,0.1013333,0.3611111111111111
BLR,2014,0.25,0.25,0.4375,0.1428571,0.19999999999999998,0.123,0.363425925925926
BLR,2015,0.25,0.25,0.4375,0.1428571,0.19999999999999998,0.12066669999999999,0.3993055555555556
BLR,2016,0.25,0.25,0.5625,0.1785714,0.19999999999999998,0.118,0.4305555555555556
BLR,2017,0.25,0.25,0.5625,0.1785714,0.19999999999999998,0.10433329999999999,0.4305555555555556
BLR,2018,0.25,0.25,0.5625,0.1785714,0.19999999999999998,0.10433329999999999,0.4305555555555556
BLR,2019,0.25,0.25,0.625,0.2857143,0.19999999999999998,0.0826667,0.4305555555555556
BLR,2020,0.25,0.0,0.125,0.2857143,0.175,0.0863333,0.4305555555555556
BLR,2021,0.25,0.0,0.1875,0.2857143,0.175,0.0803333,0.3865740740740741
BLR,2022,0.125,0.0,0.0625,0.25,0.15,0.0663333,0.3564814814814814
BLR,2023,0.125,0.0,0.0625,0.25,0.15,0.0663333,0.3472222222222222
BLR,2024,0.125,0.0,0.125,0.25,0.15,0.0663333,0.3472222222222222
BLZ,1996,0.5,0.5,0.75,0.625,0.5625,0.6875,
BLZ,1997,,,,,,,
BLZ,1998,0.5,0.5,0.75,0.625,0.5625,0.6875,
BLZ,1999,,,,,,,
BLZ,2000,0.5,0.5,0.75,0.6666667,0.5625,0.75,
BLZ,2001,,,,,,,
BLZ,2002,0.5,0.5,0.8125,0.6666667,0.5625,0.75,
BLZ,2003,0.5,0.5,0.8125,0.6666667,0.625,0.6875,
BLZ,2004,0.5151515,0.5252525,0.7575757999999999,0.6026935999999999,0.5656566,0.6616162,
BLZ,2005,0.5,0.5,0.8125,0.6666667,0.625,0.6875,
BLZ,2006,0.25,0.25,0.5,0.3571429,0.475,0.5,
BLZ,2007,0.25,0.25,0.5,0.3571429,0.475,0.5,
BLZ,2008,0.375,0.25,0.5625,0.3571429,0.425,0.5,
BLZ,2009,0.5,0.25,0.5625,0.3571429,0.425,0.625,
BLZ,2010,0.5,0.25,0.5625,0.3571429,0.425,0.625,
BLZ,2011,0.5,0.25,0.5625,0.3571429,0.425,0.625,
BLZ,2012,0.5,0.25,0.5625,0.3571429,0.39999999999999997,0.625,
BLZ,2013,0.5,0.25,0.5625,0.3571429,0.39999999999999997,0.625,
BLZ,2014,0.5,0.25,0.5625,0.3571429,0.375,0.625,
BLZ,2015,0.5,0.25,0.5625,0.3571429,0.375,0.625,
BLZ,2016,0.5,0.25,0.5625,0.3571429,0.375,0.625,
BLZ,2017,0.5,0.25,0.5625,0.3571429,0.375,0.625,
BLZ,2018,0.5,0.25,0.5625,0.3571429,0.375,0.625,
BLZ,2019,0.5,0.25,0.5625,0.3571429,0.375,0.625,
BLZ,2020,0.5,0.25,0.5625,0.3571429,0.375,0.625,
BLZ,2021,0.5,0.25,0.5625,0.3571429,0.375,0.625,
BLZ,2022,0.5,0.25,0.5625,0.3571429,0.375,0.625,
BLZ,2023,0.5,0.25,0.625,0.3571429,0.39999999999999997,0.625,
BLZ,2024,0.5,0.25,0.625,0.3571429,0.39999999999999997,0.625,
BMU,1996,0.875,0.75,0.875,0.9166667,0.875,0.875,
BMU,1998,0.875,0.75,0.875,0.9166667,0.875,0.875,
BMU,2000,0.875,0.75,0.875,0.9166667,0.875,0.8125,
BMU,2002,0.875,0.75,0.875,0.9166667,0.875,0.875,
BMU,2003,0.875,0.75,0.875,0.9166667,0.875,0.875,
BMU,2004,0.8080807999999999,0.7272727,0.8282828,0.8451177999999999,0.8030303,0.7929293,
BMU,2005,0.875,0.75,0.875,0.9166667,0.8125,0.875,
BMU,2006,0.875,0.75,0.875,0.9166667,0.8125,0.875,
BMU,2007,0.875,0.75,0.875,0.9166667,0.8125,0.875,
BMU,2008,0.875,0.75,0.875,0.9166667,0.8125,0.875,
BMU,2009,0.875,0.75,0.875,0.9166667,0.8125,0.875,
BMU,2010,0.875,0.75,0.9375,0.9166667,0.875,0.875,
BMU,2011,0.875,0.75,0.9375,0.9166667,0.875,0.875,
BMU,2012,0.875,0.75,0.9375,0.9166667,0.875,0.875,
BMU,2013,0.875,0.75,0.9375,0.9166667,0.875,0.875,
BMU,2014,0.8333332999999999,0.9166667,0.8888889,0.7222221999999999,0.6111111,,
BMU,2015,0.8333332999999999,0.9166667,0.8888889,0.7222221999999999,0.8333332999999999,,
BMU,2016,0.8333332999999999,0.9166667,0.8888889,0.7777778,0.8333332999999999,,
BMU,2017,0.8333332999999999,0.9166667,0.8888889,0.7777778,0.8333332999999999,,
BMU,2018,0.8333332999999999,0.9166667,0.9444444,0.7777778,0.8333332999999999,,
BMU,2019,0.8333332999999999,0.9166667,0.9444444,0.7777778,0.8333332999999999,,
BMU,2020,0.8333332999999999,0.9166667,0.9444444,0.7777778,0.7777778,,
BMU,2021,0.8333332999999999,0.9166667,0.9444444,0.7777778,0.7777778,,
BMU,2022,0.8333332999999999,0.8333332999999999,0.9444444,0.7777778,0.7777778,,
BMU,2023,0.8333332999999999,0.9166667,0.9444444,0.7222221999999999,0.7777778,,
BMU,2024,0.8333332999999999,0.9166667,0.9444444,0.7222221999999999,0.7777778,,
BOL,1996,0.125,0.5,0.4375,0.5714286,0.425,0.25,0.4166666666666667
BOL,1997,,,,,,,0.4513888888888889
BOL,1998,0.25,0.5,0.625,0.5357143,0.44999999999999996,0.375,0.5
BOL,1999,,,,,,,0.5
BOL,2000,0.25,0.5,0.5,0.5357143,0.44999999999999996,0.375,0.5
BOL,2001,,,,,,,0.4953703703703704
BOL,2002,0.125,0.5,0.3125,0.5357143,0.425,0.25,0.4444444444444444
BOL,2003,0.125,0.5,0.25,0.5357143,0.425,0.25,0.4444444444444444
BOL,2004,0.125,0.25,0.3125,0.5,0.39999999999999997,0.25,0.4444444444444444
BOL,2005,0.0,0.25,0.3125,0.46428569999999997,0.375,0.375,0.4444444444444444
BOL,2006,0.25,0.25,0.3125,0.3571429,0.3,0.4493333,0.4444444444444444
BOL,2007,0.25,0.25,0.3125,0.3571429,0.3,0.4493333,0.4444444444444444
BOL,2008,0.25,0.25,0.3125,0.3571429,0.3,0.45499999999999996,0.4444444444444444
BOL,2009,0.25,0.25,0.375,0.2857143,0.27499999999999997,0.45499999999999996,0.4421296296296296
BOL,2010,0.25,0.25,0.375,0.2857143,0.25,0.4473333,0.4166666666666667
BOL,2011,0.25,0.25,0.375,0.2857143,0.25,0.44466669999999997,0.4166666666666667
BOL,2012,0.25,0.25,0.25,0.2857143,0.25,0.44466669999999997,0.3981481481481481
BOL,2013,0.25,0.25,0.375,0.2857143,0.25,0.443,0.4456018518518518
BOL,2014,0.25,0.25,0.375,0.2857143,0.27499999999999997,0.443,0.4583333333333333
BOL,2015,0.25,0.25,0.375,0.2857143,0.27499999999999997,0.44166669999999997,0.4583333333333333
BOL,2016,0.25,0.25,0.375,0.2857143,0.27499999999999997,0.43766669999999996,0.4583333333333333
BOL,2017,0.25,0.25,0.375,0.2857143,0.27499999999999997,0.433,0.4583333333333333
BOL,2018,0.25,0.25,0.375,0.2857143,0.27499999999999997,0.44,0.4583333333333333
BOL,2019,0.25,0.25,0.375,0.2857143,0.27499999999999997,0.41133329999999996,0.4583333333333333
BOL,2020,0.25,0.25,0.25,0.2857143,0.27499999999999997,0.41933329999999996,0.4467592592592592
BOL,2021,0.125,0.25,0.4375,0.2857143,0.27499999999999997,0.40499999999999997,0.4143518518518518
BOL,2022,0.125,0.25,0.4375,0.3,0.22222219999999998,0.317,0.4050925925925925
BOL,2023,0.125,0.25,0.3125,0.2857143,0.25,0.30666669999999996,0.4305555555555555
BOL,2024,0.125,0.25,0.25,0.25,0.22499999999999998,0.30866669999999996,0.4490740740740741
BRA,1996,0.375,0.25,0.5625,0.6428571,0.44999999999999996,0.375,0.5833333333333334
BRA,1997,,,,,,,0.5300925925925926
BRA,1998,0.375,0.25,0.5,0.6428571,0.44999999999999996,0.375,0.4444444444444444
BRA,1999,,,,,,,0.4444444444444444
BRA,2000,0.375,0.25,0.8125,0.5714286,0.44999999999999996,0.375,0.4444444444444444
BRA,2001,,,,,,,0.4351851851851852
BRA,2002,0.25,0.25,0.75,0.5,0.425,0.375,0.3842592592592592
BRA,2003,0.25,0.25,0.75,0.5357143,0.39999999999999997,0.375,0.4722222222222221
BRA,2004,0.25,0.25,0.75,0.5357143,0.39999999999999997,0.375,0.412037037037037
BRA,2005,0.25,0.25,0.75,0.5357143,0.39999999999999997,0.375,0.4074074074074074
BRA,2006,0.25,0.25,0.75,0.5,0.39999999999999997,0.496,0.4143518518518518
BRA,2007,0.25,0.25,0.75,0.5178571,0.4125,0.496,0.3888888888888888
BRA,2008,0.25,0.25,0.75,0.5357143,0.44999999999999996,0.496,0.4074074074074074
BRA,2009,0.25,0.25,0.75,0.5357143,0.44999999999999996,0.496,0.4444444444444444
BRA,2010,0.25,0.25,0.75,0.5357143,0.5,0.5706667,0.4444444444444444
BRA,2011,0.25,0.25,0.75,0.46428569999999997,0.5,0.5706667,0.4444444444444444
BRA,2012,0.25,0.25,0.75,0.46428569999999997,0.5,0.5706667,0.4259259259259259
BRA,2013,0.25,0.5,0.5625,0.46428569999999997,0.475,0.48733329999999997,0.4166666666666667
BRA,2014,0.25,0.5,0.5625,0.46428569999999997,0.475,0.496,0.4143518518518518
BRA,2015,0.25,0.5,0.5,0.46428569999999997,0.475,0.482,0.3888888888888888
BRA,2016,0.25,0.5,0.5625,0.46428569999999997,0.5,0.5633332999999999,0.3888888888888888
BRA,2017,0.25,0.5,0.5625,0.46428569999999997,0.475,0.5619999999999999,0.3888888888888888
BRA,2018,0.25,0.5,0.5625,0.46428569999999997,0.44999999999999996,0.48233329999999996,0.3888888888888888
BRA,2019,0.25,0.5,0.5625,0.46428569999999997,0.44999999999999996,0.4786667,0.4351851851851852
BRA,2020,0.25,0.5,0.625,0.46428569999999997,0.44999999999999996,0.4806667,0.4861111111111111
BRA,2021,0.25,0.5,0.625,0.46428569999999997,0.44999999999999996,0.4786667,0.4629629629629629
BRA,2022,0.25,0.5,0.5625,0.46428569999999997,0.44999999999999996,0.476,0.4548611111111111
BRA,2023,0.25,0.5,0.625,0.46428569999999997,0.44999999999999996,0.5559999999999999,0.4166666666666667
BRA,2024,0.25,0.5,0.625,0.46428569999999997,0.44999999999999996,0.5496667,0.4166666666666667
BRB,1996,0.875,0.75,0.875,0.9166667,0.875,1.0,
BRB,1997,,,,,,,
BRB,1998,0.875,0.75,0.875,0.9166667,0.875,1.0,
BRB,1999,,,,,,,
BRB,2000,0.875,0.75,0.875,0.9166667,0.875,1.0,
BRB,2001,,,,,,,
BRB,2002,0.875,0.75,0.875,0.9166667,0.875,1.0,
BRB,2003,0.875,0.75,0.875,0.9166667,0.875,0.875,
BRB,2004,0.8080807999999999,0.6969696999999999,0.8232322999999999,0.8350168,0.8030303,0.7727273,
BRB,2005,0.875,0.875,0.875,0.875,0.8125,0.75,
BRB,2006,0.7320283999999999,0.7288273,0.6790123,0.5292292,0.7000465,0.6725668,
BRB,2007,0.6973705,0.6809337,0.8095238,0.559006,0.7084203,0.7305119999999999,
BRB,2008,0.6937498999999999,0.7893836999999999,0.8666667,0.5706068,0.7439116,0.7709228,
BRB,2009,0.625,0.5,1.0,0.5357143,0.75,0.875,
BRB,2010,0.625,0.5,0.875,0.5357143,0.75,0.875,
BRB,2011,0.75,0.5,0.875,0.5357143,0.75,0.875,
BRB,2012,0.75,0.5,0.875,0.5357143,0.75,0.875,
BRB,2013,0.75,0.5,0.875,0.5357143,0.75,0.875,
BRB,2014,0.75,0.5,0.875,0.5357143,0.75,0.875,
BRB,2015,0.75,0.5,0.8125,0.5357143,0.725,0.875,
BRB,2016,0.75,0.5,0.8125,0.5357143,0.725,0.875,
BRB,2017,0.75,0.5,0.8125,0.5,0.6749999999999999,0.875,
BRB,2018,0.75,0.5,0.75,0.5357143,0.625,0.875,
BRB,2019,0.75,0.5,0.8125,0.5714286,0.625,0.875,
BRB,2020,0.75,0.5,0.8125,0.5714286,0.625,0.875,
BRB,2021,0.75,0.5,0.8125,0.5714286,0.625,0.875,
BRB,2022,0.75,0.5,0.8125,0.5714286,0.625,0.875,
BRB,2023,0.75,0.5,0.875,0.5714286,0.625,0.875,
BRB,2024,0.75,0.5,0.875,0.5714286,0.625,0.875,
BRN,1996,0.6666667,0.875,0.8838383999999999,0.9090908999999999,1.0,0.5,0.8472222222222222
BRN,1997,,,,,,,0.829861111111111
BRN,1998,0.5,0.75,0.8838383999999999,0.5454545,1.0,0.4166667,0.7824074074074074
BRN,1999,,,,,,,0.75
BRN,2000,0.5,0.75,0.9141414,0.6363635999999999,1.0,0.4166667,0.75
BRN,2001,,,,,,,0.7314814814814815
BRN,2002,0.4166667,0.75,0.8989899,0.9285713999999999,1.0,0.4166667,0.7222222222222223
BRN,2003,0.4166667,0.75,0.9292929,0.9285713999999999,1.0,0.4166667,0.7222222222222223
BRN,2004,0.4166667,0.75,0.9141414,0.9285713999999999,1.0,0.4583333,0.7222222222222223
BRN,2005,0.4166667,0.75,0.9292929,0.9285713999999999,0.9166667,0.4583333,0.638888888888889
BRN,2006,0.4166667,0.875,0.9292929,0.9285713999999999,0.9166667,0.4583333,0.6840277777777778
BRN,2007,0.4166667,0.875,0.9292929,0.9285713999999999,0.9166667,0.4583333,0.7083333333333334
BRN,2008,0.5616835,0.6058722999999999,0.9117647,0.5590655999999999,0.6483021,0.5376948,0.7083333333333334
BRN,2009,0.75,0.5,0.75,0.6785713999999999,0.7,0.5,0.7083333333333334
BRN,2010,0.75,0.5,0.75,0.6785713999999999,0.7,0.5,0.7083333333333334
BRN,2011,0.75,0.5,0.75,0.6785713999999999,0.7,0.5,0.7083333333333334
BRN,2012,0.75,0.5,0.75,0.6785713999999999,0.7,0.5,0.7083333333333334
BRN,2013,0.75,0.5,0.75,0.6785713999999999,0.6749999999999999,0.5,0.7083333333333334
BRN,2014,0.75,0.5,0.75,0.6785713999999999,0.6749999999999999,0.5,0.7083333333333334
BRN,2015,0.75,0.5,0.75,0.6785713999999999,0.6749999999999999,0.5,0.7083333333333334
BRN,2016,0.75,0.5,0.75,0.6785713999999999,0.6749999999999999,0.5,0.7083333333333334
BRN,2017,0.75,0.5,0.75,0.6785713999999999,0.65,0.375,0.7268518518518517
BRN,2018,0.75,0.5,0.75,0.7142856999999999,0.65,0.375,0.7361111111111112
BRN,2019,0.75,0.5,0.75,0.7142856999999999,0.65,0.375,0.6990740740740741
BRN,2020,0.75,0.5,0.75,0.75,0.6749999999999999,0.375,0.6805555555555555
BRN,2021,0.75,0.5,0.75,0.75,0.6749999999999999,0.375,0.6805555555555555
BRN,2022,0.75,0.5,0.75,0.75,0.6749999999999999,0.375,0.6875
BRN,2023,0.75,0.5,0.9375,0.75,0.6749999999999999,0.375,0.7083333333333334
BRN,2024,0.75,0.5,0.9375,0.75,0.6749999999999999,0.375,0.7083333333333334
BTN,1996,0.625,0.625,0.75,0.5416667,0.6875,0.5625,
BTN,1997,,,,,,,
BTN,1998,0.625,0.625,0.75,0.5416667,0.6875,0.5625,
BTN,1999,,,,,,,
BTN,2000,0.5,0.625,0.8125,0.5416667,0.6875,0.5625,
BTN,2001,,,,,,,
BTN,2002,0.5,0.625,0.8125,0.5416667,0.6875,0.5625,
BTN,2003,0.75,0.625,0.875,0.625,0.6875,0.5,
BTN,2004,0.6464646,0.6060606,0.8838383999999999,0.38383839999999997,0.6111111,0.4393939,
BTN,2005,0.75,0.625,1.0,0.6666667,0.6875,0.4375,
BTN,2006,0.75,0.625,1.0,0.6666667,0.6875,0.262,
BTN,2007,0.75,0.625,0.75,0.6666667,0.6875,0.262,
BTN,2008,0.75,0.625,0.875,0.6666667,0.6875,0.409,
BTN,2009,0.375,0.5,0.875,0.1785714,0.425,0.3863333,
BTN,2010,0.375,0.5,0.875,0.1785714,0.425,0.40599999999999997,
BTN,2011,0.375,0.5,0.875,0.1785714,0.425,0.4023333,
BTN,2012,0.375,0.5,0.875,0.1785714,0.425,0.40499999999999997,
BTN,2013,0.375,0.5,0.875,0.1071429,0.44999999999999996,0.494,
BTN,2014,0.5,0.5,0.875,0.1071429,0.44999999999999996,0.49566669999999996,
BTN,2015,0.5,0.5,0.875,0.46428569999999997,0.575,0.49766669999999996,
BTN,2016,0.5,0.5,0.875,0.46428569999999997,0.575,0.49766669999999996,
BTN,2017,0.75,0.5,0.875,0.5714286,0.625,0.5026667,
BTN,2018,0.75,0.5,0.875,0.5714286,0.6,0.51,
BTN,2019,0.75,0.5,0.9375,0.5714286,0.6,0.51,
BTN,2020,0.75,0.5,0.875,0.5714286,0.6,0.5236666999999999,
BTN,2021,0.75,0.5,0.8125,0.5357143,0.6,0.5236666999999999,
BTN,2022,0.75,0.5,0.8125,0.5357143,0.6,0.518,
BTN,2023,0.75,0.5,0.8125,0.5357143,0.625,0.6013333,
BTN,2024,0.75,0.5,0.8125,0.5357143,0.625,0.605,
BWA,1996,0.625,0.5,0.75,0.6785713999999999,0.6,0.5,0.5833333333333334
BWA,1997,,,,,,,0.5555555555555555
BWA,1998,0.625,0.5,0.75,0.6785713999999999,0.6,0.5,0.5555555555555555
BWA,1999,,,,,,,0.5555555555555555
BWA,2000,0.625,0.5,0.625,0.6785713999999999,0.6,0.5,0.5555555555555555
BWA,2001,,,,,,,0.5462962962962963
BWA,2002,0.625,0.5,0.75,0.6785713999999999,0.6,0.5,0.5277777777777778
BWA,2003,0.875,0.5,0.875,0.6785713999999999,0.65,0.75,0.5277777777777778
BWA,2004,0.75,0.5,0.75,0.6785713999999999,0.625,0.625,0.5347222222222222
BWA,2005,0.875,0.5,0.8125,0.6785713999999999,0.625,0.625,0.5555555555555555
BWA,2006,0.625,0.5,0.9375,0.6428571,0.6,0.5866667,0.5648148148148148
BWA,2007,0.625,0.5,0.9375,0.6607143,0.6,0.5866667,0.6041666666666666
BWA,2008,0.625,0.5,0.9375,0.6785713999999999,0.6,0.5823332999999999,0.5555555555555556
BWA,2009,0.625,0.5,0.9375,0.6785713999999999,0.6,0.5823332999999999,0.5555555555555556
BWA,2010,0.625,0.5,0.875,0.6785713999999999,0.6,0.5876667,0.5555555555555556
BWA,2011,0.625,0.5,0.875,0.6785713999999999,0.6,0.5876667,0.5555555555555556
BWA,2012,0.625,0.5,0.875,0.6785713999999999,0.6,0.595,0.5555555555555556
BWA,2013,0.625,0.5,0.875,0.6428571,0.6,0.5993333,0.5555555555555556
BWA,2014,0.625,0.5,0.875,0.6071428999999999,0.6,0.5956667,0.5578703703703703
BWA,2015,0.625,0.5,0.875,0.6071428999999999,0.6,0.5956667,0.5833333333333334
BWA,2016,0.625,0.5,0.875,0.6071428999999999,0.6,0.5956667,0.5833333333333334
BWA,2017,0.625,0.5,0.875,0.6071428999999999,0.6,0.5936667,0.5648148148148148
BWA,2018,0.625,0.5,0.875,0.6071428999999999,0.6,0.5936667,0.5555555555555556
BWA,2019,0.625,0.5,0.875,0.6071428999999999,0.6,0.5936667,0.539351851851852
BWA,2020,0.625,0.5,0.875,0.6071428999999999,0.6,0.5873333,0.5694444444444445
BWA,2021,0.625,0.5,0.875,0.6071428999999999,0.6,0.591,0.5833333333333334
BWA,2022,0.625,0.5,0.875,0.5714286,0.6,0.591,0.6018518518518519
BWA,2023,0.625,0.5,0.8125,0.5714286,0.625,0.6743333,0.625
BWA,2024,0.625,0.5,0.875,0.5714286,0.625,0.6709999999999999,0.625
CAF,1996,0.125,0.25,0.1875,0.25,0.1875,0.1875,
CAF,1997,,,,,,,
CAF,1998,0.125,0.25,0.1875,0.25,0.1875,0.1875,
CAF,1999,,,,,,,
CAF,2000,0.125,0.25,0.1875,0.25,0.1875,0.1875,
CAF,2001,,,,,,,
CAF,2002,0.25,0.25,0.1875,0.3333333,0.25,0.25,
CAF,2003,0.25,0.25,0.3125,0.25,0.125,0.1875,
CAF,2004,0.22222219999999998,0.21212119999999998,0.37878789999999996,0.2525253,0.1767677,0.25757579999999997,
CAF,2005,0.25,0.25,0.375,0.25,0.25,0.25,
CAF,2006,0.25,0.25,0.25,0.3333333,0.1875,0.161,
CAF,2007,0.316,0.24166669999999998,0.25,0.3333333,0.753,0.161,
CAF,2008,0.315,0.25166669999999997,0.25,0.3333333,0.7525,0.186,
CAF,2009,0.125,0.0,0.1875,0.39285709999999996,0.22499999999999998,0.062,
CAF,2010,0.125,0.0,0.25,0.39285709999999996,0.22499999999999998,0.0606667,
CAF,2011,0.125,0.0,0.25,0.39285709999999996,0.22499999999999998,0.0606667,
CAF,2012,0.125,0.0,0.1875,0.3571429,0.19999999999999998,0.0663333,
CAF,2013,0.125,0.0,0.0,0.3571429,0.049999999999999996,0.0496667,
CAF,2014,0.125,0.0,0.0,0.3571429,0.049999999999999996,0.0496667,
CAF,2015,0.0,0.0,0.0,0.2857143,0.075,0.1356667,
CAF,2016,0.0,0.0,0.0625,0.2857143,0.075,0.13699999999999998,
CAF,2017,0.0,0.0,0.0625,0.2857143,0.075,0.13399999999999998,
CAF,2018,0.0,0.0,0.0625,0.2857143,0.075,0.13399999999999998,
CAF,2019,0.0,0.0,0.0625,0.2857143,0.075,0.12733329999999998,
CAF,2020,0.0,0.0,0.0625,0.2857143,0.075,0.12733329999999998,
CAF,2021,0.0,0.0,0.125,0.2857143,0.075,0.131,
CAF,2022,0.0,0.0,0.0625,0.2857143,0.049999999999999996,0.12833329999999998,
CAF,2023,0.0,0.0,0.0625,0.2857143,0.049999999999999996,0.12266669999999999,
CAF,2024,0.0,0.0,0.125,0.2857143,0.049999999999999996,0.12266669999999999,
CAN,1996,0.875,1.0,1.0,0.8928571,0.875,1.0,1.0
CAN,1997,,,,,,,1.0
CAN,1998,0.875,1.0,1.0,0.8928571,0.875,1.0,1.0
CAN,1999,,,,,,,1.0
CAN,2000,0.875,1.0,1.0,0.8928571,0.875,1.0,1.0
CAN,2001,,,,,,,0.9907407407407408
CAN,2002,0.875,1.0,1.0,0.8928571,0.875,1.0,0.9166666666666666
CAN,2003,0.875,1.0,1.0,0.8928571,0.875,1.0,0.9166666666666666
CAN,2004,0.875,1.0,0.8125,0.8928571,0.875,1.0,0.8981481481481483
CAN,2005,0.875,1.0,1.0,0.9285713999999999,0.85,0.875,0.9467592592592592
CAN,2006,0.875,1.0,0.9375,0.8571428999999999,0.9249999999999999,0.8856666999999999,0.9444444444444444
CAN,2007,0.875,1.0,0.96875,0.7857143,0.9249999999999999,0.8856666999999999,0.9444444444444444
CAN,2008,0.875,1.0,1.0,0.7857143,0.9249999999999999,0.8856666999999999,0.9444444444444444
CAN,2009,0.875,1.0,0.875,0.7857143,0.8999999999999999,0.8023332999999999,0.9212962962962964
CAN,2010,0.875,1.0,0.875,0.7857143,0.8999999999999999,0.8026667,0.9166666666666666
CAN,2011,0.875,1.0,0.875,0.7857143,0.8999999999999999,0.8026667,0.9166666666666666
CAN,2012,0.875,1.0,0.875,0.7857143,0.8999999999999999,0.8026667,0.9166666666666666
CAN,2013,0.875,1.0,0.875,0.8214286,0.8999999999999999,0.8026667,0.9166666666666666
CAN,2014,0.875,1.0,0.9375,0.8214286,0.8999999999999999,0.8026667,0.9166666666666666
CAN,2015,0.875,1.0,0.9375,0.8214286,0.9249999999999999,0.886,0.9166666666666666
CAN,2016,0.875,1.0,0.9375,0.8928571,0.9249999999999999,0.8883333,0.9166666666666666
CAN,2017,0.875,1.0,0.9375,0.8928571,0.9249999999999999,0.8883333,0.9166666666666666
CAN,2018,0.875,1.0,0.9375,0.8214286,0.9249999999999999,0.8883333,0.9166666666666666
CAN,2019,0.875,1.0,0.9375,0.8214286,0.9249999999999999,0.8906666999999999,0.9166666666666666
CAN,2020,0.875,1.0,0.9375,0.8214286,0.9249999999999999,0.8913333,0.9050925925925926
CAN,2021,0.875,1.0,0.9375,0.8214286,0.9249999999999999,0.879,0.8888888888888888
CAN,2022,0.875,1.0,0.875,0.8214286,0.9249999999999999,0.8793333,0.8865740740740741
CAN,2023,0.875,1.0,0.9375,0.8214286,0.8999999999999999,0.873,0.8888888888888888
CAN,2024,0.875,1.0,0.875,0.6785713999999999,0.8999999999999999,0.873,0.8888888888888888
CHE,1996,0.875,1.0,1.0,0.9285713999999999,1.0,1.0,0.9722222222222222
CHE,1997,,,,,,,0.9444444444444444
CHE,1998,0.875,1.0,1.0,0.9285713999999999,1.0,1.0,0.9444444444444444
CHE,1999,,,,,,,0.9444444444444444
CHE,2000,0.875,1.0,1.0,0.9642856999999999,1.0,1.0,0.9444444444444444
CHE,2001,,,,,,,0.9282407407407408
CHE,2002,0.875,1.0,1.0,0.9642856999999999,1.0,1.0,0.8611111111111112
CHE,2003,0.875,1.0,1.0,0.8571428999999999,1.0,1.0,0.8611111111111112
CHE,2004,0.875,1.0,1.0,0.9285713999999999,1.0,1.0,0.8611111111111112
CHE,2005,0.875,1.0,1.0,0.8571428999999999,1.0,1.0,0.8611111111111112
CHE,2006,1.0,0.75,1.0,0.8571428999999999,0.9249999999999999,0.9673333,0.8611111111111112
CHE,2007,1.0,0.75,1.0,0.8571428999999999,0.9249999999999999,0.9673333,0.8611111111111112
CHE,2008,1.0,0.75,1.0,0.8571428999999999,0.9249999999999999,0.9716667,0.8611111111111112
CHE,2009,1.0,0.75,1.0,0.8571428999999999,0.9249999999999999,0.9716667,0.8611111111111112
CHE,2010,1.0,0.75,1.0,0.8571428999999999,0.9249999999999999,0.9696667,0.8611111111111112
CHE,2011,1.0,0.75,1.0,0.8571428999999999,0.9249999999999999,0.9696667,0.8611111111111112
CHE,2012,1.0,0.75,1.0,0.8571428999999999,0.95,0.9696667,0.8796296296296297
CHE,2013,1.0,0.75,1.0,0.8571428999999999,0.95,0.9696667,0.888888888888889
CHE,2014,1.0,0.75,1.0,0.9285713999999999,0.95,0.9696667,0.888888888888889
CHE,2015,1.0,0.75,0.9375,0.9285713999999999,0.95,0.9696667,0.888888888888889
CHE,2016,1.0,0.75,0.9375,0.9285713999999999,0.95,0.9696667,0.888888888888889
CHE,2017,1.0,0.75,0.9375,0.9285713999999999,0.95,0.9676667,0.888888888888889
CHE,2018,1.0,0.75,0.9375,0.8571428999999999,0.95,0.9676667,0.888888888888889
CHE,2019,1.0,0.75,0.9375,0.8571428999999999,0.95,0.9676667,0.888888888888889
CHE,2020,1.0,0.75,0.9375,0.8571428999999999,0.95,0.961,0.888888888888889
CHE,2021,1.0,0.75,0.9375,0.8571428999999999,0.95,0.9633333,0.888888888888889
CHE,2022,1.0,0.75,0.9375,0.8571428999999999,0.95,0.9713333,0.888888888888889
CHE,2023,1.0,0.75,0.9375,0.8571428999999999,0.95,0.9713333,0.888888888888889
CHE,2024,1.0,0.75,0.9375,0.8571428999999999,0.95,0.9773333,0.888888888888889
CHL,1996,0.75,0.75,0.8125,0.8571428999999999,0.825,0.875,0.6921296296296297
CHL,1997,,,,,,,0.75
CHL,1998,0.75,0.75,0.5625,0.8571428999999999,0.825,0.875,0.75
CHL,1999,,,,,,,0.75
CHL,2000,0.75,0.75,0.6875,0.8571428999999999,0.825,0.875,0.75
CHL,2001,,,,,,,0.75
CHL,2002,0.75,0.75,0.875,0.8214286,0.85,1.0,0.75
CHL,2003,0.75,0.75,0.875,0.8571428999999999,0.85,1.0,0.6782407407407408
CHL,2004,0.75,0.75,0.875,0.8571428999999999,0.85,1.0,0.6666666666666666
CHL,2005,0.75,0.75,0.875,0.8571428999999999,0.85,1.0,0.7777777777777778
CHL,2006,0.75,0.75,0.8125,0.8571428999999999,0.85,0.9296667,0.7777777777777778
CHL,2007,0.75,0.75,0.78125,0.8571428999999999,0.85,0.9296667,0.7777777777777778
CHL,2008,0.75,0.75,0.75,0.8571428999999999,0.85,0.9296667,0.7777777777777778
CHL,2009,0.75,0.75,0.75,0.8571428999999999,0.85,0.9296667,0.7777777777777778
CHL,2010,0.75,0.75,0.75,0.8571428999999999,0.825,0.839,0.7546296296296297
CHL,2011,0.75,0.75,0.75,0.8571428999999999,0.825,0.8346667,0.75
CHL,2012,0.75,0.75,0.75,0.8571428999999999,0.825,0.8346667,0.75
CHL,2013,0.75,0.75,0.75,0.8571428999999999,0.825,0.8433333,0.75
CHL,2014,0.75,0.75,0.75,0.8571428999999999,0.825,0.8433333,0.75
CHL,2015,0.75,0.75,0.75,0.7857143,0.7999999999999999,0.7613333,0.75
CHL,2016,0.75,0.75,0.6875,0.7857143,0.7999999999999999,0.7593333,0.75
CHL,2017,0.75,0.75,0.75,0.7857143,0.7999999999999999,0.7613333,0.7314814814814815
CHL,2018,0.75,0.75,0.75,0.8214286,0.7999999999999999,0.7656666999999999,0.7222222222222222
CHL,2019,0.75,0.75,0.75,0.8214286,0.7999999999999999,0.7693333,0.7175925925925926
CHL,2020,0.75,0.75,0.625,0.8214286,0.7749999999999999,0.6926667,0.6944444444444443
CHL,2021,0.75,0.75,0.5625,0.8214286,0.7749999999999999,0.6806667,0.6782407407407408
CHL,2022,0.75,0.75,0.5625,0.8214286,0.725,0.6906667,0.6666666666666666
CHL,2023,0.75,0.75,0.625,0.8214286,0.6749999999999999,0.6826667,0.6666666666666666
CHL,2024,0.75,0.75,0.75,0.7857143,0.7,0.6776667,0.6875
CHN,1996,0.25,0.5,0.4375,0.39285709999999996,0.3,0.125,0.5972222222222222
CHN,1997,,,,,,,0.5555555555555556
CHN,1998,0.25,0.25,0.4375,0.39285709999999996,0.35,0.125,0.5555555555555556
CHN,1999,,,,,,,0.5555555555555556
CHN,2000,0.25,0.25,0.375,0.4285714,0.35,0.125,0.4907407407407407
CHN,2001,,,,,,,0.4444444444444444
CHN,2002,0.125,0.25,0.4375,0.3571429,0.3,0.125,0.4722222222222221
CHN,2003,0.125,0.25,0.4375,0.39285709999999996,0.3,0.125,0.5231481481481481
CHN,2004,0.125,0.25,0.4375,0.4285714,0.3,0.125,0.5277777777777778
CHN,2005,0.125,0.25,0.4375,0.46428569999999997,0.3,0.125,0.5277777777777778
CHN,2006,0.0,0.25,0.4375,0.46428569999999997,0.35,0.1823333,0.5208333333333334
CHN,2007,0.0,0.25,0.4375,0.46428569999999997,0.375,0.1823333,0.5347222222222222
CHN,2008,0.0,0.25,0.4375,0.46428569999999997,0.39999999999999997,0.1846667,0.5555555555555556
CHN,2009,0.0,0.25,0.375,0.46428569999999997,0.39999999999999997,0.1846667,0.5555555555555556
CHN,2010,0.0,0.25,0.375,0.46428569999999997,0.425,0.188,0.5046296296296297
CHN,2011,0.0,0.25,0.375,0.46428569999999997,0.425,0.188,0.4791666666666667
CHN,2012,0.0,0.25,0.4375,0.46428569999999997,0.425,0.1833333,0.4722222222222222
CHN,2013,0.125,0.25,0.4375,0.4285714,0.425,0.1833333,0.4722222222222222
CHN,2014,0.25,0.5,0.4375,0.5714286,0.44999999999999996,0.2666667,0.4722222222222222
CHN,2015,0.25,0.5,0.4375,0.5714286,0.44999999999999996,0.2713333,0.4722222222222222
CHN,2016,0.25,0.5,0.4375,0.6071428999999999,0.44999999999999996,0.2713333,0.4722222222222222
CHN,2017,0.25,0.5,0.5,0.5714286,0.44999999999999996,0.26999999999999996,0.4722222222222222
CHN,2018,0.25,0.5,0.5,0.5357143,0.44999999999999996,0.2773333,0.4722222222222222
CHN,2019,0.25,0.5,0.625,0.5357143,0.44999999999999996,0.242,0.4722222222222222
CHN,2020,0.375,0.5,0.625,0.5714286,0.44999999999999996,0.2423333,0.4722222222222222
CHN,2021,0.375,0.5,0.5625,0.5714286,0.475,0.2403333,0.4444444444444444
CHN,2022,0.375,0.25,0.5625,0.5714286,0.475,0.2313333,0.4444444444444444
CHN,2023,0.375,0.5,0.5625,0.5714286,0.475,0.2373333,0.4444444444444444
CHN,2024,0.375,0.5,0.5625,0.5714286,0.475,0.237,0.4444444444444444
CIV,1996,0.5,0.5,0.875,0.3214286,0.3,0.25,0.5833333333333334
CIV,1997,,,,,,,0.4930555555555555
CIV,1998,0.25,0.25,0.5625,0.3214286,0.19999999999999998,0.125,0.4444444444444444
CIV,1999,,,,,,,0.4444444444444444
CIV,2000,0.0,0.0,0.0,0.25,0.049999999999999996,0.0,0.2962962962962963
CIV,2001,,,,,,,0.3240740740740741
CIV,2002,0.0,0.0,0.0625,0.25,0.049999999999999996,0.0,0.3055555555555556
CIV,2003,0.0,0.0,0.0,0.25,0.049999999999999996,0.0,0.3055555555555556
CIV,2004,0.0,0.0,0.0,0.2857143,0.125,0.0,0.2777777777777778
CIV,2005,0.0,0.0,0.0,0.25,0.125,0.0,0.2222222222222222
CIV,2006,0.125,0.0,0.0625,0.2857143,0.15,0.19599999999999998,0.2222222222222222
CIV,2007,0.125,0.0,0.0625,0.2857143,0.15,0.19599999999999998,0.224537037037037
CIV,2008,0.25,0.0,0.0625,0.2857143,0.175,0.19233329999999998,0.2731481481481481
CIV,2009,0.25,0.25,0.3125,0.2857143,0.25,0.2756667,0.2777777777777778
CIV,2010,0.25,0.25,0.375,0.3214286,0.25,0.2673333,0.2569444444444445
CIV,2011,0.25,0.25,0.1875,0.3214286,0.22499999999999998,0.2693333,0.25
CIV,2012,0.25,0.25,0.3125,0.3214286,0.22499999999999998,0.27499999999999997,0.2314814814814814
CIV,2013,0.25,0.25,0.5,0.3214286,0.22499999999999998,0.27499999999999997,0.2222222222222222
CIV,2014,0.25,0.25,0.5,0.3214286,0.25,0.2843333,0.2268518518518518
CIV,2015,0.25,0.25,0.4375,0.3214286,0.3,0.27699999999999997,0.25
CIV,2016,0.25,0.25,0.4375,0.3214286,0.3,0.2936667,0.25
CIV,2017,0.25,0.25,0.3125,0.3214286,0.3,0.2976667,0.25
CIV,2018,0.25,0.25,0.375,0.3214286,0.3,0.305,0.25
CIV,2019,0.25,0.25,0.375,0.3214286,0.3,0.3016667,0.25
CIV,2020,0.25,0.25,0.375,0.3214286,0.3,0.25,0.25
CIV,2021,0.25,0.25,0.375,0.3214286,0.3,0.3073333,0.2523148148148148
CIV,2022,0.25,0.25,0.5,0.3571429,0.35,0.3073333,0.3472222222222222
CIV,2023,0.25,0.25,0.5,0.3571429,0.35,0.3073333,0.3611111111111111
CIV,2024,0.25,0.25,0.5,0.3571429,0.35,0.3073333,0.375
CMR,1996,0.0,0.0,0.0625,0.2142857,0.049999999999999996,0.0,0.5833333333333334
CMR,1997,,,,,,,0.4861111111111111
CMR,1998,0.125,0.25,0.375,0.2857143,0.175,0.0,0.3611111111111111
CMR,1999,,,,,,,0.3611111111111111
CMR,2000,0.125,0.25,0.5625,0.2857143,0.175,0.0,0.3194444444444444
CMR,2001,,,,,,,0.3055555555555555
CMR,2002,0.0,0.25,0.375,0.25,0.125,0.0,0.3055555555555555
CMR,2003,0.125,0.25,0.375,0.25,0.15,0.125,0.3055555555555555
CMR,2004,0.125,0.25,0.375,0.25,0.15,0.125,0.3055555555555555
CMR,2005,0.0,0.25,0.375,0.25,0.125,0.0,0.3055555555555555
CMR,2006,0.25,0.25,0.5,0.25,0.19999999999999998,0.19233329999999998,0.3518518518518518
CMR,2007,0.25,0.25,0.5,0.2678571,0.2375,0.2756667,0.3819444444444444
CMR,2008,0.25,0.25,0.4375,0.2857143,0.27499999999999997,0.36533329999999997,0.4282407407407407
CMR,2009,0.25,0.25,0.375,0.2857143,0.25,0.282,0.4444444444444444
CMR,2010,0.25,0.25,0.3125,0.25,0.25,0.2803333,0.3888888888888888
CMR,2011,0.25,0.25,0.3125,0.2142857,0.25,0.2803333,0.375
CMR,2012,0.125,0.25,0.3125,0.2142857,0.25,0.2813333,0.3564814814814814
CMR,2013,0.125,0.25,0.3125,0.1785714,0.22499999999999998,0.2006667,0.3472222222222221
CMR,2014,0.125,0.25,0.3125,0.1785714,0.22499999999999998,0.19699999999999998,0.3472222222222221
CMR,2015,0.125,0.25,0.3125,0.1785714,0.25,0.2886667,0.3472222222222221
CMR,2016,0.125,0.25,0.3125,0.1785714,0.25,0.282,0.3472222222222221
CMR,2017,0.125,0.25,0.3125,0.1785714,0.25,0.287,0.3287037037037037
CMR,2018,0.125,0.25,0.3125,0.1785714,0.25,0.27599999999999997,0.3194444444444444
CMR,2019,0.125,0.25,0.1875,0.1785714,0.25,0.2616667,0.3194444444444444
CMR,2020,0.125,0.25,0.125,0.1785714,0.25,0.259,0.3194444444444444
CMR,2021,0.125,0.25,0.125,0.1785714,0.25,0.252,0.3194444444444444
CMR,2022,0.125,0.25,0.125,0.1785714,0.25,0.252,0.3194444444444444
CMR,2023,0.125,0.25,0.125,0.1785714,0.25,0.252,0.3194444444444444
CMR,2024,0.0,0.25,0.125,0.1785714,0.25,0.252,0.3194444444444444
COD,1996,0.0,0.25,0.1767677,0.18181819999999999,0.1666667,0.25,0.1388888888888888
COD,1997,,,,,,,0.1875
COD,1998,0.1666667,0.0,0.24242419999999998,0.0,0.1666667,0.0833333,0.1851851851851852
COD,1999,,,,,,,0.1111111111111111
COD,2000,0.1666667,0.0,0.3939394,0.0,0.1666667,0.0833333,0.1111111111111111
COD,2001,,,,,,,0.1111111111111111
COD,2002,0.1666667,0.0,0.4545455,0.46428569999999997,0.29761899999999997,0.0833333,0.1111111111111111
COD,2003,0.1666667,0.0,0.479798,0.46428569999999997,0.29761899999999997,0.0833333,0.1111111111111111
COD,2004,0.0,0.0,0.3125,0.1071429,0.125,0.0,0.1111111111111111
COD,2005,0.0,0.0,0.1875,0.1071429,0.15,0.125,0.1111111111111111
COD,2006,0.1666667,0.0,0.40404039999999997,0.46428569999999997,0.29761899999999997,0.27599999999999997,0.1111111111111111
COD,2007,0.15,0.21433329999999998,0.46464649999999996,0.46428569999999997,0.58,0.27599999999999997,0.1111111111111111
COD,2008,0.145,0.2133333,0.46464649999999996,0.46428569999999997,0.645,0.22799999999999998,0.1111111111111111
COD,2009,0.0,0.0,0.125,0.1428571,0.15,0.15933329999999998,0.1226851851851851
COD,2010,0.0,0.0,0.125,0.1428571,0.15,0.155,0.1388888888888888
COD,2011,0.0,0.0,0.125,0.1428571,0.15,0.155,0.1388888888888888
COD,2012,0.0,0.0,0.0625,0.1428571,0.125,0.1473333,0.1388888888888888
COD,2013,0.0,0.0,0.0625,0.1785714,0.125,0.1443333,0.1388888888888888
COD,2014,0.0,0.0,0.0625,0.1785714,0.125,0.1416667,0.1388888888888888
COD,2015,0.0,0.0,0.0625,0.1785714,0.125,0.1536667,0.1388888888888888
COD,2016,0.0,0.0,0.0,0.1785714,0.125,0.14766669999999998,0.1388888888888888
COD,2017,0.0,0.0,0.0,0.1428571,0.09999999999999999,0.13699999999999998,0.1203703703703703
COD,2018,0.0,0.0,0.0,0.1428571,0.075,0.133,0.1111111111111111
COD,2019,0.0,0.0,0.1875,0.1428571,0.075,0.121,0.1111111111111111
COD,2020,0.0,0.0,0.1875,0.1428571,0.075,0.121,0.1111111111111111
COD,2021,0.0,0.0,0.3125,0.1428571,0.075,0.13,0.1643518518518518
COD,2022,0.0,0.0,0.1875,0.1428571,0.075,0.1326667,0.1666666666666666
COD,2023,0.0,0.0,0.1875,0.1428571,0.075,0.1393333,0.1666666666666666
COD,2024,0.0,0.0,0.1875,0.1428571,0.09999999999999999,0.1473333,0.1666666666666666
COG,1996,0.5,0.25,0.6464646,0.36363639999999997,0.5,0.4166667,0.4166666666666667
COG,1997,,,,,,,0.4027777777777778
COG,1998,0.6666667,0.25,0.6767677,0.2727273,0.1666667,0.0833333,0.3611111111111111
COG,1999,,,,,,,0.3611111111111111
COG,2000,0.6666667,0.25,0.7676767999999999,0.4545455,0.3333333,0.0833333,0.4027777777777777
COG,2001,,,,,,,0.4166666666666667
COG,2002,0.3333333,0.25,0.7373737,0.7321428999999999,0.452381,0.25,0.3611111111111111
COG,2003,0.3333333,0.25,0.7828282999999999,0.5982143,0.452381,0.25,0.3055555555555555
COG,2004,0.3333333,0.25,0.7979798,0.5982143,0.452381,0.25,0.3055555555555555
COG,2005,0.0,0.0,0.1875,0.1428571,0.175,0.125,0.3055555555555555
COG,2006,0.0,0.0,0.1875,0.1428571,0.25,0.1896667,0.3055555555555555
COG,2007,0.0,0.0,0.28125,0.1428571,0.25,0.1896667,0.3055555555555555
COG,2008,0.0,0.25,0.3125,0.1428571,0.25,0.1813333,0.3055555555555555
COG,2009,0.0,0.25,0.4375,0.1428571,0.25,0.1813333,0.3055555555555555
COG,2010,0.0,0.25,0.4375,0.1428571,0.25,0.17966669999999998,0.3055555555555555
COG,2011,0.0,0.25,0.4375,0.1428571,0.25,0.17966669999999998,0.3055555555555555
COG,2012,0.0,0.25,0.4375,0.1428571,0.25,0.17966669999999998,0.287037037037037
COG,2013,0.0,0.25,0.4375,0.1428571,0.25,0.17966669999999998,0.2777777777777777
COG,2014,0.0,0.25,0.4375,0.1428571,0.25,0.17966669999999998,0.2777777777777777
COG,2015,0.0,0.25,0.375,0.1428571,0.25,0.1803333,0.2777777777777777
COG,2016,0.0,0.25,0.375,0.1428571,0.25,0.1803333,0.2777777777777777
COG,2017,0.0,0.25,0.375,0.1428571,0.25,0.1916667,0.2592592592592592
COG,2018,0.0,0.25,0.375,0.1428571,0.25,0.1936667,0.25
COG,2019,0.0,0.25,0.375,0.1428571,0.25,0.187,0.25
COG,2020,0.0,0.25,0.375,0.1428571,0.25,0.187,0.25
COG,2021,0.0,0.25,0.375,0.1428571,0.25,0.1763333,0.25
COG,2022,0.0,0.25,0.375,0.1428571,0.25,0.1763333,0.2569444444444444
COG,2023,0.0,0.25,0.375,0.1428571,0.25,0.1763333,0.25
COG,2024,0.0,0.25,0.375,0.1428571,0.25,0.1763333,0.25
COL,1996,0.25,0.5,0.625,0.5,0.35,0.25,0.4953703703703704
COL,1997,,,,,,,0.3657407407407407
COL,1998,0.25,0.5,0.375,0.5714286,0.39999999999999997,0.25,0.3611111111111111
COL,1999,,,,,,,0.3888888888888888
COL,2000,0.125,0.5,0.3125,0.6071428999999999,0.25,0.25,0.3425925925925925
COL,2001,,,,,,,0.3333333333333333
COL,2002,0.25,0.25,0.3125,0.46428569999999997,0.35,0.375,0.3657407407407407
COL,2003,0.25,0.25,0.25,0.46428569999999997,0.375,0.375,0.3888888888888888
COL,2004,0.25,0.25,0.25,0.46428569999999997,0.375,0.375,0.3888888888888888
COL,2005,0.25,0.25,0.3125,0.5357143,0.39999999999999997,0.375,0.3888888888888888
COL,2006,0.25,0.25,0.4375,0.5714286,0.39999999999999997,0.4633333,0.3958333333333333
COL,2007,0.25,0.25,0.4375,0.5714286,0.39999999999999997,0.4633333,0.3888888888888889
COL,2008,0.25,0.25,0.4375,0.5714286,0.39999999999999997,0.46799999999999997,0.4189814814814814
COL,2009,0.25,0.25,0.4375,0.5714286,0.39999999999999997,0.46799999999999997,0.4444444444444444
COL,2010,0.25,0.5,0.5,0.6071428999999999,0.425,0.46833329999999995,0.4444444444444444
COL,2011,0.25,0.5,0.625,0.6785713999999999,0.425,0.471,0.4444444444444444
COL,2012,0.25,0.5,0.625,0.6785713999999999,0.425,0.471,0.4259259259259259
COL,2013,0.25,0.5,0.5,0.6428571,0.39999999999999997,0.46833329999999995,0.4166666666666667
COL,2014,0.25,0.5,0.5,0.6428571,0.39999999999999997,0.46833329999999995,0.4166666666666667
COL,2015,0.375,0.5,0.5625,0.6071428999999999,0.44999999999999996,0.5539999999999999,0.4166666666666667
COL,2016,0.375,0.5,0.5625,0.6071428999999999,0.475,0.5556667,0.4166666666666667
COL,2017,0.375,0.5,0.625,0.6071428999999999,0.44999999999999996,0.5556667,0.4166666666666667
COL,2018,0.375,0.5,0.625,0.6071428999999999,0.44999999999999996,0.5653332999999999,0.4166666666666667
COL,2019,0.375,0.5,0.6875,0.6428571,0.44999999999999996,0.571,0.4166666666666667
COL,2020,0.375,0.5,0.625,0.6428571,0.44999999999999996,0.568,0.4166666666666667
COL,2021,0.375,0.5,0.4375,0.6785713999999999,0.44999999999999996,0.5493333,0.4004629629629629
COL,2022,0.375,0.5,0.5,0.6428571,0.44999999999999996,0.5573332999999999,0.3888888888888888
COL,2023,0.375,0.5,0.5,0.6428571,0.44999999999999996,0.5516667,0.3888888888888888
COL,2024,0.375,0.5,0.5,0.6428571,0.44999999999999996,0.5449999999999999,0.3888888888888888
COM,1996,0.25,0.125,0.625,0.2083333,0.3125,0.25,
COM,1997,,,,,,,
COM,1998,0.25,0.125,0.625,0.2083333,0.3125,0.25,
COM,1999,,,,,,,
COM,2000,0.25,0.25,0.5625,0.25,0.3125,0.1875,
COM,2001,,,,,,,
COM,2002,0.375,0.375,0.625,0.3333333,0.375,0.3125,
COM,2003,0.375,0.25,0.4375,0.25,0.375,0.1875,
COM,2004,0.4545455,0.3030303,0.5,0.3164983,0.3989899,0.3939394,
COM,2005,0.375,0.25,0.4375,0.25,0.375,0.3125,
COM,2006,0.5,0.25,0.5,0.25,0.375,0.38999999999999996,
COM,2007,0.5,0.25,0.4375,0.25,0.375,0.38999999999999996,
COM,2008,0.5,0.25,0.4375,0.2083333,0.375,0.358,
COM,2009,0.175,0.3383333,0.4375,0.2083333,0.5875,0.358,
COM,2010,0.215,0.33499999999999996,0.4375,0.2083333,0.67125,0.34099999999999997,
COM,2011,0.22,0.2766667,0.4375,0.2083333,0.6699999999999999,0.352,
COM,2012,0.285,0.36666669999999996,0.5,0.25,0.705,0.352,
COM,2013,0.5,0.25,0.5,0.25,0.375,0.352,
COM,2014,0.5,0.3333333,0.6111111,0.3888889,0.5555555999999999,0.352,
COM,2015,0.5,0.3333333,0.6111111,0.3888889,0.5555555999999999,0.371,
COM,2016,0.5,0.3333333,0.6111111,0.3888889,0.5555555999999999,0.371,
COM,2017,0.5,0.3333333,0.6111111,0.3888889,0.5555555999999999,0.371,
COM,2018,0.5,0.3333333,0.6111111,0.3333333,0.5,0.371,
COM,2019,0.3333333,0.3333333,0.6111111,0.3333333,0.5,0.315,
COM,2020,0.3333333,0.3333333,0.6111111,0.3333333,0.5,0.309,
COM,2021,0.3333333,0.3333333,0.6111111,0.3333333,0.5,,
COM,2022,0.34896069999999996,0.39508689999999996,0.6111111,0.44444439999999996,0.5628321,0.2250914,
COM,2023,0.40366009999999997,0.437691,0.6111111,0.44444439999999996,0.6072499,0.27512749999999997,
COM,2024,0.446557,0.48438359999999997,0.6666667,0.44444439999999996,0.6213229,0.29419259999999997,
CPV,1996,,,,,,,
CPV,1997,,,,,,,
CPV,1998,,,,,,,
CPV,1999,,,,,,,
CPV,2000,,,,,,,
CPV,2001,,,,,,,
CPV,2002,0.5,0.5,0.875,0.5,0.625,0.4375,
CPV,2003,0.5,0.5,0.875,0.5,0.625,0.4375,
CPV,2004,0.4747475,0.4949495,0.8636364,0.5016835,0.6666667,0.5252525,
CPV,2005,0.5,0.5,0.875,0.5,0.625,0.5,
CPV,2006,0.625,0.75,0.8125,0.5,0.75,0.831,
CPV,2007,0.625,0.75,0.8125,0.5,0.7374999999999999,0.831,
CPV,2008,0.625,0.5,0.75,0.46428569999999997,0.7,0.8436667,
CPV,2009,0.625,0.5,0.625,0.46428569999999997,0.625,0.7603333,
CPV,2010,0.625,0.5,0.625,0.46428569999999997,0.6,0.6813332999999999,
CPV,2011,0.625,0.5,0.6875,0.5,0.6,0.6806667,
CPV,2012,0.625,0.5,0.6875,0.5,0.6,0.6806667,
CPV,2013,0.625,0.5,0.6875,0.46428569999999997,0.6,0.6806667,
CPV,2014,0.625,0.5,0.6875,0.46428569999999997,0.6,0.6769999999999999,
CPV,2015,0.625,0.5,0.6875,0.4285714,0.6,0.6769999999999999,
CPV,2016,0.625,0.5,0.6875,0.4285714,0.6,0.6813332999999999,
CPV,2017,0.625,0.5,0.6875,0.4285714,0.6,0.6793332999999999,
CPV,2018,0.625,0.5,0.6875,0.4285714,0.625,0.6793332999999999,
CPV,2019,0.625,0.5,0.6875,0.4285714,0.625,0.6759999999999999,
CPV,2020,0.625,0.5,0.6875,0.4285714,0.625,0.6716667,
CPV,2021,0.625,0.5,0.6875,0.4285714,0.625,0.6716667,
CPV,2022,0.625,0.5,0.6875,0.4285714,0.625,0.6716667,
CPV,2023,0.625,0.5,0.6875,0.4285714,0.625,0.6716667,
CPV,2024,0.625,0.5,0.6875,0.4285714,0.625,0.6693333,
CRI,1996,0.625,0.5,0.875,0.7142856999999999,0.7,0.75,0.6666666666666666
CRI,1997,,,,,,,0.6666666666666666
CRI,1998,0.625,0.5,0.875,0.7142856999999999,0.65,0.75,0.6666666666666666
CRI,1999,,,,,,,0.6666666666666666
CRI,2000,0.625,0.5,0.875,0.7142856999999999,0.65,0.75,0.6666666666666666
CRI,2001,,,,,,,0.6388888888888888
CRI,2002,0.5,0.5,0.875,0.6785713999999999,0.625,0.75,0.5532407407407408
CRI,2003,0.5,0.5,0.875,0.6785713999999999,0.625,0.75,0.5277777777777778
CRI,2004,0.5,0.5,0.875,0.6785713999999999,0.625,0.75,0.5277777777777778
CRI,2005,0.5,0.5,0.875,0.6785713999999999,0.625,0.75,0.5092592592592592
CRI,2006,0.5,0.5,0.875,0.6428571,0.625,0.768,0.4722222222222221
CRI,2007,0.5,0.5,0.875,0.6428571,0.625,0.768,0.5
CRI,2008,0.5,0.5,0.875,0.7142856999999999,0.65,0.768,0.4722222222222222
CRI,2009,0.625,0.5,0.875,0.7142856999999999,0.7,0.768,0.4722222222222222
CRI,2010,0.625,0.5,0.875,0.6785713999999999,0.6749999999999999,0.768,0.4722222222222222
CRI,2011,0.625,0.5,0.875,0.6785713999999999,0.6749999999999999,0.77,0.4537037037037037
CRI,2012,0.625,0.5,0.875,0.6785713999999999,0.6749999999999999,0.77,0.4629629629629629
CRI,2013,0.625,0.5,0.875,0.6785713999999999,0.6749999999999999,0.7676666999999999,0.4722222222222222
CRI,2014,0.625,0.5,0.875,0.6785713999999999,0.6749999999999999,0.7676666999999999,0.474537037037037
CRI,2015,0.625,0.5,0.875,0.6785713999999999,0.6749999999999999,0.7653333,0.5
CRI,2016,0.625,0.5,0.875,0.7142856999999999,0.6749999999999999,0.7626666999999999,0.5
CRI,2017,0.5,0.5,0.875,0.7142856999999999,0.6749999999999999,0.7626666999999999,0.4814814814814814
CRI,2018,0.625,0.5,0.8125,0.75,0.6749999999999999,0.769,0.4606481481481481
CRI,2019,0.625,0.5,0.8125,0.7142856999999999,0.6749999999999999,0.771,0.4444444444444445
CRI,2020,0.625,0.5,0.8125,0.7142856999999999,0.6749999999999999,0.772,0.4444444444444445
CRI,2021,0.625,0.5,0.8125,0.7142856999999999,0.625,0.6856667,0.4444444444444445
CRI,2022,0.625,0.5,0.8125,0.7142856999999999,0.625,0.693,0.4444444444444445
CRI,2023,0.625,0.5,0.875,0.7142856999999999,0.6,0.693,0.4444444444444445
CRI,2024,0.625,0.5,0.875,0.7142856999999999,0.6,0.693,0.4444444444444445
CUB,1996,0.25,0.25,0.5,0.1785714,0.19999999999999998,0.25,0.5277777777777778
CUB,1997,,,,,,,0.5439814814814815
CUB,1998,0.25,0.25,0.4375,0.2142857,0.25,0.25,0.5555555555555556
CUB,1999,,,,,,,0.5092592592592593
CUB,2000,0.25,0.5,0.4375,0.2142857,0.25,0.25,0.5
CUB,2001,,,,,,,0.5162037037037037
CUB,2002,0.25,0.5,0.4375,0.2142857,0.25,0.25,0.5277777777777778
CUB,2003,0.25,0.5,0.375,0.2142857,0.25,0.25,0.5277777777777778
CUB,2004,0.25,0.5,0.5,0.1428571,0.25,0.25,0.5277777777777778
CUB,2005,0.25,0.0,0.5,0.2142857,0.22499999999999998,0.125,0.5277777777777778
CUB,2006,0.75,0.5,0.625,0.25,0.44999999999999996,0.284,0.5277777777777778
CUB,2007,0.75,0.5,0.625,0.25,0.46249999999999997,0.3256667,0.5277777777777778
CUB,2008,0.75,0.5,0.625,0.25,0.475,0.3673333,0.4768518518518518
CUB,2009,0.75,0.5,0.625,0.25,0.475,0.3673333,0.4722222222222222
CUB,2010,0.75,0.5,0.625,0.25,0.475,0.3673333,0.4930555555555556
CUB,2011,0.75,0.5,0.625,0.25,0.475,0.3673333,0.5
CUB,2012,0.75,0.5,0.625,0.25,0.475,0.3673333,0.4814814814814814
CUB,2013,0.625,0.5,0.625,0.2142857,0.475,0.3673333,0.4722222222222222
CUB,2014,0.625,0.5,0.625,0.2142857,0.475,0.3673333,0.4722222222222222
CUB,2015,0.625,0.5,0.625,0.2142857,0.44999999999999996,0.3673333,0.4722222222222222
CUB,2016,0.375,0.5,0.625,0.25,0.44999999999999996,0.36533329999999997,0.4722222222222222
CUB,2017,0.375,0.5,0.625,0.25,0.44999999999999996,0.36033329999999997,0.4907407407407407
CUB,2018,0.375,0.5,0.625,0.25,0.44999999999999996,0.35,0.5
CUB,2019,0.375,0.5,0.625,0.25,0.475,0.3446667,0.5138888888888888
CUB,2020,0.375,0.5,0.625,0.25,0.475,0.3446667,0.5416666666666666
CUB,2021,0.375,0.5,0.5625,0.25,0.44999999999999996,0.3363333,0.5740740740740741
CUB,2022,0.375,0.5,0.5625,0.2142857,0.44999999999999996,0.3383333,0.5416666666666666
CUB,2023,0.375,0.5,0.5,0.2142857,0.44999999999999996,0.3383333,0.5416666666666666
CUB,2024,0.375,0.5,0.5,0.2142857,0.44999999999999996,0.33599999999999997,0.5277777777777778
CYM,1996,0.875,1.0,0.875,0.875,0.9375,1.0,
CYM,1998,0.875,1.0,0.875,0.875,0.9375,1.0,
CYM,2000,0.875,1.0,0.875,0.9166667,0.9375,1.0,
CYM,2002,0.875,1.0,0.875,0.9583332999999999,0.9375,1.0,
CYM,2003,0.875,0.875,0.875,0.9166667,0.875,0.8125,
CYM,2004,0.7979798,0.7878788,0.8383838,0.8417507999999999,0.8131313,0.7373737,
CYM,2005,0.875,0.875,0.875,0.9166667,0.8125,0.8125,
CYM,2006,0.875,0.875,0.875,0.9166667,0.875,0.8125,
CYM,2007,0.875,0.875,0.875,0.9166667,0.875,0.8125,
CYM,2008,0.75,0.875,0.875,0.875,0.875,0.8125,
CYM,2009,0.625,0.5,0.9375,0.75,0.6749999999999999,0.625,
CYM,2010,0.625,0.5,0.875,0.75,0.6749999999999999,0.625,
CYM,2011,0.625,0.5,0.875,0.75,0.6749999999999999,0.625,
CYM,2012,0.625,0.5,0.875,0.75,0.6749999999999999,0.625,
CYM,2013,0.625,0.5,0.875,0.75,0.6749999999999999,0.625,
CYM,2014,0.625,0.5,0.875,0.75,0.6749999999999999,0.625,
CYM,2015,0.625,0.5,0.875,0.75,0.6749999999999999,0.625,
CYM,2016,0.5,0.5,0.875,0.75,0.6749999999999999,0.625,
CYM,2017,0.5,0.5,0.875,0.75,0.6749999999999999,0.625,
CYM,2018,0.5,0.5,0.875,0.75,0.6749999999999999,0.625,
CYM,2019,0.5,0.5,0.875,0.75,0.6749999999999999,0.625,
CYM,2020,0.5,0.5,0.875,0.75,0.6749999999999999,0.625,
CYM,2021,0.5,0.5,0.9375,0.75,0.7,0.75,
CYM,2022,0.5,0.5,0.9375,0.75,0.7,0.75,
CYM,2023,0.5,0.5,0.9375,0.75,0.7,0.75,
CYM,2024,0.5,0.5,0.9375,0.75,0.7,0.75,
CYP,1996,0.875,0.75,0.6875,0.7142856999999999,0.7749999999999999,0.875,0.8472222222222223
CYP,1997,,,,,,,0.8645833333333334
CYP,1998,0.75,0.75,0.6875,0.6785713999999999,0.75,0.75,0.8796296296296297
CYP,1999,,,,,,,0.8333333333333334
CYP,2000,0.75,0.75,0.75,0.6428571,0.75,0.75,0.8333333333333334
CYP,2001,,,,,,,0.8333333333333334
CYP,2002,0.75,0.75,0.5,0.6785713999999999,0.7,0.75,0.8333333333333334
CYP,2003,0.625,0.5,0.4375,0.6785713999999999,0.625,0.75,0.8333333333333334
CYP,2004,0.5,0.5,0.5625,0.7142856999999999,0.6,0.625,0.8333333333333334
CYP,2005,0.5,0.5,0.5625,0.7142856999999999,0.6,0.625,0.8333333333333334
CYP,2006,0.625,0.5,0.75,0.8214286,0.7749999999999999,0.8366667,0.8333333333333334
CYP,2007,0.625,0.5,0.75,0.8214286,0.7749999999999999,0.7949999999999999,0.8333333333333334
CYP,2008,0.625,0.5,0.8125,0.7857143,0.7749999999999999,0.7566666999999999,0.8333333333333334
CYP,2009,0.625,0.5,0.8125,0.7857143,0.7749999999999999,0.7566666999999999,0.8333333333333334
CYP,2010,0.625,0.75,0.8125,0.7857143,0.75,0.743,0.8333333333333334
CYP,2011,0.625,0.75,0.8125,0.7857143,0.75,0.743,0.8333333333333334
CYP,2012,0.625,0.75,0.8125,0.7857143,0.75,0.743,0.8333333333333334
CYP,2013,0.625,0.75,0.75,0.7857143,0.75,0.743,0.8333333333333334
CYP,2014,0.625,0.75,0.8125,0.75,0.725,0.7466667,0.8333333333333334
CYP,2015,0.625,0.75,0.8125,0.75,0.725,0.751,0.8333333333333334
CYP,2016,0.625,0.75,0.8125,0.75,0.725,0.755,0.8333333333333334
CYP,2017,0.625,0.75,0.8125,0.7142856999999999,0.725,0.753,0.8148148148148149
CYP,2018,0.5,0.5,0.8125,0.75,0.7,0.753,0.8055555555555557
CYP,2019,0.5,0.5,0.8125,0.75,0.7,0.753,0.8055555555555557
CYP,2020,0.5,0.5,0.625,0.75,0.6749999999999999,0.752,0.8055555555555557
CYP,2021,0.5,0.5,0.625,0.75,0.6749999999999999,0.7476667,0.7893518518518517
CYP,2022,0.5,0.5,0.625,0.7142856999999999,0.6749999999999999,0.746,0.7777777777777778
CYP,2023,0.5,0.5,0.625,0.7142856999999999,0.6749999999999999,0.746,0.7615740740740741
CYP,2024,0.5,0.5,0.6875,0.7142856999999999,0.6749999999999999,0.746,0.7754629629629629
CZE,1996,0.5,0.5,0.8125,0.5357143,0.7,0.5,0.8055555555555555
CZE,1997,,,,,,,0.8009259259259259
CZE,1998,0.625,0.5,0.75,0.5357143,0.725,0.5,0.75
CZE,1999,,,,,,,0.75
CZE,2000,0.375,0.5,0.8125,0.5714286,0.625,0.375,0.75
CZE,2001,,,,,,,0.7407407407407408
CZE,2002,0.5,0.5,0.875,0.7142856999999999,0.725,0.625,0.6875
CZE,2003,0.5,0.5,0.875,0.6785713999999999,0.725,0.625,0.6666666666666666
CZE,2004,0.5,0.5,0.875,0.6785713999999999,0.725,0.625,0.6666666666666666
CZE,2005,0.5,0.5,0.875,0.6785713999999999,0.725,0.625,0.6666666666666666
CZE,2006,0.5,0.5,0.875,0.6785713999999999,0.725,0.689,0.6666666666666666
CZE,2007,0.5,0.5,0.875,0.6785713999999999,0.725,0.689,0.6666666666666666
CZE,2008,0.5,0.5,0.875,0.6785713999999999,0.725,0.6896667,0.6666666666666666
CZE,2009,0.5,0.5,0.875,0.6785713999999999,0.725,0.6896667,0.6666666666666666
CZE,2010,0.5,0.5,0.875,0.6785713999999999,0.725,0.6896667,0.6666666666666666
CZE,2011,0.5,0.5,0.875,0.6785713999999999,0.725,0.6896667,0.6666666666666666
CZE,2012,0.5,0.5,0.875,0.6785713999999999,0.725,0.6896667,0.6666666666666666
CZE,2013,0.5,0.5,0.8125,0.6785713999999999,0.725,0.6853332999999999,0.6666666666666666
CZE,2014,0.5,0.5,0.8125,0.6785713999999999,0.7749999999999999,0.6813332999999999,0.6689814814814815
CZE,2015,0.5,0.5,0.8125,0.7142856999999999,0.75,0.6813332999999999,0.6944444444444445
CZE,2016,0.5,0.5,0.8125,0.7142856999999999,0.75,0.6773332999999999,0.6944444444444445
CZE,2017,0.5,0.5,0.8125,0.7142856999999999,0.75,0.6706667,0.6944444444444445
CZE,2018,0.5,0.5,0.8125,0.7142856999999999,0.725,0.6729999999999999,0.6944444444444445
CZE,2019,0.5,0.5,0.8125,0.7142856999999999,0.725,0.6729999999999999,0.6851851851851851
CZE,2020,0.5,0.5,0.8125,0.7142856999999999,0.725,0.6723333,0.6944444444444445
CZE,2021,0.5,0.5,0.8125,0.7142856999999999,0.725,0.6746667,0.6944444444444445
CZE,2022,0.5,0.5,0.8125,0.75,0.725,0.6823332999999999,0.6944444444444445
CZE,2023,0.625,0.75,0.875,0.75,0.7749999999999999,0.7656666999999999,0.6944444444444445
CZE,2024,0.625,0.75,0.9375,0.75,0.825,0.8526667,0.6944444444444445
DEU,1996,0.875,1.0,1.0,0.8214286,0.8999999999999999,1.0,0.9768518518518516
DEU,1997,,,,,,,0.9444444444444444
DEU,1998,0.875,1.0,1.0,0.8214286,0.8999999999999999,1.0,0.9444444444444444
DEU,1999,,,,,,,0.9398148148148148
DEU,2000,0.875,1.0,1.0,0.8571428999999999,0.8999999999999999,1.0,0.8703703703703703
DEU,2001,,,,,,,0.8333333333333334
DEU,2002,0.875,1.0,0.9375,0.8928571,0.875,0.875,0.8333333333333334
DEU,2003,0.875,1.0,0.9375,0.8214286,0.875,0.875,0.8449074074074074
DEU,2004,0.875,1.0,0.9375,0.8214286,0.875,0.875,0.8611111111111112
DEU,2005,0.875,1.0,0.9375,0.7857143,0.875,0.875,0.8634259259259259
DEU,2006,0.75,1.0,0.9375,0.7857143,0.875,0.8773333,0.888888888888889
DEU,2007,0.75,1.0,0.9375,0.8035713999999999,0.875,0.8773333,0.888888888888889
DEU,2008,0.75,1.0,0.9375,0.8214286,0.875,0.8773333,0.888888888888889
DEU,2009,0.75,1.0,0.875,0.8214286,0.875,0.8773333,0.888888888888889
DEU,2010,0.75,1.0,0.875,0.8214286,0.875,0.8626667,0.888888888888889
DEU,2011,0.75,1.0,0.875,0.8214286,0.875,0.8613333,0.888888888888889
DEU,2012,0.75,1.0,0.875,0.7857143,0.875,0.8613333,0.888888888888889
DEU,2013,0.75,1.0,0.875,0.7857143,0.875,0.8603333,0.888888888888889
DEU,2014,0.75,1.0,0.875,0.7857143,0.875,0.8713333,0.888888888888889
DEU,2015,0.75,1.0,0.875,0.7857143,0.875,0.8713333,0.888888888888889
DEU,2016,0.75,1.0,0.875,0.8214286,0.85,0.7876666999999999,0.888888888888889
DEU,2017,0.75,1.0,0.875,0.8214286,0.85,0.7869999999999999,0.888888888888889
DEU,2018,0.875,1.0,0.875,0.8214286,0.875,0.7893333,0.888888888888889
DEU,2019,0.875,1.0,0.875,0.8214286,0.875,0.7893333,0.888888888888889
DEU,2020,0.875,1.0,0.875,0.8214286,0.875,0.7889999999999999,0.888888888888889
DEU,2021,0.875,1.0,0.875,0.8214286,0.875,0.7889999999999999,0.888888888888889
DEU,2022,0.875,1.0,0.875,0.7857143,0.875,0.7933333,0.888888888888889
DEU,2023,0.875,1.0,0.875,0.7857143,0.9249999999999999,0.8766666999999999,0.8726851851851851
DEU,2024,0.875,1.0,0.8125,0.8214286,0.9249999999999999,0.8743333,0.8611111111111112
DJI,1996,0.375,0.25,0.4375,0.2916667,0.375,0.25,
DJI,1997,,,,,,,
DJI,1998,0.375,0.25,0.4375,0.2916667,0.375,0.25,
DJI,1999,,,,,,,
DJI,2000,0.375,0.25,0.4375,0.3333333,0.375,0.3125,
DJI,2001,,,,,,,
DJI,2002,0.375,0.375,0.5,0.375,0.4375,0.375,
DJI,2003,0.375,0.375,0.4375,0.375,0.4375,0.375,
DJI,2004,0.46464649999999996,0.40404039999999997,0.5555555999999999,0.4107744,0.4949495,0.3888889,
DJI,2005,0.375,0.375,0.4375,0.375,0.4375,0.3125,
DJI,2006,0.375,0.25,0.5,0.375,0.5,0.237,
DJI,2007,0.5,0.375,0.5625,0.3333333,0.5625,0.237,
DJI,2008,0.425,0.7033332999999999,0.6875,0.375,0.7975,0.237,
DJI,2009,0.125,0.25,0.625,0.25,0.3,0.2456667,
DJI,2010,0.125,0.25,0.5625,0.25,0.27499999999999997,0.24,
DJI,2011,0.125,0.25,0.4375,0.25,0.27499999999999997,0.256,
DJI,2012,0.125,0.25,0.4375,0.25,0.27499999999999997,0.258,
DJI,2013,0.125,0.25,0.4375,0.25,0.25,0.182,
DJI,2014,0.125,0.25,0.4375,0.25,0.25,0.183,
DJI,2015,0.125,0.25,0.4375,0.25,0.25,0.18,
DJI,2016,0.125,0.25,0.4375,0.25,0.25,0.17766669999999998,
DJI,2017,0.125,0.25,0.375,0.25,0.25,0.1753333,
DJI,2018,0.125,0.25,0.375,0.25,0.25,0.179,
DJI,2019,0.125,0.25,0.375,0.2857143,0.27499999999999997,0.17566669999999998,
DJI,2020,0.125,0.25,0.4375,0.2857143,0.25,0.17366669999999998,
DJI,2021,0.125,0.25,0.375,0.2857143,0.25,0.17466669999999998,
DJI,2022,0.125,0.25,0.375,0.2857143,0.22499999999999998,0.17466669999999998,
DJI,2023,0.125,0.25,0.375,0.25,0.22499999999999998,0.1733333,
DJI,2024,0.125,0.25,0.375,0.25,0.25,0.1733333,
DMA,1996,0.75,0.75,0.875,0.75,0.75,0.75,
DMA,1997,,,,,,,
DMA,1998,0.75,0.75,0.875,0.75,0.75,0.75,
DMA,1999,,,,,,,
DMA,2000,0.75,0.75,0.8125,0.7916667,0.75,0.75,
DMA,2001,,,,,,,
DMA,2002,0.75,0.75,0.8125,0.7916667,0.75,0.75,
DMA,2003,0.75,0.75,0.8125,0.7916667,0.75,0.75,
DMA,2004,0.7070706999999999,0.6868687,0.7676767999999999,0.7272727,0.7121212,0.7171717,
DMA,2005,0.75,0.75,0.8125,0.7916667,0.75,0.75,
DMA,2006,0.75,0.75,0.8125,0.875,0.75,0.6875,
DMA,2007,0.75,0.75,0.8125,0.875,0.75,0.6875,
DMA,2008,0.75,0.75,0.8125,0.875,0.75,0.6875,
DMA,2009,0.75,0.75,0.8125,0.875,0.75,0.6875,
DMA,2010,0.75,0.75,0.8125,0.875,0.75,0.6875,
DMA,2011,0.75,0.75,0.8125,0.875,0.75,0.6875,
DMA,2012,0.75,0.75,0.8125,0.875,0.75,0.6875,
DMA,2013,0.75,0.75,0.8125,0.875,0.75,0.6875,
DMA,2014,0.6666667,0.5833332999999999,0.8333332999999999,0.7777778,0.6111111,,
DMA,2015,0.6666667,0.5833332999999999,0.8333332999999999,0.7777778,0.8333332999999999,,
DMA,2016,0.6666667,0.5833332999999999,0.8333332999999999,0.7777778,0.8333332999999999,,
DMA,2017,0.6666667,0.4166667,0.8333332999999999,0.7777778,0.8333332999999999,,
DMA,2018,0.6666667,0.4166667,0.8333332999999999,0.7777778,0.8333332999999999,,
DMA,2019,0.6666667,0.4166667,0.7777778,0.7777778,0.8888889,,
DMA,2020,0.6666667,0.4166667,0.8888889,0.7777778,0.8888889,,
DMA,2021,0.6666667,0.4166667,0.8888889,0.7777778,0.8333332999999999,,
DMA,2022,0.6666667,0.4166667,0.8888889,0.7777778,0.8333332999999999,,
DMA,2023,0.6666667,0.5833332999999999,0.8888889,0.7777778,0.7777778,,
DMA,2024,0.6666667,0.5833332999999999,0.8888889,0.7777778,0.7777778,,
DNK,1996,0.875,1.0,1.0,0.9285713999999999,0.95,1.0,1.0
DNK,1997,,,,,,,1.0
DNK,1998,0.875,1.0,1.0,0.9285713999999999,0.95,1.0,1.0
DNK,1999,,,,,,,1.0
DNK,2000,0.875,1.0,1.0,0.9285713999999999,0.95,1.0,1.0
DNK,2001,,,,,,,0.9675925925925926
DNK,2002,0.875,1.0,1.0,0.9285713999999999,0.95,1.0,0.9722222222222222
DNK,2003,0.875,1.0,1.0,0.9642856999999999,0.95,1.0,0.9722222222222222
DNK,2004,0.875,1.0,1.0,0.9285713999999999,0.95,1.0,0.9722222222222222
DNK,2005,0.875,1.0,1.0,0.9285713999999999,0.975,1.0,0.9722222222222222
DNK,2006,0.875,1.0,1.0,0.9642856999999999,0.975,0.984,0.9722222222222222
DNK,2007,0.875,1.0,1.0,0.9642856999999999,0.975,0.984,0.9722222222222222
DNK,2008,0.875,1.0,1.0,0.9642856999999999,0.975,0.984,0.9722222222222222
DNK,2009,0.875,1.0,1.0,0.9285713999999999,0.975,0.984,0.9722222222222222
DNK,2010,0.875,1.0,1.0,0.9285713999999999,0.975,0.984,0.9722222222222222
DNK,2011,0.875,1.0,1.0,0.9285713999999999,0.975,0.984,0.9722222222222222
DNK,2012,0.875,1.0,1.0,0.9285713999999999,0.975,0.984,0.9722222222222222
DNK,2013,0.875,1.0,1.0,0.9285713999999999,0.975,0.9793333,0.9722222222222222
DNK,2014,0.75,0.75,1.0,0.9642856999999999,0.8999999999999999,0.8036667,0.9722222222222222
DNK,2015,0.75,0.75,0.9375,0.9642856999999999,0.9249999999999999,0.887,0.9722222222222222
DNK,2016,0.75,0.75,0.9375,0.9642856999999999,0.9249999999999999,0.89,0.9722222222222222
DNK,2017,0.75,0.75,0.9375,0.9285713999999999,0.8999999999999999,0.8073332999999999,0.9675925925925926
DNK,2018,0.75,0.75,0.9375,0.9285713999999999,0.9249999999999999,0.8906666999999999,0.9722222222222222
DNK,2019,0.75,0.75,0.9375,0.9285713999999999,0.9249999999999999,0.8906666999999999,0.9722222222222222
DNK,2020,0.875,0.75,0.9375,0.9285713999999999,0.9249999999999999,0.8883333,0.9953703703703703
DNK,2021,0.875,1.0,0.875,0.9285713999999999,0.975,0.9696667,1.0
DNK,2022,0.875,1.0,0.8125,0.8928571,0.975,0.976,1.0
DNK,2023,0.875,1.0,0.8125,0.8928571,0.975,0.976,1.0
DNK,2024,0.875,1.0,0.8125,0.8928571,0.975,0.976,1.0
DOM,1996,0.25,0.25,0.5,0.3571429,0.375,0.25,0.5740740740740741
DOM,1997,,,,,,,0.5763888888888888
DOM,1998,0.0,0.0,0.375,0.39285709999999996,0.27499999999999997,0.125,0.5277777777777778
DOM,1999,,,,,,,0.5277777777777778
DOM,2000,0.0,0.0,0.6875,0.4285714,0.27499999999999997,0.125,0.5277777777777778
DOM,2001,,,,,,,0.4722222222222221
DOM,2002,0.25,0.0,0.5625,0.4285714,0.325,0.25,0.3055555555555555
DOM,2003,0.0,0.0,0.375,0.39285709999999996,0.22499999999999998,0.125,0.3055555555555555
DOM,2004,0.25,0.0,0.4375,0.39285709999999996,0.3,0.25,0.3055555555555555
DOM,2005,0.125,0.0,0.4375,0.39285709999999996,0.3,0.25,0.3055555555555555
DOM,2006,0.125,0.0,0.6875,0.4285714,0.35,0.371,0.3171296296296296
DOM,2007,0.125,0.0,0.6875,0.4285714,0.35,0.371,0.3333333333333333
DOM,2008,0.125,0.0,0.6875,0.4285714,0.35,0.3733333,0.3333333333333333
DOM,2009,0.125,0.0,0.5625,0.4285714,0.35,0.3733333,0.3333333333333333
DOM,2010,0.125,0.0,0.625,0.46428569999999997,0.35,0.3733333,0.3333333333333333
DOM,2011,0.125,0.0,0.625,0.46428569999999997,0.35,0.3733333,0.3333333333333333
DOM,2012,0.25,0.25,0.625,0.46428569999999997,0.375,0.383,0.3148148148148148
DOM,2013,0.25,0.25,0.625,0.46428569999999997,0.525,0.4746667,0.3055555555555556
DOM,2014,0.25,0.25,0.6875,0.46428569999999997,0.525,0.47233329999999996,0.3171296296296296
DOM,2015,0.25,0.25,0.6875,0.5,0.5,0.47233329999999996,0.324074074074074
DOM,2016,0.25,0.25,0.6875,0.5357143,0.5,0.47233329999999996,0.3287037037037036
DOM,2017,0.25,0.25,0.6875,0.5357143,0.5,0.472,0.3402777777777778
DOM,2018,0.25,0.25,0.6875,0.5357143,0.5,0.46799999999999997,0.3425925925925925
DOM,2019,0.25,0.25,0.6875,0.5357143,0.5,0.46799999999999997,0.3611111111111111
DOM,2020,0.25,0.25,0.625,0.5357143,0.5,0.4606667,0.3611111111111111
DOM,2021,0.375,0.5,0.625,0.5357143,0.5,0.46499999999999997,0.3449074074074074
DOM,2022,0.375,0.5,0.625,0.5,0.5,0.46299999999999997,0.3333333333333333
DOM,2023,0.375,0.5,0.625,0.5,0.5,0.4646667,0.3333333333333333
DOM,2024,0.5,0.5,0.6875,0.6428571,0.5499999999999999,0.4706667,0.3333333333333333
DZA,1996,0.125,0.5,0.0,0.3214286,0.175,0.375,0.4166666666666667
DZA,1997,,,,,,,0.4236111111111111
DZA,1998,0.0,0.25,0.0,0.3214286,0.15,0.25,0.3935185185185185
DZA,1999,,,,,,,0.3888888888888888
DZA,2000,0.0,0.0,0.25,0.3214286,0.15,0.25,0.3888888888888888
DZA,2001,,,,,,,0.3865740740740741
DZA,2002,0.0,0.25,0.1875,0.3571429,0.5,0.5,0.3611111111111111
DZA,2003,0.0,0.0,0.375,0.3214286,0.44999999999999996,0.375,0.3611111111111111
DZA,2004,0.0,0.0,0.4375,0.3214286,0.39999999999999997,0.375,0.3842592592592592
DZA,2005,0.25,0.0,0.4375,0.3214286,0.375,0.375,0.4166666666666667
DZA,2006,0.25,0.0,0.4375,0.3214286,0.375,0.3556667,0.4166666666666667
DZA,2007,0.25,0.0,0.5,0.375,0.375,0.3556667,0.4166666666666667
DZA,2008,0.25,0.0,0.5625,0.3214286,0.35,0.3606667,0.4166666666666667
DZA,2009,0.25,0.0,0.3125,0.2142857,0.325,0.3606667,0.4166666666666667
DZA,2010,0.25,0.0,0.1875,0.2142857,0.325,0.3646667,0.4398148148148148
DZA,2011,0.25,0.0,0.3125,0.1785714,0.325,0.3646667,0.4444444444444444
DZA,2012,0.25,0.0,0.375,0.1785714,0.325,0.37766669999999997,0.4444444444444444
DZA,2013,0.25,0.0,0.375,0.1785714,0.35,0.37766669999999997,0.4444444444444444
DZA,2014,0.25,0.0,0.375,0.1785714,0.35,0.37766669999999997,0.4444444444444444
DZA,2015,0.25,0.0,0.375,0.1785714,0.35,0.38166669999999997,0.4444444444444444
DZA,2016,0.25,0.25,0.375,0.2142857,0.35,0.36866669999999996,0.4444444444444444
DZA,2017,0.25,0.25,0.375,0.2142857,0.35,0.36866669999999996,0.4444444444444444
DZA,2018,0.25,0.25,0.375,0.1428571,0.35,0.2833333,0.4444444444444444
DZA,2019,0.125,0.25,0.25,0.1071429,0.35,0.30033329999999997,0.4444444444444444
DZA,2020,0.125,0.25,0.25,0.1071429,0.35,0.29233329999999996,0.4444444444444444
DZA,2021,0.125,0.0,0.1875,0.1071429,0.325,0.29233329999999996,0.4282407407407407
DZA,2022,0.125,0.0,0.25,0.1071429,0.325,0.2886667,0.4340277777777778
DZA,2023,0.125,0.0,0.25,0.1071429,0.325,0.2886667,0.4583333333333333
DZA,2024,0.125,0.0,0.3125,0.1071429,0.325,0.285,0.4583333333333333
ECU,1996,0.125,0.0,0.125,0.46428569999999997,0.325,0.25,0.5787037037037037
ECU,1997,,,,,,,0.5787037037037037
ECU,1998,0.125,0.25,0.4375,0.5357143,0.325,0.25,0.5185185185185185
ECU,1999,,,,,,,0.5
ECU,2000,0.125,0.0,0.25,0.4285714,0.35,0.25,0.5
ECU,2001,,,,,,,0.4861111111111111
ECU,2002,0.125,0.0,0.3125,0.3571429,0.35,0.375,0.4236111111111111
ECU,2003,0.125,0.0,0.3125,0.3571429,0.375,0.375,0.5
ECU,2004,0.0,0.0,0.25,0.3571429,0.375,0.375,0.5
ECU,2005,0.0,0.0,0.3125,0.3214286,0.35,0.375,0.4791666666666667
ECU,2006,0.0,0.0,0.3125,0.25,0.3,0.438,0.4722222222222222
ECU,2007,0.0,0.0,0.3125,0.25,0.2625,0.438,0.4722222222222222
ECU,2008,0.0,0.0,0.3125,0.25,0.22499999999999998,0.438,0.4722222222222222
ECU,2009,0.0,0.25,0.375,0.1071429,0.22499999999999998,0.438,0.4722222222222222
ECU,2010,0.0,0.25,0.375,0.1428571,0.22499999999999998,0.4423333,0.4513888888888889
ECU,2011,0.0,0.25,0.375,0.1428571,0.22499999999999998,0.44066669999999997,0.4444444444444445
ECU,2012,0.0,0.25,0.375,0.1428571,0.22499999999999998,0.44266669999999997,0.4444444444444445
ECU,2013,0.0,0.25,0.5625,0.1428571,0.3,0.44566669999999997,0.4444444444444445
ECU,2014,0.0,0.25,0.5625,0.1428571,0.3,0.44566669999999997,0.4421296296296296
ECU,2015,0.125,0.25,0.5,0.0714286,0.3,0.44566669999999997,0.4166666666666667
ECU,2016,0.125,0.25,0.5,0.1428571,0.375,0.44366669999999997,0.4166666666666667
ECU,2017,0.125,0.25,0.5625,0.1428571,0.375,0.4506667,0.4166666666666667
ECU,2018,0.125,0.25,0.5625,0.25,0.375,0.45899999999999996,0.4166666666666667
ECU,2019,0.125,0.25,0.4375,0.3214286,0.39999999999999997,0.46099999999999997,0.4560185185185185
ECU,2020,0.125,0.25,0.4375,0.3571429,0.39999999999999997,0.4543333,0.4722222222222222
ECU,2021,0.125,0.25,0.375,0.46428569999999997,0.475,0.4403333,0.5046296296296297
ECU,2022,0.125,0.25,0.375,0.46428569999999997,0.375,0.43966669999999997,0.5
ECU,2023,0.125,0.25,0.5,0.46428569999999997,0.3,0.4303333,0.5
ECU,2024,0.125,0.25,0.4375,0.46428569999999997,0.3,0.4246667,0.5208333333333334
EGY,1996,0.25,0.5,0.5,0.3571429,0.44999999999999996,0.25,0.5046296296296297
EGY,1997,,,,,,,0.5
EGY,1998,0.25,0.5,0.6875,0.3571429,0.44999999999999996,0.25,0.5
EGY,1999,,,,,,,0.5
EGY,2000,0.25,0.5,0.6875,0.39285709999999996,0.44999999999999996,0.25,0.5
EGY,2001,,,,,,,0.4976851851851852
EGY,2002,0.25,0.25,0.5,0.4285714,0.5499999999999999,0.375,0.4722222222222221
EGY,2003,0.25,0.25,0.375,0.3571429,0.5499999999999999,0.375,0.4722222222222221
EGY,2004,0.25,0.25,0.375,0.39285709999999996,0.5499999999999999,0.375,0.4722222222222221
EGY,2005,0.25,0.25,0.3125,0.5,0.525,0.25,0.4722222222222221
EGY,2006,0.25,0.25,0.3125,0.5,0.5499999999999999,0.2966667,0.4861111111111111
EGY,2007,0.25,0.25,0.46875,0.5535713999999999,0.5499999999999999,0.2966667,0.4976851851851852
EGY,2008,0.25,0.25,0.5,0.6071428999999999,0.575,0.29633329999999997,0.4722222222222222
EGY,2009,0.25,0.25,0.5,0.6071428999999999,0.625,0.37966669999999997,0.4722222222222222
EGY,2010,0.25,0.25,0.4375,0.6071428999999999,0.6,0.35233329999999996,0.4722222222222222
EGY,2011,0.25,0.25,0.1875,0.6071428999999999,0.44999999999999996,0.38166669999999997,0.4467592592592592
EGY,2012,0.25,0.25,0.1875,0.5714286,0.39999999999999997,0.31866669999999997,0.4375
EGY,2013,0.25,0.25,0.125,0.46428569999999997,0.425,0.2756667,0.4444444444444444
EGY,2014,0.25,0.25,0.375,0.5,0.425,0.1886667,0.4444444444444444
EGY,2015,0.25,0.25,0.5,0.4285714,0.475,0.2726667,0.4444444444444444
EGY,2016,0.375,0.25,0.5,0.3214286,0.475,0.27699999999999997,0.4444444444444444
EGY,2017,0.375,0.25,0.5,0.3214286,0.44999999999999996,0.2786667,0.4444444444444444
EGY,2018,0.375,0.25,0.625,0.3571429,0.475,0.2786667,0.4444444444444444
EGY,2019,0.25,0.25,0.5625,0.3571429,0.475,0.2686667,0.4756944444444444
EGY,2020,0.125,0.25,0.5625,0.39285709999999996,0.44999999999999996,0.2643333,0.4861111111111111
EGY,2021,0.125,0.25,0.5625,0.4285714,0.475,0.2643333,0.4861111111111111
EGY,2022,0.125,0.25,0.5625,0.4285714,0.475,0.2643333,0.4861111111111111
EGY,2023,0.125,0.25,0.4375,0.46428569999999997,0.475,0.2643333,0.4699074074074074
EGY,2024,0.125,0.25,0.4375,0.46428569999999997,0.475,0.2596667,0.4583333333333333
ERI,1996,0.625,0.25,0.1875,0.25,0.5,0.125,
ERI,1997,,,,,,,
ERI,1998,0.625,0.25,0.1875,0.25,0.5,0.125,
ERI,1999,,,,,,,
ERI,2000,0.625,0.25,0.1875,0.25,0.4375,0.125,
ERI,2001,,,,,,,
ERI,2002,0.625,0.5,0.5,0.2916667,0.5,0.125,
ERI,2003,0.625,0.5,0.5,0.2916667,0.5,0.125,
ERI,2004,0.5959595999999999,0.4747475,0.48484849999999996,0.3164983,0.5,0.19191919999999998,
ERI,2005,0.625,0.5,0.5,0.2916667,0.5,0.125,
ERI,2006,0.25,0.25,0.5,0.0714286,0.19999999999999998,0.16033329999999998,
ERI,2007,0.25,0.25,0.5,0.0714286,0.19999999999999998,0.16033329999999998,
ERI,2008,0.25,0.25,0.5,0.0714286,0.175,0.077,
ERI,2009,0.25,0.25,0.5,0.0714286,0.175,0.077,
ERI,2010,0.25,0.25,0.4375,0.0714286,0.175,0.077,
ERI,2011,0.25,0.25,0.4375,0.0714286,0.175,0.078,
ERI,2012,0.25,0.25,0.4375,0.0714286,0.175,0.08,
ERI,2013,0.25,0.25,0.4375,0.0714286,0.175,0.08,
ERI,2014,0.25,0.25,0.4375,0.0714286,0.175,0.0813333,
ERI,2015,0.0,0.25,0.4375,0.0714286,0.175,0.079,
ERI,2016,0.0,0.25,0.4375,0.0714286,0.175,0.079,
ERI,2017,0.0,0.25,0.4375,0.0714286,0.175,0.079,
ERI,2018,0.0,0.25,0.4375,0.0714286,0.175,0.079,
ERI,2019,0.0,0.25,0.4375,0.0714286,0.175,0.079,
ERI,2020,0.0,0.25,0.4375,0.0714286,0.175,0.0716667,
ERI,2021,0.0,0.25,0.375,0.0714286,0.175,0.0676667,
ERI,2022,0.0,0.25,0.4375,0.0714286,0.15,0.0676667,
ERI,2023,0.0,0.25,0.5,0.0714286,0.15,0.0656667,
ERI,2024,0.0,0.25,0.5,0.0714286,0.175,0.0656667,
ESP,1996,0.875,1.0,0.8125,0.75,0.875,0.75,0.8564814814814815
ESP,1997,,,,,,,0.8344907407407408
ESP,1998,0.875,1.0,0.8125,0.7857143,0.85,0.75,0.75
ESP,1999,,,,,,,0.7222222222222222
ESP,2000,0.875,1.0,0.8125,0.7857143,0.875,0.75,0.736111111111111
ESP,2001,,,,,,,0.7662037037037037
ESP,2002,0.875,1.0,0.8125,0.7857143,0.875,0.75,0.7662037037037037
ESP,2003,0.875,1.0,0.875,0.7857143,0.875,0.75,0.7777777777777778
ESP,2004,0.625,0.75,0.8125,0.7857143,0.7749999999999999,0.75,0.7476851851851851
ESP,2005,0.625,1.0,0.875,0.8214286,0.7749999999999999,0.75,0.75
ESP,2006,0.625,0.75,0.6875,0.7142856999999999,0.7999999999999999,0.7779999999999999,0.75
ESP,2007,0.625,0.75,0.6875,0.7321428999999999,0.7999999999999999,0.7779999999999999,0.75
ESP,2008,0.625,0.75,0.6875,0.75,0.7999999999999999,0.7816666999999999,0.75
ESP,2009,0.625,0.75,0.6875,0.75,0.7749999999999999,0.7816666999999999,0.75
ESP,2010,0.625,0.75,0.6875,0.75,0.7749999999999999,0.772,0.75
ESP,2011,0.625,0.75,0.625,0.75,0.7749999999999999,0.7673333,0.75
ESP,2012,0.625,0.75,0.5625,0.75,0.7749999999999999,0.7673333,0.75
ESP,2013,0.625,0.75,0.5625,0.75,0.7749999999999999,0.7673333,0.75
ESP,2014,0.5,0.75,0.8125,0.7857143,0.7749999999999999,0.7683333,0.7476851851851851
ESP,2015,0.5,0.75,0.8125,0.7857143,0.7749999999999999,0.7766666999999999,0.7222222222222223
ESP,2016,0.5,0.75,0.8125,0.7857143,0.7749999999999999,0.7766666999999999,0.7222222222222223
ESP,2017,0.5,0.75,0.8125,0.7857143,0.7749999999999999,0.7693333,0.7222222222222223
ESP,2018,0.5,0.75,0.75,0.75,0.75,0.7693333,0.7222222222222223
ESP,2019,0.5,0.75,0.75,0.75,0.75,0.7763333,0.7222222222222223
ESP,2020,0.5,0.75,0.75,0.75,0.725,0.7706666999999999,0.7222222222222223
ESP,2021,0.5,0.75,0.75,0.75,0.725,0.7646666999999999,0.7222222222222223
ESP,2022,0.5,0.75,0.6875,0.7142856999999999,0.725,0.769,0.7222222222222223
ESP,2023,0.5,0.75,0.6875,0.7142856999999999,0.725,0.769,0.7060185185185185
ESP,2024,0.5,0.75,0.6875,0.7142856999999999,0.725,0.771,0.6944444444444445
EST,1996,0.375,0.5,0.6875,0.75,0.575,0.625,
EST,1997,,,,,,,
EST,1998,0.5,0.25,0.6875,0.75,0.6,0.75,
EST,1999,,,,,,,0.75
EST,2000,0.5,0.5,0.75,0.75,0.65,0.75,0.75
EST,2001,,,,,,,0.6898148148148148
EST,2002,0.5,0.5,0.875,0.7857143,0.75,0.875,0.5972222222222222
EST,2003,0.5,0.5,0.875,0.7857143,0.75,0.875,0.5972222222222222
EST,2004,0.5,0.5,0.875,0.7857143,0.75,0.875,0.5972222222222222
EST,2005,0.5,0.5,0.875,0.7857143,0.7749999999999999,0.75,0.5972222222222222
EST,2006,0.5,0.5,0.875,0.7857143,0.7749999999999999,0.758,0.5972222222222222
EST,2007,0.5,0.5,0.8125,0.7857143,0.7749999999999999,0.758,0.5972222222222222
EST,2008,0.5,0.5,0.75,0.7857143,0.7749999999999999,0.756,0.5972222222222222
EST,2009,0.5,0.5,0.6875,0.7857143,0.7749999999999999,0.756,0.5972222222222222
EST,2010,0.5,0.5,0.6875,0.7857143,0.7749999999999999,0.756,0.5972222222222222
EST,2011,0.5,0.5,0.6875,0.7857143,0.7749999999999999,0.7536666999999999,0.5972222222222222
EST,2012,0.5,0.5,0.6875,0.7857143,0.7749999999999999,0.7536666999999999,0.6157407407407408
EST,2013,0.5,0.5,0.6875,0.7857143,0.7749999999999999,0.7536666999999999,0.625
EST,2014,0.5,0.5,0.6875,0.8571428999999999,0.825,0.8413333,0.6273148148148148
EST,2015,0.5,0.5,0.6875,0.8928571,0.825,0.845,0.6527777777777778
EST,2016,0.5,0.5,0.6875,0.8928571,0.825,0.845,0.6527777777777778
EST,2017,0.5,0.5,0.6875,0.8928571,0.825,0.843,0.6527777777777778
EST,2018,0.75,0.75,0.6875,0.8214286,0.7999999999999999,0.849,0.6527777777777778
EST,2019,0.75,0.75,0.6875,0.8571428999999999,0.7999999999999999,0.8466667,0.6527777777777778
EST,2020,0.75,0.75,0.8125,0.8571428999999999,0.825,0.8446667,0.6527777777777778
EST,2021,0.625,0.75,0.8125,0.8571428999999999,0.825,0.8446667,0.6527777777777778
EST,2022,0.625,0.75,0.8125,0.8571428999999999,0.825,0.8486667,0.6527777777777778
EST,2023,0.75,0.75,0.8125,0.8214286,0.825,0.8486667,0.6527777777777778
EST,2024,0.75,0.75,0.8125,0.8214286,0.825,0.8543333,0.6527777777777778
ETH,1996,0.0,0.0,0.3125,0.1071429,0.15,0.125,0.4722222222222222
ETH,1997,,,,,,,0.4722222222222222
ETH,1998,0.0,0.0,0.3125,0.1071429,0.15,0.125,0.4722222222222222
ETH,1999,,,,,,,0.4722222222222222
ETH,2000,0.0,0.0,0.3125,0.1071429,0.15,0.125,0.4722222222222222
ETH,2001,,,,,,,0.4722222222222222
ETH,2002,0.0,0.0,0.3125,0.1071429,0.15,0.125,0.4722222222222222
ETH,2003,0.0,0.0,0.3125,0.1071429,0.15,0.125,0.4722222222222222
ETH,2004,0.0,0.0,0.375,0.1428571,0.15,0.125,0.4722222222222222
ETH,2005,0.0,0.0,0.375,0.1428571,0.175,0.25,0.4722222222222222
ETH,2006,0.25,0.25,0.25,0.3214286,0.325,0.324,0.4722222222222222
ETH,2007,0.25,0.25,0.25,0.3214286,0.325,0.324,0.4699074074074074
ETH,2008,0.25,0.25,0.25,0.3571429,0.325,0.3173333,0.4861111111111111
ETH,2009,0.25,0.25,0.25,0.3571429,0.325,0.3173333,0.4861111111111111
ETH,2010,0.25,0.25,0.25,0.3571429,0.325,0.28933329999999996,0.4861111111111111
ETH,2011,0.25,0.25,0.25,0.2857143,0.325,0.293,0.4861111111111111
ETH,2012,0.25,0.25,0.3125,0.2142857,0.3,0.2906667,0.4675925925925925
ETH,2013,0.25,0.25,0.3125,0.1428571,0.35,0.29433329999999996,0.4768518518518518
ETH,2014,0.25,0.25,0.3125,0.1785714,0.39999999999999997,0.2906667,0.4861111111111111
ETH,2015,0.25,0.25,0.3125,0.1785714,0.39999999999999997,0.29433329999999996,0.4861111111111111
ETH,2016,0.375,0.25,0.25,0.1785714,0.39999999999999997,0.2866667,0.4861111111111111
ETH,2017,0.25,0.25,0.25,0.25,0.425,0.2806667,0.4861111111111111
ETH,2018,0.25,0.25,0.25,0.25,0.425,0.2783333,0.4861111111111111
ETH,2019,0.25,0.25,0.25,0.25,0.425,0.2813333,0.5243055555555556
ETH,2020,0.25,0.25,0.0625,0.25,0.425,0.2793333,0.5555555555555556
ETH,2021,0.25,0.25,0.0,0.25,0.35,0.19333329999999999,0.5416666666666666
ETH,2022,0.25,0.25,0.0,0.25,0.35,0.189,0.5277777777777778
ETH,2023,0.25,0.25,0.0625,0.25,0.35,0.1956667,0.5231481481481481
ETH,2024,0.25,0.25,0.0625,0.25,0.35,0.19133329999999998,0.4722222222222222
FIN,1996,0.875,1.0,1.0,0.8928571,1.0,1.0,0.9791666666666666
FIN,1997,,,,,,,0.9756944444444444
FIN,1998,0.875,1.0,1.0,0.8928571,1.0,1.0,1.0
FIN,1999,,,,,,,1.0
FIN,2000,0.875,1.0,1.0,0.8928571,1.0,1.0,1.0
FIN,2001,,,,,,,1.0
FIN,2002,0.875,1.0,1.0,0.9285713999999999,1.0,1.0,1.0
FIN,2003,0.875,1.0,1.0,0.9285713999999999,1.0,1.0,1.0
FIN,2004,0.875,1.0,1.0,0.8928571,1.0,1.0,1.0
FIN,2005,0.875,1.0,1.0,0.9285713999999999,1.0,1.0,1.0
FIN,2006,0.875,0.75,0.9375,0.8571428999999999,0.95,0.8916666999999999,1.0
FIN,2007,0.875,0.75,0.9375,0.8571428999999999,0.95,0.8916666999999999,1.0
FIN,2008,0.875,0.75,0.9375,0.8571428999999999,0.95,0.8916666999999999,1.0
FIN,2009,0.75,1.0,0.9375,0.9285713999999999,0.95,0.8916666999999999,1.0
FIN,2010,0.75,1.0,0.9375,0.9285713999999999,0.95,0.8896666999999999,1.0
FIN,2011,0.75,1.0,0.875,0.9285713999999999,0.95,0.8853333,1.0
FIN,2012,0.75,1.0,0.875,0.9285713999999999,0.95,0.8853333,0.9814814814814816
FIN,2013,0.75,1.0,0.875,0.9642856999999999,0.95,0.8843333,0.9722222222222222
FIN,2014,0.75,1.0,0.875,0.9642856999999999,0.95,0.8843333,0.9722222222222222
FIN,2015,0.875,1.0,0.875,0.9642856999999999,0.95,0.8843333,0.9722222222222222
FIN,2016,0.875,1.0,0.8125,0.9285713999999999,0.95,0.8843333,0.9722222222222222
FIN,2017,0.875,1.0,0.875,0.9285713999999999,0.95,0.8843333,0.9722222222222222
FIN,2018,0.875,1.0,0.75,0.8928571,0.95,0.888,0.9722222222222222
FIN,2019,0.875,1.0,0.75,0.9285713999999999,0.95,0.8916666999999999,0.9722222222222222
FIN,2020,0.875,1.0,0.875,0.9285713999999999,0.95,0.89,0.9722222222222222
FIN,2021,0.875,1.0,0.875,0.9285713999999999,0.95,0.8923333,0.9722222222222222
FIN,2022,0.875,1.0,0.8125,0.9285713999999999,0.95,0.8929999999999999,0.9722222222222222
FIN,2023,0.875,1.0,0.8125,0.9285713999999999,0.95,0.8933333,0.9722222222222222
FIN,2024,0.875,1.0,0.8125,0.9642856999999999,0.95,0.8933333,0.9722222222222222
FJI,1996,0.625,0.625,0.875,0.5,0.625,0.5625,
FJI,1997,,,,,,,
FJI,1998,0.625,0.625,0.875,0.5,0.625,0.5625,
FJI,1999,,,,,,,
FJI,2000,0.625,0.625,0.75,0.4583333,0.5,0.25,
FJI,2001,,,,,,,
FJI,2002,0.625,0.625,0.75,0.625,0.625,0.4375,
FJI,2003,0.5,0.625,0.75,0.5,0.625,0.375,
FJI,2004,0.5151515,0.5353534999999999,0.7474746999999999,0.38383839999999997,0.6313131,0.44444439999999996,
FJI,2005,0.375,0.625,0.8125,0.5,0.6875,0.5,
FJI,2006,0.375,0.625,0.8125,0.5,0.6875,0.566,
FJI,2007,0.375,0.5,0.75,0.4583333,0.5625,0.566,
FJI,2008,0.375,0.375,0.6875,0.3333333,0.5625,0.511,
FJI,2009,0.375,0.375,0.625,0.2916667,0.4375,0.511,
FJI,2010,0.375,0.5,0.625,0.3333333,0.4375,0.362,
FJI,2011,0.5,0.5,0.6875,0.375,0.4375,0.367,
FJI,2012,0.5,0.5,0.6875,0.375,0.4375,0.367,
FJI,2013,0.5,0.5,0.6875,0.375,0.4375,0.361,
FJI,2014,0.6666667,0.6666667,0.8333332999999999,0.6111111,0.6666667,0.5609999999999999,
FJI,2015,0.6666667,0.6666667,0.8333332999999999,0.6111111,0.6666667,0.569,
FJI,2016,0.6666667,0.6666667,0.8333332999999999,0.6111111,0.6666667,0.564,
FJI,2017,0.6666667,0.6666667,0.7777778,0.6111111,0.6666667,0.585,
FJI,2018,0.6666667,0.8333332999999999,0.8333332999999999,0.6111111,0.7222221999999999,0.585,
FJI,2019,0.6666667,0.8333332999999999,0.8333332999999999,0.6111111,0.8333332999999999,0.585,
FJI,2020,0.6666667,0.8333332999999999,0.8333332999999999,0.6111111,0.8333332999999999,0.572,
FJI,2021,0.6666667,0.8333332999999999,0.8333332999999999,0.6111111,0.8333332999999999,,
FJI,2022,0.6666667,0.8333332999999999,0.8333332999999999,0.6111111,0.8333332999999999,,
FJI,2023,0.6666667,0.8333332999999999,0.8333332999999999,0.6111111,0.8333332999999999,,
FJI,2024,0.6666667,0.8333332999999999,0.8333332999999999,0.6666667,0.8333332999999999,,
FRA,1996,0.75,1.0,0.9375,0.75,0.875,0.75,0.8599537037037037
FRA,1997,,,,,,,0.8090277777777778
FRA,1998,0.75,1.0,0.9375,0.75,0.875,0.75,0.8333333333333334
FRA,1999,,,,,,,0.7916666666666666
FRA,2000,0.75,1.0,0.9375,0.75,0.875,0.75,0.7777777777777778
FRA,2001,,,,,,,0.7222222222222223
FRA,2002,0.75,1.0,0.9375,0.75,0.875,0.75,0.6759259259259259
FRA,2003,0.75,1.0,0.9375,0.7857143,0.875,0.75,0.6666666666666666
FRA,2004,0.75,1.0,0.75,0.8214286,0.875,0.75,0.6944444444444445
FRA,2005,0.75,1.0,0.75,0.8214286,0.8999999999999999,0.875,0.7222222222222223
FRA,2006,0.75,1.0,0.875,0.8214286,0.8999999999999999,0.769,0.7222222222222223
FRA,2007,0.75,1.0,0.875,0.8214286,0.8999999999999999,0.769,0.7708333333333334
FRA,2008,0.75,1.0,0.875,0.8214286,0.8999999999999999,0.769,0.8055555555555557
FRA,2009,0.75,1.0,0.8125,0.8214286,0.8999999999999999,0.769,0.8055555555555557
FRA,2010,0.75,1.0,0.8125,0.8214286,0.8999999999999999,0.759,0.7939814814814815
FRA,2011,0.75,1.0,0.75,0.8214286,0.85,0.759,0.7777777777777778
FRA,2012,0.75,1.0,0.75,0.7857143,0.85,0.7626666999999999,0.7777777777777778
FRA,2013,0.75,1.0,0.6875,0.8214286,0.85,0.764,0.7569444444444445
FRA,2014,0.75,1.0,0.75,0.8214286,0.85,0.768,0.7523148148148149
FRA,2015,0.75,1.0,0.8125,0.8214286,0.85,0.764,0.7777777777777778
FRA,2016,0.75,1.0,0.8125,0.8214286,0.85,0.764,0.7777777777777778
FRA,2017,0.75,1.0,0.8125,0.8214286,0.85,0.76,0.7592592592592592
FRA,2018,0.75,1.0,0.8125,0.8214286,0.85,0.76,0.75
FRA,2019,0.75,1.0,0.8125,0.8214286,0.85,0.7706666999999999,0.75
FRA,2020,0.75,1.0,0.8125,0.75,0.85,0.7663333,0.7881944444444445
FRA,2021,0.75,1.0,0.8125,0.75,0.85,0.7663333,0.7916666666666666
FRA,2022,0.75,1.0,0.8125,0.75,0.85,0.769,0.7916666666666666
FRA,2023,0.75,1.0,0.8125,0.75,0.85,0.769,0.8078703703703703
FRA,2024,0.75,1.0,0.8125,0.75,0.85,0.7663333,0.8194444444444445
FSM,1996,,,,,,,
FSM,1997,,,,,,,
FSM,1998,,,,,,,
FSM,1999,,,,,,,
FSM,2000,,,,,,,
FSM,2001,,,,,,,
FSM,2002,,,,,,,
FSM,2003,,,,,,,
FSM,2004,0.5959595999999999,0.5353534999999999,0.8636364,0.6094276,0.7727273,0.6363635999999999,
FSM,2005,0.5,0.5,1.0,0.7083332999999999,0.875,0.75,
FSM,2006,0.5,0.5,1.0,0.7083332999999999,0.875,0.75,
FSM,2007,0.5,0.5,1.0,0.5833332999999999,0.875,0.75,
FSM,2008,0.5,0.5,1.0,0.5833332999999999,0.875,0.75,
FSM,2009,0.5,0.5,1.0,0.5833332999999999,0.875,0.75,
FSM,2010,0.5,0.5,1.0,0.5833332999999999,0.875,0.75,
FSM,2011,0.5,0.5,1.0,0.5833332999999999,0.875,0.75,
FSM,2012,0.5,0.5,1.0,0.5833332999999999,0.875,0.75,
FSM,2013,0.5,0.5,1.0,0.5833332999999999,0.875,0.75,
FSM,2014,0.8333332999999999,0.6666667,0.9444444,0.5555555999999999,0.7777778,,
FSM,2015,0.8333332999999999,0.6666667,0.9444444,0.5555555999999999,0.7777778,,
FSM,2016,0.8333332999999999,0.6666667,0.9444444,0.5555555999999999,0.7777778,,
FSM,2017,0.8333332999999999,0.75,0.9444444,0.6111111,0.7777778,,
FSM,2018,0.8333332999999999,0.75,1.0,0.5555555999999999,0.7777778,,
FSM,2019,0.8333332999999999,0.75,0.8888889,0.5555555999999999,0.8333332999999999,,
FSM,2020,0.8333332999999999,0.75,0.8888889,0.5555555999999999,0.8333332999999999,,
FSM,2021,0.8333332999999999,0.75,0.9444444,0.6111111,0.8333332999999999,,
FSM,2022,0.8333332999999999,0.75,0.9444444,0.6111111,0.8333332999999999,,
FSM,2023,0.8333332999999999,0.75,0.9444444,0.6111111,0.8333332999999999,,
FSM,2024,0.8333332999999999,0.75,0.9444444,0.6111111,0.8333332999999999,,
GAB,1996,0.0,0.0,0.1875,0.3571429,0.175,0.0,0.4722222222222221
GAB,1997,,,,,,,0.4375
GAB,1998,0.125,0.0,0.3125,0.3571429,0.25,0.0,0.3888888888888888
GAB,1999,,,,,,,0.3888888888888888
GAB,2000,0.25,0.0,0.5,0.3571429,0.375,0.125,0.3888888888888888
GAB,2001,,,,,,,0.3888888888888888
GAB,2002,0.25,0.0,0.5,0.39285709999999996,0.375,0.125,0.3888888888888888
GAB,2003,0.25,0.0,0.5,0.39285709999999996,0.375,0.125,0.3888888888888888
GAB,2004,0.25,0.0,0.4375,0.39285709999999996,0.375,0.125,0.3333333333333333
GAB,2005,0.25,0.0,0.5,0.39285709999999996,0.375,0.125,0.3055555555555555
GAB,2006,0.25,0.25,0.5625,0.2857143,0.27499999999999997,0.174,0.3055555555555555
GAB,2007,0.25,0.25,0.59375,0.3214286,0.325,0.2156667,0.3055555555555555
GAB,2008,0.25,0.25,0.625,0.3571429,0.39999999999999997,0.35,0.3564814814814814
GAB,2009,0.25,0.25,0.4375,0.3571429,0.375,0.2666667,0.3645833333333333
GAB,2010,0.25,0.25,0.5625,0.3571429,0.375,0.2763333,0.4236111111111111
GAB,2011,0.25,0.25,0.5625,0.3571429,0.375,0.2826667,0.4189814814814814
GAB,2012,0.25,0.25,0.5625,0.3571429,0.39999999999999997,0.36866669999999996,0.4027777777777777
GAB,2013,0.25,0.25,0.5625,0.3571429,0.39999999999999997,0.3753333,0.4027777777777777
GAB,2014,0.25,0.25,0.5625,0.2857143,0.39999999999999997,0.3753333,0.4027777777777777
GAB,2015,0.25,0.25,0.4375,0.2857143,0.39999999999999997,0.3753333,0.4027777777777777
GAB,2016,0.25,0.25,0.4375,0.2857143,0.39999999999999997,0.37466669999999996,0.4027777777777777
GAB,2017,0.25,0.25,0.4375,0.2857143,0.39999999999999997,0.3703333,0.4027777777777777
GAB,2018,0.25,0.25,0.4375,0.2857143,0.39999999999999997,0.3703333,0.4027777777777777
GAB,2019,0.25,0.25,0.4375,0.25,0.39999999999999997,0.3703333,0.4027777777777777
GAB,2020,0.25,0.25,0.4375,0.25,0.39999999999999997,0.368,0.4027777777777777
GAB,2021,0.25,0.5,0.375,0.25,0.39999999999999997,0.36333329999999997,0.4444444444444444
GAB,2022,0.25,0.5,0.375,0.25,0.39999999999999997,0.36333329999999997,0.4328703703703704
GAB,2023,0.25,0.25,0.3125,0.25,0.375,0.3226667,0.4166666666666667
GAB,2024,0.25,0.25,0.3125,0.25,0.325,0.3226667,0.4166666666666667
GBR,1996,0.875,1.0,0.9375,0.8928571,0.8999999999999999,0.875,0.9305555555555556
GBR,1997,,,,,,,0.925925925925926
GBR,1998,0.875,1.0,0.9375,0.8928571,0.8999999999999999,0.875,0.9444444444444444
GBR,1999,,,,,,,0.9444444444444444
GBR,2000,0.875,1.0,0.9375,0.8928571,0.8999999999999999,0.875,0.9444444444444444
GBR,2001,,,,,,,0.9398148148148148
GBR,2002,0.875,1.0,0.9375,0.8928571,0.8999999999999999,0.875,0.9166666666666666
GBR,2003,0.875,1.0,0.9375,0.8928571,0.8999999999999999,0.875,0.9166666666666666
GBR,2004,0.875,1.0,0.875,0.9285713999999999,0.8999999999999999,0.875,0.9050925925925926
GBR,2005,0.875,1.0,0.9375,0.8928571,0.875,0.75,0.8888888888888888
GBR,2006,0.75,1.0,0.9375,0.9642856999999999,0.9249999999999999,0.7693333,0.8773148148148149
GBR,2007,0.75,1.0,0.9375,0.9642856999999999,0.9249999999999999,0.7693333,0.861111111111111
GBR,2008,0.75,1.0,0.875,0.9285713999999999,0.9249999999999999,0.7716666999999999,0.861111111111111
GBR,2009,0.625,0.75,0.75,0.8571428999999999,0.9249999999999999,0.7716666999999999,0.861111111111111
GBR,2010,0.625,0.75,0.75,0.8571428999999999,0.9249999999999999,0.772,0.861111111111111
GBR,2011,0.625,0.75,0.6875,0.8571428999999999,0.875,0.75,0.8495370370370371
GBR,2012,0.625,0.75,0.6875,0.8571428999999999,0.875,0.7736666999999999,0.8518518518518517
GBR,2013,0.625,0.75,0.6875,0.8571428999999999,0.875,0.7769999999999999,0.8611111111111112
GBR,2014,0.625,0.75,0.75,0.8571428999999999,0.875,0.7769999999999999,0.8634259259259259
GBR,2015,0.75,0.75,0.75,0.9285713999999999,0.875,0.7769999999999999,0.888888888888889
GBR,2016,0.75,0.75,0.75,0.8571428999999999,0.875,0.7786666999999999,0.888888888888889
GBR,2017,0.875,0.75,0.8125,0.8571428999999999,0.875,0.7843333,0.888888888888889
GBR,2018,0.875,0.75,0.8125,0.8928571,0.8999999999999999,0.7843333,0.888888888888889
GBR,2019,0.875,0.75,0.75,0.8928571,0.8999999999999999,0.7839999999999999,0.888888888888889
GBR,2020,0.875,0.75,0.75,0.8928571,0.875,0.7846666999999999,0.888888888888889
GBR,2021,0.875,0.75,0.75,0.9285713999999999,0.875,0.77,0.888888888888889
GBR,2022,0.875,0.75,0.875,0.8928571,0.875,0.7759999999999999,0.8773148148148149
GBR,2023,0.875,0.75,0.875,0.8928571,0.875,0.7759999999999999,0.8449074074074074
GBR,2024,0.875,0.75,0.875,0.8928571,0.875,0.7779999999999999,0.8333333333333334
GEO,1996,0.125,0.25,0.25,0.3333333,0.1875,0.4375,
GEO,1997,,,,,,,
GEO,1998,0.125,0.25,0.25,0.3333333,0.1875,0.4375,
GEO,1999,,,,,,,
GEO,2000,0.125,0.375,0.25,0.375,0.1875,0.4375,
GEO,2001,,,,,,,
GEO,2002,0.125,0.375,0.25,0.375,0.1875,0.4375,
GEO,2003,0.375,0.375,0.3125,0.4583333,0.25,0.5625,
GEO,2004,0.3016126,0.22817459999999998,0.6282051,0.40140929999999997,0.3015252,0.4811947,
GEO,2005,0.4048382,0.23516179999999998,0.7207207,0.4206317,0.377943,0.4875325,
GEO,2006,0.375,0.25,0.4375,0.6428571,0.425,0.41333329999999996,
GEO,2007,0.3125,0.375,0.375,0.6785713999999999,0.4875,0.49666669999999996,
GEO,2008,0.375,0.5,0.125,0.6785713999999999,0.5,0.48733329999999997,
GEO,2009,0.375,0.5,0.0625,0.6785713999999999,0.5,0.48733329999999997,
GEO,2010,0.375,0.5,0.3125,0.6785713999999999,0.5,0.48633329999999997,
GEO,2011,0.375,0.5,0.3125,0.6785713999999999,0.5,0.4913333,
GEO,2012,0.375,0.5,0.4375,0.6785713999999999,0.5,0.5176666999999999,
GEO,2013,0.375,0.5,0.5,0.6785713999999999,0.525,0.5316666999999999,
GEO,2014,0.5,0.5,0.5,0.7142856999999999,0.575,0.5273333,
GEO,2015,0.5,0.5,0.5625,0.7142856999999999,0.575,0.5293333,
GEO,2016,0.5,0.5,0.5625,0.7142856999999999,0.575,0.531,
GEO,2017,0.625,0.5,0.5,0.7857143,0.575,0.531,
GEO,2018,0.625,0.5,0.5,0.7857143,0.575,0.5166666999999999,
GEO,2019,0.625,0.5,0.5,0.7857143,0.575,0.514,
GEO,2020,0.625,0.5,0.5,0.7857143,0.575,0.5103333,
GEO,2021,0.625,0.5,0.4375,0.7857143,0.5499999999999999,0.504,
GEO,2022,0.625,0.5,0.4375,0.75,0.5499999999999999,0.5066667,
GEO,2023,0.625,0.5,0.5625,0.75,0.5499999999999999,0.5066667,
GEO,2024,0.5,0.5,0.375,0.75,0.5499999999999999,0.49,
GHA,1996,0.25,0.25,0.5,0.3571429,0.39999999999999997,0.25,0.5833333333333334
GHA,1997,,,,,,,0.5486111111111112
GHA,1998,0.125,0.25,0.4375,0.3571429,0.27499999999999997,0.25,0.4490740740740741
GHA,1999,,,,,,,0.4305555555555555
GHA,2000,0.375,0.25,0.4375,0.3571429,0.475,0.25,0.3888888888888888
GHA,2001,,,,,,,0.4398148148148148
GHA,2002,0.375,0.25,0.375,0.3571429,0.475,0.25,0.4166666666666667
GHA,2003,0.375,0.25,0.375,0.3571429,0.475,0.25,0.4166666666666667
GHA,2004,0.25,0.25,0.4375,0.3571429,0.39999999999999997,0.25,0.4166666666666667
GHA,2005,0.25,0.25,0.4375,0.3571429,0.425,0.375,0.3958333333333333
GHA,2006,0.375,0.25,0.625,0.3571429,0.5,0.5116667,0.4166666666666667
GHA,2007,0.375,0.25,0.59375,0.3571429,0.5,0.5116667,0.4305555555555556
GHA,2008,0.375,0.25,0.5625,0.3571429,0.5,0.5116667,0.4305555555555556
GHA,2009,0.375,0.25,0.6875,0.3571429,0.44999999999999996,0.5116667,0.4305555555555556
GHA,2010,0.375,0.25,0.6875,0.3571429,0.44999999999999996,0.534,0.4722222222222222
GHA,2011,0.375,0.25,0.6875,0.3571429,0.44999999999999996,0.534,0.4861111111111111
GHA,2012,0.375,0.25,0.6875,0.3571429,0.44999999999999996,0.534,0.4861111111111111
GHA,2013,0.375,0.25,0.625,0.39285709999999996,0.44999999999999996,0.5443333,0.4861111111111111
GHA,2014,0.375,0.25,0.625,0.39285709999999996,0.475,0.5443333,0.4884259259259259
GHA,2015,0.375,0.25,0.625,0.3571429,0.44999999999999996,0.4786667,0.513888888888889
GHA,2016,0.5,0.25,0.625,0.3571429,0.425,0.475,0.513888888888889
GHA,2017,0.375,0.25,0.75,0.46428569999999997,0.44999999999999996,0.473,0.4953703703703704
GHA,2018,0.5,0.25,0.75,0.4285714,0.44999999999999996,0.471,0.5092592592592592
GHA,2019,0.5,0.25,0.75,0.4285714,0.44999999999999996,0.471,0.513888888888889
GHA,2020,0.5,0.25,0.75,0.4285714,0.44999999999999996,0.4666667,0.513888888888889
GHA,2021,0.5,0.25,0.6875,0.39285709999999996,0.44999999999999996,0.4666667,0.513888888888889
GHA,2022,0.5,0.25,0.625,0.39285709999999996,0.44999999999999996,0.4643333,0.513888888888889
GHA,2023,0.5,0.25,0.625,0.39285709999999996,0.44999999999999996,0.45999999999999996,0.513888888888889
GHA,2024,0.5,0.25,0.625,0.39285709999999996,0.44999999999999996,0.45799999999999996,0.513888888888889
GIN,1996,0.6666667,0.25,0.5,0.4545455,0.5,0.25,0.4722222222222221
GIN,1997,,,,,,,0.474537037037037
GIN,1998,0.5,0.5,0.5909091,0.6363635999999999,0.5,0.3333333,0.5
GIN,1999,,,,,,,0.5
GIN,2000,0.5,0.5,0.5353534999999999,0.6363635999999999,0.5,0.3333333,0.5
GIN,2001,,,,,,,0.5
GIN,2002,0.5,0.5,0.5656566,0.39285709999999996,0.5654762,0.3333333,0.474537037037037
GIN,2003,0.5,0.5,0.5808080999999999,0.33035709999999996,0.4940476,0.2916667,0.4722222222222222
GIN,2004,0.4166667,0.5,0.5808080999999999,0.33035709999999996,0.4940476,0.2916667,0.4467592592592592
GIN,2005,0.4166667,0.5,0.5353534999999999,0.2678571,0.4940476,0.2916667,0.4444444444444445
GIN,2006,0.125,0.0,0.25,0.25,0.27499999999999997,0.23399999999999999,0.4444444444444445
GIN,2007,0.0,0.0,0.25,0.25,0.19999999999999998,0.0673333,0.4166666666666667
GIN,2008,0.0,0.0,0.1875,0.2142857,0.15,0.0696667,0.4166666666666667
GIN,2009,0.0,0.0,0.125,0.2142857,0.09999999999999999,0.153,0.4166666666666667
GIN,2010,0.0,0.0,0.125,0.2142857,0.09999999999999999,0.1763333,0.3958333333333333
GIN,2011,0.0,0.0,0.1875,0.2142857,0.09999999999999999,0.1763333,0.3888888888888889
GIN,2012,0.0,0.0,0.1875,0.2142857,0.09999999999999999,0.1763333,0.3888888888888889
GIN,2013,0.0,0.0,0.1875,0.2142857,0.075,0.178,0.3888888888888889
GIN,2014,0.0,0.0,0.375,0.2142857,0.075,0.1836667,0.3888888888888889
GIN,2015,0.0,0.0,0.5,0.2142857,0.09999999999999999,0.2713333,0.3888888888888889
GIN,2016,0.0,0.0,0.5625,0.2142857,0.15,0.2713333,0.3888888888888889
GIN,2017,0.0,0.0,0.5,0.2142857,0.15,0.2713333,0.3888888888888889
GIN,2018,0.0,0.0,0.4375,0.2142857,0.15,0.2713333,0.3819444444444444
GIN,2019,0.125,0.0,0.4375,0.2142857,0.15,0.2713333,0.3611111111111111
GIN,2020,0.125,0.0,0.3125,0.2142857,0.175,0.2693333,0.3611111111111111
GIN,2021,0.125,0.0,0.25,0.1428571,0.175,0.24266669999999999,0.3611111111111111
GIN,2022,0.125,0.0,0.1875,0.1428571,0.175,0.244,0.3611111111111111
GIN,2023,0.125,0.0,0.1875,0.1428571,0.15,0.157,0.3611111111111111
GIN,2024,0.0,0.0,0.25,0.1428571,0.125,0.06799999999999999,0.3611111111111111
GMB,1996,0.5,0.5,0.8232322999999999,0.36363639999999997,0.8333332999999999,0.3333333,0.6574074074074074
GMB,1997,,,,,,,0.6111111111111112
GMB,1998,0.5,0.5,0.8535353999999999,0.7272727,0.8333332999999999,0.4166667,0.6111111111111112
GMB,1999,,,,,,,0.6111111111111112
GMB,2000,0.5,0.5,0.7626263,0.7272727,0.8333332999999999,0.4166667,0.6111111111111112
GMB,2001,,,,,,,0.6111111111111112
GMB,2002,0.5,0.5,0.7777778,0.6607143,0.6904762,0.5416667,0.5879629629629629
GMB,2003,0.5377309,0.4090909,0.7742616,0.6139333,0.647416,0.5967905,0.5555555555555555
GMB,2004,0.4966602,0.397485,0.6858974,0.5723538,0.5538514999999999,0.4930497,0.548611111111111
GMB,2005,0.4193905,0.33085919999999996,0.6602564,0.49537939999999997,0.4831986,0.3130631,0.5277777777777778
GMB,2006,0.25,0.0,0.5,0.4285714,0.39999999999999997,0.313,0.5162037037037037
GMB,2007,0.25,0.0,0.46875,0.4285714,0.39999999999999997,0.313,0.5023148148148148
GMB,2008,0.25,0.0,0.4375,0.39285709999999996,0.39999999999999997,0.3063333,0.5208333333333334
GMB,2009,0.125,0.0,0.625,0.3571429,0.325,0.223,0.5
GMB,2010,0.125,0.0,0.5625,0.3571429,0.325,0.19599999999999998,0.5
GMB,2011,0.125,0.0,0.5625,0.3571429,0.325,0.19599999999999998,0.5
GMB,2012,0.125,0.0,0.5625,0.39285709999999996,0.3,0.1936667,0.4814814814814814
GMB,2013,0.125,0.0,0.5625,0.3214286,0.325,0.27699999999999997,0.4722222222222222
GMB,2014,0.125,0.0,0.5625,0.2857143,0.325,0.2683333,0.4722222222222222
GMB,2015,0.125,0.0,0.5625,0.2857143,0.325,0.1823333,0.4722222222222222
GMB,2016,0.125,0.0,0.5625,0.2857143,0.325,0.1803333,0.4722222222222222
GMB,2017,0.25,0.0,0.5625,0.2857143,0.44999999999999996,0.4686667,0.4537037037037037
GMB,2018,0.25,0.0,0.5625,0.2857143,0.44999999999999996,0.477,0.4490740740740741
GMB,2019,0.375,0.0,0.5625,0.2857143,0.44999999999999996,0.4776667,0.4907407407407407
GMB,2020,0.375,0.0,0.625,0.2857143,0.44999999999999996,0.483,0.5
GMB,2021,0.375,0.0,0.625,0.2857143,0.44999999999999996,0.48033329999999996,0.4918981481481481
GMB,2022,0.375,0.0,0.5625,0.2857143,0.425,0.48233329999999996,0.5416666666666666
GMB,2023,0.375,0.0,0.4375,0.2857143,0.44999999999999996,0.48233329999999996,0.5671296296296297
GMB,2024,0.375,0.0,0.4375,0.2857143,0.44999999999999996,0.5,0.5694444444444444
GNB,1996,0.3333333,0.25,0.4090909,0.4545455,0.1666667,0.25,0.25
GNB,1997,,,,,,,0.25
GNB,1998,0.3333333,0.25,0.6212120999999999,0.36363639999999997,0.1666667,0.25,0.25
GNB,1999,,,,,,,0.25
GNB,2000,0.3333333,0.25,0.6515152,0.36363639999999997,0.1666667,0.25,0.25
GNB,2001,,,,,,,0.25
GNB,2002,0.3333333,0.25,0.5151515,0.5892857,0.29761899999999997,0.25,0.25
GNB,2003,0.3333333,0.25,0.6969696999999999,0.5892857,0.29761899999999997,0.3333333,0.25
GNB,2004,0.3333333,0.25,0.6060606,0.5892857,0.6071428999999999,0.4583333,0.324074074074074
GNB,2005,0.3333333,0.25,0.6060606,0.5892857,0.5357143,0.5416667,0.3611111111111111
GNB,2006,0.3333333,0.375,0.5757576,0.5892857,0.5357143,0.19999999999999998,0.3993055555555555
GNB,2007,0.3333333,0.375,0.5757576,0.5892857,0.5357143,0.19999999999999998,0.4027777777777777
GNB,2008,0.3333333,0.375,0.6212120999999999,0.5892857,0.4940476,0.19899999999999998,0.3796296296296296
GNB,2009,0.3333333,0.375,0.6060606,0.5267857,0.4940476,0.19899999999999998,0.375
GNB,2010,0.3333333,0.375,0.5454545,0.5267857,0.4940476,0.19899999999999998,0.375
GNB,2011,0.3333333,0.375,0.530303,0.5267857,0.4940476,0.19899999999999998,0.375
GNB,2012,0.25,0.375,0.530303,0.39285709999999996,0.42261899999999997,0.143,0.3564814814814814
GNB,2013,0.25,0.375,0.530303,0.39285709999999996,0.42261899999999997,0.126,0.3472222222222222
GNB,2014,0.1666667,0.375,0.6060606,0.39285709999999996,0.42261899999999997,0.193,0.3449074074074074
GNB,2015,0.1666667,0.375,0.530303,0.39285709999999996,0.42261899999999997,0.193,0.3194444444444445
GNB,2016,0.1666667,0.375,0.5454545,0.39285709999999996,0.42261899999999997,0.19799999999999998,0.3194444444444445
GNB,2017,0.1666667,0.375,0.5454545,0.46428569999999997,0.4940476,0.19799999999999998,0.3194444444444445
GNB,2018,0.1666667,0.375,0.5454545,0.46428569999999997,0.4940476,0.19799999999999998,0.3194444444444445
GNB,2019,0.25,0.5,0.5606061,0.46428569999999997,0.4940476,0.263,0.3715277777777778
GNB,2020,0.3333333,0.5,0.5757576,0.46428569999999997,0.4940476,0.263,0.4166666666666667
GNB,2021,0.3333333,0.5,0.5757576,0.5267857,0.5654762,0.625,0.4166666666666667
GNB,2022,0.4166667,0.5,0.5454545,0.5267857,0.4940476,0.5833332999999999,0.4212962962962963
GNB,2023,0.4166667,0.5,0.5909091,0.5982143,0.4940476,0.5416667,0.4305555555555556
GNB,2024,0.4166667,0.5,0.5151515,0.5982143,0.4940476,0.5,0.4444444444444445
GNQ,1996,0.0,0.0,0.1875,0.0714286,0.09999999999999999,0.0,
GNQ,1997,,,,,,,
GNQ,1998,0.0,0.0,0.1875,0.0714286,0.09999999999999999,0.0,
GNQ,1999,,,,,,,
GNQ,2000,0.0,0.0,0.1875,0.0714286,0.09999999999999999,0.0,
GNQ,2001,,,,,,,
GNQ,2002,0.0,0.0,0.1875,0.0714286,0.09999999999999999,0.0,
GNQ,2003,0.0,0.0,0.1875,0.0714286,0.09999999999999999,0.0,
GNQ,2004,0.0,0.0,0.1875,0.0714286,0.09999999999999999,0.0,
GNQ,2005,0.0,0.0,0.0,0.0714286,0.09999999999999999,0.0,
GNQ,2006,0.0,0.0,0.5,0.0714286,0.19999999999999998,0.0696667,
GNQ,2007,0.0,0.0,0.5,0.0892857,0.2375,0.0696667,
GNQ,2008,0.0,0.0,0.5,0.1071429,0.27499999999999997,0.073,
GNQ,2009,0.0,0.0,0.5625,0.1071429,0.25,0.073,
GNQ,2010,0.0,0.0,0.5625,0.1071429,0.25,0.0613333,
GNQ,2011,0.0,0.0,0.4375,0.1071429,0.25,0.059,
GNQ,2012,0.0,0.0,0.4375,0.1071429,0.25,0.061,
GNQ,2013,0.0,0.0,0.4375,0.1071429,0.25,0.059,
GNQ,2014,0.0,0.0,0.4375,0.1071429,0.25,0.055333299999999995,
GNQ,2015,0.0,0.0,0.4375,0.1071429,0.25,0.059,
GNQ,2016,0.0,0.0,0.4375,0.1071429,0.22499999999999998,0.0566667,
GNQ,2017,0.0,0.0,0.4375,0.1071429,0.22499999999999998,0.0603333,
GNQ,2018,0.0,0.0,0.4375,0.1071429,0.22499999999999998,0.064,
GNQ,2019,0.0,0.0,0.4375,0.1428571,0.25,0.064,
GNQ,2020,0.0,0.0,0.4375,0.1071429,0.25,0.064,
GNQ,2021,0.0,0.0,0.4375,0.1071429,0.25,0.064,
GNQ,2022,0.0,0.0,0.4375,0.1071429,0.19999999999999998,0.064,
GNQ,2023,0.0,0.0,0.4375,0.1071429,0.19999999999999998,0.064,
GNQ,2024,0.0,0.0,0.4375,0.1071429,0.19999999999999998,0.064,
GRC,1996,0.625,0.75,0.5625,0.75,0.7999999999999999,0.75,0.8611111111111112
GRC,1997,,,,,,,0.8148148148148149
GRC,1998,0.75,0.5,0.5625,0.75,0.7749999999999999,0.875,0.7592592592592592
GRC,1999,,,,,,,0.6990740740740741
GRC,2000,0.75,0.5,0.6875,0.75,0.7999999999999999,0.875,0.6944444444444445
GRC,2001,,,,,,,0.6712962962962963
GRC,2002,0.5,0.5,0.8125,0.7142856999999999,0.75,0.75,0.5555555555555556
GRC,2003,0.5,0.5,0.875,0.7142856999999999,0.75,0.75,0.5555555555555556
GRC,2004,0.5,0.5,0.875,0.7142856999999999,0.75,0.75,0.5694444444444444
GRC,2005,0.5,0.5,0.875,0.7142856999999999,0.75,0.75,0.6481481481481481
GRC,2006,0.5,0.5,0.875,0.7142856999999999,0.75,0.771,0.611111111111111
GRC,2007,0.5,0.5,0.875,0.7142856999999999,0.75,0.771,0.611111111111111
GRC,2008,0.5,0.5,0.875,0.7142856999999999,0.75,0.771,0.611111111111111
GRC,2009,0.5,0.5,0.6875,0.6785713999999999,0.7,0.771,0.611111111111111
GRC,2010,0.375,0.5,0.5625,0.6428571,0.6749999999999999,0.764,0.611111111111111
GRC,2011,0.375,0.5,0.5625,0.6428571,0.6749999999999999,0.755,0.611111111111111
GRC,2012,0.375,0.5,0.5625,0.6428571,0.625,0.5883333,0.611111111111111
GRC,2013,0.375,0.5,0.5625,0.6428571,0.625,0.5883333,0.611111111111111
GRC,2014,0.375,0.5,0.75,0.6428571,0.65,0.5816667,0.6134259259259259
GRC,2015,0.375,0.5,0.625,0.6428571,0.6,0.5816667,0.638888888888889
GRC,2016,0.375,0.5,0.625,0.6428571,0.6,0.6576666999999999,0.638888888888889
GRC,2017,0.375,0.5,0.625,0.6428571,0.6,0.6596666999999999,0.638888888888889
GRC,2018,0.375,0.5,0.75,0.6428571,0.6,0.6596666999999999,0.638888888888889
GRC,2019,0.375,0.5,0.75,0.6428571,0.6,0.6643333,0.638888888888889
GRC,2020,0.375,0.5,0.75,0.6785713999999999,0.6,0.6629999999999999,0.638888888888889
GRC,2021,0.375,0.5,0.75,0.6785713999999999,0.6,0.6686667,0.638888888888889
GRC,2022,0.375,0.5,0.75,0.6428571,0.6,0.6823332999999999,0.6296296296296297
GRC,2023,0.375,0.5,0.75,0.6428571,0.6,0.688,0.6273148148148148
GRC,2024,0.375,0.5,0.8125,0.6428571,0.6,0.6856667,0.638888888888889
GRD,1996,0.75,0.75,0.8125,0.6666667,0.625,0.5625,
GRD,1997,,,,,,,
GRD,1998,0.75,0.75,0.8125,0.6666667,0.625,0.5625,
GRD,1999,,,,,,,
GRD,2000,0.75,0.75,0.8125,0.6666667,0.625,0.5625,
GRD,2001,,,,,,,
GRD,2002,0.75,0.75,0.8125,0.6666667,0.625,0.5625,
GRD,2003,0.75,0.75,0.8125,0.6666667,0.625,0.625,
GRD,2004,0.7070706999999999,0.7171717,0.7676767999999999,0.6329966,0.6060606,0.5959595999999999,
GRD,2005,0.75,0.75,0.8125,0.6666667,0.625,0.625,
GRD,2006,0.75,0.75,0.8125,0.7083332999999999,0.625,0.625,
GRD,2007,0.625,0.75,0.8125,0.7083332999999999,0.625,0.625,
GRD,2008,0.625,0.75,0.8125,0.7083332999999999,0.625,0.625,
GRD,2009,0.625,0.75,0.8125,0.7083332999999999,0.625,0.625,
GRD,2010,0.625,0.75,0.875,0.7083332999999999,0.625,0.625,
GRD,2011,0.625,0.75,0.875,0.7083332999999999,0.625,0.625,
GRD,2012,0.625,0.75,0.875,0.7083332999999999,0.625,0.625,
GRD,2013,0.625,0.75,0.875,0.7083332999999999,0.625,0.625,
GRD,2014,0.5,0.6666667,0.8888889,0.6111111,0.5,,
GRD,2015,0.5,0.5833332999999999,0.8888889,0.6111111,0.5,,
GRD,2016,0.5,0.5833332999999999,0.8888889,0.6111111,0.7222221999999999,,
GRD,2017,0.5,0.5833332999999999,0.8888889,0.6111111,0.7222221999999999,,
GRD,2018,0.5,0.5833332999999999,0.8888889,0.6111111,0.7222221999999999,,
GRD,2019,0.5,0.5833332999999999,0.8888889,0.6111111,0.7222221999999999,,
GRD,2020,0.5,0.5833332999999999,0.9444444,0.6666667,0.7777778,,
GRD,2021,0.5,0.5833332999999999,0.9444444,0.7222221999999999,0.7777778,,
GRD,2022,0.5,0.5833332999999999,0.9444444,0.7222221999999999,0.7777778,,
GRD,2023,0.5,0.5833332999999999,0.9444444,0.7222221999999999,0.7777778,,
GRD,2024,0.5,0.5833332999999999,0.9444444,0.7222221999999999,0.7777778,,
GRL,2009,0.625,0.5,1.0,0.8571428999999999,0.9249999999999999,0.875,
GRL,2010,0.625,0.5,1.0,0.8571428999999999,0.9249999999999999,0.875,
GRL,2011,0.625,0.5,1.0,0.8571428999999999,0.9249999999999999,0.875,
GRL,2012,0.625,0.5,1.0,0.8571428999999999,0.9249999999999999,0.875,
GRL,2013,0.625,0.5,1.0,0.8571428999999999,0.9249999999999999,0.875,
GRL,2014,0.625,0.5,1.0,0.8571428999999999,0.9249999999999999,0.875,
GRL,2015,0.625,0.5,1.0,0.8571428999999999,0.9249999999999999,0.875,
GRL,2016,0.625,0.5,1.0,0.8571428999999999,0.9249999999999999,0.875,
GRL,2017,0.625,0.5,1.0,0.8571428999999999,0.9249999999999999,0.875,
GRL,2018,0.625,0.5,1.0,0.8571428999999999,0.9249999999999999,0.875,
GRL,2019,0.625,0.5,1.0,0.8571428999999999,0.9249999999999999,0.875,
GRL,2020,0.625,0.5,1.0,0.8571428999999999,0.9249999999999999,0.875,
GRL,2021,0.625,0.5,1.0,0.8571428999999999,0.9249999999999999,0.875,
GRL,2022,0.625,0.5,0.875,0.8214286,0.9249999999999999,0.875,
GRL,2023,0.625,0.5,0.875,0.8214286,0.9249999999999999,0.875,
GRL,2024,0.75,0.75,0.875,0.8571428999999999,0.9249999999999999,0.875,
GTM,1996,0.0,0.25,0.125,0.46428569999999997,0.175,0.125,0.4166666666666667
GTM,1997,,,,,,,0.5023148148148148
GTM,1998,0.0,0.25,0.125,0.4285714,0.175,0.125,0.5
GTM,1999,,,,,,,0.5
GTM,2000,0.125,0.0,0.25,0.4285714,0.25,0.125,0.5
GTM,2001,,,,,,,0.4907407407407407
GTM,2002,0.25,0.25,0.3125,0.4285714,0.25,0.125,0.3564814814814814
GTM,2003,0.25,0.25,0.3125,0.4285714,0.25,0.125,0.3333333333333333
GTM,2004,0.25,0.0,0.375,0.39285709999999996,0.25,0.125,0.3333333333333333
GTM,2005,0.25,0.0,0.375,0.39285709999999996,0.25,0.125,0.3796296296296296
GTM,2006,0.125,0.0,0.375,0.39285709999999996,0.25,0.2856667,0.3611111111111111
GTM,2007,0.1875,0.0,0.375,0.39285709999999996,0.25,0.2856667,0.3333333333333333
GTM,2008,0.25,0.0,0.375,0.39285709999999996,0.25,0.2856667,0.3171296296296296
GTM,2009,0.25,0.0,0.4375,0.39285709999999996,0.25,0.2856667,0.3402777777777777
GTM,2010,0.125,0.0,0.4375,0.39285709999999996,0.25,0.285,0.3611111111111111
GTM,2011,0.125,0.0,0.4375,0.39285709999999996,0.25,0.2793333,0.3611111111111111
GTM,2012,0.125,0.0,0.4375,0.39285709999999996,0.25,0.2793333,0.3611111111111111
GTM,2013,0.125,0.0,0.4375,0.39285709999999996,0.22499999999999998,0.27699999999999997,0.412037037037037
GTM,2014,0.125,0.0,0.4375,0.39285709999999996,0.22499999999999998,0.27699999999999997,0.4166666666666667
GTM,2015,0.125,0.0,0.4375,0.46428569999999997,0.22499999999999998,0.2806667,0.4189814814814814
GTM,2016,0.125,0.0,0.5,0.5,0.22499999999999998,0.2806667,0.4236111111111111
GTM,2017,0.125,0.0,0.5,0.5,0.22499999999999998,0.2786667,0.4189814814814814
GTM,2018,0.125,0.0,0.5,0.5,0.22499999999999998,0.26999999999999996,0.4444444444444445
GTM,2019,0.125,0.0,0.5,0.5,0.22499999999999998,0.25866669999999997,0.4583333333333333
GTM,2020,0.0,0.0,0.3125,0.5,0.22499999999999998,0.249,0.4768518518518518
GTM,2021,0.0,0.0,0.3125,0.5,0.22499999999999998,0.2373333,0.4699074074074074
GTM,2022,0.0,0.0,0.3125,0.5,0.22499999999999998,0.2393333,0.4398148148148148
GTM,2023,0.0,0.0,0.3125,0.5,0.22499999999999998,0.2323333,0.4328703703703704
GTM,2024,0.0,0.0,0.3125,0.5,0.22499999999999998,0.235,0.4699074074074074
GUF,1996,0.75,0.75,0.6875,0.7916667,0.8125,0.6875,
GUF,1998,0.75,0.75,0.6875,0.7916667,0.8125,0.6875,
GUF,2000,0.75,0.75,0.6875,0.7916667,0.8125,0.6875,
GUF,2002,0.75,0.75,0.75,0.7916667,0.8125,0.6875,
GUF,2003,0.75,0.75,0.75,0.7916667,0.8125,0.6875,
GUF,2004,0.6969696999999999,0.6666667,0.6969696999999999,0.6700337,0.6919192,0.6565656999999999,
GUF,2005,0.75,0.75,0.75,0.7916667,0.8125,0.6875,
GUF,2006,0.75,0.75,0.75,0.7916667,0.8125,0.6875,
GUF,2007,0.75,0.75,0.75,0.7916667,0.75,0.6875,
GUF,2008,0.75,0.75,0.75,0.7916667,0.75,0.6875,
GUF,2009,0.75,1.0,0.75,0.8214286,0.825,0.75,
GUF,2010,0.75,1.0,0.6875,0.8214286,0.825,0.75,
GUF,2011,0.75,1.0,0.6875,0.8214286,0.825,0.75,
GUF,2012,0.75,1.0,0.6875,0.8214286,0.825,0.75,
GUF,2013,0.75,1.0,0.6875,0.8214286,0.825,0.75,
GUF,2014,0.75,1.0,0.6875,0.8214286,0.825,0.75,
GUF,2015,0.75,1.0,0.6875,0.8214286,0.825,0.75,
GUF,2016,0.75,1.0,0.6875,0.8214286,0.825,0.75,
GUF,2017,0.75,1.0,0.6875,0.8214286,0.7999999999999999,0.75,
GUF,2018,0.75,1.0,0.6875,0.8214286,0.7999999999999999,0.75,
GUF,2019,0.75,1.0,0.75,0.8214286,0.7999999999999999,0.75,
GUF,2020,0.75,1.0,0.75,0.8214286,0.7999999999999999,0.75,
GUF,2021,0.75,1.0,0.75,0.8214286,0.7999999999999999,0.75,
GUF,2022,0.75,1.0,0.75,0.7857143,0.7999999999999999,0.75,
GUF,2023,0.75,1.0,0.75,0.7857143,0.7999999999999999,0.75,
GUF,2024,0.75,1.0,0.75,0.7857143,0.7999999999999999,0.75,
GUM,2004,0.6060606,0.6363635999999999,0.7878788,0.6632996999999999,0.7828282999999999,0.6767677,
GUM,2005,0.75,0.5,0.875,0.75,0.875,0.75,
GUM,2006,0.75,0.5,0.875,0.75,0.875,0.75,
GUM,2007,0.75,0.5,0.8125,0.75,0.875,0.875,
GUM,2008,0.75,0.5,0.8125,0.75,0.875,0.875,
GUM,2009,0.75,0.5,0.8125,0.7083332999999999,0.875,0.875,
GUM,2010,0.75,0.5,0.8125,0.7083332999999999,0.875,0.8125,
GUM,2011,0.75,0.5,0.875,0.7083332999999999,0.875,0.8125,
GUM,2012,0.75,0.5,0.875,0.7083332999999999,0.875,0.8125,
GUM,2013,0.75,0.5,0.875,0.7083332999999999,0.875,0.8125,
GUM,2014,0.8333332999999999,0.75,0.8888889,0.6111111,0.9444444,,
GUM,2015,0.8333332999999999,0.75,0.8888889,0.6111111,0.9444444,,
GUM,2016,0.8333332999999999,0.75,0.8333332999999999,0.5555555999999999,0.8888889,,
GUM,2017,0.8333332999999999,0.75,0.8888889,0.5555555999999999,0.9444444,,
GUM,2018,0.8333332999999999,0.75,0.8888889,0.5555555999999999,0.9444444,,
GUM,2019,0.8333332999999999,0.75,0.8888889,0.5555555999999999,0.9444444,,
GUM,2020,0.8333332999999999,0.75,0.9444444,0.6666667,0.8888889,,
GUM,2021,0.8333332999999999,0.75,0.9444444,0.6666667,0.8888889,,
GUM,2022,0.8333332999999999,0.75,0.9444444,0.6666667,0.8888889,,
GUM,2023,0.8333332999999999,0.75,0.9444444,0.6666667,0.8333332999999999,,
GUM,2024,0.8333332999999999,0.75,0.9444444,0.6666667,0.8333332999999999,,
GUY,1996,0.5,0.5,0.6818181999999999,0.4545455,0.6666667,0.8333332999999999,0.5555555555555555
GUY,1997,,,,,,,0.5902777777777777
GUY,1998,0.5,0.75,0.6818181999999999,0.7272727,0.6666667,0.9166667,0.6388888888888888
GUY,1999,,,,,,,0.6388888888888888
GUY,2000,0.5,0.75,0.6212120999999999,0.6363635999999999,0.6666667,0.9166667,0.6388888888888888
GUY,2001,,,,,,,0.6388888888888888
GUY,2002,0.5,0.75,0.5353534999999999,0.5267857,0.4821429,0.9166667,0.5902777777777778
GUY,2003,0.5,0.75,0.6111111,0.5267857,0.452381,0.9166667,0.5208333333333334
GUY,2004,0.5,0.75,0.5959595999999999,0.46428569999999997,0.4940476,0.75,0.5439814814814815
GUY,2005,0.3219982,0.25173609999999996,0.6598639,0.3998293,0.24023999999999998,0.3214761,0.5555555555555556
GUY,2006,0.25,0.5,0.3125,0.46428569999999997,0.44999999999999996,0.45499999999999996,0.5092592592592593
GUY,2007,0.25,0.5,0.4375,0.46428569999999997,0.44999999999999996,0.45499999999999996,0.4722222222222221
GUY,2008,0.25,0.25,0.5,0.4285714,0.425,0.45399999999999996,0.4467592592592592
GUY,2009,0.25,0.25,0.5,0.39285709999999996,0.425,0.45399999999999996,0.4444444444444444
GUY,2010,0.25,0.25,0.5,0.39285709999999996,0.425,0.4516667,0.4444444444444444
GUY,2011,0.25,0.25,0.4375,0.39285709999999996,0.425,0.4516667,0.4444444444444444
GUY,2012,0.25,0.25,0.4375,0.39285709999999996,0.425,0.4516667,0.4259259259259259
GUY,2013,0.25,0.25,0.4375,0.39285709999999996,0.39999999999999997,0.4516667,0.4166666666666667
GUY,2014,0.25,0.25,0.4375,0.39285709999999996,0.39999999999999997,0.44699999999999995,0.4166666666666667
GUY,2015,0.25,0.25,0.4375,0.39285709999999996,0.39999999999999997,0.4516667,0.4166666666666667
GUY,2016,0.25,0.25,0.625,0.39285709999999996,0.425,0.4583333,0.4398148148148148
GUY,2017,0.25,0.25,0.625,0.4285714,0.425,0.4653333,0.4537037037037037
GUY,2018,0.25,0.25,0.625,0.4285714,0.425,0.47233329999999996,0.4722222222222222
GUY,2019,0.375,0.25,0.625,0.4285714,0.425,0.45499999999999996,0.4722222222222222
GUY,2020,0.375,0.25,0.625,0.4285714,0.425,0.4503333,0.4722222222222222
GUY,2021,0.375,0.25,0.625,0.4285714,0.425,0.4583333,0.4722222222222222
GUY,2022,0.25,0.25,0.625,0.4285714,0.425,0.4613333,0.4930555555555556
GUY,2023,0.25,0.25,0.625,0.3571429,0.425,0.4586667,0.5
GUY,2024,0.25,0.25,0.625,0.46428569999999997,0.44999999999999996,0.4536667,0.5
HKG,1996,0.5,0.75,0.4375,0.7857143,0.575,0.75,
HKG,1998,0.625,0.75,0.5625,0.7857143,0.6749999999999999,0.75,
HKG,2000,0.5,0.75,0.6875,0.7857143,0.6,0.75,
HKG,2002,0.625,0.75,0.625,0.8571428999999999,0.7749999999999999,0.625,
HKG,2003,0.75,0.75,0.5625,0.8928571,0.7999999999999999,0.625,
HKG,2004,0.75,0.75,0.6875,0.8928571,0.7999999999999999,0.625,
HKG,2005,0.75,0.75,0.6875,0.8928571,0.7999999999999999,0.625,
HKG,2006,0.75,0.75,0.6875,0.8928571,0.7999999999999999,0.6176667,
HKG,2007,0.75,0.75,0.6875,0.8928571,0.7999999999999999,0.6176667,
HKG,2008,0.75,0.75,0.6875,0.8928571,0.7999999999999999,0.6116667,
HKG,2009,0.75,0.75,0.6875,0.8928571,0.7999999999999999,0.6116667,
HKG,2010,0.75,0.75,0.6875,0.8928571,0.7999999999999999,0.614,
HKG,2011,0.75,0.75,0.6875,0.8928571,0.7999999999999999,0.614,
HKG,2012,0.625,1.0,0.6875,0.8928571,0.7999999999999999,0.6306667,
HKG,2013,0.625,1.0,0.75,0.8928571,0.7999999999999999,0.6306667,
HKG,2014,0.625,1.0,0.6875,0.8928571,0.825,0.7153333,
HKG,2015,0.625,1.0,0.6875,0.8928571,0.85,0.7166667,
HKG,2016,0.625,1.0,0.6875,0.8928571,0.8999999999999999,0.714,
HKG,2017,0.625,1.0,0.6875,0.8928571,0.8999999999999999,0.7103333,
HKG,2018,0.75,1.0,0.6875,0.8928571,0.8999999999999999,0.705,
HKG,2019,0.75,1.0,0.5,0.8571428999999999,0.85,0.6173333,
HKG,2020,0.75,1.0,0.625,0.8571428999999999,0.85,0.6023333,
HKG,2021,0.75,1.0,0.6875,0.8571428999999999,0.825,0.6033333,
HKG,2022,0.75,1.0,0.875,0.8571428999999999,0.7749999999999999,0.5093333,
HKG,2023,0.75,0.75,0.875,0.8571428999999999,0.7999999999999999,0.508,
HKG,2024,0.75,0.75,0.875,0.8571428999999999,0.7999999999999999,0.503,
HND,1996,0.0,0.0,0.3125,0.4285714,0.15,0.0,0.3611111111111111
HND,1997,,,,,,,0.3773148148148148
HND,1998,0.0,0.0,0.4375,0.4285714,0.15,0.0,0.3888888888888888
HND,1999,,,,,,,0.3888888888888888
HND,2000,0.0,0.0,0.375,0.4285714,0.19999999999999998,0.0,0.3888888888888888
HND,2001,,,,,,,0.3726851851851852
HND,2002,0.0,0.0,0.4375,0.39285709999999996,0.22499999999999998,0.0,0.3958333333333333
HND,2003,0.0,0.0,0.375,0.39285709999999996,0.22499999999999998,0.0,0.3888888888888889
HND,2004,0.0,0.0,0.375,0.39285709999999996,0.22499999999999998,0.0,0.3842592592592592
HND,2005,0.0,0.0,0.375,0.39285709999999996,0.175,0.0,0.3611111111111111
HND,2006,0.0,0.0,0.375,0.39285709999999996,0.175,0.2083333,0.3611111111111111
HND,2007,0.0,0.0,0.375,0.39285709999999996,0.175,0.2083333,0.3611111111111111
HND,2008,0.0,0.0,0.375,0.39285709999999996,0.175,0.206,0.3611111111111111
HND,2009,0.0,0.0,0.4375,0.39285709999999996,0.175,0.206,0.3611111111111111
HND,2010,0.0,0.0,0.5,0.39285709999999996,0.175,0.192,0.3611111111111111
HND,2011,0.0,0.0,0.5,0.39285709999999996,0.175,0.1946667,0.3842592592592592
HND,2012,0.0,0.0,0.5,0.39285709999999996,0.175,0.1946667,0.3425925925925925
HND,2013,0.0,0.0,0.5,0.39285709999999996,0.175,0.1946667,0.3333333333333333
HND,2014,0.0,0.0,0.5,0.39285709999999996,0.175,0.1946667,0.3402777777777777
HND,2015,0.125,0.0,0.5,0.39285709999999996,0.19999999999999998,0.1946667,0.3888888888888889
HND,2016,0.125,0.25,0.5,0.39285709999999996,0.19999999999999998,0.1973333,0.3888888888888889
HND,2017,0.125,0.25,0.4375,0.5357143,0.25,0.27399999999999997,0.3981481481481481
HND,2018,0.125,0.25,0.4375,0.5,0.27499999999999997,0.35433329999999996,0.4027777777777777
HND,2019,0.125,0.25,0.4375,0.5,0.27499999999999997,0.3473333,0.4143518518518518
HND,2020,0.125,0.25,0.4375,0.5,0.27499999999999997,0.3453333,0.4097222222222221
HND,2021,0.125,0.25,0.3125,0.5,0.27499999999999997,0.3366667,0.4004629629629629
HND,2022,0.125,0.25,0.3125,0.5,0.27499999999999997,0.3383333,0.3888888888888889
HND,2023,0.0,0.25,0.4375,0.5,0.25,0.3326667,0.3773148148148148
HND,2024,0.0,0.25,0.4375,0.5,0.22499999999999998,0.3326667,0.3611111111111111
HRV,1996,0.0,0.25,0.25,0.4285714,0.25,0.25,
HRV,1997,,,,,,,
HRV,1998,0.0,0.25,0.375,0.4285714,0.3,0.25,
HRV,1999,,,,,,,0.5625
HRV,2000,0.375,0.25,0.375,0.4285714,0.475,0.375,0.6759259259259259
HRV,2001,,,,,,,0.7407407407407408
HRV,2002,0.5,0.25,0.625,0.46428569999999997,0.44999999999999996,0.5,0.6944444444444445
HRV,2003,0.5,0.25,0.6875,0.5,0.575,0.625,0.6944444444444445
HRV,2004,0.375,0.25,0.6875,0.5,0.575,0.625,0.6944444444444445
HRV,2005,0.375,0.25,0.6875,0.5,0.575,0.625,0.6666666666666666
HRV,2006,0.375,0.25,0.6875,0.5,0.575,0.6513333,0.6666666666666666
HRV,2007,0.375,0.25,0.6875,0.5,0.575,0.6513333,0.6666666666666666
HRV,2008,0.375,0.25,0.6875,0.5,0.575,0.6513333,0.6620370370370371
HRV,2009,0.375,0.25,0.6875,0.5,0.5499999999999999,0.6513333,0.638888888888889
HRV,2010,0.375,0.25,0.75,0.5,0.5499999999999999,0.6436666999999999,0.6620370370370371
HRV,2011,0.375,0.25,0.6875,0.5,0.5499999999999999,0.641,0.6666666666666666
HRV,2012,0.375,0.25,0.6875,0.5,0.5499999999999999,0.6476666999999999,0.6296296296296297
HRV,2013,0.375,0.25,0.6875,0.5,0.5499999999999999,0.6476666999999999,0.611111111111111
HRV,2014,0.375,0.25,0.75,0.5,0.5499999999999999,0.6476666999999999,0.6157407407407408
HRV,2015,0.375,0.25,0.75,0.5,0.5499999999999999,0.6476666999999999,0.6666666666666666
HRV,2016,0.375,0.25,0.8125,0.6428571,0.6,0.6416666999999999,0.6666666666666666
HRV,2017,0.375,0.25,0.8125,0.6428571,0.625,0.6376666999999999,0.6666666666666666
HRV,2018,0.375,0.25,0.8125,0.6428571,0.625,0.6356666999999999,0.6666666666666666
HRV,2019,0.375,0.25,0.8125,0.6428571,0.625,0.6356666999999999,0.6666666666666666
HRV,2020,0.5,0.25,0.6875,0.5,0.6,0.6333333,0.6666666666666666
HRV,2021,0.375,0.5,0.6875,0.5,0.6,0.6333333,0.6666666666666666
HRV,2022,0.375,0.5,0.6875,0.5,0.6,0.6333333,0.6701388888888888
HRV,2023,0.375,0.5,0.6875,0.6071428999999999,0.6,0.6333333,0.7199074074074074
HRV,2024,0.375,0.5,0.6875,0.6071428999999999,0.6,0.6333333,0.7083333333333334
HTI,1996,0.5,0.0,0.4949495,0.2727273,0.5,0.4166667,0.3194444444444444
HTI,1997,,,,,,,0.3333333333333333
HTI,1998,0.3333333,0.0,0.4343434,0.2727273,0.3333333,0.4166667,0.2685185185185185
HTI,1999,,,,,,,0.2222222222222222
HTI,2000,0.3333333,0.0,0.6464646,0.2727273,0.3333333,0.4166667,0.2222222222222222
HTI,2001,,,,,,,0.1759259259259259
HTI,2002,0.20168219999999998,0.0724638,0.5444445,0.305556,0.1400003,0.2563978,0.1666666666666666
HTI,2003,0.1955556,0.0777778,0.5763889,0.34518119999999997,0.1502083,0.2711111,0.1666666666666666
HTI,2004,0.4166667,0.0,0.5959595999999999,0.33035709999999996,0.4940476,0.0,0.2037037037037037
HTI,2005,0.25,0.0,0.5808080999999999,0.19642859999999998,0.452381,0.0,0.2314814814814814
HTI,2006,0.125,0.0,0.25,0.5357143,0.19999999999999998,0.3063333,0.1828703703703703
HTI,2007,0.125,0.0,0.25,0.5357143,0.22499999999999998,0.3063333,0.1458333333333333
HTI,2008,0.125,0.0,0.25,0.5,0.3,0.3896667,0.1504629629629629
HTI,2009,0.125,0.0,0.3125,0.5357143,0.3,0.3896667,0.1388888888888888
HTI,2010,0.0,0.0,0.25,0.39285709999999996,0.25,0.3,0.1388888888888888
HTI,2011,0.0,0.0,0.1875,0.39285709999999996,0.25,0.3,0.1388888888888888
HTI,2012,0.0,0.0,0.375,0.39285709999999996,0.27499999999999997,0.2986667,0.1388888888888888
HTI,2013,0.0,0.0,0.375,0.3571429,0.27499999999999997,0.298,0.1388888888888888
HTI,2014,0.0,0.0,0.375,0.39285709999999996,0.325,0.294,0.1388888888888888
HTI,2015,0.0,0.0,0.375,0.39285709999999996,0.35,0.298,0.1388888888888888
HTI,2016,0.0,0.0,0.375,0.3571429,0.35,0.3006667,0.1388888888888888
HTI,2017,0.0,0.0,0.375,0.3571429,0.35,0.301,0.1597222222222222
HTI,2018,0.0,0.0,0.375,0.3571429,0.35,0.3303333,0.1666666666666666
HTI,2019,0.0,0.0,0.3125,0.3571429,0.375,0.319,0.1666666666666666
HTI,2020,0.0,0.0,0.3125,0.3571429,0.3,0.3073333,0.1666666666666666
HTI,2021,0.0,0.0,0.1875,0.3571429,0.22499999999999998,0.1993333,0.1504629629629629
HTI,2022,0.0,0.0,0.1875,0.3571429,0.19999999999999998,0.177,0.125
HTI,2023,0.0,0.0,0.125,0.3571429,0.19999999999999998,0.177,0.1111111111111111
HTI,2024,0.0,0.0,0.1875,0.3571429,0.19999999999999998,0.17466669999999998,0.1226851851851851
HUN,1996,0.625,0.5,0.75,0.6428571,0.7999999999999999,0.75,0.9027777777777778
HUN,1997,,,,,,,0.920138888888889
HUN,1998,0.625,0.5,0.8125,0.6428571,0.75,0.75,0.9444444444444444
HUN,1999,,,,,,,0.9444444444444444
HUN,2000,0.625,0.5,0.75,0.6071428999999999,0.75,0.75,0.8472222222222223
HUN,2001,,,,,,,0.7314814814814815
HUN,2002,0.5,0.5,0.875,0.7857143,0.7749999999999999,0.875,0.7222222222222222
HUN,2003,0.5,0.5,0.875,0.7857143,0.7749999999999999,0.875,0.7222222222222222
HUN,2004,0.5,0.5,0.875,0.7857143,0.7749999999999999,0.875,0.673611111111111
HUN,2005,0.5,0.5,0.875,0.7857143,0.7749999999999999,0.875,0.6388888888888888
HUN,2006,0.5,0.5,0.875,0.7857143,0.7749999999999999,0.8343332999999999,0.6388888888888888
HUN,2007,0.5,0.5,0.8125,0.7857143,0.7625,0.8343332999999999,0.6388888888888888
HUN,2008,0.5,0.5,0.75,0.7857143,0.75,0.8313332999999999,0.6388888888888888
HUN,2009,0.5,0.5,0.75,0.7857143,0.75,0.8313332999999999,0.6388888888888888
HUN,2010,0.5,0.5,0.75,0.75,0.75,0.8236667,0.6388888888888888
HUN,2011,0.5,0.5,0.75,0.75,0.75,0.818,0.6388888888888888
HUN,2012,0.5,0.5,0.75,0.75,0.75,0.8153332999999999,0.6388888888888888
HUN,2013,0.5,0.5,0.75,0.75,0.75,0.8153332999999999,0.6388888888888888
HUN,2014,0.5,0.5,0.8125,0.75,0.75,0.8133332999999999,0.6388888888888888
HUN,2015,0.5,0.5,0.8125,0.75,0.75,0.8113332999999999,0.6388888888888888
HUN,2016,0.5,0.5,0.8125,0.75,0.75,0.724,0.6388888888888888
HUN,2017,0.5,0.5,0.8125,0.7142856999999999,0.75,0.7213333,0.6388888888888888
HUN,2018,0.5,0.5,0.8125,0.7142856999999999,0.75,0.721,0.6388888888888888
HUN,2019,0.375,0.5,0.8125,0.7142856999999999,0.7,0.721,0.6388888888888888
HUN,2020,0.375,0.5,0.8125,0.7142856999999999,0.7,0.7186667,0.6388888888888888
HUN,2021,0.375,0.5,0.8125,0.6785713999999999,0.7,0.7166667,0.6226851851851852
HUN,2022,0.375,0.5,0.8125,0.6785713999999999,0.7,0.7213333,0.611111111111111
HUN,2023,0.375,0.5,0.8125,0.6785713999999999,0.6749999999999999,0.6406666999999999,0.611111111111111
HUN,2024,0.375,0.5,0.8125,0.6785713999999999,0.6749999999999999,0.6336666999999999,0.611111111111111
IDN,1996,0.25,0.5,0.25,0.5714286,0.35,0.125,0.5972222222222222
IDN,1997,,,,,,,0.5231481481481481
IDN,1998,0.125,0.25,0.125,0.5,0.27499999999999997,0.0,0.375
IDN,1999,,,,,,,0.4074074074074074
IDN,2000,0.125,0.25,0.0,0.5357143,0.27499999999999997,0.0,0.4675925925925925
IDN,2001,,,,,,,0.3611111111111111
IDN,2002,0.0,0.0,0.1875,0.39285709999999996,0.27499999999999997,0.125,0.3333333333333333
IDN,2003,0.0,0.0,0.0625,0.39285709999999996,0.27499999999999997,0.25,0.3333333333333333
IDN,2004,0.0,0.0,0.25,0.39285709999999996,0.27499999999999997,0.25,0.3703703703703704
IDN,2005,0.0,0.0,0.4375,0.39285709999999996,0.27499999999999997,0.25,0.3888888888888888
IDN,2006,0.0,0.25,0.5,0.4285714,0.3,0.4636667,0.4629629629629629
IDN,2007,0.0,0.25,0.5625,0.4285714,0.3,0.4636667,0.5023148148148148
IDN,2008,0.0,0.25,0.5625,0.4285714,0.3,0.4613333,0.5324074074074074
IDN,2009,0.0,0.25,0.625,0.4285714,0.3,0.4613333,0.5462962962962963
IDN,2010,0.0,0.25,0.625,0.4285714,0.3,0.4676667,0.5
IDN,2011,0.0,0.25,0.625,0.4285714,0.3,0.4676667,0.5
IDN,2012,0.0,0.25,0.625,0.4285714,0.3,0.47533329999999996,0.5
IDN,2013,0.0,0.25,0.5625,0.39285709999999996,0.325,0.47733329999999996,0.5
IDN,2014,0.0,0.5,0.625,0.4285714,0.375,0.565,0.5
IDN,2015,0.25,0.25,0.625,0.4285714,0.39999999999999997,0.5676667,0.474537037037037
IDN,2016,0.25,0.25,0.625,0.4285714,0.39999999999999997,0.5656667,0.4722222222222222
IDN,2017,0.25,0.25,0.625,0.46428569999999997,0.39999999999999997,0.5463333,0.4722222222222222
IDN,2018,0.25,0.25,0.625,0.4285714,0.39999999999999997,0.5463333,0.6944444444444443
IDN,2019,0.25,0.25,0.5625,0.46428569999999997,0.39999999999999997,0.5493333,0.4756944444444445
IDN,2020,0.25,0.25,0.5625,0.46428569999999997,0.39999999999999997,0.5433333,0.513888888888889
IDN,2021,0.25,0.25,0.625,0.5,0.425,0.5569999999999999,0.5
IDN,2022,0.25,0.25,0.625,0.5,0.425,0.5569999999999999,0.4791666666666667
IDN,2023,0.25,0.25,0.625,0.5,0.425,0.5509999999999999,0.5208333333333334
IDN,2024,0.25,0.25,0.625,0.46428569999999997,0.425,0.5479999999999999,0.5277777777777778
IND,1996,0.375,0.25,0.8125,0.3571429,0.525,0.375,0.6388888888888888
IND,1997,,,,,,,0.6388888888888888
IND,1998,0.375,0.25,0.75,0.39285709999999996,0.5499999999999999,0.375,0.6388888888888888
IND,1999,,,,,,,0.6388888888888888
IND,2000,0.375,0.25,0.625,0.46428569999999997,0.575,0.375,0.6388888888888888
IND,2001,,,,,,,0.5972222222222222
IND,2002,0.25,0.25,0.375,0.3214286,0.39999999999999997,0.375,0.5555555555555555
IND,2003,0.25,0.25,0.3125,0.2857143,0.39999999999999997,0.375,0.5555555555555555
IND,2004,0.25,0.25,0.3125,0.2857143,0.39999999999999997,0.375,0.5949074074074074
IND,2005,0.25,0.25,0.5,0.2857143,0.39999999999999997,0.375,0.611111111111111
IND,2006,0.25,0.25,0.5,0.2857143,0.39999999999999997,0.506,0.611111111111111
IND,2007,0.25,0.25,0.5625,0.2857143,0.4125,0.5476667,0.611111111111111
IND,2008,0.25,0.25,0.625,0.2857143,0.39999999999999997,0.51,0.611111111111111
IND,2009,0.25,0.25,0.625,0.2857143,0.39999999999999997,0.51,0.611111111111111
IND,2010,0.25,0.25,0.625,0.2857143,0.39999999999999997,0.49266669999999996,0.611111111111111
IND,2011,0.25,0.25,0.625,0.2857143,0.39999999999999997,0.4933333,0.5833333333333334
IND,2012,0.25,0.25,0.625,0.2857143,0.39999999999999997,0.5006667,0.611111111111111
IND,2013,0.25,0.25,0.625,0.3214286,0.39999999999999997,0.5063333,0.611111111111111
IND,2014,0.25,0.25,0.625,0.3214286,0.39999999999999997,0.514,0.611111111111111
IND,2015,0.25,0.5,0.625,0.3214286,0.425,0.508,0.6319444444444444
IND,2016,0.25,0.5,0.625,0.3571429,0.44999999999999996,0.5103333,0.638888888888889
IND,2017,0.25,0.5,0.6875,0.39285709999999996,0.475,0.491,0.638888888888889
IND,2018,0.25,0.5,0.6875,0.39285709999999996,0.44999999999999996,0.491,0.638888888888889
IND,2019,0.25,0.5,0.6875,0.3571429,0.44999999999999996,0.48,0.638888888888889
IND,2020,0.25,0.5,0.5625,0.39285709999999996,0.475,0.47033329999999995,0.638888888888889
IND,2021,0.25,0.5,0.5625,0.39285709999999996,0.425,0.39699999999999996,0.638888888888889
IND,2022,0.25,0.5,0.625,0.46428569999999997,0.525,0.48466669999999995,0.638888888888889
IND,2023,0.25,0.5,0.6875,0.46428569999999997,0.5499999999999999,0.48933329999999997,0.638888888888889
IND,2024,0.25,0.5,0.8125,0.46428569999999997,0.6,0.5763332999999999,0.6643518518518519
IRL,1996,0.75,0.75,1.0,0.8571428999999999,0.85,0.75,0.9444444444444444
IRL,1997,,,,,,,0.8657407407407408
IRL,1998,0.75,0.75,1.0,0.8571428999999999,0.875,0.75,0.8333333333333334
IRL,1999,,,,,,,0.7824074074074074
IRL,2000,0.75,0.75,1.0,0.8928571,0.875,0.75,0.7777777777777777
IRL,2001,,,,,,,0.7916666666666666
IRL,2002,0.75,0.75,1.0,0.8928571,0.875,0.75,0.8611111111111112
IRL,2003,0.875,0.75,1.0,0.8928571,0.8999999999999999,0.875,0.8611111111111112
IRL,2004,0.75,0.75,1.0,0.8214286,0.875,0.75,0.8240740740740741
IRL,2005,0.875,1.0,1.0,0.8571428999999999,0.9249999999999999,1.0,0.8703703703703703
IRL,2006,0.75,0.75,0.9375,0.8214286,0.9249999999999999,0.8836666999999999,0.8819444444444445
IRL,2007,0.75,0.75,0.90625,0.8214286,0.9249999999999999,0.8836666999999999,0.8611111111111112
IRL,2008,0.75,0.75,0.875,0.8214286,0.9249999999999999,0.8836666999999999,0.8611111111111112
IRL,2009,0.75,0.5,0.75,0.8214286,0.8999999999999999,0.8003332999999999,0.8611111111111112
IRL,2010,0.75,0.5,0.75,0.8214286,0.8999999999999999,0.7929999999999999,0.8611111111111112
IRL,2011,0.625,0.5,0.75,0.8214286,0.8999999999999999,0.7853333,0.8611111111111112
IRL,2012,0.625,0.5,0.75,0.8214286,0.8999999999999999,0.7853333,0.8796296296296297
IRL,2013,0.625,0.5,0.75,0.8214286,0.8999999999999999,0.7893333,0.8888888888888888
IRL,2014,0.625,0.5,0.8125,0.8214286,0.875,0.7906667,0.8912037037037037
IRL,2015,0.625,0.5,0.8125,0.8214286,0.875,0.7949999999999999,0.9166666666666666
IRL,2016,0.625,0.5,0.75,0.8214286,0.85,0.8049999999999999,0.9166666666666666
IRL,2017,0.625,0.5,0.75,0.8214286,0.85,0.8049999999999999,0.9166666666666666
IRL,2018,0.625,0.5,0.75,0.8571428999999999,0.85,0.8049999999999999,0.9166666666666666
IRL,2019,0.625,0.5,0.75,0.8571428999999999,0.85,0.8079999999999999,0.9166666666666666
IRL,2020,0.625,0.75,0.75,0.8571428999999999,0.85,0.8016667,0.9166666666666666
IRL,2021,0.625,0.75,0.75,0.8571428999999999,0.85,0.7999999999999999,0.9166666666666666
IRL,2022,0.625,0.75,0.8125,0.8571428999999999,0.85,0.8043332999999999,0.9166666666666666
IRL,2023,0.625,0.75,0.875,0.8571428999999999,0.8999999999999999,0.8896666999999999,0.9166666666666666
IRL,2024,0.625,0.75,0.75,0.8571428999999999,0.8999999999999999,0.8896666999999999,0.9166666666666666
IRN,1996,0.0,0.25,0.4375,0.0714286,0.15,0.125,0.75
IRN,1997,,,,,,,0.7152777777777778
IRN,1998,0.125,0.25,0.3125,0.1071429,0.22499999999999998,0.125,0.6666666666666666
IRN,1999,,,,,,,0.6666666666666666
IRN,2000,0.125,0.25,0.375,0.1071429,0.3,0.125,0.6666666666666666
IRN,2001,,,,,,,0.5717592592592592
IRN,2002,0.125,0.25,0.4375,0.1785714,0.3,0.25,0.5
IRN,2003,0.125,0.25,0.25,0.1785714,0.27499999999999997,0.125,0.5
IRN,2004,0.125,0.25,0.3125,0.1785714,0.27499999999999997,0.125,0.5
IRN,2005,0.125,0.25,0.3125,0.1785714,0.25,0.125,0.5
IRN,2006,0.125,0.25,0.25,0.1785714,0.25,0.181,0.5
IRN,2007,0.125,0.25,0.3125,0.1785714,0.25,0.181,0.5
IRN,2008,0.125,0.25,0.4375,0.1785714,0.25,0.17766669999999998,0.5
IRN,2009,0.125,0.25,0.375,0.1785714,0.25,0.17766669999999998,0.5
IRN,2010,0.0,0.25,0.375,0.2142857,0.25,0.148,0.4768518518518518
IRN,2011,0.0,0.25,0.375,0.2142857,0.25,0.1493333,0.4722222222222221
IRN,2012,0.0,0.25,0.4375,0.25,0.25,0.1493333,0.4722222222222221
IRN,2013,0.125,0.25,0.4375,0.1785714,0.25,0.1493333,0.4722222222222221
IRN,2014,0.125,0.25,0.375,0.1785714,0.25,0.1493333,0.4722222222222221
IRN,2015,0.125,0.25,0.375,0.2142857,0.27499999999999997,0.15533329999999998,0.4722222222222221
IRN,2016,0.25,0.25,0.5,0.2142857,0.27499999999999997,0.16133329999999999,0.4722222222222221
IRN,2017,0.125,0.25,0.5,0.25,0.27499999999999997,0.16499999999999998,0.4722222222222221
IRN,2018,0.125,0.25,0.3125,0.2142857,0.27499999999999997,0.16499999999999998,0.4722222222222221
IRN,2019,0.125,0.25,0.25,0.2142857,0.27499999999999997,0.1626667,0.4722222222222221
IRN,2020,0.0,0.25,0.25,0.2142857,0.27499999999999997,0.1566667,0.4699074074074074
IRN,2021,0.0,0.25,0.25,0.2142857,0.25,0.1483333,0.4444444444444445
IRN,2022,0.0,0.25,0.25,0.2142857,0.25,0.14866669999999998,0.4375
IRN,2023,0.0,0.25,0.25,0.2142857,0.25,0.14866669999999998,0.4004629629629629
IRN,2024,0.0,0.25,0.25,0.2142857,0.25,0.14866669999999998,0.3912037037037037
IRQ,1996,0.0,0.0,0.0,0.1785714,0.125,0.125,0.25
IRQ,1997,,,,,,,0.2152777777777778
IRQ,1998,0.0,0.0,0.0,0.1785714,0.125,0.125,0.1666666666666666
IRQ,1999,,,,,,,0.1666666666666666
IRQ,2000,0.0,0.0,0.0,0.1785714,0.175,0.125,0.1666666666666666
IRQ,2001,,,,,,,0.1666666666666666
IRQ,2002,0.0,0.0,0.0,0.1785714,0.125,0.125,0.1666666666666666
IRQ,2003,0.0,0.0,0.0,0.1785714,0.125,0.125,0.2453703703703703
IRQ,2004,0.125,0.25,0.0,0.1071429,0.075,0.0,0.1597222222222222
IRQ,2005,0.125,0.0,0.0,0.1071429,0.075,0.0,0.1388888888888888
IRQ,2006,0.0,0.0,0.0625,0.1071429,0.049999999999999996,0.1336667,0.1388888888888888
IRQ,2007,0.0,0.0,0.0625,0.1428571,0.049999999999999996,0.1753333,0.1388888888888888
IRQ,2008,0.0,0.0,0.0625,0.2142857,0.049999999999999996,0.2166667,0.2465277777777777
IRQ,2009,0.0,0.0,0.125,0.2142857,0.049999999999999996,0.2166667,0.2800925925925926
IRQ,2010,0.0,0.0,0.0625,0.2142857,0.049999999999999996,0.2166667,0.2916666666666667
IRQ,2011,0.0,0.0,0.3125,0.2142857,0.09999999999999999,0.2176667,0.2916666666666667
IRQ,2012,0.0,0.0,0.3125,0.1785714,0.125,0.3033333,0.2731481481481481
IRQ,2013,0.0,0.0,0.1875,0.1785714,0.125,0.3033333,0.2638888888888889
IRQ,2014,0.0,0.0,0.125,0.2142857,0.125,0.30766669999999996,0.2638888888888889
IRQ,2015,0.0,0.0,0.125,0.25,0.125,0.3026667,0.2638888888888889
IRQ,2016,0.0,0.0,0.125,0.25,0.09999999999999999,0.3026667,0.2638888888888889
IRQ,2017,0.0,0.0,0.125,0.1785714,0.09999999999999999,0.303,0.2638888888888889
IRQ,2018,0.0,0.0,0.125,0.1785714,0.09999999999999999,0.302,0.2638888888888889
IRQ,2019,0.0,0.0,0.125,0.1785714,0.09999999999999999,0.29133329999999996,0.287037037037037
IRQ,2020,0.0,0.0,0.125,0.1785714,0.075,0.204,0.3032407407407407
IRQ,2021,0.0,0.0,0.125,0.1785714,0.075,0.2003333,0.3194444444444444
IRQ,2022,0.0,0.0,0.125,0.1785714,0.075,0.1876667,0.3576388888888888
IRQ,2023,0.0,0.0,0.125,0.1785714,0.075,0.1793333,0.3194444444444444
IRQ,2024,0.0,0.0,0.125,0.1785714,0.075,0.17666669999999998,0.3194444444444444
ISL,1996,0.4583333,0.3958333,0.9393939,0.46875,0.625,1.0,1.0
ISL,1997,,,,,,,1.0
ISL,1998,0.8833333,0.605,0.9393939,0.62,0.7122221999999999,1.0,1.0
ISL,1999,,,,,,,1.0
ISL,2000,0.9119048,0.875,0.9696969999999999,0.7791667,0.8619047999999999,1.0,1.0
ISL,2001,,,,,,,0.9907407407407408
ISL,2002,0.873591,0.8913042999999999,0.8863637,0.7235672,0.8754735,0.7732762,0.9444444444444444
ISL,2003,0.8847041999999999,0.8808642,0.8024690999999999,0.7457562,0.8802683,0.7834758,0.9212962962962964
ISL,2004,0.9123751999999999,0.8734721999999999,0.8066667,0.752814,0.8774653,0.7650926,0.9166666666666666
ISL,2005,0.8764368,0.8444444,0.8666667,0.7018883,0.8567768,0.8255747,0.9722222222222222
ISL,2006,0.625,0.5,0.9375,0.8928571,0.8999999999999999,0.9069999999999999,0.9722222222222222
ISL,2007,0.6875,0.5,0.96875,0.8928571,0.8999999999999999,0.9069999999999999,0.9722222222222222
ISL,2008,0.75,0.5,1.0,0.8571428999999999,0.875,0.9049999999999999,0.9722222222222222
ISL,2009,0.875,0.5,0.9375,0.8571428999999999,0.875,0.9049999999999999,0.9722222222222222
ISL,2010,0.875,0.5,0.9375,0.8571428999999999,0.875,0.9049999999999999,0.9722222222222222
ISL,2011,0.875,0.5,0.9375,0.8571428999999999,0.875,0.9033333,0.9722222222222222
ISL,2012,0.875,0.5,0.9375,0.8571428999999999,0.875,0.9049999999999999,0.9537037037037036
ISL,2013,0.875,0.5,0.9375,0.8571428999999999,0.875,0.9049999999999999,0.9444444444444444
ISL,2014,0.75,0.5,0.9375,0.8928571,0.875,0.9026666999999999,0.9351851851851852
ISL,2015,0.875,0.5,0.9375,0.8928571,0.875,0.9026666999999999,0.9444444444444444
ISL,2016,0.875,0.5,0.9375,0.8928571,0.875,0.8999999999999999,0.9444444444444444
ISL,2017,0.75,0.5,0.9375,0.8928571,0.8999999999999999,0.9026666999999999,0.9444444444444444
ISL,2018,0.75,0.75,1.0,0.8928571,0.9249999999999999,0.9026666999999999,0.9444444444444444
ISL,2019,0.75,0.75,1.0,0.8928571,0.9249999999999999,0.9026666999999999,0.9421296296296297
ISL,2020,0.75,0.75,0.9375,0.8928571,0.9249999999999999,0.8956666999999999,0.9166666666666666
ISL,2021,0.75,0.75,0.9375,0.8928571,0.8999999999999999,0.8893333,0.9166666666666666
ISL,2022,0.75,0.75,0.875,0.8214286,0.8999999999999999,0.9006666999999999,0.9166666666666666
ISL,2023,0.75,0.75,0.875,0.8214286,0.8999999999999999,0.8983333,0.9166666666666666
ISL,2024,0.75,0.75,0.875,0.8214286,0.8999999999999999,0.8959999999999999,0.9166666666666666
ISR,1996,0.875,1.0,0.25,0.7142856999999999,0.7999999999999999,0.5,0.8819444444444445
ISR,1997,,,,,,,0.8090277777777778
ISR,1998,0.75,1.0,0.3125,0.7142856999999999,0.725,0.5,0.7777777777777778
ISR,1999,,,,,,,0.7777777777777778
ISR,2000,0.625,1.0,0.4375,0.75,0.7,0.375,0.7777777777777778
ISR,2001,,,,,,,0.7777777777777778
ISR,2002,0.625,1.0,0.4375,0.7142856999999999,0.7,0.5,0.7777777777777778
ISR,2003,0.5,1.0,0.4375,0.7142856999999999,0.6749999999999999,0.5,0.8101851851851851
ISR,2004,0.5,1.0,0.4375,0.6785713999999999,0.6749999999999999,0.5,0.7870370370370371
ISR,2005,0.5,1.0,0.4375,0.6785713999999999,0.6749999999999999,0.5,0.7777777777777778
ISR,2006,0.5,0.75,0.5,0.6428571,0.625,0.576,0.7777777777777778
ISR,2007,0.5,0.75,0.53125,0.6428571,0.625,0.576,0.7777777777777778
ISR,2008,0.5,0.75,0.625,0.6785713999999999,0.625,0.5826667,0.7777777777777778
ISR,2009,0.5,0.75,0.5,0.6785713999999999,0.625,0.5826667,0.7777777777777778
ISR,2010,0.5,0.75,0.5,0.6785713999999999,0.6,0.4993333,0.8009259259259259
ISR,2011,0.5,0.75,0.4375,0.75,0.65,0.5843332999999999,0.8055555555555557
ISR,2012,0.5,0.75,0.4375,0.75,0.65,0.5843332999999999,0.8055555555555557
ISR,2013,0.5,0.75,0.4375,0.75,0.65,0.5843332999999999,0.8055555555555557
ISR,2014,0.5,0.75,0.5,0.75,0.65,0.5876667,0.8055555555555557
ISR,2015,0.625,0.75,0.5625,0.75,0.6749999999999999,0.5923333,0.8055555555555557
ISR,2016,0.75,0.75,0.6875,0.8214286,0.6749999999999999,0.595,0.8055555555555557
ISR,2017,0.5,0.75,0.6875,0.8214286,0.6749999999999999,0.593,0.8055555555555557
ISR,2018,0.5,0.75,0.6875,0.8214286,0.7,0.593,0.8055555555555557
ISR,2019,0.5,0.75,0.6875,0.8214286,0.7,0.5953333,0.8055555555555557
ISR,2020,0.5,0.75,0.625,0.8214286,0.7,0.5946667,0.7847222222222223
ISR,2021,0.625,1.0,0.6875,0.7857143,0.6749999999999999,0.599,0.7777777777777778
ISR,2022,0.625,1.0,0.625,0.75,0.7,0.5976667,0.7777777777777778
ISR,2023,0.625,1.0,0.4375,0.7142856999999999,0.65,0.5933333,0.7337962962962963
ISR,2024,0.625,0.75,0.4375,0.75,0.625,0.51,0.75
ITA,1996,0.625,0.75,0.875,0.7142856999999999,0.7999999999999999,0.625,0.8240740740740741
ITA,1997,,,,,,,0.829861111111111
ITA,1998,0.625,0.75,1.0,0.75,0.7,0.625,0.7870370370370371
ITA,1999,,,,,,,0.75
ITA,2000,0.625,0.75,1.0,0.6785713999999999,0.7,0.625,0.75
ITA,2001,,,,,,,0.7210648148148149
ITA,2002,0.625,0.75,0.75,0.6785713999999999,0.7,0.625,0.576388888888889
ITA,2003,0.5,0.5,0.75,0.6785713999999999,0.6749999999999999,0.625,0.5231481481481481
ITA,2004,0.625,0.5,0.8125,0.75,0.7,0.625,0.5439814814814815
ITA,2005,0.625,0.5,0.8125,0.7142856999999999,0.6749999999999999,0.625,0.5694444444444444
ITA,2006,0.625,0.5,0.8125,0.75,0.6749999999999999,0.841,0.5694444444444444
ITA,2007,0.625,0.5,0.78125,0.75,0.6749999999999999,0.841,0.5694444444444444
ITA,2008,0.625,0.5,0.8125,0.75,0.65,0.8493333,0.5694444444444444
ITA,2009,0.625,0.5,0.75,0.7142856999999999,0.65,0.8493333,0.5694444444444444
ITA,2010,0.375,0.5,0.75,0.7142856999999999,0.625,0.8443333,0.5694444444444444
ITA,2011,0.25,0.5,0.75,0.7142856999999999,0.625,0.8413333,0.5694444444444444
ITA,2012,0.25,0.5,0.6875,0.7142856999999999,0.625,0.8413333,0.5694444444444444
ITA,2013,0.25,0.5,0.6875,0.7142856999999999,0.625,0.845,0.5694444444444444
ITA,2014,0.25,0.5,0.6875,0.7142856999999999,0.625,0.845,0.5694444444444444
ITA,2015,0.25,0.5,0.6875,0.7857143,0.625,0.8493333,0.5694444444444444
ITA,2016,0.25,0.5,0.6875,0.7857143,0.625,0.8493333,0.5694444444444444
ITA,2017,0.25,0.5,0.6875,0.7857143,0.625,0.8493333,0.5879629629629629
ITA,2018,0.25,0.5,0.6875,0.75,0.6,0.757,0.5972222222222222
ITA,2019,0.25,0.5,0.6875,0.75,0.6,0.7506667,0.5972222222222222
ITA,2020,0.375,0.5,0.6875,0.75,0.6,0.758,0.5972222222222222
ITA,2021,0.375,0.5,0.8125,0.75,0.6,0.756,0.5972222222222222
ITA,2022,0.375,0.5,0.8125,0.7142856999999999,0.6,0.7563333,0.6400462962962963
ITA,2023,0.375,0.5,0.8125,0.7142856999999999,0.6,0.7563333,0.6701388888888888
ITA,2024,0.375,0.5,0.75,0.75,0.6,0.7526666999999999,0.7083333333333334
JAM,1996,0.25,0.25,0.5,0.5357143,0.35,0.375,0.5833333333333334
JAM,1997,,,,,,,0.5833333333333334
JAM,1998,0.25,0.25,0.5,0.5357143,0.35,0.375,0.5833333333333334
JAM,1999,,,,,,,0.5324074074074074
JAM,2000,0.25,0.25,0.5,0.46428569999999997,0.35,0.375,0.5185185185185185
JAM,2001,,,,,,,0.4722222222222221
JAM,2002,0.125,0.25,0.375,0.46428569999999997,0.325,0.25,0.4189814814814814
JAM,2003,0.125,0.25,0.375,0.5,0.325,0.25,0.3888888888888888
JAM,2004,0.125,0.25,0.5625,0.5357143,0.375,0.25,0.4166666666666667
JAM,2005,0.125,0.0,0.5625,0.5,0.39999999999999997,0.375,0.4722222222222222
JAM,2006,0.25,0.5,0.5625,0.6428571,0.44999999999999996,0.578,0.4537037037037037
JAM,2007,0.25,0.5,0.5625,0.6428571,0.44999999999999996,0.578,0.4722222222222222
JAM,2008,0.25,0.5,0.5625,0.6428571,0.425,0.49033329999999997,0.4537037037037037
JAM,2009,0.25,0.5,0.5,0.6428571,0.425,0.49033329999999997,0.4444444444444444
JAM,2010,0.25,0.5,0.4375,0.6428571,0.39999999999999997,0.407,0.4652777777777777
JAM,2011,0.25,0.5,0.4375,0.6428571,0.39999999999999997,0.4043333,0.4722222222222221
JAM,2012,0.25,0.5,0.5,0.6071428999999999,0.39999999999999997,0.413,0.4722222222222221
JAM,2013,0.25,0.5,0.6875,0.6071428999999999,0.425,0.4963333,0.5
JAM,2014,0.25,0.5,0.75,0.5714286,0.425,0.4963333,0.5
JAM,2015,0.25,0.5,0.75,0.6071428999999999,0.425,0.4963333,0.5416666666666666
JAM,2016,0.25,0.5,0.75,0.6071428999999999,0.425,0.4963333,0.5
JAM,2017,0.25,0.5,0.6875,0.5714286,0.44999999999999996,0.493,0.5
JAM,2018,0.25,0.5,0.75,0.5714286,0.425,0.484,0.513888888888889
JAM,2019,0.375,0.5,0.75,0.5714286,0.39999999999999997,0.482,0.5162037037037037
JAM,2020,0.375,0.5,0.6875,0.5714286,0.425,0.48766669999999995,0.5208333333333334
JAM,2021,0.375,0.5,0.6875,0.5714286,0.425,0.48766669999999995,0.5462962962962963
JAM,2022,0.375,0.5,0.6875,0.5714286,0.425,0.48766669999999995,0.5324074074074074
JAM,2023,0.375,0.5,0.6875,0.5714286,0.425,0.48533329999999997,0.5277777777777778
JAM,2024,0.375,0.5,0.6875,0.5357143,0.425,0.4746667,0.5277777777777778
JEY,2011,0.625,0.75,1.0,0.7857143,0.9249999999999999,0.875,
JEY,2012,0.625,0.75,1.0,0.7857143,0.9249999999999999,0.875,
JEY,2013,0.625,0.75,1.0,0.7857143,0.9249999999999999,0.875,
JEY,2014,0.625,0.75,1.0,0.7857143,0.9249999999999999,0.875,
JEY,2015,0.625,0.75,1.0,0.7857143,0.9249999999999999,0.875,
JEY,2016,0.625,0.75,1.0,0.7142856999999999,0.9249999999999999,0.875,
JEY,2017,0.625,0.75,1.0,0.7142856999999999,0.9249999999999999,0.875,
JEY,2018,0.625,0.75,1.0,0.7142856999999999,0.9249999999999999,0.875,
JEY,2019,0.625,0.75,1.0,0.75,0.9249999999999999,0.875,
JEY,2020,0.625,0.75,0.9375,0.75,0.9249999999999999,0.875,
JEY,2021,0.625,0.75,0.9375,0.75,0.9249999999999999,0.875,
JEY,2022,0.625,0.75,1.0,0.75,0.9249999999999999,0.875,
JEY,2023,0.625,0.75,1.0,0.75,0.9249999999999999,0.875,
JEY,2024,0.625,0.75,1.0,0.75,0.9249999999999999,0.875,
JOR,1996,0.375,0.5,0.375,0.4285714,0.5,0.25,0.7314814814814815
JOR,1997,,,,,,,0.6597222222222222
JOR,1998,0.375,0.5,0.3125,0.4285714,0.5,0.25,0.611111111111111
JOR,1999,,,,,,,0.5648148148148148
JOR,2000,0.375,0.25,0.5,0.4285714,0.5,0.25,0.5555555555555555
JOR,2001,,,,,,,0.5555555555555555
JOR,2002,0.25,0.5,0.1875,0.4285714,0.425,0.25,0.5555555555555555
JOR,2003,0.25,0.5,0.1875,0.39285709999999996,0.425,0.25,0.5555555555555555
JOR,2004,0.25,0.25,0.375,0.39285709999999996,0.44999999999999996,0.25,0.5555555555555555
JOR,2005,0.25,0.25,0.3125,0.39285709999999996,0.475,0.375,0.5555555555555555
JOR,2006,0.25,0.25,0.3125,0.39285709999999996,0.475,0.38066669999999997,0.5555555555555555
JOR,2007,0.25,0.25,0.5,0.39285709999999996,0.475,0.38066669999999997,0.5555555555555555
JOR,2008,0.25,0.25,0.5,0.39285709999999996,0.475,0.381,0.5555555555555555
JOR,2009,0.25,0.25,0.5,0.39285709999999996,0.475,0.381,0.5555555555555555
JOR,2010,0.25,0.25,0.5,0.39285709999999996,0.475,0.37466669999999996,0.5555555555555555
JOR,2011,0.25,0.25,0.4375,0.39285709999999996,0.5,0.37966669999999997,0.5555555555555555
JOR,2012,0.25,0.25,0.4375,0.4285714,0.475,0.292,0.5370370370370371
JOR,2013,0.375,0.5,0.4375,0.46428569999999997,0.5,0.292,0.5277777777777778
JOR,2014,0.375,0.5,0.4375,0.46428569999999997,0.5,0.292,0.5300925925925926
JOR,2015,0.375,0.5,0.4375,0.46428569999999997,0.5,0.29533329999999997,0.5555555555555555
JOR,2016,0.375,0.5,0.5,0.5,0.5,0.2986667,0.5555555555555555
JOR,2017,0.375,0.5,0.5,0.5357143,0.5,0.2956667,0.5486111111111112
JOR,2018,0.375,0.5,0.5625,0.5714286,0.5,0.2976667,0.5277777777777778
JOR,2019,0.375,0.5,0.5625,0.5714286,0.475,0.2976667,0.5277777777777778
JOR,2020,0.375,0.5,0.4375,0.5357143,0.475,0.2873333,0.5277777777777778
JOR,2021,0.375,0.5,0.375,0.5357143,0.475,0.283,0.5069444444444445
JOR,2022,0.375,0.5,0.375,0.5,0.475,0.2723333,0.5
JOR,2023,0.375,0.5,0.375,0.5357143,0.475,0.26799999999999996,0.5
JOR,2024,0.5,0.5,0.5,0.5714286,0.5,0.27599999999999997,0.4930555555555556
JPN,1996,0.375,0.75,1.0,0.7142856999999999,0.725,0.625,0.9375
JPN,1997,,,,,,,0.8877314814814815
JPN,1998,0.375,0.75,1.0,0.7142856999999999,0.725,0.625,0.7870370370370371
JPN,1999,,,,,,,0.7824074074074074
JPN,2000,0.375,0.75,1.0,0.7142856999999999,0.725,0.625,0.7824074074074074
JPN,2001,,,,,,,0.7824074074074074
JPN,2002,0.375,0.75,1.0,0.46428569999999997,0.725,0.625,0.8055555555555557
JPN,2003,0.375,0.75,1.0,0.75,0.725,0.625,0.8055555555555557
JPN,2004,0.375,0.75,1.0,0.75,0.725,0.625,0.8055555555555557
JPN,2005,0.375,0.75,1.0,0.75,0.725,0.625,0.8055555555555557
JPN,2006,0.375,0.75,1.0,0.75,0.725,0.6883332999999999,0.8055555555555557
JPN,2007,0.4375,0.75,1.0,0.7678571,0.725,0.6883332999999999,0.7777777777777778
JPN,2008,0.5,0.75,1.0,0.7857143,0.7,0.6916667,0.7777777777777778
JPN,2009,0.625,0.75,1.0,0.7857143,0.725,0.7749999999999999,0.7777777777777778
JPN,2010,0.625,0.75,1.0,0.7857143,0.725,0.7693333,0.8472222222222223
JPN,2011,0.625,0.75,1.0,0.7857143,0.725,0.7693333,0.8611111111111112
JPN,2012,0.625,0.75,1.0,0.7857143,0.725,0.7693333,0.8611111111111112
JPN,2013,0.625,0.75,1.0,0.7857143,0.75,0.7693333,0.8611111111111112
JPN,2014,0.625,0.75,1.0,0.7857143,0.7749999999999999,0.7693333,0.8611111111111112
JPN,2015,0.625,0.75,0.875,0.8214286,0.7749999999999999,0.7653333,0.8611111111111112
JPN,2016,0.625,0.75,0.875,0.8571428999999999,0.7749999999999999,0.7663333,0.8611111111111112
JPN,2017,0.625,0.75,0.875,0.8571428999999999,0.825,0.7626666999999999,0.8611111111111112
JPN,2018,0.625,0.75,0.875,0.8571428999999999,0.825,0.7663333,0.8449074074074074
JPN,2019,0.625,0.75,0.875,0.8571428999999999,0.825,0.7663333,0.8333333333333334
JPN,2020,0.625,0.75,0.9375,0.8571428999999999,0.825,0.771,0.8333333333333334
JPN,2021,0.625,0.75,0.9375,0.8571428999999999,0.85,0.7716666999999999,0.8333333333333334
JPN,2022,0.625,1.0,1.0,0.8571428999999999,0.85,0.7776666999999999,0.8333333333333334
JPN,2023,0.625,1.0,1.0,0.8571428999999999,0.875,0.8633333,0.8310185185185185
JPN,2024,0.625,1.0,1.0,0.7857143,0.875,0.866,0.8055555555555557
KAZ,1996,0.0,0.0,0.0625,0.3571429,0.09999999999999999,0.0,
KAZ,1997,,,,,,,
KAZ,1998,0.0,0.0,0.25,0.2857143,0.125,0.0,
KAZ,1999,,,,,,,0.5555555555555555
KAZ,2000,0.0,0.0,0.4375,0.2857143,0.125,0.0,0.5370370370370371
KAZ,2001,,,,,,,0.4953703703703704
KAZ,2002,0.0,0.0,0.5,0.1785714,0.175,0.125,0.4722222222222221
KAZ,2003,0.0,0.0,0.5,0.1785714,0.175,0.125,0.4722222222222221
KAZ,2004,0.0,0.0,0.5,0.1785714,0.175,0.125,0.4722222222222221
KAZ,2005,0.0,0.0,0.5,0.1785714,0.175,0.125,0.4722222222222221
KAZ,2006,0.0,0.0,0.625,0.25,0.22499999999999998,0.204,0.4722222222222221
KAZ,2007,0.0,0.0,0.625,0.25,0.22499999999999998,0.204,0.4722222222222221
KAZ,2008,0.0,0.0,0.625,0.25,0.22499999999999998,0.1983333,0.4722222222222221
KAZ,2009,0.0,0.0,0.5625,0.25,0.22499999999999998,0.1983333,0.4722222222222221
KAZ,2010,0.0,0.0,0.5625,0.25,0.22499999999999998,0.19333329999999999,0.4722222222222221
KAZ,2011,0.0,0.0,0.5625,0.25,0.22499999999999998,0.19133329999999998,0.4583333333333333
KAZ,2012,0.0,0.0,0.5625,0.25,0.22499999999999998,0.1816667,0.4444444444444445
KAZ,2013,0.0,0.0,0.5625,0.2857143,0.3,0.18533329999999998,0.4444444444444445
KAZ,2014,0.0,0.25,0.5625,0.3214286,0.3,0.189,0.4444444444444445
KAZ,2015,0.0,0.25,0.5625,0.46428569999999997,0.375,0.2686667,0.4444444444444445
KAZ,2016,0.0,0.25,0.5625,0.46428569999999997,0.375,0.2686667,0.4444444444444445
KAZ,2017,0.0,0.25,0.5625,0.5357143,0.375,0.2686667,0.4444444444444445
KAZ,2018,0.125,0.25,0.5625,0.5,0.375,0.2646667,0.4675925925925926
KAZ,2019,0.125,0.25,0.5625,0.5,0.375,0.2646667,0.576388888888889
KAZ,2020,0.125,0.25,0.5,0.5,0.375,0.2713333,0.638888888888889
KAZ,2021,0.125,0.25,0.5,0.5,0.375,0.2693333,0.6643518518518519
KAZ,2022,0.125,0.25,0.3125,0.46428569999999997,0.375,0.2693333,0.679398148148148
KAZ,2023,0.125,0.25,0.3125,0.46428569999999997,0.375,0.2693333,0.736111111111111
KAZ,2024,0.25,0.25,0.3125,0.46428569999999997,0.375,0.2693333,0.736111111111111
KEN,1996,0.0,0.25,0.3125,0.3214286,0.09999999999999999,0.0,0.6388888888888888
KEN,1997,,,,,,,0.5856481481481483
KEN,1998,0.0,0.0,0.3125,0.3214286,0.09999999999999999,0.0,0.3981481481481481
KEN,1999,,,,,,,0.3888888888888888
KEN,2000,0.125,0.0,0.25,0.2857143,0.175,0.0,0.3888888888888888
KEN,2001,,,,,,,0.3888888888888888
KEN,2002,0.125,0.0,0.4375,0.25,0.175,0.125,0.375
KEN,2003,0.125,0.0,0.5,0.25,0.175,0.125,0.4675925925925926
KEN,2004,0.125,0.0,0.5,0.25,0.175,0.125,0.4166666666666667
KEN,2005,0.125,0.0,0.5,0.25,0.175,0.125,0.349537037037037
KEN,2006,0.125,0.0,0.5,0.25,0.175,0.25266669999999997,0.3333333333333333
KEN,2007,0.125,0.0,0.5,0.25,0.175,0.25266669999999997,0.3171296296296296
KEN,2008,0.125,0.0,0.5,0.25,0.175,0.243,0.3055555555555555
KEN,2009,0.125,0.0,0.5,0.25,0.175,0.243,0.3194444444444444
KEN,2010,0.125,0.0,0.5,0.25,0.175,0.2403333,0.3680555555555555
KEN,2011,0.125,0.0,0.5,0.25,0.175,0.2403333,0.3888888888888888
KEN,2012,0.125,0.0,0.5,0.25,0.175,0.2403333,0.3703703703703704
KEN,2013,0.125,0.0,0.5625,0.25,0.175,0.2543333,0.3611111111111111
KEN,2014,0.25,0.0,0.5625,0.3571429,0.3,0.3376667,0.3611111111111111
KEN,2015,0.125,0.0,0.5,0.3571429,0.3,0.3443333,0.3611111111111111
KEN,2016,0.125,0.0,0.5,0.3571429,0.3,0.3443333,0.3680555555555555
KEN,2017,0.125,0.0,0.5,0.3571429,0.3,0.33699999999999997,0.3888888888888889
KEN,2018,0.125,0.0,0.5625,0.3571429,0.325,0.33699999999999997,0.4305555555555556
KEN,2019,0.125,0.0,0.5625,0.3571429,0.325,0.3393333,0.4895833333333333
KEN,2020,0.125,0.0,0.5625,0.3214286,0.325,0.33499999999999996,0.513888888888889
KEN,2021,0.125,0.0,0.5,0.3214286,0.325,0.33499999999999996,0.5254629629629629
KEN,2022,0.125,0.0,0.5,0.3214286,0.325,0.33499999999999996,0.5416666666666666
KEN,2023,0.125,0.0,0.5,0.2857143,0.325,0.33499999999999996,0.5416666666666666
KEN,2024,0.125,0.0,0.375,0.2857143,0.325,0.33499999999999996,0.5416666666666666
KGZ,1996,0.375,0.5,0.4375,0.4166667,0.4375,0.25,
KGZ,1997,,,,,,,
KGZ,1998,0.375,0.5,0.4375,0.4166667,0.4375,0.25,
KGZ,1999,,,,,,,
KGZ,2000,0.375,0.5,0.4375,0.4166667,0.4375,0.25,
KGZ,2001,,,,,,,
KGZ,2002,0.375,0.5,0.375,0.4166667,0.5,0.25,
KGZ,2003,0.375,0.5,0.3125,0.4166667,0.5,0.3125,
KGZ,2004,0.36363639999999997,0.46464649999999996,0.36363639999999997,0.4175084,0.4949495,0.3333333,
KGZ,2005,0.2706964,0.2744192,0.5763889,0.3268716,0.28397849999999997,0.3560606,
KGZ,2006,0.0,0.0,0.25,0.25,0.09999999999999999,0.3026667,
KGZ,2007,0.0,0.0,0.25,0.25,0.075,0.3026667,
KGZ,2008,0.0,0.0,0.4375,0.25,0.075,0.3016667,
KGZ,2009,0.0,0.0,0.5,0.25,0.075,0.3016667,
KGZ,2010,0.0,0.0,0.375,0.25,0.075,0.22699999999999998,
KGZ,2011,0.0,0.0,0.375,0.25,0.075,0.22799999999999998,
KGZ,2012,0.0,0.0,0.4375,0.25,0.075,0.23966669999999998,
KGZ,2013,0.0,0.0,0.4375,0.25,0.09999999999999999,0.323,
KGZ,2014,0.0,0.0,0.4375,0.25,0.125,0.3413333,
KGZ,2015,0.0,0.0,0.4375,0.2142857,0.125,0.3443333,
KGZ,2016,0.0,0.0,0.4375,0.39285709999999996,0.15,0.33099999999999996,
KGZ,2017,0.0,0.0,0.5,0.4285714,0.25,0.33699999999999997,
KGZ,2018,0.0,0.0,0.5625,0.4285714,0.25,0.33699999999999997,
KGZ,2019,0.0,0.0,0.5625,0.4285714,0.25,0.3296667,
KGZ,2020,0.0,0.0,0.375,0.46428569999999997,0.25,0.307,
KGZ,2021,0.0,0.0,0.4375,0.46428569999999997,0.19999999999999998,0.2873333,
KGZ,2022,0.0,0.0,0.375,0.46428569999999997,0.19999999999999998,0.2873333,
KGZ,2023,0.0,0.0,0.375,0.46428569999999997,0.19999999999999998,0.29,
KGZ,2024,0.0,0.0,0.5,0.46428569999999997,0.19999999999999998,0.284,
KHM,1996,0.125,0.0,0.1875,0.46428569999999997,0.15,0.0,
KHM,1997,,,,,,,
KHM,1998,0.125,0.0,0.1875,0.46428569999999997,0.15,0.0,
KHM,1999,,,,,,,
KHM,2000,0.125,0.0,0.1875,0.46428569999999997,0.15,0.0,
KHM,2001,,,,,,,
KHM,2002,0.125,0.0,0.1875,0.46428569999999997,0.15,0.0,
KHM,2003,0.125,0.0,0.1875,0.46428569999999997,0.15,0.0,
KHM,2004,0.125,0.0,0.25,0.5,0.15,0.0,
KHM,2005,0.125,0.0,0.25,0.5,0.15,0.0,
KHM,2006,0.125,0.0,0.25,0.46428569999999997,0.15,0.159,
KHM,2007,0.125,0.0,0.25,0.46428569999999997,0.15,0.159,
KHM,2008,0.125,0.0,0.25,0.46428569999999997,0.15,0.16233329999999999,
KHM,2009,0.125,0.0,0.3125,0.4285714,0.15,0.16233329999999999,
KHM,2010,0.125,0.0,0.3125,0.4285714,0.15,0.16233329999999999,
KHM,2011,0.125,0.0,0.375,0.4285714,0.175,0.16233329999999999,
KHM,2012,0.125,0.0,0.3125,0.4285714,0.175,0.1653333,
KHM,2013,0.125,0.0,0.375,0.4285714,0.175,0.1533333,
KHM,2014,0.125,0.0,0.375,0.46428569999999997,0.175,0.15933329999999998,
KHM,2015,0.125,0.0,0.375,0.4285714,0.15,0.1423333,
KHM,2016,0.125,0.0,0.4375,0.39285709999999996,0.125,0.1423333,
KHM,2017,0.125,0.0,0.4375,0.39285709999999996,0.175,0.2043333,
KHM,2018,0.125,0.0,0.4375,0.39285709999999996,0.15,0.1196667,
KHM,2019,0.125,0.0,0.4375,0.39285709999999996,0.22499999999999998,0.1176667,
KHM,2020,0.125,0.0,0.375,0.39285709999999996,0.22499999999999998,0.10333329999999999,
KHM,2021,0.125,0.0,0.5,0.39285709999999996,0.22499999999999998,0.0966667,
KHM,2022,0.125,0.25,0.5,0.39285709999999996,0.22499999999999998,0.106,
KHM,2023,0.125,0.25,0.5,0.39285709999999996,0.22499999999999998,0.1016667,
KHM,2024,0.125,0.25,0.5625,0.4285714,0.25,0.09799999999999999,
KIR,1996,,,,,,,
KIR,1997,,,,,,,
KIR,1998,,,,,,,
KIR,1999,,,,,,,
KIR,2000,,,,,,,
KIR,2001,,,,,,,
KIR,2002,,,,,,,
KIR,2003,,,,,,,
KIR,2004,0.6363635999999999,0.5151515,0.8535353999999999,0.46464649999999996,0.6818181999999999,0.510101,
KIR,2005,0.625,0.5,1.0,0.4166667,0.875,0.375,
KIR,2006,0.625,0.5,1.0,0.4166667,0.875,0.375,
KIR,2007,0.625,0.5,1.0,0.4166667,0.875,0.375,
KIR,2008,0.625,0.5,1.0,0.4166667,0.875,0.375,
KIR,2009,0.625,0.5,1.0,0.4166667,0.875,0.375,
KIR,2010,0.625,0.5,1.0,0.4166667,0.875,0.375,
KIR,2011,0.625,0.5,1.0,0.4166667,0.875,0.625,
KIR,2012,0.625,0.5,1.0,0.4166667,0.875,0.625,
KIR,2013,0.625,0.5,1.0,0.4166667,0.875,0.625,
KIR,2014,0.6666667,0.5833332999999999,0.8888889,0.6666667,0.8333332999999999,,
KIR,2015,0.6666667,0.5833332999999999,0.8888889,0.6666667,0.8333332999999999,,
KIR,2016,0.6666667,0.5833332999999999,0.8888889,0.6666667,0.8333332999999999,,
KIR,2017,0.6666667,0.5833332999999999,0.8888889,0.6666667,0.8888889,,
KIR,2018,0.6666667,0.5833332999999999,0.8888889,0.6666667,0.8888889,,
KIR,2019,0.6666667,0.5833332999999999,0.9444444,0.7222221999999999,0.8888889,,
KIR,2020,0.6666667,0.5833332999999999,0.9444444,0.7222221999999999,0.8888889,,
KIR,2021,0.6666667,0.5833332999999999,0.9444444,0.7222221999999999,0.8333332999999999,,
KIR,2022,0.6666667,0.5833332999999999,0.9444444,0.7222221999999999,0.8333332999999999,,
KIR,2023,0.6666667,0.5833332999999999,0.9444444,0.6666667,0.8333332999999999,,
KIR,2024,0.6666667,0.5833332999999999,0.9444444,0.6666667,0.8333332999999999,,
KNA,1996,,,,,,,
KNA,1997,,,,,,,
KNA,1998,,,,,,,
KNA,1999,,,,,,,
KNA,2000,,,,,,,
KNA,2001,,,,,,,
KNA,2002,,,,,,,
KNA,2003,,,,,,,
KNA,2004,0.5656566,0.6363635999999999,0.8484847999999999,0.5925926,0.7474746999999999,0.5707071,
KNA,2005,0.875,0.875,0.875,0.9166667,0.8125,0.875,
KNA,2006,0.875,0.875,0.875,0.9166667,0.8125,0.875,
KNA,2007,0.875,0.875,0.875,0.875,0.8125,0.875,
KNA,2008,0.875,0.875,0.875,0.875,0.8125,0.875,
KNA,2009,0.875,0.875,0.90625,0.875,0.8125,0.875,
KNA,2010,0.875,0.875,0.9375,0.875,0.8125,0.875,
KNA,2011,0.875,0.875,0.9375,0.875,0.8125,0.875,
KNA,2012,0.875,0.875,0.9375,0.875,0.8125,0.875,
KNA,2013,0.875,0.875,0.9375,0.875,0.8125,0.875,
KNA,2014,0.5,0.6666667,0.7777778,0.6111111,0.44444439999999996,,
KNA,2015,0.5,0.75,0.7777778,0.6111111,0.6666667,,
KNA,2016,0.5,0.75,0.7777778,0.6111111,0.6666667,,
KNA,2017,0.5,0.75,0.7777778,0.6666667,0.6666667,,
KNA,2018,0.5,0.75,0.7777778,0.6666667,0.6666667,,
KNA,2019,0.5,0.75,0.7777778,0.6666667,0.6666667,,
KNA,2020,0.5,0.75,0.8888889,0.6666667,0.6666667,,
KNA,2021,0.5,0.6666667,0.8888889,0.6666667,0.6666667,,
KNA,2022,0.5,0.6666667,0.8888889,0.6666667,0.6666667,,
KNA,2023,0.5,0.6666667,0.8888889,0.6666667,0.6666667,,
KNA,2024,0.5,0.6666667,0.8888889,0.6666667,0.6666667,,
KOR,1996,0.5,0.75,0.8125,0.6785713999999999,0.65,0.5,0.8472222222222223
KOR,1997,,,,,,,0.71875
KOR,1998,0.5,0.5,0.625,0.6428571,0.7,0.5,0.6944444444444443
KOR,1999,,,,,,,0.6666666666666666
KOR,2000,0.5,0.5,0.625,0.6071428999999999,0.7,0.5,0.6388888888888888
KOR,2001,,,,,,,0.6342592592592592
KOR,2002,0.375,0.75,0.625,0.6071428999999999,0.7,0.5,0.5925925925925926
KOR,2003,0.375,0.75,0.625,0.6071428999999999,0.7,0.5,0.6481481481481481
KOR,2004,0.375,0.75,0.625,0.6071428999999999,0.7,0.5,0.6550925925925926
KOR,2005,0.375,0.75,0.625,0.6071428999999999,0.7,0.5,0.6666666666666666
KOR,2006,0.375,0.75,0.625,0.6071428999999999,0.7,0.596,0.6666666666666666
KOR,2007,0.375,0.75,0.625,0.6071428999999999,0.7,0.596,0.6666666666666666
KOR,2008,0.375,0.75,0.5625,0.6071428999999999,0.7,0.6003333,0.6944444444444445
KOR,2009,0.375,0.75,0.5,0.6071428999999999,0.7,0.6003333,0.6944444444444445
KOR,2010,0.375,0.75,0.5,0.6428571,0.7,0.6036667,0.6944444444444445
KOR,2011,0.375,0.75,0.5,0.6428571,0.7,0.602,0.6944444444444445
KOR,2012,0.375,0.75,0.5,0.6428571,0.7,0.6043333,0.6944444444444445
KOR,2013,0.375,0.75,0.5,0.6428571,0.7,0.602,0.6944444444444445
KOR,2014,0.375,0.75,0.5,0.6785713999999999,0.7,0.602,0.6944444444444445
KOR,2015,0.375,0.75,0.5,0.6785713999999999,0.7,0.599,0.6944444444444445
KOR,2016,0.375,0.75,0.5625,0.6785713999999999,0.75,0.5973333,0.6944444444444445
KOR,2017,0.375,0.75,0.5625,0.6785713999999999,0.7749999999999999,0.6833332999999999,0.6944444444444445
KOR,2018,0.375,0.75,0.625,0.6785713999999999,0.7749999999999999,0.6833332999999999,0.6944444444444445
KOR,2019,0.375,1.0,0.625,0.7142856999999999,0.75,0.6833332999999999,0.7175925925925926
KOR,2020,0.5,1.0,0.625,0.75,0.7999999999999999,0.767,0.7430555555555557
KOR,2021,0.5,1.0,0.6875,0.7857143,0.7999999999999999,0.772,0.75
KOR,2022,0.625,1.0,0.6875,0.7857143,0.825,0.7676666999999999,0.7407407407407408
KOR,2023,0.625,1.0,0.75,0.7857143,0.825,0.7696666999999999,0.7476851851851851
KOR,2024,0.625,1.0,0.75,0.75,0.825,0.7583333,0.763888888888889
KWT,1996,0.5,0.5,0.625,0.39285709999999996,0.525,0.375,0.6666666666666666
KWT,1997,,,,,,,0.6527777777777778
KWT,1998,0.5,0.25,0.4375,0.3571429,0.525,0.375,0.6111111111111112
KWT,1999,,,,,,,0.6111111111111112
KWT,2000,0.5,0.25,0.6875,0.3571429,0.525,0.375,0.5555555555555556
KWT,2001,,,,,,,0.5555555555555556
KWT,2002,0.5,0.25,0.4375,0.3214286,0.5499999999999999,0.375,0.5555555555555556
KWT,2003,0.5,0.25,0.4375,0.3214286,0.5499999999999999,0.375,0.5555555555555556
KWT,2004,0.5,0.25,0.5625,0.39285709999999996,0.5499999999999999,0.375,0.5555555555555556
KWT,2005,0.5,0.25,0.5625,0.39285709999999996,0.5499999999999999,0.375,0.5833333333333334
KWT,2006,0.375,0.25,0.75,0.39285709999999996,0.5499999999999999,0.353,0.5949074074074074
KWT,2007,0.375,0.25,0.75,0.4107143,0.5625,0.353,0.6111111111111112
KWT,2008,0.375,0.25,0.6875,0.46428569999999997,0.575,0.363,0.6111111111111112
KWT,2009,0.375,0.25,0.6875,0.46428569999999997,0.575,0.363,0.6111111111111112
KWT,2010,0.375,0.25,0.75,0.5,0.575,0.3793333,0.6111111111111112
KWT,2011,0.25,0.25,0.625,0.5,0.575,0.37466669999999996,0.6111111111111112
KWT,2012,0.25,0.25,0.625,0.46428569999999997,0.575,0.376,0.5925925925925926
KWT,2013,0.25,0.25,0.625,0.46428569999999997,0.575,0.376,0.5833333333333334
KWT,2014,0.25,0.25,0.625,0.46428569999999997,0.575,0.376,0.5671296296296297
KWT,2015,0.25,0.25,0.625,0.46428569999999997,0.5499999999999999,0.3783333,0.5555555555555555
KWT,2016,0.25,0.25,0.625,0.5,0.5499999999999999,0.3783333,0.5555555555555555
KWT,2017,0.25,0.25,0.625,0.5,0.575,0.3783333,0.5370370370370371
KWT,2018,0.25,0.25,0.625,0.5,0.575,0.3783333,0.5277777777777778
KWT,2019,0.375,0.25,0.625,0.5357143,0.575,0.381,0.5277777777777778
KWT,2020,0.375,0.25,0.625,0.5357143,0.575,0.37666669999999997,0.5277777777777778
KWT,2021,0.375,0.25,0.625,0.5357143,0.575,0.3803333,0.5277777777777778
KWT,2022,0.375,0.25,0.625,0.5357143,0.575,0.37766669999999997,0.5347222222222222
KWT,2023,0.375,0.25,0.625,0.5357143,0.575,0.36666669999999996,0.5625
KWT,2024,0.375,0.25,0.625,0.5357143,0.575,0.2593333,0.5555555555555556
LAO,1996,0.375,0.375,0.5625,0.375,0.5,0.375,
LAO,1997,,,,,,,
LAO,1998,0.375,0.375,0.5625,0.375,0.5,0.375,
LAO,1999,,,,,,,
LAO,2000,0.375,0.375,0.5,0.3333333,0.4375,0.375,
LAO,2001,,,,,,,
LAO,2002,0.375,0.375,0.625,0.3333333,0.4375,0.375,
LAO,2003,0.375,0.25,0.4375,0.2916667,0.375,0.3125,
LAO,2004,0.2626263,0.3030303,0.5252525,0.29966329999999997,0.4393939,0.3383838,
LAO,2005,0.25,0.25,0.625,0.2916667,0.4375,0.3125,
LAO,2006,0.0,0.25,0.5625,0.2142857,0.325,0.23666669999999998,
LAO,2007,0.0,0.25,0.5625,0.2142857,0.325,0.23666669999999998,
LAO,2008,0.0,0.25,0.5625,0.2142857,0.325,0.23666669999999998,
LAO,2009,0.0,0.25,0.5625,0.2142857,0.3,0.23666669999999998,
LAO,2010,0.0,0.25,0.5625,0.2142857,0.3,0.23666669999999998,
LAO,2011,0.0,0.25,0.5625,0.2142857,0.3,0.23666669999999998,
LAO,2012,0.0,0.25,0.5625,0.2142857,0.3,0.244,
LAO,2013,0.0,0.25,0.5625,0.1428571,0.3,0.2403333,
LAO,2014,0.0,0.25,0.5625,0.1428571,0.3,0.2403333,
LAO,2015,0.0,0.25,0.5625,0.1428571,0.3,0.2403333,
LAO,2016,0.0,0.25,0.5625,0.1428571,0.3,0.2456667,
LAO,2017,0.0,0.25,0.5625,0.1428571,0.3,0.2456667,
LAO,2018,0.0,0.25,0.5625,0.1428571,0.3,0.2456667,
LAO,2019,0.0,0.25,0.5625,0.2857143,0.25,0.1546667,
LAO,2020,0.0,0.25,0.5,0.2857143,0.25,0.1423333,
LAO,2021,0.0,0.25,0.5625,0.3214286,0.3,0.1423333,
LAO,2022,0.0,0.25,0.5625,0.3214286,0.25,0.1423333,
LAO,2023,0.0,0.25,0.625,0.3214286,0.25,0.1403333,
LAO,2024,0.0,0.25,0.5,0.3214286,0.27499999999999997,0.1403333,
LBN,1996,0.25,0.5,0.25,0.3571429,0.39999999999999997,0.375,0.4027777777777777
LBN,1997,,,,,,,0.3958333333333333
LBN,1998,0.125,0.5,0.1875,0.3214286,0.325,0.375,0.4444444444444444
LBN,1999,,,,,,,0.4444444444444444
LBN,2000,0.25,0.5,0.3125,0.3214286,0.44999999999999996,0.375,0.4444444444444444
LBN,2001,,,,,,,0.4444444444444444
LBN,2002,0.25,0.5,0.375,0.2857143,0.44999999999999996,0.375,0.4444444444444444
LBN,2003,0.25,0.5,0.375,0.2857143,0.35,0.375,0.4444444444444444
LBN,2004,0.25,0.5,0.375,0.2857143,0.425,0.375,0.4444444444444444
LBN,2005,0.25,0.5,0.3125,0.3214286,0.425,0.375,0.4444444444444444
LBN,2006,0.125,0.5,0.125,0.46428569999999997,0.44999999999999996,0.5273333,0.4444444444444444
LBN,2007,0.125,0.5,0.15625,0.46428569999999997,0.44999999999999996,0.5273333,0.4444444444444444
LBN,2008,0.125,0.5,0.25,0.46428569999999997,0.44999999999999996,0.5206666999999999,0.4444444444444444
LBN,2009,0.125,0.5,0.25,0.46428569999999997,0.375,0.2706667,0.4444444444444444
LBN,2010,0.125,0.5,0.25,0.5,0.39999999999999997,0.3606667,0.4907407407407407
LBN,2011,0.125,0.5,0.25,0.5,0.375,0.344,0.5
LBN,2012,0.125,0.5,0.1875,0.5,0.325,0.33499999999999996,0.4814814814814814
LBN,2013,0.125,0.5,0.1875,0.5,0.325,0.33499999999999996,0.4722222222222221
LBN,2014,0.125,0.5,0.1875,0.5,0.325,0.3373333,0.4722222222222221
LBN,2015,0.125,0.5,0.1875,0.46428569999999997,0.27499999999999997,0.3286667,0.4930555555555555
LBN,2016,0.125,0.5,0.25,0.46428569999999997,0.27499999999999997,0.3286667,0.5
LBN,2017,0.125,0.5,0.1875,0.46428569999999997,0.27499999999999997,0.324,0.4814814814814814
LBN,2018,0.0,0.25,0.1875,0.46428569999999997,0.3,0.321,0.4722222222222221
LBN,2019,0.0,0.25,0.125,0.46428569999999997,0.3,0.312,0.4722222222222221
LBN,2020,0.0,0.0,0.125,0.3571429,0.27499999999999997,0.222,0.4444444444444445
LBN,2021,0.0,0.0,0.125,0.3571429,0.22499999999999998,0.2113333,0.4166666666666667
LBN,2022,0.0,0.0,0.0625,0.3571429,0.22499999999999998,0.20466669999999998,0.4351851851851852
LBN,2023,0.0,0.0,0.0625,0.3571429,0.19999999999999998,0.20199999999999999,0.4236111111111111
LBN,2024,0.0,0.0,0.0,0.3571429,0.19999999999999998,0.20199999999999999,0.4166666666666667
LBR,1996,0.1666667,0.0,0.3484848,0.09090909999999999,0.1666667,0.3333333,0.1111111111111111
LBR,1997,,,,,,,0.1527777777777778
LBR,1998,0.1666667,0.0,0.6515152,0.18181819999999999,0.3333333,0.5,0.1666666666666666
LBR,1999,,,,,,,0.1712962962962962
LBR,2000,0.8333332999999999,0.0,0.6515152,0.18181819999999999,0.3333333,0.3333333,0.25
LBR,2001,,,,,,,0.2916666666666667
LBR,2002,0.3333333,0.0,0.6666667,0.3214286,0.30952379999999996,0.3333333,0.2222222222222222
LBR,2003,0.3333333,0.0,0.5151515,0.3214286,0.38095239999999997,0.1666667,0.2175925925925926
LBR,2004,0.4166667,0.0,0.6060606,0.3214286,0.38095239999999997,0.3333333,0.2314814814814814
LBR,2005,0.3333333,0.0,0.6363635999999999,0.3214286,0.38095239999999997,0.7083332999999999,0.2222222222222222
LBR,2006,0.4166667,0.0,0.6515152,0.3214286,0.42261899999999997,0.522,0.2453703703703703
LBR,2007,0.33199999999999996,0.20099999999999998,0.6515152,0.3214286,0.57975,0.522,0.2777777777777778
LBR,2008,0.16,0.1916667,0.6818181999999999,0.3214286,0.5,0.525,0.2777777777777778
LBR,2009,0.25,0.0,0.5,0.3214286,0.27499999999999997,0.2583333,0.2986111111111111
LBR,2010,0.25,0.0,0.5,0.3214286,0.27499999999999997,0.2523333,0.2847222222222222
LBR,2011,0.25,0.0,0.4375,0.3214286,0.27499999999999997,0.2523333,0.2777777777777778
LBR,2012,0.25,0.0,0.5625,0.3214286,0.27499999999999997,0.24833329999999998,0.2777777777777778
LBR,2013,0.125,0.0,0.5625,0.3214286,0.27499999999999997,0.24833329999999998,0.2685185185185185
LBR,2014,0.125,0.0,0.4375,0.3214286,0.27499999999999997,0.24833329999999998,0.25
LBR,2015,0.125,0.0,0.3125,0.2857143,0.27499999999999997,0.3316667,0.25
LBR,2016,0.125,0.0,0.375,0.2857143,0.3,0.427,0.25
LBR,2017,0.125,0.0,0.375,0.2857143,0.3,0.42433329999999997,0.25
LBR,2018,0.125,0.0,0.5,0.2857143,0.3,0.4283333,0.236111111111111
LBR,2019,0.125,0.0,0.5,0.2857143,0.3,0.43166669999999996,0.2222222222222222
LBR,2020,0.125,0.0,0.5,0.2142857,0.3,0.42733329999999997,0.2384259259259259
LBR,2021,0.125,0.0,0.4375,0.2142857,0.325,0.431,0.236111111111111
LBR,2022,0.125,0.0,0.4375,0.2142857,0.325,0.431,0.2222222222222222
LBR,2023,0.125,0.0,0.5625,0.2142857,0.3,0.43566669999999996,0.2268518518518518
LBR,2024,0.125,0.0,0.5625,0.25,0.325,0.519,0.25
LBY,1996,0.0,0.0,0.0,0.1071429,0.09999999999999999,0.0,0.611111111111111
LBY,1997,,,,,,,0.5763888888888888
LBY,1998,0.0,0.0,0.125,0.1071429,0.09999999999999999,0.0,0.5277777777777778
LBY,1999,,,,,,,0.5277777777777778
LBY,2000,0.0,0.0,0.375,0.0714286,0.15,0.0,0.5277777777777778
LBY,2001,,,,,,,0.4537037037037037
LBY,2002,0.0,0.0,0.4375,0.1071429,0.15,0.0,0.4166666666666667
LBY,2003,0.0,0.0,0.4375,0.1071429,0.22499999999999998,0.0,0.4166666666666667
LBY,2004,0.0,0.0,0.5625,0.1071429,0.22499999999999998,0.0,0.4166666666666667
LBY,2005,0.0,0.0,0.5625,0.1071429,0.22499999999999998,0.0,0.3888888888888888
LBY,2006,0.0,0.0,0.5625,0.1071429,0.22499999999999998,0.0613333,0.3888888888888888
LBY,2007,0.0,0.0,0.5625,0.1607143,0.22499999999999998,0.0613333,0.3888888888888888
LBY,2008,0.0,0.0,0.5625,0.1785714,0.25,0.0666667,0.3888888888888888
LBY,2009,0.0,0.0,0.5625,0.1785714,0.19999999999999998,0.0666667,0.3888888888888888
LBY,2010,0.0,0.0,0.625,0.1428571,0.19999999999999998,0.0646667,0.3888888888888888
LBY,2011,0.0,0.0,0.1875,0.1428571,0.19999999999999998,0.2016667,0.3935185185185185
LBY,2012,0.125,0.0,0.3125,0.1071429,0.19999999999999998,0.255,0.3796296296296296
LBY,2013,0.125,0.0,0.25,0.1071429,0.175,0.244,0.3715277777777777
LBY,2014,0.125,0.0,0.125,0.1071429,0.175,0.21,0.4027777777777777
LBY,2015,0.0,0.0,0.0625,0.0714286,0.075,0.15833329999999998,0.4027777777777777
LBY,2016,0.0,0.0,0.0625,0.0357143,0.075,0.15833329999999998,0.4027777777777777
LBY,2017,0.0,0.0,0.0625,0.0357143,0.075,0.1606667,0.4027777777777777
LBY,2018,0.0,0.0,0.0625,0.0357143,0.075,0.15633329999999998,0.4027777777777777
LBY,2019,0.0,0.0,0.0625,0.0357143,0.075,0.1506667,0.4027777777777777
LBY,2020,0.0,0.0,0.0625,0.0357143,0.049999999999999996,0.1483333,0.4027777777777777
LBY,2021,0.0,0.0,0.125,0.0357143,0.049999999999999996,0.1483333,0.4027777777777777
LBY,2022,0.0,0.0,0.125,0.0357143,0.049999999999999996,0.152,0.4027777777777777
LBY,2023,0.0,0.0,0.125,0.0714286,0.049999999999999996,0.1426667,0.4375
LBY,2024,0.0,0.0,0.1875,0.0714286,0.075,0.16033329999999998,0.4444444444444444
LCA,1996,,,,,,,
LCA,1997,,,,,,,
LCA,1998,,,,,,,
LCA,1999,,,,,,,
LCA,2000,,,,,,,
LCA,2001,,,,,,,
LCA,2002,,,,,,,
LCA,2003,,,,,,,
LCA,2004,0.5858586,0.6161616,0.8636364,0.6094276,0.7323232,0.5959595999999999,
LCA,2005,0.875,0.875,0.875,0.9166667,0.8125,0.875,
LCA,2006,0.875,0.875,0.875,0.9166667,0.8125,0.875,
LCA,2007,0.875,0.875,0.875,0.875,0.8125,0.875,
LCA,2008,0.875,0.875,0.875,0.875,0.8125,0.875,
LCA,2009,0.875,0.875,0.875,0.875,0.8125,0.875,
LCA,2010,0.875,0.875,0.9375,0.875,0.8125,0.875,
LCA,2011,0.875,0.875,0.9375,0.875,0.75,0.875,
LCA,2012,0.875,0.875,0.9375,0.875,0.75,0.875,
LCA,2013,0.875,0.875,0.9375,0.875,0.75,0.875,
LCA,2014,0.5,0.6666667,0.8888889,0.7777778,0.6111111,,
LCA,2015,0.5,0.6666667,0.8888889,0.7777778,0.7777778,,
LCA,2016,0.5,0.6666667,0.8888889,0.7777778,0.7777778,,
LCA,2017,0.5,0.6666667,0.9444444,0.7777778,0.7777778,,
LCA,2018,0.5,0.6666667,0.9444444,0.7777778,0.7777778,,
LCA,2019,0.5,0.6666667,0.9444444,0.7777778,0.7777778,,
LCA,2020,0.5,0.5833332999999999,0.9444444,0.7777778,0.7777778,,
LCA,2021,0.5,0.5,0.9444444,0.7222221999999999,0.7777778,,
LCA,2022,0.5,0.5,0.9444444,0.7222221999999999,0.7777778,,
LCA,2023,0.5,0.5833332999999999,0.9444444,0.7222221999999999,0.7777778,,
LCA,2024,0.5,0.5833332999999999,0.9444444,0.7222221999999999,0.7777778,,
LIE,1996,0.875,0.875,1.0,0.9583332999999999,0.9375,1.0,
LIE,1997,,,,,,,
LIE,1998,0.875,0.875,1.0,0.9583332999999999,0.9375,1.0,
LIE,1999,,,,,,,
LIE,2000,0.875,0.875,1.0,0.9583332999999999,0.9375,1.0,
LIE,2001,,,,,,,
LIE,2002,0.875,0.875,1.0,1.0,0.9375,0.9375,
LIE,2003,0.875,0.875,1.0,1.0,0.875,0.9375,
LIE,2004,0.8181818,0.8989899,0.9494948999999999,0.8787879,0.8333332999999999,0.8737374,
LIE,2005,0.875,0.875,1.0,1.0,0.875,1.0,
LIE,2006,0.875,1.0,1.0,0.9583332999999999,0.9375,1.0,
LIE,2007,0.875,1.0,1.0,0.9583332999999999,0.9375,1.0,
LIE,2008,0.875,1.0,1.0,0.9583332999999999,0.9375,1.0,
LIE,2009,0.875,0.75,1.0,0.8571428999999999,0.9249999999999999,1.0,
LIE,2010,0.875,0.75,1.0,0.8571428999999999,0.9249999999999999,1.0,
LIE,2011,0.875,0.75,1.0,0.8571428999999999,0.9249999999999999,1.0,
LIE,2012,0.875,0.75,1.0,0.8571428999999999,0.8999999999999999,0.875,
LIE,2013,0.875,0.75,1.0,0.8571428999999999,0.8999999999999999,0.875,
LIE,2014,0.875,0.75,1.0,0.8571428999999999,0.8999999999999999,0.875,
LIE,2015,0.875,0.75,1.0,0.8571428999999999,0.8999999999999999,0.875,
LIE,2016,0.875,0.75,1.0,0.8571428999999999,0.8999999999999999,0.875,
LIE,2017,0.875,0.75,1.0,0.8571428999999999,0.8999999999999999,0.875,
LIE,2018,0.875,0.75,1.0,0.8571428999999999,0.8999999999999999,0.875,
LIE,2019,0.875,0.75,1.0,0.8571428999999999,0.8999999999999999,0.875,
LIE,2020,0.875,0.75,1.0,0.8571428999999999,0.9249999999999999,0.875,
LIE,2021,0.875,0.75,0.9375,0.8571428999999999,0.9249999999999999,0.875,
LIE,2022,0.875,0.75,0.9375,0.8571428999999999,0.9249999999999999,0.875,
LIE,2023,0.875,0.75,0.9375,0.8571428999999999,0.9249999999999999,0.875,
LIE,2024,0.875,0.75,0.9375,0.8571428999999999,0.9249999999999999,0.875,
LKA,1996,0.25,0.25,0.125,0.4285714,0.475,0.375,0.5879629629629629
LKA,1997,,,,,,,0.6064814814814815
LKA,1998,0.25,0.0,0.25,0.39285709999999996,0.425,0.375,0.5555555555555555
LKA,1999,,,,,,,0.5555555555555555
LKA,2000,0.25,0.0,0.125,0.5,0.44999999999999996,0.375,0.5555555555555555
LKA,2001,,,,,,,0.5462962962962963
LKA,2002,0.25,0.25,0.4375,0.5,0.575,0.375,0.5
LKA,2003,0.25,0.25,0.4375,0.5,0.575,0.375,0.5
LKA,2004,0.25,0.25,0.4375,0.5357143,0.575,0.375,0.5
LKA,2005,0.25,0.25,0.4375,0.5714286,0.575,0.375,0.4722222222222222
LKA,2006,0.25,0.25,0.4375,0.5714286,0.575,0.46933329999999995,0.4722222222222222
LKA,2007,0.25,0.25,0.46875,0.5714286,0.575,0.46933329999999995,0.4722222222222222
LKA,2008,0.25,0.25,0.5,0.5714286,0.5499999999999999,0.38699999999999996,0.4722222222222222
LKA,2009,0.25,0.25,0.625,0.5714286,0.5,0.3036667,0.4722222222222222
LKA,2010,0.25,0.25,0.5625,0.5714286,0.5,0.3046667,0.4629629629629629
LKA,2011,0.25,0.25,0.5625,0.5714286,0.5,0.3026667,0.4444444444444445
LKA,2012,0.25,0.25,0.5625,0.5714286,0.5,0.27499999999999997,0.4444444444444445
LKA,2013,0.25,0.25,0.4375,0.5714286,0.5,0.27299999999999996,0.4444444444444445
LKA,2014,0.25,0.25,0.4375,0.5714286,0.5,0.27299999999999996,0.4444444444444445
LKA,2015,0.375,0.25,0.6875,0.5714286,0.5499999999999999,0.46399999999999997,0.4953703703703704
LKA,2016,0.375,0.25,0.6875,0.5714286,0.5499999999999999,0.5493333,0.5
LKA,2017,0.375,0.25,0.6875,0.5357143,0.5499999999999999,0.5493333,0.4814814814814814
LKA,2018,0.5,0.25,0.375,0.5357143,0.5499999999999999,0.5396666999999999,0.4722222222222222
LKA,2019,0.5,0.25,0.4375,0.5357143,0.525,0.45899999999999996,0.4722222222222222
LKA,2020,0.375,0.25,0.5625,0.5357143,0.525,0.4546667,0.4722222222222222
LKA,2021,0.375,0.25,0.5625,0.5357143,0.525,0.4546667,0.4722222222222222
LKA,2022,0.375,0.25,0.3125,0.4285714,0.5,0.3823333,0.4722222222222222
LKA,2023,0.375,0.25,0.375,0.4285714,0.475,0.3723333,0.4722222222222222
LKA,2024,0.25,0.25,0.5,0.5,0.475,0.373,0.4722222222222222
LSO,1996,0.375,0.625,0.625,0.4583333,0.625,0.25,
LSO,1997,,,,,,,
LSO,1998,0.375,0.625,0.625,0.4583333,0.625,0.25,
LSO,1999,,,,,,,
LSO,2000,0.375,0.625,0.625,0.4583333,0.5625,0.25,
LSO,2001,,,,,,,
LSO,2002,0.375,0.625,0.5625,0.4583333,0.5625,0.25,
LSO,2003,0.375,0.625,0.6875,0.4583333,0.5625,0.3125,
LSO,2004,0.4747475,0.6060606,0.7020202,0.44444439999999996,0.5656566,0.3888889,
LSO,2005,0.5,0.625,0.6875,0.4583333,0.5625,0.3125,
LSO,2006,0.5,0.25,0.5,0.39285709999999996,0.525,0.6326667,
LSO,2007,0.5,0.25,0.5625,0.39285709999999996,0.525,0.6326667,
LSO,2008,0.5,0.25,0.5625,0.39285709999999996,0.5,0.5429999999999999,
LSO,2009,0.5,0.25,0.5625,0.39285709999999996,0.5,0.5429999999999999,
LSO,2010,0.5,0.25,0.5625,0.39285709999999996,0.425,0.4506667,
LSO,2011,0.5,0.25,0.5625,0.39285709999999996,0.425,0.46099999999999997,
LSO,2012,0.5,0.25,0.625,0.46428569999999997,0.425,0.472,
LSO,2013,0.5,0.25,0.625,0.46428569999999997,0.425,0.472,
LSO,2014,0.5,0.25,0.625,0.46428569999999997,0.425,0.472,
LSO,2015,0.5,0.25,0.5625,0.4285714,0.44999999999999996,0.4696667,
LSO,2016,0.5,0.25,0.5,0.4285714,0.44999999999999996,0.4696667,
LSO,2017,0.5,0.25,0.5625,0.4285714,0.39999999999999997,0.47133329999999996,
LSO,2018,0.5,0.25,0.5625,0.4285714,0.39999999999999997,0.47133329999999996,
LSO,2019,0.5,0.25,0.5,0.4285714,0.39999999999999997,0.46799999999999997,
LSO,2020,0.5,0.25,0.5,0.4285714,0.39999999999999997,0.45999999999999996,
LSO,2021,0.375,0.25,0.5,0.4285714,0.375,0.37666669999999997,
LSO,2022,0.375,0.25,0.4375,0.4285714,0.325,0.2896667,
LSO,2023,0.25,0.25,0.4375,0.4285714,0.325,0.2853333,
LSO,2024,0.25,0.25,0.4375,0.4285714,0.325,0.2853333,
LTU,1996,0.375,0.25,0.375,0.7142856999999999,0.5,0.5,
LTU,1997,,,,,,,
LTU,1998,0.25,0.25,0.5,0.75,0.525,0.5,
LTU,1999,,,,,,,0.5555555555555555
LTU,2000,0.25,0.25,0.4375,0.6785713999999999,0.475,0.5,0.5555555555555555
LTU,2001,,,,,,,0.5787037037037037
LTU,2002,0.25,0.5,0.75,0.7142856999999999,0.475,0.5,0.5694444444444444
LTU,2003,0.375,0.5,0.8125,0.75,0.5499999999999999,0.5,0.5694444444444444
LTU,2004,0.5,0.5,0.8125,0.7142856999999999,0.625,0.625,0.5694444444444444
LTU,2005,0.5,0.5,0.8125,0.7142856999999999,0.625,0.625,0.5694444444444444
LTU,2006,0.375,0.5,0.8125,0.75,0.725,0.7476667,0.5532407407407408
LTU,2007,0.375,0.5,0.8125,0.75,0.725,0.7476667,0.5416666666666666
LTU,2008,0.375,0.5,0.8125,0.75,0.725,0.7453333,0.5416666666666666
LTU,2009,0.375,0.5,0.6875,0.75,0.725,0.7453333,0.5416666666666666
LTU,2010,0.5,0.5,0.6875,0.75,0.725,0.7413333,0.5416666666666666
LTU,2011,0.5,0.5,0.6875,0.75,0.725,0.7413333,0.5416666666666666
LTU,2012,0.5,0.5,0.6875,0.75,0.725,0.7413333,0.5601851851851852
LTU,2013,0.5,0.5,0.75,0.75,0.725,0.7513333,0.5694444444444444
LTU,2014,0.5,0.5,0.75,0.7857143,0.75,0.7513333,0.5740740740740741
LTU,2015,0.5,0.5,0.75,0.8571428999999999,0.75,0.7513333,0.625
LTU,2016,0.5,0.5,0.75,0.8214286,0.75,0.749,0.625
LTU,2017,0.5,0.5,0.75,0.8214286,0.75,0.747,0.6203703703703703
LTU,2018,0.25,0.5,0.75,0.75,0.725,0.75,0.5972222222222222
LTU,2019,0.5,0.5,0.8125,0.75,0.75,0.8333332999999999,0.5972222222222222
LTU,2020,0.625,0.5,0.8125,0.7142856999999999,0.75,0.821,0.5972222222222222
LTU,2021,0.625,0.5,0.8125,0.7857143,0.7749999999999999,0.8226667,0.5972222222222222
LTU,2022,0.5,0.5,0.75,0.75,0.75,0.827,0.5972222222222222
LTU,2023,0.5,0.5,0.875,0.75,0.825,0.827,0.5972222222222222
LTU,2024,0.5,0.5,0.875,0.75,0.825,0.8363333,0.5972222222222222
LUX,1996,0.945,0.7083332999999999,0.9141414,0.59,0.7446667,1.0,1.0
LUX,1997,,,,,,,0.9537037037037036
LUX,1998,0.9583332999999999,0.7641667,0.9141414,0.5880951999999999,0.7825,1.0,0.9444444444444444
LUX,1999,,,,,,,0.9444444444444444
LUX,2000,0.847619,0.875,0.9141414,0.7666666999999999,0.8571428999999999,0.9166667,0.9444444444444444
LUX,2001,,,,,,,0.9444444444444444
LUX,2002,0.8333332999999999,1.0,0.9141414,1.0,1.0,0.9166667,0.9444444444444444
LUX,2003,0.7834458,0.7671568999999999,0.8080807999999999,0.6768719999999999,0.8174429,0.7583742,0.9444444444444444
LUX,2004,0.8104928,0.7749999999999999,0.8111111,0.6842553,0.8082402,0.7544061,0.9444444444444444
LUX,2005,0.8246254,0.7421875,0.8489582999999999,0.6699404999999999,0.7922792,0.7085853,0.9444444444444444
LUX,2006,1.0,0.75,1.0,0.7857143,0.875,0.8866666999999999,0.9444444444444444
LUX,2007,1.0,0.75,1.0,0.7857143,0.875,0.8866666999999999,0.9444444444444444
LUX,2008,1.0,0.75,1.0,0.8214286,0.875,0.8866666999999999,0.9444444444444444
LUX,2009,1.0,0.75,1.0,0.8214286,0.875,0.8866666999999999,0.9444444444444444
LUX,2010,1.0,0.75,1.0,0.8214286,0.875,0.8793333,0.9444444444444444
LUX,2011,1.0,0.75,1.0,0.8214286,0.875,0.8793333,0.9444444444444444
LUX,2012,1.0,0.75,1.0,0.8214286,0.875,0.8793333,0.9444444444444444
LUX,2013,1.0,0.75,1.0,0.8214286,0.875,0.8793333,0.9444444444444444
LUX,2014,1.0,0.75,1.0,0.8214286,0.875,0.8793333,0.9444444444444444
LUX,2015,1.0,0.75,1.0,0.8214286,0.875,0.8793333,0.9444444444444444
LUX,2016,1.0,0.75,1.0,0.8571428999999999,0.875,0.877,0.9444444444444444
LUX,2017,1.0,0.75,1.0,0.8571428999999999,0.875,0.877,0.9444444444444444
LUX,2018,1.0,0.75,1.0,0.8928571,0.8999999999999999,0.877,0.9444444444444444
LUX,2019,1.0,0.75,1.0,0.8928571,0.8999999999999999,0.877,0.9444444444444444
LUX,2020,1.0,0.75,1.0,0.8928571,0.8999999999999999,0.8726666999999999,0.9444444444444444
LUX,2021,1.0,0.75,1.0,0.8928571,0.9249999999999999,0.8726666999999999,0.9444444444444444
LUX,2022,1.0,0.75,0.9375,0.8928571,0.9249999999999999,0.877,0.9444444444444444
LUX,2023,1.0,1.0,0.9375,0.8571428999999999,0.9249999999999999,0.877,0.9444444444444444
LUX,2024,1.0,1.0,1.0,0.8571428999999999,0.975,0.8793333,0.9444444444444444
LVA,1996,0.125,0.0,0.5,0.6785713999999999,0.425,0.375,
LVA,1997,,,,,,,
LVA,1998,0.25,0.25,0.375,0.6785713999999999,0.5,0.5,
LVA,1999,,,,,,,0.5694444444444445
LVA,2000,0.125,0.25,0.5,0.6785713999999999,0.475,0.375,0.6111111111111112
LVA,2001,,,,,,,0.6296296296296297
LVA,2002,0.375,0.5,0.75,0.7142856999999999,0.575,0.5,0.5972222222222222
LVA,2003,0.375,0.5,0.8125,0.7142856999999999,0.6749999999999999,0.5,0.5972222222222222
LVA,2004,0.375,0.5,0.75,0.7142856999999999,0.65,0.5,0.5972222222222222
LVA,2005,0.5,0.5,0.75,0.7142856999999999,0.6749999999999999,0.625,0.5972222222222222
LVA,2006,0.5,0.5,0.8125,0.75,0.75,0.7456667,0.5972222222222222
LVA,2007,0.5,0.5,0.8125,0.75,0.75,0.7456667,0.5972222222222222
LVA,2008,0.5,0.5,0.8125,0.75,0.75,0.741,0.5972222222222222
LVA,2009,0.5,0.5,0.6875,0.75,0.75,0.741,0.5972222222222222
LVA,2010,0.5,0.5,0.6875,0.75,0.75,0.735,0.5972222222222222
LVA,2011,0.5,0.5,0.6875,0.75,0.75,0.735,0.5972222222222222
LVA,2012,0.5,0.5,0.6875,0.75,0.75,0.735,0.6157407407407408
LVA,2013,0.5,0.5,0.6875,0.75,0.75,0.735,0.625
LVA,2014,0.5,0.5,0.6875,0.75,0.75,0.7493333,0.6273148148148148
LVA,2015,0.5,0.5,0.6875,0.8214286,0.7749999999999999,0.7456667,0.6527777777777778
LVA,2016,0.5,0.5,0.6875,0.8214286,0.7749999999999999,0.7436667,0.6527777777777778
LVA,2017,0.5,0.5,0.6875,0.8214286,0.75,0.7416667,0.6712962962962963
LVA,2018,0.5,0.5,0.6875,0.7857143,0.75,0.746,0.6412037037037037
LVA,2019,0.625,0.5,0.6875,0.8214286,0.75,0.7496667,0.625
LVA,2020,0.625,0.5,0.6875,0.8214286,0.75,0.7413333,0.6597222222222222
LVA,2021,0.625,0.5,0.75,0.8214286,0.75,0.7436667,0.6666666666666666
LVA,2022,0.625,0.5,0.75,0.7857143,0.7749999999999999,0.829,0.6666666666666666
LVA,2023,0.5,0.5,0.8125,0.7857143,0.7999999999999999,0.8293332999999999,0.6828703703703703
LVA,2024,0.5,0.5,0.875,0.7857143,0.7999999999999999,0.8386667,0.6944444444444445
MAC,1996,0.625,0.625,0.75,0.6666667,0.625,0.625,
MAC,1998,0.625,0.625,0.75,0.6666667,0.625,0.625,
MAC,2000,0.625,0.625,0.8125,0.7083332999999999,0.625,0.625,
MAC,2002,0.5,0.75,0.8125,0.75,0.75,0.6875,
MAC,2003,0.75,0.875,0.9375,0.875,0.875,0.75,
MAC,2004,0.8282828,0.8888889,0.9292929,0.8148148,0.8585859,0.5757576,
MAC,2005,0.625,0.875,1.0,0.875,0.8125,0.6875,
MAC,2006,0.625,0.75,0.9375,0.875,0.75,0.6875,
MAC,2007,0.5,0.75,0.875,0.8333332999999999,0.6875,0.625,
MAC,2008,0.5,0.75,0.875,0.8333332999999999,0.6875,0.625,
MAC,2009,0.5,0.75,0.625,0.8214286,0.725,0.75,
MAC,2010,0.5,0.75,0.625,0.8214286,0.725,0.75,
MAC,2011,0.5,0.75,0.625,0.8214286,0.725,0.75,
MAC,2012,0.375,0.5,0.625,0.8214286,0.6749999999999999,0.625,
MAC,2013,0.375,0.5,0.75,0.8214286,0.6749999999999999,0.625,
MAC,2014,0.375,0.5,0.75,0.8214286,0.65,0.5,
MAC,2015,0.375,0.5,0.75,0.8214286,0.6749999999999999,0.625,
MAC,2016,0.375,0.5,0.875,0.8214286,0.6749999999999999,0.625,
MAC,2017,0.375,0.5,0.875,0.8214286,0.6749999999999999,0.625,
MAC,2018,0.375,0.5,0.875,0.8214286,0.7,0.625,
MAC,2019,0.375,0.5,0.875,0.8214286,0.7,0.625,
MAC,2020,0.375,0.5,0.8125,0.8214286,0.7,0.625,
MAC,2021,0.375,0.5,0.75,0.8214286,0.6749999999999999,0.5,
MAC,2022,0.375,0.5,0.75,0.8214286,0.6749999999999999,0.5,
MAC,2023,0.375,0.5,0.75,0.8214286,0.6749999999999999,0.5,
MAC,2024,0.375,0.5,0.8125,0.8214286,0.7,0.5,
MAR,1996,0.375,0.5,0.375,0.4285714,0.5,0.5,0.6666666666666666
MAR,1997,,,,,,,0.6666666666666666
MAR,1998,0.375,0.5,0.5625,0.4285714,0.5,0.5,0.6666666666666666
MAR,1999,,,,,,,0.6666666666666666
MAR,2000,0.25,0.5,0.4375,0.4285714,0.475,0.375,0.6666666666666666
MAR,2001,,,,,,,0.6666666666666666
MAR,2002,0.375,0.5,0.5,0.39285709999999996,0.44999999999999996,0.25,0.6666666666666666
MAR,2003,0.25,0.5,0.625,0.4285714,0.44999999999999996,0.25,0.6203703703703703
MAR,2004,0.25,0.25,0.5625,0.4285714,0.44999999999999996,0.25,0.6111111111111112
MAR,2005,0.25,0.25,0.5625,0.3571429,0.375,0.125,0.5833333333333334
MAR,2006,0.25,0.25,0.5625,0.4285714,0.375,0.2133333,0.6064814814814815
MAR,2007,0.25,0.25,0.5625,0.4285714,0.375,0.2133333,0.6111111111111112
MAR,2008,0.25,0.25,0.5625,0.4285714,0.375,0.2126667,0.6111111111111112
MAR,2009,0.25,0.25,0.5,0.46428569999999997,0.375,0.2126667,0.6111111111111112
MAR,2010,0.25,0.25,0.5,0.4285714,0.39999999999999997,0.20966669999999998,0.6111111111111112
MAR,2011,0.25,0.25,0.4375,0.4285714,0.425,0.29433329999999996,0.6111111111111112
MAR,2012,0.25,0.25,0.4375,0.46428569999999997,0.425,0.30233329999999997,0.5509259259259259
MAR,2013,0.25,0.25,0.4375,0.46428569999999997,0.39999999999999997,0.30233329999999997,0.5277777777777778
MAR,2014,0.25,0.25,0.4375,0.5,0.39999999999999997,0.3,0.5300925925925926
MAR,2015,0.25,0.25,0.4375,0.5,0.39999999999999997,0.322,0.5555555555555556
MAR,2016,0.25,0.25,0.4375,0.46428569999999997,0.425,0.3256667,0.5347222222222222
MAR,2017,0.25,0.25,0.4375,0.46428569999999997,0.425,0.32899999999999996,0.5555555555555555
MAR,2018,0.25,0.25,0.4375,0.46428569999999997,0.425,0.33299999999999996,0.5555555555555555
MAR,2019,0.25,0.25,0.4375,0.46428569999999997,0.425,0.3366667,0.5555555555555555
MAR,2020,0.25,0.25,0.4375,0.46428569999999997,0.425,0.3346667,0.5555555555555555
MAR,2021,0.25,0.25,0.4375,0.46428569999999997,0.425,0.3346667,0.5555555555555555
MAR,2022,0.25,0.25,0.4375,0.46428569999999997,0.425,0.3346667,0.5555555555555555
MAR,2023,0.25,0.25,0.4375,0.46428569999999997,0.44999999999999996,0.3346667,0.5393518518518519
MAR,2024,0.25,0.25,0.4375,0.46428569999999997,0.44999999999999996,0.3323333,0.548611111111111
MCO,1996,,,,,,,
MCO,1997,,,,,,,
MCO,1998,,,,,,,
MCO,1999,,,,,,,
MCO,2000,,,,,,,
MCO,2001,,,,,,,
MCO,2002,,,,,,,
MCO,2003,,,,,,,
MCO,2004,,,,,,,
MCO,2005,,,,,,,
MCO,2006,,,,,,,
MCO,2007,,,,,,,
MCO,2008,,,,,,,
MCO,2009,,,,,,,
MCO,2010,,,,,,,
MCO,2011,,,,,,,
MCO,2012,,,,,,,
MCO,2013,,,,,,,
MCO,2014,,,,,,,
MCO,2015,1.0,1.0,1.0,0.8888889,1.0,,
MCO,2016,1.0,1.0,1.0,0.8888889,1.0,,
MCO,2017,1.0,1.0,1.0,0.8888889,1.0,,
MCO,2018,1.0,1.0,1.0,0.8888889,1.0,,
MCO,2019,1.0,1.0,1.0,0.8888889,1.0,,
MCO,2020,0.8333332999999999,1.0,1.0,0.8888889,0.9444444,,
MCO,2021,0.8333332999999999,1.0,1.0,0.8888889,0.9444444,,
MCO,2022,0.8333332999999999,1.0,1.0,0.8888889,0.9444444,,
MCO,2023,0.8333332999999999,1.0,1.0,0.8888889,0.9444444,,
MCO,2024,1.0,1.0,0.9444444,0.8333332999999999,0.9444444,,
MDA,1996,0.375,0.0,0.3125,0.5,0.5,0.375,
MDA,1997,,,,,,,
MDA,1998,0.375,0.0,0.1875,0.5,0.5,0.375,
MDA,1999,,,,,,,0.5555555555555556
MDA,2000,0.25,0.0,0.1875,0.46428569999999997,0.375,0.375,0.5555555555555556
MDA,2001,,,,,,,0.5509259259259259
MDA,2002,0.0,0.0,0.25,0.46428569999999997,0.27499999999999997,0.25,0.5277777777777778
MDA,2003,0.0,0.0,0.1875,0.46428569999999997,0.27499999999999997,0.25,0.5277777777777778
MDA,2004,0.0,0.0,0.3125,0.46428569999999997,0.39999999999999997,0.25,0.4861111111111111
MDA,2005,0.0,0.0,0.375,0.46428569999999997,0.39999999999999997,0.25,0.4444444444444445
MDA,2006,0.0,0.0,0.5,0.46428569999999997,0.39999999999999997,0.6333333,0.4444444444444445
MDA,2007,0.0,0.0,0.5,0.46428569999999997,0.39999999999999997,0.6333333,0.4444444444444445
MDA,2008,0.0,0.0,0.5,0.46428569999999997,0.39999999999999997,0.6333333,0.4444444444444445
MDA,2009,0.0,0.0,0.5,0.46428569999999997,0.375,0.5499999999999999,0.4189814814814815
MDA,2010,0.0,0.0,0.5,0.5,0.375,0.5443333,0.4398148148148148
MDA,2011,0.0,0.0,0.5,0.5,0.39999999999999997,0.6276667,0.4444444444444444
MDA,2012,0.0,0.0,0.4375,0.5,0.39999999999999997,0.6273333,0.4444444444444444
MDA,2013,0.0,0.0,0.4375,0.5357143,0.39999999999999997,0.6273333,0.425925925925926
MDA,2014,0.0,0.0,0.4375,0.5357143,0.39999999999999997,0.6273333,0.4166666666666667
MDA,2015,0.0,0.0,0.375,0.5357143,0.325,0.6283333,0.4166666666666667
MDA,2016,0.0,0.0,0.375,0.5357143,0.35,0.617,0.4166666666666667
MDA,2017,0.0,0.25,0.375,0.5357143,0.375,0.6146667,0.4166666666666667
MDA,2018,0.125,0.25,0.5,0.46428569999999997,0.35,0.445,0.4166666666666667
MDA,2019,0.125,0.25,0.5,0.46428569999999997,0.35,0.44166669999999997,0.4166666666666667
MDA,2020,0.125,0.25,0.4375,0.46428569999999997,0.35,0.44266669999999997,0.4166666666666667
MDA,2021,0.125,0.25,0.5625,0.46428569999999997,0.39999999999999997,0.4533333,0.4189814814814814
MDA,2022,0.125,0.25,0.4375,0.46428569999999997,0.39999999999999997,0.4576667,0.4444444444444444
MDA,2023,0.25,0.5,0.375,0.46428569999999997,0.5,0.6243333,0.4444444444444444
MDA,2024,0.25,0.5,0.375,0.46428569999999997,0.5,0.618,0.4826388888888888
MDG,1996,0.6666667,0.25,0.6818181999999999,0.2727273,0.5,0.5,0.4722222222222221
MDG,1997,,,,,,,0.4722222222222221
MDG,1998,0.6666667,0.25,0.6515152,0.5454545,0.5,0.6666667,0.4722222222222221
MDG,1999,,,,,,,0.4722222222222221
MDG,2000,0.6666667,0.25,0.5959595999999999,0.5454545,0.5,0.6666667,0.4722222222222221
MDG,2001,,,,,,,0.4722222222222221
MDG,2002,0.5,0.25,0.5025253,0.5892857,0.5654762,0.5,0.4282407407407407
MDG,2003,0.2688004,0.153088,0.7267442,0.3603491,0.3356511,0.44142509999999996,0.4444444444444444
MDG,2004,0.3200278,0.2194749,0.6754386,0.46077369999999995,0.36968,0.46385329999999997,0.4444444444444444
MDG,2005,0.33477789999999996,0.23493979999999998,0.5946502,0.4209756,0.3749846,0.38519509999999996,0.4444444444444444
MDG,2006,0.25,0.25,0.5625,0.3571429,0.425,0.444,0.4444444444444444
MDG,2007,0.25,0.25,0.59375,0.3571429,0.425,0.444,0.4444444444444444
MDG,2008,0.25,0.25,0.5,0.3571429,0.44999999999999996,0.519,0.4444444444444444
MDG,2009,0.5,0.25,0.25,0.3571429,0.375,0.43566669999999996,0.4444444444444444
MDG,2010,0.5,0.25,0.1875,0.3571429,0.35,0.3813333,0.4027777777777777
MDG,2011,0.5,0.25,0.125,0.3214286,0.35,0.381,0.3888888888888889
MDG,2012,0.5,0.25,0.375,0.3214286,0.325,0.2976667,0.3518518518518518
MDG,2013,0.5,0.25,0.3125,0.2857143,0.35,0.31066669999999996,0.3333333333333333
MDG,2014,0.375,0.25,0.5625,0.2857143,0.35,0.314,0.3333333333333333
MDG,2015,0.375,0.25,0.5625,0.2857143,0.375,0.4116667,0.3333333333333333
MDG,2016,0.375,0.25,0.5625,0.3214286,0.425,0.419,0.34375
MDG,2017,0.25,0.25,0.5625,0.3214286,0.39999999999999997,0.42033329999999997,0.3564814814814814
MDG,2018,0.25,0.25,0.4375,0.3214286,0.375,0.424,0.3472222222222222
MDG,2019,0.25,0.25,0.5,0.3571429,0.3,0.438,0.3888888888888889
MDG,2020,0.25,0.25,0.5,0.3571429,0.325,0.44,0.3888888888888889
MDG,2021,0.125,0.25,0.4375,0.3214286,0.325,0.44,0.3888888888888889
MDG,2022,0.125,0.25,0.4375,0.3214286,0.3,0.44,0.3888888888888889
MDG,2023,0.125,0.25,0.375,0.3214286,0.27499999999999997,0.42533329999999997,0.3888888888888889
MDG,2024,0.125,0.25,0.375,0.3214286,0.27499999999999997,0.42766669999999996,0.3888888888888889
MDV,1996,0.625,0.75,1.0,0.7916667,0.75,0.5,
MDV,1997,,,,,,,
MDV,1998,0.625,0.75,1.0,0.7916667,0.75,0.5,
MDV,1999,,,,,,,
MDV,2000,0.625,0.75,1.0,0.7916667,0.75,0.5,
MDV,2001,,,,,,,
MDV,2002,0.625,0.75,1.0,0.7916667,0.75,0.5,
MDV,2003,0.625,0.75,0.9375,0.75,0.75,0.5,
MDV,2004,0.5555555999999999,0.7070706999999999,0.7070706999999999,0.5791246,0.6414141,0.3989899,
MDV,2005,0.5,0.625,0.875,0.7083332999999999,0.6875,0.5,
MDV,2006,0.5,0.625,0.875,0.7083332999999999,0.6875,0.5,
MDV,2007,0.375,0.625,0.75,0.6666667,0.625,0.5625,
MDV,2008,0.375,0.625,0.625,0.5833332999999999,0.5625,0.5625,
MDV,2009,0.375,0.625,0.625,0.5833332999999999,0.5625,0.5625,
MDV,2010,0.375,0.625,0.625,0.5833332999999999,0.5625,0.5625,
MDV,2011,0.375,0.625,0.5625,0.5833332999999999,0.5,0.4375,
MDV,2012,0.375,0.625,0.5625,0.5833332999999999,0.5,0.375,
MDV,2013,0.375,0.625,0.5625,0.5833332999999999,0.5,0.375,
MDV,2014,0.5,0.5833332999999999,0.8333332999999999,0.5555555999999999,0.6666667,,
MDV,2015,0.5,0.5833332999999999,0.8333332999999999,0.5555555999999999,0.6111111,,
MDV,2016,0.3333333,0.5833332999999999,0.8333332999999999,0.5555555999999999,0.6111111,,
MDV,2017,0.3333333,0.5,0.7777778,0.5555555999999999,0.5555555999999999,,
MDV,2018,0.3333333,0.5,0.7222221999999999,0.5555555999999999,0.5555555999999999,,
MDV,2019,0.3333333,0.5833332999999999,0.7222221999999999,0.5555555999999999,0.5555555999999999,,
MDV,2020,0.3333333,0.5833332999999999,0.7222221999999999,0.5555555999999999,0.5555555999999999,,
MDV,2021,0.3333333,0.6666667,0.7777778,0.6111111,0.6111111,,
MDV,2022,0.3333333,0.5833332999999999,0.8333332999999999,0.5555555999999999,0.6666667,,
MDV,2023,0.3333333,0.5833332999999999,0.7777778,0.5555555999999999,0.6666667,,
MDV,2024,0.3333333,0.5833332999999999,0.7777778,0.5555555999999999,0.6666667,,
MEX,1996,0.125,0.25,0.1875,0.6428571,0.325,0.375,0.4722222222222222
MEX,1997,,,,,,,0.5023148148148148
MEX,1998,0.25,0.5,0.375,0.6428571,0.39999999999999997,0.375,0.5509259259259259
MEX,1999,,,,,,,0.4722222222222221
MEX,2000,0.25,0.5,0.5,0.6071428999999999,0.39999999999999997,0.375,0.5185185185185185
MEX,2001,,,,,,,0.5509259259259259
MEX,2002,0.25,0.25,0.625,0.6785713999999999,0.5499999999999999,0.5,0.4722222222222221
MEX,2003,0.25,0.25,0.625,0.6785713999999999,0.5499999999999999,0.5,0.4722222222222221
MEX,2004,0.25,0.25,0.625,0.6785713999999999,0.5499999999999999,0.5,0.5231481481481481
MEX,2005,0.25,0.25,0.625,0.6785713999999999,0.525,0.5,0.5277777777777778
MEX,2006,0.25,0.25,0.5,0.6785713999999999,0.525,0.5556667,0.5277777777777778
MEX,2007,0.25,0.25,0.53125,0.6785713999999999,0.4875,0.5556667,0.5277777777777778
MEX,2008,0.25,0.5,0.5625,0.6785713999999999,0.44999999999999996,0.5593332999999999,0.5254629629629629
MEX,2009,0.25,0.5,0.5,0.6428571,0.44999999999999996,0.5593332999999999,0.4907407407407407
MEX,2010,0.25,0.5,0.5,0.6428571,0.44999999999999996,0.5643332999999999,0.5
MEX,2011,0.25,0.5,0.5,0.6428571,0.44999999999999996,0.5643332999999999,0.4907407407407407
MEX,2012,0.25,0.5,0.5,0.6428571,0.44999999999999996,0.5633332999999999,0.4490740740740741
MEX,2013,0.25,0.5,0.5,0.6428571,0.44999999999999996,0.5636667,0.4652777777777777
MEX,2014,0.25,0.5,0.5,0.6428571,0.44999999999999996,0.5559999999999999,0.4444444444444445
MEX,2015,0.25,0.5,0.5,0.6428571,0.425,0.46833329999999995,0.375
MEX,2016,0.25,0.5,0.5,0.6785713999999999,0.39999999999999997,0.3823333,0.375
MEX,2017,0.25,0.5,0.5,0.6785713999999999,0.425,0.3803333,0.375
MEX,2018,0.25,0.5,0.5625,0.6428571,0.425,0.373,0.375
MEX,2019,0.25,0.5,0.5625,0.6785713999999999,0.425,0.36966669999999996,0.375
MEX,2020,0.25,0.5,0.5625,0.6428571,0.425,0.369,0.3912037037037037
MEX,2021,0.25,0.5,0.5625,0.6071428999999999,0.39999999999999997,0.35233329999999996,0.375
MEX,2022,0.25,0.5,0.5625,0.6071428999999999,0.39999999999999997,0.3416667,0.375
MEX,2023,0.25,0.5,0.5625,0.6071428999999999,0.39999999999999997,0.33799999999999997,0.375
MEX,2024,0.25,0.5,0.625,0.6071428999999999,0.39999999999999997,0.344,0.375
MHL,1996,,,,,,,
MHL,1997,,,,,,,
MHL,1998,,,,,,,
MHL,1999,,,,,,,
MHL,2000,,,,,,,
MHL,2001,,,,,,,
MHL,2002,,,,,,,
MHL,2003,,,,,,,
MHL,2004,,,,,,,
MHL,2005,,,,,,,
MHL,2006,,,,,,,
MHL,2007,,,,,,,
MHL,2008,,,,,,,
MHL,2009,,,,,,,
MHL,2010,,,,,,,
MHL,2011,,,,,,,
MHL,2012,,,,,,,
MHL,2013,,,,,,,
MHL,2014,,,,,,,
MHL,2015,0.8333332999999999,0.6666667,0.9444444,0.5555555999999999,0.7222221999999999,,
MHL,2016,0.8333332999999999,0.6666667,0.9444444,0.5555555999999999,0.7222221999999999,,
MHL,2017,0.8333332999999999,0.6666667,0.9444444,0.5555555999999999,0.7222221999999999,,
MHL,2018,0.6666667,0.6666667,0.9444444,0.6111111,0.7222221999999999,,
MHL,2019,0.6666667,0.6666667,1.0,0.6111111,0.8888889,,
MHL,2020,0.6666667,0.6666667,1.0,0.6111111,0.8888889,,
MHL,2021,0.6666667,0.6666667,1.0,0.6111111,0.8888889,,
MHL,2022,0.6666667,0.6666667,1.0,0.6111111,0.8888889,,
MHL,2023,0.6666667,0.6666667,1.0,0.6111111,0.8888889,,
MHL,2024,0.6666667,0.6666667,1.0,0.6111111,0.8888889,,
MKD,1996,0.125,0.25,0.25,0.46428569999999997,0.35,0.125,
MKD,1997,,,,,,,
MKD,1998,0.125,0.0,0.0625,0.46428569999999997,0.35,0.125,
MKD,1999,,,,,,,
MKD,2000,0.0,0.0,0.1875,0.4285714,0.27499999999999997,0.125,
MKD,2001,,,,,,,
MKD,2002,0.0,0.25,0.25,0.46428569999999997,0.22499999999999998,0.125,
MKD,2003,0.0,0.25,0.25,0.46428569999999997,0.22499999999999998,0.125,
MKD,2004,0.125,0.25,0.25,0.46428569999999997,0.425,0.125,
MKD,2005,0.125,0.25,0.25,0.46428569999999997,0.44999999999999996,0.25,
MKD,2006,0.25,0.25,0.4375,0.5,0.39999999999999997,0.5443333,
MKD,2007,0.25,0.25,0.4375,0.5,0.39999999999999997,0.5443333,
MKD,2008,0.25,0.25,0.4375,0.5,0.39999999999999997,0.5403333,
MKD,2009,0.25,0.25,0.4375,0.5,0.39999999999999997,0.5403333,
MKD,2010,0.25,0.25,0.4375,0.5,0.39999999999999997,0.5386666999999999,
MKD,2011,0.25,0.25,0.5,0.5,0.39999999999999997,0.5386666999999999,
MKD,2012,0.25,0.25,0.5,0.5,0.39999999999999997,0.5386666999999999,
MKD,2013,0.25,0.25,0.5,0.5,0.39999999999999997,0.5386666999999999,
MKD,2014,0.25,0.25,0.5,0.5,0.39999999999999997,0.5416667,
MKD,2015,0.25,0.25,0.5,0.5357143,0.39999999999999997,0.534,
MKD,2016,0.25,0.25,0.375,0.5357143,0.35,0.42433329999999997,
MKD,2017,0.25,0.25,0.5,0.6071428999999999,0.375,0.43566669999999996,
MKD,2018,0.25,0.25,0.5,0.6428571,0.375,0.44566669999999997,
MKD,2019,0.25,0.25,0.5,0.6428571,0.39999999999999997,0.44899999999999995,
MKD,2020,0.25,0.25,0.5625,0.6785713999999999,0.475,0.4463333,
MKD,2021,0.25,0.25,0.5625,0.6785713999999999,0.475,0.45099999999999996,
MKD,2022,0.25,0.25,0.625,0.6071428999999999,0.475,0.4533333,
MKD,2023,0.25,0.25,0.625,0.6071428999999999,0.475,0.45099999999999996,
MKD,2024,0.25,0.25,0.625,0.6428571,0.475,0.4593333,
MLI,1996,0.5,0.0,0.7020202,0.36363639999999997,0.5,0.5833332999999999,0.3333333333333333
MLI,1997,,,,,,,0.3148148148148148
MLI,1998,0.3333333,0.0,0.8535353999999999,0.6363635999999999,0.5,0.5833332999999999,0.2777777777777777
MLI,1999,,,,,,,0.2777777777777777
MLI,2000,0.3333333,0.0,0.7373737,0.6363635999999999,0.5,0.6666667,0.2777777777777777
MLI,2001,,,,,,,0.2777777777777777
MLI,2002,0.5,0.0,0.7222221999999999,0.5982143,0.5357143,0.5416667,0.2962962962962963
MLI,2003,0.2738568,0.18307589999999999,0.6891892,0.4037342,0.47839299999999996,0.5328054999999999,0.3333333333333333
MLI,2004,0.34737439999999997,0.21709399999999998,0.8333332999999999,0.4827567,0.4466303,0.5806483,0.2916666666666667
MLI,2005,0.39807499999999996,0.2362434,0.6896552,0.4804881,0.4736664,0.5625228,0.2777777777777777
MLI,2006,0.38057389999999996,0.2400253,0.7196969999999999,0.4098116,0.44419369999999997,0.599,0.2777777777777777
MLI,2007,0.3551241,0.3044596,0.7777778,0.5087564,0.5183847,0.599,0.2777777777777777
MLI,2008,0.2745362,0.23341379999999998,0.7153558,0.4505457,0.4389065,0.587,0.2777777777777777
MLI,2009,0.25,0.0,0.5,0.3214286,0.39999999999999997,0.44566669999999997,0.2777777777777777
MLI,2010,0.25,0.0,0.5625,0.3214286,0.39999999999999997,0.4503333,0.2777777777777777
MLI,2011,0.25,0.0,0.5625,0.3214286,0.39999999999999997,0.46199999999999997,0.2777777777777777
MLI,2012,0.25,0.0,0.1875,0.3214286,0.39999999999999997,0.4206667,0.2592592592592592
MLI,2013,0.25,0.0,0.5,0.3214286,0.375,0.36333329999999997,0.25
MLI,2014,0.25,0.0,0.5,0.3214286,0.39999999999999997,0.443,0.2523148148148148
MLI,2015,0.25,0.0,0.4375,0.3214286,0.325,0.44,0.2777777777777777
MLI,2016,0.25,0.0,0.4375,0.3214286,0.325,0.44,0.2777777777777777
MLI,2017,0.25,0.0,0.375,0.3214286,0.325,0.438,0.2777777777777777
MLI,2018,0.25,0.0,0.375,0.3214286,0.325,0.4303333,0.2777777777777777
MLI,2019,0.25,0.0,0.375,0.3214286,0.325,0.414,0.2777777777777777
MLI,2020,0.25,0.0,0.3125,0.3214286,0.325,0.381,0.2777777777777777
MLI,2021,0.25,0.0,0.125,0.3214286,0.325,0.366,0.2777777777777777
MLI,2022,0.25,0.0,0.0,0.3214286,0.27499999999999997,0.2743333,0.2777777777777777
MLI,2023,0.25,0.0,0.0,0.3214286,0.25,0.1693333,0.25
MLI,2024,0.0,0.0,0.0,0.3214286,0.19999999999999998,0.08,0.25
MLT,1996,0.6666667,0.875,0.9393939,0.5454545,1.0,1.0,0.8472222222222222
MLT,1997,,,,,,,0.829861111111111
MLT,1998,0.6666667,0.75,0.9696969999999999,0.8181818,1.0,1.0,0.8055555555555555
MLT,1999,,,,,,,0.8055555555555555
MLT,2000,0.6666667,0.75,0.9696969999999999,0.7272727,0.8333332999999999,1.0,0.7777777777777777
MLT,2001,,,,,,,0.7222222222222223
MLT,2002,0.5,0.75,0.9242423999999999,0.9285713999999999,0.9166667,1.0,0.6944444444444445
MLT,2003,0.6747903,0.5578065999999999,0.7705628,0.6099551,0.7083233999999999,0.6915954,0.6944444444444445
MLT,2004,0.6540519,0.5124377999999999,0.858209,0.5660405,0.6443559999999999,0.5892716,0.6944444444444445
MLT,2005,0.6212964,0.5214683,0.9056603999999999,0.5618508,0.6642536,0.6502479,0.7222222222222223
MLT,2006,0.625,0.75,0.8125,0.8214286,0.8999999999999999,0.7796666999999999,0.7222222222222223
MLT,2007,0.625,0.75,0.8125,0.8214286,0.8999999999999999,0.7796666999999999,0.7222222222222223
MLT,2008,0.625,0.75,0.8125,0.8571428999999999,0.8999999999999999,0.7796666999999999,0.7222222222222223
MLT,2009,0.625,0.75,0.75,0.7857143,0.8999999999999999,0.7796666999999999,0.7222222222222223
MLT,2010,0.625,0.75,0.75,0.7857143,0.8999999999999999,0.7759999999999999,0.7222222222222223
MLT,2011,0.625,0.75,0.75,0.7857143,0.825,0.7759999999999999,0.7222222222222223
MLT,2012,0.625,0.75,0.75,0.7857143,0.825,0.7759999999999999,0.7222222222222223
MLT,2013,0.625,0.75,0.75,0.7857143,0.825,0.7759999999999999,0.7222222222222223
MLT,2014,0.625,0.75,0.8125,0.7857143,0.825,0.7796666999999999,0.7222222222222223
MLT,2015,0.625,0.75,0.8125,0.75,0.825,0.7796666999999999,0.7222222222222223
MLT,2016,0.625,0.75,0.8125,0.7857143,0.825,0.7796666999999999,0.7222222222222223
MLT,2017,0.625,0.5,0.8125,0.7857143,0.825,0.7716666999999999,0.7222222222222223
MLT,2018,0.625,0.5,0.8125,0.7857143,0.7999999999999999,0.7736666999999999,0.6712962962962963
MLT,2019,0.5,0.5,0.8125,0.7857143,0.7749999999999999,0.765,0.6666666666666666
MLT,2020,0.5,0.5,0.8125,0.7857143,0.75,0.756,0.6782407407407408
MLT,2021,0.375,0.5,0.8125,0.7142856999999999,0.75,0.7523333,0.6782407407407408
MLT,2022,0.375,0.5,0.8125,0.7142856999999999,0.75,0.7566666999999999,0.6666666666666666
MLT,2023,0.375,0.5,0.8125,0.7142856999999999,0.75,0.7643333,0.6666666666666666
MLT,2024,0.375,0.5,0.875,0.7142856999999999,0.75,0.7643333,0.6504629629629629
MMR,1996,0.0,0.0,0.0,0.0357143,0.049999999999999996,0.0,0.4212962962962963
MMR,1997,,,,,,,0.3055555555555555
MMR,1998,0.0,0.0,0.0,0.0357143,0.049999999999999996,0.0,0.3055555555555555
MMR,1999,,,,,,,0.3055555555555555
MMR,2000,0.0,0.0,0.0,0.0357143,0.09999999999999999,0.0,0.3055555555555555
MMR,2001,,,,,,,0.3055555555555555
MMR,2002,0.0,0.0,0.0,0.0357143,0.049999999999999996,0.0,0.3055555555555555
MMR,2003,0.0,0.0,0.0,0.0357143,0.049999999999999996,0.0,0.3055555555555555
MMR,2004,0.0,0.0,0.0,0.0357143,0.024999999999999998,0.0,0.3055555555555555
MMR,2005,0.0,0.0,0.0,0.0357143,0.024999999999999998,0.0,0.3055555555555555
MMR,2006,0.0,0.0,0.3125,0.1071429,0.125,0.059,0.3055555555555555
MMR,2007,0.0,0.0,0.28125,0.1071429,0.125,0.059,0.3263888888888889
MMR,2008,0.0,0.0,0.1875,0.1071429,0.125,0.059,0.3333333333333333
MMR,2009,0.0,0.0,0.1875,0.1071429,0.125,0.059,0.3333333333333333
MMR,2010,0.0,0.0,0.1875,0.1071429,0.125,0.059,0.3333333333333333
MMR,2011,0.0,0.0,0.1875,0.1071429,0.125,0.059,0.3333333333333333
MMR,2012,0.0,0.0,0.25,0.1071429,0.15,0.0783333,0.3333333333333333
MMR,2013,0.0,0.0,0.25,0.1428571,0.175,0.1753333,0.3333333333333333
MMR,2014,0.0,0.0,0.25,0.1428571,0.15,0.185,0.3333333333333333
MMR,2015,0.0,0.0,0.3125,0.1785714,0.175,0.22133329999999998,0.3333333333333333
MMR,2016,0.0,0.0,0.4375,0.25,0.25,0.47333329999999996,0.3402777777777777
MMR,2017,0.125,0.0,0.375,0.25,0.25,0.37766669999999997,0.3611111111111111
MMR,2018,0.125,0.0,0.375,0.25,0.22499999999999998,0.29433329999999996,0.3611111111111111
MMR,2019,0.125,0.0,0.375,0.25,0.22499999999999998,0.285,0.3611111111111111
MMR,2020,0.125,0.0,0.375,0.39285709999999996,0.19999999999999998,0.1846667,0.3611111111111111
MMR,2021,0.0,0.0,0.0625,0.3214286,0.125,0.033999999999999996,0.3472222222222222
MMR,2022,0.0,0.0,0.0625,0.3214286,0.125,0.0246667,0.3333333333333333
MMR,2023,0.0,0.0,0.0,0.1785714,0.09999999999999999,0.0283333,0.3333333333333333
MMR,2024,0.0,0.0,0.0,0.1785714,0.049999999999999996,0.032,0.3333333333333333
MNE,2006,0.5392962,0.44396149999999995,,,0.7134157999999999,0.6569999999999999,
MNE,2007,0.45004819999999995,0.3536776,0.8779343,0.48451479999999997,0.49584059999999996,0.6569999999999999,
MNE,2008,0.5028166,0.40996659999999996,0.9337607,0.5608457,0.5773028,0.643,
MNE,2009,0.49883449999999996,0.4418445,0.9074074,0.5545291,0.5801618,0.643,
MNE,2010,0.125,0.25,0.5625,0.5,0.475,0.6256667,
MNE,2011,0.125,0.25,0.5625,0.5,0.475,0.6216667,
MNE,2012,0.125,0.25,0.5625,0.5,0.475,0.6183333,
MNE,2013,0.125,0.25,0.5625,0.5,0.475,0.6146667,
MNE,2014,0.125,0.25,0.625,0.5,0.475,0.6146667,
MNE,2015,0.125,0.25,0.5625,0.5357143,0.475,0.617,
MNE,2016,0.125,0.25,0.5625,0.5357143,0.475,0.6073333,
MNE,2017,0.125,0.25,0.5625,0.5714286,0.475,0.6063333,
MNE,2018,0.125,0.25,0.625,0.5714286,0.525,0.608,
MNE,2019,0.125,0.25,0.625,0.5714286,0.525,0.605,
MNE,2020,0.125,0.25,0.5625,0.5714286,0.525,0.609,
MNE,2021,0.25,0.25,0.4375,0.5714286,0.525,0.6173333,
MNE,2022,0.25,0.25,0.4375,0.5714286,0.525,0.6316667,
MNE,2023,0.25,0.25,0.5,0.5714286,0.525,0.639,
MNE,2024,0.25,0.25,0.5625,0.5714286,0.525,0.641,
MNG,1996,0.6666667,0.5,0.8535353999999999,0.4545455,0.6666667,0.8333332999999999,0.611111111111111
MNG,1997,,,,,,,0.611111111111111
MNG,1998,0.6666667,0.5,0.7323232,0.5454545,0.6666667,0.9166667,0.611111111111111
MNG,1999,,,,,,,0.5694444444444444
MNG,2000,0.5,0.5,0.8838383999999999,0.5454545,0.6666667,0.75,0.5555555555555555
MNG,2001,,,,,,,0.5462962962962963
MNG,2002,0.3333333,0.5,0.8838383999999999,0.5892857,0.6904762,0.75,0.5
MNG,2003,0.3333333,0.5,0.8838383999999999,0.5892857,0.6904762,0.75,0.5
MNG,2004,0.3333333,0.5,0.7626263,0.5892857,0.6904762,0.75,0.5
MNG,2005,0.3320065,0.25565889999999997,0.8033332999999999,0.3572362,0.36417489999999997,0.39251379999999997,0.5
MNG,2006,0.39378369999999996,0.2425,0.7693603,0.3657989,0.37829759999999996,0.6599999999999999,0.5
MNG,2007,0.27413719999999997,0.18551589999999998,0.813253,0.4204635,0.3979675,0.6599999999999999,0.5
MNG,2008,0.2888967,0.2123379,0.8760684,0.39265049999999996,0.3918499,0.6599999999999999,0.5
MNG,2009,0.25,0.25,0.6875,0.39285709999999996,0.475,0.47,0.5
MNG,2010,0.125,0.25,0.6875,0.39285709999999996,0.39999999999999997,0.46199999999999997,0.5
MNG,2011,0.125,0.25,0.625,0.39285709999999996,0.39999999999999997,0.4576667,0.5
MNG,2012,0.125,0.25,0.625,0.39285709999999996,0.39999999999999997,0.4616667,0.5
MNG,2013,0.125,0.25,0.6875,0.39285709999999996,0.39999999999999997,0.46699999999999997,0.5
MNG,2014,0.125,0.25,0.75,0.46428569999999997,0.425,0.4706667,0.5
MNG,2015,0.125,0.25,0.75,0.5,0.425,0.4706667,0.5
MNG,2016,0.125,0.25,0.6875,0.5,0.44999999999999996,0.5539999999999999,0.5
MNG,2017,0.125,0.25,0.8125,0.5357143,0.44999999999999996,0.5499999999999999,0.5
MNG,2018,0.125,0.25,0.8125,0.5357143,0.44999999999999996,0.5499999999999999,0.5138888888888888
MNG,2019,0.125,0.25,0.75,0.5357143,0.44999999999999996,0.5499999999999999,0.5393518518518519
MNG,2020,0.125,0.25,0.8125,0.5357143,0.44999999999999996,0.5493333,0.5416666666666666
MNG,2021,0.125,0.25,0.8125,0.5357143,0.44999999999999996,0.5473333,0.5185185185185185
MNG,2022,0.125,0.25,0.6875,0.5357143,0.475,0.5449999999999999,0.513888888888889
MNG,2023,0.125,0.25,0.6875,0.5714286,0.475,0.5493333,0.5254629629629629
MNG,2024,0.25,0.25,0.75,0.6071428999999999,0.5,0.5509999999999999,0.5277777777777778
MOZ,1996,0.25,0.25,0.5,0.46428569999999997,0.39999999999999997,0.625,0.5555555555555555
MOZ,1997,,,,,,,0.4861111111111111
MOZ,1998,0.25,0.25,0.5,0.46428569999999997,0.39999999999999997,0.625,0.3888888888888888
MOZ,1999,,,,,,,0.3888888888888888
MOZ,2000,0.25,0.25,0.5,0.46428569999999997,0.39999999999999997,0.625,0.287037037037037
MOZ,2001,,,,,,,0.2777777777777777
MOZ,2002,0.25,0.25,0.5,0.46428569999999997,0.39999999999999997,0.625,0.3148148148148148
MOZ,2003,0.25,0.25,0.4375,0.4285714,0.39999999999999997,0.625,0.3333333333333333
MOZ,2004,0.25,0.25,0.375,0.4285714,0.39999999999999997,0.625,0.3333333333333333
MOZ,2005,0.25,0.25,0.5,0.4285714,0.39999999999999997,0.625,0.3333333333333333
MOZ,2006,0.25,0.25,0.75,0.4285714,0.525,0.5926667,0.3333333333333333
MOZ,2007,0.375,0.25,0.65625,0.4285714,0.4875,0.5093333,0.3425925925925925
MOZ,2008,0.375,0.25,0.625,0.4285714,0.425,0.5163333,0.3611111111111111
MOZ,2009,0.25,0.25,0.6875,0.4285714,0.425,0.5163333,0.3611111111111111
MOZ,2010,0.25,0.25,0.625,0.46428569999999997,0.475,0.49666669999999996,0.3611111111111111
MOZ,2011,0.25,0.25,0.5625,0.46428569999999997,0.35,0.32999999999999996,0.3611111111111111
MOZ,2012,0.25,0.25,0.5625,0.46428569999999997,0.35,0.3293333,0.3611111111111111
MOZ,2013,0.125,0.25,0.4375,0.46428569999999997,0.27499999999999997,0.3256667,0.3611111111111111
MOZ,2014,0.125,0.25,0.4375,0.46428569999999997,0.25,0.322,0.3611111111111111
MOZ,2015,0.125,0.25,0.4375,0.46428569999999997,0.27499999999999997,0.4033333,0.3611111111111111
MOZ,2016,0.125,0.25,0.375,0.46428569999999997,0.25,0.3006667,0.3611111111111111
MOZ,2017,0.125,0.25,0.4375,0.46428569999999997,0.25,0.3006667,0.3611111111111111
MOZ,2018,0.125,0.25,0.4375,0.46428569999999997,0.25,0.295,0.4166666666666667
MOZ,2019,0.125,0.25,0.375,0.46428569999999997,0.25,0.2883333,0.4444444444444444
MOZ,2020,0.125,0.25,0.375,0.46428569999999997,0.25,0.2836667,0.4444444444444444
MOZ,2021,0.125,0.25,0.375,0.46428569999999997,0.25,0.2836667,0.4444444444444444
MOZ,2022,0.125,0.25,0.375,0.46428569999999997,0.25,0.2836667,0.4560185185185186
MOZ,2023,0.125,0.25,0.375,0.46428569999999997,0.25,0.2836667,0.513888888888889
MOZ,2024,0.125,0.25,0.1875,0.46428569999999997,0.25,0.2793333,0.513888888888889
MRT,1996,0.5,0.5,0.6875,0.5,0.5625,0.5,
MRT,1997,,,,,,,
MRT,1998,0.5,0.5,0.6875,0.5,0.5625,0.5,
MRT,1999,,,,,,,
MRT,2000,0.5,0.5,0.6875,0.5,0.5625,0.5,
MRT,2001,,,,,,,
MRT,2002,0.625,0.5,0.75,0.5416667,0.5625,0.5,
MRT,2003,0.625,0.5,0.6875,0.5,0.5,0.5,
MRT,2004,0.6161616,0.5050505,0.510101,0.48484849999999996,0.459596,0.27777779999999996,
MRT,2005,0.625,0.5,0.8125,0.5416667,0.5625,0.5,
MRT,2006,0.3614909,0.1678492,0.7389937,0.4720657,0.49390409999999996,0.312,
MRT,2007,0.3409249,0.1981481,0.8131313,0.4811562,0.49994469999999996,0.312,
MRT,2008,0.2682038,0.20029239999999998,0.5760234,0.49176509999999996,0.4122127,0.39099999999999996,
MRT,2009,0.25,0.25,0.5625,0.46428569999999997,0.375,0.13033329999999999,
MRT,2010,0.25,0.25,0.5625,0.46428569999999997,0.325,0.1286667,
MRT,2011,0.25,0.25,0.4375,0.46428569999999997,0.3,0.13899999999999998,
MRT,2012,0.25,0.25,0.4375,0.46428569999999997,0.3,0.13899999999999998,
MRT,2013,0.25,0.25,0.4375,0.46428569999999997,0.3,0.13899999999999998,
MRT,2014,0.25,0.25,0.4375,0.46428569999999997,0.3,0.13899999999999998,
MRT,2015,0.25,0.25,0.4375,0.46428569999999997,0.3,0.132,
MRT,2016,0.25,0.25,0.4375,0.46428569999999997,0.3,0.132,
MRT,2017,0.25,0.25,0.4375,0.46428569999999997,0.325,0.12733329999999998,
MRT,2018,0.25,0.25,0.4375,0.46428569999999997,0.3,0.12733329999999998,
MRT,2019,0.125,0.25,0.375,0.46428569999999997,0.3,0.1306667,
MRT,2020,0.25,0.25,0.375,0.46428569999999997,0.325,0.1306667,
MRT,2021,0.25,0.25,0.5,0.46428569999999997,0.375,0.301,
MRT,2022,0.25,0.25,0.5,0.46428569999999997,0.375,0.301,
MRT,2023,0.25,0.25,0.5,0.5,0.375,0.3046667,
MRT,2024,0.25,0.25,0.5,0.5,0.375,0.2986667,
MTQ,1996,0.75,0.75,0.75,0.7916667,0.875,0.75,
MTQ,1998,0.75,0.75,0.75,0.7916667,0.875,0.75,
MTQ,2000,0.75,0.75,0.8125,0.7916667,0.875,0.75,
MTQ,2002,0.75,0.75,0.8125,0.7916667,0.875,0.75,
MTQ,2003,0.75,0.75,0.875,0.7916667,0.8125,0.75,
MTQ,2004,0.7171717,0.6868687,0.8434343,0.7272727,0.7777778,0.7171717,
MTQ,2005,0.75,0.75,0.875,0.7916667,0.8125,0.75,
MTQ,2006,0.75,0.75,0.875,0.7916667,0.8125,0.75,
MTQ,2007,0.75,0.75,0.875,0.7916667,0.8125,0.75,
MTQ,2008,0.75,0.75,0.8125,0.7916667,0.8125,0.75,
MTQ,2009,0.75,0.75,0.8125,0.7916667,0.8125,0.75,
MTQ,2010,0.75,0.75,0.8125,0.7916667,0.8125,0.75,
MTQ,2011,0.75,0.75,0.8125,0.7916667,0.8125,0.75,
MTQ,2012,0.75,0.75,0.8125,0.7916667,0.8125,0.75,
MTQ,2013,0.75,0.75,0.8125,0.7916667,0.8125,0.75,
MTQ,2014,0.8333332999999999,0.8333332999999999,0.8888889,0.7777778,0.6111111,,
MTQ,2015,0.8333332999999999,0.8333332999999999,0.8888889,0.7777778,0.6111111,,
MTQ,2016,0.8333332999999999,0.8333332999999999,0.8888889,0.7777778,0.8333332999999999,,
MTQ,2017,0.8333332999999999,0.8333332999999999,0.8888889,0.8333332999999999,0.8333332999999999,,
MTQ,2018,0.8333332999999999,0.8333332999999999,0.8888889,0.8333332999999999,0.8333332999999999,,
MTQ,2019,0.8333332999999999,0.8333332999999999,0.8333332999999999,0.8333332999999999,0.7777778,,
MTQ,2020,0.6666667,0.8333332999999999,0.7777778,0.7222221999999999,0.7777778,,
MTQ,2021,0.6666667,0.8333332999999999,0.7777778,0.7222221999999999,0.7777778,,
MTQ,2022,0.6666667,0.8333332999999999,0.7777778,0.7222221999999999,0.7777778,,
MTQ,2023,0.6666667,0.75,0.7222221999999999,0.7222221999999999,0.7777778,,
MTQ,2024,0.6666667,0.75,0.7222221999999999,0.7222221999999999,0.7777778,,
MUS,1996,0.5,0.5,0.9375,0.5357143,0.725,0.625,
MUS,1997,,,,,,,
MUS,1998,0.5,0.5,0.9375,0.5357143,0.725,0.625,
MUS,1999,,,,,,,
MUS,2000,0.5,0.5,0.875,0.5357143,0.725,0.625,
MUS,2001,,,,,,,
MUS,2002,0.5,0.5,0.875,0.5357143,0.725,0.625,
MUS,2003,0.5,0.5,0.875,0.5714286,0.6749999999999999,0.625,
MUS,2004,0.5,0.5,0.875,0.5714286,0.75,0.625,
MUS,2005,0.5,0.5,0.875,0.5714286,0.75,0.625,
MUS,2006,0.5,0.5,0.8125,0.6785713999999999,0.7,0.6846667,
MUS,2007,0.5,0.5,0.8125,0.6964286,0.7,0.6846667,
MUS,2008,0.5,0.5,0.8125,0.7142856999999999,0.7,0.6846667,
MUS,2009,0.5,0.5,0.8125,0.7142856999999999,0.7,0.6846667,
MUS,2010,0.5,0.5,0.8125,0.7142856999999999,0.7,0.6846667,
MUS,2011,0.5,0.5,0.8125,0.7142856999999999,0.7,0.6846667,
MUS,2012,0.5,0.5,0.8125,0.7142856999999999,0.7,0.6903332999999999,
MUS,2013,0.5,0.5,0.8125,0.7142856999999999,0.7,0.689,
MUS,2014,0.5,0.5,0.8125,0.7142856999999999,0.7,0.689,
MUS,2015,0.375,0.5,0.8125,0.7142856999999999,0.7,0.6926667,
MUS,2016,0.375,0.5,0.8125,0.7142856999999999,0.7,0.6926667,
MUS,2017,0.375,0.5,0.8125,0.7142856999999999,0.7,0.6906667,
MUS,2018,0.375,0.5,0.8125,0.7142856999999999,0.7,0.6906667,
MUS,2019,0.375,0.5,0.8125,0.7142856999999999,0.7,0.6906667,
MUS,2020,0.375,0.5,0.8125,0.7142856999999999,0.7,0.688,
MUS,2021,0.5,0.5,0.8125,0.7142856999999999,0.7,0.6859999999999999,
MUS,2022,0.5,0.5,0.75,0.7142856999999999,0.7,0.688,
MUS,2023,0.5,0.5,0.75,0.6785713999999999,0.7,0.688,
MUS,2024,0.5,0.5,0.8125,0.6785713999999999,0.7,0.691,
MWI,1996,0.125,0.0,0.375,0.39285709999999996,0.325,0.25,0.4722222222222221
MWI,1997,,,,,,,0.5069444444444444
MWI,1998,0.125,0.0,0.1875,0.39285709999999996,0.27499999999999997,0.25,0.5555555555555555
MWI,1999,,,,,,,0.5555555555555555
MWI,2000,0.125,0.0,0.25,0.39285709999999996,0.27499999999999997,0.25,0.5555555555555555
MWI,2001,,,,,,,0.548611111111111
MWI,2002,0.0,0.0,0.4375,0.3571429,0.25,0.125,0.4467592592592592
MWI,2003,0.0,0.0,0.4375,0.3571429,0.25,0.125,0.4444444444444444
MWI,2004,0.0,0.0,0.5625,0.3571429,0.35,0.125,0.4444444444444444
MWI,2005,0.0,0.0,0.5625,0.3571429,0.35,0.125,0.4444444444444444
MWI,2006,0.125,0.0,0.6875,0.39285709999999996,0.375,0.4156667,0.4444444444444444
MWI,2007,0.125,0.0,0.6875,0.4107143,0.425,0.4156667,0.4375
MWI,2008,0.125,0.0,0.5,0.39285709999999996,0.425,0.421,0.4270833333333333
MWI,2009,0.125,0.0,0.5,0.39285709999999996,0.425,0.421,0.4583333333333333
MWI,2010,0.125,0.0,0.6875,0.39285709999999996,0.425,0.44466669999999997,0.4976851851851852
MWI,2011,0.125,0.0,0.5625,0.39285709999999996,0.425,0.44466669999999997,0.4861111111111111
MWI,2012,0.125,0.0,0.5625,0.39285709999999996,0.425,0.4526667,0.4629629629629629
MWI,2013,0.0,0.0,0.625,0.4285714,0.425,0.44999999999999996,0.4583333333333333
MWI,2014,0.0,0.0,0.625,0.39285709999999996,0.425,0.43866669999999996,0.4583333333333333
MWI,2015,0.0,0.0,0.5,0.39285709999999996,0.425,0.435,0.4583333333333333
MWI,2016,0.0,0.0,0.5,0.39285709999999996,0.425,0.435,0.4583333333333333
MWI,2017,0.0,0.0,0.5,0.39285709999999996,0.425,0.433,0.4583333333333333
MWI,2018,0.0,0.0,0.5,0.39285709999999996,0.425,0.433,0.4583333333333333
MWI,2019,0.0,0.0,0.5,0.39285709999999996,0.44999999999999996,0.4333333,0.4583333333333333
MWI,2020,0.125,0.0,0.5,0.39285709999999996,0.44999999999999996,0.4413333,0.5324074074074074
MWI,2021,0.125,0.0,0.5,0.39285709999999996,0.44999999999999996,0.4413333,0.5694444444444445
MWI,2022,0.0,0.0,0.4375,0.39285709999999996,0.44999999999999996,0.44699999999999995,0.5324074074074074
MWI,2023,0.0,0.0,0.4375,0.39285709999999996,0.44999999999999996,0.445,0.513888888888889
MWI,2024,0.0,0.0,0.4375,0.39285709999999996,0.44999999999999996,0.445,0.513888888888889
MYS,1996,0.375,0.5,0.625,0.5714286,0.525,0.25,0.75
MYS,1997,,,,,,,0.75
MYS,1998,0.25,0.5,0.4375,0.5357143,0.39999999999999997,0.25,0.7314814814814815
MYS,1999,,,,,,,0.6018518518518519
MYS,2000,0.25,0.5,0.5625,0.5357143,0.44999999999999996,0.125,0.5833333333333334
MYS,2001,,,,,,,0.5648148148148148
MYS,2002,0.125,0.5,0.6875,0.5357143,0.575,0.25,0.5555555555555556
MYS,2003,0.25,0.5,0.625,0.6071428999999999,0.625,0.5,0.5555555555555556
MYS,2004,0.25,0.5,0.625,0.6071428999999999,0.625,0.5,0.5925925925925926
MYS,2005,0.25,0.5,0.625,0.6071428999999999,0.625,0.5,0.6064814814814815
MYS,2006,0.25,0.5,0.625,0.6071428999999999,0.625,0.5326666999999999,0.6041666666666666
MYS,2007,0.25,0.5,0.65625,0.6071428999999999,0.625,0.5326666999999999,0.6296296296296297
MYS,2008,0.25,0.5,0.6875,0.5714286,0.65,0.5453333,0.611111111111111
MYS,2009,0.25,0.5,0.625,0.5714286,0.65,0.5453333,0.611111111111111
MYS,2010,0.25,0.5,0.6875,0.6428571,0.65,0.5396666999999999,0.611111111111111
MYS,2011,0.25,0.5,0.6875,0.6428571,0.65,0.5396666999999999,0.611111111111111
MYS,2012,0.25,0.5,0.6875,0.6428571,0.65,0.5469999999999999,0.611111111111111
MYS,2013,0.375,0.5,0.6875,0.7142856999999999,0.6,0.5496667,0.611111111111111
MYS,2014,0.375,0.5,0.6875,0.7142856999999999,0.6,0.5496667,0.611111111111111
MYS,2015,0.375,0.5,0.6875,0.7142856999999999,0.6,0.5476667,0.611111111111111
MYS,2016,0.375,0.5,0.6875,0.7142856999999999,0.6,0.5513333,0.611111111111111
MYS,2017,0.375,0.5,0.6875,0.75,0.625,0.5513333,0.611111111111111
MYS,2018,0.5,0.5,0.6875,0.7142856999999999,0.625,0.5626667,0.611111111111111
MYS,2019,0.5,0.5,0.6875,0.7142856999999999,0.625,0.572,0.611111111111111
MYS,2020,0.5,0.5,0.6875,0.7142856999999999,0.65,0.573,0.611111111111111
MYS,2021,0.5,0.5,0.6875,0.7142856999999999,0.65,0.5746667,0.611111111111111
MYS,2022,0.5,0.5,0.6875,0.7142856999999999,0.625,0.5766667,0.6203703703703703
MYS,2023,0.5,0.5,0.75,0.6785713999999999,0.625,0.5763332999999999,0.6388888888888888
MYS,2024,0.5,0.5,0.75,0.6785713999999999,0.625,0.5703332999999999,0.6388888888888888
NAM,1996,0.5,0.5,0.75,0.5,0.44999999999999996,0.5,0.875
NAM,1997,,,,,,,0.7719907407407408
NAM,1998,0.375,0.5,0.4375,0.5,0.375,0.5,0.6666666666666666
NAM,1999,,,,,,,0.6666666666666666
NAM,2000,0.375,0.5,0.0625,0.5,0.425,0.5,0.6666666666666666
NAM,2001,,,,,,,0.6481481481481481
NAM,2002,0.25,0.25,0.4375,0.5,0.39999999999999997,0.375,0.5879629629629629
NAM,2003,0.25,0.25,0.4375,0.5,0.39999999999999997,0.375,0.5833333333333334
NAM,2004,0.25,0.25,0.5,0.46428569999999997,0.425,0.375,0.5601851851851851
NAM,2005,0.25,0.25,0.5625,0.5,0.44999999999999996,0.5,0.5277777777777778
NAM,2006,0.5,0.5,0.8125,0.5714286,0.575,0.5513333,0.5277777777777778
NAM,2007,0.5,0.5,0.8125,0.5714286,0.575,0.5513333,0.5277777777777778
NAM,2008,0.5,0.5,0.8125,0.5714286,0.575,0.5493333,0.5833333333333334
NAM,2009,0.5,0.5,0.6875,0.5714286,0.575,0.5493333,0.5833333333333334
NAM,2010,0.5,0.5,0.6875,0.5714286,0.575,0.5409999999999999,0.6041666666666666
NAM,2011,0.5,0.5,0.6875,0.5714286,0.575,0.5413333,0.6111111111111112
NAM,2012,0.5,0.5,0.6875,0.5714286,0.575,0.5413333,0.6111111111111112
NAM,2013,0.5,0.5,0.75,0.5714286,0.575,0.5413333,0.6111111111111112
NAM,2014,0.5,0.5,0.75,0.5714286,0.575,0.5413333,0.6111111111111112
NAM,2015,0.5,0.5,0.75,0.5714286,0.6,0.5436667,0.6111111111111112
NAM,2016,0.5,0.5,0.75,0.5714286,0.6,0.5436667,0.6111111111111112
NAM,2017,0.5,0.5,0.75,0.5714286,0.575,0.5436667,0.6111111111111112
NAM,2018,0.5,0.5,0.75,0.5714286,0.575,0.5416667,0.6111111111111112
NAM,2019,0.5,0.5,0.6875,0.6071428999999999,0.575,0.5476667,0.6111111111111112
NAM,2020,0.5,0.5,0.625,0.6071428999999999,0.575,0.5506667,0.6111111111111112
NAM,2021,0.625,0.5,0.625,0.6071428999999999,0.575,0.5506667,0.6111111111111112
NAM,2022,0.625,0.5,0.625,0.6071428999999999,0.6,0.5506667,0.6111111111111112
NAM,2023,0.5,0.5,0.625,0.6071428999999999,0.6,0.5506667,0.6111111111111112
NAM,2024,0.5,0.5,0.625,0.6071428999999999,0.6,0.5493333,0.6111111111111112
NER,1996,0.3333333,0.25,0.6818181999999999,0.18181819999999999,0.3333333,0.0833333,0.3379629629629629
NER,1997,,,,,,,0.1944444444444444
NER,1998,0.0,0.25,0.6818181999999999,0.6363635999999999,0.3333333,0.1666667,0.1944444444444444
NER,1999,,,,,,,0.1944444444444444
NER,2000,0.1666667,0.25,0.7121212,0.6363635999999999,0.3333333,0.75,0.25
NER,2001,,,,,,,0.25
NER,2002,0.1666667,0.25,0.7121212,0.5982143,0.452381,0.6666667,0.25
NER,2003,0.1666667,0.25,0.7121212,0.5982143,0.452381,0.625,0.25
NER,2004,0.1666667,0.25,0.7121212,0.5982143,0.452381,0.625,0.25
NER,2005,0.1666667,0.25,0.6818181999999999,0.5982143,0.452381,0.625,0.25
NER,2006,0.30769569999999996,0.42457249999999996,0.6515152,0.5982143,0.7813914,0.354,0.25
NER,2007,0.348,0.4003333,0.5757576,0.5982143,0.7787499999999999,0.354,0.2662037037037037
NER,2008,0.36,0.2583333,0.5606061,0.5982143,0.75625,0.34099999999999997,0.3125
NER,2009,0.25,0.25,0.25,0.5357143,0.39999999999999997,0.19699999999999998,0.3194444444444444
NER,2010,0.25,0.25,0.375,0.5357143,0.44999999999999996,0.3626667,0.3194444444444444
NER,2011,0.25,0.25,0.5625,0.5357143,0.5,0.472,0.3194444444444444
NER,2012,0.25,0.25,0.3125,0.3571429,0.3,0.3886667,0.3194444444444444
NER,2013,0.25,0.25,0.3125,0.3571429,0.3,0.386,0.3194444444444444
NER,2014,0.25,0.25,0.3125,0.3214286,0.3,0.384,0.3194444444444444
NER,2015,0.25,0.25,0.3125,0.3214286,0.375,0.3783333,0.3194444444444444
NER,2016,0.25,0.25,0.3125,0.3214286,0.375,0.382,0.3194444444444444
NER,2017,0.25,0.25,0.25,0.3214286,0.375,0.3753333,0.3194444444444444
NER,2018,0.375,0.25,0.25,0.2857143,0.35,0.292,0.3194444444444444
NER,2019,0.375,0.25,0.25,0.2857143,0.375,0.2763333,0.3194444444444444
NER,2020,0.25,0.25,0.1875,0.2857143,0.35,0.2763333,0.3194444444444444
NER,2021,0.25,0.25,0.1875,0.2857143,0.39999999999999997,0.27399999999999997,0.3576388888888888
NER,2022,0.25,0.25,0.1875,0.3214286,0.375,0.291,0.3611111111111111
NER,2023,0.25,0.25,0.125,0.3214286,0.375,0.2456667,0.3611111111111111
NER,2024,0.25,0.25,0.125,0.3214286,0.3,0.242,0.3611111111111111
NGA,1996,0.0,0.0,0.0,0.2857143,0.09999999999999999,0.125,0.4444444444444444
NGA,1997,,,,,,,0.375
NGA,1998,0.0,0.25,0.25,0.2857143,0.09999999999999999,0.125,0.25
NGA,1999,,,,,,,0.2638888888888889
NGA,2000,0.0,0.25,0.125,0.25,0.125,0.125,0.3055555555555555
NGA,2001,,,,,,,0.2824074074074074
NGA,2002,0.0,0.0,0.1875,0.25,0.09999999999999999,0.125,0.2222222222222222
NGA,2003,0.0,0.0,0.25,0.2142857,0.075,0.0,0.2222222222222222
NGA,2004,0.0,0.0,0.25,0.2142857,0.075,0.0,0.2222222222222222
NGA,2005,0.0,0.0,0.25,0.1785714,0.075,0.0,0.25
NGA,2006,0.0,0.0,0.25,0.1785714,0.075,0.1173333,0.2777777777777777
NGA,2007,0.0625,0.0,0.3125,0.1785714,0.09999999999999999,0.2006667,0.2777777777777777
NGA,2008,0.125,0.0,0.25,0.1785714,0.125,0.2843333,0.2777777777777777
NGA,2009,0.125,0.0,0.1875,0.1785714,0.125,0.2843333,0.2777777777777777
NGA,2010,0.125,0.0,0.0625,0.1785714,0.125,0.2823333,0.2777777777777777
NGA,2011,0.0,0.0,0.0625,0.1785714,0.125,0.29433329999999996,0.2777777777777777
NGA,2012,0.0,0.0,0.0625,0.1785714,0.125,0.29233329999999996,0.2777777777777777
NGA,2013,0.0,0.0,0.125,0.1785714,0.09999999999999999,0.209,0.2777777777777777
NGA,2014,0.0,0.0,0.125,0.1785714,0.09999999999999999,0.20866669999999998,0.2777777777777777
NGA,2015,0.125,0.0,0.25,0.1428571,0.175,0.2373333,0.2777777777777777
NGA,2016,0.125,0.0,0.25,0.1428571,0.19999999999999998,0.2333333,0.2777777777777777
NGA,2017,0.0,0.0,0.25,0.2142857,0.3,0.2313333,0.2777777777777777
NGA,2018,0.0,0.0,0.25,0.2142857,0.3,0.2313333,0.2847222222222221
NGA,2019,0.0,0.0,0.25,0.2142857,0.3,0.2206667,0.3194444444444444
NGA,2020,0.0,0.0,0.25,0.2142857,0.3,0.22,0.3194444444444444
NGA,2021,0.0,0.0,0.25,0.2142857,0.3,0.22033329999999998,0.3194444444444444
NGA,2022,0.0,0.0,0.25,0.2142857,0.27499999999999997,0.22433329999999999,0.3194444444444444
NGA,2023,0.0,0.0,0.25,0.2142857,0.3,0.30766669999999996,0.3599537037037037
NGA,2024,0.0,0.0,0.25,0.25,0.3,0.3053333,0.3888888888888888
NIC,1996,0.25,0.0,0.25,0.4285714,0.375,0.375,0.5787037037037037
NIC,1997,,,,,,,0.5277777777777778
NIC,1998,0.125,0.0,0.3125,0.46428569999999997,0.35,0.25,0.5277777777777778
NIC,1999,,,,,,,0.5277777777777778
NIC,2000,0.0,0.0,0.5625,0.5,0.27499999999999997,0.25,0.5277777777777778
NIC,2001,,,,,,,0.5092592592592592
NIC,2002,0.125,0.0,0.625,0.46428569999999997,0.35,0.375,0.4513888888888888
NIC,2003,0.125,0.0,0.625,0.46428569999999997,0.375,0.5,0.4444444444444444
NIC,2004,0.125,0.0,0.625,0.46428569999999997,0.375,0.5,0.4444444444444444
NIC,2005,0.0,0.0,0.5,0.4285714,0.375,0.25,0.4444444444444444
NIC,2006,0.0,0.0,0.5,0.4285714,0.375,0.356,0.4444444444444444
NIC,2007,0.0,0.0,0.53125,0.3571429,0.325,0.356,0.4444444444444444
NIC,2008,0.0,0.0,0.5625,0.3571429,0.325,0.369,0.4444444444444444
NIC,2009,0.0,0.0,0.5625,0.3571429,0.325,0.369,0.4444444444444444
NIC,2010,0.0,0.0,0.375,0.3571429,0.325,0.3576667,0.4375
NIC,2011,0.0,0.0,0.375,0.39285709999999996,0.325,0.352,0.4166666666666667
NIC,2012,0.0,0.0,0.375,0.39285709999999996,0.325,0.352,0.3796296296296296
NIC,2013,0.0,0.0,0.5,0.4285714,0.35,0.3486667,0.3611111111111111
NIC,2014,0.0,0.0,0.5,0.4285714,0.35,0.344,0.3611111111111111
NIC,2015,0.0,0.0,0.5,0.4285714,0.325,0.25866669999999997,0.3611111111111111
NIC,2016,0.0,0.0,0.4375,0.4285714,0.35,0.24366669999999999,0.3611111111111111
NIC,2017,0.0,0.25,0.4375,0.4285714,0.35,0.23866669999999998,0.3611111111111111
NIC,2018,0.0,0.25,0.1875,0.4285714,0.25,0.121,0.3425925925925925
NIC,2019,0.0,0.25,0.25,0.39285709999999996,0.19999999999999998,0.11833329999999999,0.3333333333333333
NIC,2020,0.0,0.25,0.25,0.4285714,0.19999999999999998,0.12,0.3333333333333333
NIC,2021,0.0,0.25,0.25,0.39285709999999996,0.19999999999999998,0.0896667,0.2847222222222222
NIC,2022,0.0,0.25,0.3125,0.39285709999999996,0.19999999999999998,0.0833333,0.25
NIC,2023,0.0,0.25,0.5625,0.39285709999999996,0.25,0.07533329999999999,0.25
NIC,2024,0.0,0.0,0.5625,0.39285709999999996,0.25,0.0696667,0.25
NLD,1996,0.875,1.0,1.0,0.8928571,0.95,1.0,1.0
NLD,1997,,,,,,,1.0
NLD,1998,0.875,1.0,1.0,0.8928571,0.95,1.0,1.0
NLD,1999,,,,,,,1.0
NLD,2000,0.875,1.0,1.0,0.9285713999999999,0.95,1.0,1.0
NLD,2001,,,,,,,0.9907407407407408
NLD,2002,0.875,1.0,1.0,0.9285713999999999,0.95,1.0,0.9444444444444444
NLD,2003,0.875,1.0,1.0,0.9285713999999999,0.95,1.0,0.9444444444444444
NLD,2004,0.875,1.0,0.875,0.9285713999999999,0.95,1.0,0.9444444444444444
NLD,2005,0.875,1.0,0.9375,0.9285713999999999,0.95,1.0,0.9444444444444444
NLD,2006,0.875,0.75,0.875,0.8214286,0.9249999999999999,0.9886667,0.9444444444444444
NLD,2007,0.875,0.75,0.875,0.8214286,0.9249999999999999,0.9886667,0.9444444444444444
NLD,2008,0.875,0.75,0.875,0.8214286,0.9249999999999999,0.9843333,0.9444444444444444
NLD,2009,0.875,0.75,0.875,0.8214286,0.9249999999999999,0.9843333,0.9444444444444444
NLD,2010,0.875,0.75,0.8125,0.8214286,0.9249999999999999,0.9663333,0.9444444444444444
NLD,2011,0.875,0.75,0.8125,0.8214286,0.9249999999999999,0.9663333,0.9444444444444444
NLD,2012,0.875,0.75,0.8125,0.8214286,0.9249999999999999,0.9663333,0.9444444444444444
NLD,2013,0.875,0.75,0.8125,0.8214286,0.9249999999999999,0.9613333,0.9444444444444444
NLD,2014,0.875,0.75,0.8125,0.8214286,0.9249999999999999,0.964,0.9444444444444444
NLD,2015,0.75,0.75,0.8125,0.8214286,0.9249999999999999,0.964,0.9444444444444444
NLD,2016,0.75,0.75,0.8125,0.8928571,0.9249999999999999,0.96,0.9444444444444444
NLD,2017,0.75,0.75,0.8125,0.8928571,0.9249999999999999,0.963,0.9444444444444444
NLD,2018,0.875,0.75,0.8125,0.8571428999999999,0.9249999999999999,0.963,0.9444444444444444
NLD,2019,0.875,0.75,0.8125,0.8571428999999999,0.9249999999999999,0.967,0.9444444444444444
NLD,2020,0.875,0.75,0.8125,0.8571428999999999,0.9249999999999999,0.9653333,0.9444444444444444
NLD,2021,0.875,0.75,0.875,0.8571428999999999,0.9249999999999999,0.9626667,0.9444444444444444
NLD,2022,0.875,0.75,0.875,0.8214286,0.9249999999999999,0.9666667,0.9444444444444444
NLD,2023,0.875,0.75,0.875,0.8214286,0.9249999999999999,0.9666667,0.9444444444444444
NLD,2024,0.875,0.75,0.875,0.8214286,0.9249999999999999,0.9666667,0.9444444444444444
NOR,1996,0.875,1.0,1.0,0.8214286,1.0,1.0,0.9722222222222222
NOR,1997,,,,,,,0.9444444444444444
NOR,1998,0.875,1.0,1.0,0.8214286,1.0,1.0,0.9444444444444444
NOR,1999,,,,,,,0.9444444444444444
NOR,2000,0.875,1.0,1.0,0.7857143,1.0,1.0,0.9444444444444444
NOR,2001,,,,,,,0.9444444444444444
NOR,2002,0.875,1.0,1.0,0.7857143,1.0,1.0,0.9444444444444444
NOR,2003,0.875,1.0,1.0,0.7857143,1.0,1.0,0.9444444444444444
NOR,2004,0.75,1.0,1.0,0.8928571,0.975,0.875,0.9444444444444444
NOR,2005,0.875,1.0,1.0,0.9285713999999999,1.0,1.0,0.9444444444444444
NOR,2006,0.875,1.0,1.0,0.75,0.975,0.985,0.9444444444444444
NOR,2007,0.875,1.0,1.0,0.8035713999999999,0.975,0.985,0.9444444444444444
NOR,2008,0.875,1.0,1.0,0.8571428999999999,0.975,0.9893333,0.9444444444444444
NOR,2009,0.875,1.0,1.0,0.8571428999999999,0.975,0.9893333,0.9444444444444444
NOR,2010,0.875,1.0,1.0,0.8571428999999999,0.975,0.9933333,0.9444444444444444
NOR,2011,0.875,1.0,1.0,0.8571428999999999,0.975,0.9933333,0.9444444444444444
NOR,2012,0.875,1.0,1.0,0.8571428999999999,0.975,0.9976666999999999,0.9629629629629628
NOR,2013,0.875,1.0,1.0,0.8571428999999999,0.975,0.9976666999999999,0.9722222222222222
NOR,2014,0.875,1.0,1.0,0.8571428999999999,0.975,0.9976666999999999,0.9722222222222222
NOR,2015,0.875,1.0,1.0,0.8571428999999999,0.975,0.9976666999999999,0.9722222222222222
NOR,2016,0.875,1.0,1.0,0.8571428999999999,0.975,0.9976666999999999,0.9722222222222222
NOR,2017,0.875,1.0,1.0,0.8571428999999999,0.975,0.9956666999999999,0.9722222222222222
NOR,2018,0.875,1.0,1.0,0.8571428999999999,0.975,0.9956666999999999,0.9675925925925926
NOR,2019,0.875,1.0,1.0,0.8571428999999999,0.975,0.9956666999999999,0.9444444444444444
NOR,2020,0.875,1.0,1.0,0.8571428999999999,0.975,0.9936666999999999,0.9444444444444444
NOR,2021,0.875,1.0,1.0,0.8571428999999999,0.975,0.9916666999999999,0.9444444444444444
NOR,2022,0.875,1.0,0.8125,0.8571428999999999,0.975,0.9936666999999999,0.9444444444444444
NOR,2023,0.875,1.0,0.8125,0.8571428999999999,0.975,0.9936666999999999,0.9444444444444444
NOR,2024,0.875,1.0,0.875,0.8571428999999999,0.975,0.9936666999999999,0.9444444444444444
NPL,1996,0.5,0.375,0.6875,0.5,0.5625,0.5,
NPL,1997,,,,,,,
NPL,1998,0.5,0.375,0.6875,0.5,0.5625,0.5,
NPL,1999,,,,,,,
NPL,2000,0.5,0.375,0.5,0.4583333,0.5625,0.5,
NPL,2001,,,,,,,
NPL,2002,0.5,0.375,0.375,0.4583333,0.5,0.4375,
NPL,2003,0.5,0.375,0.25,0.4166667,0.4375,0.3125,
NPL,2004,0.0,0.25,0.0625,0.3214286,0.25,0.125,
NPL,2005,0.0,0.0,0.0625,0.3214286,0.27499999999999997,0.25,
NPL,2006,0.3664346,0.1423611,0.1226852,0.4254234,0.3862776,0.34199999999999997,
NPL,2007,0.2768386,0.251938,0.23837209999999998,0.4267022,0.3491942,0.34199999999999997,
NPL,2008,0.2928038,0.20017179999999998,0.36111109999999996,0.414417,0.34597239999999996,0.40499999999999997,
NPL,2009,0.125,0.25,0.1875,0.25,0.19999999999999998,0.3016667,
NPL,2010,0.125,0.25,0.1875,0.25,0.19999999999999998,0.308,
NPL,2011,0.125,0.25,0.1875,0.25,0.19999999999999998,0.308,
NPL,2012,0.0,0.0,0.1875,0.25,0.19999999999999998,0.3053333,
NPL,2013,0.125,0.0,0.375,0.1785714,0.25,0.409,
NPL,2014,0.125,0.0,0.4375,0.1785714,0.19999999999999998,0.2423333,
NPL,2015,0.125,0.0,0.375,0.1785714,0.19999999999999998,0.2423333,
NPL,2016,0.125,0.0,0.375,0.2142857,0.22499999999999998,0.3286667,
NPL,2017,0.125,0.0,0.375,0.1785714,0.27499999999999997,0.3393333,
NPL,2018,0.125,0.0,0.4375,0.25,0.375,0.3393333,
NPL,2019,0.125,0.0,0.5,0.25,0.35,0.3426667,
NPL,2020,0.125,0.0,0.5,0.25,0.35,0.3406667,
NPL,2021,0.125,0.0,0.4375,0.25,0.35,0.31366669999999996,
NPL,2022,0.125,0.0,0.4375,0.25,0.35,0.3163333,
NPL,2023,0.125,0.0,0.4375,0.25,0.35,0.32,
NPL,2024,0.125,0.0,0.4375,0.25,0.35,0.32,
NRU,1996,,,,,,,
NRU,1997,,,,,,,
NRU,1998,,,,,,,
NRU,1999,,,,,,,
NRU,2000,,,,,,,
NRU,2001,,,,,,,
NRU,2002,,,,,,,
NRU,2003,,,,,,,
NRU,2004,,,,,,,
NRU,2005,,,,,,,
NRU,2006,,,,,,,
NRU,2007,,,,,,,
NRU,2008,,,,,,,
NRU,2009,,,,,,,
NRU,2010,,,,,,,
NRU,2011,,,,,,,
NRU,2012,,,,,0.9299999999999999,,
NRU,2013,,,,,,,
NRU,2014,,,,,,,
NRU,2015,0.6666667,0.5833332999999999,0.9444444,0.5,0.5555555999999999,,
NRU,2016,0.6666667,0.5833332999999999,0.9444444,0.5,0.5555555999999999,,
NRU,2017,0.6666667,0.5833332999999999,0.8888889,0.5,0.6666667,,
NRU,2018,0.6666667,0.6666667,0.8888889,0.5555555999999999,0.6666667,,
NRU,2019,0.6666667,0.5833332999999999,0.8333332999999999,0.5555555999999999,0.6666667,,
NRU,2020,0.6666667,0.5833332999999999,0.8333332999999999,0.5555555999999999,0.6666667,,
NRU,2021,0.6666667,0.5833332999999999,0.8333332999999999,0.5555555999999999,0.6666667,,
NRU,2022,0.6666667,0.5833332999999999,0.8333332999999999,0.5555555999999999,0.6666667,,
NRU,2023,0.6666667,0.5833332999999999,0.8888889,0.5,0.6666667,,
NRU,2024,0.6666667,0.5833332999999999,0.8888889,0.5,0.6666667,,
NZL,1996,1.0,1.0,0.875,0.9285713999999999,0.975,0.875,0.9537037037037036
NZL,1997,,,,,,,0.9444444444444444
NZL,1998,1.0,1.0,0.9375,0.8571428999999999,0.975,0.875,0.9444444444444444
NZL,1999,,,,,,,0.9444444444444444
NZL,2000,1.0,0.75,0.9375,0.7857143,0.975,0.875,0.9444444444444444
NZL,2001,,,,,,,0.949074074074074
NZL,2002,0.875,1.0,0.9375,0.8214286,0.95,0.875,0.9722222222222222
NZL,2003,0.875,1.0,0.9375,0.8214286,0.95,0.875,0.9722222222222222
NZL,2004,0.875,1.0,0.9375,0.8928571,0.95,0.875,0.9722222222222222
NZL,2005,0.875,1.0,0.9375,0.8571428999999999,0.95,0.875,0.9606481481481484
NZL,2006,0.875,1.0,0.875,0.8214286,0.9249999999999999,0.8836666999999999,0.9444444444444444
NZL,2007,0.875,1.0,0.875,0.8214286,0.9249999999999999,0.8836666999999999,0.9444444444444444
NZL,2008,0.875,1.0,0.875,0.8214286,0.9249999999999999,0.8896666999999999,0.9444444444444444
NZL,2009,0.875,1.0,0.875,0.8214286,0.9249999999999999,0.8896666999999999,0.9444444444444444
NZL,2010,0.875,1.0,0.875,0.8571428999999999,0.9249999999999999,0.892,0.9444444444444444
NZL,2011,0.875,1.0,0.875,0.8571428999999999,0.9249999999999999,0.892,0.9444444444444444
NZL,2012,0.875,1.0,0.875,0.8571428999999999,0.9249999999999999,0.892,0.9444444444444444
NZL,2013,0.875,1.0,0.875,0.8571428999999999,0.9249999999999999,0.892,0.9444444444444444
NZL,2014,0.875,1.0,0.9375,0.8928571,0.9249999999999999,0.892,0.9444444444444444
NZL,2015,0.875,1.0,0.875,0.8928571,0.975,0.9753333,0.9444444444444444
NZL,2016,0.875,0.75,0.9375,0.8928571,0.975,0.9753333,0.9444444444444444
NZL,2017,0.875,0.75,1.0,0.9285713999999999,0.975,0.9753333,0.9444444444444444
NZL,2018,0.875,0.75,1.0,0.9285713999999999,0.975,0.9753333,0.9444444444444444
NZL,2019,0.875,0.75,1.0,0.9285713999999999,0.975,0.9753333,0.9444444444444444
NZL,2020,0.875,0.75,1.0,0.9285713999999999,0.975,0.975,0.9444444444444444
NZL,2021,0.875,0.75,1.0,0.9285713999999999,0.975,0.979,0.9444444444444444
NZL,2022,0.875,0.75,0.875,0.9642856999999999,0.975,0.987,0.925925925925926
NZL,2023,0.875,0.75,0.875,0.9642856999999999,0.975,0.987,0.9166666666666666
NZL,2024,0.875,1.0,0.875,0.9642856999999999,0.975,0.987,0.9166666666666666
OMN,1996,0.375,0.5,0.8125,0.5,0.6,0.25,0.6944444444444445
OMN,1997,,,,,,,0.6597222222222223
OMN,1998,0.5,0.5,0.6875,0.5,0.625,0.375,0.6111111111111112
OMN,1999,,,,,,,0.6111111111111112
OMN,2000,0.5,0.5,0.8125,0.46428569999999997,0.625,0.375,0.6111111111111112
OMN,2001,,,,,,,0.5972222222222222
OMN,2002,0.375,0.5,0.75,0.6071428999999999,0.6,0.375,0.5833333333333334
OMN,2003,0.375,0.5,0.6875,0.5714286,0.6,0.375,0.5833333333333334
OMN,2004,0.375,0.5,0.6875,0.6071428999999999,0.6,0.375,0.5833333333333334
OMN,2005,0.375,0.5,0.6875,0.6071428999999999,0.6,0.375,0.5833333333333334
OMN,2006,0.375,0.5,0.6875,0.6071428999999999,0.6,0.3423333,0.5833333333333334
OMN,2007,0.375,0.5,0.6875,0.6071428999999999,0.6,0.3423333,0.5833333333333334
OMN,2008,0.375,0.5,0.6875,0.6071428999999999,0.6,0.34933329999999996,0.5833333333333334
OMN,2009,0.375,0.5,0.6875,0.6428571,0.6,0.34933329999999996,0.5833333333333334
OMN,2010,0.375,0.5,0.6875,0.6428571,0.6,0.3453333,0.5833333333333334
OMN,2011,0.125,0.25,0.5,0.6428571,0.6,0.3586667,0.5833333333333334
OMN,2012,0.125,0.25,0.5625,0.6428571,0.6,0.3586667,0.5833333333333334
OMN,2013,0.125,0.25,0.5625,0.6428571,0.6,0.3586667,0.5833333333333334
OMN,2014,0.25,0.25,0.5625,0.6428571,0.6,0.355,0.5856481481481481
OMN,2015,0.25,0.25,0.5625,0.6428571,0.625,0.43466669999999996,0.6111111111111112
OMN,2016,0.25,0.25,0.5625,0.6785713999999999,0.625,0.43466669999999996,0.6111111111111112
OMN,2017,0.25,0.25,0.5625,0.6785713999999999,0.65,0.43466669999999996,0.6111111111111112
OMN,2018,0.25,0.25,0.5625,0.6785713999999999,0.65,0.43466669999999996,0.6111111111111112
OMN,2019,0.25,0.25,0.5625,0.6785713999999999,0.65,0.4353333,0.6111111111111112
OMN,2020,0.25,0.25,0.5625,0.6785713999999999,0.65,0.4333333,0.6111111111111112
OMN,2021,0.25,0.25,0.5625,0.6428571,0.625,0.4333333,0.6111111111111112
OMN,2022,0.25,0.5,0.625,0.6428571,0.65,0.4373333,0.6111111111111112
OMN,2023,0.375,0.5,0.625,0.6428571,0.65,0.4373333,0.5949074074074074
OMN,2024,0.5,0.5,0.6875,0.6071428999999999,0.625,0.2683333,0.5833333333333334
PAK,1996,0.0,0.25,0.125,0.3214286,0.27499999999999997,0.125,0.4768518518518518
PAK,1997,,,,,,,0.5462962962962963
PAK,1998,0.125,0.25,0.25,0.3571429,0.375,0.125,0.5
PAK,1999,,,,,,,0.4722222222222222
PAK,2000,0.0,0.25,0.3125,0.39285709999999996,0.27499999999999997,0.125,0.4444444444444444
PAK,2001,,,,,,,0.4398148148148148
PAK,2002,0.125,0.25,0.125,0.3214286,0.325,0.25,0.4166666666666667
PAK,2003,0.125,0.25,0.125,0.3214286,0.325,0.25,0.4166666666666667
PAK,2004,0.125,0.25,0.125,0.3214286,0.325,0.25,0.4166666666666667
PAK,2005,0.125,0.25,0.125,0.3214286,0.325,0.25,0.4166666666666667
PAK,2006,0.125,0.25,0.125,0.3214286,0.325,0.29733329999999997,0.4166666666666667
PAK,2007,0.125,0.25,0.09375,0.3214286,0.3125,0.25566669999999997,0.4421296296296296
PAK,2008,0.125,0.25,0.125,0.3214286,0.27499999999999997,0.2266667,0.4444444444444444
PAK,2009,0.0,0.25,0.1875,0.3214286,0.3,0.2266667,0.4444444444444444
PAK,2010,0.0,0.25,0.1875,0.3571429,0.3,0.235,0.4675925925925925
PAK,2011,0.0,0.25,0.1875,0.3571429,0.27499999999999997,0.235,0.4722222222222222
PAK,2012,0.0,0.25,0.1875,0.3571429,0.27499999999999997,0.23566669999999998,0.4722222222222222
PAK,2013,0.125,0.25,0.1875,0.3214286,0.3,0.238,0.4722222222222222
PAK,2014,0.125,0.25,0.25,0.3214286,0.3,0.238,0.4560185185185185
PAK,2015,0.125,0.25,0.25,0.3214286,0.3,0.22999999999999998,0.4444444444444444
PAK,2016,0.125,0.25,0.25,0.2857143,0.3,0.2276667,0.4444444444444444
PAK,2017,0.125,0.25,0.25,0.2857143,0.325,0.2253333,0.4444444444444444
PAK,2018,0.125,0.25,0.1875,0.2857143,0.325,0.22233329999999998,0.4444444444444444
PAK,2019,0.125,0.25,0.1875,0.2857143,0.3,0.22499999999999998,0.4444444444444444
PAK,2020,0.125,0.25,0.3125,0.2857143,0.3,0.22699999999999998,0.4444444444444444
PAK,2021,0.125,0.25,0.3125,0.2857143,0.3,0.22699999999999998,0.4444444444444444
PAK,2022,0.125,0.25,0.25,0.25,0.3,0.221,0.4131944444444444
PAK,2023,0.0,0.25,0.1875,0.2142857,0.22499999999999998,0.1916667,0.4027777777777777
PAK,2024,0.0,0.25,0.1875,0.2142857,0.22499999999999998,0.178,0.4166666666666667
PAN,1996,0.25,0.25,0.6875,0.5,0.44999999999999996,0.375,0.3611111111111111
PAN,1997,,,,,,,0.4305555555555555
PAN,1998,0.25,0.25,0.5625,0.5,0.44999999999999996,0.375,0.5277777777777778
PAN,1999,,,,,,,0.5277777777777778
PAN,2000,0.25,0.25,0.625,0.5,0.44999999999999996,0.375,0.5277777777777778
PAN,2001,,,,,,,0.4791666666666667
PAN,2002,0.25,0.25,0.625,0.46428569999999997,0.6,0.5,0.4444444444444444
PAN,2003,0.25,0.25,0.625,0.46428569999999997,0.6,0.5,0.4444444444444444
PAN,2004,0.25,0.25,0.625,0.46428569999999997,0.625,0.625,0.4444444444444444
PAN,2005,0.25,0.25,0.5,0.5,0.625,0.625,0.4444444444444444
PAN,2006,0.25,0.25,0.5,0.5,0.625,0.6616666999999999,0.4444444444444444
PAN,2007,0.25,0.25,0.5,0.5,0.625,0.6616666999999999,0.4444444444444444
PAN,2008,0.25,0.25,0.5,0.5,0.575,0.6616666999999999,0.4444444444444444
PAN,2009,0.25,0.25,0.5,0.5,0.575,0.6616666999999999,0.4444444444444444
PAN,2010,0.25,0.25,0.5625,0.5,0.5499999999999999,0.6549999999999999,0.4444444444444444
PAN,2011,0.25,0.25,0.5625,0.5714286,0.5499999999999999,0.6526666999999999,0.4444444444444444
PAN,2012,0.25,0.25,0.5625,0.5714286,0.5499999999999999,0.6526666999999999,0.4444444444444444
PAN,2013,0.25,0.25,0.5625,0.5714286,0.5499999999999999,0.6526666999999999,0.4444444444444444
PAN,2014,0.25,0.25,0.5625,0.5714286,0.5499999999999999,0.6526666999999999,0.4444444444444444
PAN,2015,0.25,0.5,0.75,0.5714286,0.5499999999999999,0.6563333,0.4444444444444444
PAN,2016,0.25,0.5,0.75,0.5714286,0.5499999999999999,0.6543333,0.4444444444444444
PAN,2017,0.25,0.5,0.75,0.5714286,0.5499999999999999,0.6526666999999999,0.4444444444444444
PAN,2018,0.25,0.5,0.625,0.5714286,0.525,0.6516666999999999,0.4444444444444444
PAN,2019,0.25,0.5,0.6875,0.5714286,0.525,0.6516666999999999,0.4444444444444444
PAN,2020,0.25,0.5,0.625,0.5357143,0.5,0.6559999999999999,0.4444444444444444
PAN,2021,0.25,0.5,0.625,0.5357143,0.5,0.645,0.4444444444444444
PAN,2022,0.25,0.5,0.5,0.5357143,0.44999999999999996,0.647,0.4444444444444444
PAN,2023,0.25,0.5,0.4375,0.5357143,0.44999999999999996,0.647,0.4444444444444444
PAN,2024,0.25,0.5,0.4375,0.5357143,0.425,0.6446666999999999,0.4444444444444444
PER,1996,0.125,0.5,0.3125,0.6785713999999999,0.35,0.375,0.4166666666666667
PER,1997,,,,,,,0.4513888888888889
PER,1998,0.125,0.5,0.4375,0.6428571,0.3,0.375,0.5
PER,1999,,,,,,,0.5
PER,2000,0.0,0.25,0.125,0.6071428999999999,0.325,0.25,0.5046296296296297
PER,2001,,,,,,,0.5370370370370371
PER,2002,0.375,0.25,0.375,0.5714286,0.39999999999999997,0.375,0.4444444444444444
PER,2003,0.375,0.0,0.25,0.5714286,0.39999999999999997,0.375,0.4675925925925925
PER,2004,0.125,0.0,0.3125,0.5714286,0.375,0.375,0.4722222222222222
PER,2005,0.125,0.0,0.3125,0.5357143,0.3,0.375,0.4722222222222222
PER,2006,0.25,0.0,0.4375,0.5357143,0.27499999999999997,0.4536667,0.4722222222222222
PER,2007,0.25,0.0,0.46875,0.5535713999999999,0.27499999999999997,0.4536667,0.4722222222222222
PER,2008,0.25,0.0,0.4375,0.5714286,0.27499999999999997,0.4603333,0.4722222222222222
PER,2009,0.25,0.25,0.4375,0.6071428999999999,0.325,0.4603333,0.4930555555555556
PER,2010,0.25,0.5,0.4375,0.6428571,0.35,0.4633333,0.5
PER,2011,0.25,0.5,0.4375,0.6071428999999999,0.325,0.4696667,0.4884259259259259
PER,2012,0.25,0.5,0.4375,0.6071428999999999,0.325,0.4656667,0.4537037037037037
PER,2013,0.25,0.5,0.5,0.6071428999999999,0.35,0.46799999999999997,0.4444444444444444
PER,2014,0.25,0.5,0.5,0.6071428999999999,0.375,0.46799999999999997,0.4444444444444444
PER,2015,0.25,0.5,0.5,0.6071428999999999,0.375,0.46933329999999995,0.4444444444444444
PER,2016,0.25,0.5,0.5625,0.6071428999999999,0.425,0.4716667,0.4675925925925925
PER,2017,0.25,0.5,0.5625,0.6071428999999999,0.425,0.4663333,0.4768518518518518
PER,2018,0.25,0.5,0.625,0.7142856999999999,0.425,0.47,0.4722222222222222
PER,2019,0.25,0.5,0.625,0.75,0.425,0.47,0.4895833333333333
PER,2020,0.25,0.5,0.4375,0.75,0.475,0.4676667,0.5416666666666666
PER,2021,0.25,0.5,0.4375,0.6428571,0.425,0.45299999999999996,0.5162037037037037
PER,2022,0.25,0.5,0.375,0.6428571,0.425,0.4473333,0.5
PER,2023,0.25,0.5,0.4375,0.7142856999999999,0.475,0.527,0.4768518518518518
PER,2024,0.25,0.5,0.5625,0.7142856999999999,0.475,0.523,0.4537037037037037
PHL,1996,0.375,0.5,0.6875,0.6428571,0.5499999999999999,0.375,0.5416666666666666
PHL,1997,,,,,,,0.5902777777777777
PHL,1998,0.375,0.5,0.5625,0.6428571,0.5499999999999999,0.375,0.6620370370370371
PHL,1999,,,,,,,0.6944444444444443
PHL,2000,0.25,0.5,0.1875,0.5714286,0.39999999999999997,0.375,0.5555555555555556
PHL,2001,,,,,,,0.4675925925925925
PHL,2002,0.25,0.5,0.5,0.5357143,0.44999999999999996,0.5,0.4444444444444444
PHL,2003,0.25,0.5,0.25,0.5714286,0.425,0.375,0.4675925925925925
PHL,2004,0.25,0.5,0.25,0.5714286,0.39999999999999997,0.375,0.4722222222222221
PHL,2005,0.25,0.5,0.25,0.5714286,0.39999999999999997,0.375,0.4861111111111111
PHL,2006,0.25,0.5,0.25,0.5714286,0.39999999999999997,0.46599999999999997,0.5
PHL,2007,0.25,0.5,0.25,0.5714286,0.39999999999999997,0.46599999999999997,0.5
PHL,2008,0.25,0.5,0.25,0.5714286,0.39999999999999997,0.45399999999999996,0.5
PHL,2009,0.125,0.5,0.25,0.5714286,0.375,0.45399999999999996,0.5
PHL,2010,0.125,0.5,0.25,0.5714286,0.375,0.45399999999999996,0.5
PHL,2011,0.125,0.5,0.3125,0.5714286,0.375,0.45399999999999996,0.5
PHL,2012,0.125,0.5,0.3125,0.6071428999999999,0.375,0.45999999999999996,0.5
PHL,2013,0.125,0.5,0.3125,0.6071428999999999,0.375,0.4636667,0.513888888888889
PHL,2014,0.125,0.5,0.3125,0.6071428999999999,0.39999999999999997,0.5589999999999999,0.5277777777777778
PHL,2015,0.125,0.5,0.3125,0.6071428999999999,0.39999999999999997,0.5613332999999999,0.5277777777777778
PHL,2016,0.125,0.5,0.25,0.5714286,0.375,0.5646667,0.5277777777777778
PHL,2017,0.125,0.5,0.4375,0.5714286,0.35,0.4736667,0.5277777777777778
PHL,2018,0.125,0.5,0.4375,0.5714286,0.35,0.4736667,0.5277777777777778
PHL,2019,0.125,0.5,0.4375,0.5714286,0.35,0.47133329999999996,0.5277777777777778
PHL,2020,0.25,0.5,0.5,0.5714286,0.35,0.4686667,0.5277777777777778
PHL,2021,0.25,0.5,0.5,0.5357143,0.325,0.4706667,0.5277777777777778
PHL,2022,0.25,0.5,0.625,0.5357143,0.375,0.47433329999999996,0.5277777777777778
PHL,2023,0.25,0.5,0.625,0.5357143,0.39999999999999997,0.472,0.5277777777777778
PHL,2024,0.25,0.5,0.625,0.5357143,0.39999999999999997,0.471,0.5162037037037037
PLW,1996,,,,,,,
PLW,1997,,,,,,,
PLW,1998,,,,,,,
PLW,1999,,,,,,,
PLW,2000,,,,,,,
PLW,2001,,,,,,,
PLW,2002,,,,,,,
PLW,2003,,,,,,,
PLW,2004,,,,,,,
PLW,2005,,,,,,,
PLW,2006,,,,,,,
PLW,2007,,,,,,,
PLW,2008,,,,,,,
PLW,2009,,,,,,,
PLW,2010,,,,,,,
PLW,2011,,,,,,,
PLW,2012,,,,,,,
PLW,2013,,,,,,,
PLW,2014,,,,,,,
PLW,2015,0.6666667,0.5,0.8888889,0.7222221999999999,0.8888889,,
PLW,2016,0.6666667,0.5,0.8888889,0.7222221999999999,0.8888889,,
PLW,2017,0.6666667,0.5,0.9444444,0.7222221999999999,0.8888889,,
PLW,2018,0.6666667,0.5833332999999999,0.9444444,0.6666667,0.8888889,,
PLW,2019,0.6666667,0.5833332999999999,0.9444444,0.7222221999999999,0.8333332999999999,,
PLW,2020,0.6666667,0.5833332999999999,0.9444444,0.7222221999999999,0.8333332999999999,,
PLW,2021,0.6666667,0.5833332999999999,0.9444444,0.7222221999999999,0.8333332999999999,,
PLW,2022,0.6666667,0.5833332999999999,0.9444444,0.7222221999999999,0.8333332999999999,,
PLW,2023,0.6666667,0.5833332999999999,0.9444444,0.7222221999999999,0.8333332999999999,,
PLW,2024,0.6666667,0.5833332999999999,0.9444444,0.7222221999999999,0.8333332999999999,,
PNG,1996,0.25,0.25,0.25,0.2857143,0.27499999999999997,0.375,0.5833333333333334
PNG,1997,,,,,,,0.5717592592592592
PNG,1998,0.125,0.25,0.25,0.25,0.25,0.25,0.5555555555555555
PNG,1999,,,,,,,0.5046296296296297
PNG,2000,0.125,0.25,0.3125,0.2857143,0.25,0.25,0.3981481481481482
PNG,2001,,,,,,,0.3425925925925925
PNG,2002,0.125,0.25,0.3125,0.2857143,0.25,0.25,0.3333333333333333
PNG,2003,0.125,0.25,0.3125,0.2857143,0.25,0.25,0.3333333333333333
PNG,2004,0.0,0.25,0.25,0.25,0.3,0.25,0.3333333333333333
PNG,2005,0.0,0.0,0.25,0.25,0.3,0.25,0.3472222222222221
PNG,2006,0.125,0.25,0.25,0.5,0.425,0.46799999999999997,0.3611111111111111
PNG,2007,0.125,0.25,0.28125,0.5,0.425,0.46799999999999997,0.3611111111111111
PNG,2008,0.125,0.25,0.3125,0.5,0.425,0.46799999999999997,0.3611111111111111
PNG,2009,0.125,0.25,0.3125,0.5,0.425,0.46799999999999997,0.3611111111111111
PNG,2010,0.125,0.25,0.3125,0.5,0.425,0.46799999999999997,0.4027777777777778
PNG,2011,0.125,0.25,0.3125,0.5,0.425,0.4606667,0.4166666666666667
PNG,2012,0.125,0.25,0.3125,0.5,0.425,0.4606667,0.4166666666666667
PNG,2013,0.125,0.25,0.4375,0.5357143,0.425,0.46199999999999997,0.4166666666666667
PNG,2014,0.125,0.25,0.4375,0.5357143,0.44999999999999996,0.5343333,0.4305555555555555
PNG,2015,0.125,0.25,0.375,0.5,0.425,0.5343333,0.4444444444444444
PNG,2016,0.125,0.25,0.375,0.5,0.39999999999999997,0.5343333,0.4444444444444444
PNG,2017,0.125,0.25,0.375,0.5,0.39999999999999997,0.5343333,0.4444444444444444
PNG,2018,0.125,0.25,0.375,0.5,0.39999999999999997,0.5343333,0.4444444444444444
PNG,2019,0.125,0.25,0.375,0.5,0.39999999999999997,0.5343333,0.4444444444444444
PNG,2020,0.25,0.25,0.375,0.5357143,0.375,0.4533333,0.4606481481481481
PNG,2021,0.125,0.25,0.375,0.4285714,0.35,0.4533333,0.4722222222222222
PNG,2022,0.25,0.25,0.3125,0.39285709999999996,0.39999999999999997,0.5323333,0.4629629629629629
PNG,2023,0.25,0.25,0.4375,0.4285714,0.425,0.5343333,0.4444444444444444
PNG,2024,0.25,0.25,0.375,0.4285714,0.425,0.5323333,0.4444444444444444
POL,1996,0.5,0.75,0.625,0.6428571,0.725,0.75,0.8333333333333334
POL,1997,,,,,,,0.8298611111111112
POL,1998,0.5,0.5,0.625,0.6785713999999999,0.725,0.75,0.8055555555555557
POL,1999,,,,,,,0.7083333333333334
POL,2000,0.5,0.5,0.625,0.6428571,0.6749999999999999,0.75,0.6388888888888888
POL,2001,,,,,,,0.625
POL,2002,0.5,0.5,0.75,0.6428571,0.7,0.75,0.5833333333333334
POL,2003,0.5,0.5,0.75,0.6428571,0.7,0.75,0.5833333333333334
POL,2004,0.375,0.5,0.75,0.6785713999999999,0.7,0.75,0.5833333333333334
POL,2005,0.375,0.5,0.8125,0.7142856999999999,0.7,0.75,0.6041666666666666
POL,2006,0.375,0.5,0.8125,0.7142856999999999,0.7,0.7433333,0.638888888888889
POL,2007,0.375,0.5,0.8125,0.7142856999999999,0.7,0.7433333,0.638888888888889
POL,2008,0.375,0.5,0.8125,0.7142856999999999,0.7,0.7433333,0.638888888888889
POL,2009,0.5,0.5,0.75,0.7142856999999999,0.7,0.7433333,0.638888888888889
POL,2010,0.5,0.5,0.8125,0.7142856999999999,0.7,0.735,0.638888888888889
POL,2011,0.5,0.5,0.8125,0.7142856999999999,0.7,0.7373333,0.638888888888889
POL,2012,0.5,0.5,0.8125,0.7142856999999999,0.7,0.7373333,0.6574074074074074
POL,2013,0.5,0.5,0.8125,0.7142856999999999,0.7,0.7373333,0.6666666666666666
POL,2014,0.5,0.5,0.8125,0.7142856999999999,0.7,0.749,0.6689814814814815
POL,2015,0.5,0.5,0.8125,0.6785713999999999,0.7,0.7363333,0.6944444444444445
POL,2016,0.5,0.5,0.5625,0.6428571,0.7,0.7276667,0.6944444444444445
POL,2017,0.5,0.5,0.5625,0.6428571,0.7,0.7223333,0.6550925925925926
POL,2018,0.5,0.5,0.6875,0.6428571,0.7,0.7223333,0.6342592592592592
POL,2019,0.5,0.5,0.6875,0.6428571,0.6749999999999999,0.6373333,0.6111111111111112
POL,2020,0.5,0.5,0.75,0.6785713999999999,0.725,0.645,0.6111111111111112
POL,2021,0.5,0.5,0.75,0.6785713999999999,0.725,0.6433333,0.5949074074074074
POL,2022,0.5,0.5,0.875,0.6785713999999999,0.725,0.6513333,0.5833333333333334
POL,2023,0.5,0.5,0.8125,0.6785713999999999,0.725,0.6559999999999999,0.5833333333333334
POL,2024,0.5,0.5,0.875,0.7142856999999999,0.75,0.7466667,0.5833333333333334
PRI,1996,0.625,0.875,0.75,0.8333332999999999,0.8125,0.8125,
PRI,1998,0.625,0.875,0.75,0.8333332999999999,0.8125,0.8125,
PRI,2000,0.75,0.875,0.75,0.8333332999999999,0.8125,0.8125,
PRI,2002,0.875,0.875,0.75,0.8333332999999999,0.8125,0.75,
PRI,2003,0.875,0.875,0.75,0.8333332999999999,0.75,0.75,
PRI,2004,0.7979798,0.7676767999999999,0.7424242,0.7239057,0.7424242,0.6969696999999999,
PRI,2005,0.875,0.875,0.75,0.8333332999999999,0.75,0.75,
PRI,2006,0.1164906,0.4233378,0.75,0.8333332999999999,0.7109634,0.21612599999999998,
PRI,2007,0.5281094,0.5466101999999999,0.8391812999999999,0.5770286,0.6607552,0.5348398999999999,
PRI,2008,0.5207447,0.5524311,0.8888889,0.576174,0.6386047,0.5420629,
PRI,2009,0.5,0.25,0.75,0.6785713999999999,0.7,0.625,
PRI,2010,0.5,0.25,0.75,0.6785713999999999,0.7,0.625,
PRI,2011,0.5,0.25,0.75,0.6785713999999999,0.7,0.625,
PRI,2012,0.5,0.25,0.75,0.6785713999999999,0.7,0.625,
PRI,2013,0.5,0.25,0.625,0.6785713999999999,0.6749999999999999,0.625,
PRI,2014,0.5,0.25,0.6875,0.6785713999999999,0.6749999999999999,0.625,
PRI,2015,0.375,0.25,0.6875,0.6785713999999999,0.6749999999999999,0.625,
PRI,2016,0.375,0.25,0.6875,0.6785713999999999,0.6749999999999999,0.625,
PRI,2017,0.375,0.25,0.625,0.6785713999999999,0.6749999999999999,0.625,
PRI,2018,0.375,0.25,0.625,0.6785713999999999,0.6749999999999999,0.625,
PRI,2019,0.375,0.25,0.5625,0.6785713999999999,0.6749999999999999,0.625,
PRI,2020,0.375,0.25,0.5625,0.6785713999999999,0.6749999999999999,0.625,
PRI,2021,0.375,0.25,0.625,0.6785713999999999,0.6749999999999999,0.625,
PRI,2022,0.375,0.25,0.625,0.6785713999999999,0.6749999999999999,0.625,
PRI,2023,0.375,0.25,0.625,0.6785713999999999,0.6749999999999999,0.625,
PRI,2024,0.375,0.25,0.625,0.6785713999999999,0.6749999999999999,0.625,
PRK,1996,0.3333333,0.25,0.7575757999999999,0.2727273,0.8333332999999999,0.25,0.5
PRK,1997,,,,,,,0.4375
PRK,1998,0.3333333,0.0,0.8787879,0.5454545,0.8333332999999999,0.0833333,0.3888888888888889
PRK,1999,,,,,,,0.3888888888888889
PRK,2000,0.3333333,0.0,0.9090908999999999,0.5454545,0.8333332999999999,0.0833333,0.3888888888888889
PRK,2001,,,,,,,0.3518518518518518
PRK,2002,0.1666667,0.0,0.8787879,0.3839286,0.6309524,0.125,0.3333333333333333
PRK,2003,0.1666667,0.0,0.8333332999999999,0.3839286,0.6309524,0.0833333,0.3333333333333333
PRK,2004,0.0,0.0,0.375,0.0714286,0.175,0.0,0.3333333333333333
PRK,2005,0.0,0.0,0.375,0.0714286,0.175,0.0,0.3333333333333333
PRK,2006,0.0,0.0,0.4375,0.0714286,0.125,0.0343333,0.3333333333333333
PRK,2007,0.1666667,0.0,0.8333332999999999,0.3839286,0.7023809999999999,0.103,0.3333333333333333
PRK,2008,0.1666667,0.0,0.8181818,0.3839286,0.7023809999999999,0.086,0.3333333333333333
PRK,2009,0.125,0.25,0.4375,0.0357143,0.15,0.0286667,0.3333333333333333
PRK,2010,0.125,0.25,0.375,0.0357143,0.15,0.036,0.3333333333333333
PRK,2011,0.125,0.25,0.3125,0.0357143,0.15,0.036,0.3333333333333333
PRK,2012,0.125,0.25,0.3125,0.0357143,0.15,0.036,0.3333333333333333
PRK,2013,0.125,0.25,0.3125,0.0357143,0.125,0.036,0.3333333333333333
PRK,2014,0.125,0.25,0.3125,0.0357143,0.125,0.036,0.3287037037037037
PRK,2015,0.125,0.25,0.3125,0.0,0.125,0.036,0.3055555555555555
PRK,2016,0.0,0.25,0.375,0.0,0.125,0.036,0.3055555555555555
PRK,2017,0.0,0.25,0.375,0.0,0.125,0.036,0.2824074074074074
PRK,2018,0.0,0.25,0.375,0.0,0.125,0.036,0.2777777777777777
PRK,2019,0.0,0.5,0.375,0.0,0.125,0.036,0.2777777777777777
PRK,2020,0.0,0.5,0.375,0.0,0.125,0.036,0.2777777777777777
PRK,2021,0.0,0.25,0.375,0.0,0.125,0.036,0.2777777777777777
PRK,2022,0.0,0.25,0.375,0.0,0.125,0.036,0.2777777777777777
PRK,2023,0.0,0.25,0.4375,0.0,0.125,0.036,0.2777777777777777
PRK,2024,0.0,0.25,0.4375,0.0,0.125,0.036,0.2777777777777777
PRT,1996,0.875,0.75,0.9375,0.7857143,0.85,0.875,0.8379629629629629
PRT,1997,,,,,,,0.8148148148148149
PRT,1998,0.75,0.75,1.0,0.8214286,0.85,0.75,0.8055555555555557
PRT,1999,,,,,,,0.8055555555555557
PRT,2000,0.75,0.75,1.0,0.7857143,0.85,0.75,0.8055555555555557
PRT,2001,,,,,,,0.7777777777777778
PRT,2002,0.75,0.75,1.0,0.7857143,0.85,0.75,0.7222222222222223
PRT,2003,0.75,0.5,1.0,0.7857143,0.85,0.75,0.7222222222222223
PRT,2004,0.75,0.5,0.9375,0.7857143,0.875,0.75,0.7222222222222223
PRT,2005,0.625,0.5,0.9375,0.75,0.875,0.75,0.75
PRT,2006,0.375,0.5,0.75,0.6785713999999999,0.7999999999999999,0.772,0.75
PRT,2007,0.5,0.5,0.75,0.7142856999999999,0.7999999999999999,0.772,0.75
PRT,2008,0.5,0.5,0.6875,0.75,0.7999999999999999,0.7683333,0.75
PRT,2009,0.5,0.5,0.6875,0.75,0.7999999999999999,0.7683333,0.75
PRT,2010,0.5,0.5,0.6875,0.75,0.7999999999999999,0.7673333,0.75
PRT,2011,0.5,0.5,0.625,0.75,0.7999999999999999,0.7603333,0.75
PRT,2012,0.5,0.5,0.625,0.75,0.7999999999999999,0.75,0.7314814814814815
PRT,2013,0.5,0.5,0.625,0.8214286,0.7999999999999999,0.755,0.7222222222222223
PRT,2014,0.5,0.5,0.75,0.7857143,0.7999999999999999,0.7596666999999999,0.7245370370370371
PRT,2015,0.5,0.75,0.875,0.8571428999999999,0.825,0.7596666999999999,0.75
PRT,2016,0.5,0.75,0.875,0.8571428999999999,0.825,0.762,0.75
PRT,2017,0.5,0.75,0.875,0.8571428999999999,0.825,0.7613333,0.75
PRT,2018,0.5,0.5,0.875,0.8214286,0.825,0.7613333,0.75
PRT,2019,0.5,0.5,0.875,0.8214286,0.825,0.7676666999999999,0.75
PRT,2020,0.5,0.5,0.875,0.7857143,0.85,0.8466667,0.75
PRT,2021,0.5,0.5,0.75,0.75,0.85,0.844,0.75
PRT,2022,0.5,0.5,0.8125,0.75,0.85,0.8483333,0.75
PRT,2023,0.5,0.5,0.8125,0.75,0.85,0.8416667,0.7337962962962963
PRT,2024,0.5,0.5,0.8125,0.75,0.85,0.8526667,0.7222222222222223
PRY,1996,0.125,0.0,0.25,0.25,0.3,0.375,0.5
PRY,1997,,,,,,,0.4652777777777777
PRY,1998,0.0,0.0,0.25,0.25,0.27499999999999997,0.25,0.4166666666666667
PRY,1999,,,,,,,0.3657407407407407
PRY,2000,0.0,0.0,0.0625,0.25,0.27499999999999997,0.25,0.3611111111111111
PRY,2001,,,,,,,0.3518518518518518
PRY,2002,0.0,0.0,0.0,0.25,0.22499999999999998,0.25,0.2592592592592592
PRY,2003,0.0,0.0,0.0,0.25,0.22499999999999998,0.25,0.25
PRY,2004,0.0,0.0,0.5,0.25,0.27499999999999997,0.25,0.25
PRY,2005,0.125,0.25,0.5,0.2857143,0.3,0.375,0.25
PRY,2006,0.25,0.25,0.5625,0.39285709999999996,0.375,0.4553333,0.25
PRY,2007,0.25,0.25,0.5625,0.39285709999999996,0.375,0.4553333,0.25
PRY,2008,0.25,0.25,0.5625,0.39285709999999996,0.375,0.4633333,0.25
PRY,2009,0.25,0.25,0.5625,0.39285709999999996,0.375,0.4633333,0.25
PRY,2010,0.25,0.25,0.5625,0.39285709999999996,0.375,0.4633333,0.2708333333333333
PRY,2011,0.25,0.25,0.5625,0.39285709999999996,0.375,0.4633333,0.2777777777777777
PRY,2012,0.25,0.25,0.5625,0.39285709999999996,0.375,0.4586667,0.2777777777777777
PRY,2013,0.125,0.25,0.5,0.39285709999999996,0.39999999999999997,0.4586667,0.2777777777777777
PRY,2014,0.125,0.25,0.5,0.39285709999999996,0.39999999999999997,0.4586667,0.2847222222222222
PRY,2015,0.125,0.25,0.5625,0.4285714,0.39999999999999997,0.5443333,0.3055555555555555
PRY,2016,0.25,0.25,0.5625,0.46428569999999997,0.44999999999999996,0.5423333,0.3090277777777777
PRY,2017,0.25,0.25,0.5625,0.46428569999999997,0.44999999999999996,0.5436667,0.3472222222222221
PRY,2018,0.25,0.25,0.5625,0.46428569999999997,0.44999999999999996,0.5413333,0.3472222222222221
PRY,2019,0.25,0.25,0.5625,0.46428569999999997,0.44999999999999996,0.5413333,0.3472222222222221
PRY,2020,0.25,0.25,0.5,0.46428569999999997,0.44999999999999996,0.5393333,0.3680555555555555
PRY,2021,0.25,0.25,0.5,0.5357143,0.425,0.5286666999999999,0.375
PRY,2022,0.25,0.25,0.5,0.5357143,0.425,0.5296666999999999,0.3703703703703704
PRY,2023,0.25,0.25,0.5625,0.5357143,0.425,0.5333333,0.3472222222222222
PRY,2024,0.25,0.25,0.5,0.5714286,0.425,0.5306666999999999,0.3472222222222222
PSE,1996,0.25,0.25,0.25,0.2916667,0.5625,0.25,
PSE,1998,0.25,0.25,0.25,0.2916667,0.5625,0.25,
PSE,2000,0.25,0.25,0.25,0.2916667,0.5625,0.25,
PSE,2002,0.25,0.25,0.25,0.3333333,0.5,0.3125,
PSE,2003,0.25,0.25,0.375,0.2916667,0.5625,0.3125,
PSE,2004,0.3939394,0.42424239999999996,0.4393939,0.3569024,0.530303,0.36363639999999997,
PSE,2005,0.25,0.25,0.375,0.3333333,0.5,0.4375,
PSE,2006,0.225014,0.4832896,0.3125,0.3333333,0.6428121,0.601,
PSE,2007,0.592,0.5956667,0.25,0.25,0.6457499999999999,0.601,
PSE,2008,0.36,0.505,0.25,0.2916667,0.6525,0.583,
PSE,2009,0.5,0.5,0.25,0.5714286,0.425,0.2776667,
PSE,2010,0.5,0.75,0.1875,0.6785713999999999,0.475,0.348,
PSE,2011,0.25,0.5,0.0625,0.6428571,0.375,0.249,
PSE,2012,0.25,0.5,0.0625,0.5357143,0.375,0.2433333,
PSE,2013,0.25,0.5,0.0625,0.5357143,0.375,0.2433333,
PSE,2014,0.25,0.5,0.0625,0.5357143,0.39999999999999997,0.324,
PSE,2015,0.25,0.5,0.0,0.5357143,0.35,0.23566669999999998,
PSE,2016,0.375,0.5,0.0,0.5714286,0.39999999999999997,0.23299999999999998,
PSE,2017,0.375,0.5,0.0,0.5714286,0.39999999999999997,0.23199999999999998,
PSE,2018,0.375,0.25,0.0,0.5714286,0.375,0.2296667,
PSE,2019,0.375,0.25,0.0,0.5714286,0.375,0.213,
PSE,2020,0.25,0.25,0.0,0.5714286,0.375,0.211,
PSE,2021,0.25,0.25,0.0,0.5714286,0.375,0.2146667,
PSE,2022,0.25,0.25,0.0,0.5714286,0.375,0.212,
PSE,2023,0.25,0.25,0.0,0.5,0.35,0.19899999999999998,
PSE,2024,0.25,0.25,0.0,0.5,0.3,0.19799999999999998,
QAT,1996,0.25,0.5,0.1875,0.3214286,0.35,0.25,0.611111111111111
QAT,1997,,,,,,,0.611111111111111
QAT,1998,0.25,0.5,0.8125,0.3214286,0.44999999999999996,0.375,0.611111111111111
QAT,1999,,,,,,,0.611111111111111
QAT,2000,0.5,0.5,0.8125,0.3214286,0.6,0.375,0.611111111111111
QAT,2001,,,,,,,0.611111111111111
QAT,2002,0.5,0.5,0.6875,0.3571429,0.6,0.5,0.5833333333333334
QAT,2003,0.5,0.5,0.75,0.3571429,0.625,0.5,0.5555555555555556
QAT,2004,0.5,0.5,0.75,0.3571429,0.575,0.5,0.5555555555555556
QAT,2005,0.5,0.5,0.75,0.39285709999999996,0.625,0.5,0.5833333333333334
QAT,2006,0.5,0.5,0.8125,0.39285709999999996,0.65,0.426,0.5833333333333334
QAT,2007,0.5,0.5,0.84375,0.39285709999999996,0.6625,0.426,0.5833333333333334
QAT,2008,0.625,0.5,0.875,0.6428571,0.6749999999999999,0.43066669999999996,0.5833333333333334
QAT,2009,0.75,0.5,0.875,0.6428571,0.75,0.514,0.5833333333333334
QAT,2010,0.75,0.5,0.875,0.6428571,0.75,0.5196666999999999,0.5833333333333334
QAT,2011,0.5,0.5,0.875,0.6071428999999999,0.725,0.5226666999999999,0.5833333333333334
QAT,2012,0.5,0.25,0.875,0.6071428999999999,0.725,0.5226666999999999,0.6018518518518519
QAT,2013,0.5,0.5,0.875,0.5714286,0.7,0.4393333,0.6111111111111112
QAT,2014,0.5,0.5,0.875,0.5714286,0.7,0.4393333,0.6157407407407408
QAT,2015,0.5,0.5,0.8125,0.5714286,0.7,0.4393333,0.6666666666666666
QAT,2016,0.5,0.5,0.8125,0.5714286,0.7,0.4393333,0.6666666666666666
QAT,2017,0.5,0.5,0.6875,0.5714286,0.6749999999999999,0.35633329999999996,0.6481481481481481
QAT,2018,0.5,0.5,0.6875,0.5357143,0.65,0.27299999999999996,0.638888888888889
QAT,2019,0.625,0.5,0.6875,0.5714286,0.65,0.27299999999999996,0.638888888888889
QAT,2020,0.625,0.5,0.6875,0.6071428999999999,0.7,0.2746667,0.638888888888889
QAT,2021,0.625,0.5,0.875,0.6071428999999999,0.725,0.37166669999999996,0.638888888888889
QAT,2022,0.625,0.5,0.875,0.6071428999999999,0.725,0.37166669999999996,0.638888888888889
QAT,2023,0.625,0.5,0.875,0.6071428999999999,0.725,0.37166669999999996,0.6226851851851852
QAT,2024,0.625,0.5,0.8125,0.6428571,0.725,0.3556667,0.6111111111111112
REU,2004,0.7373737,0.7575757999999999,0.7474746999999999,0.8013467999999999,0.7979798,0.8080807999999999,
REU,2005,0.75,0.625,0.8125,0.9166667,0.875,0.9375,
REU,2006,0.75,0.625,0.875,0.9166667,0.875,0.9375,
REU,2007,0.75,0.625,0.875,0.9166667,0.875,0.9375,
REU,2008,0.75,0.625,0.8125,0.9166667,0.8125,0.9375,
REU,2009,0.75,0.625,0.8125,0.9166667,0.8125,0.9375,
REU,2010,0.75,0.625,0.8125,0.9166667,0.8125,0.9375,
REU,2011,0.75,0.625,0.8125,0.9166667,0.8125,0.9375,
REU,2012,0.75,0.625,0.8125,0.9166667,0.8125,0.9375,
REU,2013,0.75,0.625,0.8125,0.9166667,0.8125,0.9375,
REU,2014,0.6666667,0.8333332999999999,0.7777778,0.8333332999999999,0.8888889,,
REU,2015,0.6666667,0.8333332999999999,0.7777778,0.8333332999999999,0.8888889,,
REU,2016,0.6666667,0.8333332999999999,0.7777778,0.8333332999999999,0.8888889,,
REU,2017,0.6666667,0.8333332999999999,0.7777778,0.8333332999999999,0.8888889,,
REU,2018,0.6666667,0.8333332999999999,0.7777778,0.8333332999999999,0.8888889,,
REU,2019,0.6666667,0.8333332999999999,0.7777778,0.8333332999999999,0.8333332999999999,,
REU,2020,0.6666667,0.8333332999999999,0.7777778,0.7222221999999999,0.7777778,,
REU,2021,0.6666667,0.8333332999999999,0.7777778,0.7222221999999999,0.7777778,,
REU,2022,0.6666667,0.8333332999999999,0.7777778,0.7222221999999999,0.7777778,,
REU,2023,0.6666667,0.75,0.7222221999999999,0.7222221999999999,0.7777778,,
REU,2024,0.6666667,0.75,0.7222221999999999,0.7222221999999999,0.7777778,,
ROU,1996,0.25,0.0,0.5625,0.5,0.5,0.375,0.5324074074074074
ROU,1997,,,,,,,0.5277777777777778
ROU,1998,0.125,0.0,0.4375,0.5,0.425,0.25,0.5277777777777778
ROU,1999,,,,,,,0.4768518518518518
ROU,2000,0.125,0.0,0.25,0.5,0.39999999999999997,0.25,0.4722222222222221
ROU,2001,,,,,,,0.4629629629629629
ROU,2002,0.25,0.25,0.625,0.4285714,0.44999999999999996,0.375,0.4166666666666667
ROU,2003,0.25,0.0,0.625,0.39285709999999996,0.475,0.375,0.4328703703703704
ROU,2004,0.25,0.0,0.6875,0.39285709999999996,0.5,0.5,0.4444444444444444
ROU,2005,0.25,0.0,0.75,0.46428569999999997,0.525,0.5,0.4444444444444444
ROU,2006,0.25,0.0,0.75,0.5714286,0.525,0.5686667,0.4444444444444444
ROU,2007,0.25,0.0,0.8125,0.6071428999999999,0.525,0.5686667,0.4444444444444444
ROU,2008,0.25,0.0,0.8125,0.6071428999999999,0.525,0.5686667,0.4444444444444444
ROU,2009,0.25,0.0,0.625,0.6071428999999999,0.525,0.5686667,0.4444444444444444
ROU,2010,0.25,0.25,0.625,0.6071428999999999,0.525,0.5533333,0.4444444444444444
ROU,2011,0.25,0.25,0.625,0.6071428999999999,0.525,0.5513333,0.4444444444444444
ROU,2012,0.25,0.25,0.625,0.6071428999999999,0.525,0.5513333,0.412037037037037
ROU,2013,0.25,0.25,0.6875,0.6785713999999999,0.575,0.5513333,0.3888888888888889
ROU,2014,0.25,0.25,0.6875,0.6785713999999999,0.575,0.5559999999999999,0.3912037037037037
ROU,2015,0.25,0.25,0.75,0.6785713999999999,0.575,0.5559999999999999,0.4166666666666667
ROU,2016,0.25,0.25,0.75,0.6785713999999999,0.575,0.5539999999999999,0.4166666666666667
ROU,2017,0.25,0.25,0.6875,0.6785713999999999,0.625,0.5479999999999999,0.4097222222222222
ROU,2018,0.25,0.25,0.6875,0.6785713999999999,0.6,0.5459999999999999,0.3888888888888889
ROU,2019,0.25,0.25,0.8125,0.6785713999999999,0.6,0.5496667,0.3912037037037037
ROU,2020,0.25,0.25,0.8125,0.6428571,0.6,0.5466667,0.4166666666666667
ROU,2021,0.25,0.25,0.8125,0.6428571,0.6,0.5476667,0.4166666666666667
ROU,2022,0.375,0.5,0.8125,0.6428571,0.6,0.5483333,0.4166666666666667
ROU,2023,0.375,0.5,0.8125,0.6428571,0.6,0.5483333,0.4166666666666667
ROU,2024,0.375,0.5,0.6875,0.6428571,0.575,0.533,0.4722222222222222
RUS,1996,0.125,0.0,0.3125,0.5,0.25,0.25,0.5185185185185185
RUS,1997,,,,,,,0.4652777777777777
RUS,1998,0.0,0.0,0.375,0.46428569999999997,0.175,0.25,0.3888888888888889
RUS,1999,,,,,,,0.324074074074074
RUS,2000,0.0,0.0,0.375,0.39285709999999996,0.175,0.25,0.3055555555555555
RUS,2001,,,,,,,0.3055555555555555
RUS,2002,0.0,0.0,0.5,0.4285714,0.27499999999999997,0.375,0.3287037037037036
RUS,2003,0.0,0.0,0.5,0.4285714,0.25,0.375,0.375
RUS,2004,0.0,0.0,0.5,0.4285714,0.25,0.375,0.4143518518518518
RUS,2005,0.0,0.0,0.5,0.4285714,0.25,0.375,0.4166666666666667
RUS,2006,0.0,0.25,0.5625,0.3214286,0.25,0.25066669999999996,0.4166666666666667
RUS,2007,0.0,0.25,0.5625,0.3214286,0.25,0.25066669999999996,0.4166666666666667
RUS,2008,0.0,0.25,0.5625,0.3214286,0.25,0.23199999999999998,0.4166666666666667
RUS,2009,0.0,0.25,0.4375,0.3214286,0.25,0.23199999999999998,0.4166666666666667
RUS,2010,0.0,0.25,0.4375,0.3214286,0.25,0.2253333,0.4166666666666667
RUS,2011,0.0,0.25,0.4375,0.3214286,0.25,0.214,0.4166666666666667
RUS,2012,0.0,0.25,0.4375,0.3214286,0.25,0.208,0.3703703703703704
RUS,2013,0.0,0.25,0.4375,0.3214286,0.25,0.20299999999999999,0.3333333333333333
RUS,2014,0.0,0.25,0.375,0.3214286,0.25,0.1963333,0.3333333333333333
RUS,2015,0.0,0.25,0.4375,0.3214286,0.27499999999999997,0.1936667,0.3333333333333333
RUS,2016,0.0,0.25,0.4375,0.3571429,0.3,0.2746667,0.3333333333333333
RUS,2017,0.0,0.25,0.5625,0.3571429,0.3,0.2723333,0.3333333333333333
RUS,2018,0.0,0.25,0.5625,0.3571429,0.3,0.2646667,0.3333333333333333
RUS,2019,0.0,0.25,0.5625,0.3571429,0.325,0.2703333,0.3819444444444444
RUS,2020,0.0,0.25,0.3125,0.3571429,0.325,0.27699999999999997,0.4166666666666667
RUS,2021,0.0,0.25,0.3125,0.3571429,0.325,0.2746667,0.4166666666666667
RUS,2022,0.0,0.25,0.25,0.2857143,0.27499999999999997,0.24266669999999999,0.4166666666666667
RUS,2023,0.0,0.25,0.25,0.2857143,0.27499999999999997,0.24066669999999998,0.4166666666666667
RUS,2024,0.0,0.25,0.25,0.25,0.19999999999999998,0.151,0.4166666666666667
RWA,1996,0.25,0.25,0.25,0.25,0.25,0.125,
RWA,1997,,,,,,,
RWA,1998,0.25,0.25,0.25,0.25,0.25,0.125,
RWA,1999,,,,,,,
RWA,2000,0.25,,0.25,0.25,0.25,0.125,
RWA,2001,,,,,,,
RWA,2002,0.25,0.25,0.25,0.25,0.25,0.125,
RWA,2003,0.25,0.25,0.4375,0.2916667,0.3125,0.1875,
RWA,2004,0.3131313,0.3232323,0.44444439999999996,0.3468013,0.4191919,0.2525253,
RWA,2005,0.25,0.25,0.4375,0.2916667,0.3125,0.3125,
RWA,2006,0.375,0.25,0.4375,0.46428569999999997,0.425,0.294,
RWA,2007,0.375,0.25,0.5625,0.46428569999999997,0.425,0.294,
RWA,2008,0.375,0.25,0.5625,0.46428569999999997,0.44999999999999996,0.29033329999999996,
RWA,2009,0.375,0.25,0.5625,0.39285709999999996,0.35,0.207,
RWA,2010,0.375,0.25,0.5625,0.39285709999999996,0.325,0.1916667,
RWA,2011,0.375,0.25,0.5625,0.4285714,0.325,0.1916667,
RWA,2012,0.375,0.25,0.5625,0.4285714,0.325,0.1953333,
RWA,2013,0.375,0.25,0.5625,0.4285714,0.35,0.19599999999999998,
RWA,2014,0.375,0.25,0.5625,0.46428569999999997,0.375,0.1916667,
RWA,2015,0.375,0.25,0.5625,0.46428569999999997,0.39999999999999997,0.1856667,
RWA,2016,0.375,0.25,0.5625,0.46428569999999997,0.39999999999999997,0.1856667,
RWA,2017,0.375,0.5,0.5625,0.46428569999999997,0.39999999999999997,0.1896667,
RWA,2018,0.375,0.5,0.5625,0.46428569999999997,0.425,0.19499999999999998,
RWA,2019,0.375,0.5,0.5625,0.46428569999999997,0.425,0.1886667,
RWA,2020,0.375,0.5,0.5625,0.46428569999999997,0.425,0.1866667,
RWA,2021,0.375,0.5,0.5625,0.46428569999999997,0.425,0.1866667,
RWA,2022,0.375,0.5,0.5,0.4375,0.3888889,0.1866667,
RWA,2023,0.5,0.5,0.5,0.46428569999999997,0.425,0.19333329999999999,
RWA,2024,0.5,0.5,0.5,0.46428569999999997,0.44999999999999996,0.27799999999999997,
SAU,1996,0.0,0.25,0.4375,0.5357143,0.39999999999999997,0.0,0.5555555555555556
SAU,1997,,,,,,,0.5555555555555556
SAU,1998,0.0,0.25,0.5,0.5357143,0.39999999999999997,0.0,0.5555555555555556
SAU,1999,,,,,,,0.5555555555555556
SAU,2000,0.0,0.25,0.4375,0.5714286,0.35,0.0,0.5555555555555556
SAU,2001,,,,,,,0.5555555555555556
SAU,2002,0.125,0.25,0.5625,0.39285709999999996,0.5,0.125,0.5555555555555556
SAU,2003,0.125,0.25,0.5625,0.46428569999999997,0.5,0.125,0.5555555555555556
SAU,2004,0.125,0.25,0.3125,0.46428569999999997,0.475,0.125,0.5555555555555556
SAU,2005,0.125,0.25,0.375,0.46428569999999997,0.475,0.125,0.5555555555555556
SAU,2006,0.125,0.25,0.4375,0.4285714,0.44999999999999996,0.1473333,0.5555555555555556
SAU,2007,0.125,0.25,0.4375,0.4285714,0.44999999999999996,0.1473333,0.5555555555555556
SAU,2008,0.125,0.25,0.4375,0.4285714,0.44999999999999996,0.14666669999999998,0.5555555555555556
SAU,2009,0.125,0.25,0.4375,0.4285714,0.44999999999999996,0.14666669999999998,0.5555555555555556
SAU,2010,0.125,0.25,0.5,0.4285714,0.475,0.14466669999999998,0.576388888888889
SAU,2011,0.125,0.25,0.5625,0.46428569999999997,0.475,0.059,0.5833333333333334
SAU,2012,0.125,0.25,0.5625,0.46428569999999997,0.525,0.056999999999999995,0.5833333333333334
SAU,2013,0.125,0.25,0.5625,0.5,0.525,0.0606667,0.5833333333333334
SAU,2014,0.25,0.25,0.5625,0.5,0.5499999999999999,0.0606667,0.5856481481481481
SAU,2015,0.25,0.25,0.5625,0.5,0.5499999999999999,0.0643333,0.6111111111111112
SAU,2016,0.375,0.25,0.5625,0.5357143,0.5499999999999999,0.0643333,0.6111111111111112
SAU,2017,0.375,0.25,0.625,0.5714286,0.5,0.14766669999999998,0.6134259259259259
SAU,2018,0.375,0.25,0.6875,0.5714286,0.525,0.23099999999999998,0.638888888888889
SAU,2019,0.375,0.25,0.6875,0.5714286,0.525,0.23099999999999998,0.638888888888889
SAU,2020,0.375,0.25,0.625,0.5357143,0.525,0.236,0.638888888888889
SAU,2021,0.375,0.25,0.625,0.5357143,0.525,0.236,0.6736111111111112
SAU,2022,0.375,0.25,0.5625,0.5357143,0.525,0.236,0.6979166666666666
SAU,2023,0.375,0.25,0.5625,0.5357143,0.525,0.236,0.7268518518518517
SAU,2024,0.625,0.5,0.8125,0.5714286,0.5499999999999999,0.236,0.75
SCG,1996,,,,,,,0.6111111111111112
SCG,1997,,,,,,,0.6111111111111112
SCG,1998,,,,,,,0.5648148148148148
SCG,1999,,,,,,,0.3981481481481481
SCG,2000,,,,,,,0.3472222222222221
SCG,2001,,,,,,,0.3796296296296296
SCG,2002,,,,,,,0.3888888888888888
SCG,2003,,,,,,,0.4375
SCG,2004,,,,,,,0.4722222222222222
SCG,2005,,,,,,,0.4722222222222222
SDN,1996,0.0,0.0,0.0,0.2142857,0.049999999999999996,0.0,0.2962962962962963
SDN,1997,,,,,,,0.25
SDN,1998,0.0,0.0,0.0,0.2142857,0.049999999999999996,0.0,0.25
SDN,1999,,,,,,,0.25
SDN,2000,0.0,0.0,0.0,0.2142857,0.049999999999999996,0.0,0.25
SDN,2001,,,,,,,0.25
SDN,2002,0.0,0.0,0.125,0.2142857,0.15,0.0,0.2777777777777778
SDN,2003,0.0,0.0,0.0,0.2142857,0.09999999999999999,0.0,0.2777777777777778
SDN,2004,0.0,0.0,0.125,0.2142857,0.09999999999999999,0.0,0.2777777777777778
SDN,2005,0.0,0.0,0.1875,0.25,0.09999999999999999,0.0,0.2777777777777778
SDN,2006,0.125,0.25,0.1875,0.3214286,0.3,0.18,0.2777777777777778
SDN,2007,0.0,0.25,0.21875,0.25,0.3,0.18,0.2777777777777778
SDN,2008,0.0,0.25,0.1875,0.25,0.3,0.177,0.2777777777777778
SDN,2009,0.0,0.25,0.125,0.25,0.3,0.177,0.2777777777777778
SDN,2010,0.0,0.25,0.125,0.25,0.3,0.16399999999999998,0.2777777777777778
SDN,2011,0.0,0.25,0.125,0.25,0.27499999999999997,0.1626667,0.2777777777777778
SDN,2012,0.0,0.25,0.125,0.2142857,0.25,0.0793333,
SDN,2013,0.0,0.25,0.1875,0.1428571,0.22499999999999998,0.0846667,
SDN,2014,0.0,0.25,0.1875,0.1428571,0.22499999999999998,0.0846667,
SDN,2015,0.0,0.25,0.3125,0.1428571,0.22499999999999998,0.079,
SDN,2016,0.0,0.25,0.375,0.1428571,0.22499999999999998,0.079,
SDN,2017,0.0,0.25,0.375,0.1428571,0.25,0.0716667,
SDN,2018,0.0,0.25,0.375,0.1428571,0.25,0.0716667,
SDN,2019,0.0,0.25,0.1875,0.1428571,0.25,0.09,
SDN,2020,0.0,0.25,0.1875,0.1428571,0.25,0.0846667,
SDN,2021,0.0,0.25,0.0,0.1428571,0.25,0.0823333,
SDN,2022,0.0,0.25,0.0,0.1428571,0.25,0.0823333,
SDN,2023,0.0,0.0,0.0,0.1428571,0.09999999999999999,0.058666699999999995,
SDN,2024,0.0,0.0,0.0,0.2142857,0.024999999999999998,0.0486667,
SEN,1996,0.25,0.25,0.1875,0.46428569999999997,0.375,0.375,0.5
SEN,1997,,,,,,,0.4652777777777777
SEN,1998,0.375,0.25,0.125,0.46428569999999997,0.5,0.375,0.4166666666666667
SEN,1999,,,,,,,0.4166666666666667
SEN,2000,0.375,0.25,0.1875,0.46428569999999997,0.5,0.375,0.4166666666666667
SEN,2001,,,,,,,0.4166666666666667
SEN,2002,0.625,0.25,0.4375,0.5,0.6,0.5,0.3888888888888889
SEN,2003,0.25,0.25,0.4375,0.4285714,0.475,0.375,0.3888888888888889
SEN,2004,0.25,0.25,0.4375,0.4285714,0.475,0.375,0.3888888888888889
SEN,2005,0.25,0.25,0.5,0.4285714,0.5,0.5,0.3888888888888889
SEN,2006,0.25,0.25,0.5625,0.3214286,0.375,0.429,0.3888888888888889
SEN,2007,0.25,0.25,0.5625,0.3214286,0.375,0.429,0.3888888888888889
SEN,2008,0.375,0.5,0.5,0.39285709999999996,0.325,0.429,0.3703703703703704
SEN,2009,0.375,0.5,0.5,0.3571429,0.35,0.429,0.3611111111111111
SEN,2010,0.25,0.5,0.3125,0.3214286,0.325,0.42566669999999995,0.3611111111111111
SEN,2011,0.25,0.5,0.375,0.3214286,0.325,0.43366669999999996,0.3611111111111111
SEN,2012,0.25,0.5,0.75,0.3214286,0.35,0.45299999999999996,0.375
SEN,2013,0.25,0.5,0.75,0.3214286,0.35,0.45499999999999996,0.3888888888888889
SEN,2014,0.375,0.5,0.75,0.3214286,0.375,0.45499999999999996,0.3888888888888889
SEN,2015,0.375,0.5,0.625,0.3571429,0.375,0.4526667,0.3657407407407407
SEN,2016,0.375,0.5,0.625,0.3571429,0.375,0.45699999999999996,0.3611111111111111
SEN,2017,0.375,0.5,0.625,0.3571429,0.375,0.45499999999999996,0.3611111111111111
SEN,2018,0.375,0.5,0.625,0.3571429,0.375,0.45499999999999996,0.3611111111111111
SEN,2019,0.375,0.5,0.625,0.3571429,0.375,0.44366669999999997,0.4027777777777778
SEN,2020,0.375,0.5,0.625,0.2857143,0.375,0.439,0.4027777777777777
SEN,2021,0.375,0.5,0.625,0.2857143,0.325,0.4343333,0.4085648148148148
SEN,2022,0.375,0.5,0.5625,0.2857143,0.35,0.44066669999999997,0.4467592592592592
SEN,2023,0.375,0.5,0.5625,0.2857143,0.35,0.43266669999999996,0.4444444444444444
SEN,2024,0.375,0.5,0.5625,0.2857143,0.35,0.4476667,0.4849537037037037
SGP,1996,0.75,1.0,0.9375,0.8928571,0.7999999999999999,0.875,0.8472222222222222
SGP,1997,,,,,,,0.8645833333333334
SGP,1998,0.75,1.0,0.6875,0.8571428999999999,0.7999999999999999,0.875,0.8888888888888888
SGP,1999,,,,,,,0.8888888888888888
SGP,2000,0.75,1.0,0.6875,0.8928571,0.825,0.875,0.8888888888888888
SGP,2001,,,,,,,0.8935185185185185
SGP,2002,0.875,1.0,1.0,0.8928571,0.9249999999999999,0.875,0.9166666666666666
SGP,2003,0.875,1.0,0.9375,0.9285713999999999,0.9249999999999999,0.75,0.8703703703703703
SGP,2004,0.875,1.0,0.9375,0.9285713999999999,0.9249999999999999,0.75,0.8611111111111112
SGP,2005,0.875,1.0,0.9375,0.9285713999999999,0.95,0.875,0.8611111111111112
SGP,2006,0.875,1.0,0.9375,0.9285713999999999,0.95,0.7796666999999999,0.8611111111111112
SGP,2007,0.875,1.0,1.0,0.9464286,0.95,0.7796666999999999,0.8611111111111112
SGP,2008,0.875,1.0,1.0,0.9642856999999999,0.95,0.7796666999999999,0.8611111111111112
SGP,2009,0.875,1.0,1.0,0.9642856999999999,0.95,0.7796666999999999,0.8611111111111112
SGP,2010,0.875,1.0,0.9375,0.9642856999999999,0.95,0.7796666999999999,0.8611111111111112
SGP,2011,0.875,1.0,0.9375,0.9642856999999999,0.95,0.7796666999999999,0.8611111111111112
SGP,2012,0.875,1.0,0.9375,0.9642856999999999,0.95,0.7793333,0.8611111111111112
SGP,2013,0.875,1.0,0.9375,0.9642856999999999,0.95,0.7806666999999999,0.8611111111111112
SGP,2014,0.875,1.0,0.875,0.9642856999999999,0.95,0.7843333,0.8611111111111112
SGP,2015,0.875,1.0,0.875,0.9642856999999999,0.95,0.7879999999999999,0.8611111111111112
SGP,2016,0.875,1.0,0.8125,0.9642856999999999,0.95,0.7959999999999999,0.8611111111111112
SGP,2017,0.875,1.0,0.9375,0.9642856999999999,0.9249999999999999,0.7106667,0.8796296296296297
SGP,2018,0.875,1.0,0.9375,0.9642856999999999,0.9249999999999999,0.7126667,0.888888888888889
SGP,2019,0.875,1.0,0.9375,0.9642856999999999,0.9249999999999999,0.7006667,0.888888888888889
SGP,2020,0.875,1.0,0.9375,0.9642856999999999,0.9249999999999999,0.701,0.888888888888889
SGP,2021,0.875,1.0,0.9375,0.9642856999999999,0.9249999999999999,0.7076667,0.888888888888889
SGP,2022,0.875,1.0,0.9375,0.9642856999999999,0.9249999999999999,0.7073332999999999,0.888888888888889
SGP,2023,0.75,1.0,0.9375,0.9642856999999999,0.875,0.6226667,0.875
SGP,2024,0.75,1.0,0.875,0.9285713999999999,0.875,0.6226667,0.8611111111111112
SLB,1996,,,,,,,
SLB,1997,,,,,,,
SLB,1998,,,,,,,
SLB,1999,,,,,,,
SLB,2000,,,,,,,
SLB,2001,,,,,,,
SLB,2002,,,,,,,
SLB,2003,,,,,,,
SLB,2004,0.48484849999999996,0.3131313,0.6111111,0.34006729999999996,0.34343429999999997,0.31818179999999996,
SLB,2005,0.625,0.5,0.625,0.4166667,0.375,0.4375,
SLB,2006,0.5,0.5,0.625,0.375,0.375,0.4375,
SLB,2007,0.5,0.5,0.6875,0.4166667,0.375,0.4375,
SLB,2008,0.5,0.5,0.6875,0.4166667,0.375,0.4375,
SLB,2009,0.5,0.5,0.6875,0.4166667,0.375,0.4375,
SLB,2010,0.5,0.5,0.6875,0.4583333,0.375,0.4375,
SLB,2011,0.5,0.5,0.6875,0.5,0.4375,0.4375,
SLB,2012,0.5,0.5,0.6875,0.5,0.4375,0.4375,
SLB,2013,0.5,0.5,0.6875,0.5,0.4375,0.4375,
SLB,2014,0.5,0.5,0.7777778,0.5555555999999999,0.6111111,,
SLB,2015,0.5,0.5,0.8333332999999999,0.5555555999999999,0.6111111,,
SLB,2016,0.5,0.5,0.8333332999999999,0.5555555999999999,0.6111111,,
SLB,2017,0.6666667,0.4166667,0.7222221999999999,0.5555555999999999,0.6111111,,
SLB,2018,0.6666667,0.4166667,0.7777778,0.5555555999999999,0.6111111,,
SLB,2019,0.6666667,0.4166667,0.8333332999999999,0.5555555999999999,0.6666667,,
SLB,2020,0.6666667,0.4166667,0.8333332999999999,0.5555555999999999,0.6666667,,
SLB,2021,0.6666667,0.4166667,0.7222221999999999,0.5555555999999999,0.6666667,,
SLB,2022,0.6666667,0.4166667,0.6666667,0.5555555999999999,0.6666667,,
SLB,2023,0.6666667,0.4166667,0.6666667,0.5555555999999999,0.6666667,,
SLB,2024,0.6666667,0.4166667,0.6666667,0.5555555999999999,0.6666667,,
SLE,1996,0.5,0.25,0.5606061,0.09090909999999999,0.3333333,0.5833332999999999,0.2268518518518518
SLE,1997,,,,,,,0.3287037037037037
SLE,1998,0.5,0.0,0.5050505,0.0,0.5,0.0,0.3240740740740741
SLE,1999,,,,,,,0.3333333333333333
SLE,2000,0.5,0.0,0.5656566,0.09090909999999999,0.5,0.0,0.3333333333333333
SLE,2001,,,,,,,0.3333333333333333
SLE,2002,0.4166667,0.0,0.6717172,0.5178571,0.46428569999999997,0.4583333,0.3194444444444444
SLE,2003,0.4166667,0.0,0.6717172,0.5178571,0.5357143,0.4583333,0.3055555555555556
SLE,2004,0.4166667,0.0,0.8838383999999999,0.5178571,0.6488094999999999,0.5833332999999999,0.3194444444444444
SLE,2005,0.25,0.0,0.8232322999999999,0.5178571,0.6488094999999999,0.5833332999999999,0.2824074074074074
SLE,2006,0.1865344,0.3907522,0.8232322999999999,0.5178571,0.6045448999999999,0.357,0.2777777777777778
SLE,2007,0.19499999999999998,0.379,0.8232322999999999,0.5178571,0.61275,0.357,0.2777777777777778
SLE,2008,0.13499999999999998,0.2433333,0.7954545,0.5178571,0.65125,0.411,0.2777777777777778
SLE,2009,0.125,0.0,0.4375,0.3571429,0.3,0.3036667,0.2824074074074074
SLE,2010,0.125,0.0,0.5,0.3571429,0.325,0.4003333,0.3055555555555556
SLE,2011,0.125,0.0,0.5,0.39285709999999996,0.325,0.4003333,0.3055555555555556
SLE,2012,0.125,0.0,0.375,0.39285709999999996,0.3,0.3236667,0.287037037037037
SLE,2013,0.125,0.0,0.5625,0.3571429,0.3,0.3213333,0.287037037037037
SLE,2014,0.125,0.0,0.5,0.3571429,0.3,0.31866669999999997,0.3055555555555556
SLE,2015,0.25,0.0,0.5625,0.3571429,0.3,0.3183333,0.3055555555555556
SLE,2016,0.25,0.0,0.5625,0.3571429,0.3,0.3183333,0.3055555555555556
SLE,2017,0.25,0.0,0.5625,0.3571429,0.3,0.322,0.3078703703703704
SLE,2018,0.25,0.0,0.5625,0.3571429,0.3,0.322,0.3333333333333333
SLE,2019,0.25,0.0,0.5625,0.3571429,0.3,0.3286667,0.3611111111111111
SLE,2020,0.25,0.25,0.5,0.3571429,0.3,0.3286667,0.3611111111111111
SLE,2021,0.125,0.25,0.5,0.3571429,0.3,0.3323333,0.3402777777777778
SLE,2022,0.125,0.25,0.4375,0.25,0.3,0.3343333,0.3055555555555556
SLE,2023,0.125,0.25,0.3125,0.25,0.3,0.31066669999999996,0.3055555555555556
SLE,2024,0.125,0.25,0.375,0.25,0.3,0.31066669999999996,0.3032407407407407
SLV,1996,0.0,0.0,0.375,0.5,0.175,0.125,0.4166666666666667
SLV,1997,,,,,,,0.488425925925926
SLV,1998,0.0,0.0,0.375,0.46428569999999997,0.175,0.125,0.5555555555555555
SLV,1999,,,,,,,0.5555555555555555
SLV,2000,0.0,0.0,0.6875,0.46428569999999997,0.175,0.125,0.5555555555555555
SLV,2001,,,,,,,0.5416666666666666
SLV,2002,0.125,0.0,0.6875,0.46428569999999997,0.3,0.25,0.4444444444444445
SLV,2003,0.125,0.0,0.5625,0.46428569999999997,0.3,0.25,0.4444444444444445
SLV,2004,0.125,0.0,0.625,0.4285714,0.325,0.25,0.4652777777777778
SLV,2005,0.125,0.0,0.6875,0.4285714,0.325,0.25,0.4583333333333333
SLV,2006,0.125,0.0,0.6875,0.4285714,0.325,0.374,0.4328703703703704
SLV,2007,0.1875,0.0,0.75,0.46428569999999997,0.325,0.374,0.3888888888888889
SLV,2008,0.25,0.0,0.8125,0.5,0.325,0.38,0.3888888888888889
SLV,2009,0.25,0.0,0.75,0.5714286,0.3,0.38,0.3888888888888889
SLV,2010,0.25,0.25,0.75,0.5714286,0.3,0.3823333,0.3888888888888889
SLV,2011,0.25,0.25,0.75,0.5714286,0.3,0.3823333,0.4074074074074074
SLV,2012,0.25,0.25,0.75,0.5714286,0.325,0.3823333,0.3981481481481481
SLV,2013,0.25,0.25,0.75,0.5714286,0.325,0.3843333,0.3888888888888888
SLV,2014,0.25,0.25,0.6875,0.5714286,0.325,0.3843333,0.3703703703703704
SLV,2015,0.25,0.25,0.6875,0.5714286,0.325,0.38799999999999996,0.3888888888888889
SLV,2016,0.25,0.25,0.6875,0.5714286,0.325,0.38799999999999996,0.3842592592592592
SLV,2017,0.25,0.25,0.6875,0.5714286,0.3,0.381,0.3611111111111111
SLV,2018,0.25,0.25,0.625,0.5714286,0.3,0.36533329999999997,0.3611111111111111
SLV,2019,0.25,0.25,0.75,0.5714286,0.325,0.45499999999999996,0.3865740740740741
SLV,2020,0.25,0.25,0.75,0.5714286,0.325,0.44666669999999997,0.4537037037037037
SLV,2021,0.25,0.25,0.8125,0.5714286,0.325,0.44066669999999997,0.4259259259259259
SLV,2022,0.25,0.25,0.5625,0.5714286,0.35,0.3353333,0.4004629629629629
SLV,2023,0.25,0.5,0.5625,0.5714286,0.39999999999999997,0.2403333,0.4259259259259259
SLV,2024,0.25,0.5,0.5625,0.5714286,0.44999999999999996,0.237,0.5069444444444444
SMR,1996,,,,,,,
SMR,1997,,,,,,,
SMR,1998,,,,,,,
SMR,1999,,,,,,,
SMR,2000,,,,,,,
SMR,2001,,,,,,,
SMR,2002,,,,,,,
SMR,2003,,,,,,,
SMR,2004,,,,,,,
SMR,2005,,,,,,,
SMR,2006,,,,,,,
SMR,2007,,,,,,,
SMR,2008,,,,,,,
SMR,2009,,,,,,,
SMR,2010,,,,,,,
SMR,2011,,,,,,,
SMR,2012,,,,,,,
SMR,2013,,,,,,,
SMR,2014,,,,,,,
SMR,2015,0.8333332999999999,0.9166667,1.0,0.7777778,1.0,,
SMR,2016,0.8333332999999999,0.9166667,1.0,0.7777778,1.0,,
SMR,2017,0.8333332999999999,0.9166667,1.0,0.7777778,1.0,,
SMR,2018,0.8333332999999999,0.9166667,1.0,0.7777778,1.0,,
SMR,2019,0.8333332999999999,0.9166667,1.0,0.7777778,1.0,,
SMR,2020,0.8333332999999999,0.9166667,1.0,0.7777778,1.0,,
SMR,2021,0.8333332999999999,0.9166667,1.0,0.7777778,1.0,,
SMR,2022,0.8333332999999999,0.9166667,1.0,0.7777778,1.0,,
SMR,2023,0.8333332999999999,0.8333332999999999,1.0,0.7777778,0.9444444,,
SMR,2024,0.8333332999999999,0.8333332999999999,1.0,0.7777778,0.8333332999999999,,
SOM,1996,0.1666667,0.0,0.23232319999999998,0.0,0.3333333,0.0833333,0.1666666666666666
SOM,1997,,,,,,,0.1666666666666666
SOM,1998,0.1666667,0.0,0.3232323,0.18181819999999999,0.3333333,0.0833333,0.1666666666666666
SOM,1999,,,,,,,0.1666666666666666
SOM,2000,0.1666667,0.0,0.5050505,0.36363639999999997,0.3333333,0.1666667,0.1666666666666666
SOM,2001,,,,,,,0.1666666666666666
SOM,2002,0.1666667,0.0,0.3080808,0.19642859999999998,0.1666667,0.1666667,0.1666666666666666
SOM,2003,0.1666667,0.0,0.3383838,0.19642859999999998,0.1666667,0.1666667,0.1666666666666666
SOM,2004,0.1666667,0.0,0.3535354,0.19642859999999998,0.0416667,0.1666667,0.1180555555555555
SOM,2005,0.1666667,0.0,0.3989899,0.125,0.0416667,0.1666667,0.0833333333333333
SOM,2006,0.1666667,0.0,0.3686869,0.125,0.0416667,0.1666667,0.0833333333333333
SOM,2007,0.1666667,0.0,0.3383838,0.125,0.0416667,0.1666667,0.0833333333333333
SOM,2008,0.1666667,0.0,0.3232323,0.125,0.0416667,0.1666667,0.0833333333333333
SOM,2009,0.0,0.0,0.0,0.0,0.0,0.0,0.0833333333333333
SOM,2010,0.0,0.0,0.0,0.1428571,0.0,0.0,0.0833333333333333
SOM,2011,0.0,0.0,0.0,0.1428571,0.0,0.0,0.0833333333333333
SOM,2012,0.0,0.0,0.0,0.1428571,0.0,0.0,0.0833333333333333
SOM,2013,0.0,0.0,0.0,0.1428571,0.0,0.0,0.0833333333333333
SOM,2014,0.0,0.0,0.0,0.1428571,0.0,0.0,0.0833333333333333
SOM,2015,0.0,0.0,0.0625,0.1428571,0.0,0.0,0.0833333333333333
SOM,2016,0.0,0.0,0.0625,0.1428571,0.0,0.0,0.0833333333333333
SOM,2017,0.0,0.0,0.125,0.1428571,0.0,0.0,0.0648148148148148
SOM,2018,0.0,0.0,0.125,0.1428571,0.0,0.0,0.0555555555555555
SOM,2019,0.0,0.0,0.125,0.1428571,0.0,0.0,0.0555555555555555
SOM,2020,0.0,0.0,0.125,0.1428571,0.0,0.0,0.0555555555555555
SOM,2021,0.0,0.0,0.0,0.1428571,0.0,0.0,0.0555555555555555
SOM,2022,0.0,0.0,0.0625,0.1428571,0.0,0.0,0.0555555555555555
SOM,2023,0.0,0.0,0.0625,0.1428571,0.0,0.0,0.0555555555555555
SOM,2024,0.0,0.0,0.0,0.1428571,0.0,0.0,0.0555555555555555
SRB,1996,0.0,0.25,0.0625,0.2857143,0.15,0.125,
SRB,1998,0.0,0.0,0.0,0.2857143,0.15,0.125,
SRB,2000,0.125,0.0,0.125,0.25,0.175,0.125,
SRB,2002,0.0,0.0,0.4375,0.25,0.09999999999999999,0.125,
SRB,2003,0.0,0.0,0.4375,0.25,0.09999999999999999,0.125,
SRB,2004,0.0,0.25,0.375,0.2857143,0.125,0.125,
SRB,2005,0.0,0.25,0.3125,0.2857143,0.125,0.125,
SRB,2006,0.25,0.25,0.3125,0.4285714,0.375,0.4706667,0.4722222222222222
SRB,2007,0.25,0.25,0.375,0.4285714,0.375,0.4706667,0.4722222222222222
SRB,2008,0.25,0.25,0.375,0.4285714,0.375,0.4663333,0.4722222222222222
SRB,2009,0.25,0.25,0.375,0.4285714,0.39999999999999997,0.5496667,0.4722222222222222
SRB,2010,0.25,0.25,0.375,0.4285714,0.39999999999999997,0.5443333,0.4722222222222222
SRB,2011,0.25,0.25,0.375,0.4285714,0.39999999999999997,0.5443333,0.4722222222222222
SRB,2012,0.25,0.25,0.375,0.4285714,0.39999999999999997,0.5443333,0.4722222222222222
SRB,2013,0.25,0.25,0.5,0.39285709999999996,0.475,0.639,0.4722222222222222
SRB,2014,0.25,0.25,0.5,0.5357143,0.5,0.6403333,0.4722222222222222
SRB,2015,0.25,0.25,0.6875,0.5714286,0.575,0.6403333,0.4722222222222222
SRB,2016,0.25,0.25,0.625,0.5714286,0.5499999999999999,0.6356666999999999,0.4722222222222222
SRB,2017,0.25,0.25,0.625,0.5714286,0.525,0.6303333,0.4722222222222222
SRB,2018,0.25,0.25,0.625,0.5714286,0.525,0.6303333,0.4722222222222222
SRB,2019,0.25,0.25,0.625,0.5714286,0.525,0.6303333,0.4722222222222222
SRB,2020,0.25,0.25,0.5625,0.5714286,0.525,0.624,0.4722222222222222
SRB,2021,0.25,0.25,0.5625,0.5714286,0.525,0.6286667,0.4722222222222222
SRB,2022,0.25,0.25,0.5,0.5714286,0.525,0.6276667,0.4722222222222222
SRB,2023,0.25,0.25,0.6875,0.5714286,0.5499999999999999,0.6276667,0.4722222222222222
SRB,2024,0.25,0.25,0.6875,0.5714286,0.5499999999999999,0.6253333,0.4722222222222222
SSD,2011,,,,,,,
SSD,2012,,,,,,,
SSD,2013,,,,,,,
SSD,2014,0.0,0.1666667,0.1666667,0.22222219999999998,0.22222219999999998,,
SSD,2015,0.40224889999999996,0.2140338,0.27777779999999996,0.22222219999999998,0.5949591,0.426652,
SSD,2016,0.319812,0.1768069,0.27777779999999996,0.1666667,0.5622878,0.4764284,
SSD,2017,0.316017,0.23156369999999998,0.22222219999999998,0.11111109999999999,0.5445582999999999,0.3729539,
SSD,2018,0.0,0.1666667,0.27777779999999996,0.11111109999999999,0.22222219999999998,,
SSD,2019,0.0,0.1666667,0.22222219999999998,0.1666667,0.22222219999999998,,
SSD,2020,0.0,0.1666667,0.3888889,0.1666667,0.22222219999999998,,
SSD,2021,0.0,0.1666667,0.3333333,0.1666667,0.22222219999999998,,
SSD,2022,0.0,0.1666667,0.3333333,0.1666667,0.22222219999999998,,
SSD,2023,0.0,0.1666667,0.3888889,0.1666667,0.22222219999999998,,
SSD,2024,0.0,0.1666667,0.3888889,0.1666667,0.22222219999999998,,
STP,1996,0.5,0.375,0.875,0.4166667,0.625,0.4375,
STP,1997,,,,,,,
STP,1998,0.5,0.375,0.875,0.4166667,0.625,0.4375,
STP,1999,,,,,,,
STP,2000,0.5,0.375,0.875,0.4166667,0.625,0.4375,
STP,2001,,,,,,,
STP,2002,0.5,0.375,0.8125,0.5,0.5,0.4375,
STP,2003,0.375,0.375,0.6875,0.4583333,0.5,0.375,
STP,2004,0.3131313,0.38383839999999997,0.6969696999999999,0.3905724,0.530303,0.38383839999999997,
STP,2005,0.25,0.375,0.75,0.4166667,0.5,0.375,
STP,2006,0.125,0.0,0.5625,0.2857143,0.39999999999999997,0.5,
STP,2007,0.1875,0.125,0.59375,0.3035714,0.4375,0.5,
STP,2008,0.25,0.25,0.625,0.3214286,0.475,0.5,
STP,2009,0.25,0.25,0.625,0.3214286,0.35,0.5,
STP,2010,0.25,0.25,0.5,0.3214286,0.35,0.5,
STP,2011,0.25,0.25,0.4375,0.3214286,0.35,0.5,
STP,2012,0.25,0.25,0.4375,0.3214286,0.35,0.5,
STP,2013,0.25,0.25,0.5,0.3571429,0.35,0.5,
STP,2014,0.25,0.25,0.5,0.3571429,0.35,0.5,
STP,2015,0.25,0.25,0.5,0.3571429,0.35,0.5,
STP,2016,0.25,0.25,0.5,0.3571429,0.35,0.5,
STP,2017,0.375,0.25,0.5,0.3214286,0.35,0.5,
STP,2018,0.375,0.25,0.5,0.3214286,0.35,0.5,
STP,2019,0.375,0.25,0.5625,0.3214286,0.35,0.5,
STP,2020,0.375,0.25,0.5,0.3214286,0.35,0.5,
STP,2021,0.5,0.25,0.5625,0.3214286,0.35,0.5,
STP,2022,0.5,0.25,0.5625,0.2857143,0.375,0.5,
STP,2023,0.5,0.25,0.5625,0.25,0.375,0.5,
STP,2024,0.5,0.25,0.5625,0.25,0.375,0.5,
SUR,1996,0.5,0.25,0.7676767999999999,0.36363639999999997,0.5,0.5,0.4166666666666667
SUR,1997,,,,,,,0.4513888888888889
SUR,1998,0.5,0.5,0.7373737,0.4545455,0.5,0.5833332999999999,0.5
SUR,1999,,,,,,,0.5
SUR,2000,0.5,0.5,0.6464646,0.36363639999999997,0.5,0.6666667,0.5
SUR,2001,,,,,,,0.4907407407407407
SUR,2002,0.3333333,0.5,0.7373737,0.40178569999999997,0.46428569999999997,0.6666667,0.4444444444444444
SUR,2003,0.3333333,0.5,0.7525253,0.40178569999999997,0.46428569999999997,0.6666667,0.4444444444444444
SUR,2004,0.3333333,0.5,0.7373737,0.40178569999999997,0.5357143,0.6666667,0.4444444444444444
SUR,2005,0.3333333,0.5,0.6616162,0.5357143,0.5357143,0.7083332999999999,0.4444444444444444
SUR,2006,0.4366015,0.2988889,0.6444443999999999,0.36504179999999997,0.4498096,0.652,0.4444444444444444
SUR,2007,0.3950711,0.2910798,0.7198068,0.4021843,0.46582369999999995,0.652,0.4444444444444444
SUR,2008,0.4083738,0.3773585,0.7852564,0.4137558,0.48496859999999997,0.6579999999999999,0.4444444444444444
SUR,2009,0.25,0.25,0.625,0.46428569999999997,0.525,0.5526667,0.4444444444444444
SUR,2010,0.25,0.25,0.625,0.46428569999999997,0.525,0.5549999999999999,0.4444444444444444
SUR,2011,0.25,0.25,0.625,0.46428569999999997,0.525,0.5549999999999999,0.4444444444444444
SUR,2012,0.25,0.25,0.625,0.46428569999999997,0.525,0.5549999999999999,0.4444444444444444
SUR,2013,0.25,0.25,0.625,0.46428569999999997,0.525,0.5589999999999999,0.4444444444444444
SUR,2014,0.25,0.25,0.625,0.46428569999999997,0.525,0.5589999999999999,0.4444444444444444
SUR,2015,0.25,0.25,0.625,0.46428569999999997,0.525,0.5589999999999999,0.4444444444444444
SUR,2016,0.25,0.25,0.625,0.46428569999999997,0.525,0.5589999999999999,0.4444444444444444
SUR,2017,0.25,0.25,0.625,0.4285714,0.525,0.5586667,0.4560185185185185
SUR,2018,0.25,0.25,0.625,0.39285709999999996,0.525,0.566,0.4722222222222222
SUR,2019,0.25,0.25,0.6875,0.39285709999999996,0.525,0.566,0.4722222222222222
SUR,2020,0.25,0.25,0.5,0.39285709999999996,0.5,0.5606667,0.4490740740740741
SUR,2021,0.25,0.25,0.5,0.39285709999999996,0.5,0.5606667,0.4444444444444444
SUR,2022,0.25,0.25,0.5,0.39285709999999996,0.5,0.565,0.4444444444444444
SUR,2023,0.25,0.25,0.5,0.3571429,0.5,0.5626667,0.4444444444444444
SUR,2024,0.25,0.25,0.5625,0.3571429,0.5,0.5596667,0.4444444444444444
SVK,1996,0.5,0.5,0.75,0.46428569999999997,0.5499999999999999,0.625,0.7916666666666666
SVK,1997,,,,,,,0.71875
SVK,1998,0.5,0.5,0.75,0.5,0.575,0.625,0.7037037037037037
SVK,1999,,,,,,,0.75
SVK,2000,0.375,0.25,0.625,0.5357143,0.5499999999999999,0.5,0.7268518518518517
SVK,2001,,,,,,,0.6805555555555555
SVK,2002,0.375,0.25,0.8125,0.6071428999999999,0.575,0.625,0.611111111111111
SVK,2003,0.5,0.25,0.8125,0.6428571,0.6,0.625,0.611111111111111
SVK,2004,0.5,0.5,0.8125,0.7142856999999999,0.625,0.625,0.611111111111111
SVK,2005,0.5,0.5,0.8125,0.7142856999999999,0.625,0.625,0.611111111111111
SVK,2006,0.5,0.5,0.8125,0.6428571,0.65,0.7466667,0.611111111111111
SVK,2007,0.5,0.5,0.8125,0.625,0.65,0.7466667,0.611111111111111
SVK,2008,0.5,0.5,0.8125,0.6428571,0.6749999999999999,0.7443333,0.611111111111111
SVK,2009,0.375,0.5,0.8125,0.6428571,0.65,0.7443333,0.611111111111111
SVK,2010,0.5,0.5,0.8125,0.6785713999999999,0.6749999999999999,0.745,0.611111111111111
SVK,2011,0.5,0.5,0.8125,0.7142856999999999,0.7,0.745,0.611111111111111
SVK,2012,0.5,0.5,0.8125,0.7142856999999999,0.7,0.745,0.611111111111111
SVK,2013,0.5,0.5,0.8125,0.7142856999999999,0.7,0.745,0.611111111111111
SVK,2014,0.5,0.5,0.8125,0.7142856999999999,0.7,0.745,0.6134259259259259
SVK,2015,0.5,0.5,0.8125,0.7142856999999999,0.7,0.743,0.6388888888888888
SVK,2016,0.5,0.5,0.8125,0.7857143,0.7,0.743,0.6388888888888888
SVK,2017,0.5,0.5,0.8125,0.7857143,0.7,0.7386667,0.6388888888888888
SVK,2018,0.625,0.5,0.75,0.75,0.7,0.7366667,0.6527777777777778
SVK,2019,0.625,0.5,0.75,0.75,0.7,0.739,0.6666666666666666
SVK,2020,0.5,0.75,0.75,0.6428571,0.725,0.7323333,0.6666666666666666
SVK,2021,0.5,0.75,0.75,0.6428571,0.725,0.7343333,0.6342592592592592
SVK,2022,0.5,0.75,0.75,0.7142856999999999,0.7,0.6523333,0.611111111111111
SVK,2023,0.5,0.5,0.8125,0.6785713999999999,0.725,0.7356667,0.611111111111111
SVK,2024,0.375,0.5,0.875,0.5357143,0.75,0.6569999999999999,0.6018518518518519
SVN,1996,0.75,0.75,0.8125,0.6785713999999999,0.7999999999999999,0.875,
SVN,1997,,,,,,,
SVN,1998,0.75,0.5,0.75,0.6785713999999999,0.7999999999999999,0.875,
SVN,1999,,,,,,,0.75
SVN,2000,0.625,0.5,0.75,0.6785713999999999,0.7749999999999999,0.75,0.75
SVN,2001,,,,,,,0.7407407407407408
SVN,2002,0.5,0.5,0.8125,0.6785713999999999,0.7999999999999999,0.875,0.6805555555555555
SVN,2003,0.5,0.5,0.8125,0.6785713999999999,0.7999999999999999,0.875,0.6666666666666666
SVN,2004,0.5,0.5,0.75,0.7142856999999999,0.825,0.875,0.6666666666666666
SVN,2005,0.5,0.5,0.75,0.6785713999999999,0.825,0.875,0.6666666666666666
SVN,2006,0.5,0.5,0.8125,0.6785713999999999,0.825,0.8486667,0.6666666666666666
SVN,2007,0.5625,0.5,0.8125,0.6964286,0.825,0.8486667,0.6666666666666666
SVN,2008,0.5,0.75,0.8125,0.7142856999999999,0.7999999999999999,0.7653333,0.6666666666666666
SVN,2009,0.5,0.75,0.75,0.7142856999999999,0.7999999999999999,0.7653333,0.6666666666666666
SVN,2010,0.5,0.75,0.75,0.7142856999999999,0.825,0.8396667,0.6666666666666666
SVN,2011,0.5,0.75,0.75,0.7142856999999999,0.825,0.842,0.6666666666666666
SVN,2012,0.5,0.75,0.75,0.7142856999999999,0.825,0.846,0.6851851851851851
SVN,2013,0.5,0.75,0.75,0.7142856999999999,0.825,0.846,0.6944444444444445
SVN,2014,0.5,0.75,0.75,0.7142856999999999,0.825,0.8356667,0.6944444444444445
SVN,2015,0.5,0.75,0.75,0.7142856999999999,0.825,0.8356667,0.6944444444444445
SVN,2016,0.5,0.75,0.75,0.75,0.825,0.8336667,0.7256944444444445
SVN,2017,0.5,0.75,0.75,0.7142856999999999,0.825,0.8333332999999999,0.7361111111111112
SVN,2018,0.5,0.75,0.75,0.7142856999999999,0.825,0.8333332999999999,0.7361111111111112
SVN,2019,0.5,0.75,0.75,0.7142856999999999,0.825,0.8333332999999999,0.7361111111111112
SVN,2020,0.5,0.75,0.75,0.75,0.825,0.8346667,0.7361111111111112
SVN,2021,0.5,0.75,0.75,0.7142856999999999,0.825,0.8346667,0.7199074074074074
SVN,2022,0.5,0.75,0.75,0.6785713999999999,0.825,0.8416667,0.7268518518518517
SVN,2023,0.5,0.75,0.75,0.6785713999999999,0.825,0.8416667,0.7199074074074074
SVN,2024,0.5,0.75,0.75,0.7142856999999999,0.825,0.844,0.7083333333333334
SWE,1996,1.0,1.0,1.0,0.8214286,1.0,1.0,1.0
SWE,1997,,,,,,,1.0
SWE,1998,1.0,1.0,1.0,0.8214286,1.0,1.0,1.0
SWE,1999,,,,,,,1.0
SWE,2000,1.0,1.0,1.0,0.8214286,1.0,1.0,1.0
SWE,2001,,,,,,,0.9953703703703703
SWE,2002,1.0,1.0,1.0,0.8214286,1.0,1.0,0.9722222222222222
SWE,2003,0.875,1.0,1.0,0.8214286,1.0,1.0,0.9722222222222222
SWE,2004,0.875,1.0,1.0,0.8571428999999999,1.0,1.0,0.9444444444444444
SWE,2005,0.875,1.0,1.0,0.8571428999999999,1.0,1.0,0.9444444444444444
SWE,2006,0.875,1.0,0.9375,0.8571428999999999,0.975,0.996,0.9444444444444444
SWE,2007,0.875,1.0,0.96875,0.8571428999999999,0.975,0.996,0.9444444444444444
SWE,2008,0.875,1.0,1.0,0.8571428999999999,0.975,0.996,0.9444444444444444
SWE,2009,0.875,1.0,0.9375,0.8214286,0.95,0.9126666999999999,0.9444444444444444
SWE,2010,0.875,1.0,0.9375,0.8214286,0.95,0.8999999999999999,0.9444444444444444
SWE,2011,0.875,1.0,0.9375,0.8214286,0.95,0.8999999999999999,0.9444444444444444
SWE,2012,0.875,1.0,0.9375,0.8214286,0.95,0.9076666999999999,0.9629629629629628
SWE,2013,0.875,1.0,0.9375,0.8214286,0.95,0.9076666999999999,0.9722222222222222
SWE,2014,0.875,1.0,0.9375,0.7857143,0.95,0.9076666999999999,0.9722222222222222
SWE,2015,0.875,1.0,0.9375,0.8571428999999999,0.975,0.8983333,0.9722222222222222
SWE,2016,0.875,1.0,0.9375,0.8214286,0.975,0.8963333,0.9722222222222222
SWE,2017,0.875,1.0,0.9375,0.8214286,0.975,0.8963333,0.9722222222222222
SWE,2018,0.875,1.0,0.9375,0.8214286,0.95,0.8963333,0.9467592592592592
SWE,2019,0.875,1.0,0.9375,0.8214286,0.95,0.8963333,0.9444444444444444
SWE,2020,0.875,1.0,0.9375,0.8214286,0.95,0.892,0.9444444444444444
SWE,2021,0.875,1.0,0.9375,0.8214286,0.95,0.892,0.9351851851851852
SWE,2022,0.875,1.0,0.9375,0.8214286,0.95,0.8963333,0.9166666666666666
SWE,2023,0.875,1.0,0.875,0.8214286,0.9249999999999999,0.8963333,0.9120370370370372
SWE,2024,0.875,1.0,0.875,0.8214286,0.9249999999999999,0.8963333,0.8888888888888888
SWZ,1996,0.5,0.5,0.625,0.375,0.3125,0.1875,
SWZ,1997,,,,,,,
SWZ,1998,0.5,0.5,0.625,0.375,0.3125,0.1875,
SWZ,1999,,,,,,,
SWZ,2000,0.5,0.5,0.625,0.375,0.3125,0.1875,
SWZ,2001,,,,,,,
SWZ,2002,0.5,0.5,0.625,0.4583333,0.3125,0.1875,
SWZ,2003,0.5,0.375,0.625,0.4583333,0.375,0.1875,
SWZ,2004,0.5050505,0.38383839999999997,0.6464646,0.4713805,0.4191919,0.2676768,
SWZ,2005,0.5,0.375,0.625,0.4583333,0.375,0.25,
SWZ,2006,0.5,0.25,0.5,0.46428569999999997,0.425,0.3476667,
SWZ,2007,0.5,0.25,0.5,0.46428569999999997,0.425,0.3476667,
SWZ,2008,0.5,0.25,0.5,0.46428569999999997,0.425,0.35133329999999996,
SWZ,2009,0.5,0.25,0.5,0.46428569999999997,0.425,0.35133329999999996,
SWZ,2010,0.375,0.25,0.5,0.46428569999999997,0.39999999999999997,0.2633333,
SWZ,2011,0.375,0.25,0.25,0.46428569999999997,0.39999999999999997,0.2753333,
SWZ,2012,0.375,0.25,0.25,0.46428569999999997,0.39999999999999997,0.2733333,
SWZ,2013,0.375,0.25,0.3125,0.46428569999999997,0.39999999999999997,0.2733333,
SWZ,2014,0.375,0.25,0.3125,0.46428569999999997,0.39999999999999997,0.2696667,
SWZ,2015,0.375,0.25,0.375,0.5,0.44999999999999996,0.2696667,
SWZ,2016,0.375,0.25,0.375,0.5,0.44999999999999996,0.2676667,
SWZ,2017,0.375,0.25,0.375,0.5,0.44999999999999996,0.2676667,
SWZ,2018,0.375,0.25,0.375,0.5,0.44999999999999996,0.2676667,
SWZ,2019,0.375,0.25,0.375,0.5,0.39999999999999997,0.2713333,
SWZ,2020,0.375,0.25,0.375,0.5,0.39999999999999997,0.2693333,
SWZ,2021,0.25,0.25,0.375,0.5357143,0.39999999999999997,0.2693333,
SWZ,2022,0.25,0.25,0.375,0.4285714,0.39999999999999997,0.267,
SWZ,2023,0.25,0.25,0.3125,0.4285714,0.39999999999999997,0.2593333,
SWZ,2024,0.25,0.25,0.3125,0.4285714,0.39999999999999997,0.2533333,
SYC,1996,0.75,0.75,0.875,0.625,0.8125,0.5625,
SYC,1997,,,,,,,
SYC,1998,0.75,0.75,0.875,0.625,0.8125,0.5625,
SYC,1999,,,,,,,
SYC,2000,0.75,0.75,0.9375,0.625,0.8125,0.5625,
SYC,2001,,,,,,,
SYC,2002,0.75,0.75,0.9375,0.6666667,0.8125,0.6875,
SYC,2003,0.75,0.75,0.8125,0.7083332999999999,0.8125,0.6875,
SYC,2004,0.375,0.5,0.8125,0.2857143,0.625,0.75,
SYC,2005,0.375,0.5,0.8125,0.2857143,0.625,0.75,
SYC,2006,0.375,0.5,0.8125,0.2857143,0.575,0.75,
SYC,2007,0.375,0.5,0.8125,0.3214286,0.5625,0.6875,
SYC,2008,0.375,0.5,0.8125,0.3214286,0.5499999999999999,0.625,
SYC,2009,0.375,0.5,0.8125,0.4285714,0.5,0.625,
SYC,2010,0.375,0.5,0.875,0.5,0.5,0.625,
SYC,2011,0.375,0.5,0.875,0.46428569999999997,0.5,0.625,
SYC,2012,0.375,0.5,0.875,0.46428569999999997,0.5,0.625,
SYC,2013,0.375,0.5,0.875,0.46428569999999997,0.5,0.625,
SYC,2014,0.375,0.5,0.875,0.46428569999999997,0.525,0.625,
SYC,2015,0.5,0.5,0.8125,0.5714286,0.5499999999999999,0.625,
SYC,2016,0.5,0.5,0.8125,0.5714286,0.5499999999999999,0.625,
SYC,2017,0.5,0.5,0.8125,0.6071428999999999,0.5499999999999999,0.625,
SYC,2018,0.5,0.5,0.75,0.6071428999999999,0.5499999999999999,0.625,
SYC,2019,0.625,0.5,0.75,0.6071428999999999,0.5499999999999999,0.625,
SYC,2020,0.625,0.5,0.75,0.6071428999999999,0.5499999999999999,0.625,
SYC,2021,0.625,0.5,0.75,0.6071428999999999,0.5499999999999999,0.625,
SYC,2022,0.625,0.5,0.75,0.6428571,0.575,0.625,
SYC,2023,0.625,0.5,0.75,0.6428571,0.575,0.625,
SYC,2024,0.625,0.5,0.75,0.6428571,0.575,0.625,
SYR,1996,0.0,0.0,0.375,0.3214286,0.3,0.125,0.6666666666666666
SYR,1997,,,,,,,0.6319444444444444
SYR,1998,0.0,0.0,0.375,0.2142857,0.3,0.125,0.5833333333333334
SYR,1999,,,,,,,0.5833333333333334
SYR,2000,0.0,0.0,0.375,0.2142857,0.3,0.125,0.5185185185185185
SYR,2001,,,,,,,0.4722222222222222
SYR,2002,0.125,0.0,0.5625,0.25,0.375,0.25,0.4722222222222222
SYR,2003,0.0,0.0,0.5625,0.2142857,0.35,0.125,0.4722222222222222
SYR,2004,0.0,0.0,0.5,0.2142857,0.35,0.125,0.4722222222222222
SYR,2005,0.0,0.0,0.4375,0.2142857,0.375,0.25,0.4722222222222222
SYR,2006,0.125,0.25,0.5,0.25,0.325,0.162,0.4722222222222222
SYR,2007,0.125,0.25,0.5,0.2678571,0.325,0.162,0.4722222222222222
SYR,2008,0.0,0.25,0.5,0.2857143,0.35,0.156,0.5
SYR,2009,0.0,0.25,0.5,0.4285714,0.39999999999999997,0.2393333,0.513888888888889
SYR,2010,0.0,0.25,0.5,0.4285714,0.39999999999999997,0.24366669999999999,0.513888888888889
SYR,2011,0.0,0.25,0.0625,0.4285714,0.325,0.14966669999999999,0.4953703703703704
SYR,2012,0.0,0.25,0.0,0.2142857,0.125,0.054333299999999994,0.4675925925925925
SYR,2013,0.0,0.0,0.0,0.2142857,0.024999999999999998,0.062,0.4583333333333333
SYR,2014,0.0,0.0,0.0,0.2142857,0.024999999999999998,0.057999999999999996,0.4560185185185185
SYR,2015,0.0,0.0,0.0,0.2857143,0.024999999999999998,0.0476667,0.4305555555555555
SYR,2016,0.0,0.0,0.0,0.2142857,0.0,0.0476667,0.4305555555555555
SYR,2017,0.0,0.0,0.0,0.2142857,0.0,0.0476667,0.4305555555555555
SYR,2018,0.0,0.0,0.0,0.2142857,0.0,0.0476667,0.4305555555555555
SYR,2019,0.0,0.0,0.0,0.2142857,0.0,0.0476667,0.4305555555555555
SYR,2020,0.0,0.0,0.0,0.1785714,0.0,0.0476667,0.4305555555555555
SYR,2021,0.0,0.0,0.0,0.1785714,0.0,0.0476667,0.4027777777777777
SYR,2022,0.0,0.0,0.0,0.1785714,0.0,0.0476667,0.4027777777777777
SYR,2023,0.0,0.0,0.0,0.1785714,0.0,0.0476667,0.4027777777777777
SYR,2024,0.0,0.0,0.0,0.1785714,0.0,0.044,0.4027777777777777
TCD,1996,0.25,0.375,0.4375,0.2916667,0.375,0.25,
TCD,1997,,,,,,,
TCD,1998,0.25,0.375,0.4375,0.2916667,0.375,0.25,
TCD,1999,,,,,,,
TCD,2000,0.25,0.375,0.375,0.2916667,0.375,0.25,
TCD,2001,,,,,,,
TCD,2002,0.25,0.375,0.25,0.2916667,0.375,0.25,
TCD,2003,0.1875249,0.0912698,0.44,0.322395,0.2518006,0.2627175,
TCD,2004,0.2325826,0.114366,0.6607143,0.38089829999999997,0.2323742,0.3721892,
TCD,2005,0.2383882,0.1397083,0.6135986999999999,0.3369913,0.2413813,0.306879,
TCD,2006,0.125,0.0,0.25,0.2857143,0.22499999999999998,0.1383333,
TCD,2007,0.125,0.0,0.21875,0.2678571,0.22499999999999998,0.1383333,
TCD,2008,0.0,0.0,0.1875,0.25,0.19999999999999998,0.21733329999999998,
TCD,2009,0.0,0.0,0.25,0.2857143,0.175,0.21733329999999998,
TCD,2010,0.0,0.0,0.4375,0.2857143,0.15,0.13399999999999998,
TCD,2011,0.0,0.0,0.375,0.2857143,0.15,0.1373333,
TCD,2012,0.0,0.0,0.375,0.2857143,0.15,0.1373333,
TCD,2013,0.0,0.0,0.375,0.2857143,0.15,0.1333333,
TCD,2014,0.0,0.0,0.375,0.2857143,0.15,0.1333333,
TCD,2015,0.0,0.0,0.4375,0.2857143,0.15,0.1333333,
TCD,2016,0.0,0.0,0.4375,0.2857143,0.15,0.1333333,
TCD,2017,0.0,0.0,0.4375,0.2857143,0.19999999999999998,0.1333333,
TCD,2018,0.0,0.0,0.3125,0.2857143,0.19999999999999998,0.13699999999999998,
TCD,2019,0.0,0.0,0.3125,0.2857143,0.19999999999999998,0.13699999999999998,
TCD,2020,0.0,0.0,0.3125,0.2857143,0.19999999999999998,0.13499999999999998,
TCD,2021,0.0,0.0,0.3125,0.2857143,0.19999999999999998,0.13899999999999998,
TCD,2022,0.0,0.0,0.25,0.3214286,0.19999999999999998,0.13899999999999998,
TCD,2023,0.0,0.0,0.1875,0.3214286,0.19999999999999998,0.13899999999999998,
TCD,2024,0.0,0.0,0.1875,0.3214286,0.19999999999999998,0.1463333,
TGO,1996,0.3333333,0.25,0.5353534999999999,0.4545455,0.5,0.3333333,0.3611111111111111
TGO,1997,,,,,,,0.3263888888888889
TGO,1998,0.3333333,0.0,0.5656566,0.4545455,0.5,0.25,0.2777777777777777
TGO,1999,,,,,,,0.2777777777777777
TGO,2000,0.3333333,0.0,0.5656566,0.4545455,0.5,0.25,0.2777777777777777
TGO,2001,,,,,,,0.2777777777777777
TGO,2002,0.25,0.0,0.5959595999999999,0.5892857,0.5357143,0.25,0.2731481481481481
TGO,2003,0.25,0.0,0.5353534999999999,0.5892857,0.5357143,0.25,0.25
TGO,2004,0.25,0.0,0.5959595999999999,0.5892857,0.5357143,0.25,0.25
TGO,2005,0.25,0.0,0.5959595999999999,0.5892857,0.5357143,0.1666667,0.25
TGO,2006,0.0,0.0,0.3125,0.4285714,0.325,0.3083333,0.25
TGO,2007,0.0,0.0,0.375,0.3214286,0.3,0.22499999999999998,0.25
TGO,2008,0.0,0.0,0.5,0.3214286,0.35,0.33099999999999996,0.25
TGO,2009,0.0,0.0,0.5,0.3214286,0.325,0.2476667,0.25
TGO,2010,0.125,0.0,0.5,0.3571429,0.35,0.365,0.2708333333333333
TGO,2011,0.125,0.0,0.5,0.3571429,0.375,0.4483333,0.2777777777777777
TGO,2012,0.125,0.0,0.3125,0.3571429,0.325,0.2816667,0.2592592592592592
TGO,2013,0.125,0.0,0.3125,0.2857143,0.325,0.2816667,0.25
TGO,2014,0.125,0.0,0.3125,0.2857143,0.325,0.2816667,0.2523148148148148
TGO,2015,0.25,0.0,0.375,0.2857143,0.35,0.2803333,0.2777777777777777
TGO,2016,0.25,0.0,0.375,0.2857143,0.35,0.2773333,0.2777777777777777
TGO,2017,0.25,0.0,0.25,0.2857143,0.35,0.2683333,0.2777777777777777
TGO,2018,0.25,0.0,0.25,0.2857143,0.35,0.26999999999999996,0.2777777777777777
TGO,2019,0.25,0.0,0.3125,0.2857143,0.35,0.2766667,0.2777777777777777
TGO,2020,0.25,0.0,0.3125,0.3571429,0.325,0.26,0.2777777777777777
TGO,2021,0.25,0.0,0.375,0.3571429,0.325,0.26,0.2777777777777777
TGO,2022,0.25,0.0,0.375,0.3571429,0.325,0.2663333,0.2777777777777777
TGO,2023,0.25,0.0,0.3125,0.3571429,0.325,0.2663333,0.2777777777777777
TGO,2024,0.25,0.0,0.375,0.3571429,0.325,0.2663333,0.2777777777777777
THA,1996,0.375,0.5,0.6875,0.5714286,0.625,0.625,0.7256944444444445
THA,1997,,,,,,,0.6550925925925926
THA,1998,0.375,0.5,0.5625,0.5357143,0.6749999999999999,0.625,0.5555555555555556
THA,1999,,,,,,,0.5833333333333334
THA,2000,0.375,0.5,0.6875,0.5357143,0.6749999999999999,0.625,0.5694444444444445
THA,2001,,,,,,,0.5370370370370371
THA,2002,0.125,0.25,0.6875,0.5,0.5499999999999999,0.625,0.5277777777777778
THA,2003,0.0,0.25,0.5625,0.46428569999999997,0.425,0.375,0.4143518518518518
THA,2004,0.0,0.25,0.5,0.46428569999999997,0.39999999999999997,0.375,0.3888888888888889
THA,2005,0.0,0.25,0.4375,0.4285714,0.375,0.375,0.3888888888888889
THA,2006,0.0,0.25,0.1875,0.4285714,0.325,0.2723333,0.3888888888888889
THA,2007,0.25,0.25,0.1875,0.4285714,0.325,0.2723333,0.3888888888888889
THA,2008,0.25,0.25,0.25,0.4285714,0.325,0.3103333,0.4004629629629629
THA,2009,0.375,0.25,0.3125,0.4285714,0.325,0.3103333,0.4166666666666667
THA,2010,0.375,0.25,0.3125,0.4285714,0.325,0.3016667,0.4166666666666667
THA,2011,0.375,0.25,0.3125,0.4285714,0.325,0.3016667,0.4166666666666667
THA,2012,0.375,0.25,0.3125,0.4285714,0.325,0.3016667,0.4166666666666667
THA,2013,0.375,0.25,0.3125,0.5,0.375,0.2916667,0.4166666666666667
THA,2014,0.375,0.25,0.25,0.5,0.39999999999999997,0.263,0.4166666666666667
THA,2015,0.25,0.25,0.3125,0.5,0.39999999999999997,0.253,0.4166666666666667
THA,2016,0.25,0.25,0.3125,0.5357143,0.44999999999999996,0.24733329999999998,0.4166666666666667
THA,2017,0.25,0.25,0.375,0.5357143,0.44999999999999996,0.23766669999999998,0.4166666666666667
THA,2018,0.25,0.25,0.375,0.5357143,0.44999999999999996,0.23766669999999998,0.4166666666666667
THA,2019,0.25,0.25,0.5625,0.5357143,0.525,0.4606667,0.4166666666666667
THA,2020,0.25,0.25,0.375,0.5357143,0.525,0.368,0.4166666666666667
THA,2021,0.25,0.5,0.375,0.5714286,0.525,0.368,0.4166666666666667
THA,2022,0.25,0.5,0.5,0.6071428999999999,0.525,0.38899999999999996,0.4166666666666667
THA,2023,0.25,0.5,0.5,0.6071428999999999,0.575,0.3783333,0.4409722222222221
THA,2024,0.25,0.5,0.5,0.6428571,0.6,0.45899999999999996,0.4583333333333333
TJK,1996,0.125,0.25,0.125,0.125,0.1875,0.125,
TJK,1997,,,,,,,
TJK,1998,0.125,0.25,0.125,0.125,0.1875,0.125,
TJK,1999,,,,,,,
TJK,2000,0.125,0.25,0.1875,0.2083333,0.25,0.1875,
TJK,2001,,,,,,,
TJK,2002,0.25,0.25,0.375,0.2083333,0.375,0.3125,
TJK,2003,0.25,0.25,0.3125,0.2916667,0.375,0.25,
TJK,2004,0.21212119999999998,0.2626263,0.3232323,0.3468013,0.3333333,0.2525253,
TJK,2005,0.3549194,0.2703704,0.47940069999999996,0.3745015,0.3973872,0.42688119999999996,
TJK,2006,0.0,0.0,0.3125,0.1428571,0.125,0.16499999999999998,
TJK,2007,0.0,0.0,0.3125,0.1428571,0.125,0.16499999999999998,
TJK,2008,0.0,0.0,0.3125,0.1428571,0.125,0.16499999999999998,
TJK,2009,0.0,0.0,0.1875,0.1428571,0.125,0.16499999999999998,
TJK,2010,0.0,0.0,0.3125,0.1428571,0.09999999999999999,0.0836667,
TJK,2011,0.0,0.0,0.3125,0.1428571,0.09999999999999999,0.0836667,
TJK,2012,0.0,0.0,0.3125,0.1428571,0.09999999999999999,0.0836667,
TJK,2013,0.0,0.0,0.3125,0.1428571,0.09999999999999999,0.0836667,
TJK,2014,0.0,0.0,0.3125,0.1428571,0.125,0.079,
TJK,2015,0.0,0.0,0.3125,0.1428571,0.125,0.065,
TJK,2016,0.0,0.0,0.3125,0.1428571,0.125,0.063,
TJK,2017,0.0,0.0,0.3125,0.25,0.15,0.0643333,
TJK,2018,0.0,0.0,0.3125,0.25,0.15,0.0643333,
TJK,2019,0.0,0.0,0.3125,0.25,0.15,0.0643333,
TJK,2020,0.0,0.0,0.375,0.25,0.15,0.0646667,
TJK,2021,0.0,0.0,0.375,0.25,0.15,0.0646667,
TJK,2022,0.0,0.0,0.375,0.25,0.15,0.0646667,
TJK,2023,0.0,0.0,0.375,0.25,0.15,0.0646667,
TJK,2024,0.0,0.0,0.4375,0.25,0.15,0.061,
TKM,1996,0.375,0.25,0.75,0.25,0.375,0.25,
TKM,1997,,,,,,,
TKM,1998,0.375,0.25,0.75,0.25,0.375,0.25,
TKM,1999,,,,,,,
TKM,2000,0.375,0.25,0.75,0.25,0.375,0.25,
TKM,2001,,,,,,,
TKM,2002,0.375,0.25,0.6875,0.25,0.375,0.25,
TKM,2003,0.375,0.25,0.75,0.25,0.375,0.25,
TKM,2004,0.2828283,0.2525253,0.6868687,0.2760943,0.3333333,0.23232319999999998,
TKM,2005,0.0,0.0,0.625,0.0,0.09999999999999999,0.0,
TKM,2006,0.0,0.0,0.625,0.0,0.125,0.061,
TKM,2007,0.0,0.0,0.4375,0.0,0.125,0.061,
TKM,2008,0.0,0.0,0.4375,0.0,0.125,0.0573333,
TKM,2009,0.0,0.0,0.4375,0.0,0.125,0.0573333,
TKM,2010,0.0,0.0,0.4375,0.0,0.125,0.0573333,
TKM,2011,0.0,0.0,0.4375,0.0,0.125,0.0573333,
TKM,2012,0.0,0.0,0.4375,0.0,0.125,0.0573333,
TKM,2013,0.0,0.0,0.4375,0.0,0.125,0.0573333,
TKM,2014,0.0,0.0,0.5,0.0,0.125,0.061,
TKM,2015,0.0,0.0,0.5,0.0,0.125,0.061,
TKM,2016,0.0,0.0,0.4375,0.0,0.125,0.061,
TKM,2017,0.0,0.0,0.4375,0.0,0.125,0.0573333,
TKM,2018,0.0,0.0,0.4375,0.0,0.125,0.0573333,
TKM,2019,0.0,0.0,0.4375,0.0,0.15,0.0573333,
TKM,2020,0.0,0.0,0.5625,0.0,0.15,0.0573333,
TKM,2021,0.0,0.0,0.5625,0.0,0.125,0.055333299999999995,
TKM,2022,0.0,0.0,0.5625,0.0,0.125,0.055333299999999995,
TKM,2023,0.0,0.0,0.5625,0.0,0.125,0.055333299999999995,
TKM,2024,0.0,0.0,0.5625,0.0,0.125,0.055333299999999995,
TLS,2002,0.375,0.5,0.4375,0.25,0.3125,0.5,
TLS,2003,0.375,0.375,0.5625,0.25,0.375,0.4375,
TLS,2004,0.40404039999999997,0.48484849999999996,0.6565656999999999,0.2929293,0.3989899,0.4191919,
TLS,2005,0.34440719999999997,0.15920009999999998,0.5611111,0.3613579,0.3681627,0.3414123,
TLS,2006,0.4007539,0.12745099999999998,0.5050505,0.3069387,0.34318109999999996,0.641,
TLS,2007,0.2942188,0.14802869999999999,0.5333333,0.31718019999999997,0.315121,0.641,
TLS,2008,0.3518768,0.1833333,0.4741379,0.3812945,0.4166508,0.722,
TLS,2009,0.0,0.0,0.4375,0.3571429,0.19999999999999998,0.4073333,
TLS,2010,0.0,0.0,0.375,0.3571429,0.19999999999999998,0.4073333,
TLS,2011,0.0,0.0,0.375,0.3571429,0.22499999999999998,0.49066669999999996,
TLS,2012,0.0,0.0,0.5,0.3571429,0.22499999999999998,0.48866669999999995,
TLS,2013,0.125,0.0,0.5,0.3571429,0.22499999999999998,0.4913333,
TLS,2014,0.125,0.0,0.5,0.3214286,0.22499999999999998,0.4913333,
TLS,2015,0.125,0.0,0.5,0.3214286,0.22499999999999998,0.4913333,
TLS,2016,0.125,0.0,0.5,0.3214286,0.22499999999999998,0.4913333,
TLS,2017,0.125,0.0,0.5625,0.3214286,0.22499999999999998,0.48966669999999995,
TLS,2018,0.125,0.0,0.5625,0.3214286,0.22499999999999998,0.48966669999999995,
TLS,2019,0.125,0.0,0.5625,0.3214286,0.22499999999999998,0.48966669999999995,
TLS,2020,0.125,0.0,0.5625,0.3214286,0.22499999999999998,0.48533329999999997,
TLS,2021,0.25,0.0,0.5625,0.3214286,0.22499999999999998,0.48533329999999997,
TLS,2022,0.125,0.0,0.5625,0.3214286,0.22499999999999998,0.48533329999999997,
TLS,2023,0.125,0.0,0.6875,0.3214286,0.22499999999999998,0.48533329999999997,
TLS,2024,0.125,0.0,0.6875,0.3214286,0.22499999999999998,0.48433329999999997,
TON,1996,,,,,,,
TON,1997,,,,,,,
TON,1998,,,,,,,
TON,1999,,,,,,,
TON,2000,,,,,,,
TON,2001,,,,,,,
TON,2002,,,,,,,
TON,2003,,,,,,,
TON,2004,0.5454545,0.40404039999999997,0.8030303,0.44781139999999997,0.5959595999999999,0.469697,
TON,2005,0.25,0.5,0.75,0.5,0.75,0.5,
TON,2006,0.25,0.5,0.75,0.5,0.75,0.5,
TON,2007,0.25,0.5,0.6875,0.5,0.75,0.5625,
TON,2008,0.25,0.5,0.6875,0.5,0.75,0.5625,
TON,2009,0.25,0.5,0.6875,0.5,0.75,0.5625,
TON,2010,0.5,0.5,0.8125,0.5,0.75,0.625,
TON,2011,0.5,0.5,0.875,0.5416667,0.75,0.6875,
TON,2012,0.5,0.5,0.875,0.5416667,0.75,0.625,
TON,2013,0.5,0.5,0.875,0.5416667,0.75,0.625,
TON,2014,0.3333333,0.5833332999999999,0.8888889,0.6111111,0.6666667,,
TON,2015,0.3333333,0.5833332999999999,0.8888889,0.6111111,0.6666667,,
TON,2016,0.3333333,0.5833332999999999,0.8888889,0.6111111,0.6666667,,
TON,2017,0.5,0.6666667,0.8333332999999999,0.6111111,0.7222221999999999,,
TON,2018,0.5,0.6666667,0.8888889,0.6111111,0.6666667,,
TON,2019,0.3333333,0.6666667,0.9444444,0.6666667,0.7222221999999999,,
TON,2020,0.3333333,0.6666667,0.9444444,0.6666667,0.7222221999999999,,
TON,2021,0.3333333,0.6666667,0.9444444,0.6666667,0.7222221999999999,,
TON,2022,0.3333333,0.5,0.9444444,0.6666667,0.7222221999999999,,
TON,2023,0.3333333,0.5,0.9444444,0.6666667,0.7222221999999999,,
TON,2024,0.3333333,0.5,0.9444444,0.6666667,0.7222221999999999,,
TTO,1996,0.625,0.5,0.6875,0.5714286,0.625,0.75,0.5555555555555555
TTO,1997,,,,,,,0.5902777777777777
TTO,1998,0.5,0.5,0.75,0.5714286,0.6,0.625,0.6388888888888888
TTO,1999,,,,,,,0.6388888888888888
TTO,2000,0.375,0.5,0.625,0.5714286,0.575,0.5,0.6388888888888888
TTO,2001,,,,,,,0.6388888888888888
TTO,2002,0.375,0.5,0.5625,0.5357143,0.575,0.5,0.5925925925925926
TTO,2003,0.375,0.5,0.5625,0.5714286,0.525,0.5,0.5023148148148148
TTO,2004,0.375,0.5,0.5625,0.5714286,0.525,0.5,0.4722222222222221
TTO,2005,0.375,0.25,0.5625,0.5714286,0.5499999999999999,0.625,0.4884259259259259
TTO,2006,0.25,0.25,0.5625,0.46428569999999997,0.475,0.5726667,0.5
TTO,2007,0.25,0.25,0.625,0.46428569999999997,0.475,0.5726667,0.5
TTO,2008,0.25,0.25,0.75,0.46428569999999997,0.475,0.5736667,0.5
TTO,2009,0.25,0.25,0.75,0.46428569999999997,0.475,0.5736667,0.5
TTO,2010,0.25,0.25,0.6875,0.46428569999999997,0.475,0.572,0.5
TTO,2011,0.25,0.25,0.6875,0.46428569999999997,0.475,0.572,0.5
TTO,2012,0.25,0.25,0.6875,0.46428569999999997,0.475,0.5663332999999999,0.5
TTO,2013,0.25,0.25,0.6875,0.46428569999999997,0.475,0.5663332999999999,0.4768518518518518
TTO,2014,0.25,0.25,0.6875,0.46428569999999997,0.475,0.5663332999999999,0.4722222222222221
TTO,2015,0.25,0.25,0.6875,0.46428569999999997,0.475,0.57,0.4722222222222221
TTO,2016,0.25,0.25,0.6875,0.46428569999999997,0.475,0.57,0.4722222222222221
TTO,2017,0.25,0.25,0.75,0.46428569999999997,0.5,0.568,0.4722222222222221
TTO,2018,0.25,0.25,0.75,0.46428569999999997,0.5,0.572,0.4722222222222221
TTO,2019,0.375,0.25,0.75,0.46428569999999997,0.5,0.572,0.4722222222222221
TTO,2020,0.375,0.25,0.75,0.46428569999999997,0.5,0.572,0.4930555555555555
TTO,2021,0.25,0.25,0.6875,0.46428569999999997,0.5,0.572,0.5
TTO,2022,0.25,0.25,0.6875,0.46428569999999997,0.5,0.572,0.5
TTO,2023,0.25,0.25,0.6875,0.4285714,0.44999999999999996,0.572,0.4722222222222221
TTO,2024,0.25,0.25,0.6875,0.4285714,0.44999999999999996,0.5696667,0.4722222222222221
TUN,1996,0.25,0.75,0.5,0.39285709999999996,0.39999999999999997,0.25,0.6111111111111112
TUN,1997,,,,,,,0.6111111111111112
TUN,1998,0.25,0.75,0.625,0.39285709999999996,0.39999999999999997,0.25,0.6111111111111112
TUN,1999,,,,,,,0.6111111111111112
TUN,2000,0.25,0.75,0.6875,0.39285709999999996,0.39999999999999997,0.25,0.6111111111111112
TUN,2001,,,,,,,0.6064814814814815
TUN,2002,0.375,0.75,0.375,0.4285714,0.425,0.375,0.5555555555555556
TUN,2003,0.25,0.5,0.625,0.4285714,0.35,0.375,0.5555555555555556
TUN,2004,0.375,0.5,0.4375,0.39285709999999996,0.44999999999999996,0.375,0.5555555555555556
TUN,2005,0.25,0.5,0.4375,0.39285709999999996,0.425,0.25,0.5555555555555556
TUN,2006,0.375,0.5,0.625,0.46428569999999997,0.525,0.2686667,0.5555555555555556
TUN,2007,0.3125,0.5,0.59375,0.4285714,0.5,0.2686667,0.5555555555555556
TUN,2008,0.25,0.5,0.5,0.4285714,0.525,0.3486667,0.5555555555555556
TUN,2009,0.25,0.5,0.5,0.4285714,0.5,0.2653333,0.5555555555555556
TUN,2010,0.25,0.5,0.5625,0.4285714,0.44999999999999996,0.1763333,0.6018518518518519
TUN,2011,0.375,0.5,0.3125,0.3214286,0.425,0.351,0.5648148148148148
TUN,2012,0.375,0.5,0.375,0.3571429,0.425,0.3556667,0.5925925925925926
TUN,2013,0.375,0.25,0.375,0.3571429,0.475,0.5253333,0.5833333333333334
TUN,2014,0.5,0.25,0.4375,0.39285709999999996,0.475,0.5436667,0.5833333333333334
TUN,2015,0.5,0.25,0.4375,0.39285709999999996,0.5,0.5573332999999999,0.5833333333333334
TUN,2016,0.5,0.25,0.375,0.39285709999999996,0.525,0.5466667,0.5833333333333334
TUN,2017,0.5,0.5,0.4375,0.5,0.525,0.4606667,0.5833333333333334
TUN,2018,0.5,0.5,0.375,0.46428569999999997,0.5,0.4636667,0.5833333333333334
TUN,2019,0.375,0.5,0.375,0.46428569999999997,0.5,0.474,0.6006944444444445
TUN,2020,0.375,0.5,0.4375,0.46428569999999997,0.5,0.4696667,0.6527777777777778
TUN,2021,0.375,0.5,0.25,0.46428569999999997,0.5,0.533,0.6087962962962963
TUN,2022,0.375,0.5,0.25,0.46428569999999997,0.5,0.517,0.5555555555555556
TUN,2023,0.375,0.5,0.25,0.4285714,0.475,0.517,0.5254629629629629
TUN,2024,0.375,0.5,0.3125,0.4285714,0.475,0.49033329999999997,0.513888888888889
TUR,1996,0.25,0.25,0.3125,0.46428569999999997,0.375,0.25,0.6064814814814815
TUR,1997,,,,,,,0.5486111111111112
TUR,1998,0.0,0.25,0.1875,0.4285714,0.325,0.125,0.5
TUR,1999,,,,,,,0.4629629629629629
TUR,2000,0.125,0.25,0.375,0.5,0.39999999999999997,0.125,0.5277777777777778
TUR,2001,,,,,,,0.5462962962962963
TUR,2002,0.25,0.25,0.3125,0.5,0.475,0.25,0.5
TUR,2003,0.25,0.25,0.3125,0.5,0.475,0.25,0.5300925925925926
TUR,2004,0.25,0.25,0.375,0.5,0.475,0.25,0.5555555555555556
TUR,2005,0.25,0.25,0.5,0.5,0.5,0.375,0.5555555555555556
TUR,2006,0.375,0.25,0.5625,0.5357143,0.475,0.3566667,0.5555555555555556
TUR,2007,0.375,0.25,0.53125,0.5357143,0.475,0.3566667,0.5555555555555556
TUR,2008,0.375,0.25,0.5,0.5357143,0.475,0.35633329999999996,0.5555555555555556
TUR,2009,0.375,0.25,0.625,0.5357143,0.44999999999999996,0.35633329999999996,0.5555555555555556
TUR,2010,0.375,0.25,0.5,0.5357143,0.44999999999999996,0.3576667,0.5185185185185185
TUR,2011,0.375,0.25,0.5,0.5357143,0.44999999999999996,0.3576667,0.5
TUR,2012,0.375,0.25,0.5,0.5357143,0.44999999999999996,0.3586667,0.5
TUR,2013,0.375,0.25,0.5,0.5357143,0.44999999999999996,0.35433329999999996,0.5
TUR,2014,0.375,0.25,0.5,0.5357143,0.44999999999999996,0.3373333,0.4675925925925925
TUR,2015,0.375,0.25,0.375,0.5357143,0.44999999999999996,0.3373333,0.4722222222222222
TUR,2016,0.375,0.25,0.375,0.5357143,0.44999999999999996,0.3346667,0.4722222222222222
TUR,2017,0.375,0.25,0.375,0.5357143,0.44999999999999996,0.3293333,0.4722222222222222
TUR,2018,0.375,0.25,0.375,0.5357143,0.44999999999999996,0.3123333,0.4583333333333333
TUR,2019,0.375,0.25,0.375,0.5357143,0.44999999999999996,0.303,0.4537037037037037
TUR,2020,0.25,0.25,0.375,0.5357143,0.425,0.316,0.4722222222222222
TUR,2021,0.25,0.25,0.375,0.5357143,0.425,0.31166669999999996,0.4513888888888889
TUR,2022,0.25,0.25,0.375,0.5357143,0.425,0.31166669999999996,0.4444444444444444
TUR,2023,0.25,0.25,0.375,0.5357143,0.425,0.311,0.4444444444444444
TUR,2024,0.25,0.25,0.375,0.5357143,0.425,0.30866669999999996,0.4444444444444444
TUV,1996,,,,,,,
TUV,1997,,,,,,,
TUV,1998,,,,,,,
TUV,1999,,,,,,,
TUV,2000,,,,,,,
TUV,2001,,,,,,,
TUV,2002,,,,,,,
TUV,2003,,,,,,,
TUV,2004,0.6969696999999999,0.3939394,0.8838383999999999,0.4949495,0.7171717,0.5202019999999999,
TUV,2005,0.5,0.5,1.0,0.5833332999999999,0.875,0.625,
TUV,2006,0.5,0.5,1.0,0.5,0.8125,0.5625,
TUV,2007,0.5,0.5,1.0,0.5,0.8125,0.5625,
TUV,2008,0.5,0.5,1.0,0.4166667,0.8125,0.5625,
TUV,2009,0.5,0.5,1.0,0.4166667,0.8125,0.5625,
TUV,2010,0.5,0.5,1.0,0.4166667,0.8125,0.5625,
TUV,2011,0.5,0.5,1.0,0.4166667,0.8125,0.5625,
TUV,2012,0.5,0.5,1.0,0.4166667,0.8125,0.5625,
TUV,2013,0.5,0.5,1.0,0.4166667,0.8125,0.5625,
TUV,2014,0.5,0.4166667,1.0,0.6111111,0.8888889,,
TUV,2015,0.5,0.3333333,1.0,0.6111111,0.8888889,,
TUV,2016,0.5,0.3333333,1.0,0.6111111,0.8888889,,
TUV,2017,0.5,0.4166667,0.9444444,0.5555555999999999,0.8888889,,
TUV,2018,0.5,0.5,1.0,0.6111111,0.8888889,,
TUV,2019,0.6666667,0.5,0.9444444,0.6111111,0.8888889,,
TUV,2020,0.6666667,0.5,0.9444444,0.6111111,0.8888889,,
TUV,2021,0.6666667,0.5,0.9444444,0.6111111,0.8888889,,
TUV,2022,0.6666667,0.5,0.9444444,0.6111111,0.8888889,,
TUV,2023,0.6666667,0.5,0.9444444,0.6111111,0.8888889,,
TUV,2024,0.6666667,0.5,0.9444444,0.6666667,0.8888889,,
TWN,1996,0.5,0.75,0.9375,0.7857143,0.6749999999999999,0.75,0.7916666666666666
TWN,1997,,,,,,,0.6631944444444443
TWN,1998,0.5,0.75,0.875,0.7857143,0.6749999999999999,0.75,0.6388888888888888
TWN,1999,,,,,,,0.6388888888888888
TWN,2000,0.5,0.75,0.8125,0.75,0.6749999999999999,0.75,0.5879629629629629
TWN,2001,,,,,,,0.5925925925925926
TWN,2002,0.625,0.75,0.9375,0.8214286,0.7749999999999999,0.75,0.6388888888888888
TWN,2003,0.625,0.75,0.9375,0.8214286,0.7749999999999999,0.75,0.6388888888888888
TWN,2004,0.625,0.75,0.8125,0.8214286,0.7749999999999999,0.75,0.6620370370370371
TWN,2005,0.625,0.75,0.8125,0.8214286,0.7749999999999999,0.75,0.6944444444444445
TWN,2006,0.5,0.75,0.8125,0.8214286,0.7749999999999999,0.7606666999999999,0.6921296296296297
TWN,2007,0.5,0.75,0.75,0.8214286,0.7749999999999999,0.7606666999999999,0.6666666666666666
TWN,2008,0.5,0.75,0.8125,0.8214286,0.7749999999999999,0.7606666999999999,0.6782407407407408
TWN,2009,0.5,0.75,0.8125,0.8214286,0.7749999999999999,0.7606666999999999,0.6944444444444445
TWN,2010,0.5,0.75,0.8125,0.8214286,0.7749999999999999,0.7506667,0.6944444444444445
TWN,2011,0.5,0.75,0.8125,0.8214286,0.7749999999999999,0.7486667,0.6944444444444445
TWN,2012,0.5,0.75,0.8125,0.7857143,0.7749999999999999,0.7523333,0.6944444444444445
TWN,2013,0.5,0.75,0.8125,0.7857143,0.825,0.8356667,0.6944444444444445
TWN,2014,0.625,0.75,0.75,0.7857143,0.7749999999999999,0.8383333,0.6944444444444445
TWN,2015,0.625,0.75,0.75,0.7857143,0.7749999999999999,0.8443333,0.6944444444444445
TWN,2016,0.625,0.75,0.75,0.7857143,0.7749999999999999,0.843,0.6944444444444445
TWN,2017,0.625,0.75,0.75,0.7857143,0.7749999999999999,0.841,0.7129629629629629
TWN,2018,0.625,0.75,0.75,0.7857143,0.75,0.7576666999999999,0.7222222222222223
TWN,2019,0.625,0.75,0.75,0.7857143,0.75,0.7576666999999999,0.7222222222222223
TWN,2020,0.625,0.75,0.8125,0.7142856999999999,0.7749999999999999,0.7979999999999999,0.7222222222222223
TWN,2021,0.625,0.75,0.8125,0.7142856999999999,0.7749999999999999,0.7996667,0.7222222222222223
TWN,2022,0.625,0.75,0.8125,0.7142856999999999,0.7749999999999999,0.7996667,0.7222222222222223
TWN,2023,0.625,0.75,0.8125,0.7142856999999999,0.7749999999999999,0.7973332999999999,0.7222222222222223
TWN,2024,0.625,0.75,0.75,0.7142856999999999,0.7749999999999999,0.7926667,0.7222222222222223
TZA,1996,0.125,0.0,0.375,0.3571429,0.325,0.0,0.5277777777777778
TZA,1997,,,,,,,0.5231481481481481
TZA,1998,0.125,0.25,0.4375,0.3571429,0.325,0.0,0.4722222222222222
TZA,1999,,,,,,,0.4722222222222222
TZA,2000,0.125,0.25,0.25,0.3214286,0.325,0.0,0.4722222222222222
TZA,2001,,,,,,,0.4722222222222222
TZA,2002,0.125,0.25,0.4375,0.3214286,0.325,0.0,0.4722222222222222
TZA,2003,0.125,0.25,0.4375,0.3214286,0.325,0.0,0.4722222222222222
TZA,2004,0.125,0.25,0.4375,0.3214286,0.27499999999999997,0.125,0.4722222222222222
TZA,2005,0.0,0.25,0.4375,0.3214286,0.27499999999999997,0.125,0.4722222222222222
TZA,2006,0.25,0.25,0.5625,0.3214286,0.325,0.506,0.4884259259259259
TZA,2007,0.25,0.25,0.53125,0.3214286,0.325,0.506,0.5462962962962963
TZA,2008,0.25,0.25,0.5,0.3214286,0.325,0.5093333,0.5370370370370371
TZA,2009,0.25,0.25,0.5,0.3214286,0.325,0.5093333,0.5277777777777778
TZA,2010,0.25,0.25,0.5,0.3571429,0.325,0.5213333,0.5069444444444445
TZA,2011,0.25,0.25,0.5,0.3571429,0.325,0.5213333,0.5
TZA,2012,0.25,0.25,0.5,0.3571429,0.325,0.5293333,0.4814814814814814
TZA,2013,0.25,0.25,0.5,0.3571429,0.35,0.5256666999999999,0.4722222222222222
TZA,2014,0.25,0.25,0.5,0.3571429,0.35,0.5256666999999999,0.4722222222222222
TZA,2015,0.25,0.25,0.5,0.3571429,0.35,0.5193333,0.4722222222222222
TZA,2016,0.25,0.25,0.5,0.3571429,0.35,0.5253333,0.4722222222222222
TZA,2017,0.25,0.25,0.5,0.3214286,0.35,0.5156666999999999,0.4722222222222222
TZA,2018,0.25,0.25,0.5,0.3214286,0.35,0.5136667,0.4722222222222222
TZA,2019,0.25,0.25,0.5,0.2857143,0.325,0.422,0.4722222222222222
TZA,2020,0.25,0.25,0.5,0.2857143,0.325,0.42,0.4560185185185185
TZA,2021,0.25,0.25,0.5,0.2857143,0.325,0.42,0.4444444444444444
TZA,2022,0.25,0.25,0.5625,0.3214286,0.35,0.42,0.4861111111111111
TZA,2023,0.25,0.25,0.5625,0.3571429,0.375,0.4283333,0.4861111111111111
TZA,2024,0.25,0.25,0.5625,0.3571429,0.375,0.42333329999999997,0.4861111111111111
UGA,1996,0.25,0.25,0.0625,0.5,0.22499999999999998,0.125,0.4444444444444444
UGA,1997,,,,,,,0.4513888888888889
UGA,1998,0.0,0.25,0.0625,0.5,0.125,0.0,0.5
UGA,1999,,,,,,,0.5
UGA,2000,0.0,0.25,0.0625,0.5,0.125,0.0,0.5
UGA,2001,,,,,,,0.5
UGA,2002,0.0,0.25,0.0625,0.5,0.125,0.0,0.5
UGA,2003,0.0,0.25,0.0625,0.5,0.125,0.0,0.5
UGA,2004,0.0,0.25,0.1875,0.5,0.125,0.0,0.5
UGA,2005,0.0,0.25,0.125,0.5,0.15,0.125,0.5
UGA,2006,0.25,0.25,0.4375,0.3214286,0.44999999999999996,0.42133329999999997,0.5
UGA,2007,0.25,0.25,0.4375,0.3214286,0.44999999999999996,0.42133329999999997,0.4861111111111111
UGA,2008,0.25,0.25,0.4375,0.3214286,0.44999999999999996,0.4176667,0.4722222222222222
UGA,2009,0.25,0.25,0.5,0.3214286,0.44999999999999996,0.4176667,0.4722222222222222
UGA,2010,0.25,0.25,0.5,0.3214286,0.44999999999999996,0.41833329999999996,0.4722222222222222
UGA,2011,0.25,0.25,0.4375,0.3214286,0.44999999999999996,0.421,0.4722222222222222
UGA,2012,0.25,0.25,0.4375,0.3214286,0.44999999999999996,0.422,0.4537037037037037
UGA,2013,0.25,0.25,0.4375,0.3214286,0.44999999999999996,0.424,0.4444444444444445
UGA,2014,0.25,0.25,0.4375,0.3214286,0.44999999999999996,0.424,0.4444444444444445
UGA,2015,0.25,0.25,0.375,0.3571429,0.475,0.424,0.4444444444444445
UGA,2016,0.25,0.25,0.375,0.3571429,0.44999999999999996,0.34199999999999997,0.4444444444444445
UGA,2017,0.25,0.25,0.375,0.3571429,0.44999999999999996,0.3363333,0.4444444444444445
UGA,2018,0.25,0.25,0.375,0.3571429,0.44999999999999996,0.33999999999999997,0.4444444444444445
UGA,2019,0.125,0.25,0.375,0.3571429,0.44999999999999996,0.33399999999999996,0.4444444444444445
UGA,2020,0.25,0.25,0.3125,0.3571429,0.44999999999999996,0.3313333,0.4444444444444445
UGA,2021,0.25,0.25,0.3125,0.3571429,0.44999999999999996,0.316,0.4421296296296296
UGA,2022,0.25,0.25,0.3125,0.3571429,0.44999999999999996,0.3183333,0.4166666666666667
UGA,2023,0.25,0.25,0.3125,0.3571429,0.425,0.3996667,0.4166666666666667
UGA,2024,0.25,0.25,0.3125,0.3571429,0.425,0.3996667,0.4166666666666667
UKR,1996,0.125,0.0,0.3125,0.46428569999999997,0.19999999999999998,0.125,
UKR,1997,,,,,,,
UKR,1998,0.0,0.0,0.1875,0.39285709999999996,0.15,0.125,0.4722222222222221
UKR,1999,,,,,,,0.4722222222222221
UKR,2000,0.0,0.0,0.3125,0.39285709999999996,0.125,0.125,0.4351851851851852
UKR,2001,,,,,,,0.4074074074074074
UKR,2002,0.0,0.0,0.4375,0.39285709999999996,0.22499999999999998,0.125,0.3611111111111111
UKR,2003,0.0,0.0,0.4375,0.39285709999999996,0.22499999999999998,0.125,0.3611111111111111
UKR,2004,0.0,0.0,0.4375,0.39285709999999996,0.22499999999999998,0.125,0.3611111111111111
UKR,2005,0.0,0.0,0.4375,0.39285709999999996,0.22499999999999998,0.125,0.4004629629629629
UKR,2006,0.0,0.0,0.5,0.39285709999999996,0.27499999999999997,0.48133329999999996,0.4166666666666667
UKR,2007,0.0,0.0,0.5625,0.39285709999999996,0.3,0.48133329999999996,0.4166666666666667
UKR,2008,0.0,0.0,0.625,0.39285709999999996,0.3,0.48133329999999996,0.4166666666666667
UKR,2009,0.0,0.0,0.5,0.39285709999999996,0.325,0.5646667,0.4166666666666667
UKR,2010,0.0,0.0,0.5625,0.39285709999999996,0.325,0.5433333,0.4166666666666667
UKR,2011,0.0,0.0,0.5625,0.39285709999999996,0.325,0.6053333,0.4166666666666667
UKR,2012,0.0,0.0,0.5,0.39285709999999996,0.325,0.5303333,0.3981481481481481
UKR,2013,0.0,0.0,0.5,0.3571429,0.3,0.528,0.3888888888888888
UKR,2014,0.0,0.0,0.0625,0.39285709999999996,0.27499999999999997,0.514,0.3888888888888888
UKR,2015,0.0,0.25,0.1875,0.39285709999999996,0.27499999999999997,0.5233333,0.3888888888888888
UKR,2016,0.0,0.25,0.1875,0.39285709999999996,0.325,0.5233333,0.3981481481481481
UKR,2017,0.0,0.25,0.125,0.46428569999999997,0.35,0.523,0.4166666666666667
UKR,2018,0.0,0.25,0.125,0.46428569999999997,0.35,0.523,0.3888888888888889
UKR,2019,0.0,0.25,0.125,0.46428569999999997,0.35,0.53,0.4375
UKR,2020,0.0,0.25,0.25,0.46428569999999997,0.375,0.527,0.4444444444444444
UKR,2021,0.0,0.25,0.25,0.4285714,0.375,0.519,0.4444444444444444
UKR,2022,0.0,0.25,0.0625,0.46428569999999997,0.25,0.43066669999999996,0.4444444444444444
UKR,2023,0.0,0.25,0.3125,0.46428569999999997,0.25,0.4186667,0.4282407407407407
UKR,2024,0.0,0.25,0.3125,0.46428569999999997,0.25,0.41333329999999996,0.4166666666666667
URY,1996,0.5,0.5,0.6875,0.5714286,0.6,0.625,0.4583333333333333
URY,1997,,,,,,,0.5486111111111112
URY,1998,0.5,0.5,0.875,0.6071428999999999,0.6,0.625,0.5
URY,1999,,,,,,,0.5
URY,2000,0.5,0.5,0.8125,0.6071428999999999,0.6,0.625,0.5
URY,2001,,,,,,,0.4976851851851852
URY,2002,0.5,0.5,0.6875,0.5,0.6,0.625,0.4722222222222222
URY,2003,0.5,0.5,0.6875,0.5,0.6,0.625,0.4722222222222222
URY,2004,0.5,0.5,0.6875,0.5,0.575,0.625,0.4722222222222222
URY,2005,0.5,0.5,0.6875,0.5,0.5499999999999999,0.625,0.4722222222222222
URY,2006,0.5,0.5,0.8125,0.5357143,0.625,0.7653333,0.4722222222222222
URY,2007,0.5625,0.5,0.8125,0.5357143,0.65,0.7653333,0.4722222222222222
URY,2008,0.625,0.5,0.8125,0.5357143,0.65,0.7693333,0.4722222222222222
URY,2009,0.625,0.5,0.8125,0.5357143,0.65,0.7693333,0.4722222222222222
URY,2010,0.625,0.5,0.6875,0.5357143,0.65,0.77,0.4930555555555556
URY,2011,0.625,0.5,0.6875,0.5357143,0.65,0.7723333,0.5
URY,2012,0.625,0.5,0.75,0.5357143,0.65,0.7723333,0.5185185185185185
URY,2013,0.625,0.5,0.75,0.5714286,0.625,0.7723333,0.5277777777777778
URY,2014,0.625,0.5,0.75,0.5714286,0.625,0.7723333,0.5300925925925927
URY,2015,0.625,0.5,0.75,0.5357143,0.625,0.7723333,0.5555555555555556
URY,2016,0.75,0.5,0.8125,0.5714286,0.7,0.8556667,0.5555555555555556
URY,2017,0.75,0.5,0.8125,0.5714286,0.7,0.854,0.5555555555555556
URY,2018,0.75,0.5,0.8125,0.5357143,0.7,0.8626667,0.5555555555555556
URY,2019,0.75,0.5,0.8125,0.5357143,0.7,0.8626667,0.5694444444444444
URY,2020,0.75,0.5,0.6875,0.5357143,0.7,0.8703333,0.5833333333333334
URY,2021,0.875,0.5,0.6875,0.5357143,0.7,0.8783333,0.5833333333333334
URY,2022,0.875,0.5,0.75,0.5357143,0.7,0.8803333,0.5833333333333334
URY,2023,0.875,0.5,0.75,0.5357143,0.7,0.872,0.5833333333333334
URY,2024,0.875,0.5,0.875,0.5357143,0.7,0.8723333,0.5833333333333334
USA,1996,0.75,1.0,0.9375,0.8571428999999999,0.875,0.875,0.9398148148148148
USA,1997,,,,,,,0.8888888888888888
USA,1998,0.75,1.0,0.9375,0.8571428999999999,0.875,0.875,0.8888888888888888
USA,1999,,,,,,,0.8888888888888888
USA,2000,0.75,1.0,0.9375,0.8928571,0.875,0.875,0.8888888888888888
USA,2001,,,,,,,0.8935185185185185
USA,2002,0.875,1.0,0.75,0.7857143,0.8999999999999999,1.0,0.861111111111111
USA,2003,0.75,0.75,0.75,0.7857143,0.875,0.875,0.8333333333333334
USA,2004,0.75,0.75,0.75,0.7857143,0.875,0.875,0.8796296296296297
USA,2005,0.625,0.75,0.75,0.7857143,0.875,0.875,0.888888888888889
USA,2006,0.625,0.75,0.9375,0.75,0.8999999999999999,0.7739999999999999,0.8333333333333334
USA,2007,0.625,0.75,0.9375,0.75,0.8999999999999999,0.7739999999999999,0.8171296296296297
USA,2008,0.625,0.75,0.9375,0.75,0.8999999999999999,0.7739999999999999,0.8333333333333334
USA,2009,0.625,0.75,0.9375,0.75,0.8999999999999999,0.7739999999999999,0.8333333333333334
USA,2010,0.625,0.75,0.9375,0.75,0.8999999999999999,0.7726666999999999,0.8333333333333334
USA,2011,0.625,0.75,0.9375,0.75,0.8999999999999999,0.7703333,0.8333333333333334
USA,2012,0.625,0.75,0.9375,0.75,0.8999999999999999,0.7703333,0.8333333333333334
USA,2013,0.625,0.75,0.9375,0.75,0.8999999999999999,0.7703333,0.8171296296296297
USA,2014,0.625,0.75,0.9375,0.75,0.8999999999999999,0.7703333,0.8101851851851851
USA,2015,0.625,0.75,0.9375,0.75,0.8999999999999999,0.7683333,0.8611111111111112
USA,2016,0.625,0.75,0.875,0.75,0.8999999999999999,0.766,0.8611111111111112
USA,2017,0.625,0.75,0.8125,0.75,0.8999999999999999,0.766,0.8611111111111112
USA,2018,0.625,0.75,0.8125,0.7142856999999999,0.85,0.7653333,0.8611111111111112
USA,2019,0.625,0.75,0.8125,0.7142856999999999,0.85,0.7653333,0.8611111111111112
USA,2020,0.625,0.75,0.6875,0.7142856999999999,0.85,0.764,0.8101851851851851
USA,2021,0.625,0.75,0.6875,0.8214286,0.8999999999999999,0.7616666999999999,0.7777777777777777
USA,2022,0.625,0.75,0.625,0.8214286,0.8999999999999999,0.7616666999999999,0.75
USA,2023,0.625,0.75,0.625,0.8214286,0.8999999999999999,0.7616666999999999,0.7303240740740741
USA,2024,0.625,0.75,0.6875,0.75,0.875,0.7616666999999999,0.736111111111111
UZB,1996,0.0,0.0,0.125,0.0357143,0.175,0.0,
UZB,1997,,,,,,,
UZB,1998,0.0,0.0,0.0,0.0357143,0.175,0.0,
UZB,1999,,,,,,,
UZB,2000,0.0,0.0,0.0,0.0357143,0.175,0.0,
UZB,2001,,,,,,,
UZB,2002,0.0,0.0,0.125,0.0357143,0.175,0.0,
UZB,2003,0.0,0.0,0.0,0.0357143,0.175,0.0,
UZB,2004,0.0,0.0,0.0625,0.0357143,0.175,0.0,
UZB,2005,0.0,0.0,0.0625,0.0714286,0.175,0.0,
UZB,2006,0.125,0.0,0.125,0.0714286,0.15,0.0616667,
UZB,2007,0.125,0.0,0.15625,0.0714286,0.15,0.0616667,
UZB,2008,0.125,0.0,0.1875,0.0714286,0.15,0.057999999999999996,
UZB,2009,0.0,0.0,0.125,0.0714286,0.15,0.057999999999999996,
UZB,2010,0.0,0.0,0.3125,0.0714286,0.125,0.057999999999999996,
UZB,2011,0.0,0.0,0.3125,0.0714286,0.09999999999999999,0.057999999999999996,
UZB,2012,0.0,0.0,0.3125,0.0714286,0.09999999999999999,0.0573333,
UZB,2013,0.0,0.0,0.3125,0.0714286,0.09999999999999999,0.0573333,
UZB,2014,0.0,0.0,0.3125,0.0714286,0.125,0.0816667,
UZB,2015,0.0,0.0,0.375,0.0714286,0.125,0.065,
UZB,2016,0.0,0.0,0.5625,0.0714286,0.125,0.065,
UZB,2017,0.0,0.0,0.5,0.0714286,0.15,0.1483333,
UZB,2018,0.0,0.0,0.5,0.0714286,0.175,0.23366669999999998,
UZB,2019,0.0,0.0,0.5,0.0714286,0.175,0.23366669999999998,
UZB,2020,0.0,0.0,0.4375,0.0714286,0.15,0.154,
UZB,2021,0.0,0.0,0.4375,0.0714286,0.15,0.154,0.6666666666666666
UZB,2022,0.0,0.0,0.4375,0.0714286,0.15,0.154,0.6689814814814815
UZB,2023,0.0,0.0,0.4375,0.0714286,0.15,0.154,0.7361111111111112
UZB,2024,0.0,0.0,0.4375,0.0714286,0.15,0.1533333,0.7361111111111112
VCT,1996,,,,,,,
VCT,1997,,,,,,,
VCT,1998,,,,,,,
VCT,1999,,,,,,,
VCT,2000,,,,,,,
VCT,2001,,,,,,,
VCT,2002,,,,,,,
VCT,2003,,,,,,,
VCT,2004,0.5858586,0.6363635999999999,0.8636364,0.6127946,0.7474746999999999,0.6212120999999999,
VCT,2005,0.875,0.875,0.9125,0.9166667,0.8125,0.875,
VCT,2006,0.875,0.875,0.875,0.875,0.8125,0.875,
VCT,2007,0.875,0.875,0.875,0.875,0.8125,0.875,
VCT,2008,0.875,0.875,0.875,0.875,0.875,0.875,
VCT,2009,0.875,0.875,0.875,0.875,0.875,0.8125,
VCT,2010,0.875,0.875,0.9375,0.875,0.875,0.8125,
VCT,2011,0.875,0.875,0.9375,0.875,0.875,0.8125,
VCT,2012,0.875,0.875,0.9375,0.875,0.875,0.8125,
VCT,2013,0.875,0.875,0.9375,0.875,0.875,0.8125,
VCT,2014,0.6666667,0.6666667,0.8888889,0.7777778,0.5555555999999999,,
VCT,2015,0.6666667,0.6666667,0.8888889,0.7222221999999999,0.6666667,,
VCT,2016,0.6666667,0.75,0.8888889,0.7222221999999999,0.6666667,,
VCT,2017,0.6666667,0.75,0.8333332999999999,0.7222221999999999,0.6666667,,
VCT,2018,0.6666667,0.75,0.8333332999999999,0.7222221999999999,0.6666667,,
VCT,2019,0.6666667,0.75,0.8888889,0.7222221999999999,0.6666667,,
VCT,2020,0.6666667,0.6666667,0.9444444,0.7222221999999999,0.7222221999999999,,
VCT,2021,0.6666667,0.6666667,0.9444444,0.7222221999999999,0.7222221999999999,,
VCT,2022,0.6666667,0.6666667,0.9444444,0.7222221999999999,0.7222221999999999,,
VCT,2023,0.6666667,0.5833332999999999,0.9444444,0.7222221999999999,0.7222221999999999,,
VCT,2024,0.6666667,0.5833332999999999,0.9444444,0.7222221999999999,0.7222221999999999,,
VEN,1996,0.125,0.0,0.4375,0.3571429,0.3,0.25,0.5555555555555555
VEN,1997,,,,,,,0.5208333333333333
VEN,1998,0.125,0.0,0.4375,0.3571429,0.3,0.25,0.4722222222222221
VEN,1999,,,,,,,0.4722222222222221
VEN,2000,0.25,0.0,0.4375,0.4285714,0.325,0.375,0.4722222222222221
VEN,2001,,,,,,,0.4375
VEN,2002,0.125,0.0,0.4375,0.39285709999999996,0.25,0.25,0.287037037037037
VEN,2003,0.125,0.0,0.3125,0.3214286,0.22499999999999998,0.25,0.2222222222222222
VEN,2004,0.125,0.0,0.3125,0.3214286,0.22499999999999998,0.25,0.3055555555555556
VEN,2005,0.125,0.0,0.4375,0.3214286,0.22499999999999998,0.25,0.3333333333333333
VEN,2006,0.125,0.0,0.375,0.3214286,0.22499999999999998,0.3473333,0.3101851851851852
VEN,2007,0.0,0.0,0.375,0.2142857,0.13749999999999998,0.264,0.25
VEN,2008,0.0,0.0,0.375,0.2142857,0.125,0.2613333,0.2453703703703703
VEN,2009,0.0,0.0,0.375,0.2142857,0.125,0.2613333,0.2013888888888888
VEN,2010,0.0,0.0,0.375,0.2142857,0.125,0.256,0.1944444444444444
VEN,2011,0.0,0.0,0.375,0.2142857,0.125,0.25266669999999997,0.1944444444444444
VEN,2012,0.0,0.25,0.375,0.2142857,0.125,0.255,0.1944444444444444
VEN,2013,0.0,0.25,0.25,0.2142857,0.09999999999999999,0.2523333,0.1944444444444444
VEN,2014,0.0,0.25,0.1875,0.2142857,0.075,0.2523333,0.1944444444444444
VEN,2015,0.0,0.25,0.1875,0.2142857,0.049999999999999996,0.25,0.1944444444444444
VEN,2016,0.0,0.25,0.1875,0.2142857,0.049999999999999996,0.2393333,0.1944444444444444
VEN,2017,0.0,0.25,0.1875,0.2142857,0.049999999999999996,0.2123333,0.1944444444444444
VEN,2018,0.0,0.0,0.125,0.1428571,0.049999999999999996,0.1886667,0.1944444444444444
VEN,2019,0.0,0.0,0.0625,0.1428571,0.049999999999999996,0.1793333,0.1944444444444444
VEN,2020,0.0,0.0,0.0625,0.1785714,0.024999999999999998,0.1753333,0.2152777777777777
VEN,2021,0.0,0.0,0.125,0.1785714,0.0,0.0703333,0.2222222222222222
VEN,2022,0.0,0.0,0.125,0.1785714,0.024999999999999998,0.07433329999999999,0.2222222222222222
VEN,2023,0.0,0.0,0.125,0.1785714,0.024999999999999998,0.077,0.2060185185185185
VEN,2024,0.0,0.0,0.0625,0.1785714,0.024999999999999998,0.075,0.1944444444444444
VIR,2004,0.6666667,0.7272727,0.8282828,0.7508418,0.8232322999999999,0.7121212,
VIR,2005,0.75,0.875,0.625,0.875,0.875,0.875,
VIR,2006,0.75,0.875,0.6875,0.7916667,0.875,0.8125,
VIR,2007,0.75,0.875,0.6875,0.7916667,0.8125,0.8125,
VIR,2008,0.75,0.875,0.6875,0.7916667,0.8125,0.8125,
VIR,2009,0.75,0.875,0.6875,0.7916667,0.8125,0.8125,
VIR,2010,0.75,0.875,0.6875,0.7916667,0.8125,0.8125,
VIR,2011,0.75,0.875,0.75,0.7916667,0.8125,0.8125,
VIR,2012,0.75,0.875,0.75,0.7916667,0.8125,0.8125,
VIR,2013,0.75,0.875,0.75,0.7916667,0.8125,0.8125,
VIR,2014,0.6666667,0.9166667,0.8888889,0.7222221999999999,0.6111111,,
VIR,2015,0.6666667,0.9166667,0.8888889,0.7222221999999999,0.8333332999999999,,
VIR,2016,0.6666667,0.9166667,0.8888889,0.7777778,0.7777778,,
VIR,2017,0.6666667,0.75,0.8888889,0.7777778,0.7777778,,
VIR,2018,0.6666667,0.75,0.8888889,0.7777778,0.8888889,,
VIR,2019,0.6666667,0.75,0.9444444,0.8333332999999999,0.8888889,,
VIR,2020,0.5,0.6666667,0.9444444,0.8333332999999999,0.8333332999999999,,
VIR,2021,0.5,0.6666667,0.9444444,0.8333332999999999,0.8333332999999999,,
VIR,2022,0.5,0.6666667,0.9444444,0.8333332999999999,0.8333332999999999,,
VIR,2023,0.5,0.6666667,0.9444444,0.8333332999999999,0.8333332999999999,,
VIR,2024,0.5,0.6666667,0.9444444,0.8333332999999999,0.8333332999999999,,
VNM,1996,0.125,0.25,0.5,0.39285709999999996,0.375,0.125,0.6111111111111112
VNM,1997,,,,,,,0.5787037037037037
VNM,1998,0.125,0.25,0.5,0.4285714,0.44999999999999996,0.125,0.5555555555555556
VNM,1999,,,,,,,0.5555555555555556
VNM,2000,0.125,0.25,0.5,0.4285714,0.44999999999999996,0.125,0.5555555555555556
VNM,2001,,,,,,,0.4907407407407407
VNM,2002,0.125,0.25,0.5625,0.4285714,0.425,0.125,0.4722222222222221
VNM,2003,0.125,0.25,0.5625,0.4285714,0.425,0.125,0.4722222222222221
VNM,2004,0.125,0.25,0.5625,0.4285714,0.425,0.125,0.4722222222222221
VNM,2005,0.125,0.25,0.5625,0.4285714,0.425,0.125,0.4722222222222221
VNM,2006,0.125,0.25,0.5625,0.4285714,0.425,0.175,0.5254629629629629
VNM,2007,0.1875,0.25,0.5625,0.4285714,0.425,0.175,0.5532407407407408
VNM,2008,0.25,0.25,0.5625,0.4285714,0.425,0.1676667,0.5833333333333334
VNM,2009,0.25,0.25,0.5625,0.39285709999999996,0.39999999999999997,0.1676667,0.5833333333333334
VNM,2010,0.25,0.25,0.5625,0.39285709999999996,0.39999999999999997,0.1813333,0.5416666666666666
VNM,2011,0.25,0.25,0.5625,0.39285709999999996,0.39999999999999997,0.182,0.5277777777777778
VNM,2012,0.25,0.25,0.5625,0.39285709999999996,0.39999999999999997,0.17966669999999998,0.5277777777777778
VNM,2013,0.25,0.25,0.625,0.39285709999999996,0.375,0.193,0.5277777777777778
VNM,2014,0.25,0.25,0.5625,0.39285709999999996,0.425,0.19699999999999998,0.5277777777777778
VNM,2015,0.25,0.25,0.5625,0.46428569999999997,0.44999999999999996,0.2843333,0.5277777777777778
VNM,2016,0.25,0.25,0.5,0.46428569999999997,0.44999999999999996,0.2793333,0.5277777777777778
VNM,2017,0.25,0.25,0.625,0.46428569999999997,0.44999999999999996,0.2693333,0.5092592592592592
VNM,2018,0.25,0.25,0.625,0.46428569999999997,0.44999999999999996,0.25,0.5208333333333334
VNM,2019,0.25,0.25,0.625,0.46428569999999997,0.44999999999999996,0.2693333,0.5277777777777778
VNM,2020,0.25,0.25,0.5625,0.46428569999999997,0.425,0.2646667,0.5277777777777778
VNM,2021,0.25,0.25,0.5625,0.39285709999999996,0.425,0.2646667,0.5277777777777778
VNM,2022,0.25,0.25,0.5625,0.39285709999999996,0.425,0.25766669999999997,0.5277777777777778
VNM,2023,0.25,0.25,0.625,0.39285709999999996,0.425,0.254,0.5046296296296297
VNM,2024,0.25,0.25,0.625,0.39285709999999996,0.425,0.254,0.4884259259259259
VUT,1996,,,,,,,
VUT,1997,,,,,,,
VUT,1998,,,,,,,
VUT,1999,,,,,,,
VUT,2000,,,,,,,
VUT,2001,,,,,,,
VUT,2002,,,,,,,
VUT,2003,,,,,,,
VUT,2004,0.4545455,0.4949495,0.7525253,0.5387204999999999,0.6363635999999999,0.5202019999999999,
VUT,2005,0.75,0.75,1.0,0.5833332999999999,0.875,0.5,
VUT,2006,0.75,0.75,1.0,0.5833332999999999,0.875,0.5,
VUT,2007,0.75,0.625,1.0,0.5416667,0.875,0.5625,
VUT,2008,0.75,0.625,1.0,0.5416667,0.875,0.5625,
VUT,2009,0.75,0.625,1.0,0.5416667,0.875,0.5625,
VUT,2010,0.75,0.625,1.0,0.5416667,0.8125,0.5,
VUT,2011,0.75,0.625,1.0,0.5416667,0.8125,0.5,
VUT,2012,0.75,0.625,1.0,0.5416667,0.8125,0.5,
VUT,2013,0.75,0.625,1.0,0.5416667,0.8125,0.5,
VUT,2014,0.8333332999999999,0.4166667,0.8333332999999999,0.6111111,0.8888889,,
VUT,2015,0.5,0.3333333,0.7777778,0.6111111,0.8333332999999999,,
VUT,2016,0.5,0.3333333,0.7777778,0.5555555999999999,0.8333332999999999,,
VUT,2017,0.5,0.3333333,0.8333332999999999,0.5555555999999999,0.8888889,,
VUT,2018,0.5,0.5,0.8888889,0.5555555999999999,0.8333332999999999,,
VUT,2019,0.5,0.4166667,0.8888889,0.6111111,0.7777778,,
VUT,2020,0.5,0.4166667,0.8888889,0.6111111,0.7777778,,
VUT,2021,0.5,0.4166667,0.8888889,0.6666667,0.8333332999999999,,
VUT,2022,0.5,0.4166667,0.8888889,0.6666667,0.7777778,,
VUT,2023,0.5,0.4166667,0.8888889,0.6666667,0.7777778,,
VUT,2024,0.5,0.4166667,0.8888889,0.6666667,0.7777778,,
WSM,1996,0.5,0.5,1.0,0.625,0.875,0.6875,
WSM,1997,,,,,,,
WSM,1998,0.5,0.5,1.0,0.625,0.875,0.6875,
WSM,1999,,,,,,,
WSM,2000,0.5,0.5,0.9375,0.625,0.875,0.6875,
WSM,2001,,,,,,,
WSM,2002,0.5,0.5,0.875,0.625,0.875,0.6875,
WSM,2003,0.5,0.5,0.9375,0.625,0.875,0.6875,
WSM,2004,0.4747475,0.5050505,0.8585859,0.5555555999999999,0.7676767999999999,0.6515152,
WSM,2005,0.5,0.5,0.9375,0.625,0.875,0.6875,
WSM,2006,0.5,0.5,0.9375,0.5833332999999999,0.8125,0.625,
WSM,2007,0.5,0.5,0.9375,0.5833332999999999,0.8125,0.625,
WSM,2008,0.5,0.5,0.9375,0.5833332999999999,0.8125,0.625,
WSM,2009,0.5,0.5,0.9375,0.5833332999999999,0.8125,0.625,
WSM,2010,0.5,0.5,0.9375,0.5833332999999999,0.8125,0.625,
WSM,2011,0.5,0.5,0.9375,0.5833332999999999,0.8125,0.5625,
WSM,2012,0.5,0.5,0.9375,0.5833332999999999,0.8125,0.5625,
WSM,2013,0.5,0.5,0.9375,0.5833332999999999,0.8125,0.5625,
WSM,2014,0.5,0.75,0.9444444,0.5555555999999999,0.8888889,,
WSM,2015,0.5,0.75,0.9444444,0.6111111,0.8888889,,
WSM,2016,0.5,0.75,0.9444444,0.6111111,0.8888889,,
WSM,2017,0.6666667,0.75,0.9444444,0.6111111,0.8888889,,
WSM,2018,0.6666667,0.75,0.9444444,0.6111111,0.8888889,,
WSM,2019,0.6666667,0.6666667,0.9444444,0.6111111,0.8888889,,
WSM,2020,0.6666667,0.6666667,0.9444444,0.6111111,0.8888889,,
WSM,2021,0.6666667,0.6666667,0.9444444,0.5555555999999999,0.8333332999999999,,
WSM,2022,0.6666667,0.6666667,0.9444444,0.5555555999999999,0.8333332999999999,,
WSM,2023,0.6666667,0.75,0.9444444,0.5555555999999999,0.8333332999999999,,
WSM,2024,0.6666667,0.75,0.9444444,0.5555555999999999,0.8333332999999999,,
XKX,2006,0.187489,0.46818099999999996,,,0.7322065,0.4417697,
XKX,2008,0.16,0.5,,,0.7787499999999999,0.435,
XKX,2009,0.31,0.48333329999999997,,,0.8075,0.38,
XKX,2010,0.25,0.0,0.1875,0.3571429,0.375,0.5,
XKX,2011,0.25,0.0,0.1875,0.3571429,0.375,0.5,
XKX,2012,0.25,0.0,0.1875,0.3571429,0.375,0.5,
XKX,2013,0.25,0.0,0.1875,0.3571429,0.375,0.5,
XKX,2014,0.25,0.0,0.4375,0.3571429,0.375,0.5,
XKX,2015,0.25,0.0,0.5,0.3571429,0.375,0.5,
XKX,2016,0.25,0.0,0.5,0.3571429,0.39999999999999997,0.5,
XKX,2017,0.25,0.0,0.5,0.3571429,0.39999999999999997,0.5,
XKX,2018,0.25,0.0,0.5,0.25,0.425,0.5,
XKX,2019,0.25,0.0,0.5,0.25,0.425,0.5,
XKX,2020,0.125,0.0,0.5,0.3571429,0.425,0.5,
XKX,2021,0.125,0.0,0.5625,0.39285709999999996,0.425,0.5,
XKX,2022,0.125,0.0,0.4375,0.39285709999999996,0.39999999999999997,0.5,
XKX,2023,0.125,0.0,0.375,0.39285709999999996,0.39999999999999997,0.5,
XKX,2024,0.125,0.0,0.375,0.39285709999999996,0.39999999999999997,0.5,
YEM,1996,0.125,0.0,0.0625,0.3214286,0.125,0.25,0.5555555555555555
YEM,1997,,,,,,,0.5208333333333333
YEM,1998,0.0,0.0,0.125,0.2857143,0.09999999999999999,0.125,0.4166666666666667
YEM,1999,,,,,,,0.3611111111111111
YEM,2000,0.0,0.0,0.125,0.2857143,0.09999999999999999,0.125,0.3611111111111111
YEM,2001,,,,,,,0.324074074074074
YEM,2002,0.0,0.0,0.125,0.2857143,0.09999999999999999,0.125,0.3055555555555555
YEM,2003,0.0,0.0,0.1875,0.2857143,0.09999999999999999,0.125,0.3055555555555555
YEM,2004,0.0,0.0,0.1875,0.2857143,0.09999999999999999,0.125,0.3055555555555555
YEM,2005,0.0,0.0,0.1875,0.2857143,0.09999999999999999,0.125,0.3055555555555555
YEM,2006,0.25,0.25,0.1875,0.4285714,0.325,0.266,0.3055555555555555
YEM,2007,0.25,0.25,0.1875,0.4285714,0.35,0.266,0.3055555555555555
YEM,2008,0.25,0.25,0.0625,0.4285714,0.325,0.1816667,0.3055555555555555
YEM,2009,0.125,0.0,0.0625,0.4285714,0.27499999999999997,0.1816667,0.3055555555555555
YEM,2010,0.125,0.0,0.0625,0.46428569999999997,0.3,0.1713333,0.3055555555555555
YEM,2011,0.125,0.0,0.0625,0.4285714,0.175,0.16899999999999998,0.3055555555555555
YEM,2012,0.0,0.0,0.125,0.39285709999999996,0.15,0.18733329999999998,0.287037037037037
YEM,2013,0.0,0.0,0.0625,0.39285709999999996,0.175,0.1763333,0.2777777777777777
YEM,2014,0.0,0.0,0.0625,0.4285714,0.22499999999999998,0.1763333,0.2754629629629629
YEM,2015,0.0,0.0,0.0,0.46428569999999997,0.19999999999999998,0.158,0.25
YEM,2016,0.0,0.0,0.0,0.46428569999999997,0.175,0.1523333,0.25
YEM,2017,0.0,0.0,0.0,0.4285714,0.175,0.1523333,0.25
YEM,2018,0.0,0.0,0.0,0.4285714,0.175,0.1483333,0.25
YEM,2019,0.0,0.0,0.0,0.39285709999999996,0.175,0.1483333,0.25
YEM,2020,0.0,0.0,0.0,0.39285709999999996,0.15,0.1483333,0.25
YEM,2021,0.0,0.0,0.0,0.39285709999999996,0.15,0.1483333,0.25
YEM,2022,0.0,0.0,0.1875,0.39285709999999996,0.15,0.1483333,0.25
YEM,2023,0.0,0.0,0.0625,0.3214286,0.15,0.1483333,0.25
YEM,2024,0.0,0.0,0.0,0.3214286,0.15,0.1483333,0.25
ZAF,1996,0.5,0.5,0.5,0.46428569999999997,0.525,0.5,0.75
ZAF,1997,,,,,,,0.7129629629629629
ZAF,1998,0.625,0.5,0.5,0.46428569999999997,0.6,0.5,0.548611111111111
ZAF,1999,,,,,,,0.4583333333333333
ZAF,2000,0.5,0.5,0.625,0.5357143,0.575,0.5,0.4444444444444444
ZAF,2001,,,,,,,0.4421296296296296
ZAF,2002,0.5,0.5,0.625,0.5714286,0.5,0.5,0.4050925925925925
ZAF,2003,0.5,0.5,0.625,0.5714286,0.5,0.5,0.3796296296296296
ZAF,2004,0.5,0.5,0.625,0.5714286,0.5,0.5,0.4166666666666667
ZAF,2005,0.5,0.5,0.625,0.5714286,0.5,0.5,0.4259259259259259
ZAF,2006,0.5,0.5,0.6875,0.5714286,0.5,0.597,0.4444444444444445
ZAF,2007,0.5,0.5,0.6875,0.5714286,0.5,0.597,0.4444444444444445
ZAF,2008,0.5,0.5,0.6875,0.5714286,0.5,0.597,0.4444444444444445
ZAF,2009,0.5,0.5,0.6875,0.5714286,0.5,0.597,0.4444444444444445
ZAF,2010,0.5,0.5,0.6875,0.5714286,0.5,0.593,0.4652777777777778
ZAF,2011,0.5,0.5,0.6875,0.5714286,0.5,0.593,0.4699074074074074
ZAF,2012,0.5,0.5,0.625,0.5714286,0.5,0.593,0.4444444444444445
ZAF,2013,0.5,0.5,0.5625,0.6071428999999999,0.525,0.5966667,0.4375
ZAF,2014,0.5,0.5,0.5625,0.6071428999999999,0.525,0.594,0.4166666666666667
ZAF,2015,0.5,0.5,0.5625,0.6071428999999999,0.475,0.5853333,0.4166666666666667
ZAF,2016,0.5,0.5,0.5625,0.6071428999999999,0.44999999999999996,0.5803332999999999,0.4166666666666667
ZAF,2017,0.5,0.5,0.5625,0.6071428999999999,0.44999999999999996,0.5746667,0.4166666666666667
ZAF,2018,0.5,0.5,0.5625,0.6071428999999999,0.44999999999999996,0.5746667,0.4166666666666667
ZAF,2019,0.5,0.5,0.5625,0.6071428999999999,0.44999999999999996,0.5746667,0.4421296296296296
ZAF,2020,0.5,0.5,0.5625,0.6428571,0.44999999999999996,0.5683332999999999,0.4652777777777777
ZAF,2021,0.625,0.5,0.5625,0.6428571,0.6,0.735,0.4606481481481481
ZAF,2022,0.5,0.5,0.5625,0.6428571,0.6,0.735,0.4189814814814814
ZAF,2023,0.5,0.5,0.5625,0.6428571,0.6,0.735,0.3888888888888888
ZAF,2024,0.5,0.5,0.5625,0.6428571,0.6,0.7386667,0.4027777777777777
ZMB,1996,0.0,0.0,0.375,0.3571429,0.25,0.125,0.4722222222222221
ZMB,1997,,,,,,,0.4722222222222221
ZMB,1998,0.0,0.0,0.25,0.3214286,0.25,0.125,0.4722222222222221
ZMB,1999,,,,,,,0.4722222222222221
ZMB,2000,0.0,0.0,0.375,0.3214286,0.25,0.125,0.4537037037037037
ZMB,2001,,,,,,,0.4166666666666667
ZMB,2002,0.0,0.0,0.375,0.2857143,0.25,0.125,0.4166666666666667
ZMB,2003,0.0,0.0,0.375,0.2857143,0.25,0.125,0.4166666666666667
ZMB,2004,0.0,0.0,0.375,0.2857143,0.25,0.125,0.4398148148148148
ZMB,2005,0.0,0.0,0.375,0.2857143,0.27499999999999997,0.25,0.4722222222222221
ZMB,2006,0.25,0.0,0.625,0.3571429,0.39999999999999997,0.5083333,0.4722222222222221
ZMB,2007,0.25,0.0,0.625,0.3571429,0.39999999999999997,0.5083333,0.4907407407407407
ZMB,2008,0.25,0.0,0.5,0.3571429,0.39999999999999997,0.5083333,0.4814814814814814
ZMB,2009,0.25,0.0,0.625,0.3571429,0.39999999999999997,0.5083333,0.4722222222222221
ZMB,2010,0.25,0.0,0.625,0.3571429,0.39999999999999997,0.5226666999999999,0.4722222222222221
ZMB,2011,0.25,0.25,0.625,0.3571429,0.39999999999999997,0.5396666999999999,0.4722222222222221
ZMB,2012,0.25,0.25,0.625,0.3571429,0.39999999999999997,0.5419999999999999,0.4537037037037037
ZMB,2013,0.25,0.25,0.625,0.2857143,0.44999999999999996,0.5419999999999999,0.4444444444444444
ZMB,2014,0.25,0.25,0.625,0.2857143,0.425,0.46299999999999997,0.4444444444444444
ZMB,2015,0.25,0.25,0.625,0.3571429,0.425,0.4593333,0.4444444444444444
ZMB,2016,0.25,0.25,0.625,0.3571429,0.425,0.4496667,0.4444444444444444
ZMB,2017,0.25,0.25,0.5,0.3571429,0.425,0.4393333,0.4259259259259259
ZMB,2018,0.25,0.25,0.5,0.3571429,0.425,0.437,0.4166666666666667
ZMB,2019,0.25,0.25,0.5,0.3571429,0.39999999999999997,0.4196667,0.4351851851851852
ZMB,2020,0.25,0.25,0.5,0.3214286,0.35,0.412,0.4189814814814814
ZMB,2021,0.25,0.25,0.6875,0.3571429,0.35,0.44066669999999997,0.4166666666666667
ZMB,2022,0.25,0.25,0.6875,0.3571429,0.35,0.4433333,0.4583333333333333
ZMB,2023,0.25,0.25,0.6875,0.3571429,0.35,0.4433333,0.4583333333333333
ZMB,2024,0.25,0.25,0.625,0.3571429,0.35,0.441,0.4583333333333333
ZWE,1996,0.125,0.25,0.3125,0.1071429,0.075,0.125,0.6574074074074074
ZWE,1997,,,,,,,0.5717592592592592
ZWE,1998,0.0,0.25,0.0,0.0714286,0.049999999999999996,0.0,0.5
ZWE,1999,,,,,,,0.5
ZWE,2000,0.0,0.25,0.0,0.0714286,0.049999999999999996,0.0,0.3657407407407407
ZWE,2001,,,,,,,0.2592592592592592
ZWE,2002,0.0,0.25,0.0,0.0714286,0.049999999999999996,0.0,0.1944444444444444
ZWE,2003,0.0,0.25,0.0,0.0714286,0.049999999999999996,0.0,0.1944444444444444
ZWE,2004,0.0,0.25,0.0,0.0714286,0.049999999999999996,0.0,0.2407407407407407
ZWE,2005,0.0,0.25,0.0,0.0714286,0.049999999999999996,0.0,0.2951388888888889
ZWE,2006,0.125,0.25,0.375,0.0714286,0.09999999999999999,0.0873333,0.2916666666666667
ZWE,2007,0.125,0.25,0.375,0.0714286,0.09999999999999999,0.0873333,0.2916666666666667
ZWE,2008,0.125,0.0,0.3125,0.0714286,0.075,0.0843333,0.2916666666666667
ZWE,2009,0.125,0.0,0.3125,0.0714286,0.075,0.0843333,0.2916666666666667
ZWE,2010,0.125,0.0,0.3125,0.0714286,0.075,0.088,0.3125
ZWE,2011,0.125,0.0,0.3125,0.0714286,0.075,0.08933329999999999,0.3194444444444445
ZWE,2012,0.125,0.0,0.25,0.0714286,0.075,0.089,0.3379629629629629
ZWE,2013,0.0,0.0,0.25,0.0714286,0.09999999999999999,0.1723333,0.3472222222222221
ZWE,2014,0.0,0.0,0.375,0.0714286,0.125,0.176,0.3472222222222221
ZWE,2015,0.0,0.0,0.375,0.1071429,0.125,0.185,0.3472222222222221
ZWE,2016,0.0,0.0,0.3125,0.1071429,0.125,0.185,0.3472222222222221
ZWE,2017,0.0,0.0,0.3125,0.1071429,0.09999999999999999,0.1886667,0.3472222222222221
ZWE,2018,0.0,0.0,0.1875,0.1071429,0.15,0.1886667,0.3472222222222221
ZWE,2019,0.0,0.0,0.125,0.1071429,0.125,0.10533329999999999,0.3472222222222221
ZWE,2020,0.0,0.0,0.125,0.1071429,0.125,0.10533329999999999,0.3472222222222221
ZWE,2021,0.0,0.0,0.125,0.1071429,0.125,0.0973333,0.3472222222222221
ZWE,2022,0.0,0.0,0.125,0.1071429,0.125,0.0973333,0.3472222222222221
ZWE,2023,0.0,0.0,0.125,0.1071429,0.09999999999999999,0.1013333,0.3472222222222221
ZWE,2024,0.0,0.0,0.125,0.1071429,0.125,0.0993333,0.349537037037037
