pais,country_code,year,pib_per_capita_ppc,formacao_bruta_capital_fixo_percent_pib,matricula_ensino_secundario_percent,comercio_percent_pib,investimento_estrangeiro_direto_percent_pib,populacao_total,emprego_industria_percent_emprego_total,valor_agregado_industrial_percent_pib,wgi_control_corruption,wgi_gov_effectiveness,wgi_political_stability,wgi_regulatory_quality,wgi_rule_law,wgi_voice_accountability,icrg_qog,populacao_total_log,investimento_estrangeiro_direto_percent_pib_log,country_id,time_idx
Afghanistan,AFG,2002,-1.0401457652959136,-1.3577668152990403,-1.7858821014279935,-0.7748316438777387,-0.42386322014356076,-0.15265501092288344,-0.6443988993896502,-0.2704099641248319,-0.5847396624171465,-0.6274957262771266,-1.8209598098356288,-1.3868195106865007,-1.0775040061614884,-0.8371394676366716,0.1298794011268022,16.877878433493937,3.7007982202016705,0,0
Afghanistan,AFG,2003,-1.0339389957317056,-1.3577668152990403,-1.7888055478587754,-0.7748316438777387,-0.4289165531588356,-0.14458680685804276,-0.6155109136758196,-0.362246403866583,-0.5847396624171465,-0.6274957262771266,-1.5458625860765898,-0.889191316443122,-1.0775040061614884,-0.5097084616043556,0.1298794011268022,16.939330370724804,3.7000949863929815,0,1
Afghanistan,AFG,2004,-1.039756612133574,-1.3577668152990403,-1.5988668454484638,-0.7748316438777387,-0.02072867903098239,-0.13965867317673442,-0.6141844154586431,-0.06851311320655759,-1.2105808136489213,-0.023929691893144107,-1.2707653623175506,-1.7422683061680675,-1.700128174423057,-1.8194324857336197,0.1298794011268022,16.975088717719444,3.755363521324709,0,2
Afghanistan,AFG,2005,-1.0201910778800642,-1.3577668152990403,-1.5605841715553004,-0.7748316438777387,0.1198383135020796,-0.1346334303623556,-0.5716951461729474,-0.019614216718826596,-1.2105808136489213,-0.023929691893144107,-1.8209598098356288,-1.7422683061680675,-1.700128174423057,-1.8194324857336197,0.1298794011268022,17.010280885855995,3.7737105178703327,0,3
Afghanistan,AFG,2006,-1.0169684794695097,-1.3577668152990403,-1.2262254436577498,-0.7748316438777387,-0.049733076887668363,-0.12856246009549732,-0.5437770419026003,0.09723569744245102,-1.2105808136489213,-1.2310617606611092,-1.8209598098356288,-1.7422683061680675,-1.9768500269837548,-1.28506508388888,0.1298794011268022,17.05120790437846,3.7515355688706586,0,4
Afghanistan,AFG,2007,-0.9833200762137777,-1.3577668152990403,-1.2518308068061117,-0.7748316438777387,-0.3122093195557955,-0.1256699203443298,-0.4998357537279408,-0.01375426593250617,-0.5847396624171465,-0.6274957262771266,-1.5458625860765898,-0.889191316443122,-1.0775040061614884,-0.21633028019940048,0.1298794011268022,17.07013387903706,3.7162113842501787,0,5
Afghanistan,AFG,2008,-0.9779287825957486,-1.3577668152990403,-0.8862070001335888,-0.7748316438777387,-0.5750886711027049,-0.12225925084783935,-0.4675706005973555,-0.010965044344369821,0.2914379493073384,1.4729140733791322,-1.8209598098356288,-1.1380057121418474,1.6827964731314653,-0.23728586458546871,0.1298794011268022,17.09199934001861,3.6795362842935204,0,6
Afghanistan,AFG,2009,-0.9222255454264147,-1.3577668152990403,-0.69213874737467,-0.7748316438777387,-0.5757051052258312,-0.11640293535341938,-0.27226876890079194,-0.43022938694065,-1.2105808136489213,-1.2310617606611092,-1.5458625860765898,-1.7422683061680675,-1.700128174423057,-1.2920501040543662,0.1298794011268022,17.12846314774784,3.6794486833545803,0,7
Afghanistan,AFG,2010,-0.8799372413162544,-1.3577668152990403,-0.4701817070847458,-0.7748316438777387,-0.44230170998081814,-0.11153206795447175,-0.10191312048735876,-0.492528020392082,-1.2105808136489213,-1.2310617606611092,-1.5458625860765898,-1.7422683061680675,-1.700128174423057,-1.3863502337916733,0.1298794011268022,17.157810013712236,3.6982298828819613,0,8
Afghanistan,AFG,2011,-0.893587760094991,-1.3577668152990403,-0.39764477189245484,-0.7748316438777387,-0.6039162057594271,-0.1051985433648674,-0.02365478658496431,-0.3597911977866228,-1.2105808136489213,-1.2310617606611092,-1.5458625860765898,-1.7422683061680675,-1.700128174423057,-1.3863502337916733,0.1298794011268022,17.194725043270065,3.675431393275858,0,9
Afghanistan,AFG,2012,-0.8595460396210333,-1.3577668152990403,-0.3280493114355251,-0.7748316438777387,-0.6052630250662692,-0.09797951424671826,0.15943187720655289,-0.4919944724606174,-1.2105808136489213,-1.2310617606611092,-1.5458625860765898,-1.7422683061680675,-1.700128174423057,-1.3863502337916733,0.1298794011268022,17.235203667549897,3.6752392005855863,0,10
Afghanistan,AFG,2013,-0.8504101302620367,-1.3577668152990403,-0.3095967384542486,-0.7748316438777387,-0.6133677353760058,-0.09165164066074918,0.48618313888882625,-0.5515779646515475,-1.2105808136489213,-1.2310617606611092,-1.5458625860765898,-1.7422683061680675,-1.700128174423057,-1.3863502337916733,0.1298794011268022,17.269385933208728,3.6740818683472667,0,11
Afghanistan,AFG,2014,-0.8546808650265849,-1.3577668152990403,-0.33091233029856115,-0.7748316438777387,-0.6187193625691724,-0.0846857276769774,0.8246039670061939,-0.48599135385377623,-1.2105808136489213,-1.2310617606611092,-1.5458625860765898,-1.7422683061680675,-1.700128174423057,-1.3357079207850813,0.1298794011268022,17.305711120545837,3.67331693457649,0,12
Afghanistan,AFG,2015,-0.8621747910620658,-1.3577668152990403,-0.37224616547618666,-0.7748316438777387,-0.4989706755562438,-0.07849736659276867,0.6578744706639761,-0.4112716358764208,-1.2105808136489213,-1.2310617606611092,-1.5458625860765898,-1.5289995066023851,-1.700128174423057,-1.3357079207850813,0.1298794011268022,17.33691071202379,3.690294794484138,0,13
Afghanistan,AFG,2016,-0.8635030552794734,-1.3577668152990403,-0.3619472120983869,-0.7748316438777387,-0.5642126559594574,-0.07332364350900601,0.48653363238057623,-1.3851596978969392,-1.2105808136489213,-1.2310617606611092,-1.5458625860765898,-1.5289995066023851,-1.700128174423057,-1.3741263175296703,0.1298794011268022,17.362267910467104,3.681080604959094,0,14
Afghanistan,AFG,2017,-0.8643660018608131,-1.3577668152990403,-0.2859915863989656,-0.7748316438777387,-0.6071532072054194,-0.06743848348180498,0.33099414266090527,-1.4198247776517714,-1.2105808136489213,-1.2310617606611092,-1.5458625860765898,-1.5289995066023851,-1.700128174423057,-1.3741263175296703,0.1298794011268022,17.390351282749602,3.6749694070708077,0,15
Afghanistan,AFG,2018,-0.8719130673118825,-1.3577668152990403,-0.22015566515988655,-0.7748316438777387,-0.5384695358402649,-0.06116161779587769,0.22063235387878286,-1.1411755124060101,-1.2105808136489213,-1.2310617606611092,-1.5458625860765898,-1.5289995066023851,-1.700128174423057,-1.3007817721784316,0.1298794011268022,17.419459377931894,3.6847264787349046,0,16
Angola,AGO,1998,-0.2764858234796379,1.044860173283497,-1.8633391781076865,0.5015997290802402,2.384508151870513,-0.18968574001011132,-1.2970170316987135,2.07796265471106,-1.2105808136489213,-1.2310617606611092,-2.096057033594668,-1.5289995066023851,-1.700128174423057,-1.1645704736689877,-0.7948192163600817,16.534129446552562,4.030592663396631,1,0
Angola,AGO,2000,-0.2911931163028389,1.044860173283497,-1.8101479580988118,0.5015997290802402,1.053056733471906,-0.1835196613870229,-1.2855586429433714,2.07796265471106,-1.2105808136489213,-1.2310617606611092,-2.096057033594668,-1.5289995066023851,-1.700128174423057,-1.1645704736689877,-0.7236885534764754,16.60020508338647,3.8876589862274917,1,1
Angola,AGO,2001,-0.2833969845790834,1.044860173283497,-1.7511489008098102,0.5015997290802402,3.6075856364690746,-0.18023065222274745,-1.2681598241905883,2.07796265471106,-1.2105808136489213,-1.2310617606611092,-1.9585084217151483,-1.5289995066023851,-1.700128174423057,-1.1645704736689877,-0.7236885534764754,16.633742175485878,4.146015160214083,1,2
Angola,AGO,2002,-0.18271392588977625,1.044860173283497,-1.7096446068058793,0.5015997290802402,1.1325220392126,-0.17677400654178085,-1.2400687031561628,2.07796265471106,-1.2105808136489213,-1.2310617606611092,-1.8209598098356288,-1.5289995066023851,-1.700128174423057,-1.1645704736689877,-0.7236885534764754,16.667816935053647,3.896787714900477,1,3
Angola,AGO,2003,-0.18344816435673877,0.932612363322937,-1.7096446068058793,0.5047978761298167,2.4666296308599702,-0.1731058382568819,-1.2294716462079887,1.8275992452612317,-1.2105808136489213,-1.2310617606611092,-1.2707653623175506,-1.5289995066023851,-1.700128174423057,-1.1645704736689877,-0.7236885534764754,16.702750360850082,4.038773924103109,1,4
Angola,AGO,2004,-0.09950690889032592,1.034024499145392,-1.7096446068058793,0.4962222279854037,0.7892833448572529,-0.16919532587720115,-1.2216560670881909,1.9424736249867645,-0.5847396624171465,-1.2310617606611092,-0.17037646728139427,-1.5289995066023851,-1.2850453955820114,-1.1645704736689877,-0.7236885534764754,16.738694934122535,3.856745861039883,1,5
Angola,AGO,2005,0.021829342914790967,0.7677996735257568,-1.7096446068058793,0.6404338329524588,-1.2152620303157706,-0.1650821931595888,-1.2544512525700122,2.4292341900177723,-0.5847396624171465,-1.2310617606611092,-0.4454736910404334,-1.5289995066023851,-1.1466844693016627,-0.5097084616043556,-0.7236885534764754,16.775157621533175,3.5841585331048624,1,6
Angola,AGO,2006,0.1252439116001744,0.02858138306017217,-1.7096446068058793,0.3285541879902081,-0.6673702639178289,-0.16077029279040103,-1.299913997778303,2.2702610374696133,-1.2105808136489213,-1.2310617606611092,-0.4454736910404334,-0.24938312628385903,-0.8699626167409662,-1.398574673943286,-0.7236885534764754,16.812006539818828,3.666336057609025,1,7
Angola,AGO,2007,0.25182184661410173,0.43620656013511494,-1.7096446068058793,0.6952665895289784,-0.873154096933353,-0.15622518282545836,-1.3373057181601116,2.5780237628619695,-1.2105808136489213,-1.2310617606611092,-0.032827855401874745,-0.14274872650101778,-0.8699626167409662,-0.9619996499737916,-0.4391659019420505,16.849432340085887,3.6362571341174603,1,8
Angola,AGO,2008,0.3557835703002179,0.9613342009361973,-1.469298557958484,1.0286211092785171,-0.35414911412938005,-0.15146086870264286,-1.3906160414143593,2.4362124189525813,-1.2105808136489213,-1.2310617606611092,0.6549152039957229,-0.03611432671817715,-0.5932407641802689,-0.36127324683290885,-0.29690457617483745,16.887215235966003,3.71044966472105,1,9
Angola,AGO,2009,0.32574350234213906,2.4672713819245957,-1.4138876848164417,0.8418683750480882,-0.1766462215285804,-0.1464820427200205,-1.4354356110671784,1.163382607635063,-1.2105808136489213,-0.023929691893144107,0.3798179802366839,-0.03611432671817715,-0.5932407641802689,-0.7978477469127943,-0.29690457617483745,16.92523085298683,3.7346112709293537,1,10
Angola,AGO,2010,0.34719739823744744,0.7598518805013428,-1.273687458506506,0.5139168326738488,-1.2557501140941194,-0.14124160325614246,-1.4427074806638904,1.796461165392737,-1.2105808136489213,-0.023929691893144107,0.6549152039957229,0.1771550700015777,-0.731601690460617,-0.8030866430093113,-0.29690457617483745,16.9637418337911,3.577809167437854,1,11
Angola,AGO,2011,0.34130800168053355,0.5806805412048643,-1.220331492677887,0.4569611768840293,-1.0836338603423599,-0.13574228351508527,-1.4563419486879197,2.098933016689905,-1.2105808136489213,-0.023929691893144107,0.3798179802366839,0.1771550700015777,-0.731601690460617,-0.8030866430093113,-0.5814272277092624,17.002621292125475,3.6045263099715137,1,12
Angola,AGO,2012,0.4132422243678375,0.6227617582406149,-1.220331492677887,0.2504122335080886,-0.8371063263174041,-0.13003148285294655,-1.4488408246912277,2.198386785061664,-1.2105808136489213,-0.023929691893144107,0.3798179802366839,0.1771550700015777,-0.731601690460617,-0.7978477469127943,-0.7711089953988806,17.041457126105513,3.6415919375467194,1,13
Angola,AGO,2013,0.42907913859704866,0.5464371459729086,-1.220331492677887,0.11684442228169768,-1.50540760874989,-0.12414690043096428,-1.456622671294848,1.9489201436943704,-1.2105808136489213,-0.023929691893144107,0.3798179802366839,-0.24938312628385903,-0.731601690460617,-0.7978477469127943,-0.8659498792436885,17.079956931502593,3.5377410600745605,1,14
Angola,AGO,2014,0.443317715476701,0.7008365425044474,-1.220331492677887,-0.10926654290354926,-0.23268488444482846,-0.1182210936695016,-1.4609246533657785,1.416044900145588,-1.2105808136489213,-0.023929691893144107,0.3798179802366839,-0.4626525230036132,-0.731601690460617,-0.7978477469127943,-0.8896601002048907,17.117284210768364,3.727046186647445,1,15
Angola,AGO,2015,0.3942894896033514,0.7783641171057222,-1.220331492677887,-0.5341748076768735,1.0806969728332252,-0.112284092085242,-1.451112475187707,0.8092880091200673,-1.2105808136489213,-0.023929691893144107,0.1047207564776448,-0.4626525230036132,-0.731601690460617,-0.7978477469127943,-1.150472530778114,17.15333492568806,3.8908436720679913,1,16
Angola,AGO,2016,0.3067204500769043,0.9001133257116913,-0.32646112653676135,-0.7659360541579799,-0.7091910197750548,-0.1061789121072303,-1.452936708731941,0.8644658556785061,-1.2105808136489213,-0.023929691893144107,0.1047207564776448,-0.6759219197233678,-0.731601690460617,-0.7891160787887287,-1.150472530778114,17.189099338838567,3.6602960338717567,1,17
Angola,AGO,2017,0.24833901523104698,0.7856090496731739,-0.32646112653676135,-0.8052590820494391,-2.2127911849210498,-0.09991595062940453,-1.451795397800683,0.8397856536480118,-1.2105808136489213,-0.023929691893144107,0.3798179802366839,-0.6759219197233678,-0.731601690460617,-0.7506976820441402,-1.150472530778114,17.22450545979518,3.4146297432711052,1,18
Angola,AGO,2018,0.18670425743327543,0.18264216147355888,-0.32646112653676135,-0.4195981823122279,-1.9367424170826466,-0.09359018500474935,-1.4598387414049627,1.1814980118090173,-0.5847396624171465,-0.023929691893144107,0.6549152039957229,-0.6759219197233678,-0.731601690460617,-0.7506976820441402,-0.9370805421272947,17.259037788762317,3.4644910993811173,1,19
Albania,ALB,1996,-0.47501449673777774,0.021187355184297544,0.20029666249863323,-0.8417108275052883,-0.16128334968066688,-0.2610904702299855,-0.33781106880976397,-0.65353954706893,0.4583287560781714,-0.023929691893144107,1.9053570901590318,0.3322604658048994,1.5744139320264274,0.8000155625249085,0.27214072689401525,14.968621764182094,3.736675264998031,2,0
Albania,ALB,1997,-0.567593677246543,-0.2228433134942723,0.2027890497538948,-0.8324682143804649,-0.2881971357757629,-0.2612080873256691,-0.2846037397184725,-0.5712150963336088,0.875556273678175,-0.023929691893144107,1.7052863619635685,-0.2106069266215467,1.1132107521846482,1.236590324549598,-0.6762681115540715,14.96236746519347,3.7194953123631147,2,1
Albania,ALB,1998,-0.5012951730952127,-0.05377461616690231,0.2486505747025386,-0.7625875861931509,-0.3485751831973966,-0.26132569846665965,-0.33985986106569976,-0.8462693896896163,1.2927837912781783,-0.023929691893144107,1.5052156337681057,-0.7534743190479924,0.6520075723428688,1.6731650865742875,-0.15464325040762328,14.956074123273492,3.7112173309449195,2,2
Albania,ALB,1999,-0.3971357492323791,0.2015864291142036,0.25129794332950106,-0.6821272045619036,-0.43316130799262353,-0.26144331556234324,-0.28739502764185926,-0.712097987572899,0.875556273678175,-0.023929691893144107,1.449640492624305,-0.2106069266215467,0.1908043925010895,1.89145233661423,-0.8659498792436896,14.949740602564484,3.6995038938287745,2,3
Albania,ALB,2000,-0.32316539862708443,1.1798900011128988,0.24831772325121165,-0.34123344202870026,0.05247282612970948,-0.26156092670333386,-0.20804918901480396,-0.445679692553953,0.4583287560781714,-0.023929691893144107,1.3940653514805035,0.3322604658048994,-0.2703987873406901,2.1097395866541726,-1.2927338565453277,14.94336703628178,3.764959874874479,2,4
Albania,ALB,2001,-0.22608468416446253,1.7244590041141297,0.3266059289017964,-0.2644575357516554,0.25096632659369866,-0.26173274341449493,-0.19228289564354126,-0.2222451346967837,0.4583287560781714,0.5796363424908384,1.4941006055393453,0.734563761234168,0.25669048198652816,2.000595830661799,-1.2927338565453277,14.933982335057037,3.7905272794647797,2,5
Albania,ALB,2002,-0.1727702759314358,1.6211514176351915,0.4008610339097446,-0.21370347146198757,-0.12498124822442064,-0.261787306266244,-0.12244396607027537,-0.06754928473089775,0.4583287560781714,1.183202376874821,1.5941358595981876,1.1368670566634365,0.7837797513137468,1.891452074669425,-0.8659498792436896,14.930983569067594,3.741535573760024,2,6
Albania,ALB,2003,-0.10792922128431083,1.6407822620667125,0.516992822547629,-0.2477016332307343,-0.11101347179114193,-0.26185515403802506,-0.1795463360118413,0.003158826217963445,0.4583287560781714,1.183202376874821,1.3273751821079423,1.1368670566634365,0.7837797513137468,2.1097395866541726,-0.4391659019420505,14.92724207860329,3.7433993750640937,2,7
Albania,ALB,2004,-0.03962513018762129,1.8816847835874713,0.5613925036325704,-0.24145280357055826,0.16230657032150922,-0.2619306416808957,-0.0591777182969813,0.05706850262846763,0.4583287560781714,1.183202376874821,1.005039143396117,1.1368670566634365,0.7837797513137468,2.1097395866541726,-0.4391659019420505,14.923062766201856,3.7791879650364057,2,8
Albania,ALB,2005,0.032110672077090334,1.9158520870356086,0.705657547748108,-0.12276540099652848,-0.09142444615124484,-0.26202265359677773,-0.059405560657345924,0.09109065091037594,0.3049596228843916,-0.04062481125703259,0.27217133619087686,-0.1798331886774854,-0.3040132976586483,0.8858915473390159,-0.4154556809808471,14.917944866732753,3.7460074139522197,2,9
Albania,ALB,2006,0.12154646817024753,1.9062021697967555,0.7546107028714248,-0.03296845058060218,-0.024970194108020233,-0.26213543548176393,-0.0695215504297174,0.11541959735306334,0.041101488814628474,-0.023929691893144107,0.3798179802366839,0.6036938634410864,0.09856386722147399,0.9589285694893893,-0.7236885534764754,14.911635756385875,3.7548046470948484,2,10
Albania,ALB,2007,0.22578003821855114,1.672391808672025,0.8230371846190102,0.19140609881859363,0.38598321375291056,-0.26226959471453787,-0.025555992611429615,0.12785332062637833,0.041101488814628474,-0.023929691893144107,0.1047207564776448,0.6036938634410864,0.09856386722147399,0.9589285694893893,-0.7236885534764754,14.904078571366577,3.8075522438794507,2,11
Albania,ALB,2008,0.34409868191240056,1.5046807279221999,0.8814113870759684,0.05569417161303039,1.014484006626289,-0.2624047841091968,0.01250418438406881,0.1265496347903517,0.041101488814628474,-0.023929691893144107,0.1047207564776448,0.6036938634410864,0.09856386722147399,0.9589285694893893,-0.43916590194204935,14.896405144368723,3.883197646704451,2,12
Albania,ALB,2009,0.39991414579500206,1.4328568233406085,0.934974548588552,-0.0003904945096984277,1.2808840068272345,-0.26252265725667845,0.13275257251920738,0.04352583124620947,0.041101488814628474,-0.023929691893144107,-0.17037646728139427,0.6036938634410864,0.09856386722147399,0.9589285694893893,-0.43916590194204935,14.889666206198394,3.913611211205772,2,13
Albania,ALB,2010,0.4593327732732458,0.9120507487847336,1.0927891562579606,0.06395866286552339,0.945369207067291,-0.2626089883954603,0.18871385712169256,0.03575977866312632,0.041101488814628474,-0.023929691893144107,-0.17037646728139427,0.6036938634410864,0.09856386722147399,0.9501974252549337,-0.20206369233002838,14.88470158826458,3.8751536724764883,2,14
Albania,ALB,2011,0.507660422133727,1.0958434532183896,1.1574425861769924,0.2143120472460679,0.77948136508308,-0.2626555898226991,0.13908598664229163,-0.008846502452098679,-0.5847396624171465,-0.023929691893144107,-0.9956681385585116,0.6036938634410864,0.09856386722147399,0.9414657571308691,-0.15464325040762328,14.882011415871677,3.8555784892471894,2,15
Albania,ALB,2012,0.5539591723494903,0.7239146309349962,1.2347245159817677,0.1057437474436209,0.675185345022636,-0.2629204962491711,-0.09542166592712066,-0.1369408468287986,-0.5847396624171465,-0.023929691893144107,-0.7205709147994724,0.6036938634410864,0.09856386722147399,0.9170174007172528,-0.15464325040762328,14.86658005417129,3.8430721695014447,2,16
Albania,ALB,2013,0.6150901106648373,0.6249521273087933,1.4260998922441608,0.07030534351976851,1.0843983718308714,-0.2631813475297257,-0.056309729404053724,-0.12866339040890373,-0.5847396624171465,-0.023929691893144107,-0.17037646728139427,0.6036938634410864,0.236924793501823,1.3535924246867472,-0.15464325040762328,14.851148612470835,3.8912693752481813,2,17
Albania,ALB,2014,0.6886232927257918,0.4701038481780096,1.4412147451433464,0.049078026498683536,0.8798450082511913,-0.2634382032112927,0.09244593659630931,-0.2688608932334278,-0.5847396624171465,-0.023929691893144107,0.3798179802366839,0.6036938634410864,0.236924793501823,1.3535924246867472,-0.05980236656281535,14.835717242617529,3.8674673743718175,2,18
Albania,ALB,2015,0.7647190494972823,0.415673359032706,1.4093833578979271,-0.059813723220835724,0.8761051707350908,-0.26369112284080176,0.1762629780907232,-0.21432859709319307,-0.5847396624171465,-0.023929691893144107,0.3798179802366839,0.6036938634410864,0.236924793501823,1.3955035934588838,0.1298794011268028,14.820286047536092,3.867026886441099,2,19
Albania,ALB,2016,0.8790536675751629,0.3605868478817099,1.291188808978144,0.019779747695100994,0.8910336103508217,-0.2639401719198758,0.3196933497696812,-0.265657091785287,0.041101488814628474,-0.023929691893144107,0.3798179802366839,0.8169632601608406,0.236924793501823,1.3955035934588838,0.1298794011268028,14.80485470614354,3.86878404006497,2,20
Albania,ALB,2017,0.9858275832216115,0.43733333956289994,1.2334868138891866,0.10047700696636643,0.7139223832584249,-0.26418540999544443,0.29744233005832443,-0.3419896955843506,0.041101488814628474,-0.023929691893144107,0.6549152039957229,0.8169632601608406,0.236924793501823,1.407727509720887,0.1298794011268028,14.7894231962491,3.847735473525586,2,21
Argentina,ARG,1996,1.9307443438712053,-0.5542479109595013,0.5437687500688302,-1.5082964031280353,-0.20255322349163324,-0.06848140031919928,0.675939527370782,-0.037955274300536204,0.041101488814628474,2.390334445642786,0.1047207564776448,1.243502053600349,0.6520075723428688,0.8000155625249085,1.8370153103333586,17.385431742354726,3.7311209999592077,3,0
Argentina,ARG,1997,2.150946368976495,-0.398075315735031,0.39863310774961497,-1.455048558245191,-0.10050238451963969,-0.06589707547652619,0.7587235782854924,0.011050622055746582,0.041101488814628474,1.7867684112588034,0.1047207564776448,1.243502053600349,0.6520075723428688,0.8000155625249085,1.6236233216825389,17.397578221608132,3.744799643250082,3,1
Argentina,ARG,1998,2.242057235115419,-0.32958448303248217,0.6218220017537731,-1.454645523822511,-0.2228745191294183,-0.06336592008744558,0.6855388746004846,-0.02796553088373914,0.041101488814628474,1.183202376874821,0.1047207564776448,1.243502053600349,0.6520075723428688,0.8000155625249085,2.1215379618677845,17.409333477603187,3.7283747015904467,3,2
Argentina,ARG,1999,2.0826967813675075,-0.5625124382068103,1.042497976907764,-1.511896976517502,0.8464804902411135,-0.060854099586461596,0.5392385426863054,-0.07128335839866924,0.041101488814628474,1.183202376874821,0.24226936835716434,1.136867355240472,0.5136466460625201,0.8000155625249085,2.1689584037901883,17.420863909004733,3.863530740397022,3,3
Argentina,ARG,2000,2.018103525236695,-0.7833677253451412,1.184319996162227,-1.4758194955720598,-0.004979728140932217,-0.0583572849117799,0.4306563796548714,-0.08822555218006795,0.041101488814628474,1.183202376874821,0.3798179802366839,1.0302326568805948,0.37528571978217107,0.8000155625249085,2.690583264936637,17.43219518945553,3.75743591974414,3,4
Argentina,ARG,2001,1.8369202632530028,-1.0275233671199786,1.235282393766386,-1.4982333819002482,-0.5127928691384145,-0.05591085289437739,0.3448667431109542,-0.1506662532275394,0.041101488814628474,1.183202376874821,-0.17037646728139427,0.3904247652983677,0.16774433036164865,0.8000155625249085,2.4534810553246142,17.443174656437904,3.6883497480664924,3,5
Argentina,ARG,2002,1.4648736950286514,-1.296529407839639,1.2126018903575795,-0.9190941588644385,-0.2654601715812572,-0.05350203667251119,0.12376269875496984,0.29331007954604904,0.041101488814628474,1.183202376874821,-0.7205709147994724,-0.24938312628385903,-0.039797059058874096,0.8000155625249085,0.7937655880404623,17.45386878798872,3.722594931349827,3,6
Argentina,ARG,2003,1.6786441398213148,-0.911311531851586,1.1782594523794392,-0.9513382508214098,-0.426018866907441,-0.0511503319109883,0.3382477264616916,0.46769594175656626,0.041101488814628474,1.183202376874821,0.1047207564776448,-0.03611432671817715,-0.039797059058874096,0.8000155625249085,0.3669816107388232,17.4642001874881,3.7004982957671193,3,7
Argentina,ARG,2004,1.915212967228031,-0.8196069830379705,1.1569737813159688,-0.9499443311246475,-0.2111100851391621,-0.048818271681596845,0.3807941233146189,0.14787601576567458,0.041101488814628474,1.183202376874821,0.3798179802366839,-0.03611432671817715,0.236924793501823,1.4548775745895406,1.0545780186136866,17.47434095243014,3.729965511779213,3,8
Argentina,ARG,2005,2.1644053680604762,-0.6428912735133283,1.0911932893575178,-0.9540586003987852,-0.18547870474662065,-0.04643119604379002,0.45878677161567866,0.13195192889139334,0.041101488814628474,1.183202376874821,0.6549152039957229,-0.24938312628385903,0.236924793501823,1.4548775745895406,1.2679700072645066,17.484615529385966,3.733422699750244,3,9
Argentina,ARG,2006,2.4052290538258196,-0.5240541440497163,1.0467310090352473,-0.9574865319568517,-0.23312097272010615,-0.044017604158156184,0.5168475446019415,0.18015374867189274,0.041101488814628474,1.183202376874821,0.3798179802366839,-0.6759219197233678,0.236924793501823,1.5212370997752926,0.9834473557300805,17.49489800517857,3.726987090792238,3,10
Argentina,ARG,2007,2.6995273054880196,-0.38037711002160857,1.0387729086355726,-0.9425954164340213,-0.2561663251429416,-0.04166759648413177,0.5607438352523392,0.030774047541601415,0.041101488814628474,1.183202376874821,0.5173665921162034,-0.5692875199405265,0.30610525664199734,1.5212370997752926,0.9834473557300805,17.504809024280334,3.7238591548982414,3,11
Argentina,ARG,2008,2.8199987778213824,-0.44172345785086375,1.0747669185623474,-0.9583830559750819,-0.1782784387416849,-0.039241743885658105,0.5854249437691089,-0.06469765841418552,0.041101488814628474,1.183202376874821,0.6549152039957229,-0.4626525230036132,0.37528571978217107,1.5212370997752926,0.9834473557300805,17.51493791187624,3.7343917328150487,3,12
Argentina,ARG,2009,2.534965695301777,-0.857443507313271,1.1912439681919977,-1.1430498028542666,-0.4417119239910325,-0.03667715885020409,0.4874634137893803,-0.14726010997859568,0.041101488814628474,1.183202376874821,0.1047207564776448,-0.4626525230036132,0.236924793501823,1.5212370997752926,0.9834473557300805,17.525535658688707,3.698312137659311,3,13
Argentina,ARG,2010,2.8793190409406653,-0.7289453495274004,1.2875830913649857,-1.116454075998012,-0.1808958375574851,-0.034093637891082905,0.5180224914749874,-0.14938450342429802,0.041101488814628474,1.183202376874821,0.1047207564776448,-0.4626525230036132,0.236924793501823,1.557909372450912,0.9834473557300805,17.536099291647133,3.7340395841742726,3,14
Argentina,ARG,2011,3.0835549016238284,-0.6553640807351363,1.3531349720118073,-1.1096110310850882,-0.2928604852062523,-0.031461866054768334,0.627463669700687,-0.15323408264889027,0.041101488814628474,1.183202376874821,-0.17037646728139427,-0.4626525230036132,0.236924793501823,1.557909372450912,0.9834473557300805,17.546746692365602,3.7188583916989404,3,15
Argentina,ARG,2012,2.9941069521038135,-0.8240040036313916,1.419115946990219,-1.2457961247277551,-0.15754222861984135,-0.028895030145368972,0.5911424815997826,-0.21870228167433856,-0.5847396624171465,1.183202376874821,-0.17037646728139427,-0.889191316443122,0.09856386722147399,1.557909372450912,0.7463451461180589,17.557023305765547,3.7371772383688286,3,16
Argentina,ARG,2013,3.0540120817036844,-0.7716225115432558,1.4852935442427042,-1.2805033059245141,-0.339999947636234,-0.026389688350344068,0.638316435914023,-0.2540559220680003,-0.5847396624171465,1.183202376874821,-0.17037646728139427,-0.889191316443122,0.09856386722147399,1.557909372450912,0.41440205266122715,17.566952895428013,3.712397200492552,3,17
Argentina,ARG,2014,2.900877218898073,-0.8091586168910008,1.5394407814586297,-1.3074846023321047,-0.4850472863917392,-0.023760000656571478,0.6815698271296818,-0.23137272798269345,-0.5847396624171465,1.183202376874821,-0.17037646728139427,-0.889191316443122,0.09856386722147399,1.557909372450912,0.41440205266122715,17.57727033097395,3.692250263657863,3,18
Argentina,ARG,2015,2.9707290250407303,-0.8595058009923222,1.5924286918299755,-1.4797837029451215,-0.30485165470893294,-0.02106287606483329,0.6241355116270692,-0.32530406962327824,-0.5847396624171465,1.183202376874821,0.1047207564776448,-0.889191316443122,0.236924793501823,1.5893427490300145,0.41440205266122715,17.58774291960538,3.71721877162902,3,19
Argentina,ARG,2016,2.84141709130173,-1.016216784682969,1.6680976571452677,-1.3747942959936106,-0.5521118314116449,-0.018542248572936182,0.5167526555380689,-0.4171142850971148,0.6669426400464034,1.183202376874821,0.1047207564776448,-0.03611432671817715,0.9287294249035656,1.5788649568369804,0.41440205266122715,17.59743203063941,3.682796042010293,3,20
Argentina,ARG,2017,2.9208740938294078,-0.9083175411571783,1.6962720019901418,-1.398200477184611,-0.33819582045828256,-0.0162283680212038,0.4574855901323408,-0.43983682327740364,0.6669426400464034,1.183202376874821,0.6549152039957229,0.3904244667213316,0.9287294249035656,1.5788649568369804,0.41440205266122715,17.60624452638968,3.7126452538083337,3,21
Armenia,ARM,1996,-0.7503793464968059,-0.5782169093668394,0.6779202944942391,0.17154876246991846,-0.4605762689914466,-0.26043127380803516,-0.3993522287425501,0.06518221245560978,0.6669426400464034,1.183202376874821,-0.4454736910404334,0.354879467742361,0.6520075723428688,0.14515355046027645,-0.6288476696316664,15.002968540234166,3.6956778545318607,4,0
Armenia,ARM,1998,-0.6766820182366508,-0.7805392042836772,0.18086635561455694,-0.04342929385866802,1.5230962727437027,-0.26085009118388613,-0.41210389913662265,0.06518221245560978,0.4583287560781714,-0.023929691893144107,1.527445690225626,-0.21060692662154704,2.4968197382662813,1.6731650865742875,-0.6288476696316664,14.981283551838382,3.940482815151818,4,1
Armenia,ARM,1999,-0.6475336370129626,-0.7558520113447591,0.27492405371974854,-0.08073699241684404,0.5183119726028469,-0.2610949183856394,-0.41379833103511043,0.06518221245560978,0.4583287560781714,-0.023929691893144107,1.260684792657602,-0.48204062283476956,1.5744136553045753,1.6731650865742875,-0.6288476696316664,14.968385943454633,3.8239616383242048,4,2
Armenia,ARM,2000,-0.6203855731276535,-0.11386281725389781,0.8169771923713549,-0.03205403518797553,0.3119375184412986,-0.26077447253777003,-0.4166338102913323,0.06518221245560978,0.4583287560781714,-0.023929691893144107,0.9939238950895779,-0.7534743190479924,0.6520075723428688,1.6731650865742875,-0.7236885534764754,14.985233784543238,3.798251357160348,4,3
Armenia,ARM,2001,-0.5525146275169018,-0.2201514675023344,0.8434395721708008,-0.10099802816726623,-0.07028009676205607,-0.260829851182457,-0.40905122534770333,0.06518221245560978,0.2497151224464001,-0.023929691893144107,0.9883662709363081,0.40496576552747615,0.7508368449319538,1.564021330581914,-0.7473987744376777,14.98234239696137,3.7488149126662424,4,4
Armenia,ARM,2002,-0.4500259855484715,0.26554598749537545,0.8434395721708008,0.018908189560087395,0.17148337761063756,-0.26090130749818213,-0.3937063493864758,0.06518221245560978,0.041101488814628474,-0.023929691893144107,0.9828086467830385,1.5634058501029449,0.8496661175210388,1.4548775745895406,-1.0082112050109016,14.978599178336232,3.7803676344443087,4,5
Armenia,ARM,2003,-0.3250677421742977,0.5376245680667133,0.8434395721708008,0.19546482942385285,0.12124066327119981,-0.26100432368668586,-0.3821126928817312,0.06518221245560978,0.041101488814628474,-0.023929691893144107,1.4496407127020836,1.5634058501029449,0.8496661175210388,0.8000155625249085,-1.0082112050109016,14.973177923632031,3.7738918691750447,4,6
Armenia,ARM,2004,-0.21618094438343083,0.6614363655174041,0.9109538148123484,-0.007686998715553098,0.5711103421733499,-0.26110912628308275,-0.3657603520613306,0.06518221245560978,0.041101488814628474,-0.023929691893144107,1.2495697644288415,1.5634058501029449,0.8496661175210388,0.8000155625249085,-1.0082112050109016,14.967632333450343,3.8304344672623833,4,7
Armenia,ARM,2005,-0.057579534844385404,1.5085849558613724,1.034035497631138,-0.09298129492298916,0.40244549739095303,-0.261219288103159,-0.3187823661054227,0.06518221245560978,0.9608686863859459,0.48516039255512694,0.8383134998869347,0.02481569185954548,0.3175886600795611,0.18925667335919558,-1.0082112050109016,14.96176981792323,3.80960837101192,4,8
Armenia,ARM,2006,0.11576050597596496,2.327859644426623,1.1501093750803064,-0.35808695847651983,0.6416829461286303,-0.26133421367761694,-0.25270253849682417,0.06518221245560978,0.041101488814628474,-0.023929691893144107,-0.4454736910404334,1.0302326568805948,0.09856386722147399,-0.22156917629591755,-1.0082112050109016,14.955616935246796,3.839021418456004,4,9
Armenia,ARM,2007,0.32060997474040615,2.528401471500253,1.206156926588754,-0.47609735321322666,0.6319191961702463,-0.2614515211292657,-0.1679226217926509,0.06518221245560978,0.041101488814628474,-0.023929691893144107,-0.17037646728139427,1.0302326568805948,0.09856386722147399,-0.22156917629591755,-1.0082112050109016,14.949297243452433,3.837837795995314,4,10
Armenia,ARM,2008,0.4441853191971793,2.9320413197600947,1.1958440469489071,-0.5468938289088694,0.7810895940138814,-0.2615724013967007,-0.11738222331549746,0.06518221245560978,0.041101488814628474,-0.023929691893144107,-0.4454736910404334,1.0302326568805948,0.09856386722147399,-0.16394131923422986,-1.0082112050109016,14.942743020798124,3.8557701155709867,4,11
Armenia,ARM,2009,0.2079242748591137,2.453142637495808,1.4280717744411855,-0.4673904283534533,0.9047467040880182,-0.2616980454185174,-0.14673243631818106,0.06518221245560978,0.041101488814628474,-0.023929691893144107,-0.7205709147994724,1.0302326568805948,-0.039797059058874096,-0.16394131923422986,-1.0082112050109016,14.935884664571704,3.8703954250087986,4,12
Armenia,ARM,2010,0.25196713056769227,2.0276782432517217,1.6006526321626109,-0.2529469139234152,0.3591035722108284,-0.2618242849096318,-0.13838070244821496,0.06518221245560978,0.041101488814628474,-0.023929691893144107,0.1047207564776448,1.0302326568805948,-0.039797059058874096,-0.23204696848895165,-1.0082112050109016,14.928946103952764,3.804185882726331,4,13
Armenia,ARM,2011,0.3342299582354012,0.9802121899504443,1.13600386411477,-0.1134737530366699,0.48778366543646423,-0.2619249192209447,-0.18909383624281864,0.06518221245560978,0.041101488814628474,-0.023929691893144107,-0.17037646728139427,1.0302326568805948,-0.039797059058874096,-0.23204696848895165,-1.0082112050109016,14.923380198156904,3.8201998074091676,4,14
Armenia,ARM,2012,0.45444436783686276,0.11468752333360585,1.13600386411477,0.0764474911479291,0.17454270315656856,-0.26194754705425766,-0.08914924428133038,0.06518221245560978,0.041101488814628474,-0.023929691893144107,-0.17037646728139427,1.0302326568805948,-0.039797059058874096,-0.23204696848895165,-1.0082112050109016,14.92212441519471,3.7807605985909336,4,15
Armenia,ARM,2013,0.5137606279750606,-0.17467199056207627,0.8466522643066474,0.12281747075846132,-0.1033340940833115,-0.26196005190950955,-0.14547219068606687,-0.02822348203657343,0.041101488814628474,-0.023929691893144107,-0.17037646728139427,0.3904244667213316,0.09856386722147399,-0.24427088475095482,-1.0082112050109016,14.921429752721451,3.7444226009035253,4,16
Armenia,ARM,2014,0.5843530065485257,-0.3222974309095974,0.8339366218702698,0.07112742248127966,-0.034045429079608426,-0.2620088803919217,-0.1364137635328369,-0.14840230661693113,0.041101488814628474,-0.023929691893144107,-0.17037646728139427,0.3904244667213316,0.5136466460625201,0.2115130756460289,-0.9845009840496998,14.918712630773157,3.7536078179028025,4,17
Armenia,ARM,2015,0.6507738173295908,-0.24742044657947454,0.8311077981853329,-0.04809656695849628,-0.3461208752800739,-0.262063663567311,-0.24670557354374156,-0.11179627439588918,0.041101488814628474,-0.023929691893144107,0.1047207564776448,0.6036938634410864,0.5136466460625201,0.18881084330138195,-0.7236885534764754,14.91565533843341,3.7115551622189593,4,18
Armenia,ARM,2016,0.6627392267748086,-0.6420942770000663,0.8311077981853329,0.07983178166431959,-0.09384501877566775,-0.2621369062909293,-0.2637006566948391,-0.12278781263554699,0.041101488814628474,-0.023929691893144107,0.1047207564776448,0.3904244667213316,0.5136466460625201,0.16785525891531372,-0.7236885534764754,14.911553214620781,3.7456855124241946,4,19
Armenia,ARM,2017,0.819458598343451,-0.6068500306366192,0.8311077981853329,0.40357197400374106,-0.26659398909263515,-0.2622137218303338,-0.13908748435250126,-0.1033723211912484,0.041101488814628474,-0.023929691893144107,-0.17037646728139427,0.6036938634410864,0.5136466460625201,0.2080203036184806,-0.7236885534764754,14.90723283156562,3.722440590954203,4,20
Azerbaijan,AZE,1996,-0.6748909193113417,0.7826916329254788,0.7097741565546102,0.21869889858940067,2.8507928081768537,-0.23372885250510422,-0.8776652414294185,0.6769373213240941,-1.2105808136489213,-1.2310617606611092,-0.9956681385585116,-0.4626525230036132,-1.0083235430213147,-1.1645704736689877,-0.10722280848521933,15.864879544203989,4.076181165090625,5,0
Azerbaijan,AZE,1997,-0.6447566353900254,1.7386380737034872,0.7097741565546102,0.2544715832173601,4.340390785526457,-0.23328076185857788,-0.8871414087523014,0.8308034506632676,-1.2105808136489213,-1.2310617606611092,-1.2707653623175506,-0.4626525230036132,-1.0083235430213147,-1.1645704736689877,-0.10722280848521933,15.87452628070435,4.209284200499521,5,1
Azerbaijan,AZE,1998,-0.5856152891661401,1.5595086971030658,0.7097741565546102,0.11329422917060655,3.429600784845333,-0.23283564855854005,-0.8865163990926801,0.6607664436420427,-1.2105808136489213,-1.2310617606611092,-1.5458625860765898,-0.4626525230036132,-1.0083235430213147,-1.1645704736689877,-0.10722280848521933,15.884017660965643,4.130024566349321,5,2
Azerbaijan,AZE,1999,-0.5391477316208099,0.7102637850629522,0.7097741565546102,-0.10211267079954386,1.3221599976468394,-0.2324203087233877,-0.885551765525062,1.0072627380104444,-1.2105808136489213,-1.2310617606611092,-1.2707653623175506,-0.4626525230036132,-1.0083235430213147,-1.1645704736689877,-0.10722280848521933,15.892793646860005,3.9182418106547714,5,3
Azerbaijan,AZE,2000,-0.46112488009446834,0.05861764510925004,0.7097741565546102,0.15173068244681143,-0.21832747268233912,-0.23202819219084603,-0.9251879175930213,1.294210983612814,-1.2105808136489213,-1.2310617606611092,-0.9956681385585116,-0.4626525230036132,-1.0083235430213147,-1.1645704736689877,-0.15464325040762328,15.901008845471843,3.72898986233739,5,4
Azerbaijan,AZE,2001,-0.38476134649805827,0.02773029730174181,0.7097741565546102,0.15948971997589917,1.8939925782702394,-0.2316554284104799,-0.9329638024666039,1.3714327579237815,-1.2105808136489213,-1.2310617606611092,-1.2707653623175506,-0.5692872213634906,-0.7316016904606173,-1.1645704736689877,-0.15464325040762328,15.908756503906819,3.980280455983335,5,5
Azerbaijan,AZE,2002,-0.3054090104920835,1.385606779894958,0.7097741565546102,0.5670008565029732,5.10927927298515,-0.2312936808121214,-0.8375988212272523,1.5962979154619428,-1.2105808136489213,-1.2310617606611092,-1.5458625860765898,-0.6759219197233678,-0.45487983789991987,-1.1645704736689877,-0.15464325040762328,15.916218238817484,4.27162778396565,5,6
Azerbaijan,AZE,2003,-0.21170610643893947,3.665468755914213,0.7097741565546102,0.9957808989698262,9.12390273305521,-0.230923596643595,-0.6531783191011884,1.7956011644379462,-1.2105808136489213,-1.2310617606611092,-1.5458625860765898,-0.6759219197233678,-0.45487983789991987,-1.1645704736689877,-0.15464325040762328,15.92379474745002,4.545903396975756,5,7
Azerbaijan,AZE,2004,-0.1209665653282777,4.250950977616083,0.7097741565546102,1.4019012188526663,8.998206869794156,-0.23049247687205335,-0.7867024937010848,1.9818356640194503,-1.2105808136489213,-1.2310617606611092,-1.5458625860765898,-0.6759219197233678,-0.45487983789991987,-1.1645704736689877,-0.15464325040762328,15.932549019196312,4.538364607856677,5,8
Azerbaijan,AZE,2005,0.19463148257183238,2.262157972858604,0.7097741565546102,1.2370328601793168,5.345514058627583,-0.22998424382645832,-0.763566999954876,2.651751356448989,-1.2105808136489213,-1.2310617606611092,-1.5458625860765898,-0.6759219197233678,-0.45487983789991987,-1.1645704736689877,-0.5577170067480601,15.942771673895882,4.290027170469374,5,9
Azerbaijan,AZE,2006,0.6893837133152861,0.8546146781322987,0.7097741565546102,0.9291509397367831,3.1407386986381214,-0.22943224378748164,-0.7263182301199572,3.1672532959280986,-1.2105808136489213,-1.2310617606611092,-0.9956681385585116,-0.4626525230036132,-0.731601690460617,-0.8048327670782799,-0.7236885534764754,15.953757538338117,4.103515607738441,5,10
Azerbaijan,AZE,2007,1.1689467607020585,-0.15200052530011846,0.7097741565546102,0.6782763095334354,1.812609549637575,-0.22885612724194776,-0.6896492540991455,3.2676808867648273,-1.2105808136489213,-1.2310617606611092,-0.4454736910404334,-0.4626525230036132,-0.731601690460617,-0.8048327670782799,-0.7236885534764754,15.965096091670853,3.9716825825431834,5,11
Azerbaijan,AZE,2008,1.374100185722928,-0.49403224506231286,0.7097741565546102,0.46295476344983166,0.7932998525587605,-0.22777177765081882,-0.7564341045964049,3.21406196795594,-1.2105808136489213,-1.2310617606611092,-0.4454736910404334,-0.4626525230036132,-0.731601690460617,-0.8257883514643481,-0.7236885534764754,15.986094629575279,3.857223815743188,5,12
Azerbaijan,AZE,2009,1.5648943567269245,-0.4648507956167312,0.7097741565546102,0.04101215681295568,0.5067482238426242,-0.22667704902983085,-0.6837649633193429,2.4407345459051104,-1.2105808136489213,-1.2310617606611092,-0.7205709147994724,-0.4626525230036132,-0.731601690460617,-0.8257883514643481,-0.7236885534764754,16.006856109869055,3.8225383673144755,5,13
Azerbaijan,AZE,2010,1.666751139319999,-0.5439962876767283,0.7097741565546102,0.048053240586526436,0.46941957421042524,-0.22603936691360677,-0.5425012983890825,2.7525916679504467,-1.2105808136489213,-1.2310617606611092,-0.4454736910404334,-0.4626525230036132,-0.731601690460617,-0.8327738955194445,-0.7236885534764754,16.018753985625754,3.817930068558167,5,14
Azerbaijan,AZE,2011,1.5821470453353912,-0.3001622287733444,0.7037126581616147,0.20875495831469026,0.5516827281578064,-0.22533224712257677,-0.49426284958426564,2.897888890800758,-1.2105808136489213,-1.2310617606611092,-0.7205709147994724,-0.4626525230036132,-0.731601690460617,-0.8327738955194445,-0.7236885534764754,16.031783992744764,3.828057603371126,5,15
Azerbaijan,AZE,2012,1.6067978619231276,-0.023988435997663607,0.6980976277701774,0.1434221587250759,0.6930398916349059,-0.22460159438490132,-0.4656171880528101,2.712702209550955,-1.2105808136489213,-1.2310617606611092,-0.7205709147994724,-0.4626525230036132,-0.731601690460617,-0.8327738955194445,-0.7236885534764754,16.045071629579173,3.845224266074111,5,16
Azerbaijan,AZE,2013,1.7373285120165902,0.3808539935183733,0.7116659060665487,0.03902750450027634,-0.028717696647228612,-0.22388097530489226,-0.45374754904411957,2.506939571548424,-1.2105808136489213,-1.2310617606611092,-0.4454736910404334,-0.03611432671817715,-0.45487983789991987,-0.8484905838089957,-0.7236885534764754,16.05800609846676,3.7543106053531283,5,17
Azerbaijan,AZE,2014,1.7836420841191933,0.579292489089936,0.7225458419148426,-0.11208700822705625,0.38972274250891464,-0.2231766661289475,-0.46329086186301627,2.2172468515660273,-1.2105808136489213,-1.2310617606611092,-0.4454736910404334,-0.03611432671817715,-0.3165189116195712,-0.8886551046225533,-0.7236885534764754,16.070488187123043,3.808019679509948,5,18
Azerbaijan,AZE,2015,1.779101381618756,0.6271782279266298,0.7721083732960095,-0.021339406476447057,0.6982873338849875,-0.2224962709999987,-0.4957235125880228,1.490790086899884,-1.2105808136489213,-1.2310617606611092,-0.4454736910404334,-0.03611432671817715,-0.3165189116195712,-0.9096106890086215,-0.7236885534764754,16.082400284461865,3.845855886545209,5,19
Azerbaijan,AZE,2016,1.651393662344288,0.2887832214180206,0.8362966486817899,0.4872379316607467,1.4542017846027753,-0.22185035949808027,-0.4600829330939022,1.7135581429638407,-0.5847396624171465,-0.023929691893144107,-0.4454736910404334,0.1771550700015777,-0.3165189116195712,-0.9200884812016551,-0.7236885534764754,16.093578855411227,3.9329126962579513,5,20
Azerbaijan,AZE,2017,1.627024729230787,0.14116677943856448,0.9330514995585184,0.4966959238663886,0.5900748406254249,-0.22127739298513127,-0.45397189257326287,1.8926689077435586,-0.5847396624171465,-0.023929691893144107,-0.4454736910404334,-0.03611432671817715,-0.3165189116195712,-0.9200884812016551,-0.7236885534764754,16.103391472455574,3.832749235095067,5,21
Burundi,BDI,2000,-1.1506278335772326,-0.09145487439041167,-1.9528890761775066,-0.16305872309946667,-0.41761193899195126,-0.24142711531404995,-2.084323432465384,-0.9613625102307625,-0.5847396624171465,-0.6274957262771266,-1.5458625860765898,-0.889191316443122,-1.0775040061614884,-1.1645704736689877,0.1298794011268022,15.682716805126464,3.7016674795840476,6,0
Burundi,BDI,2002,-1.1489861361116942,-0.09145487439041167,-1.9345485337696366,-0.16305872309946667,-0.6183296034925002,-0.23931952319112304,-2.0695886207774454,-0.939271076580211,0.041101488814628474,-0.6274957262771266,-1.2707653623175506,-0.889191316443122,-1.0775040061614884,-0.5097084616043556,0.1298794011268022,15.735975857998893,3.6733726644725397,6,1
Burundi,BDI,2003,-1.155676841130862,-0.09145487439041167,-1.9226585049528468,-0.16305872309946667,-0.6183296034925002,-0.23801531442589385,-2.0614707600497875,-0.944474859613462,0.041101488814628474,-0.6274957262771266,-1.2707653623175506,-0.889191316443122,-1.0775040061614884,-0.1822774555720396,0.1298794011268022,15.767566781152569,3.6733726644725397,6,2
Burundi,BDI,2004,-1.1541894968917064,-0.09145487439041167,-1.8665261204471204,-0.16305872309946667,-0.655084587310466,-0.2364224221451351,-2.0531782709857995,-0.8959103577104744,0.15489092558574785,-0.4019204051449396,-1.1623937820676942,-0.6328372534319093,-0.7735294786732042,-0.3112653641436054,0.1298794011268022,15.804843704568261,3.6681035236391417,6,3
Burundi,BDI,2005,-1.1583735223695106,-0.09145487439041167,-1.8243169645462598,-0.16305872309946667,-0.6466570618762144,-0.23477509801587274,-2.043908488074643,-0.844950024840407,0.041101488814628474,-0.023929691893144107,-0.7205709147994724,-0.889191316443122,-0.731601690460617,0.14515355046027645,0.1298794011268022,15.841986354859154,3.669314136871317,6,4
Burundi,BDI,2006,-1.1559074479542144,-0.09145487439041167,-1.7751216165587063,-0.16305872309946667,-0.6555110909464261,-0.23311821660438212,-2.0335929119801643,-0.9800996360281873,-0.5847396624171465,-1.2310617606611092,0.1047207564776448,-0.24938312628385903,0.09856386722147399,-0.1587024231377128,0.1298794011268022,15.878002767826038,3.6680422174525416,6,5
Burundi,BDI,2007,-1.1563706304632937,-0.09145487439041167,-1.7390481511021811,-0.16305872309946667,-0.6494014958720781,-0.23135368029855863,-2.0222815809345778,-0.8263038635124337,-0.5847396624171465,-1.2310617606611092,0.3798179802366839,-0.24938312628385903,-0.039797059058874096,-0.5952769232175982,0.1298794011268022,15.914984479956809,3.66892006008753,6,6
Burundi,BDI,2008,-1.1553783214607765,-0.09145487439041167,-1.7390481511021811,-0.16305872309946667,-0.6137202121642709,-0.22930667717667366,-2.0104749534474875,-0.9717524518866708,-0.5847396624171465,-1.2310617606611092,0.1047207564776448,-0.24938312628385903,-0.039797059058874096,-0.5952769232175982,0.1298794011268022,15.956239795695874,3.6740315051435117,6,7
Burundi,BDI,2009,-1.1573798420282873,-0.09145487439041167,-1.5381779879320898,-0.16305872309946667,-0.6524670378252092,-0.22667464928856107,-1.997662496810595,-0.8413307432210843,-0.5847396624171465,-1.2310617606611092,-0.17037646728139427,-0.24938312628385903,-0.5932407641802689,-0.5952769232175982,0.1298794011268022,16.00690115065752,3.668479691309053,6,8
Burundi,BDI,2010,-1.1569559256161701,-0.09145487439041167,-1.434393347321442,-0.16305872309946667,-0.6491304896532072,-0.22412128884936888,-1.9842266139662148,-0.9741793116999409,-0.5847396624171465,-1.2310617606611092,-0.4454736910404334,-0.24938312628385903,-0.5932407641802689,-0.6825920327894185,0.1298794011268022,16.05371125127676,3.6689589811278895,6,9
Burundi,BDI,2011,-1.1564112478541118,-0.09145487439041167,-1.3248846682995727,-0.16305872309946667,-0.6293044855287948,-0.22208755873812985,-1.9699949992112664,-1.0223357518018357,-0.5847396624171465,-1.2310617606611092,-0.4454736910404334,-0.24938312628385903,-0.5932407641802689,-0.6825920327894185,0.1298794011268022,16.089488233007184,3.671802226722758,6,10
Burundi,BDI,2012,-1.155280339877423,-0.09145487439041167,-1.2244398486723784,-0.16305872309946667,-0.6513361639652292,-0.21998525438256664,-1.9539179752924607,-0.9403567419468949,-1.2105808136489213,-1.2310617606611092,-0.7205709147994724,-0.6759219197233678,-0.5932407641802689,-0.7541904540716882,0.1298794011268022,16.125173444181293,3.6686421652703474,6,11
Burundi,BDI,2013,-1.1534536925806265,-0.09145487439041167,-1.0567554943702935,-0.16305872309946667,0.18954611556864123,-0.217792063548094,-1.9374549207620568,-0.9575934074621731,-1.2105808136489213,-0.023929691893144107,-0.7205709147994724,-0.6759219197233678,-0.5932407641802689,-0.7873699547197601,0.1298794011268022,16.16109211161257,3.782685523952119,6,12
Burundi,BDI,2014,-1.1522951746067345,-0.09145487439041167,-0.8380152374204537,-0.16305872309946667,-0.05400091625853986,-0.21564573019265812,-1.9205581824409992,-0.9687172097087563,-1.2105808136489213,-0.023929691893144107,-0.7205709147994724,-0.6759219197233678,-0.5932407641802689,-0.8013405189403416,0.1298794011268022,16.195036877083318,3.7509710677412507,6,13
Burundi,BDI,2015,-1.1563176175873218,-0.09145487439041167,-0.7053230251829176,-0.16305872309946667,-0.6089456672890823,-0.21417018704639898,-1.922618519590093,-0.9715161434126414,-1.2105808136489213,-0.023929691893144107,-1.2707653623175506,-0.6759219197233678,-0.731601690460617,-0.9480296096428192,0.1298794011268022,16.217722047935712,3.6747134945705926,6,14
Burundi,BDI,2016,-1.1541825177391558,-0.09145487439041167,-0.5775005319257168,-0.16305872309946667,-0.6555779282693653,-0.21302765415019087,-1.923222322205674,-0.84717598714613,-1.2105808136489213,-0.023929691893144107,-1.5458625860765898,-0.6759219197233678,-1.0083235430213147,-0.9637462979323704,0.1298794011268022,16.234940646792882,3.6680326098282783,6,15
Burundi,BDI,2017,-1.1520448023059702,-0.09145487439041167,-0.5502897478043037,-0.16305872309946667,-0.24627227174082417,-0.21143589921579073,-1.9238832690406003,-0.8410994276918056,-1.2105808136489213,-0.023929691893144107,-1.2707653623175506,-0.6759219197233678,-1.0083235430213147,-0.9759702141943736,0.1298794011268022,16.258445507434633,3.725203269305206,6,16
Burundi,BDI,2018,-1.1486707472802786,-0.09145487439041167,-0.6187475048721639,-0.16305872309946667,-0.615334271281801,-0.20933577427785713,-1.9433577586606054,-0.7625658018804914,-1.2105808136489213,-0.023929691893144107,-0.9956681385585116,-0.6759219197233678,-1.1466844693016627,-0.9759702141943736,0.1298794011268022,16.288635323128048,3.673800849924711,6,17
Benin,BEN,1996,-0.9561368088594552,-0.7654681092317327,-1.597337162763695,-0.4894043098045086,-0.7662193904141832,-0.24189358214310364,0.39577898680404733,-1.151226313192207,0.041101488814628474,0.5796363424908384,1.7553040990318793,0.6036938634410864,0.9979098880437403,0.47258455649259246,0.1298794011268022,15.670535707361418,3.6520003900603895,7,0
Benin,BEN,1997,-0.9468674511818621,-0.6580710422085718,-1.597337162763695,-0.4255596970609176,-0.5605716255960047,-0.24075321675513917,0.3854852087854188,-1.1300257087162215,0.041101488814628474,0.5796363424908384,1.7553040990318793,0.6036938634410864,0.9979098880437403,0.47258455649259246,0.1298794011268022,15.700056722656301,3.6815970742737276,7,1
Benin,BEN,1998,-0.9439870949072405,-0.6516693591358128,-1.597337162763695,-0.3998920457543065,-0.5742595906011737,-0.23952581161992853,0.3720578833247169,-1.2097461157962628,0.041101488814628474,0.5796363424908384,1.7553040990318793,0.6036938634410864,0.9979098880437403,0.47258455649259246,0.1298794011268022,15.730886386257394,3.6796540921318486,7,2
Benin,BEN,1999,-0.9362941643690654,-0.3144607781874047,-1.597337162763695,-0.551274777337913,-0.6109708883601969,-0.23825550292181794,0.36359576919773196,-0.7519909776487832,0.041101488814628474,0.5796363424908384,1.7553040990318793,0.6036938634410864,0.9979098880437403,0.47258455649259246,0.1298794011268022,15.761823340237667,3.674424271576101,7,3
Benin,BEN,2000,-0.9265284687577249,-0.47617965982703947,-1.5704507903325866,-0.7562572255675792,-0.7205004609604511,-0.23695261014373667,0.35688508286859993,-0.6926211421524648,0.041101488814628474,0.5796363424908384,1.7553040990318793,0.6036938634410864,0.9979098880437403,0.47258455649259246,0.1298794011268022,15.792589862431617,3.658656365009122,7,4
Benin,BEN,2001,-0.918341750163926,-0.43530829270580607,-1.5086457635956276,-0.729803143519148,-0.5748706489294606,-0.23561889587480594,0.3493976452266232,-0.4545252263657518,0.041101488814628474,0.5796363424908384,1.7553040990318793,0.23047256847003433,0.8249587301933046,-0.018561952555881573,0.1298794011268022,15.823133408931024,3.6795672654057143,7,5
Benin,BEN,2002,-0.912508360812706,-0.6960581468081924,-1.440900979269483,-0.8604337382452638,-0.7380689453185505,-0.23425032878788032,0.3398757748659974,-0.483785667716493,0.041101488814628474,0.5796363424908384,1.7553040990318793,-0.14274872650101778,0.6520075723428688,-0.5097084616043556,0.1298794011268022,15.853534485069108,3.65610390151085,7,6
Benin,BEN,2003,-0.9111865953068282,-0.6195835301626273,-1.393353480368435,-0.9230663724994759,-0.6206362427224309,-0.23283523173003165,0.33006173705964825,-0.44123929855963073,0.041101488814628474,0.5796363424908384,1.7553040990318793,-0.14274872650101778,0.30610525664199734,0.14515355046027645,0.1298794011268022,15.88402650712785,3.673042803303262,7,7
Benin,BEN,2004,-0.906145901551136,-0.7962196259402822,-1.3281461023525876,-0.9729251914691697,-0.7729217623964392,-0.23137023434503495,0.3155736269137817,-0.5469981601350905,0.10431795383701045,0.7198587350102348,1.016153951547098,-0.2307131042242276,0.2886352526461354,0.16499796498427285,0.1298794011268022,15.914643813926924,3.6510208933997843,7,8
Benin,BEN,2005,-0.9121665658308318,-0.9230032607243269,-1.3281461023525876,-0.9964115899162467,-0.6797155389938563,-0.22978003358550184,0.2997165868468528,-0.4539165058788787,0.033265957601206604,-0.09341221377142864,0.9977902215111767,0.06511881448384355,-0.19391729484255452,0.803090270643954,0.1298794011268022,15.946849930012956,3.6645568652125595,7,9
Benin,BEN,2006,-0.9092218305548166,-1.0296668791506909,-1.3281461023525876,-0.9766582414472785,-0.687164017322448,-0.22818954700070584,0.280988403485229,-0.49206075402513916,0.041101488814628474,-0.023929691893144107,1.2051096515138011,-0.4626525230036132,0.236924793501823,1.0025863862201043,0.1298794011268022,15.978056615196333,3.6634818626039984,7,10
Benin,BEN,2007,-0.8977507901422082,-0.6785013084897884,-1.3281461023525876,-0.7048741588246898,-0.35337809706105244,-0.2266369977648669,0.2618018154481025,-0.6295599670081298,0.041101488814628474,-0.023929691893144107,1.2051096515138011,-0.4626525230036132,0.236924793501823,1.0025863862201043,0.1298794011268022,16.00760756731954,3.710555887701563,7,11
Benin,BEN,2008,-0.8905205509646539,-0.8255217278477284,-1.3281461023525876,-0.7438247157546186,-0.5684822343211603,-0.22500245240673336,0.22674479621700852,-0.7841621139982398,0.041101488814628474,-0.023929691893144107,0.930012427754762,-0.4626525230036132,-0.039797059058874096,0.11197404981220445,0.1298794011268022,16.03780350384402,3.680474638000927,7,12
Benin,BEN,2009,-0.8934356692858135,-0.7381506925318315,-1.3281461023525876,-0.8332466581584206,-0.6902462947182944,-0.2233294397319678,0.17749050354208734,-0.7625338423177763,-0.5847396624171465,-0.023929691893144107,0.930012427754762,-0.24938312628385903,-0.45487983789991987,0.5485485498920892,0.1298794011268022,16.067793864863926,3.663036674241036,7,13
Benin,BEN,2010,-0.8970891562018374,-0.6066535039035549,-1.3281461023525876,-0.6374431107088512,-0.5563034696440834,-0.221614124918293,0.13663433896285254,-0.7550529077039887,-0.5847396624171465,-0.023929691893144107,0.6549152039957229,-0.24938312628385903,-0.5932407641802689,0.5677580102091887,0.1298794011268022,16.097636278051944,3.6822021600694033,7,14
Benin,BEN,2011,-0.8973220249360483,-0.5367690457364692,-0.6404681786628003,-0.7600731302501186,-0.3880824656863702,-0.2198507080947492,0.09711310359582903,-0.7443262382485443,-0.5847396624171465,-0.023929691893144107,0.6549152039957229,-0.24938312628385903,-0.5932407641802689,0.5485485498920892,0.1298794011268022,16.127414495337156,3.705763457237834,7,15
Benin,BEN,2012,-0.8902063697138005,-0.7819877910904275,-0.6404681786628003,-0.6576433359069034,-0.20719617116017042,-0.2180402789701512,-0.11224505040072921,-0.8429716199654211,-0.5847396624171465,-0.023929691893144107,0.6549152039957229,-0.24938312628385903,-0.5932407641802689,0.5380707576990551,0.1298794011268022,16.157091146444312,3.7304941984983224,7,16
Benin,BEN,2013,-0.8733067619642579,-0.2358159688927954,-0.412449215752264,-0.41134166296058366,-0.1447625654901832,-0.21618731547361786,-0.27587411437666376,-0.8189925342137527,-0.5847396624171465,-0.023929691893144107,0.6549152039957229,-0.24938312628385903,-0.5932407641802689,0.5153690492440178,0.1298794011268022,16.18657965966323,3.738890080485947,7,17
Benin,BEN,2014,-0.8592383488392761,-0.1231193018066584,-0.3923010858956877,-0.23474959608620977,-0.11358436626455551,-0.2142748467301644,-0.23047522518408686,-0.8885118707282824,-0.5847396624171465,-0.023929691893144107,0.6549152039957229,-0.24938312628385903,-0.5932407641802689,0.47695012860982,0.1298794011268022,16.216129844538738,3.74305658646922,7,18
Benin,BEN,2015,-0.8645146460295614,-0.26158602911796924,-0.30056259301474103,-0.4824629007639939,-0.42243157701667505,-0.2123057667205777,-0.19178712077230523,-0.8907242774551871,0.041101488814628474,-0.023929691893144107,0.6549152039957229,-0.4626525230036132,-0.45487983789991987,0.48917456876143256,0.1298794011268022,16.245669004666507,3.7009973611886022,7,19
Benin,BEN,2016,-0.8629246614411349,-0.35534788770749315,-0.29473300456789886,-0.417548011945711,-0.4579708003846109,-0.21029807648172752,-0.14966538041902025,-0.9477868640922459,0.041101488814628474,-0.023929691893144107,0.6549152039957229,-0.4626525230036132,-0.45487983789991987,0.48044290063736805,0.1298794011268022,16.27491502379742,3.6960421045811005,7,20
Benin,BEN,2017,-0.8511260553263669,0.09523962088270968,-0.29473300456789886,-0.3450942040715911,-0.3750721480029851,-0.20826194067452575,-0.10092091999191538,-0.9974521047778346,0.041101488814628474,-0.023929691893144107,0.6549152039957229,-0.6759219197233678,-0.45487983789991987,0.4699651084443339,0.1298794011268022,16.30372680831075,3.707562783318775,7,21
Burkina Faso,BFA,1996,-1.1137589319694206,-0.012232652207441744,-1.9572463760641103,-1.0230581593604549,-0.5445576769527866,-0.21650227109456233,-1.4939621274022454,-0.7146875684349537,1.2927837912781783,-0.023929691893144107,0.3492518176659272,0.8751272610772731,1.5744139320264274,0.36344106244502367,0.41440205266122715,16.1816283226489,3.683865444017611,8,0
Burkina Faso,BFA,1997,-1.1068621661210063,0.1907378054225965,-1.9572463760641103,-1.0452884035903223,-0.5850999995980226,-0.21484519317820347,-1.4573223825314137,-0.6152232248593056,0.875556273678175,-0.023929691893144107,0.7493930539790742,1.417994653503719,1.5744139320264274,0.5817283124849659,0.1298794011268022,16.207408244782933,3.6781126321548108,8,1
Burkina Faso,BFA,1998,-1.0981900537750224,-0.03409213369258175,-1.9572463760641103,-0.9427521890253793,-0.6280497895646837,-0.21302043110760965,-1.422901184578792,-0.7678447519107324,0.4583287560781714,-0.023929691893144107,1.1495342902922212,1.9608620459301653,1.5744139320264274,0.8000155625249085,-0.15464325040762328,16.235048564380783,3.6719818908669284,8,2
Burkina Faso,BFA,1999,-1.0893206410668514,-0.6744005274471483,-1.9572463760641103,-1.108194915347699,-0.6144274387771095,-0.2110299916143141,-1.3805727498792184,-0.382817060326474,0.4583287560781714,-0.023929691893144107,1.1495342902922212,1.6894283497169424,1.5744139320264274,1.018302812564851,-0.15464325040762328,16.26435202400847,3.673930446305114,8,3
Burkina Faso,BFA,2000,-1.0917056846156865,-0.7471991221414662,-1.9371329239788717,-1.1120326790119948,-0.5177128976776375,-0.20894216907207117,-1.3408710575379106,-0.43243223771195816,0.4583287560781714,-0.023929691893144107,1.1495342902922212,1.417994653503719,1.5744139320264274,1.236590062604793,-0.15464325040762328,16.294193463707646,3.6876564921562593,8,4
Burkina Faso,BFA,2001,-1.0844413560965431,-1.0899626075872866,-1.9304915447616553,-1.2128637139193672,-0.6210684088979838,-0.2067421779782187,-1.2973485815624952,-0.5353438161570622,0.4583287560781714,-0.023929691893144107,1.1495342902922212,1.677310899288858,1.524999157370959,1.345733818597167,-0.15464325040762328,16.32470339630017,3.672980989232341,8,5
Burkina Faso,BFA,2002,-1.0818474988989606,-1.1268943859658314,-1.9304915447616553,-1.222922687560815,-0.5822886006050212,-0.2044442857771298,-1.250303648036896,-0.5357707358701631,0.4583287560781714,-0.023929691893144107,1.1495342902922212,1.936627145073997,1.4755843827154898,1.4548775745895406,-0.3917454600196454,16.355607324654997,3.678512629377238,8,6
Burkina Faso,BFA,2003,-1.0718325637157562,-1.0008321120576236,-1.8854840374918242,-1.2504031112972078,-0.5468642549252969,-0.20205267266327445,-1.1931441551191895,-0.36941363050964954,0.4583287560781714,-0.023929691893144107,1.016153951547098,1.936627145073997,1.4755843827154898,1.0183030745096555,-0.43916590194204935,16.386788539678978,3.6835390351456967,8,7
Burkina Faso,BFA,2004,-1.0689359677174624,-0.8509962252711247,-1.8463428991678585,-1.1016141915091684,-0.6092142757872657,-0.19956360504415593,-1.1376180194770333,-0.36656464740284683,0.4583287560781714,-0.023929691893144107,0.949463782174537,1.936627145073997,1.4755843827154898,1.0183030745096555,-0.43916590194204935,16.41823979818191,3.6746751392465726,8,8
Burkina Faso,BFA,2005,-1.056447816843488,-0.874890883243871,-1.810030136406533,-1.139701849879735,-0.505337741871191,-0.1969936191021717,-1.0804912077682851,-0.5748676714054627,0.4583287560781714,-0.023929691893144107,1.1495342902922212,1.936627145073997,1.4755843827154898,0.8000155625249085,-0.43916590194204935,16.449707810801662,3.68939929669177,8,9
Burkina Faso,BFA,2006,-1.0490263030477585,-0.8194363889301604,-1.7817597210360874,-1.1125099371267155,-0.4285343055223294,-0.19436412195857436,-1.0183011165737947,-0.5466282134387305,0.041101488814628474,-0.023929691893144107,0.930012427754762,0.3904244667213316,0.6520075723428688,0.5764891544436441,-0.43916590194204935,16.480911262347526,3.700148198173447,8,10
Burkina Faso,BFA,2007,-1.0464656991675818,-0.541995731319739,-1.741099379194835,-1.1511229186291918,-0.6053914074921384,-0.1917285748469123,-0.9576128536305865,-0.37582473643942954,0.041101488814628474,0.5796363424908384,0.7924638158752425,0.3904244667213316,0.5828271092026944,0.3582021663485066,-0.43916590194204935,16.511239023988956,3.6752208783347835,8,11
Burkina Faso,BFA,2008,-1.0393973691091782,-0.6488632643685077,-1.6429512552643677,-1.1043970971578445,-0.5935908839518514,-0.1890978748553336,-0.9152917635818969,-0.542946368446225,0.041101488814628474,1.183202376874821,0.1047207564776448,0.6036938634410864,0.5136466460625201,0.11895906997769114,-0.43916590194204935,16.540620674315917,3.6769036029585025,8,12
Burkina Faso,BFA,2009,-1.0393979735144463,-0.4682291143955401,-1.5908797894544309,-0.9614879171422479,-0.5494978506189495,-0.18640651440639724,-0.846707995056363,-0.3417768446418991,0.041101488814628474,1.183202376874821,0.1047207564776448,0.6036938634410864,0.7903684986232175,0.555533570057576,-0.43916590194204935,16.5698122750222,3.683166218965998,8,13
Burkina Faso,BFA,2010,-1.025282920381162,-0.3068108086830104,-1.5278902825085112,-0.7060541086548435,-0.5876734671968002,-0.18362905505170507,-0.7615065256064819,-0.08281893879015005,0.041101488814628474,1.183202376874821,0.3798179802366839,0.6036938634410864,0.7903684986232175,0.5537874459886063,-0.43916590194204935,16.599070067936722,3.677746346768529,8,14
Burkina Faso,BFA,2011,-1.0154558835902012,-0.18664758838142542,-1.4556566879444048,-0.4609002244795939,-0.4444989202043326,-0.18073858753369362,-0.6818650617181413,0.11072823528167122,0.041101488814628474,1.183202376874821,-0.7205709147994724,0.6036938634410864,0.09856386722147399,0.11721294590872151,-0.6288476696316664,16.62863577397285,3.69792338836845,8,15
Burkina Faso,BFA,2012,-1.005941594161701,-0.060381797204792045,-1.381069524807461,-0.3520201087766133,-0.19043221826970355,-0.17769943728673707,-0.6158420893295006,-0.014984966702827498,-0.5847396624171465,-0.023929691893144107,-0.4454736910404334,0.6036938634410864,0.09856386722147399,0.10498850575710898,-0.7236885534764754,16.65880747967442,3.7327554956276,8,16
Burkina Faso,BFA,2013,-0.9979780766311698,0.10059091468569321,-1.295733113182303,-0.2706153272664891,-0.008197990590996853,-0.1745844063871734,-0.5666234615892929,-0.24654784158827917,-0.5847396624171465,-0.023929691893144107,-0.4454736910404334,0.6036938634410864,0.09856386722147399,0.21500532378396725,-0.7236885534764754,16.688815841880388,3.7570127788256356,8,17
Burkina Faso,BFA,2014,-0.9940805987624516,-0.48403023064876677,-1.2246717372048865,-0.42230225007226124,-0.20089317826971656,-0.1714042906933701,-0.5009824101885362,-0.17689016833840354,-0.5847396624171465,-0.023929691893144107,-0.4454736910404334,0.3904244667213316,0.09856386722147399,0.20452753159093315,-0.6999783325152737,16.718549634425617,3.7313450120114124,8,18
Burkina Faso,BFA,2015,-0.9913210385333029,-0.42510504772631075,-1.1044427206731218,-0.41457226764390764,-0.3079073596661249,-0.16814096411990487,-0.4364569740790454,-0.2243566235681404,0.041101488814628474,-0.023929691893144107,-0.7205709147994724,0.1771550700015777,-0.039797059058874096,0.31105210147985307,-0.43916590194204935,16.74816926347939,3.716800517719099,8,19
Burkina Faso,BFA,2016,-0.9822205715712579,-0.29197113632355326,-1.030688246190888,-0.44937825351701133,-0.11543234334234787,-0.16482200284995466,-0.35675773152963225,-0.18090209200005175,0.6669426400464034,-0.023929691893144107,-0.7205709147994724,0.1771550700015777,-0.039797059058874096,0.31105210147985307,-0.3443250180972414,16.77742008708204,3.74281011500205,8,20
Burkina Faso,BFA,2017,-0.9718466865584351,-0.21456703823211745,-0.9501156895218564,-0.40934561880611237,-0.6527131493986098,-0.16149004843992842,-0.2700807985843563,-0.15928768850016126,0.6669426400464034,-0.023929691893144107,-0.4454736910404334,0.1771550700015777,-0.039797059058874096,0.3197832457143079,-0.15464325040762328,16.805949245180287,3.668444328675499,8,21
Bangladesh,BGD,1996,-0.9448158423875752,-0.23318615488876704,-0.7778059415377825,-1.375312311468502,-0.6507778940220936,0.4635608063097349,-0.7027162206898664,-0.4480413659736595,0.041101488814628474,-0.023929691893144107,-0.7205709147994724,-1.3157301098826306,-0.5932407641802689,-0.5097084616043556,-0.7236885534764754,18.642721127000158,3.668722362830311,9,0
Bangladesh,BGD,1997,-0.9355618243029827,-0.1014685651528981,-0.7778059415377825,-1.3680535786469719,-0.6046493656670381,0.47747031408800034,-0.6890584637360265,-0.43310764251801537,0.041101488814628474,-0.023929691893144107,-0.7205709147994724,-1.3157301098826306,-0.5932407641802689,-0.5097084616043556,-0.36803523905844315,18.661256035799212,3.6753267750804977,9,1
Bangladesh,BGD,1998,-0.9237110278464531,-0.06446099558373782,-0.7778059415377825,-1.3228133940681885,-0.5884292580790202,0.4919060559487305,-0.6782773204489452,-0.36643376354492313,0.041101488814628474,-0.023929691893144107,-0.7205709147994724,-1.3157301098826306,-0.5932407641802689,-0.5097084616043556,0.27214072689401525,18.68013564956749,3.6776387484609403,9,2
Bangladesh,BGD,1999,-0.9134203103566116,0.008288317933116119,-0.664396806072192,-1.3080332609015006,-0.5937445676583141,0.5067078327867627,-0.6465528245874361,-0.3902334169057665,0.041101488814628474,-0.023929691893144107,-0.5830223029199529,-1.3157301098826306,-0.5932407641802689,-0.5097084616043556,0.1298794011268022,18.69913082743166,3.6768817062414025,9,3
Bangladesh,BGD,2000,-0.900167061249939,0.140118479204878,-0.604628874340166,-1.280858773791532,-0.5626577625783932,0.5212148880505866,-0.6271207677352283,-0.3982939477336795,0.041101488814628474,-0.023929691893144107,-0.4454736910404334,-1.3157301098826306,-0.5932407641802689,-0.5097084616043556,-0.3917454600196454,18.717404107968648,3.6813011945885528,9,4
Bangladesh,BGD,2001,-0.886652830158108,0.18446768276336803,-0.5417369097445404,-1.2000634014545444,-0.6301237233728954,0.5346814619464438,-0.4496837329611551,-0.37286081875697275,-0.271819086801259,-0.023929691893144107,-0.7205709147994724,-1.4223648082425078,-0.8007821536007919,-0.8371394676366716,-0.5340067857868585,18.73407304032073,3.671684899873238,9,5
Bangladesh,BGD,2002,-0.8772754714589459,0.20473094304848927,-0.49984519678229605,-1.2911705162108575,-0.6389786795947726,0.5473521434883685,-0.2702342426957906,-0.3515202174669728,-0.5847396624171465,-0.023929691893144107,-0.9956681385585116,-1.5289995066023851,-1.0083235430213147,-1.1645704736689877,-1.2927338565453277,18.749507103782477,3.6704158612559565,9,6
Bangladesh,BGD,2003,-0.8634837230836826,0.2456884020010546,-0.5032445835598542,-1.3292791857045245,-0.5767578652048372,0.5594800249919661,-0.0806629737511878,-0.3820224745216643,-0.5847396624171465,-0.023929691893144107,-0.7205709147994724,-1.5289995066023851,-1.0083235430213147,-1.1645704736689877,-1.482415624234945,18.764060156729165,3.6792990587660506,9,7
Bangladesh,BGD,2004,-0.8466433897416782,0.28359894728128504,-0.6195414190855744,-1.3525504521630507,-0.5335150263441731,0.5709874989436663,-0.015918005546675284,-0.3564939363729424,-1.2105808136489213,-0.023929691893144107,-0.4454736910404334,-1.5289995066023851,-0.731601690460617,-1.1645704736689877,-1.5298360661573491,18.777675635702337,3.685426639246202,9,8
Bangladesh,BGD,2005,-0.8228157767397668,0.38528563443391295,-0.6607081391186244,-1.1331607837430648,-0.4480670859098682,0.5817829404826304,0.062113758613431755,-0.31304085589091923,-1.2105808136489213,-0.023929691893144107,-0.7205709147994724,-1.5289995066023851,-0.731601690460617,-1.1645704736689877,-0.7236885534764754,18.79028228724006,3.6974254555115884,9,9
Bangladesh,BGD,2006,-0.7965964348545629,0.4233253370164942,-0.6415047889407962,-1.0250479456926795,-0.5430348250609629,0.5918474851415069,0.12096492904647858,-0.24658385483302078,-1.2105808136489213,-0.023929691893144107,-0.7205709147994724,-0.889191316443122,-0.45487983789991987,-0.31586930603322466,-0.43916590194204935,18.801893964669873,3.6840808877283973,9,10
Bangladesh,BGD,2007,-0.7665482260482073,0.427490690424663,-0.6138502659565209,-0.9717783390004908,-0.510734219123035,0.6012755803056056,0.1577174949829787,-0.2127302514331656,-1.2105808136489213,-0.023929691893144107,-0.032827855401874745,-0.889191316443122,-0.38569937475974553,-0.31586930603322466,-0.05980236656281535,18.812650389915355,3.6886396792908043,9,11
Bangladesh,BGD,2008,-0.739850292333832,0.43037350542121755,-0.6822706808176692,-0.8938282872111497,-0.3985210917412136,0.6101182160108893,0.19512237275779518,-0.19381092945066036,-1.2105808136489213,-0.023929691893144107,-0.4454736910404334,-0.889191316443122,-0.3165189116195712,-0.4189011038945965,0.1298794011268028,18.822634795508918,3.704317451389403,9,12
Bangladesh,BGD,2009,-0.7168545171178191,0.43083253948227446,-0.5538597897992877,-0.9674010352101285,-0.49976682472525547,0.6184515110976844,0.22196904421742655,-0.14631043727431275,-1.2105808136489213,-0.023929691893144107,-0.7205709147994724,-0.889191316443122,-0.3165189116195712,-0.4189011038945965,0.29585094785521693,18.83195372036144,3.6901828637229124,9,13
Bangladesh,BGD,2010,-0.6895146096009864,0.4357554900952386,-0.5040683776762614,-1.0340427775329026,-0.4661241566256535,0.6263609332742908,0.2596711937815095,-0.17463971271993695,-1.2105808136489213,-0.023929691893144107,-0.4454736910404334,-0.889191316443122,-0.3165189116195712,-0.3577804748053614,0.3195611688164192,18.8407190256461,3.6949018057258955,9,14
Bangladesh,BGD,2011,-0.6556673602671608,0.5781501972654077,-0.4950884501551226,-0.7541415740670916,-0.4813193953158163,0.6346325675153079,0.30925639724473813,-0.1672191246972083,-1.2105808136489213,-0.023929691893144107,-0.9956681385585116,-0.889191316443122,-0.3165189116195712,-0.35952659887433014,0.1298794011268022,18.849804284542497,3.692773178677682,9,15
Bangladesh,BGD,2012,-0.6199321898666678,0.6801715636145717,-0.4256784752790308,-0.7340592185835675,-0.44489688008476835,0.6434397072957553,0.3631016831738031,-0.1451084771903682,-1.2105808136489213,-0.023929691893144107,-0.9956681385585116,-0.889191316443122,-0.3165189116195712,-0.35952659887433014,0.1298794011268022,18.859387843607575,3.6978678658703434,9,16
Bangladesh,BGD,2013,-0.5855308765746299,0.6956059082265749,-0.2829191234842769,-0.7868649953259798,-0.3477931293861398,0.6521457066159866,0.4110874600287515,-0.061806193618337626,-1.2105808136489213,-0.023929691893144107,-0.9956681385585116,-0.889191316443122,-0.039797059058874096,-0.35952659887433014,0.1298794011268022,18.868771927048552,3.7113249917002067,9,17
Bangladesh,BGD,2014,-0.5488574505868009,0.7184332241979715,-0.2829191234842769,-0.8387337672496059,-0.39513905225203017,0.6606775192572519,0.3770815261483609,-0.061473972253045656,-1.2105808136489213,-0.023929691893144107,-0.7205709147994724,-0.889191316443122,-0.039797059058874096,-0.3734971630949126,0.1298794011268022,18.87788360432871,3.7047861758645397,9,18
Bangladesh,BGD,2015,-0.5064934322960123,0.7558791657459306,-0.14555543704395696,-0.9093953493438856,-0.3983213958163451,0.6691227625720163,0.36938397563591857,-0.018002191644007074,-1.2105808136489213,-0.023929691893144107,-0.7205709147994724,-0.889191316443122,-0.039797059058874096,-0.3822288312189771,0.1298794011268022,18.886821798050054,3.704345133801832,9,19
Bangladesh,BGD,2016,-0.45730627394359014,0.9199495487549636,0.02594414677255433,-1.222293294994904,-0.4997648362286829,0.6776305480271191,0.3666758886148912,0.33603550132423243,-1.2105808136489213,-0.023929691893144107,-0.7205709147994724,-1.1024607131628763,-0.039797059058874096,-0.3822288312189771,0.1298794011268022,18.895746122154705,3.6901831433016263,9,20
Bangladesh,BGD,2017,-0.409111219818548,1.005691806267942,-0.04004257046271248,-1.2611272870049195,-0.5465015668226454,0.6858135764366371,0.3612553543573341,0.3510015611506482,-1.2105808136489213,-0.023929691893144107,-0.4454736910404334,-1.1024607131628763,-0.1781579853392228,-0.4346177921841477,-0.012381924640410252,18.90425529525891,3.6835903669887693,9,21
Bosnia and Herzegovina,BIH,1996,-0.6233691904298123,1.380182604648678,0.6340180980971117,0.994270371386579,-0.17707047960856712,-0.25687923394557555,1.6572121324079911,-0.11252313078106244,0.041101488814628474,-1.2310617606611092,0.1047207564776448,0.1771550700015777,0.6520075723428688,1.4548775745895406,0.1298794011268022,15.170119960673638,3.7345542115797214,10,0
Bosnia and Herzegovina,BIH,1997,-0.40683278427613817,1.4021653193435686,0.6340180980971117,0.7943678985870608,-0.17707047960856712,-0.2560278259890176,1.681427902142965,-0.1528225352017399,0.041101488814628474,-1.2310617606611092,0.1047207564776448,0.1771550700015777,0.6520075723428688,1.4548775745895406,0.1298794011268022,15.20635156739618,3.7345542115797214,10,1
Bosnia and Herzegovina,BIH,1998,-0.2758446105288769,1.2021044473537785,0.6340180980971117,1.5229499061894538,-0.3680787809326013,-0.25560427463224983,1.7190722484876624,0.03202247792593131,0.041101488814628474,-1.2310617606611092,0.1047207564776448,0.1771550700015777,0.6520075723428688,1.4548775745895406,0.1298794011268022,15.223898302945834,3.70852862932931,10,2
Bosnia and Herzegovina,BIH,1999,-0.18904871644484536,0.15081336088093136,0.6340180980971117,1.4110224661908766,0.01393782171546711,-0.2553604359095308,1.6956020491398427,-0.2247349833617991,0.041101488814628474,-1.2310617606611092,0.1047207564776448,0.1771550700015777,0.6520075723428688,1.4548775745895406,0.1298794011268022,15.233862054202223,3.759919608294406,10,3
Bosnia and Herzegovina,BIH,2000,-0.13697211930001452,1.025111948555708,0.6340180980971117,0.3498898440835762,-0.1900536962778816,-0.2551849749262677,1.719591256659573,-0.4602825913260291,0.041101488814628474,-1.2310617606611092,0.1047207564776448,0.1771550700015777,0.6520075723428688,1.4548775745895406,0.1298794011268022,15.240970823043142,3.732806495642143,10,4
Bosnia and Herzegovina,BIH,2001,-0.11430151166218096,0.7712290162372317,0.6340180980971117,0.36962059076474035,-0.29319001856801286,-0.25506786397948716,1.712124115517196,-0.5103901650541914,0.041101488814628474,-1.2310617606611092,0.1047207564776448,0.1771550700015777,0.6520075723428688,1.4548775745895406,0.1298794011268022,15.245687584967584,3.7188133686544678,10,5
Bosnia and Herzegovina,BIH,2002,-0.05700904559591717,0.7657548597936762,0.6340180980971117,0.1569372857154898,0.05078168801199541,-0.25501686798883133,1.7113874036555985,-0.6041446253669329,0.041101488814628474,-1.2310617606611092,0.1047207564776448,0.1771550700015777,0.6520075723428688,1.4548775745895406,0.1298794011268022,15.247734567304686,3.7647392110872104,10,6
Bosnia and Herzegovina,BIH,2003,-0.005817205555520026,0.6196850530865267,0.6340180980971117,0.21054216481419938,0.14176861763867393,-0.25507331252356125,1.719424739746082,-0.6037534194090051,0.041101488814628474,-1.2310617606611092,0.1047207564776448,0.1771550700015777,0.6520075723428688,1.4548775745895406,0.1298794011268022,15.24546863209506,3.7765427784616854,10,7
Bosnia and Herzegovina,BIH,2004,0.0888627781917033,0.5171323478712085,0.6340180980971117,0.24672234895277104,0.8994488565463615,-0.2552968278791494,1.724456401860934,-0.569215035653079,0.041101488814628474,-1.2310617606611092,0.1047207564776448,0.1771550700015777,0.6520075723428688,1.4548775745895406,0.1298794011268022,15.236444964672744,3.8697731984276036,10,8
Bosnia and Herzegovina,BIH,2005,0.15890108113428625,0.8154706713470378,0.6340180980971117,0.32072169512748055,0.3311181127269753,-0.2555617759884723,1.7487232876938552,-0.4690170102824861,0.041101488814628474,-1.2310617606611092,0.1047207564776448,0.1771550700015777,0.6520075723428688,1.4548775745895406,0.1298794011268022,15.225642043897976,3.800668947695476,10,9
Bosnia and Herzegovina,BIH,2006,0.2507578326109215,0.0743790276302212,0.6340180980971117,0.18902111660500454,0.5117757379238059,-0.25575959684386435,1.7668441976618876,-0.5026650657250814,0.041101488814628474,-1.2310617606611092,0.3798179802366839,0.1771550700015777,0.6520075723428688,1.3728013611142367,0.1298794011268022,15.21749936444285,3.823157404757468,10,10
Bosnia and Herzegovina,BIH,2007,0.36234880202167247,0.5795162064368611,0.6340180980971117,0.2973353840134324,1.4170781106569672,-0.2560564263793866,1.997586274788514,-0.44064601160387235,0.041101488814628474,-1.2310617606611092,0.1047207564776448,-0.03611432671817715,0.5136466460625201,1.154514373019099,0.1298794011268022,15.20515554944756,3.9288096662174214,10,11
Bosnia and Herzegovina,BIH,2008,0.48240584808255954,0.8165466217120807,0.7872191143989047,0.3733207617263785,0.2776739664553043,-0.25644872155271753,1.9739665203445267,-0.3212643747411073,0.041101488814628474,-1.2310617606611092,0.1047207564776448,-0.24938312628385903,0.37528571978217107,0.9222562968137699,0.1298794011268022,15.188604424666972,3.793918056992153,10,12
Bosnia and Herzegovina,BIH,2009,0.4589817012211187,0.184052798057205,0.8513055662036639,0.012010844164547368,-0.5163077062925939,-0.2568521520019157,1.8421335559488832,-0.34580645193785725,0.041101488814628474,-1.2310617606611092,-0.4454736910404334,-0.24938312628385903,0.37528571978217107,0.9222562968137699,0.1298794011268022,15.171292875152089,3.6878545394802167,10,13
Bosnia and Herzegovina,BIH,2010,0.5061389823321587,-0.17735577687163143,0.7977178613777669,0.2221467558441604,-0.1970800078909831,-0.2572589885354968,1.7681740799945926,-0.38370497315186747,0.041101488814628474,-1.2310617606611092,-0.4454736910404334,-0.24938312628385903,0.236924793501823,0.41932227154813206,0.1298794011268022,15.15352628656011,3.7318593840290224,10,14
Bosnia and Herzegovina,BIH,2011,0.5575578313497843,-0.024260124666191377,0.8775856636424434,0.4220216685686216,-0.20675761768155987,-0.2576738758139828,1.505054348389529,-0.40548897630815195,0.041101488814628474,-1.2310617606611092,-0.7205709147994724,-0.24938312628385903,0.09856386722147399,-0.031222792752334312,0.1298794011268022,15.135077069782364,3.7305534203560864,10,15
Bosnia and Herzegovina,BIH,2012,0.5783285369694459,-0.041148255920734025,0.9880934485534214,0.4310071700100825,-0.2518858286097793,-0.25810073798004585,1.692968620133765,-0.4531137823550286,0.041101488814628474,-1.2310617606611092,-0.7205709147994724,-0.24938312628385903,0.09856386722147399,-0.05392450120737217,0.1298794011268022,15.115733282218619,3.724440885234138,10,16
Bosnia and Herzegovina,BIH,2013,0.6542056134578517,-0.1448235747752081,1.042784499408117,0.4247831463615497,-0.34991358065545436,-0.25845357735771063,1.6291196794769165,-0.39459361636235063,0.041101488814628474,-1.2310617606611092,-0.7205709147994724,-0.24938312628385903,0.09856386722147399,-0.06964118949692336,0.1298794011268022,15.099456529084296,3.7110330547307324,10,17
Bosnia and Herzegovina,BIH,2014,0.7023954119276952,0.09079184674740812,0.9700767262091174,0.5010600965632755,-0.1345934216345354,-0.2587276718754463,1.6563018613813547,-0.4085709463185562,0.041101488814628474,-1.2310617606611092,-0.7205709147994724,-0.24938312628385903,0.09856386722147399,-0.11155235826905927,0.1298794011268022,15.086626924859026,3.740250945004446,10,18
Bosnia and Herzegovina,BIH,2015,0.8159203168328586,-0.15756867789212273,0.8048676870435257,0.4352817489969973,-0.24124978663394425,-0.25900330270397004,1.5868631517313203,-0.44448778139704387,0.041101488814628474,-1.2310617606611092,-0.7205709147994724,-0.24938312628385903,0.09856386722147399,-0.10282069014499447,0.1298794011268022,15.073557257222427,3.725884886889557,10,19
Bosnia and Herzegovina,BIH,2016,0.9133857390532114,-0.18937656988694673,0.7128332955650007,0.4338860684245178,-0.3310230155897702,-0.25927446751276095,1.8259804704401488,-0.39286625143103887,0.041101488814628474,-1.2310617606611092,-0.7205709147994724,-0.24938312628385903,0.09856386722147399,-0.09583566997950865,0.1298794011268022,15.060530483467558,3.7136308499712767,10,20
Bosnia and Herzegovina,BIH,2017,1.0149473007446708,-0.057102496856369346,0.7308384356715658,0.6783948180673169,-0.16232138769247476,-0.2595383854601988,1.5881494122770137,-0.3279759089586683,0.041101488814628474,-1.2310617606611092,-0.7205709147994724,0.3904244667213316,0.09856386722147399,-0.09583566997950865,0.1298794011268022,15.047686780394104,3.7365359392335824,10,21
Belarus,BLR,1996,-0.0647444465629573,-0.19084505905176483,1.1016197852342686,0.682149514112836,-0.5279753089043139,-0.2194580199116817,2.2776576851847374,0.599255610091215,0.041101488814628474,0.5796363424908384,0.930012427754762,-0.39156312219974315,0.9979098880437403,0.47258455649259246,0.9834473557300805,16.133926676384327,3.686208920010353,11,0
Belarus,BLR,1997,0.08236933628364564,0.31260366896012975,1.0728274452755318,1.5185721271493338,-0.21402497810175386,-0.21970892685496454,2.3051117548368056,0.741809310593412,1.0841701576464067,0.27785332529884715,1.228729058990194,-0.3010850244106451,1.2861619100350838,1.07287482153344,0.9834473557300805,16.129770632360252,3.7295715899206363,11,1
Belarus,BLR,1998,0.20567551698648845,0.39792245531692205,0.7645874218491605,1.4441157437855587,-0.41889825113813733,-0.21997968674463303,2.3020979971683415,0.689914499968205,2.1272388264781847,-0.023929691893144107,1.527445690225626,-0.21060692662154704,1.5744139320264274,1.6731650865742875,0.9834473557300805,16.125266280434644,3.7014886757577043,11,2
Belarus,BLR,1999,0.264074325424436,0.4454942939422263,0.7645874218491605,1.3823448737852448,-0.0064009826914423005,-0.22024898773452214,2.2597560692426395,0.5812019554071793,1.7100113088781816,-0.023929691893144107,1.3273749620301631,-0.48204062283476956,1.5744139320264274,1.236590324549598,0.9834473557300805,16.120765982447526,3.7572490736057973,11,3
Belarus,BLR,2000,0.36290461382023054,0.3090283503123244,0.7645874218491605,1.986906813851211,-0.4903179487209312,-0.22052962050514666,2.2488648471802817,0.5373585914770758,1.2927837912781783,-0.023929691893144107,1.1273042338347004,-0.7534743190479924,1.5744139320264274,0.8000155625249085,0.6040838203508453,16.116054669572076,3.69151047565672,11,4
Belarus,BLR,2001,0.45068820656093894,0.0019431773020703094,0.7645874218491605,1.854079401435664,-0.5182549299416579,-0.22083367308325008,2.2020411385048244,0.45256253954831455,0.875556273678175,-0.023929691893144107,1.2273397079713213,-0.39479432288308464,1.2449829311555267,0.8000155625249085,0.3195611688164192,16.110925003203995,3.687580087779876,11,5
Belarus,BLR,2002,0.5510305591842998,-0.08103326671498541,0.7645874218491605,1.6782210173031136,-0.35529821542761864,-0.22120882469550002,2.179359807293754,0.39837834051211557,0.4583287560781714,-0.023929691893144107,1.3273751821079423,-0.03611432671817715,0.9155519302846253,0.8000155625249085,-0.15464325040762328,16.104559347182825,3.710291332153878,11,6
Belarus,BLR,2003,0.6956872053724678,0.1328050919709743,0.7645874218491605,1.7695946357287922,-0.48480148509388804,-0.22161850161763114,2.1723588697547025,0.47571215673854456,0.4583287560781714,-0.023929691893144107,1.527445690225626,-0.03611432671817715,0.9155519302846253,1.236590062604793,-0.15464325040762328,16.09756125598547,3.69228475087404,11,7
Belarus,BLR,2004,0.9399930883009536,0.32307044183975286,0.7645874218491605,2.0022534796228317,-0.5302573306921378,-0.22201510203398458,2.1980509016908623,0.6660155586999592,0.4583287560781714,-0.023929691893144107,1.527445690225626,-0.03611432671817715,0.9155519302846253,0.8000155625249085,-0.15464325040762328,16.090739561961733,3.6858867427209465,11,8
Belarus,BLR,2005,1.1678293850864323,0.4684914250072321,0.7645874218491605,1.325574091631391,-0.4757268111430766,-0.2224094873045505,2.2103085134982714,0.9015954618839858,0.4583287560781714,-0.023929691893144107,1.3273751821079423,-0.03611432671817715,0.9155519302846253,-0.0731339615244708,-0.15464325040762328,16.083909507065975,3.69355714361565,11,9
Belarus,BLR,2006,1.4317918465426047,0.849741832245139,0.7645874218491605,1.4830366538495656,-0.4843860686821627,-0.22276076059796232,2.2320063642581216,0.8488167185038233,-0.5847396624171465,-0.023929691893144107,0.3798179802366839,-1.5289995066023851,-1.1466844693016627,-1.2361688949512573,-0.15464325040762328,16.0777865457212,3.6923430332801934,11,10
Belarus,BLR,2007,1.6808024679073035,1.0577660069351298,0.7645874218491605,1.5953338785337459,0.05290687369504537,-0.22302259440285813,2.2373975877691086,0.8354701819461444,-0.5847396624171465,-0.023929691893144107,0.5173665921162034,-1.5289995066023851,-1.1466844693016627,-1.2361688949512573,-0.15464325040762328,16.073198070843794,3.7650165025978013,11,11
Belarus,BLR,2008,1.996712985742663,1.291480352925411,1.889136391442709,1.6374034394449912,-0.016421929761704018,-0.22321890872092698,2.2730428049190765,0.98392452398382,-0.5847396624171465,-0.023929691893144107,0.6549152039957229,-1.5289995066023851,-1.1466844693016627,-1.2361688949512573,-0.15464325040762328,16.06974392066271,3.7559306715967486,11,12
Belarus,BLR,2009,2.0114608140550567,1.5623313419000757,1.8164098660492802,1.0273183993633594,-0.0009318990271898229,-0.22335826044597695,2.196964442889376,0.7574975574275113,-0.5847396624171465,-0.023929691893144107,0.3798179802366839,-1.5289995066023851,-1.0083235430213147,-1.2361688949512573,-0.15464325040762328,16.067284766508173,3.757967878959646,11,13
Belarus,BLR,2010,2.276284628471906,1.9612261219874092,1.7198098385083025,1.2392471681137691,-0.2236048991484311,-0.22348180246117275,2.1845177788504646,0.6971646529252157,-0.5847396624171465,-0.023929691893144107,-0.17037646728139427,-1.5289995066023851,-1.0083235430213147,-1.2361688949512573,-0.15464325040762328,16.065099539178743,3.728275854666176,11,14
Belarus,BLR,2011,2.483896964830561,1.8228473005088164,1.646104616418615,2.4631601645215015,0.49482506286870614,-0.2236139549624134,2.1342464629496396,0.7553345861741984,-0.5847396624171465,-0.023929691893144107,-0.17037646728139427,-1.5289995066023851,-1.0083235430213147,-1.26760227153036,-0.15464325040762328,16.06275671028449,3.8210687354937436,11,15
Belarus,BLR,2012,2.554641241409973,1.3051051974861372,1.5979560059438385,2.3208819384317265,-0.26027092238757,-0.22370212610132523,2.086720217730028,0.7714231970050899,0.041101488814628474,-0.023929691893144107,-0.17037646728139427,-1.5289995066023851,-1.0083235430213147,-1.2885578559164277,-0.5814272277092624,16.061190534447658,3.72330101170549,11,16
Belarus,BLR,2013,2.5946820516633533,1.7623350071205928,1.484652364240357,1.3526857112727022,-0.12784913273974732,-0.2237237118633672,2.045075267812886,0.7399315501521161,0.041101488814628474,-0.023929691893144107,-0.17037646728139427,-1.5289995066023851,-1.0083235430213147,-1.2885578559164277,-0.7236885534764754,16.060806734485627,3.741152465103053,11,17
Belarus,BLR,2014,2.656841432862553,1.2818545452117278,1.448045274405042,1.0859811877434242,-0.2364090867207514,-0.2236921281718167,1.9811081059782987,0.6961001834961186,0.041101488814628474,-0.023929691893144107,-0.17037646728139427,-1.5289995066023851,-1.0083235430213147,-1.1750482658620218,-0.6999783325152726,16.06136825010128,3.726541394430769,11,18
Belarus,BLR,2015,2.500071266884186,0.7277020339511565,1.4258295783529966,1.2391555909758885,-0.13621557833981784,-0.22361733127333142,1.9483157895211256,0.4716397595550889,0.041101488814628474,-0.023929691893144107,-0.17037646728139427,-1.5289995066023851,-1.0083235430213147,-1.1872721821240255,-0.3324699076166394,16.062696782328022,3.740033987367266,11,19
Belarus,BLR,2016,2.4006925888506445,0.33795192138148533,1.4284781306724363,1.5096420614793862,-0.19197778309536448,-0.22356788945754258,1.861553041240471,0.3267836983060442,0.041101488814628474,-0.023929691893144107,0.3798179802366839,-1.3157301098826306,-1.0083235430213147,-1.2012427463446071,-0.012381924640410252,16.06357399311405,3.732547227550527,11,20
Belarus,BLR,2017,2.498694438999113,0.42500364512713346,1.410833552916401,1.7470670130944255,-0.24180097914824655,-0.2236297587175746,1.7572340766876375,0.3765820554389093,0.041101488814628474,-0.023929691893144107,0.3798179802366839,-1.3157301098826306,-1.0083235430213147,-1.2728411676268772,-0.012381924640410252,16.062476170000544,3.7258101054752455,11,21
Belize,BLZ,1996,0.154148831614596,-0.5480478149320097,0.04796017751408426,0.1815698907167689,-0.3097039000793604,-0.27870280260627656,-0.10479500460953645,-0.4634725780852579,1.2927837912781783,1.183202376874821,1.2051096515138011,1.3501364533831905,0.9979098880437403,1.7823085806218566,0.1298794011268022,12.256342666552065,3.7165545320412012,12,0
Belize,BLZ,1997,0.16602300278611595,-0.6017312608654077,0.04796017751408426,0.35259597141948607,-0.4127471171044504,-0.27866030991719204,0.06804325452010478,-0.5437893652060746,1.2927837912781783,1.183202376874821,1.2051096515138011,1.3501364533831905,0.9979098880437403,1.7823085806218566,0.1298794011268022,12.28971042165561,3.7023434252191647,12,1
Belize,BLZ,1998,0.1708448476376589,-0.7466624256607853,0.04796017751408426,0.34773707273132054,-0.31858542157801334,-0.278614298004558,0.03297538638134501,-0.5386913510633297,1.2927837912781783,1.183202376874821,1.2051096515138011,1.3501364533831905,0.9979098880437403,1.7823085806218566,0.1298794011268022,12.324628715651741,3.715337567702977,12,2
Belize,BLZ,1999,0.25525852407452543,-0.16002050160094033,0.04796017751408426,0.5816726538841277,0.3862372499973796,-0.2785673392957406,-0.10121313158825196,-0.5738289844308108,1.2927837912781783,1.183202376874821,1.2051096515138011,1.4745436512325532,0.9979098880437403,1.9460240836380145,0.1298794011268022,12.359051210127255,3.8075840049571057,12,3
Belize,BLZ,2000,0.38993200964217845,0.2603280766691385,0.15377467423107744,0.677113302156941,-0.19466338941760816,-0.27852124997209793,-0.033437735192798176,-0.35940931342740756,1.2927837912781783,1.183202376874821,1.2051096515138011,1.5989508490819155,0.9979098880437403,2.1097395866541726,0.1298794011268022,12.391721992416803,3.7321852333091976,12,4
Belize,BLZ,2001,0.4202563511068264,-0.06283873392123232,0.21114397968004964,0.5770194588940417,0.27092823697449453,-0.27847611339933154,-0.026712356087866193,-0.512578800968788,1.2927837912781783,1.183202376874821,1.3426582633933206,1.5989508490819155,0.9979098880437403,2.1097395866541726,0.1298794011268022,12.422715110502024,3.7930627099874674,12,5
Belize,BLZ,2002,0.45920351846101387,-0.31591369427751237,0.21114397968004964,0.5746055651941427,-0.2924692525493313,-0.2784306790919163,-0.013888998506739827,-0.5956140986598794,1.2927837912781783,1.183202376874821,1.4802068752728401,1.5989508490819155,0.9979098880437403,2.1097395866541726,0.1298794011268022,12.45297178519878,3.7189118418806175,12,6
Belize,BLZ,2003,0.5727046785344246,-0.6914939537703334,0.4260375095521575,0.6119624945797,-0.8042395398539187,-0.27838440517279134,-0.019462114481500377,-0.8106688544416065,1.2927837912781783,1.183202376874821,1.4802068752728401,1.5989508490819155,1.3438122037446116,1.7823085806218566,0.1298794011268022,12.482874492410676,3.6464312989168266,12,7
Belize,BLZ,2004,0.6052001121544126,-0.8341456225596318,0.47689621855175873,0.37979514825418625,0.7580953945006129,-0.2783373154607285,0.0020435971273729207,-0.7951071546765723,1.368643248901284,1.3051347871410732,1.2384549562778604,1.216932877476914,1.015379892039602,1.6467060418388282,0.1298794011268022,12.512413308764906,3.853026776083004,12,8
Belize,BLZ,2005,0.5914507692317634,-0.7406773003668942,0.42712844604051725,0.5722095615132046,0.8726693375499454,-0.2782894218651137,0.019112629317044466,-0.8304318498772065,1.2927837912781783,1.183202376874821,1.4802068752728401,1.5989508490819155,1.3438122037446116,1.7823085806218566,0.1298794011268022,12.541587280940522,3.8666220338591426,12,9
Belize,BLZ,2006,0.6209132190167035,-0.7150328483317226,0.45702247742266416,0.7434429585591485,0.5591534362888165,-0.2782409089814293,0.011511956999814268,-0.6705358642437256,0.041101488814628474,-0.023929691893144107,0.1047207564776448,-0.24938312628385903,0.5136466460625201,0.8000155625249085,0.1298794011268022,12.570295531946122,3.8289722729070914,12,10
Belize,BLZ,2007,0.6299620224095033,-0.6128291171702824,0.43521009030945024,0.6583050040474262,0.8050576258105654,-0.27819194949577164,-0.004513876037732549,-0.5758206235602841,0.041101488814628474,-0.023929691893144107,0.1047207564776448,-0.24938312628385903,0.5136466460625201,0.8000155625249085,0.1298794011268022,12.5984558913214,3.8586216505885886,12,11
Belize,BLZ,2008,0.5468174278370282,-0.07391770811984846,0.43232942232223825,0.9349560022930825,1.077184202916161,-0.27814275777708786,-0.001277720660864193,-0.568359559965545,0.6669426400464034,-0.023929691893144107,0.3798179802366839,-0.24938312628385903,0.236924793501823,0.8000155625249085,0.1298794011268022,12.625973061434594,3.8904394957131574,12,12
Belize,BLZ,2009,0.48988330179230244,-0.7423390280248193,0.421549668194324,0.47279080460019746,0.4890543692596194,-0.27809361369594787,-0.04564886639149057,-0.6400960676750745,1.2927837912781783,-0.023929691893144107,0.3798179802366839,-0.24938312628385903,0.236924793501823,1.4548775745895406,0.1298794011268022,12.652727680463201,3.8203566716489843,12,13
Belize,BLZ,2010,0.47195082980796865,-1.0641825630537312,0.4400204680744059,0.6263689349058168,0.3233339345020267,-0.2780481734338397,-0.08969424602246318,-0.7379197823255038,1.2927837912781783,-0.023929691893144107,0.3798179802366839,-0.24938312628385903,0.236924793501823,1.4548775745895406,0.1298794011268022,12.676844729438978,3.799688506673797,12,14
Belize,BLZ,2011,0.4314032053106306,-1.019571471660182,0.458273000735347,0.9772434007150957,0.2684984654258331,-0.2780061749842722,-0.1001651562107341,-0.6828852452074151,1.2927837912781783,-0.023929691893144107,0.3798179802366839,-0.24938312628385903,0.236924793501823,1.4548775745895406,0.1298794011268022,12.698629405183658,3.792754439784717,12,15
Belize,BLZ,2012,0.4614746062739895,-1.1040342295139989,0.5552244076253908,1.100975243599775,1.1429439775953012,-0.27796380138904725,-0.11388757377741424,-0.9139645160061366,1.2927837912781783,-0.023929691893144107,0.3798179802366839,-0.24938312628385903,0.09856386722147399,1.4548775745895406,0.1298794011268022,12.720138015645993,3.897978797294949,12,16
Belize,BLZ,2013,0.4944896107556953,-0.9691191407446827,0.6224509110475445,1.0283942703251694,0.14895410320359267,-0.27792085018860346,-0.11097173574282951,-0.9389181222626704,1.2927837912781783,-0.023929691893144107,0.3798179802366839,-0.24938312628385903,0.09856386722147399,1.4548775745895406,0.1298794011268022,12.741477704750539,3.7774690293881044,12,17
Belize,BLZ,2014,0.5254341654595671,-0.7503022316262906,0.6112050990843946,0.9829926701693105,0.5158540105455124,-0.2778774047486426,-0.11478687320093067,-0.9364331878978709,1.2927837912781783,-0.023929691893144107,0.3798179802366839,-0.24938312628385903,-0.039797059058874096,1.4548775745895406,0.1298794011268022,12.762609412427334,3.8236592808127146,12,18
Belize,BLZ,2015,0.5368425280237065,-0.7630559574273791,0.6450124968720943,0.8944778752404026,-0.17724898532519712,-0.2778332804736823,-0.31267346030437215,-1.0437340263774844,1.2927837912781783,-0.023929691893144107,0.3798179802366839,-0.24938312628385903,-0.039797059058874096,1.4548775745895406,0.1298794011268022,12.783623772244713,3.7345302030022967,12,19
Belize,BLZ,2016,0.4942305363368368,-0.5610624097929112,0.8777076835460801,0.6741446612562123,-0.39640560688385434,-0.27778342778407805,-0.2743066362879446,-0.9693702605353528,1.2927837912781783,-0.023929691893144107,0.3798179802366839,-0.24938312628385903,-0.039797059058874096,1.4548775745895406,0.1298794011268022,12.806846828539697,3.7046106669350736,12,20
Belize,BLZ,2017,0.42104290329486044,-0.8773470148009304,0.8268337676094633,0.7092827811450201,-0.40649911278513157,-0.27773283075785166,-0.2757220810049739,-1.0823932455466048,1.2927837912781783,-0.023929691893144107,0.3798179802366839,-0.24938312628385903,-0.039797059058874096,1.4548775745895406,0.1298794011268022,12.829877786508225,3.7032108882842087,12,21
Bolivia,BOL,1996,-0.24836155376274063,-0.7853418755055817,0.2254320487738172,-0.6832658712958151,0.4822309391388012,-0.2321881590629827,0.5649605187394844,0.07585839013037046,-0.5847396624171465,1.183202376874821,-0.17037646728139427,1.0302326568805948,0.236924793501823,-0.5097084616043556,-0.15464325040762328,15.897665539933016,3.819514052628532,13,0
Bolivia,BOL,1997,-0.2158663756849565,-0.44672043243941956,0.2254320487738172,-0.6654156660000872,0.9809954286355419,-0.23131779731867866,0.6433291833350542,-0.051109319533926584,-0.271819086801259,1.183202376874821,0.24226936835716434,0.9235979585207177,0.30610525664199706,-0.1822774555720396,0.20101006401040902,15.915722518283058,3.8793081349222067,13,1
Bolivia,BOL,1998,-0.18111767555272892,0.06065282405195612,0.2254320487738172,-0.6126977729894286,1.3278909013552125,-0.23045142521866924,0.6836647623268262,-0.07631571016229957,0.041101488814628474,1.183202376874821,0.6549152039957229,0.8169632601608406,0.37528571978217107,0.14515355046027645,0.6989247041956543,15.93337862732327,3.9188830474513914,13,2
Bolivia,BOL,1999,-0.1958505372194063,-0.43115445016652465,0.42673795916804186,-0.8487978554644469,1.5099316286318412,-0.22957958671050688,0.683161765971533,-0.1589819875425945,0.041101488814628474,1.183202376874821,0.3798179802366839,0.8169632601608406,0.37528571978217107,0.14515355046027645,0.6989247041956543,15.950836918083409,3.9390407075563147,13,3
Bolivia,BOL,2000,-0.18739353578643217,-0.5778570151503193,0.3364759258317571,-0.8071963104229655,0.9011268658266287,-0.228707105095503,0.5728495847603775,-0.109263001203411,0.041101488814628474,1.183202376874821,0.1047207564776448,0.8169632601608406,0.37528571978217107,0.14515355046027645,0.6989247041956543,15.96800818840528,3.8699703207370533,13,4
Bolivia,BOL,2001,-0.18758460902539936,-1.0581220900019193,0.44594710046474323,-0.8179625921980029,0.883421356363087,-0.22783527849672658,0.18049539184846156,-0.13585876666545602,-0.271819086801259,1.183202376874821,-0.30792507916091383,0.8169632601608406,0.30610525664199706,-0.1822774555720396,0.6515042622732504,15.984877009422076,3.8678884246748755,13,5
Bolivia,BOL,2002,-0.17880629000569376,-0.849210815019547,0.6210509556411692,-0.6979922780639869,0.8637610600684349,-0.22695625267414085,0.5328645197823091,-0.13143991110948167,-0.5847396624171465,1.183202376874821,-0.7205709147994724,0.8169632601608406,0.236924793501823,-0.5097084616043556,0.1298794011268022,16.001601833902388,3.8655715858141564,13,6
Bolivia,BOL,2003,-0.16748876240381327,-1.211252126280826,0.7236687547411068,-0.6218161347125098,-0.2222396687854314,-0.22606099435849958,0.864684315141253,-0.12117062021104241,-0.5847396624171465,1.183202376874821,-0.9956681385585116,0.8169632601608406,0.236924793501823,-0.5097084616043556,0.1298794011268022,16.018352771239886,3.728460611945986,13,7
Bolivia,BOL,2004,-0.13979629442821004,-1.3296966025271642,0.8288977969169513,-0.46186020555264645,-0.523517210573246,-0.22514643092822653,0.8646431679638036,-0.017312568527217638,-0.5847396624171465,-0.023929691893144107,-0.7205709147994724,0.6036938634410864,0.09856386722147399,-0.5097084616043556,0.1298794011268022,16.035180020391003,3.6868380178706506,13,8
Bolivia,BOL,2005,-0.10862203008946401,-1.1716101273202753,0.8666536858184808,-0.16567165962248745,-1.0997012983401415,-0.22421471798217948,0.7136872567928839,-0.0649683831154989,-1.2105808136489213,-0.023929691893144107,-0.7205709147994724,0.3904244667213316,-0.039797059058874096,0.14515355046027645,0.1298794011268022,16.0520365075939,3.6020621943371056,13,9
Bolivia,BOL,2006,-0.07243032277758622,-1.013268177285691,0.8364750623089334,0.03501156454708964,-0.22058043115054057,-0.2232563994679108,0.4625015980162052,0.050574841667715274,0.041101488814628474,-0.023929691893144107,-0.7205709147994724,-0.24938312628385903,-0.45487983789991987,0.5345779856715077,0.1298794011268022,16.06908291202096,3.728685111427094,13,10
Bolivia,BOL,2007,-0.03803621097807719,-0.7898011249051524,0.8169192811826422,0.07936452301792293,-0.16017362007111544,-0.22227821609787046,0.7472171548077768,0.10383751246610035,0.041101488814628474,-0.023929691893144107,-0.7205709147994724,-0.24938312628385903,-0.45487983789991987,0.5345779856715077,0.1298794011268022,16.086188075507305,3.736824191763798,13,11
Bolivia,BOL,2008,0.01733986963158272,-0.6553116435718808,0.7922962710438032,0.2774053740717164,-0.11031674534891386,-0.22129629913533352,0.804137842381534,0.22471260503242912,0.041101488814628474,-0.023929691893144107,-0.7205709147994724,-0.24938312628385903,-0.45487983789991987,0.5642652381816404,0.1298794011268022,16.10306921746769,3.7434922524117793,13,12
Bolivia,BOL,2009,0.03915538819134537,-0.7486139577729374,0.7338853915006615,-0.13700254116794114,-0.22271306600978988,-0.22031129168714148,0.8863868409968428,0.18227616109755151,0.041101488814628474,-0.023929691893144107,-0.4454736910404334,-0.6759219197233678,-0.5932407641802689,0.5642652381816404,0.10616918016559995,16.119721927852904,3.7283965507385695,13,13
Bolivia,BOL,2010,0.07179157831528765,-0.7373388885389709,0.8787492136786776,0.06335024001092364,-0.09383411564948155,-0.21932239582443538,0.5435978104895819,0.25874010185804086,0.041101488814628474,-0.023929691893144107,-0.4454736910404334,-0.6759219197233678,-0.731601690460617,0.5241001934784736,-0.15464325040762328,16.136165994403104,3.7456869626163325,13,14
Bolivia,BOL,2011,0.1201171658878759,-0.4471237004307281,0.7898394771952866,0.26615388163671416,-0.019429091246854175,-0.21833043924953907,0.28276063673401564,0.2775512009069123,0.041101488814628474,-0.023929691893144107,-0.4454736910404334,-0.6759219197233678,-0.731601690460617,0.5101301531475008,-0.15464325040762328,16.15239369068889,3.7555346962577603,13,15
Bolivia,BOL,2012,0.16933301816770416,-0.5202114323278441,0.8516641441819955,0.33798773770865054,0.0390174712943825,-0.2173367319949075,0.2950491940195324,0.1910929525301371,0.041101488814628474,-0.023929691893144107,-0.9956681385585116,-0.6759219197233678,-0.731601690460617,0.5101301531475008,-0.3443250180972414,16.168390206772496,3.763202838677985,13,16
Bolivia,BOL,2013,0.24493098765368546,-0.43567018289629356,0.915070578369498,0.22979154999469906,0.3574316149366542,-0.21634348325163513,0.15040481643137843,0.12291909316593949,0.041101488814628474,-0.023929691893144107,-0.4454736910404334,-0.6759219197233678,-0.731601690460617,0.5013984850234363,0.14173451160740308,16.184127650052286,3.8039761147639273,13,17
Bolivia,BOL,2014,0.30450361666811804,-0.20261727172897612,0.9400624616899976,0.3471754163946287,-0.3025981191729199,-0.21535333690340386,0.7560271623322515,0.04834025056832151,0.041101488814628474,-0.023929691893144107,-0.4454736910404334,-0.6759219197233678,-0.5932407641802689,0.5013984850234363,0.27214072689401525,16.199573236394517,3.7175271154319267,13,18
Bolivia,BOL,2015,0.3572654677042114,-0.15544691172426872,0.9818979219773717,-0.15720583811951036,-0.35748763315856863,-0.21436594757802097,0.7479319178027583,-0.15409302192136637,0.041101488814628474,-0.023929691893144107,-0.4454736910404334,-0.6759219197233678,-0.5932407641802689,0.4944134648579496,0.27214072689401525,16.214741846986296,3.709989586882939,13,19
Bolivia,BOL,2016,0.40250899850238314,-0.24039690081437387,0.9819478779808869,-0.49280214558200014,-0.4804881803627951,-0.21338154750851257,0.7563282239923509,-0.14373839545805644,0.041101488814628474,-0.023929691893144107,-0.4454736910404334,-0.6759219197233678,-0.5932407641802689,0.47345788047188136,0.27214072689401525,16.229638904043668,3.692889736760169,13,20
Bolivia,BOL,2017,0.44832722011099707,0.05634210302915933,0.938021667082183,-0.8078267324636621,-0.380470783182186,-0.21240160154935106,0.6462381295416545,0.2621387610743354,0.041101488814628474,-0.023929691893144107,-0.4454736910404334,-0.6759219197233678,-0.5932407641802689,0.44900952405826566,0.27214072689401525,16.24425135997914,3.7068165453753696,13,21
Brazil,BRA,1996,0.7296448891190215,-0.48652895714173927,1.1253606149316886,-1.6791494176034147,-0.3938494005457074,0.6978206312650366,0.9023839589651904,-0.3932201842877513,0.6669426400464034,-0.023929691893144107,0.3798179802366839,1.4567708531660315,0.37528571978217107,0.14515355046027645,1.5524926587989325,18.91661128470367,3.7049648537548863,14,0
Brazil,BRA,1997,0.7676727190106507,-0.42805287538720255,1.1253606149316886,-1.6517757584350168,-0.27407384311015637,0.7124638763119395,0.9074892109495982,-0.37199733340722346,0.6669426400464034,-0.023929691893144107,0.24226936835716434,1.4567708531660315,0.37528571978217107,0.14515355046027645,1.0071575766912821,18.931476327267145,3.7214218018435647,14,1
Brazil,BRA,1998,0.7439724005250661,-0.4984492056498582,1.1253606149316886,-1.65578087263059,-0.06267616144696399,0.7273386755499498,0.8979108619753128,-0.4117104164716935,0.6669426400464034,-0.023929691893144107,0.1047207564776448,1.4567708531660315,0.37528571978217107,0.14515355046027645,0.1298794011268022,18.946353536988816,3.7498226220799946,14,2
Brazil,BRA,1999,0.723796566533104,-0.6834946548566907,1.1253606149316886,-1.523554526685877,0.18467227553258397,0.7421175565934851,0.7920809578353976,-0.4427952688351417,0.6669426400464034,-0.023929691893144107,0.7924638158752425,1.2435017550233134,0.37528571978217107,0.14515355046027645,0.1298794011268022,18.960918813619266,3.7820606205600233,14,3
Brazil,BRA,2000,0.7838866168556636,-0.527291559423147,1.1253606149316886,-1.4753155520995458,0.2379725063714795,0.7562703076251719,0.7764808454044645,-0.33753799490089176,0.6669426400464034,-0.023929691893144107,1.4802068752728401,1.0302326568805948,0.37528571978217107,0.14515355046027645,0.1298794011268022,18.974670926371488,3.7888734290590778,14,4
Brazil,BRA,2001,0.785494878687541,-0.5135168986367022,1.1253606149316886,-1.3502790321416782,0.08057890275793661,0.7698644012711335,0.7392894854652258,-0.36820609696112344,0.3540220644305159,-0.023929691893144107,1.3426582633933206,0.8169632601608406,0.30610525664199706,0.14515355046027645,0.03503851728199372,18.98770447661307,3.7686201122103666,14,5
Brazil,BRA,2002,0.8227439604692297,-0.5731556383309276,1.1253606149316886,-1.3304295064013694,-0.07818007049404778,0.7829783084754224,0.8031125732244926,-0.3802531004204392,0.041101488814628474,-0.023929691893144107,1.2051096515138011,0.6036938634410864,0.236924793501823,0.14515355046027645,-0.4865863438644545,19.000118682802906,3.7477668941802107,14,6
Brazil,BRA,2003,0.8217688693141826,-0.7333963473765021,1.1253606149316886,-1.315237578294124,-0.3339275812273536,0.7955975176512531,0.7248964223105258,-0.3310884920958361,0.041101488814628474,-0.023929691893144107,1.2051096515138011,0.8169632601608406,0.09856386722147399,0.14515355046027645,0.41440205266122715,19.011920822285454,3.713231858311101,14,7
Brazil,BRA,2004,0.918986842907991,-0.6466397744415567,1.1253606149316886,-1.2704828771297973,-0.17408201976125862,0.8078192570255558,0.7388299999891156,-0.2289308473067625,0.041101488814628474,-0.023929691893144107,1.2051096515138011,0.8169632601608406,0.09856386722147399,0.14515355046027645,-0.20206369233002838,19.02321996392645,3.734956066458975,14,8
Brazil,BRA,2005,0.9651807342292816,-0.6786577872058888,1.1253606149316886,-1.345898916814345,-0.34804645700151904,0.819805803891342,0.7893706932704745,-0.24012945769334731,0.041101488814628474,-0.023929691893144107,1.2051096515138011,0.8169632601608406,0.09856386722147399,0.14515355046027645,-0.24948413425243235,19.034179025119446,3.711290118844329,14,9
Brazil,BRA,2006,1.0302714992485882,-0.6599700602356465,1.1253606149316886,-1.376313058957896,-0.34463125820893037,0.8315068053647978,0.7832335657377058,-0.29264137776606053,0.041101488814628474,-0.023929691893144107,1.2051096515138011,0.6036938634410864,0.09856386722147399,0.7790599781388402,-0.17835347136882612,19.04476240931544,3.711760149810612,14,10
Brazil,BRA,2007,1.1470569519542617,-0.5647269700644704,1.1253606149316886,-1.3981128738741546,-0.08932395362365565,0.8428160416325975,0.860411863974091,-0.3276162011833333,0.041101488814628474,-0.023929691893144107,1.2051096515138011,0.7103282632239274,0.16774433036164865,0.7790599781388402,-0.4391659019420505,19.05488609132504,3.7462866654579754,14,11
Brazil,BRA,2008,1.2473902351885577,-0.3962314732885948,1.1253606149316886,-1.3409290819558604,-0.12487864821927434,0.8536237022015505,0.9608736795082837,-0.3309651871793588,0.041101488814628474,-0.023929691893144107,1.2051096515138011,0.8169632601608406,0.37528571978217107,0.7790599781388402,-0.24948413425243235,19.064465937633432,3.7415492769451593,14,12
Brazil,BRA,2009,1.2214522211035057,-0.4305923804410397,1.1253606149316886,-1.490849671805419,-0.320594535659966,0.8638220011740786,0.8846561414796202,-0.4317774159214989,0.041101488814628474,-0.023929691893144107,1.2051096515138011,0.8169632601608406,0.37528571978217107,0.7790599781388402,0.1298794011268022,19.073422259981363,3.7150620692352234,14,13
Brazil,BRA,2010,1.3888846737136507,-0.2568649401240878,1.1253606149316886,-1.4714619878177764,0.006424771959519442,0.8734803821796804,0.8687192913424877,-0.31570313036427344,0.041101488814628474,-0.023929691893144107,1.2051096515138011,0.8169632601608406,0.6520075723428688,1.1702310613086502,0.1298794011268022,19.081831092189226,3.7589339569640297,14,14
Brazil,BRA,2011,1.4732412223904872,-0.24785665646326155,1.1253606149316886,-1.437639102459167,0.039306819686222086,0.8829054999972906,0.8318069348645253,-0.3295652280592645,0.041101488814628474,-0.023929691893144107,1.2051096515138011,0.3904244667213316,0.6520075723428688,1.1702310613086502,0.1298794011268022,19.08996923098976,3.7632406550625612,14,15
Brazil,BRA,2012,1.5037250458740814,-0.23479134070734994,1.1253606149316886,-1.4033028216790144,0.010855370218088538,0.8923816614431004,0.819837324355036,-0.41046920956310146,0.041101488814628474,-0.023929691893144107,1.2051096515138011,0.3904244667213316,0.6520075723428688,1.1702310613086502,-0.05980236656281535,19.098085215782188,3.7595153331234097,14,16
Brazil,BRA,2013,1.5647625206157387,-0.21112078314315946,1.4688602792584258,-1.3837556246618214,-0.1158397602280759,0.9019221990746856,0.7976193224556598,-0.48639681360342885,0.041101488814628474,1.183202376874821,0.3798179802366839,0.3904244667213316,0.5136466460625201,0.7336560373391554,-0.15464325040762328,19.106190332216418,3.7427557681469175,14,17
Brazil,BRA,2014,1.5560632009625595,-0.33709429415922537,1.4216576966396852,-1.415783641298061,-0.021750047291086497,0.9114903664816845,0.7865772669443472,-0.5492506526317936,0.041101488814628474,1.183202376874821,0.3798179802366839,0.3904244667213316,0.5136466460625201,0.7790599781388402,-0.17835347136882612,19.1142534739533,3.755228971451941,14,18
Brazil,BRA,2015,1.4328651687067384,-0.5841226195303897,1.36042433606559,-1.3497743805920317,-0.01805689015430095,0.9209607399659205,0.6849325165318171,-0.6421861879961716,0.041101488814628474,1.183202376874821,0.1047207564776448,0.3904244667213316,0.5136466460625201,0.7057154327876014,-0.4391659019420505,19.122170691649817,3.7557154036408478,14,19
Brazil,BRA,2016,1.3230832789514568,-0.8644067546487109,1.4184982276439277,-1.4201990732720013,0.07876496993953506,0.930146342167913,0.4893911618413502,-0.7261714351847668,0.041101488814628474,1.183202376874821,0.3798179802366839,0.3904244667213316,0.6520075723428688,1.1318121406744517,-0.4391659019420505,19.129790418317146,3.768384288831086,14,20
Brazil,BRA,2017,1.3385262444101773,-0.981461518432173,1.4292184159777406,-1.4264253339199735,-0.06314263800558324,0.9389910322422739,0.4320656602763268,-0.740061067311215,0.041101488814628474,1.183202376874821,0.3798179802366839,0.3904244667213316,0.5136466460625201,1.1248271205089657,-0.4391659019420505,19.137072884881615,3.749760831632428,14,21
Bhutan,BTN,1996,-0.6162230847242044,1.8315139554906557,-1.4332894497575117,0.32869641764485963,-0.5740118406016244,-0.27668729385554747,-1.7122060376278154,0.5876024127767981,1.9186249425099533,1.7867684112588034,1.2051096515138011,0.8525082591398114,1.6897145194454832,1.1274465685572246,0.1298794011268022,13.21546202265876,3.6796892933686527,15,0
Bhutan,BTN,1997,-0.5920958061034618,1.215630381381531,-1.4332894497575117,0.34563208066432305,-0.6912429705812013,-0.2766282649840655,-1.706334475452082,0.5613885213100519,1.9186249425099533,1.7867684112588034,1.2051096515138011,0.8525082591398114,1.6897145194454832,1.1274465685572246,0.1298794011268022,13.233364355702154,3.6628926770679517,15,1
Bhutan,BTN,1998,-0.5641826740992202,1.396678123353174,-1.4332894497575117,0.35644915302108937,-0.624833089654597,-0.2765643234908775,-1.6917460845470274,0.4912010500452376,1.9186249425099533,1.7867684112588034,1.2051096515138011,0.8525082591398114,1.6897145194454832,1.1274465685572246,0.1298794011268022,13.25240167627428,3.672442353564936,15,2
Bhutan,BTN,1999,-0.5230984270679948,2.107619408682941,-1.312482849352514,0.3646870219928139,-0.6092444577809653,-0.27648605500638657,-1.681916297450923,0.758193545418192,1.6057043668940658,1.7867684112588034,1.3426582633933206,0.8525082591398114,1.6897145194454832,1.1274465685572246,0.1298794011268022,13.275221794047642,3.6746708293872365,15,3
Bhutan,BTN,2000,-0.5162074048158738,3.6014505135795867,-1.1902719715630794,0.020130326914646654,-0.41130924869076513,-0.2764009981719017,-1.6634303911788304,0.5239390683153523,1.2927837912781783,1.7867684112588034,1.4802068752728401,0.8525082591398114,1.6897145194454832,1.1274465685572246,0.1298794011268022,13.299444560727938,3.7025431232723305,15,4
Bhutan,BTN,2001,-0.47772311139624357,4.800004826495331,-1.0691902240697968,-0.06519385602798805,-0.41130924869076513,-0.2763180433440378,-1.648885490324396,0.6999377385384292,1.2927837912781783,1.7867684112588034,1.4802068752728401,0.8525082591398114,1.6897145194454832,1.1274465685572246,0.1298794011268022,13.322516666307516,3.7025431232723305,15,5
Bhutan,BTN,2002,-0.4112664990265342,5.490761802946911,-1.0691902240697968,-0.08880290047816233,-0.5789500724700053,-0.27623697019915466,-1.6326204639665232,0.7253849057199304,1.2927837912781783,1.7867684112588034,1.4802068752728401,0.8525082591398114,1.6897145194454832,1.1274465685572246,0.1298794011268022,13.344562482869929,3.678987417201223,15,6
Bhutan,BTN,2003,-0.3617121764678878,5.318565333741409,-1.0691902240697968,-0.014110733318162589,-0.5641480479458345,-0.2761580466984363,-1.628511264328526,0.7600554639123408,2.544466093741728,1.7867684112588034,1.7553040990318793,1.3501364533831905,1.6897145194454832,0.8000155625249085,0.1298794011268022,13.36556677783231,3.681089771738406,15,7
Bhutan,BTN,2004,-0.33271272708620087,5.611966445928558,-1.0691902240697968,0.4576481961124716,-0.44199260058817486,-0.2760813442981983,-1.6049632548670902,0.628886229941463,2.026092382307789,1.6953189828459072,1.794206807871429,-0.08996986100546393,1.2669449609840064,0.4825065018097861,0.1298794011268022,13.385565752097767,3.6982729938109244,15,8
Bhutan,BTN,2005,-0.2830806527912949,4.736024031894287,-0.7071405029274571,0.7103349959450187,-0.5277623474021712,-0.27601393121900464,-1.5923187886191543,0.5844645189370448,2.544466093741728,1.7867684112588034,2.3054985465499573,1.5989508490819155,1.6897145194454832,0.47258455649259246,0.1298794011268022,13.402818397511647,3.6862389807562526,15,9
Bhutan,BTN,2006,-0.23982482861715135,3.106819537193211,-0.6151324472514214,1.0134121118949078,-0.5406378573341923,-0.27596073199194726,-1.6074313760906296,0.7145641520898665,2.544466093741728,1.7867684112588034,2.3054985465499573,1.5989508490819155,1.6897145194454832,-0.44684170844615084,0.1298794011268022,13.41622630893119,3.684419901967777,15,10
Bhutan,BTN,2007,-0.08260827876144297,2.130704728583655,-0.477977518272238,0.9776526360536213,0.38845503391405406,-0.2759140352896209,-1.6077407241144255,1.2176486309236751,2.544466093741728,1.7867684112588034,1.2051096515138011,1.5989508490819155,1.6897145194454832,-0.44684170844615084,0.1298794011268022,13.427849021547885,3.8078612422669402,15,11
Bhutan,BTN,2008,-0.04160250561005074,2.7369202366473746,-0.35945137774856073,0.832877447890623,-0.6135756039105076,-0.2758681246067675,-1.5937902520730607,1.1502915359770336,2.544466093741728,1.7867684112588034,1.7553040990318793,1.5989508490819155,1.6897145194454832,0.3232760177418562,0.1298794011268022,13.439145894640738,3.674052167619303,15,12
Bhutan,BTN,2009,0.040283166836728584,3.2887088786765153,-0.17692965083289874,0.8213873605939292,-0.41186249378928896,-0.2758226486165014,-1.5451810821150502,1.0369466595428254,0.6669426400464034,1.183202376874821,1.7553040990318793,-1.3157301098826306,0.236924793501823,0.20452753159093315,0.1298794011268022,13.450211389219234,3.70246629066289,15,13
Bhutan,BTN,2010,0.1843688855584476,4.860469443936174,-0.01855137425999852,0.9218250549452128,0.1262665243154087,-0.2757771309433845,-1.4831894505009566,1.0257535093107315,0.6669426400464034,1.183202376874821,1.7553040990318793,-1.3157301098826306,0.236924793501823,0.30755932945230474,0.1298794011268022,13.46116575428176,3.774541541478535,15,14
Bhutan,BTN,2011,0.29314565825156214,5.473248544027215,0.12786217495685592,0.8573626605241279,-0.37633115872181294,-0.2757310118462769,-1.1507258989749867,0.86643175084605,0.6669426400464034,1.183202376874821,1.7553040990318793,-1.3157301098826306,0.236924793501823,0.2883498691352061,0.1298794011268022,13.472143808717853,3.7073888036418867,15,15
Bhutan,BTN,2012,0.35716151753325315,5.6387028616317565,0.31379762856347526,0.6027053398871624,-0.4365560349752761,-0.27568395786237193,-1.0571227390688136,0.932832967680809,0.6669426400464034,1.183202376874821,1.7553040990318793,-1.3157301098826306,0.236924793501823,0.3023204333557877,0.1298794011268022,13.483221559389266,3.6990309181614722,15,16
Bhutan,BTN,2013,0.36738222458914765,4.934880984359118,0.4782800201944767,0.6320257150191714,-0.469265741264129,-0.27563635604671305,-0.9144737376466854,0.9856153609516258,0.6669426400464034,1.183202376874821,1.7553040990318793,-1.7422683061680675,0.37528571978217107,0.7685821859458061,0.1298794011268022,13.494304793473349,3.6944620878198946,15,17
Bhutan,BTN,2014,0.4467260395139143,3.877209846606372,0.747911205639821,0.4248709805996601,-0.4558952217755986,-0.2755895164317552,-0.9327964126809778,0.8854022100388348,1.2927837912781783,1.183202376874821,1.7553040990318793,-1.7422683061680675,0.37528571978217107,0.7773138540698706,0.1298794011268022,13.505091958538623,3.696332179965557,15,18
Bhutan,BTN,2015,0.5445233677732902,4.061897144280029,0.7873418309654665,0.47448674252312834,-0.6035907011989758,-0.2755449812829795,-1.0893511402637983,0.9541703026162406,1.2927837912781783,1.183202376874821,1.7553040990318793,0.3904244667213316,1.0670903511839143,0.7877916462629048,0.1298794011268022,13.515241602006995,3.675477837615399,15,19
Bhutan,BTN,2016,0.6818253415189989,4.155813873342297,0.8034375564498344,0.08875978499494587,-0.5664336336501741,-0.2755018216682815,-0.9384634712991613,0.9525747655695619,1.2927837912781783,1.183202376874821,1.7553040990318793,0.3904244667213316,1.0670903511839143,0.7877916462629048,0.1298794011268022,13.524980433660359,3.6807654348584995,15,20
Bhutan,BTN,2017,0.705890178658655,3.8330917927822123,0.8353695101396102,0.10050668773780873,-0.7693910714628365,-0.2754633007594127,-0.8104462809926768,1.0018557483705417,2.544466093741728,1.183202376874821,1.7553040990318793,1.0302326568805948,1.3438122037446116,0.8139861267454906,0.1298794011268022,13.533593171071674,3.6515369944848075,15,21
Botswana,BWA,1996,0.4599122214639714,0.043709329941265126,0.39602572541962483,0.5127967671264337,-0.3952007668046074,-0.2708092377770681,0.555539000093072,1.5355260731306364,1.9186249425099533,1.183202376874821,1.2051096515138011,1.6700402498857858,1.205451277464263,0.8000155625249085,1.5524926587989325,14.244636852616853,3.704777624673271,16,0
Botswana,BWA,1997,0.5633219693496494,0.4268670721441286,0.39602572541962483,1.0264095599129766,-0.30183670303119303,-0.2705961967264266,0.4069603723873025,1.5578742589112093,1.9186249425099533,1.183202376874821,1.2051096515138011,1.6700402498857858,1.205451277464263,0.8000155625249085,1.2679700072645055,14.267663304021562,3.7176312759953327,16,1
Botswana,BWA,1998,0.5304978769467026,0.6620062469426324,0.39602572541962483,0.8295832317568588,-0.30261315779848086,-0.27038654389608907,0.29274139357077233,1.378335512880338,1.9186249425099533,1.183202376874821,1.2051096515138011,1.6700402498857858,1.205451277464263,0.8000155625249085,1.2679700072645055,14.289817415029844,3.7175250580616925,16,2
Botswana,BWA,1999,0.664894664247965,0.4882913676558861,0.42036883147967313,0.744840044551681,-0.5371979646203552,-0.27017754608197897,0.19753174570104207,1.4833122825840497,1.9186249425099533,1.183202376874821,0.930012427754762,1.6700402498857858,1.205451277464263,0.8000155625249085,1.2679700072645055,14.311424350966972,3.6849062211833647,16,3
Botswana,BWA,2000,0.6616689220964838,0.30186564648518965,0.46078670468912797,0.5410008932426247,-0.4805556573124947,-0.26996683927098447,0.11539489999560168,1.6085206443300393,1.9186249425099533,1.183202376874821,0.6549152039957229,1.6700402498857858,1.205451277464263,0.8000155625249085,1.2679700072645055,14.332745398748768,3.69288027523316,16,4
Botswana,BWA,2001,0.626447529587998,0.39596399905811663,0.4283779488789305,0.41296280162599913,-0.5567048407317486,-0.26975918721748726,0.5444891530250814,1.4804702298156671,1.9186249425099533,1.183202376874821,0.930012427754762,1.6700402498857858,1.205451277464263,0.8000155625249085,1.1731291234196974,14.353321773190213,3.682145274287707,16,5
Botswana,BWA,2002,0.7054955088566338,0.5843856422457675,0.4493194620208999,0.5384121253367046,0.6761697523799756,-0.2695656061034949,0.412755989176466,1.413410173031003,1.9186249425099533,1.183202376874821,1.2051096515138011,1.6700402498857858,1.205451277464263,0.8000155625249085,0.9834473557300805,14.372129860919422,3.843190945692412,16,6
Botswana,BWA,2003,0.7618019863164505,0.6502837630109328,0.4740900078071785,0.3637510075919967,0.33233227450749814,-0.26938117139791534,0.2841276027578057,1.050105036596858,3.170307244973503,1.183202376874821,1.7553040990318793,1.6700402498857858,1.4821731300249603,2.1097395866541726,0.9834473557300805,14.389726105982914,3.8008217884556057,16,7
Botswana,BWA,2004,0.7808285758837415,0.6291753555531322,0.5403787393884938,0.514026248171481,0.11897944125058424,-0.2691941344915048,-0.031113516199760546,0.9837330935628609,2.544466093741728,1.183202376874821,1.2051096515138011,1.6700402498857858,1.3438122037446116,1.4548775745895406,1.0545780186136866,14.40725991656998,3.773599432616691,16,8
Botswana,BWA,2005,0.8370684463254214,0.325793942892732,0.5824810008868504,0.44149089100882244,0.09751220647294923,-0.2689992314356715,-0.3136660652618214,1.3206644398730103,3.170307244973503,1.183202376874821,1.4802068752728401,1.6700402498857858,1.3438122037446116,1.4548775745895406,1.2679700072645055,14.425209823039111,3.7708188761592316,16,9
Botswana,BWA,2006,0.9733186956986641,-0.28998547586164963,0.6595147398828489,0.3864035888850309,0.2157567843198831,-0.2687929668256379,-0.5714766972935735,1.635573180201721,1.9186249425099533,1.183202376874821,2.0304013227909183,1.4567708531660315,1.205451277464263,1.2540533988529232,1.3628108911093144,14.44386158420207,3.7860394657441026,16,10
Botswana,BWA,2007,1.0590172969906029,0.23219653798274875,0.6881372070213579,0.7322518840250849,0.17526826968939982,-0.2685745189137732,-0.481540974420125,1.5403399067150474,1.9186249425099533,1.183202376874821,2.0304013227909183,1.5634058501029449,1.205451277464263,1.2540533988529232,1.7658846474497514,14.463242921456144,3.7808537734868013,16,11
Botswana,BWA,2008,1.087364346455328,0.3313642375156413,0.5189695244557609,0.7471431834889053,0.20609469331623315,-0.26834366142174426,-0.3873397786751731,1.1748565163901856,1.9186249425099533,1.183202376874821,2.0304013227909183,1.6700402498857858,1.205451277464263,1.231351166508276,1.2679700072645066,14.483325058634472,3.7848044041703064,16,12
Botswana,BWA,2009,0.7070248286394564,0.6889952882135444,0.5189695244557609,0.44077605146747156,-0.2896817859798823,-0.26810128755349755,-0.2946713749424182,0.49023357730551365,1.9186249425099533,1.183202376874821,2.0304013227909183,1.6700402498857858,1.205451277464263,1.231351166508276,1.2679700072645066,14.503983832824327,3.719292582724614,16,13
Botswana,BWA,2010,0.8643687721368992,0.49859570109031315,0.5189695244557609,0.6199910725557645,-0.3490821446864195,-0.2678485822929356,-0.26063782998335927,0.8548238008686762,1.9186249425099533,1.183202376874821,1.7553040990318793,1.6700402498857858,1.205451277464263,1.2592922949494403,1.2679700072645066,14.525078182091555,3.711147534341345,16,14
Botswana,BWA,2011,0.9675228518778324,0.91492078555839,0.5189695244557609,0.7457825518720008,-0.31137366668619343,-0.26760786978402956,-0.23180077190523168,1.2018037873537706,1.9186249425099533,1.183202376874821,1.7553040990318793,1.6700402498857858,1.205451277464263,1.2592922949494403,1.2679700072645066,14.544765920466252,3.7163258502027365,16,15
Botswana,BWA,2012,0.925900271295836,1.0686194044305894,0.5189695244557609,1.1215975927133712,-0.46942121750573573,-0.2673989672450071,-0.23065283555603114,0.8795858356623015,1.9186249425099533,1.183202376874821,1.7553040990318793,1.6700402498857858,1.205451277464263,1.2977106916940286,1.2679700072645066,14.561543314558246,3.694440321268144,16,16
Botswana,BWA,2013,1.1364449908958434,0.598616047439474,0.5189695244557609,1.5263382522007487,-0.572414775131702,-0.26720803001469656,-0.21081531491201397,1.007482456409072,1.9186249425099533,1.183202376874821,1.7553040990318793,1.4567708531660315,1.205451277464263,1.320412400149066,1.2679700072645066,14.576635494956179,3.6799161806063165,16,17
Botswana,BWA,2014,1.2382670340506094,0.337389175021816,0.5189695244557609,1.343419019770771,-0.06457446296868144,-0.26702127893354893,-0.19740610254005578,1.2306671319366556,1.9186249425099533,1.183202376874821,1.7553040990318793,1.243502053600349,1.205451277464263,1.3012034637215768,1.2916802282257083,14.591179678053388,3.7495711452940266,16,18
Botswana,BWA,2015,1.0806010836035238,0.5396281984748775,0.5189695244557609,1.1514446887845071,-0.15912965835742815,-0.2668353198265673,-0.20285248314979765,0.8769680107977718,1.9186249425099533,1.183202376874821,1.7553040990318793,1.243502053600349,1.205451277464263,1.3012034637215768,1.5524926587989325,14.605454993901557,3.736964272172015,16,19
Botswana,BWA,2016,1.2164038176092793,0.22628519845501543,0.5189695244557609,0.7895289991049761,-0.48814816291722435,-0.2666477291337098,-0.1882435851426922,1.1109873957284706,1.9186249425099533,1.183202376874821,1.7553040990318793,1.243502053600349,1.205451277464263,1.3012034637215768,1.5524926587989325,14.619652004765468,3.691815092180292,16,20
Botswana,BWA,2017,1.2831113704210606,0.1850581728767978,0.5189695244557609,0.2499603650352359,-0.3686338030072339,-0.26645735164453915,-0.18218720328487586,0.839958631984786,1.9186249425099533,1.183202376874821,1.7553040990318793,1.243502053600349,1.205451277464263,1.2907256715285427,1.3628108911093144,14.63385676318741,3.7084520099294114,16,21
Central African Republic,CAF,1996,-1.1186396062474802,-1.934905429235618,-1.8965072943799024,-0.7639327194251274,-0.46343490177127195,-0.2594950174312466,-0.09821493738112441,-0.2066198918178705,-0.5847396624171465,-0.023929691893144107,-1.2707653623175506,-0.889191316443122,-1.0775040061614884,-0.8371394676366716,0.1298794011268022,15.049808666810318,3.6952780588916827,17,0
Central African Republic,CAF,1998,-1.1104697869014588,-1.7464805132522498,-1.8965072943799024,-0.6485404393549962,-0.5219302820272614,-0.25834658343429817,-0.12947273742270818,-0.2066198918178705,-0.5847396624171465,-0.023929691893144107,-1.2707653623175506,-0.889191316443122,-1.0775040061614884,-0.8371394676366716,0.1298794011268022,15.10442028909513,3.6870618594337627,17,1
Central African Republic,CAF,2000,-1.118960948254913,-1.404248723887332,-1.8965072943799024,-0.8053917966861186,-0.6387303541638911,-0.2571283187528074,-0.16333462427195158,-0.2066198918178705,-0.5847396624171465,-0.023929691893144107,-1.2707653623175506,-0.889191316443122,-1.0775040061614884,-0.8371394676366716,0.1298794011268022,15.15926713051414,3.6704514717076115,17,2
Central African Republic,CAF,2002,-1.1123142861857591,-1.5797506043740834,-1.8959148767077305,-1.0833492931828614,-0.5553246002325376,-0.2561001755086893,-0.1939630370283951,-0.2066198918178705,0.041101488814628474,-0.023929691893144107,-1.2707653623175506,-0.39156312219974315,-0.731601690460617,-0.5097084616043556,0.1298794011268022,15.203323265812157,3.6823408803398836,17,3
Central African Republic,CAF,2003,-1.127005223967903,-1.9702182832813562,-1.8959148767077305,-1.0797796323049695,-0.48028597704370163,-0.2555225166976743,-0.2200974891784145,-0.2066198918178705,0.041101488814628474,-0.023929691893144107,-0.7205709147994724,-0.889191316443122,-1.4234063218623598,-0.8371394676366716,0.1298794011268022,15.227250175196597,3.6929180889011906,17,4
Central African Republic,CAF,2004,-1.1203819693339958,-1.9208246046893274,-1.8959148767077305,-1.1667145614463146,-0.4452046909321292,-0.2549881425499098,-0.22866129790440007,-0.2066198918178705,-0.09797443383086,-0.20682854871893658,-0.42880103865840397,-0.8741113846640756,-1.136901244926232,-0.47001963255636214,0.1298794011268022,15.24888576606012,3.6978249186550682,17,5
Central African Republic,CAF,2005,-1.1228711822410928,-1.5506644963431961,-1.8959148767077305,-1.1135461205359423,-0.5218932426470073,-0.2544165872991964,-0.24513249497453338,-0.2066198918178705,0.041101488814628474,-0.023929691893144107,-0.4454736910404334,-0.889191316443122,-0.731601690460617,-0.5097084616043556,0.1298794011268022,15.271520096312171,3.687067083363523,17,6
Central African Republic,CAF,2006,-1.1180576850570605,-1.5058727630568491,-1.8959148767077305,-1.0749881909678543,-0.23479591386044998,-0.2538879951583127,-0.2565608012477118,-0.2066198918178705,0.041101488814628474,-0.023929691893144107,-0.9956681385585116,-0.39156312219974315,-1.0775040061614884,-0.9759702141943736,0.1298794011268022,15.292006618246427,3.7267600811586497,17,7
Central African Republic,CAF,2007,-1.1131837692015503,-1.4509395544052661,-1.8959148767077305,-1.040501734595783,-0.06308126537384623,-0.253380708908901,-0.2681017450918914,-0.2066198918178705,0.37154561666500563,-0.06416726656780092,-0.9956681385585116,-0.39156312219974315,2.0522201462999963,-0.9759702141943736,0.1298794011268022,15.31128043151746,3.749768961395998,17,8
Central African Republic,CAF,2008,-1.113374658876481,-1.2034353114574052,-1.8959148767077305,-1.1319796310801438,0.38730802631089073,-0.25280778407880283,-0.2870965070789026,-0.2066198918178705,0.36653888745515145,-0.015881983817082272,-0.9956681385585116,-0.39156312219974315,2.049452927774389,-0.8449978117814472,0.1298794011268022,15.332610568994948,3.807717868506552,17,9
Central African Republic,CAF,2009,-1.0955670493315417,-1.1799895652105374,-1.8597954959515794,-1.2176342048439723,-0.29278253884139144,-0.25298604972245814,-0.29325394173500163,-0.2066198918178705,-0.5847396624171465,-1.2310617606611092,-1.2707653623175506,-0.03611432671817715,-0.8699626167409662,-1.4946209277495621,0.1298794011268022,15.326022320848274,3.7188690409544414,17,10
Central African Republic,CAF,2010,-1.0841238911837148,-0.7901855660041999,-1.8597954959515794,-1.1321845034536224,-0.14606746907567342,-0.25320072831366836,-0.3061089306935866,-0.2119463500499082,-0.5847396624171465,-1.2310617606611092,-0.9956681385585116,-0.03611432671817715,-0.8699626167409662,-1.5016059479150483,0.1298794011268022,15.318030297778142,3.7387153203338563,17,11
Central African Republic,CAF,2011,-1.0784964590269963,-1.1203725866520915,-1.717981163717997,-1.1308709541471087,-0.3871141340310583,-0.25277183559730015,-0.3153033428257417,-0.03412940992532807,-0.5847396624171465,-1.2310617606611092,-0.9956681385585116,-0.03611432671817715,-0.8699626167409662,-1.5016059479150483,0.1298794011268022,15.333933891276702,3.7058974890148457,17,12
Central African Republic,CAF,2012,-1.0694244741188534,-1.440952799049228,-1.7287958713848128,-1.1720840253473388,-0.16048422026197007,-0.2524989498822388,-0.3256652078678619,0.03978333244179624,-0.5847396624171465,-1.2310617606611092,-1.2707653623175506,-0.24938312628385903,-1.0083235430213147,-1.471919219294525,0.1298794011268022,15.343922562875568,3.7367825111587636,17,13
Central African Republic,CAF,2013,-1.1560823944342378,-1.9768806503245855,-1.7287958713848128,-1.016685164587392,-0.6365008848622278,-0.25231095427025896,-0.37175960531668384,-0.23858479260970333,-0.5847396624171465,-1.2310617606611092,-2.096057033594668,-0.24938312628385903,-1.8384891007034063,-1.559233804976736,0.1298794011268022,15.350746339965747,3.6707711260690505,17,14
Central African Republic,CAF,2014,-1.1553427584715892,-0.1815359191082569,-1.7287958713848128,-0.5890109822140033,-0.6233841997226048,-0.25242550469905933,-0.3969096771370524,-0.6319466901151068,-0.5847396624171465,-1.2310617606611092,-2.096057033594668,-0.24938312628385903,-1.8384891007034063,-1.559233804976736,0.1298794011268022,15.346593986872179,3.6726496893636065,17,15
Central African Republic,CAF,2015,-1.149069434600563,-0.2522448232438426,-1.7287958713848128,-0.5875542701385563,-0.6245368596529748,-0.25238895479356593,-0.40644651034468804,-0.4111706434702112,-1.2105808136489213,-1.2310617606611092,-2.096057033594668,-0.6759219197233678,-1.700128174423057,-1.108688740676269,0.1298794011268022,15.347920763040102,3.6724847475026836,17,16
Central African Republic,CAF,2016,-1.144592052404343,-0.21527790629475888,-1.789274697429257,-0.663641003591909,-0.5853475568158835,-0.2518867181237988,-0.4180472712066529,-0.45185756816890227,-1.2105808136489213,-1.2310617606611092,-1.8209598098356288,-0.6759219197233678,-1.700128174423057,-1.1017037205107836,0.1298794011268022,15.365976082890791,3.6780774028076677,17,17
Central African Republic,CAF,2017,-1.140129843424875,0.1921942802050696,-1.722012092691055,-0.47119374194505903,-0.5969217991450163,-0.2514112477989638,-0.4298114512654878,-0.5271314821986276,-1.2105808136489213,-1.2310617606611092,-1.8209598098356288,-0.6759219197233678,-1.700128174423057,-1.1174204088003348,0.1298794011268022,15.382773894886062,3.6764289096865683,17,18
Central African Republic,CAF,2018,-1.1368735846244102,-0.7584698594900482,-1.722012092691055,-0.6889724807290619,-0.5120028840605058,-0.2509042295107361,-0.4399655344110028,-0.5422920330473981,-1.2105808136489213,-1.2310617606611092,-1.8209598098356288,-0.6759219197233678,-1.700128174423057,-1.1174204088003348,0.1298794011268022,15.400380740009895,3.688461016034019,17,19
China,CHN,1996,-0.8490098086996971,1.1224273257338464,-0.4026928350592115,-1.1555163008184843,0.16557706753889273,6.970181300175195,0.7765984241453335,1.6540320653392575,0.041101488814628474,1.183202376874821,-0.17037646728139427,-0.03611432671817715,-0.45487983789991987,-1.1645704736689877,1.694753984566145,20.92010648066089,3.779608543805638,18,0
China,CHN,1997,-0.8117536682095088,1.0424765390279054,-0.31492208590792403,-1.1355866663562297,0.1778420168594591,7.044763829713305,0.803595287424015,1.650219583114717,0.041101488814628474,0.5796363424908384,-0.17037646728139427,-0.03611432671817715,-0.3165189116195715,-1.1645704736689877,1.2679700072645066,20.930340980894513,3.7811842157337407,18,1
China,CHN,1998,-0.7777852156629272,1.2631238021730313,-0.31492208590792403,-1.1979179343479633,0.12557424697998162,7.115386488421646,0.7767048898071325,1.5367233918337915,0.041101488814628474,-0.023929691893144107,-0.17037646728139427,-0.03611432671817715,-0.1781579853392228,-1.1645704736689877,1.2679700072645066,20.939936484949733,3.7744520787069757,18,2
China,CHN,1999,-0.7419083975647289,1.2152459590311644,-0.17393536660877834,-1.1672505244976592,0.003859033713409904,7.179697172574268,0.7093002123199695,1.4961551629058167,0.041101488814628474,-0.023929691893144107,-0.30792507916091383,0.07052037164170027,-0.1781579853392228,-1.1645704736689877,1.2679700072645066,20.948594998872725,3.758597130207362,18,3
China,CHN,2000,-0.6983771378829214,1.211866562325228,-0.1429985201784139,-0.9988849133311964,-0.045102800111833465,7.238708179977275,0.9313090462371681,1.5060377388429986,0.041101488814628474,-0.023929691893144107,-0.4454736910404334,0.1771550700015777,-0.1781579853392228,-1.1645704736689877,0.6040838203508453,20.956474564796,3.752147648899147,18,4
China,CHN,2001,-0.6527249041553514,1.3104128277506206,-0.04477852432623842,-1.025899972724719,-0.03931277830008175,7.29352112883143,0.6148354974635265,1.439429388226819,-0.271819086801259,-0.023929691893144107,-0.30792507916091383,-0.03611402814114067,-0.3165189116195715,-1.1645704736689877,0.1298794011268022,20.963738371168652,3.752912509788917,18,5
China,CHN,2002,-0.5972119937875475,1.4956920656379584,-0.02207706258247114,-0.9062393759426911,-0.02333733588061402,7.344433753785589,0.4935020777395651,1.405950035831602,-0.5847396624171465,-0.023929691893144107,-0.17037646728139427,-0.24938312628385903,-0.45487983789991987,-1.1645704736689877,0.41440205266122715,20.970438366840987,3.7550198341705308,18,6
China,CHN,2003,-0.5304596432309027,1.8712041743515249,0.021884148073632696,-0.6477270952136049,-0.04534286654309248,7.392071297602345,0.5204595123092989,1.4984294690898923,-0.5847396624171465,-0.023929691893144107,-0.17037646728139427,-0.03611432671817715,-0.45487983789991987,-1.1645704736689877,0.9360269138076759,20.976666976197475,3.7521159235304378,18,7
China,CHN,2004,-0.45706271313608143,2.0246986588191858,0.021884148073632696,-0.4276345256254457,-0.046320485941977976,7.437773566201546,0.6417369903342837,1.5193212760862582,-0.5847396624171465,-0.023929691893144107,-0.17037646728139427,0.1771550700015777,-0.45487983789991987,-1.1645704736689877,0.9834473557300805,20.982606304344,3.751986718328936,18,8
China,CHN,2005,-0.3654729746785708,2.0149728313660242,0.021884148073632696,-0.3484852031128755,0.14177160105378805,7.483297194011434,0.8171013041575678,1.6152953172313995,-0.5847396624171465,-0.023929691893144107,-0.17037646728139427,0.3904244667213316,-0.45487983789991987,-1.1645704736689877,0.9834473557300805,20.988487554235046,3.776543163219354,18,9
China,CHN,2006,-0.2523155051364642,1.9241805460789678,0.38346230667929565,-0.28418465977307783,0.1333920067962119,7.526766452744225,1.0057898493646478,1.6574749373359785,-1.2105808136489213,-0.023929691893144107,-0.17037646728139427,0.3904244667213316,-0.1781579853392228,-0.8642072720985463,0.9123166928464742,20.994071297904505,3.7754619003789305,18,10
China,CHN,2007,-0.10965402036551176,1.8210407410407974,0.531772309442777,-0.35120944882949223,0.1139252287039329,7.567645420031979,1.221607695850162,1.5988885564074122,-1.2105808136489213,-0.023929691893144107,-0.17037646728139427,0.3904244667213316,-0.039797059058874096,-0.8642072720985463,1.0545780186136866,20.999294016564452,3.7729454782267795,18,11
China,CHN,2008,-0.0007837097835936428,1.9583155848873208,0.6950967530670488,-0.4837777249092729,-0.00330752969627244,7.607958691486909,1.275522981318599,1.6031645632216518,-1.2105808136489213,-0.023929691893144107,-0.17037646728139427,0.3904244667213316,0.09856386722147399,-0.8519828319469335,1.2679700072645066,21.00441788587695,3.7576557116894467,18,12
China,CHN,2009,0.11474651352636579,2.516910508811105,0.8978090780443477,-0.841478524589904,-0.20749236251987896,7.647289438600619,1.3564670072440728,1.5148120959942741,-1.2105808136489213,-0.023929691893144107,-0.4454736910404334,0.3904244667213316,0.09856386722147399,-0.8519828319469335,1.2679700072645066,21.009391699882055,3.7304541991056044,18,13
China,CHN,2010,0.25759656992846386,2.530299191104576,0.9880070066426571,-0.6833304521907403,0.04290111929408522,7.685667434837993,1.4777805629127614,1.5589032641153335,-1.2105808136489213,-0.023929691893144107,-0.4454736910404334,0.3904244667213316,0.236924793501823,-0.834520019588413,0.7463451461180589,21.014221296765218,3.7637102928271684,18,14
China,CHN,2011,0.3960956726856225,2.529718214831563,1.03318967494605,-0.680660217900488,-0.0076609576155735855,7.729315334360096,1.5856926884712923,1.5667216724973672,-1.2105808136489213,-0.023929691893144107,-0.4454736910404334,0.3904244667213316,0.236924793501823,-0.834520019588413,0.48553271554483507,21.019685872709946,3.7570834009978427,18,15
China,CHN,2012,0.5173152303168497,2.57316678656834,1.041407831197579,-0.7524139975743435,-0.16210258106252,7.783830548565397,1.6934900852062598,1.4733085324219006,-1.2105808136489213,-0.023929691893144107,-0.17037646728139427,0.3904244667213316,0.236924793501823,-0.8589683760020292,0.4144020526612283,21.026469327293388,3.736565309137894,18,16
China,CHN,2013,0.6460118604368762,2.5976408427225492,1.041407831197579,-0.797934190420721,-0.125699396188338,7.837720520008102,1.666564213983225,1.365687669935669,-0.5847396624171465,-0.023929691893144107,-0.17037646728139427,0.1771550700015777,0.236924793501823,-0.8589683760020292,0.4144020526612283,21.03313005706539,3.741439653161385,18,17
China,CHN,2014,0.7784036948223444,2.5133431772285846,1.041407831197579,-0.8517022140535222,-0.20994847593914495,7.889049973470658,1.6396716058379497,1.2728577141670352,0.041101488814628474,1.183202376874821,-0.17037646728139427,1.0302326568805948,0.37528571978217107,-0.42239335203253486,0.4144020526612283,21.039433320956196,3.730122449700646,18,18
China,CHN,2015,0.91086213215396,2.2994842851676798,1.041407831197579,-1.0080158216236956,-0.274230033269013,7.936687517287414,1.558682598074489,1.0861271437651734,0.041101488814628474,1.183202376874821,-0.17037646728139427,1.0302326568805948,0.37528571978217107,-0.3979455195085283,0.4144020526612283,21.045247882418547,3.7214005169880235,18,19
China,CHN,2016,1.0474641454747227,2.234479263565412,1.041407831197579,-1.0813527384471124,-0.3850717352522986,7.983908232595774,1.6051520258750698,0.9828309116783729,0.041101488814628474,1.183202376874821,-0.17037646728139427,1.243502053600349,0.37528571978217107,-0.3979455195085283,0.4144020526612283,21.050978391475102,3.706180129069235,18,20
China,CHN,2017,1.1943897637616312,2.2754533330388527,1.041407831197579,-1.0588372113111313,-0.42071297392138834,8.034076520927796,1.6491303251895997,1.0094636494750417,0.041101488814628474,1.183202376874821,0.1047207564776448,1.0302326568805948,0.37528571978217107,-0.404930539674015,0.4144020526612283,21.057030841605584,3.7012363658271545,18,21
Cote d'Ivoire,CIV,1996,-0.5878128757367778,-0.4194915987570631,-1.5342855287477588,-0.5974737121664104,-0.39142164465200413,-0.18800090726978624,-0.5544779177399536,-1.1137138664879074,1.2927837912781783,1.183202376874821,1.7553040990318793,-0.4626525230036132,-0.45487983789991987,-0.5097084616043556,1.5524926587989325,16.552621897040634,3.7053011264267233,19,0
Cote d'Ivoire,CIV,1997,-0.5482672806129836,-0.5608588020804216,-1.5342855287477588,-0.5624934820699942,-0.2471587424349888,-0.18439916358504677,-0.5251223932795144,-0.9762786375651249,0.6669426400464034,0.5796363424908384,1.0675610396342816,-0.4626525230036132,-0.7316016904606173,-0.8371394676366716,0.6277940413120475,16.59104313032214,3.7250829152674183,19,1
Cote d'Ivoire,CIV,1998,-0.545204917729786,-0.5392598220092998,-1.5342855287477588,-0.5727505976055772,0.03202465367279177,-0.18072643996002033,-0.5294123150943844,-1.036336057046439,0.041101488814628474,-0.023929691893144107,0.3798179802366839,-0.4626525230036132,-1.0083235430213147,-1.1645704736689877,0.1298794011268022,16.62875820142858,3.762288477281492,19,2
Cote d'Ivoire,CIV,1999,-0.5609792375519652,-0.41066052656223617,-1.5342855287477588,-0.5075704825574516,-0.43448325972698426,-0.17743952684767283,-0.5434672617717416,-1.0592842567649443,-0.5847396624171465,-0.6274957262771266,-0.8581195266789919,-0.6759219197233678,-1.4234063218623605,-1.4920014797013037,0.1298794011268022,16.66134602446462,3.699319737422061,19,3
Cote d'Ivoire,CIV,2000,-0.5832023347553797,-0.7628244509494381,-1.5342855287477588,-0.534622662320032,-0.40453679657859737,-0.17456299926592075,-0.57147517430648,-1.0952636294353169,-1.2105808136489213,-1.2310617606611092,-2.096057033594668,-0.889191316443122,-1.8384891007034063,-1.8194324857336197,-1.3875747403901362,16.689018981274685,3.703483177963289,19,4
Cote d'Ivoire,CIV,2001,-0.6173825962937499,-0.8866646602272129,-1.5342855287477588,-0.5884576786514952,-0.3679028226129059,-0.17170528851397626,-0.613083390359014,-1.0750616436810263,-1.2105808136489213,-1.2310617606611092,-1.9585084217151483,-0.889191316443122,-1.8384891007034063,-1.8194324857336197,-1.1030520888557094,16.715772908955746,3.7085529187067627,19,5
Cote d'Ivoire,CIV,2002,-0.653206444719042,-0.8723446765588995,-1.5342855287477588,-0.5073264484489551,-0.4468607390310439,-0.16887170022328202,-0.6532160936576369,-1.0481679291230497,-1.2105808136489213,-1.2310617606611092,-1.8209598098356288,-0.889191316443122,-1.8384891007034063,-1.8194324857336197,-1.292733856545327,16.74161254263829,3.697593827384219,19,6
Cote d'Ivoire,CIV,2003,-0.6992772788257079,-1.1894345002374076,-1.5342855287477588,-0.5842100991654928,-0.5177508773065206,-0.16606840345576224,-0.7068602911649355,-0.9887012937985199,-1.2105808136489213,-1.2310617606611092,-2.096057033594668,-0.889191316443122,-1.8384891007034063,-1.8194324857336197,-1.292733856545327,16.76653532943069,3.6876511387723983,19,7
Cote d'Ivoire,CIV,2004,-0.6949607001651172,-1.1106801446036967,-1.5342855287477588,-0.44282675707278124,-0.4422111738706374,-0.16327292520012138,-0.7067952351263336,-0.9624899855493397,-1.2105808136489213,-1.2310617606611092,-2.096057033594668,-0.6759219197233678,-1.4234063218623598,-1.8194324857336197,-1.5772565080797532,16.790785040649293,3.698242509982266,19,8
Cote d'Ivoire,CIV,2005,-0.7034163474042192,-1.081076060225516,-1.5342855287477588,-0.3059715334071175,-0.3980730270310122,-0.16045362817257214,-0.7222754747044872,-0.9041680396071969,-1.2105808136489213,-1.2310617606611092,-2.096057033594668,-0.889191316443122,-1.4234063218623598,-1.8194324857336197,-2.1463018111486054,16.814659936559117,3.70437956231427,19,9
Cote d'Ivoire,CIV,2006,-0.7008789580666251,-1.0196997291323324,-1.5342855287477588,-0.280669245313842,-0.4094291558251459,-0.1576052365151368,-0.7285558616606349,-0.8741108729400479,-0.5847396624171465,-1.2310617606611092,-1.8209598098356288,-0.6759219197233678,-1.2850453955820114,-0.7926088508162772,-2.1463018111486054,16.838215915027817,3.7028041794271878,19,10
Cote d'Ivoire,CIV,2007,-0.7082713100380379,-0.7221936152240382,-1.5342855287477588,-0.3464228348551861,-0.381924668144142,-0.15472461805930945,-0.7487050681399191,-0.8825307012099871,-0.5847396624171465,-1.2310617606611092,-1.8209598098356288,-0.6759219197233678,-1.2850453955820114,-0.7926088508162772,-2.1225915901874033,16.861487128400267,3.706615483789148,19,11
Cote d'Ivoire,CIV,2008,-0.6938007116921304,-0.7924457771472827,-1.5342855287477588,-0.3315902662551508,-0.4118820703760349,-0.15184325526685996,-0.7469258513108387,-0.8051972319565441,0.041101488814628474,-1.2310617606611092,-1.8209598098356288,-0.6759219197233678,-1.1466844693016627,-0.8118183111333762,-1.6246769500021583,16.884234895563782,3.702463571831622,19,12
Cote d'Ivoire,CIV,2009,-0.6856983797162065,-0.7936125996043729,-1.5342855287477588,-0.1938723866380438,-0.44758067388285544,-0.14896415525774176,-0.7529180366583043,-0.7544468814402375,0.041101488814628474,-0.023929691893144107,-0.7205709147994724,-0.6759219197233678,-0.731601690460617,-0.37524328716388133,-1.5772565080797532,16.906459416033595,3.6974933482711294,19,13
Cote d'Ivoire,CIV,2010,-0.65772148922029,-0.23643302130229013,-1.5342855287477588,-0.17058989901254873,-0.47374328477636873,-0.14604561136234329,-0.7515253524981697,-0.9248532050861912,0.041101488814628474,-0.023929691893144107,-0.4454736910404334,-0.4626525230036132,-0.731601690460617,-0.4189011038945965,-1.7906484967305725,16.928495326462812,3.6938350455159994,19,14
Cote d'Ivoire,CIV,2011,-0.7056291686509826,-0.5827582086730646,-1.5342855287477588,-0.25082460529886885,-0.5098112716787648,-0.1431043800867021,-0.8457717951219201,-0.8592028132208009,0.041101488814628474,-0.023929691893144107,-1.2707653623175506,-0.4626525230036132,-0.8699626167409662,-0.40842331170156243,-1.861779159614179,16.95022190231203,3.6887696358681645,19,15
Cote d'Ivoire,CIV,2012,-0.6733015383373137,-0.6718566900523987,-1.5342855287477588,-0.0882857000561889,-0.494400355977022,-0.140215889526759,-0.839707945733705,-0.7781609128151591,0.041101488814628474,-0.023929691893144107,-0.7205709147994724,-0.4626525230036132,-0.8699626167409662,-0.37873605919142966,-2.0514609273037974,16.97110910332852,3.6909370942948394,19,16
Cote d'Ivoire,CIV,2013,-0.6191659609958978,-0.23303438656699804,-1.5342855287477588,-0.4360057942258495,-0.48668155872389507,-0.13740112402056534,-0.8114673648789178,-0.673975754274546,0.041101488814628474,-0.023929691893144107,0.1047207564776448,-0.4626525230036132,-0.8699626167409662,-0.37873605919142966,-2.1463018111486054,16.991051901325182,3.692020936398144,19,17
Cote d'Ivoire,CIV,2014,-0.5728773289867741,-0.02145614997905294,-0.8308271331430384,-0.5719769624725624,-0.49621312847173615,-0.13390202733336504,-1.0292811860308222,-0.6016253530843572,0.041101488814628474,-0.023929691893144107,0.1047207564776448,-0.4626525230036132,-0.731601690460617,-0.3298398702538065,-2.098881369226201,17.015301254872075,3.6906823817290295,19,18
Cote d'Ivoire,CIV,2015,-0.5425607108523675,0.11018073315299988,-0.7034661724314692,-0.6000618493848754,-0.46431747583040006,-0.12962091868156184,-1.2374846332891911,-0.5785665337860747,0.041101488814628474,-0.023929691893144107,-0.17037646728139427,-0.4626525230036132,-0.45487983789991987,-0.36825826699839553,-1.861779159614179,17.044191871513355,3.6951545937184838,19,19
Cote d'Ivoire,CIV,2016,-0.5112454863499154,0.07802723501488537,-0.6219242227177524,-0.7499083099238476,-0.4439638576526169,-0.125196206653923,-1.4023223284381954,-0.5201564838784674,0.041101488814628474,-0.023929691893144107,-0.17037646728139427,-0.4626525230036132,-0.45487983789991987,-0.2809431574265742,-1.861779159614179,17.073199551412287,3.6979980342750167,19,20
Cote d'Ivoire,CIV,2017,-0.47615974978464365,-0.08998496992045825,-0.5191321599012845,-0.71809158302592,-0.32623227141151134,-0.1207661115838329,-1.269943387686099,-0.6047152964732384,0.041101488814628474,-0.023929691893144107,-0.7205709147994724,-0.4626525230036132,-0.45487983789991987,-0.259987573040506,-1.861779159614179,17.101423267958054,3.7142885928147815,19,21
Cameroon,CMR,1996,-0.7712195293370261,-0.6230237637623226,-1.406989359170248,-0.8212281133950905,-0.48880569154928183,-0.2000743747889592,-0.584735407443268,0.2322306493983482,-1.2105808136489213,-1.2310617606611092,-1.8209598098356288,-1.1024607131628763,-1.8384891007034063,-1.8194324857336197,1.5524926587989325,16.411866002171134,3.691722791445013,20,0
Cameroon,CMR,1997,-0.7616578979427984,-0.5448107122952666,-1.406989359170248,-0.7236200429085237,-0.40970598310300654,-0.1979279640225146,-0.586517245387665,0.1136700470059192,-0.8976602380330339,-0.6274957262771266,-1.133216750438031,-0.889191316443122,-1.4925867850025345,-1.8194324857336197,0.5566633784284414,16.43838152086693,3.702765745463357,20,1
Cameroon,CMR,1998,-0.7508571098233873,-0.4956871299408738,-1.3746044572544516,-0.9033230422617871,-0.5691410970168638,-0.19572683558230353,-0.5894589874381939,0.0415496150048068,-0.5847396624171465,-0.023929691893144107,-0.4454736910404334,-0.6759219197233678,-1.1466844693016627,-1.8194324857336197,-0.7236885534764754,16.4648619358756,3.6803810951122786,20,2
Cameroon,CMR,1999,-0.7410248669740723,-0.6236962656730701,-1.3193002372182903,-1.0504696548619974,-0.6021980795755085,-0.193462384936974,-0.5983727311450395,0.034560020495555045,-0.5847396624171465,-0.023929691893144107,-0.032827855401874745,-0.6759219197233678,-1.1466844693016627,-1.8194324857336197,-0.7236885534764754,16.491391568056166,3.6756765182869047,20,3
Cameroon,CMR,2000,-0.7346298004970484,-0.6260272197889291,-1.2646570320361772,-0.7393842201487676,-0.3875489742591101,-0.19115499500058666,-0.6161282575427638,0.11995396886877374,-0.5847396624171465,-0.023929691893144107,0.3798179802366839,-0.6759219197233678,-1.1466844693016627,-1.8194324857336197,-1.1504725307781145,16.517719196983666,3.7058373027591456,20,4
Cameroon,CMR,2001,-0.7253942701583891,-0.4148741064653827,-1.0794971747069866,-0.6333278490223964,-0.6748687241924036,-0.1887918215003899,-0.6403624127955339,-0.07206022245263295,-0.8976602380330339,-0.023929691893144107,-0.032827855401874745,-0.7825566180832448,-1.2850453955820114,-1.8194324857336197,-1.2927338565453277,16.543983520836914,3.66525576225029,20,5
Cameroon,CMR,2002,-0.7154701224617892,-0.3805200767134987,-1.2328042236376453,-0.723268276285018,0.06661955553393509,-0.18631444294358543,-0.7147203738086285,0.035816079733856344,-1.2105808136489213,-0.023929691893144107,-0.4454736910404334,-0.889191316443122,-1.4234063218623598,-1.8194324857336197,-1.2927338565453277,16.570796000684467,3.766803869454518,20,6
Cameroon,CMR,2003,-0.7000556029599889,-0.5201573634030234,-1.1751956898257665,-0.9630242320700325,-0.2835759064567492,-0.18372527098082897,-0.7796596699016652,0.11499901835998634,-0.5847396624171465,-0.023929691893144107,-0.4454736910404334,-0.889191316443122,-1.2850453955820114,-1.1645704736689877,-1.2927338565453277,16.59807071231974,3.7201260803236464,20,7
Cameroon,CMR,2004,-0.6749739235195595,-0.4561697278382261,-1.299032010587024,-0.9166199810711387,-0.5918242594195251,-0.1810447838012688,-0.8295265157290491,0.052633190771928656,-0.5847396624171465,-0.023929691893144107,-0.4454736910404334,-0.889191316443122,-1.2850453955820114,-1.1645704736689877,-1.2927338565453277,16.62554486104953,3.677155275614486,20,8
Cameroon,CMR,2005,-0.6784402865839915,-0.49384927161702885,-1.2810214930129378,-0.8246601091775236,-0.4342235276736462,-0.17828116910774836,-0.8947004086082627,0.07676526038102036,-1.2105808136489213,-0.023929691893144107,-0.4454736910404334,-0.889191316443122,-1.4234063218623598,-1.8194324857336197,-1.2927338565453277,16.65310224425257,3.699355922450181,20,9
Cameroon,CMR,2006,-0.6722073771696011,-0.5817130937478764,-1.4111409709240763,-0.7633498353217472,-0.605742729395734,-0.17544784877823807,-0.8899839569038154,0.1384893040395806,0.041101488814628474,-0.023929691893144107,0.1047207564776448,-0.889191316443122,-1.0083235430213147,-0.8118183111333762,-0.8185294373212845,16.68058775546917,3.6751707372945353,20,10
Cameroon,CMR,2007,-0.6630951753529708,-0.49351375062912795,-1.0843247617052802,-0.5855013402909288,-0.5152565230601674,-0.17247354513780208,-0.8860539068268618,0.006541436673753013,0.041101488814628474,-0.023929691893144107,0.1047207564776448,-0.7825569166602807,-0.8007821536007913,-0.37524328716388133,-0.5102965648256562,16.70865053635569,3.6880026673420745,20,11
Cameroon,CMR,2008,-0.663446060688487,-0.3343318563598433,-0.9253178729672623,-0.47757077466396414,-0.6424991544879246,-0.1693523332669282,-0.8420522236504104,0.046213832106621645,0.041101488814628474,-0.023929691893144107,-0.17037646728139427,-0.6759219197233678,-0.5932407641802689,0.09451071356407457,-0.036092145601613085,16.73727638011924,3.6699108803943545,20,12
Cameroon,CMR,2009,-0.6654875540644284,-0.4915502981522006,-0.7834271875890327,-0.9067729566183731,-0.18151598625399376,-0.16613728734412125,-0.8015062311579038,-0.044747996997249906,0.041101488814628474,-0.023929691893144107,-0.4454736910404334,-0.6759219197233678,-0.731601690460617,-0.34206378651580993,0.1298794011268022,16.765930300865584,3.7339561302925386,20,13
Cameroon,CMR,2010,-0.6654866819717682,-0.5004514849731366,-0.7834271875890327,-0.7594457950951264,-0.30975477836411175,-0.16283783960305698,-0.7560343577442038,-0.10045001815033637,0.041101488814628474,-0.023929691893144107,-0.7205709147994724,-0.889191316443122,-0.731601690460617,-0.3507954546398747,-0.4391659019420505,16.794506914056875,3.716547564810017,20,14
Cameroon,CMR,2011,-0.6623148163825999,-0.45085054742383196,-0.4906896822654001,-0.6347911330422178,-0.27722562268680545,-0.1594779755470471,-0.7009949752143326,-0.10611026825961116,0.041101488814628474,-0.023929691893144107,-0.7205709147994724,-1.1024607131628763,-0.731601690460617,-0.3507954546398747,-0.5814272277092624,16.82279114234682,3.720992204548723,20,15
Cameroon,CMR,2012,-0.6512404271025272,-0.5403667563787269,-0.3739818540582768,-0.6780356585666549,-0.3453921822138467,-0.1560407778933437,-0.6323264620915175,-0.03525584988250474,-0.5847396624171465,-0.023929691893144107,-0.7205709147994724,-1.1024607131628763,-0.731601690460617,-0.34555655854335765,-0.7711089953988806,16.850921612819235,3.711655443600087,20,16
Cameroon,CMR,2013,-0.6376006998695636,-0.5164928881834402,-0.308949408713955,-0.6885552674946581,-0.367744635056236,-0.1525105560259521,-0.5573901452596173,-0.025475080435869716,-0.5847396624171465,-0.023929691893144107,-0.7205709147994724,-1.3157301098826306,-0.8699626167409662,-0.7681604944026604,-0.8659498792436896,16.87901254859009,3.7085747544953014,20,17
Cameroon,CMR,2014,-0.6204633832634632,-0.38997647523958556,-0.15626839767162537,-0.654859676287497,-0.3017069467862755,-0.14859524416373182,-0.4938239604954578,-0.11187118392389178,-0.5847396624171465,-0.023929691893144107,-0.7205709147994724,-1.3157301098826306,-0.8699626167409662,-0.7873699547197601,-0.8659498792436896,16.909271766701025,3.717649025369204,20,18
Cameroon,CMR,2015,-0.6040320388771095,-0.4900299215045389,-0.10672273271067112,-0.8088733938929842,-0.27315258948712023,-0.14440599260579326,-0.46920488099072966,-0.1633603762338717,-0.5847396624171465,-0.023929691893144107,-0.7205709147994724,-1.3157301098826306,-0.731601690460617,-0.30713763790915954,-0.8659498792436896,16.94066519990367,3.721547336710751,20,19
Cameroon,CMR,2016,-0.5938217424164841,-0.38746633896466437,-0.073916578044948,-0.951516252031027,-0.3072996308038989,-0.14029280629594412,-0.45439174751552663,-0.2393302551809727,-0.5847396624171465,-0.023929691893144107,-0.7205709147994724,-1.3157301098826306,-0.731601690460617,-0.34206378651580993,-0.8659498792436896,16.97055852111667,3.7168837153984677,20,20
Cameroon,CMR,2017,-0.5892219948459416,-0.40704628762300343,-0.073916578044948,-0.9934114744674742,-0.25529342539882593,-0.13627672316447248,-0.4462174786223433,-0.23264252539585273,-0.5847396624171465,-0.023929691893144107,-0.7205709147994724,-1.3157301098826306,-0.731601690460617,-0.31586930603322466,-1.0556316469333056,16.99890849974382,3.7239778116593154,20,21
"Congo, Dem. Rep.",COD,1996,-1.107512705603255,0.5387090996512786,-1.0782218876012197,-0.3788621787842875,-0.5796760754050647,-0.010230622613884844,-1.1884318565944707,0.443372928028505,-1.2105808136489213,-0.023929691893144107,-1.3180041772703368,-1.2963417114744389,-1.1928045935805438,-0.5097084616043556,-2.999869765751884,17.628732045955584,3.6788841880801293,21,0
"Congo, Dem. Rep.",COD,1997,-1.1215592992208538,-2.4437034580279327,-1.0782218876012197,-1.151987732604784,-0.78525544638235,-0.005861199910538349,-1.2262739833990357,-0.48429232247385956,-0.7933532960489179,-0.6274957262771266,-1.1735088102964542,-1.8392091039008847,-1.1928045935805438,-0.9462832236290453,-2.5019551255666377,17.644801808469893,3.6492159156685346,21,1
"Congo, Dem. Rep.",COD,1998,-1.1293648791578201,-2.4922064388972807,-1.0782218876012197,-0.3100931996389486,-0.48079350066422233,0.001687552467138474,-1.2388515449037598,-0.5514906616925542,-0.3761257784489145,-1.2310617606611092,-1.0290134433225717,-2.3820764963273304,-1.1928045935805438,-1.3828579856537349,-2.5256653465278394,17.67197013335985,3.692846924444804,21,2
"Congo, Dem. Rep.",COD,1999,-1.1423989761125874,-2.37470667939797,-1.0782218876012197,-0.9358295359536397,-0.6138865980876966,0.011306590816240695,-1.253812834024773,-0.6961215670405837,-0.3761257784489145,-1.2310617606611092,-0.6955621563042069,-2.3820764963273304,-1.1928045935805438,-1.3828579856537349,-3.284392417286309,17.705553195339245,3.6740077304182623,21,3
"Congo, Dem. Rep.",COD,2000,-1.158390095489713,-0.9985194518356673,-1.0782218876012197,-1.348005661656967,-0.5683243137489973,0.02080117608212164,-1.266818976937737,-0.3877404100917145,-0.3761257784489145,-1.2310617606611092,-0.36211086928584224,-2.3820764963273304,-1.1928045935805438,-1.3828579856537349,-3.284392417286309,17.73763126952393,3.680497057679722,21,4
"Congo, Dem. Rep.",COD,2001,-1.1659308155200325,-1.938934419526771,-1.0782218876012197,-1.4054079314086492,-0.41190587273187734,0.03047876692726763,-1.2816285550511182,0.24807364846357058,-0.3761257784489145,-1.2310617606611092,-0.22873031046294068,-0.9958260148029994,-0.8304309630497023,-1.3828579856537349,-3.284392417286309,17.76930193235908,3.702460266108051,21,5
"Congo, Dem. Rep.",COD,2002,-1.1661403480248114,-1.846033565095183,-1.0782218876012197,-1.2810004622163962,-0.27426432889001157,0.04011273369166343,-1.2841895523024676,0.46546012829143424,-0.3761257784489145,-1.2310617606611092,-0.09534975164003912,0.3904244667213316,-0.4680573325188607,-1.3828579856537349,-3.284392417286309,17.799863992366205,3.721395843282467,21,6
"Congo, Dem. Rep.",COD,2003,-1.162622063516048,-1.6040218658067735,-1.0782218876012197,-0.5617640213250479,0.12143107292339012,0.04960060206386621,-1.2938940458609256,0.15130267595946192,-0.3761257784489145,-1.2310617606611092,0.015800530647563087,0.3904244667213316,-0.4680573325188607,-1.3828579856537349,-3.284392417286309,17.82907642507385,3.7739164903384825,21,7
"Congo, Dem. Rep.",COD,2004,-1.1574468628625627,-1.2745254415710994,-1.0782218876012197,-0.698395214057765,0.049425923327253395,0.0594489139566655,-1.2861147368148689,0.39562486416120235,-1.2105808136489213,-1.2310617606611092,-0.7205709147994724,-1.7422683061680675,-1.4234063218623598,-1.8194324857336197,-3.284392417286309,17.85852221097908,3.7645622724634706,21,8
"Congo, Dem. Rep.",COD,2005,-1.153138907430975,-0.6808528809930747,-1.0782218876012197,-0.6491765160294796,-0.4024613573360528,0.07003625684015903,-1.2846197222896865,0.3892403701685041,-1.2105808136489213,-1.2310617606611092,-1.2707653623175506,-1.7422683061680675,-1.2850453955820114,-1.1645704736689877,-3.284392417286309,17.88923948749085,3.703771083865674,21,9
"Congo, Dem. Rep.",COD,2006,-1.1502309330146732,-0.8630682080363757,-1.0782218876012197,-0.8313818176342234,-0.36224096826694424,0.08099398758152081,-1.2962393249383555,0.18776184535839202,-0.3761257784489145,-1.2310617606611092,-0.31765075637080176,0.3904244667213316,-0.4680573325188607,-0.3734971630949126,-3.284392417286309,17.920067941338424,3.7093341692613775,21,10
"Congo, Dem. Rep.",COD,2007,-1.1420479749717787,-0.695600736546221,-1.0782218876012197,-0.009791954720002122,1.09135947038006,0.09208069697276645,-1.3042762610977123,0.6112463425726866,-0.4595714321707915,-0.19614736132165014,-0.050889638724998625,0.3904244667213316,1.094762536439984,-0.3734971630949126,-3.284392417286309,17.95032109934068,3.8920694905613105,21,11
"Congo, Dem. Rep.",COD,2008,-1.1351964817395561,0.07981593123574124,-0.9980124093231268,-0.011118817503360186,0.6935134192661878,0.10347150062496638,-1.2861341908703243,0.49332630771356184,-0.4846050782200625,-0.20097588959672147,-0.050889638724998625,0.3904244667213316,1.4545009447688906,-0.6249641757277313,-3.284392417286309,17.980479227151672,3.8452812796967635,21,12
"Congo, Dem. Rep.",COD,2009,-1.139427586977474,-0.06738962349700181,-0.941762858073092,-0.2982575658722295,-0.8880520306006805,0.11550819791500579,-1.309010570642643,0.7422503222292381,-1.2105808136489213,-1.2310617606611092,-1.5458625860765898,-1.5289995066023851,-1.2850453955820114,-0.9847018823184391,-3.165841312480299,18.011388998597972,3.634044011458041,21,13
"Congo, Dem. Rep.",COD,2010,-1.1320546546165464,0.6271376079786938,-0.9545962532598585,0.222999421588188,1.3595499169142318,0.12831670678057833,-1.2676520429350906,0.17177409034917435,-1.2105808136489213,-1.2310617606611092,-1.5458625860765898,-1.5289995066023851,-1.2850453955820114,-1.007403590773476,-2.999869765751884,18.043264157409112,3.9224180168649734,21,14
"Congo, Dem. Rep.",COD,2011,-1.1249372639690083,0.8268378924377497,-0.8855177191040985,0.2933049293138384,0.4179278804102208,0.14193076055739923,-1.2578993014398727,0.9682332047370064,-1.2105808136489213,-1.2310617606611092,-1.5458625860765898,-1.5289995066023851,-1.2850453955820114,-1.007403590773476,-2.999869765751884,18.0760658133975,3.8115382592002014,21,15
"Congo, Dem. Rep.",COD,2012,-1.1157659141430056,0.5891405402705432,-0.8908921531844001,-0.192918691960409,1.0540155812192782,0.15625362525805564,-1.2519057766180492,1.0130294373170767,-1.2105808136489213,-1.2310617606611092,-1.8209598098356288,-1.5289995066023851,-1.4234063218623598,-1.0475686354766434,-2.999869765751884,18.109451861893856,3.8877696338666037,21,16
"Congo, Dem. Rep.",COD,2013,-1.1045060007888536,0.9168866931862051,-0.9012727337615258,-0.022670912022314693,0.20804205911197154,0.17134744405845645,-1.2457867129170839,1.0806144281637657,-1.2105808136489213,-1.2310617606611092,-1.8209598098356288,-1.3157301098826306,-1.4234063218623598,-1.0632853237661943,-2.999869765751884,18.143468946367356,3.785053449935257,21,17
"Congo, Dem. Rep.",COD,2014,-1.0970469155663862,1.041153941724304,-0.8049687709531134,0.02265274846053133,0.038373428814827526,0.18691210043255616,-1.2379283614933743,1.2174778891039495,-1.2105808136489213,-1.2310617606611092,-1.8209598098356288,-1.3157301098826306,-1.4234063218623598,-1.0772553640971667,-2.999869765751884,18.177375849261054,3.7631186604194276,21,18
"Congo, Dem. Rep.",COD,2015,-1.091013447491725,0.43664302855177567,-0.7687484937390061,-0.4534306536938627,-0.14074256104469005,0.2025865732545394,-1.2468997052052997,1.127067370423917,-1.2105808136489213,-1.2310617606611092,-1.8209598098356288,-1.3157301098826306,-1.4234063218623598,-1.0143886109389622,-2.999869765751884,18.210398283117286,3.739428270583928,21,19
"Congo, Dem. Rep.",COD,2016,-1.09763699605107,0.6820006657882536,-0.7687484937390061,-0.15500897048221543,-0.22701295088892479,0.21997954069624728,-1.2623505927959655,0.9697894424871948,-1.2105808136489213,-1.2310617606611092,-2.096057033594668,-1.3157301098826306,-1.4234063218623598,-1.045821987518065,-2.999869765751884,18.245808365011783,3.727814492369483,21,20
"Congo, Dem. Rep.",COD,2017,-1.09660530690789,0.5912636265573081,-0.7687484937390061,-0.21582826591529244,-0.1601798936368747,0.23859976440584138,-1.2636149560767747,1.0231213993187125,-1.2105808136489213,-1.2310617606611092,-2.096057033594668,-1.5289995066023851,-1.561767248142709,-1.1017037205107836,-3.189551533441501,18.282376826641887,3.7368233499076595,21,21
"Congo, Rep.",COG,1996,-0.1397290423081251,1.0995526486164555,-0.5534440701945874,1.6027194852886508,-0.21961831504755827,-0.2631224972990331,0.8848842964313203,2.071536538635224,1.2927837912781783,-0.023929691893144107,0.7493928339012951,-0.21060692662154704,0.6520075723428688,0.36344106244502367,-0.15464325040762328,14.854650935189996,3.728815265338407,22,0
"Congo, Rep.",COG,1997,-0.1714939863195637,-0.1278042488760711,-0.5534440701945874,1.816632648793183,-1.0321095107242855,-0.2627588025160711,0.8321425398909317,2.4909992272184005,1.7100113088781816,-0.023929691893144107,0.8160832233516354,-0.48204062283476956,-0.2703985106188377,-0.5097084616043556,-0.29690457617483634,14.876027340196522,3.612387419863677,22,1
"Congo, Rep.",COG,1998,-0.15470417641524026,0.20416554249626673,-0.5534440701945874,2.1991314997121427,-2.2014447850144183,-0.26237651718163457,0.8054540386698265,1.588163922280286,2.1272388264781847,-0.023929691893144107,0.8827736128019757,-0.7534743190479924,-1.1928045935805438,-1.3828579856537349,-0.7236885534764754,14.898014467191974,3.416728937814705,22,2
"Congo, Rep.",COG,1999,-0.2142531771132694,0.47681227710114427,-0.5534440701945874,1.6896327600318557,-1.1710115624250441,-0.26189530057807664,0.7684001770273922,2.8592050017817336,2.1272388264781847,-0.023929691893144107,1.0828443409974384,-0.2106069266215467,-0.731601690460617,-1.3828579856537349,-0.7236885534764754,14.925021572501281,3.5910521188632534,22,3
"Congo, Rep.",COG,2000,-0.1757390665971561,-0.21115150825455975,-0.5534440701945874,1.4718260781822616,-1.1958653181062069,-0.26118984214638724,0.8588463794115506,3.768303164618909,2.1272388264781847,-0.023929691893144107,1.2829150691929014,0.3322604658048994,-0.2703987873406901,-1.3828579856537349,-0.29690457617483745,14.963340221121792,3.5871861130815064,22,4
"Congo, Rep.",COG,2001,-0.1762078798923669,0.43843567780866316,-0.5534440701945874,1.6703758388237675,-1.5161967130812761,-0.2604681809951072,0.8486840333775062,3.211550007961753,1.2927837912781783,-0.023929691893144107,1.2162246797425609,1.1611025546736764,0.0590322135302109,-0.9462832236290453,-0.15464325040762328,15.00107638861627,3.535972770989076,22,5
"Congo, Rep.",COG,2002,-0.15205608288243924,-0.013346787175300941,-0.9570242487886147,1.8078407523267652,0.5151127330063172,-0.2600023215447372,0.8461810959159762,3.0302994202337596,0.4583287560781714,-0.023929691893144107,1.1495342902922212,1.9899446435424533,0.3884632144011119,-0.5097084616043556,-0.7236885534764754,15.024701325013437,3.8235680772316383,22,6
"Congo, Rep.",COG,2003,-0.17471400991234262,0.3427960987322904,-0.9186351975571385,2.4307850734717187,0.45927806440865193,-0.2594367328963868,0.8087486706714171,2.8509676879959636,0.4583287560781714,-0.023929691893144107,1.3496052385654627,1.1901845551318926,0.3884632144011119,-0.5097084616043556,-1.2927338565453277,15.052653306406334,3.8166744010350677,22,7
"Congo, Rep.",COG,2004,-0.17471555071183908,-0.09064568074661168,-0.7506447667278439,1.688876358544398,-0.3182614425480489,-0.2587233547230379,0.8023692073327727,3.24296495042858,0.4583287560781714,-0.023929691893144107,1.4162954079380243,1.1901845551318926,0.3884632144011119,-0.5097084616043556,-1.2927338565453277,15.08683027993803,3.715381986012199,22,8
"Congo, Rep.",COG,2005,-0.1301741511162892,0.09340630340671442,-0.7506447667278439,1.3450298174300357,1.4838627332974101,-0.2579442486486078,0.764751174004791,2.8959184555558375,-1.2105808136489213,-1.2310617606611092,-1.2707653623175506,-1.5289995066023851,-1.1466844693016627,-1.1645704736689877,-1.2927338565453277,15.122868307793754,3.9361788655775527,22,9
"Congo, Rep.",COG,2006,-0.08297975736361604,0.3276449233670463,-0.7506447667278439,1.5210336674692126,2.6196898127163717,-0.25710454166374985,0.8153573936719496,2.972676545307446,-1.2105808136489213,-1.2310617606611092,-1.2707653623175506,-1.5289995066023851,-0.731601690460617,-0.8257883514643481,-1.2927338565453277,15.16030821783384,4.053846011198384,22,10
"Congo, Rep.",COG,2007,-0.20478364526550366,4.369307354575364,-0.7506447667278439,2.1899633577825104,2.223787978260533,-0.25625289551947283,0.6589492050977034,2.508276442871037,-1.2105808136489213,-1.2310617606611092,-0.8581195266789919,-1.5289995066023851,-0.731601690460617,-0.8257883514643481,-1.2927338565453277,15.19690066285481,4.014384778039786,22,11
"Congo, Rep.",COG,2008,-0.17324775599122405,2.0483540217545104,-0.7506447667278439,1.7395218489327486,2.313367758146594,-0.25546040329523023,0.7142827033380141,3.0823518340461136,-1.2105808136489213,-0.023929691893144107,-0.7205709147994724,-1.5289995066023851,-0.731601690460617,-0.8694461681950634,-1.2927338565453277,15.22978918141721,4.023450868364806,22,12
"Congo, Rep.",COG,2009,-0.091052161558768,3.659087551903163,-0.7506447667278439,1.8106430976239265,1.5156568168602866,-0.25446178937358555,0.7634314748060798,2.3936153263521582,-1.2105808136489213,-0.023929691893144107,-0.17037646728139427,-1.5289995066023851,-0.731601690460617,-0.8694461681950634,-1.2927338565453277,15.269748573668851,3.939668123064965,22,13
"Congo, Rep.",COG,2010,-0.024657135173067037,1.9554939811108665,-0.7506447667278439,1.4763330718806877,1.3999471284600746,-0.25338356716153004,0.8522627416164998,3.269254946040199,-1.2105808136489213,-0.023929691893144107,-0.17037646728139427,-1.5289995066023851,-0.731601690460617,-0.8781773124295192,-1.2927338565453277,15.311172869239357,3.9269106022731384,22,14
"Congo, Rep.",COG,2011,-0.038264009261364564,1.359987118821458,-0.7506447667278439,1.491669373861189,-0.31715793365443945,-0.25250564295714506,0.8243850934668223,3.2437511899433575,-1.2105808136489213,-0.023929691893144107,-0.17037646728139427,-1.5289995066023851,-0.731601690460617,-0.8781773124295192,-1.2927338565453277,15.343678760265108,3.7155332649493404,22,15
"Congo, Rep.",COG,2012,0.049315752660764794,1.8793038253790992,-0.46730090121374995,0.701634190067696,-0.7254564835127321,-0.25172720976302143,0.8948456282363705,3.196659626730059,-1.2105808136489213,-0.023929691893144107,-0.17037646728139427,-1.5289995066023851,-0.731601690460617,-0.8781773124295192,-1.482415624234945,15.37164283682433,3.657936981334199,22,16
"Congo, Rep.",COG,2013,0.007381074440023796,2.959760296290441,-0.46730090121374995,0.5723765114350339,1.201910677157191,-0.2510326007819363,0.8294293782336891,2.9192185676027886,-1.2105808136489213,-0.023929691893144107,-0.17037646728139427,-1.5289995066023851,-0.731601690460617,-0.8781773124295192,-1.5772565080797543,15.395952109956783,3.904691278734835,22,17
"Congo, Rep.",COG,2014,0.06118215333250548,3.90121147931591,-0.46730090121374995,0.8981639456152529,2.20912697936415,-0.25032529639542406,0.8440726911453578,2.5860554247900027,-1.2105808136489213,-0.023929691893144107,-0.17037646728139427,-1.5289995066023851,-0.731601690460617,-0.8781773124295192,-1.5772565080797543,15.420112998324193,4.012893125597638,22,18
"Congo, Rep.",COG,2015,0.034107365998822504,6.711345170089998,-0.46730090121374995,1.2800696592983727,5.4560503462095955,-0.24960060430541864,0.776483988470421,1.8072230495176642,-1.2105808136489213,-0.023929691893144107,-0.4454736910404334,-1.5289995066023851,-0.731601690460617,-0.8746850642915804,-1.5772565080797543,15.444276867618186,4.298521503661278,22,19
"Congo, Rep.",COG,2016,-0.1114272175869333,6.689588263662498,-0.46730090121374995,1.4238062040720068,-0.5737374775383732,-0.2488565356444658,0.5828408916201699,0.9524456911867808,-1.2105808136489213,-0.023929691893144107,-0.4454736910404334,-1.5289995066023851,-0.731601690460617,-0.8746850642915804,-1.5772565080797543,15.468493857117297,3.679728274442156,22,20
"Congo, Rep.",COG,2017,-0.20523910366470083,1.6989915671266977,-0.46730090121374995,0.6193535446656077,5.97183547431129,-0.24809150646423359,0.46547916971204706,1.5806721352440256,-1.2105808136489213,-0.023929691893144107,-0.4454736910404334,-1.5289995066023851,-0.731601690460617,-0.815310559271314,-1.7669382757693712,15.49279625986241,4.337230975753385,22,21
Colombia,COL,1996,0.3809012072873088,-0.12819295493529195,0.46829254628169864,-1.0852251243801097,-0.08722830122463039,-0.06283068250919943,0.8002879059753972,0.1229866843879458,0.041101488814628474,1.183202376874821,0.6549152039957229,0.6036938634410864,-0.1781579853392228,-0.5097084616043556,0.6515042622732504,17.41180163979288,3.7465651957989086,23,0
Colombia,COL,1997,0.40780066062916936,-0.29676506303363326,0.46829254628169864,-1.098234761333322,0.2701164240891166,-0.05891008883430847,0.5745350959556198,0.0026561110040299106,0.041101488814628474,1.183202376874821,0.1047207564776448,0.8169632601608406,-0.03979705905887441,-0.5097084616043556,-0.6762681115540715,17.429697446005832,3.792959724158159,23,1
Colombia,COL,1998,0.3869781681826901,-0.45066017078277065,0.46829254628169864,-1.0891592243257286,-0.14566669025307857,-0.054914394571590384,0.4194005297432337,-0.05468648240436357,0.041101488814628474,1.183202376874821,-0.4454736910404334,1.0302326568805948,0.09856386722147399,-0.5097084616043556,-0.7236885534764754,17.447612390433594,3.738768998175876,23,2
Colombia,COL,1999,0.2879294434510528,-1.1404460689705629,0.46829254628169864,-1.082164427434055,-0.34525852182810357,-0.05096823144505577,0.1370007238990504,-0.02724272813908786,-0.271819086801259,1.183202376874821,-0.5830223029199529,1.136867355240472,-0.3165189116195715,-0.5097084616043556,-0.4391659019420505,17.464995747865814,3.7116738366017494,23,3
Colombia,COL,2000,0.30788098671677266,-1.0335624987658212,0.46829254628169864,-1.183502493748079,-0.22274337296494034,-0.04718657862139935,0.2631251543453121,0.021629036841350105,-0.5847396624171465,1.183202376874821,-0.7205709147994724,1.243502053600349,-0.731601690460617,-0.5097084616043556,-0.9133703211660936,17.481375574938387,3.728392449391518,23,4
Colombia,COL,2001,0.3093657785421321,-0.8795389571295568,0.46829254628169864,-1.147590121493195,-0.19628180752481844,-0.04349867052928133,0.2424753786740832,0.01469848525295439,-0.271819086801259,0.5796363424908384,-0.7205709147994724,0.8169632601608406,-0.45487983789991987,-0.1822774555720396,-1.0082112050109016,17.497095043378415,3.73196702261481,23,5
Colombia,COL,2002,0.32453215856571366,-0.7187802530572044,0.5315729294930589,-1.1743193156216345,-0.26910246313820707,-0.03983404528670374,0.3735814178085742,0.04027936427155023,0.041101488814628474,-0.023929691893144107,-0.7205709147994724,0.3904244667213316,-0.1781579853392228,0.14515355046027645,-0.6762681115540715,17.5124742712189,3.722099041386284,23,6
Colombia,COL,2003,0.3630293396082059,-0.5509049354932335,0.5315729294930589,-1.0714868591779445,-0.3331393527985421,-0.03618531311968203,0.29643702105129405,0.15513246143958287,0.041101488814628474,-0.023929691893144107,-0.9956681385585116,0.3904244667213316,-0.039797059058874096,0.14515355046027645,-0.4391659019420505,17.52755536143462,3.7133401506776287,23,7
Colombia,COL,2004,0.42635760488676944,-0.4633559530725502,0.704899738478639,-1.0904832427468822,-0.1834399996110827,-0.032578305486350816,0.4174022754807067,0.22381470308869766,0.041101488814628474,-0.023929691893144107,-0.9956681385585116,0.3904244667213316,-0.039797059058874096,0.14515355046027645,-0.4391659019420505,17.542243733631764,3.7336971700204087,23,8
Colombia,COL,2005,0.48471519310108324,-0.20575726988634804,0.8498856390098906,-1.045105681770331,0.5924007920365085,-0.02909001061221096,0.39768840966850816,0.2758003876132149,0.041101488814628474,-0.023929691893144107,-0.7205709147994724,0.8169632601608406,0.09856386722147399,0.14515355046027645,-0.4391659019420505,17.556246375412684,3.833032767431639,23,9
Colombia,COL,2006,0.5797670543988009,-0.009145687305111519,0.9701059575710396,-0.9805387539257694,0.08498144352386619,-0.025742836006935263,0.4185039303906991,0.32302847555775943,0.041101488814628474,-0.023929691893144107,-0.17037646728139427,1.0302326568805948,0.09856386722147399,0.6079225310227465,-0.36803523905844315,17.56950067419941,3.769192240729426,23,10
Colombia,COL,2007,0.6814267743415767,0.17271408691213386,1.0686073742236148,-1.0545288522000964,0.10918415674630866,-0.022501756166432463,0.40022147211167003,0.2950893903073118,0.041101488814628474,-0.023929691893144107,-0.17037646728139427,1.0302326568805948,0.09856386722147399,0.6079225310227465,-0.43916590194204935,17.582169583867444,3.7723316514905143,23,11
Colombia,COL,2008,0.7221035065059133,-0.08963789853046727,1.112659312408702,-0.994324461249209,0.11763724944701939,-0.019384867402659947,0.3905299205466382,0.4247538342170154,0.041101488814628474,-0.023929691893144107,-0.17037646728139427,1.0302326568805948,0.09856386722147399,0.6323708874363623,-0.13093302944642216,17.594203499071423,3.7734258108205965,23,12
Colombia,COL,2009,0.7214608902168722,-0.0007650227979702343,1.2586335638940191,-1.1110668914538282,-0.04218632915537181,-0.01633169980843532,0.3465063033589615,0.3508964942835754,0.041101488814628474,-0.023929691893144107,-0.17037646728139427,1.0302326568805948,0.09856386722147399,0.6323708874363623,0.1298794011268022,17.60585263581619,3.7525329873354036,23,13
Colombia,COL,2010,0.7886166306538911,-0.07397238411128475,1.3195128389142412,-1.137011872669009,-0.25740197815842364,-0.013319947103866388,0.3465888769233186,0.36128278952636717,0.041101488814628474,1.183202376874821,0.1047207564776448,1.243502053600349,0.236924793501823,0.6341170115053313,0.1298794011268022,17.617212319197417,3.723691163555586,23,14
Colombia,COL,2011,0.9102043418330845,-0.08938999954660305,1.3647469926518259,-0.9855131925341578,0.12055258683597345,-0.010448028454478566,0.44211037054534613,0.5225888108167125,0.041101488814628474,1.183202376874821,0.6549152039957229,1.6700402498857858,0.236924793501823,0.6480875757259137,0.1298794011268022,17.627925691726062,3.7738028915184545,23,15
Colombia,COL,2012,0.9738997296410558,-0.1852580708996054,1.2211366207363166,-1.004000759061228,0.06454112598974845,-0.007731521337099935,0.4345148579284097,0.531222667723804,0.041101488814628474,1.183202376874821,0.6549152039957229,1.6700402498857858,0.236924793501823,0.6480875757259137,-0.05980236656281535,17.637954769771113,3.766533163801091,23,16
Colombia,COL,2013,1.06826535215759,-0.15940748491095544,1.2525402037709648,-1.0286936906302149,0.09743682875678841,-0.005136620959699529,0.2899741303607115,0.4762555069370622,0.041101488814628474,1.183202376874821,0.1047207564776448,1.4567708531660315,0.09856386722147399,0.6341170115053313,-0.15464325040762328,17.647441862852087,3.7708090991811973,23,17
Colombia,COL,2014,1.1529893123141135,0.002121112886768506,1.225857209919268,-1.0432208129254257,0.09717897997877122,-0.0026723010445938293,0.3154030670382122,0.3290764263873732,0.041101488814628474,1.183202376874821,0.1047207564776448,1.4567708531660315,0.09856386722147399,0.6341170115053313,-0.15464325040762328,17.65636897829878,3.770775653801724,23,18
Colombia,COL,2015,1.2038456676669256,0.08751934182438131,1.2370922562975066,-1.017806265961471,0.04715924141310135,-0.0002635622337363304,0.283319580416326,0.12887199530295212,0.6669426400464034,1.183202376874821,0.3798179802366839,1.243502053600349,0.37528571978217107,1.0829159517368292,-0.15464325040762328,17.66501840188146,3.764266381583235,23,19
Colombia,COL,2016,1.2309673417309817,-0.06346124118145671,1.263894381737413,-1.0806111582155313,0.2144837178372264,0.002520685470949729,0.21977871476546226,0.0536588430851656,0.6669426400464034,1.183202376874821,0.3798179802366839,1.243502053600349,0.5136466460625201,1.0916476198608942,-0.15464325040762328,17.67492388716488,3.7858768226136355,23,20
Colombia,COL,2017,1.2284006482332044,-0.11279674972863964,1.2929445643697168,-1.1073771795279117,0.12419066715550002,0.006650658060301296,0.2494024424512543,-0.019383662785308186,0.6669426400464034,1.183202376874821,0.6549152039957229,1.243502053600349,0.37528571978217107,1.0916476198608942,-0.15464325040762328,17.689438659478032,3.7742732551567637,23,21
Comoros,COM,1996,-0.8734505343381971,-0.6713451838566497,-1.139531360023321,-1.0935567365769443,-0.6328768697015498,-0.2769831051385706,-0.4715561264361779,-1.2398071589522592,0.041101488814628474,-0.6274957262771266,0.6549152039957229,-1.1380057121418474,-0.38569937475974553,-0.5097084616043556,0.1298794011268022,13.120577784181174,3.6712905081307734,24,0
Comoros,COM,1997,-0.8621173485726578,-0.6713524496378472,-1.139531360023321,-1.0935791803726558,-0.6549727887139257,-0.2769314779504592,-0.4728602366257182,-1.2398529389611475,0.041101488814628474,-0.6274957262771266,0.6549152039957229,-1.1380057121418474,-0.38569937475974553,-0.5097084616043556,0.1298794011268022,13.137799623170833,3.668119593092917,24,1
Comoros,COM,1998,-0.8695656054728695,-0.6713549536403296,-1.139531360023321,-1.0935731797610397,-0.6372037200925474,-0.2768789575584012,-0.4777245655911574,-1.2398193430332056,0.041101488814628474,-0.6274957262771266,0.6549152039957229,-1.1380057121418474,-0.38569937475974553,-0.5097084616043556,0.1298794011268022,13.155020288169096,3.670670366771838,24,2
Comoros,COM,1999,-0.8657199444753217,-0.6713549829061908,-1.139531360023321,-1.0935758864205547,-0.6430123384420698,-0.27682364441533697,-0.48123974189764873,-1.2398504439175735,0.041101488814628474,-0.3257127090851354,0.5173665921162034,-1.0135985142924846,-0.38569937475974553,-0.6734239646205136,0.1298794011268022,13.172841639743476,3.6698372474129908,24,3
Comoros,COM,2000,-0.8784055331542919,-0.6713528174575623,-1.139531360023321,-1.093566530692612,-0.6510537768498844,-0.2767629422751285,-0.47287747452330287,-1.239838521057301,0.041101488814628474,-0.023929691893144107,0.3798179802366839,-0.889191316443122,-0.38569937475974553,-0.8371394676366716,0.1298794011268022,13.192040548038538,3.668682732036762,24,4
Comoros,COM,2001,-0.8644490030415583,-0.6713476520426402,-1.139531360023321,-1.0935737968180266,-0.6013593626332782,-0.27669660699536364,-0.4734556843495745,-1.2398301452904175,0.3540220644305159,0.27785332529884715,0.5173665921162034,-0.6403772193214323,-0.2127482169093098,-0.5097084616043556,0.1298794011268022,13.212608021747075,3.6757961561863617,24,5
Comoros,COM,2002,-0.8538484432045169,-0.6713509152626143,-1.0267468380931515,-1.0935769926990468,-0.638066513898625,-0.2766269192234527,-0.47296912998932744,-1.2398349485399391,0.6669426400464034,0.5796363424908384,0.6549152039957229,-0.39156312219974315,-0.039797059058874096,-0.1822774555720396,0.1298794011268022,13.233768785828047,3.6705466617394706,24,6
Comoros,COM,2003,-0.8538983261953923,-0.6713497791860407,-0.886526890509345,-1.0935816465378045,-0.6301915050180774,-0.2765621619373268,-0.4710128641824453,-1.2398379257751464,0.6669426400464034,-0.023929691893144107,-0.17037646728139427,-0.889191316443122,-0.039797059058874096,-0.8371394676366716,0.1298794011268022,13.25303894604265,3.6716751919329966,24,7
Comoros,COM,2004,-0.8486498643066993,-0.6713483533454645,-0.7552659417035018,-1.0935786197295543,-0.6367711286869057,-0.2764972200557186,-0.46696462180875514,-1.2398366742816855,1.0652054184088606,0.23212861109239905,0.1047207564776448,-0.4920940102131457,0.09297353235604332,0.24437509919065153,0.1298794011268022,13.271998161620989,3.6707323847932343,24,8
Comoros,COM,2005,-0.8325467560233255,-0.6713507491825067,-0.7552659417035018,-1.0935685447342454,-0.640808675591465,-0.27642592451670384,-0.412733453302457,-1.2398195756726995,0.6669426400464034,-0.023929691893144107,-0.17037646728139427,-0.889191316443122,-0.039797059058874096,-0.1822774555720396,0.1298794011268022,13.292406528814716,3.6701533964064557,24,9
Comoros,COM,2006,-0.8500950997309762,-0.671349295361034,-0.7552659417035018,-1.0935724661955402,-0.6358743706439067,-0.27635401564431245,-0.3540643917102344,-1.2398251072189574,1.2927837912781783,-0.023929691893144107,0.1047207564776448,-0.889191316443122,-0.039797059058874096,0.22373699190803176,0.1298794011268022,13.31257704275383,3.670860935337109,24,10
Comoros,COM,2007,-0.8554854406876473,-0.805425438947559,-0.7552659417035018,-1.1692689914174261,-0.4842809684293491,-0.27628152321200933,-0.29019021952259033,-1.2227981388013218,1.2927837912781783,-0.023929691893144107,-0.17037646728139427,-0.889191316443122,-0.039797059058874096,0.22373699190803176,0.1298794011268022,13.332507602399195,3.6923577781766133,24,11
Comoros,COM,2008,-0.8468623532798089,-0.4800001050391368,-0.7552659417035018,-1.0801492147679972,-0.5657598181110958,-0.27620780411295287,-0.22547825508978991,-1.2457395855458173,1.2927837912781783,-0.023929691893144107,-0.17037646728139427,-1.1380057121418474,-0.039797059058874096,0.0560923168194864,0.1298794011268022,13.352376081971961,3.6808610638356796,24,12
Comoros,COM,2009,-0.841332046248676,-0.7286235997844043,-0.7552659417035018,-1.031304891391728,-0.3844916909010094,-0.2761325367937224,-0.16397732824927014,-1.2509451053879437,-0.3344032019244365,0.4025901447872611,-0.17037646728139427,-1.1380057121418474,1.136270814324089,0.0560923168194864,0.1298794011268022,13.372262582506938,3.7062603847101303,24,13
Comoros,COM,2010,-0.8332906043912875,-0.580893287691324,-0.7552659417035018,-0.9831942966491167,-0.49263649571329604,-0.2760557867559406,-0.09751190719851772,-1.2758413759520342,-0.1341340335302685,0.38649521148796356,-0.17037646728139427,-1.1380057121418474,1.5997799173632565,-0.03296891682130393,0.1298794011268022,13.392141628686023,3.691184871944994,24,14
Comoros,COM,2011,-0.8234715332000496,-0.7185480475207935,-0.7552659417035018,-0.9700739660463231,-0.2546777929900583,-0.2759770657147834,-0.02985685273094008,-1.282358316763616,-0.1091003874809975,0.10483122305971461,-0.17037646728139427,-1.1380057121418474,1.5928618710492388,0.024658940240384033,0.1298794011268022,13.41212877821976,3.724061488574555,24,15
Comoros,COM,2012,-0.818110760770225,-0.7223243398814776,-0.7552659417035018,-0.9465162481998421,-0.4745822107492667,-0.27589623671231234,0.03654087018598997,-1.3220125996169343,0.21633701115952533,0.5393987678161816,0.1047207564776448,-0.889191316443122,1.786567167841727,0.024658940240384033,0.1298794011268022,13.432243734683661,3.6937175172427605,24,16
Comoros,COM,2013,-0.8070100973821774,-0.7804884949426831,-0.16085075037290253,-0.992122008889524,-0.5886304714198791,-0.2758095244731799,0.10659994893159982,-1.286458492663499,1.2927837912781783,-0.023929691893144107,0.1047207564776448,-0.889191316443122,-0.039797059058874096,0.024658940240384033,0.1298794011268022,13.453382199726912,3.677610100735243,24,17
Comoros,COM,2014,-0.8074609917265705,-0.8991871706705308,-0.07015120572590929,-0.9923404468526043,-0.5835879107606081,-0.27571835216900764,0.1742307788540332,-1.2895759396246302,1.2927837912781783,0.37844750341190175,0.5937824386986523,-0.059810594601442744,0.9594765433852898,0.024658940240384033,0.1298794011268022,13.47513631842175,3.678327787399973,24,18
Comoros,COM,2015,-0.8122613503368125,-1.1103162453324267,-0.07015120572590929,-1.033981390203575,-0.5652028870189456,-0.27562796588430827,0.07314893407096851,-1.390038609034852,1.2927837912781783,0.37844750341190175,0.5937824386986523,-0.059810594601442744,0.9594765433852898,0.12419796607420819,0.1298794011268022,13.496245622908777,3.680940097483119,24,19
Comoros,COM,2016,-0.80623936018804,-1.234088628060792,-0.07015120572590929,-1.0535398972758299,-0.5933620412439635,-0.2755382941627662,-0.021574571061829962,-1.4363126141119356,1.2927837912781783,0.37844750341190175,0.5937824386986523,-0.059810594601442744,0.9594765433852898,0.12419796607420819,0.1298794011268022,13.516756752789885,3.67693620737443,24,20
Comoros,COM,2017,-0.7974278362213041,-1.1313025861594221,-0.23488978502589147,-0.965318432749742,-0.5913521631978688,-0.27544940250600414,-0.1173707722685418,-1.4962274516163816,1.2927837912781783,0.37844750341190175,0.5937824386986523,-0.059810594601442744,0.9594765433852898,0.12419796607420819,0.1298794011268022,13.536682506066116,3.6772225195385797,24,21
Cabo Verde,CPV,2002,-0.6023059512166817,-0.09145487439041167,0.10667605598445522,0.8077179810484344,-0.23356912623223977,-0.2771740185501092,0.3103856687780684,-0.6677948577666283,1.2927837912781783,1.183202376874821,1.7553040990318793,0.6036938634410864,1.3438122037446116,0.47258455649259246,0.1298794011268022,13.054185173985214,3.7269263562955617,25,0
Cabo Verde,CPV,2003,-0.5827661012197357,-0.09145487439041167,0.140198085455805,0.7401633757736912,0.20036403321030188,-0.27713628366071336,0.3277364661120009,-0.711865584005377,1.2927837912781783,1.183202376874821,1.7553040990318793,0.6036938634410864,1.3438122037446116,0.47258455649259246,0.1298794011268022,13.067662177434242,3.784071158398849,25,1
Cabo Verde,CPV,2004,-0.5190813499668285,-0.09145487439041167,0.1261965388623905,0.8216131446102634,0.6426428661986475,-0.2771006329138595,0.3946657123017638,-0.7375897616822533,1.166351361906335,1.1588158948215703,1.7052865820413476,0.6137469522424264,1.5744139320264274,0.9323107862022055,0.1298794011268022,13.08023010687067,3.839137710331103,25,2
Cabo Verde,CPV,2005,-0.4747197591360136,-0.09145487439041167,0.24632806026750914,0.9024192018561435,0.8146305763396632,-0.2770664232027061,0.43755318626994444,-0.6546313638528052,1.2927837912781783,1.183202376874821,1.7553040990318793,0.6036938634410864,1.3438122037446116,0.8000155625249085,0.1298794011268022,13.09214331657951,3.859758299269557,25,3
Cabo Verde,CPV,2006,-0.41870410075785447,-0.09145487439041167,0.6554899122671696,1.294503438118694,1.4530678597223237,-0.27703299951102567,0.4862473182572591,-0.6645563275223151,1.9186249425099533,2.390334445642786,1.4802068752728401,0.6036938634410864,2.0356168351463544,2.5340901704720538,0.1298794011268022,13.103647319577679,3.9327876200994045,25,4
Cabo Verde,CPV,2007,-0.2955178633213598,-0.09145487439041167,0.6152802435695233,0.6073959777078107,1.4083736866052277,-0.2770004749779848,0.571240802401588,-1.0890194430867355,1.9186249425099533,2.390334445642786,1.4802068752728401,0.6036938634410864,1.96643637200618,2.5340901704720538,0.1298794011268022,13.114716212227703,3.9278451834518995,25,5
Cabo Verde,CPV,2008,-0.23560689187869602,-0.09145487439041167,0.6744806456521445,0.5131114437267092,1.2552512239245963,-0.2769697189887581,0.6159086582257061,-0.9662130850083246,1.9186249425099533,1.183202376874821,1.2051096515138011,0.3904244667213316,1.7588949825856572,2.6004496956578067,0.1298794011268022,13.125071706567704,3.9107247347636,25,6
Cabo Verde,CPV,2009,-0.2616400728569902,-0.09145487439041167,0.6425572407568901,0.2073845879132575,0.5520234178367782,-0.2769412198281697,0.5828594758275865,-0.9254479976106788,1.9186249425099533,1.183202376874821,0.6549152039957229,0.3904244667213316,1.3438122037446116,2.1638746716883124,0.1298794011268022,13.13457254131076,3.828099333621812,25,7
Cabo Verde,CPV,2010,-0.2500753169489757,-0.09145487439041167,0.7264666421412221,0.3554397513775349,0.47488305125432434,-0.27691952688165417,0.575369733178229,-1.011331053999081,1.9186249425099533,1.183202376874821,0.6549152039957229,0.3904244667213316,1.205451277464263,1.7500018800634645,0.1298794011268022,13.141744347188022,3.8186058741419826,25,8
Cabo Verde,CPV,2011,-0.21224620084041423,-0.09145487439041167,0.8404288546789971,0.501181511337879,0.23112946960406355,-0.27690962422723325,0.5917587532009965,-1.0423657918715732,1.9186249425099533,1.183202376874821,0.930012427754762,0.6036938634410864,1.205451277464263,1.7465096319255262,0.1298794011268022,13.145001197426827,3.7880013481515107,25,9
Cabo Verde,CPV,2012,-0.20150310164352941,-0.09145487439041167,0.9583855181847428,0.5039015518937765,0.532290589995275,-0.2769065992432009,0.5755607165622224,-1.0894151185806051,1.9186249425099533,1.183202376874821,0.930012427754762,0.6036938634410864,1.205451277464263,1.7465096319255262,0.1298794011268022,13.145993962828806,3.8256794323328527,25,10
Cabo Verde,CPV,2013,-0.19511427800112666,-0.09145487439041167,1.1314931340490195,0.37352389767021194,0.12562334681489581,-0.27690499147609704,0.5639896411080891,-1.0416723593682378,1.9186249425099533,1.183202376874821,0.930012427754762,0.3904244667213316,1.205451277464263,1.7465096319255262,0.1298794011268022,13.146521212880565,3.774458424126139,25,11
Cabo Verde,CPV,2014,-0.18760408490387478,-0.09145487439041167,1.090101483196281,0.5229322544494888,0.9145809212299743,-0.2769043900521064,0.5537980319951468,-0.9683697366844999,1.9186249425099533,1.183202376874821,0.930012427754762,0.3904244667213316,1.205451277464263,1.727300171608427,0.1298794011268022,13.14671837203256,3.8715494180205012,25,12
Cabo Verde,CPV,2015,-0.1772969385056711,-0.09145487439041167,1.1983122326540758,0.6016419567735236,0.31900733875920495,-0.2769039851329839,0.5423810639312547,-1.0385300928307473,1.9186249425099533,1.183202376874821,0.930012427754762,0.1771550700015777,1.205451277464263,1.727300171608427,0.1298794011268022,13.146851090955545,3.7991431428099744,25,13
Cabo Verde,CPV,2016,-0.1294008604998101,-0.09145487439041167,1.2580106065811143,0.6415013031888419,0.556646283806399,-0.2769030323821076,0.5460347412534448,-1.2013601672286114,1.9186249425099533,1.183202376874821,0.930012427754762,0.1771550700015777,1.205451277464263,1.7500018800634645,0.1298794011268022,13.147163301309806,3.828665405174625,25,14
Cabo Verde,CPV,2017,-0.07671918877959814,-0.09145487439041167,1.3017442512090562,0.7775228859635163,0.3375558788210917,-0.27690101374118836,0.5616321876037432,-1.2137284289315535,1.9186249425099533,1.183202376874821,0.930012427754762,0.1771550700015777,1.205451277464263,1.7395240878704303,0.1298794011268022,13.147824475122155,3.8014790783840824,25,15
Cabo Verde,CPV,2018,-0.03249133512972608,-0.09145487439041167,1.1367194809467458,0.9467611359581649,0.17795752873297196,-0.2768979053914543,0.5582518315912693,-1.0374608191400727,1.9186249425099533,1.183202376874821,0.930012427754762,0.1771550700015777,1.3438122037446116,1.7395240878704303,0.1298794011268022,13.14884171171736,3.7811990436914886,25,16
Cuba,CUB,1996,-0.3051310907582597,-1.332028051820516,0.6946728983191705,-1.1847175473600104,-0.2274640769974963,-0.21467973012444896,0.397572804247844,-0.030194094177374592,0.041101488814628474,-0.023929691893144107,0.1047207564776448,-1.3157301098826306,-1.0083235430213147,-0.5097084616043556,0.9834473557300805,16.209946308054217,3.7277534055751342,26,0
Cuba,CUB,1998,-0.3051310907582597,-1.2759079942968672,0.678117744071001,-1.1882301515133504,-0.2274640769974963,-0.21424681203562823,0.36766946439807496,-0.09422689281389986,0.041101488814628474,-0.023929691893144107,-0.17037646728139427,-1.1024607131628763,-0.731601690460617,-0.5097084616043556,1.2679700072645066,16.21655658917889,3.7277534055751342,26,1
Cuba,CUB,2000,-0.3051310907582597,-1.3066932123972501,0.6663162711136179,-1.2298062780937165,-0.2274640769974963,-0.21380380074221134,0.3550561227231207,-0.1263008977183024,0.041101488814628474,1.183202376874821,-0.17037646728139427,-1.1024607131628763,-0.731601690460617,-0.5097084616043556,0.6989247041956543,16.223276050396194,3.7277534055751342,26,2
Cuba,CUB,2002,-0.3051310907582597,-1.6371359334469637,0.9090934868167736,-1.4145058535545012,-0.2274640769974963,-0.21339704161963896,0.3325947551485102,-0.2794980837837037,0.041101488814628474,1.183202376874821,-0.17037646728139427,-1.1024607131628763,-0.731601690460617,-0.5097084616043556,0.9834473557300805,16.229406140363054,3.7277534055751342,26,3
Cuba,CUB,2003,-0.3051310907582597,-1.7521977085060987,1.0243047633216584,-1.3604399634653799,-0.2274640769974963,-0.21320669985862614,0.33259552609244264,-0.3793671091911439,0.041101488814628474,1.183202376874821,-0.4454736910404334,-1.1024607131628763,-0.731601690460617,-0.5097084616043556,0.9834473557300805,16.232261842601822,3.7277534055751342,26,4
Cuba,CUB,2004,-0.3051310907582597,-1.7192550331611247,1.0003262219829445,-1.2229549183414643,-0.2274640769974963,-0.21303179266180994,0.22231602085553234,-0.41832373126717814,0.041101488814628474,1.183202376874821,0.1047207564776448,-1.5289995066023851,-0.731601690460617,-0.5097084616043556,0.9834473557300805,16.234878809125995,3.7277534055751342,26,5
Cuba,CUB,2005,-0.3051310907582597,-1.6602062378726068,1.045547966180076,-0.9886867169219629,-0.2274640769974963,-0.21289008287834105,0.18508059967734777,-0.4611649537630784,0.041101488814628474,-1.2310617606611092,0.1047207564776448,-1.1024607131628763,-0.8699626167409662,-1.1645704736689877,0.9834473557300805,16.236994064349627,3.7277534055751342,26,6
Cuba,CUB,2006,-0.3051310907582597,-1.4855974625366521,1.073710728787215,-1.0519353826508022,-0.2274640769974963,-0.21279483160947946,0.053108339988587154,-0.40453012540324573,2.544466093741728,1.183202376874821,0.6549152039957229,-0.889191316443122,0.37528571978217107,-0.3315859943227758,0.9834473557300805,16.238413338336013,3.7277534055751342,26,7
Cuba,CUB,2007,-0.3051310907582597,-1.572052327930755,1.0734186909355532,-1.0292477634571673,-0.2274640769974963,-0.2127428947773332,0.03923217564609323,-0.37760716950246437,2.544466093741728,1.183202376874821,0.6549152039957229,-0.889191316443122,0.4444661829223454,-0.11329848233802858,0.9834473557300805,16.23918636576318,3.7277534055751342,26,8
Cuba,CUB,2008,-0.3051310907582597,-1.433992304698968,1.074254818193567,-0.827001656464895,-0.2274640769974963,-0.21271615820586606,0.046275229525980115,-0.38934529772322185,2.544466093741728,1.183202376874821,0.6549152039957229,-0.889191316443122,0.5136466460625201,0.10498850575710898,0.4618224945836323,16.23958407982495,3.7277534055751342,26,9
Cuba,CUB,2009,-0.3051310907582597,-1.6948293320745007,1.03561647308305,-1.1763173645060487,-0.2274640769974963,-0.2126985501787328,-0.02286443982227101,-0.3711154468297996,2.544466093741728,1.183202376874821,0.6549152039957229,-0.889191316443122,0.5136466460625201,0.10498850575710898,0.4144020526612283,16.239845917847003,3.7277534055751342,26,10
Cuba,CUB,2010,-0.3051310907582597,-1.698417268956917,1.0467441453111557,-0.9616055574164506,-0.2274640769974963,-0.21268253205462442,-0.08869354539099694,-0.34697933654416546,2.544466093741728,1.183202376874821,0.6549152039957229,-0.889191316443122,0.5136466460625201,0.10498850575710898,0.6277940413120481,16.240084053871602,3.7277534055751342,26,11
Cuba,CUB,2011,-0.3051310907582597,-1.8117990643999125,1.0400058278701658,-0.767540642133211,-0.2274640769974963,-0.21265774862245376,-0.0807377000058823,-0.40005541382937515,2.544466093741728,1.183202376874821,0.6549152039957229,-0.889191316443122,0.5136466460625201,0.10498850575710898,0.6989247041956543,16.240452389051217,3.7277534055751342,26,12
Cuba,CUB,2012,-0.3051310907582597,-1.8056806547464865,0.9932097511640641,-0.7993845579135822,-0.2274640769974963,-0.2126481972949185,0.19513214201081563,-0.30741413598441053,2.544466093741728,1.183202376874821,0.6549152039957229,-0.889191316443122,0.5136466460625201,0.10498850575710898,0.5092429365060362,16.240594306138963,3.7277534055751342,26,13
Cuba,CUB,2013,-0.3051310907582597,-1.7472134243887276,1.0078178196461707,-0.8442684404554917,-0.2274640769974963,-0.2126780183973478,-0.07210108181038927,-0.32553361735460634,1.9186249425099533,1.183202376874821,0.6549152039957229,-1.1024607131628763,0.5136466460625201,0.10498850575710898,0.4144020526612283,16.240151146645264,3.7277534055751342,26,14
Cuba,CUB,2014,-0.3051310907582597,-1.8612009492571002,1.1761034245950788,-0.9912250208131059,-0.2274640769974963,-0.21275180895271995,-0.11499667586469581,-0.40892967300889344,1.9186249425099533,1.183202376874821,0.6549152039957229,-1.1024607131628763,0.5136466460625201,0.10498850575710898,0.4144020526612283,16.23905372971546,3.7277534055751342,26,15
Cuba,CUB,2015,-0.3051310907582597,-1.6988033524418418,1.1799388457794915,-1.214154620786034,-0.2274640769974963,-0.21281558371450462,-0.11070490293260676,-0.39207607083064505,1.9186249425099533,1.183202376874821,0.6549152039957229,-1.1024607131628763,0.37528571978217107,0.10498850575710898,0.4144020526612283,16.238104296994422,3.7277534055751342,26,16
Cuba,CUB,2016,-0.3051310907582597,-1.6784008064085028,1.2416627009583276,-1.3405931359963736,-0.2274640769974963,-0.21287187342721708,-0.10151254335121514,-0.3428695310563781,0.6669426400464034,1.183202376874821,0.6549152039957229,-0.889191316443122,0.37528571978217107,0.09451071356407457,0.4144020526612283,16.237265546701742,3.7277534055751342,26,17
Cuba,CUB,2017,-0.3051310907582597,-1.5494299824736206,1.281100014978006,-1.371053303956386,-0.2274640769974963,-0.21297776573242877,-0.0839448027471454,-0.2247535091957366,0.6669426400464034,1.183202376874821,0.6549152039957229,-0.889191316443122,0.37528571978217107,0.06831623308148926,0.6040838203508453,16.23568577912036,3.7277534055751342,26,18
Cuba,CUB,2018,-0.3051310907582597,-1.3587800548773983,1.306002555550393,-1.345993403236887,-0.2274640769974963,-0.21310109337867736,-0.07611575747700002,-0.18120375986978096,0.6669426400464034,1.183202376874821,0.6549152039957229,-0.889191316443122,0.37528571978217107,0.014181148047349913,0.6989247041956543,16.2338427488325,3.7277534055751342,26,19
Djibouti,DJI,2013,-0.6382715258431746,0.28772620407976135,0.16760903726289333,7.985109794230561,1.8282850623689904,-0.2740908095298151,-1.7197405711028617,-1.3083185477025077,-0.5847396624171465,-0.023929691893144107,-0.17037646728139427,-0.889191316443122,-0.731601690460617,-0.8659533961675154,0.1298794011268022,13.800219239395316,3.97334441174381,27,0
Djibouti,DJI,2014,-0.6030802090558348,0.6533223452709573,0.16760903726289333,6.554588680059137,0.5675464133618063,-0.273984262208376,-1.699201769354069,-1.2894061753732324,-0.5847396624171465,-0.023929691893144107,-0.17037646728139427,-0.889191316443122,-0.731601690460617,-0.8607145000709984,0.1298794011268022,13.818224870881757,3.8299988626929133,27,1
Djibouti,DJI,2015,-0.5647804338132283,0.9315691097405163,0.16760903726289333,5.675683271509331,0.39758073876342975,-0.273879483430751,-1.6750959947603041,-1.3076026271402823,-0.5847396624171465,-0.023929691893144107,-0.17037646728139427,-0.889191316443122,-0.731601690460617,-0.8764311883605496,0.1298794011268022,13.835620981023732,3.8090012061743703,27,2
Djibouti,DJI,2016,-0.5253154712615449,0.6147582896692366,0.16760903726289333,4.066603004524371,0.43475719391614787,-0.2737762290545282,-1.651877778580299,-1.3123180283822757,-0.5847396624171465,-0.023929691893144107,-0.17037646728139427,-0.889191316443122,-0.731601690460617,-0.8886551046225533,0.1298794011268022,13.852472953806734,3.8136318270832352,27,3
Djibouti,DJI,2017,-0.49616680206029545,0.4194357028014996,0.16760903726289333,6.770041745774209,0.4042264669666176,-0.27367387979163793,-1.632191393174849,-1.223142077557804,-0.5847396624171465,-0.023929691893144107,-0.4454736910404334,-0.889191316443122,-0.731601690460617,-0.9008795447741657,0.1298794011268022,13.868901550643526,3.809830559590184,27,4
Djibouti,DJI,2018,-0.47103102964605836,0.7082334071682594,0.16760903726289333,6.607971972361829,0.3802249494368361,-0.27357240586861525,-1.6110745416478935,-1.090684364794224,-0.5847396624171465,-0.023929691893144107,-0.4454736910404334,-0.889191316443122,-0.731601690460617,-0.8816700844570666,0.1298794011268022,13.88492747286544,3.8068320417199213,27,5
Djibouti,DJI,2019,-0.43840102805409914,0.8660440910889637,0.16760903726289333,7.205732292493573,0.35012992348045596,-0.27347220624988966,-1.593204581492299,-1.0389932805826931,-0.5847396624171465,-0.023929691893144107,-0.4454736910404334,-0.6759219197233678,-0.5932407641802689,-0.8991328968155874,0.1298794011268022,13.90050406709392,3.8030595101562095,27,6
Djibouti,DJI,2020,-0.4410595753960912,0.8991453146273348,0.16760903726289333,4.435406256978021,0.23772851389699307,-0.27337407886432014,-1.598916059984231,-1.0443946603332286,-0.5847396624171465,-0.023929691893144107,-0.17037646728139427,-0.6759219197233678,-0.731601690460617,-0.9096106890086215,0.1298794011268022,13.915526919032175,3.78884234757626,27,7
Dominica,DMA,2000,0.7912399324391186,-0.09145487439041167,1.5702795925195183,-0.16305872309946667,0.2776101368684439,-0.2795471721157356,-0.02653174656277961,-0.9345804433325487,2.544466093741728,2.390334445642786,1.4802068752728401,2.34539343902402,2.0356168351463544,2.1097395866541726,0.1298794011268022,11.13476419138941,3.7939099669369503,28,0
Dominica,DMA,2002,0.7295067495599111,-0.09145487439041167,1.763041672205359,-0.16305872309946667,0.2932590773151732,-0.2795480295915243,-0.02653174656277961,-0.42731501426412427,2.544466093741728,2.390334445642786,1.4802068752728401,2.34539343902402,2.0356168351463544,2.1097395866541726,0.1298794011268022,11.132660157883807,3.795891429201963,28,1
Dominica,DMA,2003,0.8424437594896911,-0.09145487439041167,1.964469747631003,-0.16305872309946667,0.8349443991368852,-0.27954705302187605,-0.02653174656277961,-0.7861679565665708,2.544466093741728,2.390334445642786,1.4802068752728401,2.34539343902402,2.0356168351463544,2.1097395866541726,0.1298794011268022,11.135056068452863,3.8621659992560553,28,2
Dominica,DMA,2004,0.926590260462015,-0.09145487439041167,1.8567938198481893,-0.16305872309946667,0.4978577933895676,-0.27954635036810477,-0.02653174656277961,-0.8537853810872574,2.329530713473134,2.085503178550742,1.2829150691929014,1.9608620459301653,1.8259790009708319,1.9377555339288814,0.1298794011268022,11.136776411196116,3.821442750397336,28,3
Dominica,DMA,2005,0.9442287773379509,-0.09145487439041167,1.8397367686311354,-0.16305872309946667,0.20191104765291248,-0.2795458442192017,-0.02653174656277961,-0.9164054915679483,2.544466093741728,2.390334445642786,1.4802068752728401,2.34539343902402,2.0356168351463544,2.1097395866541726,0.1298794011268022,11.138013809905521,3.7842691539909747,28,4
Dominica,DMA,2006,1.0407443667803038,-0.09145487439041167,1.8022243824897883,-0.16305872309946667,0.4596727616942622,-0.27954541548130735,-0.02653174656277961,-0.883785455768678,2.544466093741728,2.390334445642786,1.4802068752728401,2.8430216332673988,2.0356168351463544,1.7823085806218566,0.1298794011268022,11.139060762931893,3.816723299841844,28,5
Dominica,DMA,2007,1.164942906179199,-0.09145487439041167,1.784495009948519,-0.16305872309946667,0.956928660120874,-0.2795451713388953,-0.02653174656277961,-0.909912554242271,2.544466093741728,2.390334445642786,1.4802068752728401,2.8430216332673988,2.0356168351463544,1.7823085806218566,0.1298794011268022,11.13965645507838,3.87650354155026,28,6
Dominica,DMA,2008,1.3405485578215772,-0.09145487439041167,1.7137013394203555,-0.16305872309946667,1.4237420197261157,-0.27954512965604444,-0.02653174656277961,-1.0399057733875192,2.544466093741728,2.390334445642786,1.4802068752728401,2.8430216332673988,2.0356168351463544,1.7823085806218566,0.1298794011268022,11.139758123161226,3.9295474241090824,28,7
Dominica,DMA,2009,1.3101247586740838,-0.09145487439041167,1.7474235761440835,-0.16305872309946667,1.2992230090311352,-0.27954507010911467,-0.02653174656277961,-1.1597979287582036,2.544466093741728,2.390334445642786,1.4802068752728401,2.8430216332673988,2.0356168351463544,1.7823085806218566,0.1298794011268022,11.139903345351431,3.915671242956912,28,8
Dominica,DMA,2010,1.307552837197639,-0.09145487439041167,1.6340315382675445,-0.16305872309946667,1.2954257879668443,-0.2795450998825796,-0.02653174656277961,-1.1281767646648497,2.544466093741728,2.390334445642786,1.4802068752728401,2.8430216332673988,2.0356168351463544,1.7823085806218566,0.1298794011268022,11.139830736892515,3.9152450469431415,28,9
Dominica,DMA,2011,1.3013270691494494,-0.09145487439041167,1.6528992793184072,-0.16305872309946667,1.0284162043937253,-0.279543944672142,-0.02653174656277961,-1.024426921312864,2.544466093741728,2.390334445642786,1.4802068752728401,2.8430216332673988,2.0356168351463544,1.7823085806218566,0.1298794011268022,11.142644086196546,3.8848113483221662,28,10
Dominica,DMA,2012,1.294778363719784,-0.09145487439041167,1.421769357941344,-0.16305872309946667,1.2660428297266295,-0.2795435576170985,-0.02653174656277961,-1.0046206413233105,2.544466093741728,2.390334445642786,1.4802068752728401,2.8430216332673988,2.0356168351463544,1.7823085806218566,0.1298794011268022,11.143584935780687,3.9119409799688123,28,11
Dominica,DMA,2014,1.3081593054403995,-0.09145487439041167,1.082139840188438,-0.16305872309946667,-0.272806308195463,-0.27953608447741224,-0.02653174656277961,-1.1283338644149774,2.1272388264781847,1.5855795721798664,1.571905803140667,2.2624553071244446,1.2669449609840064,1.7823085806218566,0.1298794011268022,11.16157915574956,3.7215945187472963,28,12
Dominica,DMA,2015,1.2186890950818619,-0.09145487439041167,1.1746099444201479,-0.16305872309946667,-0.43791502625057704,-0.2795358641537721,-0.02653174656277961,-1.2619503909405483,2.1272388264781847,1.5855795721798664,1.571905803140667,2.2624553071244446,2.4968197382662813,1.7823085806218566,0.1298794011268022,11.162104779940375,3.6988415118473754,28,13
Dominica,DMA,2019,1.3228605210557842,-0.09145487439041167,1.524499742448536,-0.16305872309946667,1.0816439082668017,-0.27955092952700417,-0.02653174656277961,-0.8854832167585684,2.1272388264781847,0.7808251815697751,1.3273751821079423,2.2624553071244446,2.8042887093087026,1.7823085806218566,0.1298794011268022,11.125511451119438,3.890952597715376,28,14
Dominican Republic,DOM,1996,0.0429324732729223,-0.41989284724295317,-0.3669027552469835,-0.020146728998387157,-0.5253094279911916,-0.23212171659874428,1.3102061687753634,0.542782321402544,0.041101488814628474,-0.023929691893144107,0.1047207564776448,-0.24938312628385903,-0.039797059058874096,-0.5097084616043556,1.4576517749541236,15.899055543988734,3.686585159366096,29,0
Dominican Republic,DOM,1997,0.13752127528517127,-0.3047079058373989,-0.3669027552469835,0.026146832232577646,-0.29338281658842313,-0.23128100922546616,1.2446833376179585,0.4231521480546648,-0.5847396624171465,-0.6274957262771266,-0.17037646728139427,-0.14274872650101808,-0.3165189116195715,-0.8371394676366716,1.4813619959153252,15.916478607850456,3.7187870263638274,29,1
Dominican Republic,DOM,1998,0.208999652462208,0.3188165507211938,-0.3669027552469835,0.07498153960126028,-0.10786088568989041,-0.2304694798477758,1.302768350231027,0.4903529328405314,-1.2105808136489213,-1.2310617606611092,-0.4454736910404334,-0.03611432671817715,-0.5932407641802689,-1.1645704736689877,0.9834473557300805,15.933013848188056,3.7438195628174102,29,2
Dominican Republic,DOM,1999,0.2733694911670567,0.06027299529298571,-0.3023827968295599,0.08637345095645996,0.4229307136303521,-0.2296605586256094,1.175091846938609,0.510585142626036,-1.2105808136489213,-1.2310617606611092,0.24226936835716434,0.07052037164170027,-0.5932407641802689,-1.1645704736689877,0.9834473557300805,15.949228259611491,3.812161069971075,29,3
Dominican Republic,DOM,2000,0.3202326775695619,0.28996777447080785,-0.14489262970073646,0.17361012871231749,0.06662067558018701,-0.22883891817924396,1.1380804551353116,0.386268059035945,-1.2105808136489213,-1.2310617606611092,0.930012427754762,0.1771550700015777,-0.5932407641802689,-1.1645704736689877,0.9834473557300805,15.965432813744103,3.7668040153155093,29,4
Dominican Republic,DOM,2001,0.3343730115278511,0.11219256300011678,-0.14489262970073646,-0.08218950152638507,0.09864119284394261,-0.22802852614791222,1.0020256671714833,0.22438952920684266,-0.5847396624171465,-1.2310617606611092,0.6549152039957229,0.1771550700015777,-0.4548798378999202,-0.8371394676366716,0.41440205266122715,15.98116236416215,3.770965301567826,29,5
Dominican Republic,DOM,2002,0.3823832966017826,0.2545472498061078,0.15786844373808293,-0.1342026875541082,-0.05000177522509741,-0.22724279250019863,0.7125794588789213,0.33761926896579775,0.041101488814628474,-1.2310617606611092,0.3798179802366839,0.1771550700015777,-0.3165189116195712,-0.5097084616043556,-1.2927338565453277,15.996180640439352,3.751500037916504,29,6
Dominican Republic,DOM,2003,0.3358243682343932,-0.3151841102626758,0.15786844373808293,0.32345843785471917,-0.14442206820247872,-0.22647829924233434,0.8032085877098594,0.40396915609580925,-1.2105808136489213,-1.2310617606611092,-0.4454736910404334,-0.03611432671817715,-0.8699626167409662,-1.1645704736689877,-1.2927338565453277,16.01057959156221,3.7389356768063826,29,7
Dominican Republic,DOM,2004,0.35527148324693764,-0.2684222932809445,0.19665377296090727,0.23329876392472387,0.0874507816560615,-0.22573829763668485,0.9294444031617365,0.39817470146005335,0.041101488814628474,-1.2310617606611092,-0.17037646728139427,-0.03611432671817715,-0.45487983789991987,-0.5097084616043556,-1.2927338565453277,16.02432251929006,3.769512998281132,29,8
Dominican Republic,DOM,2005,0.4881829606957971,-0.00489847722330959,0.25570553632582926,-0.3399442999918546,-0.10083911887607212,-0.22502288891303077,0.8466662623787506,0.26921780810585144,-0.5847396624171465,-1.2310617606611092,-0.17037646728139427,-0.03611432671817715,-0.45487983789991987,-0.5097084616043556,-1.2927338565453277,16.03743154192161,3.744754814491299,29,9
Dominican Republic,DOM,2006,0.6282785732809705,0.39131267417310994,0.25570553632582926,-0.27845443705849976,0.06070122844499016,-0.2243312572784342,0.8106208920999537,0.3394365539498967,-0.5847396624171465,-1.2310617606611092,0.930012427754762,0.1771550700015777,-0.1781579853392228,0.12419796607420819,-1.1741827517393169,16.049943568766107,3.7660328424017924,29,10
Dominican Republic,DOM,2007,0.7465402387146357,0.5316427060338541,0.595418360445739,-0.3522921764048131,0.2540138336730889,-0.2236495937998813,0.8351572897631833,0.29240862366244236,-0.5847396624171465,-1.2310617606611092,0.930012427754762,0.1771550700015777,-0.1781579853392228,0.12419796607420819,-1.0082112050109016,16.062123956218045,3.790914769794667,29,11
Dominican Republic,DOM,2008,0.7875841700662055,0.650312470766312,0.5533309903959055,-0.34649374182394577,0.3515248628782545,-0.22295008410647604,0.699064881989226,0.19454192964699335,-0.5847396624171465,-1.2310617606611092,0.930012427754762,0.1771550700015777,-0.1781579853392228,0.13642188233621136,-1.0082112050109016,16.074470878155346,3.8032346862803097,29,12
Dominican Republic,DOM,2009,0.7819573242802316,0.041187231548591226,0.6239895348170975,-0.660140243105007,-0.03167095911441028,-0.2222228076797186,0.2484261332249285,0.02583952023213064,-0.5847396624171465,-1.2310617606611092,0.3798179802366839,0.1771550700015777,-0.1781579853392228,0.13642188233621136,-1.0082112050109016,16.087148283105613,3.7539210980398567,29,13
Dominican Republic,DOM,2010,0.9284924886697522,0.2748948202771365,0.5249449605879095,-0.5028026282115694,-0.05516132070985863,-0.22147900697994974,0.3012683519641036,0.018890760264076597,-0.5847396624171465,-1.2310617606611092,0.6549152039957229,0.3904244667213316,-0.1781579853392228,0.13642188233621136,-1.0082112050109016,16.099949602776967,3.750817527555452,29,14
Dominican Republic,DOM,2011,0.9707093330023523,0.20914809178547092,0.5052599004142796,-0.4151520762397655,0.01746380053735689,-0.22073201456474512,0.2587210587761376,0.041469105408579385,-0.5847396624171465,-1.2310617606611092,0.6549152039957229,0.3904244667213316,-0.1781579853392228,0.13642188233621136,-1.0082112050109016,16.11264301230637,3.7603818534345685,29,15
Dominican Republic,DOM,2012,1.0048890393893086,0.1201854275768587,0.5254610753854717,-0.4315365040339553,0.34566645319623024,-0.2199889284281335,0.32505129709009695,0.026412956156259788,0.041101488814628474,-0.023929691893144107,0.6549152039957229,0.3904244667213316,-0.039797059058874096,0.1870647192324129,-1.1978929727005185,16.125112177462572,3.8024987824510976,29,16
Dominican Republic,DOM,2013,1.0895196546042194,-0.10073587405743602,0.5683075297668887,-0.4807909269093171,-0.20177740221284649,-0.21925398831151452,0.099348638229961,0.0832044378645319,0.041101488814628474,-0.023929691893144107,0.6549152039957229,0.3904244667213316,0.7903684986232175,0.6672970360430129,-1.292733856545327,16.137293585660856,3.731225698122295,29,17
Dominican Republic,DOM,2014,1.2295271910299728,-0.055112187976356405,0.6023943266045534,-0.5143645434522388,-0.023874722993488532,-0.218529331949667,0.184714620298755,0.11187527595354632,0.041101488814628474,-0.023929691893144107,0.930012427754762,0.3904244667213316,0.7903684986232175,0.6550725958913995,-1.1741827517393169,16.149160987709564,3.754949019440649,29,18
Dominican Republic,DOM,2015,1.3756162877118352,-0.009170823689167499,0.59600907415781,-0.6107781926256178,-0.0986142323934922,-0.21781893112280665,0.17296708906498012,-0.009383121324080005,0.041101488814628474,-0.023929691893144107,0.930012427754762,0.6036938634410864,0.6520075723428688,0.6550725958913995,-1.1030520888557105,16.16065980703347,3.7450509718757563,29,19
Dominican Republic,DOM,2016,1.524119618352773,-0.05875003764301661,0.601668838642264,-0.6287184769347974,-0.06456523309194509,-0.21712460796698443,0.26643871926011703,-0.09752266863850144,0.041101488814628474,-0.023929691893144107,0.930012427754762,0.8169632601608406,0.6520075723428688,0.6550725958913995,-1.0556316469333067,16.17177204849853,3.749572368171513,29,20
Dominican Republic,DOM,2017,1.603591623831113,-0.20482468078119992,0.5961099368877034,-0.6569798508900542,0.15208386472473287,-0.21643735898641903,0.3179718442255116,-0.10550497330893152,0.041101488814628474,-0.023929691893144107,0.930012427754762,0.8169632601608406,0.6520075723428688,0.6533264718224308,-0.9370805421272947,16.1826507969577,3.777872205796777,29,21
Algeria,DZA,1996,0.30719269168396657,0.26996283341212807,-0.16328301709603563,-0.5712572660717938,-0.5538104929115851,-0.10707227087581189,0.8245950405005361,1.43629695205259,-0.5847396624171465,1.183202376874821,-2.096057033594668,-0.4626525230036132,-1.1466844693016627,0.14515355046027645,-0.15464325040762328,17.183945221991646,3.6825554138408965,30,0
Algeria,DZA,1997,0.2948279776653651,0.036203715092232844,-0.17010909164012142,-0.6137818568457294,-0.5601170042408464,-0.10381947815422314,0.8331591674259552,1.43629695205259,-0.8976602380330339,0.5796363424908384,-2.096057033594668,-0.4626525230036132,-1.2158649324418371,-0.1822774555720396,-0.08351258752401705,17.202585417943496,3.681661542231231,30,1
Algeria,DZA,1998,0.34984557666475263,0.3753017222061822,-0.17010909164012142,-0.821843952144374,-0.4324091894362439,-0.10099199937852338,0.8724234156029573,1.43629695205259,-1.2105808136489213,-0.023929691893144107,-2.096057033594668,-0.4626525230036132,-1.2850453955820114,-0.5097084616043556,-0.3917454600196454,17.218510780198983,3.699608653662448,30,2
Algeria,DZA,1999,0.37924680479653605,0.2106314890807363,0.04687751405268223,-0.6520449505225732,-0.5494926368524665,-0.09848971234099572,0.8943026864957958,1.43629695205259,-1.2105808136489213,-0.6274957262771266,-1.5458625860765898,-0.4626525230036132,-1.2850453955820114,-0.5097084616043556,-0.4391659019420505,17.232396068218378,3.6831669571727663,30,3
Algeria,DZA,2000,0.418943084329182,-0.23957737363295378,0.041449305297145404,-0.30488290549378105,-0.565168948147055,-0.0959319394743075,0.9370588893408273,2.195869280973537,-1.2105808136489213,-1.2310617606611092,-0.9956681385585116,-0.4626525230036132,-1.2850453955820114,-0.5097084616043556,-0.4391659019420505,17.24639275334567,3.680944913519467,30,4
Algeria,DZA,2001,0.4464390753736605,0.2996716312642913,0.1920989200847074,-0.5472628059260608,-0.32325646743988046,-0.09338733243379163,0.9783706374753522,1.1502051351425326,-1.2105808136489213,-0.6274957262771266,-1.133216750438031,-0.35601782464373616,-0.3165189116195715,0.14515355046027645,-0.4628761229032511,17.26012566631711,3.7146969366252365,30,5
Algeria,DZA,2002,0.5166101421719181,0.5420421689541217,0.33016608816992876,-0.4873143987954715,-0.34852673994912886,-0.09088865989490108,0.9487184194460782,1.0626617618248073,-1.2105808136489213,-0.023929691893144107,-1.2707653623175506,-0.24938312628385903,0.6520075723428688,0.8000155625249085,-0.7236885534764754,17.273429613664987,3.71122400017917,30,6
Algeria,DZA,2003,0.6093781135548094,0.42028945123907374,0.4332816477252483,-0.4529879663730203,-0.5018055222828777,-0.0883580166094165,0.9358689058049131,1.2525888356559962,-1.2105808136489213,-1.2310617606611092,-0.4454736910404334,-0.4626525230036132,0.37528571978217107,0.14515355046027645,-0.7236885534764754,17.286725765667956,3.6898961857206656,30,7
Algeria,DZA,2004,0.6677755409156416,0.41814688969778996,0.5848752148888595,-0.3485456582968627,-0.48501528195353255,-0.08566370858745648,1.219527704336916,1.4983209616752755,-1.2105808136489213,-1.2310617606611092,-0.17037646728139427,-0.4626525230036132,0.09856386722147399,0.14515355046027645,-0.4865863438644545,17.30069016948995,3.692254754116389,30,8
Algeria,DZA,2005,0.7440906618992764,0.26438583080492156,0.6653532907755614,-0.1889961937043673,-0.46418219826130613,-0.08279972158911414,1.3303527420226202,1.7928434990488127,0.041101488814628474,-1.2310617606611092,-0.17037646728139427,-0.4626525230036132,-0.039797059058874096,0.14515355046027645,-0.15464325040762328,17.315323257500037,3.6951735189762283,30,9
Algeria,DZA,2006,0.771262173381034,0.30483057412264997,0.7240832333917666,-0.21592024386158182,-0.39034078077154155,-0.07973747904279242,1.418949464323187,1.992057383068121,0.041101488814628474,-1.2310617606611092,-0.17037646728139427,-0.4626525230036132,-0.039797059058874096,0.04386840055748324,-0.15464325040762328,17.330735993413512,3.7054508023827624,30,10
Algeria,DZA,2007,0.8001907593935264,0.6481946049942299,0.3639531302715391,-0.1684790499381506,-0.4457289794339662,-0.07636765874012484,1.5001322705750877,1.9486424731962444,0.041101488814628474,-1.2310617606611092,0.1047207564776448,-0.14274872650101778,-0.039797059058874096,0.04386840055748324,-0.15464325040762328,17.347426709700578,3.697751763213963,30,11
Algeria,DZA,2008,0.8139260924732349,0.8956985015477551,0.6066087324783968,-0.06711697430937591,-0.39619203291006067,-0.07263082093581404,1.5635286228483283,2.0526087422549253,0.041101488814628474,-1.2310617606611092,0.3798179802366839,-0.4626525230036132,-0.1781579853392228,0.07006288104006855,-0.15464325040762328,17.365615239790287,3.704640264453719,30,12
Algeria,DZA,2009,0.7986627068862883,1.9547714776488103,1.1907842636606283,-0.2633717927147145,-0.33143771942098593,-0.06862043049082849,1.6247437929188782,1.2503146631442414,0.041101488814628474,-1.2310617606611092,-0.7205709147994724,-1.1024607131628763,-0.3165189116195712,0.07006288104006855,-0.15464325040762328,17.384774091463974,3.7135738930637303,30,13
Algeria,DZA,2010,0.8571211815566603,1.7184276083197498,1.3479017309249293,-0.28646518846836766,-0.42617978904470843,-0.0644652993236487,1.7048649138906942,1.5201869536723187,0.041101488814628474,-1.2310617606611092,-1.2707653623175506,-1.1024607131628763,-0.3165189116195712,0.09101846542613679,0.08245895920439825,17.404244679238634,3.7004759023671925,30,14
Algeria,DZA,2011,0.8788262131763311,1.200694257647558,1.4362590376876219,-0.3234572284988653,-0.44682018559197,-0.06020686018800928,1.7687011412095035,1.4987823131378473,0.041101488814628474,-1.2310617606611092,-0.7205709147994724,-1.3157301098826306,-0.3165189116195712,0.09101846542613679,0.1298794011268022,17.423813622438452,3.697599487003756,30,15
Algeria,DZA,2012,0.8871142705038617,1.178532701708863,1.4362590376876219,-0.3660171562975008,-0.5386507145420838,-0.055783773791553214,1.732925654273164,1.349077864380187,0.041101488814628474,-1.2310617606611092,-0.4454736910404334,-1.3157301098826306,-0.3165189116195712,0.159124114680858,0.1298794011268022,17.443741700918686,3.6847008656611484,30,16
Algeria,DZA,2013,0.899141991457801,1.563645756876927,1.4362590376876219,-0.41277299586057975,-0.5251533538150763,-0.0512105398116797,1.703951690234993,1.0607519392173934,0.041101488814628474,-1.2310617606611092,-0.4454736910404334,-1.3157301098826306,-0.1781579853392228,0.159124114680858,0.1298794011268022,17.463937011971144,3.686607181938624,30,17
Algeria,DZA,2014,0.9432209972096198,1.9335939098607342,1.4362590376876219,-0.4775962442368611,-0.5443089510199005,-0.0465012113238147,1.797371943999817,0.9619665290737065,0.041101488814628474,-1.2310617606611092,-0.4454736910404334,-1.3157301098826306,-0.1781579853392228,0.159124114680858,0.1298794011268022,17.484315663869246,3.683900635402995,30,18
Algeria,DZA,2015,0.9679401606156424,2.4440618888656367,1.4362590376876219,-0.5858234467386677,-0.7068874320290478,-0.04165112580335713,1.8069606296915741,0.4770028585428534,0.041101488814628474,-1.2310617606611092,-0.4454736910404334,-1.3157301098826306,-0.1781579853392228,0.18007969906692625,0.1298794011268022,17.504878142922962,3.6606296840095753,30,19
Algeria,DZA,2016,1.008529075556465,2.5141126962751197,1.4362590376876219,-0.6860409764484637,-0.4950105932118689,-0.03670163263833995,1.8344884604369796,0.4309421574713522,0.041101488814628474,-0.023929691893144107,-0.4454736910404334,-1.1024607131628763,-0.1781579853392228,0.11197404981220445,0.1298794011268022,17.5254350535327,3.6908513571376025,30,20
Algeria,DZA,2017,0.9959988002894123,2.286251308514242,1.4362590376876219,-0.684298263068362,-0.5408969726804265,-0.03170815811099394,1.7855732496341075,0.5371705028372431,0.041101488814628474,-0.023929691893144107,-0.4454736910404334,-1.1024607131628763,-0.1781579853392228,0.11197404981220445,0.1298794011268022,17.54575505911875,3.6843832596251596,30,21
Ecuador,ECU,1996,0.11338095554462116,-1.151787462918991,-0.270635607408539,-0.847417086331269,-0.3042038501376111,-0.2096245530684743,0.04771008596096843,-0.021528943150381768,-0.5847396624171465,-1.2310617606611092,-1.5458625860765898,0.3904244667213316,-0.3165189116195712,-0.5097084616043556,1.505072216876528,16.284537709910413,3.7173074183202606,31,0
Ecuador,ECU,1997,0.14767990700886705,-1.1249038851390598,-0.270635607408539,-0.8240924796730953,-0.19945367615515708,-0.20831346663285655,0.11294257211336341,-0.09804026299808027,-0.5847396624171465,-0.6274957262771266,-0.8581195266789919,0.6036938634410861,-0.3165189116195712,-0.5097084616043556,1.505072216876528,16.303007849141178,3.731539222623592,31,1
Ecuador,ECU,1998,0.16818308308661706,-0.9418804460964881,-0.270635607408539,-0.8712978601238353,-0.10384024871134888,-0.20700309476039605,-0.017799174885594234,-0.10280588886413065,-0.5847396624171465,-0.023929691893144107,-0.17037646728139427,0.8169632601608406,-0.3165189116195712,-0.5097084616043556,0.8886064718852714,16.32113322497039,3.744355191396946,31,2
Ecuador,ECU,1999,0.07366597098191847,-1.1960693272236118,-0.270635607408539,-0.7023287230551304,-0.06983204927497112,-0.20569537868100335,0.18413266118980565,0.14481885496894073,-0.5847396624171465,-0.6274957262771266,-0.5830223029199529,0.49705916508120934,-0.24733844847939684,-0.5097084616043556,0.6989247041956543,16.338900148818645,3.748874318197987,31,3
Ecuador,ECU,2000,0.06473072233318135,-0.9266661285976786,-0.270635607408539,-0.23079115804279018,-0.6796831450752188,-0.20439480823318312,0.18404209954448542,0.6387776695205948,-0.5847396624171465,-1.2310617606611092,-0.9956681385585116,0.1771550700015777,-0.1781579853392228,-0.5097084616043556,0.6989247041956543,16.356262347588256,3.664561537946128,31,4
Ecuador,ECU,2001,0.09784763356972283,-0.8919695808280681,-0.2588611596725577,-0.5007337726108763,-0.24241379937195887,-0.20307564127919547,0.17643210329257514,0.11837574851733605,-0.5847396624171465,-1.2310617606611092,-0.8581195266789919,-0.03611402814114067,-0.1781579853392228,-0.1822774555720396,0.5566633784284414,16.37357015854204,3.7257269563380837,31,5
Ecuador,ECU,2002,0.14145938891307483,-0.719543433292487,-0.22428487079903572,-0.5394927793658512,-0.14182933131371728,-0.20171956713813577,0.0808698785324628,0.07803791255551708,-0.5847396624171465,-1.2310617606611092,-0.7205709147994724,-0.24938312628385903,-0.1781579853392228,0.14515355046027645,-0.08351258752401705,16.391055354222164,3.739282804534492,31,6
Ecuador,ECU,2003,0.15715680109643831,-0.8750483788150931,-0.23972040873205488,-0.610474986019837,-0.15615346911189623,-0.20032715746052984,-0.018350533410298433,0.041770792762786925,-0.5847396624171465,-1.2310617606611092,-0.7205709147994724,-0.24938312628385903,-0.039797059058874096,0.14515355046027645,0.6989247041956543,16.408696484679165,3.737363514202045,31,7
Ecuador,ECU,2004,0.2299104765883219,-0.8346219849448344,-0.21828472011305275,-0.502303523632391,-0.23366399140250657,-0.19891949781420956,-0.10291734085618008,0.2186221547933414,-1.2105808136489213,-1.2310617606611092,-0.9956681385585116,-0.24938312628385903,-0.039797059058874096,0.14515355046027645,0.6989247041956543,16.42621999902884,3.7269134995395214,31,8
Ecuador,ECU,2005,0.2850206875388817,-0.7709236696987656,-0.12929507832310236,-0.33108012666087117,-0.43841680773402714,-0.19750548451048275,-0.1578499702456829,0.4242009376948591,-1.2105808136489213,-1.2310617606611092,-0.7205709147994724,-0.4626525230036132,-0.1781579853392228,0.14515355046027645,0.48553271554483507,16.443518784726013,3.6987715681263955,31,9
Ecuador,ECU,2006,0.32577609177178213,-0.7367219106507272,-0.05405658617726169,-0.21804282207357745,-0.5504590275233119,-0.19607654874615532,-0.144449647510988,0.6471685495011364,-1.2105808136489213,-1.2310617606611092,-0.7205709147994724,-0.889191316443122,-0.45487983789991987,0.475204004540851,0.4144020526612283,16.46070132525026,3.6830301185391416,31,10
Ecuador,ECU,2007,0.3286592407197248,-0.7501837519156879,-5.3989049360413314e-05,-0.13049795595135863,-0.5868868725684211,-0.19463169013280712,-0.13969794063058982,0.700793629803315,-1.2105808136489213,-1.2310617606611092,-0.7205709147994724,-0.889191316443122,-0.6624212273204426,0.475204004540851,0.4144020526612283,16.477780241364155,3.677858318163647,31,11
Ecuador,ECU,2008,0.40646156315877324,-0.632561031216202,-5.3989049360413314e-05,0.03653789317187302,-0.3488274120939421,-0.1931642810971547,-0.12261894505098578,0.9919376209389807,-1.2105808136489213,-1.2310617606611092,-0.7205709147994724,-0.889191316443122,-0.8699626167409662,0.475204004540851,0.4144020526612283,16.49483221806267,3.711182605601912,31,12
Ecuador,ECU,2009,0.39587354339161823,-0.547097330948856,0.8140797025626592,-0.4652627873774883,-0.5647517715887249,-0.19167112992376228,-0.11790044778548993,0.33791272319991955,-1.2105808136489213,-0.023929691893144107,-0.4454736910404334,-1.7422683061680675,-0.8699626167409662,0.475204004540851,0.4144020526612283,16.51188991898578,3.681004110335739,31,13
Ecuador,ECU,2010,0.4349713423876751,-0.3565266555532585,1.016036700178578,-0.2199335856891582,-0.612725273234451,-0.1901780442519926,-0.15516525077024537,0.5730508534376274,-1.2105808136489213,-0.023929691893144107,-0.4454736910404334,-1.5289995066023851,-0.8699626167409662,0.49790571299588826,0.20101006401040902,16.528660798395343,3.6741736592199996,31,14
Ecuador,ECU,2011,0.5517980339181169,-0.20759268774347311,1.165482865311129,-0.09600947653342996,-0.5106969936641557,-0.18869215780403226,-0.22378456909823305,0.8654140086951809,-1.2105808136489213,-0.023929691893144107,-0.4454736910404334,-1.5289995066023851,-0.8699626167409662,0.48917456876143256,0.1298794011268028,16.54507616708198,3.6886449211872256,31,15
Ecuador,ECU,2012,0.6281456045811871,-0.06225658921384065,1.2689249336637736,-0.18426805908948213,-0.541103515125586,-0.18722749983653525,-0.2059902633669326,0.8391854650813317,-1.2105808136489213,-0.023929691893144107,-0.4454736910404334,-1.5289995066023851,-0.8699626167409662,0.4996523609544667,0.1298794011268028,16.56099751011032,3.6843540508255184,31,16
Ecuador,ECU,2013,0.7367319799862915,0.1542793970410671,1.3449896254352705,-0.2881506376746432,-0.522250945372598,-0.1858285399966545,0.0007878707675124818,0.8175095004052237,-1.2105808136489213,-0.023929691893144107,0.3798179802366839,-1.5289995066023851,-0.45487983789991987,0.5153690492440178,0.1298794011268028,16.575971598767588,3.6870166328387963,31,17
Ecuador,ECU,2014,0.7927527848644812,0.10074942226583787,1.414791084263506,-0.34655570566430793,-0.5224196239021186,-0.18447089381664886,0.114568722451195,0.7239156946666441,-1.2105808136489213,-0.023929691893144107,0.3798179802366839,-1.5289995066023851,-0.45487983789991987,0.5153690492440178,0.10616918016559995,16.590292186526465,3.686992841473457,31,18
Ecuador,ECU,2015,0.7654275576524521,-0.013521736974073065,1.3497816384176549,-0.7422916208195729,-0.4143235787469178,-0.1830947583149493,0.07165216842654056,0.08714982785589827,-0.5847396624171465,-0.023929691893144107,0.1047207564776448,-1.9555377028878216,-0.45487983789991987,0.5153690492440178,-0.15464325040762328,16.604601491624386,3.702124432834341,31,19
Ecuador,ECU,2016,0.7214257301173205,-0.23501918193805102,1.2517766331127218,-0.9545469042713141,-0.5166048146279543,-0.18167209879701976,-0.0606460192028523,0.04069299092101608,-0.5847396624171465,-0.023929691893144107,0.1047207564776448,-1.5289995066023851,-0.039797059058874096,0.5048912570509837,-0.15464325040762328,16.619182405511555,3.6878126683751,31,20
Ecuador,ECU,2017,0.8098066400049944,-0.1445132485413283,1.1824999384406383,-0.864819354940934,-0.5484659869300836,-0.18015734399750644,-0.06986653117724821,0.11872652078984762,-0.5847396624171465,-0.023929691893144107,0.3798179802366839,-1.5289995066023851,-0.039797059058874096,0.5415635297266035,-0.15464325040762328,16.63447701298995,3.6833123078642367,31,21
"Egypt, Arab Rep.",EGY,1996,-0.012925012417331566,0.15446731913282333,0.09601295153666957,-0.7678860100151769,-0.48895256961493916,0.11917631260766794,0.8698891814851465,0.20650883987298704,0.041101488814628474,1.183202376874821,0.1047207564776448,-0.24938312628385903,0.37528571978217107,-0.5097084616043556,0.7463451461180589,18.02062173154026,3.6917021722381116,32,0
"Egypt, Arab Rep.",EGY,1997,0.03007295646590321,0.3760589397396686,0.24521065009287926,-0.8613118868738349,-0.4543313674677698,0.12753486750207177,0.6980401020620438,0.16313960220275314,0.041101488814628474,1.183202376874821,0.5173665921162034,-0.24938312628385903,0.37528571978217107,-0.5097084616043556,0.6989247041956543,18.041347324662613,3.6965506830366066,32,1
"Egypt, Arab Rep.",EGY,1998,0.07404060325372094,-0.1584773071241881,0.24521065009287926,-0.9140041792893675,-0.43070234092240617,0.13653570749037094,0.6908768311311434,0.13352087062579454,0.041101488814628474,1.183202376874821,0.930012427754762,-0.24938312628385903,0.37528571978217107,-0.5097084616043556,0.6989247041956543,18.0631954002999,3.6998463536230553,32,2
"Egypt, Arab Rep.",EGY,1999,0.12524942894794389,-0.22299312036403313,0.4570108951849217,-1.0177846045087253,-0.447402733234271,0.14593018841261396,0.7343056851538236,0.11311544090011211,0.041101488814628474,1.183202376874821,0.930012427754762,-0.14274872650101808,0.37528571978217107,-0.5097084616043556,0.6989247041956543,18.085501041648662,3.6975181838444517,32,3
"Egypt, Arab Rep.",EGY,2000,0.18382354110948343,-0.4490237725936244,0.5199611846206081,-0.9986813921985941,-0.436285430658396,0.1552333838915181,0.555181966666394,0.30952841084070765,0.041101488814628474,1.183202376874821,0.930012427754762,-0.03611432671817715,0.37528571978217107,-0.5097084616043556,0.6989247041956543,18.107110239202743,3.699068628739333,32,4
"Egypt, Arab Rep.",EGY,2001,0.20406148757041667,-0.5974835842357368,0.5761959823059033,-0.975618497795265,-0.5622985828671428,0.1645747787258703,0.5547821362373763,0.3218084838903027,0.041101488814628474,0.5796363424908384,0.5173665921162034,0.07052037164170027,0.6520075723428682,-0.1822774555720396,0.6752144832344521,18.12834827514973,3.681352143781643,32,5
"Egypt, Arab Rep.",EGY,2002,0.20796472913108216,-0.5866787518517133,0.5555090026267122,-0.9413761327385064,-0.5210345280060539,0.17402551958736093,0.46272173846951165,0.46255013541706413,0.041101488814628474,-0.023929691893144107,0.1047207564776448,0.1771550700015777,0.9287294249035656,0.14515355046027645,0.41440205266122715,18.149385510845462,3.687188186405773,32,6
"Egypt, Arab Rep.",EGY,2003,0.2239024366724477,-0.7689710888476822,0.5442747835511735,-0.790262978395625,-0.6034440815829234,0.18363884143120512,0.3439620335324111,0.5283058418301384,0.041101488814628474,-0.023929691893144107,-0.4454736910404334,-0.24938312628385903,0.9287294249035656,0.14515355046027645,0.41440205266122715,18.17034004287379,3.67549875720517,32,7
"Egypt, Arab Rep.",EGY,2004,0.253944249698058,-0.757955070038011,0.5181623527921018,-0.45151047126156546,-0.3734506216913903,0.1933086375832441,0.36763972369100173,0.636689532269711,0.041101488814628474,-0.023929691893144107,-0.4454736910404334,-0.03611432671817715,0.9287294249035656,0.14515355046027645,0.41440205266122715,18.19098381609706,3.707786813569732,32,8
"Egypt, Arab Rep.",EGY,2005,0.2910462560658021,-0.573895583012277,0.5181623527921018,-0.3021385311381932,0.40873345644437514,0.20297644486782873,0.5770120125430332,0.5933099449944144,0.041101488814628474,-0.023929691893144107,-0.7205709147994724,0.6036938634410864,0.7903684986232175,-0.5097084616043556,0.41440205266122715,18.211205911117368,3.810392618027761,32,9
"Egypt, Arab Rep.",EGY,2006,0.36728567633573433,-0.4756010333900911,0.5181623527921018,-0.3438736882588983,1.0041690926239388,0.2125003748607008,0.6559019689065231,0.7609037963890678,0.041101488814628474,-0.023929691893144107,-0.7205709147994724,0.6036938634410864,0.9287294249035656,-0.2652264691370231,0.5566633784284414,18.230735045108954,3.882001238330481,32,10
"Egypt, Arab Rep.",EGY,2007,0.4523165535831616,-0.2184794903832124,0.5181623527921018,-0.24029062554367173,0.92031016439799,0.22188391105725191,0.6591632264194317,0.6698956248884417,0.041101488814628474,-0.023929691893144107,-0.032827855401874745,0.9235976599436816,0.9287294249035656,-0.2652264691370231,0.6752144832344521,18.249610366590566,3.8722211008037086,32,11
"Egypt, Arab Rep.",EGY,2008,0.5432239018293069,-0.04546672827530099,0.5181623527921018,-0.04813873526829237,0.37959194127709245,0.23134332195171717,0.7261157776520287,0.7657339849417238,0.041101488814628474,-0.023929691893144107,0.1047207564776448,1.243502053600349,1.0670903511839143,-0.26697311709560234,0.4144020526612283,18.268284407697465,3.8067528379725957,32,12
"Egypt, Arab Rep.",EGY,2009,0.5934061388619102,-0.45363626006899876,-0.008428498472651627,-0.48836673821447624,-0.025834647169734243,0.24109024328719547,0.8414206069173976,0.7326418676801412,0.041101488814628474,-0.023929691893144107,0.1047207564776448,1.243502053600349,1.3438122037446116,0.16960190687389212,0.4144020526612283,18.28716805972427,3.754690705946657,32,13
"Egypt, Arab Rep.",EGY,2010,0.6531938840369019,-0.41736948670117163,0.04630060830605563,-0.7391395955093893,-0.1381247753372009,0.25118008943653164,1.0697719292660315,0.7299745276403153,0.041101488814628474,-0.023929691893144107,-0.17037646728139427,1.243502053600349,1.205451277464263,0.02640506430935278,0.4144020526612283,18.306347571917446,3.7397785788053763,32,14
"Egypt, Arab Rep.",EGY,2011,0.6462501056385964,-0.7207307120583933,0.3289259614287376,-0.8171532211102368,-0.6922744535431462,0.2624760646030713,0.8214489899421912,0.7439429538734297,0.041101488814628474,-0.023929691893144107,-1.2707653623175506,1.243502053600349,0.37528571978217107,0.18007969906692625,0.15358962208800392,18.327392179306386,3.6627436292171915,32,15
"Egypt, Arab Rep.",EGY,2012,0.64541181865126,-0.9649483434248917,0.3458958700951347,-0.9493878128884681,-0.4779557852861766,0.2747900243075102,0.9938070005554538,1.019603386235951,0.041101488814628474,-0.023929691893144107,-1.2707653623175506,1.0302326568805948,0.09856386722147399,-0.1499707550136483,0.058748738243195986,18.349839758611708,3.693244761078763,32,16
"Egypt, Arab Rep.",EGY,2013,0.642618524781644,-1.1721427361899277,0.3776025159764276,-0.9592454968475393,-0.39785049699938024,0.28772690444428295,0.8959232017704079,1.0727070412762207,0.041101488814628474,-0.023929691893144107,-1.5458625860765898,0.3904244667213316,0.236924793501823,-0.37524328716388133,0.1298794011268022,18.372892394798654,3.7044104080902813,32,17
"Egypt, Arab Rep.",EGY,2014,0.6542941454446033,-1.2376757347737113,0.3586946910592042,-1.0597296124661613,-0.3879386404104073,0.3007980569529962,0.9369636678638381,1.0729885437491518,0.041101488814628474,-0.023929691893144107,-0.4454736910404334,0.6036938634410864,0.236924793501823,-0.8310272475608652,0.1298794011268022,18.39565679022458,3.7057833659718304,32,18
"Egypt, Arab Rep.",EGY,2015,0.6974746067551614,-1.091148784424172,0.3586946910592042,-1.1200938454305474,-0.28257480615798614,0.313116458858396,1.020778816014449,0.8006260012504769,0.041101488814628474,-0.023929691893144107,0.1047207564776448,0.1771550700015777,0.5136466460625201,-0.39095997545343253,0.1298794011268022,18.41664604549217,3.720262671634638,32,19
"Egypt, Arab Rep.",EGY,2016,0.7424240458142737,-0.9924763737711152,0.44472316378930865,-1.2539444309163381,-0.22291113264324422,0.3253071861916739,1.0466784229316328,0.4518940133310854,0.6669426400464034,-0.023929691893144107,0.1047207564776448,-0.4626525230036132,0.5136466460625201,-0.36825826699839553,0.1298794011268022,18.43699287478265,3.7283697466858277,32,20
"Egypt, Arab Rep.",EGY,2017,0.7858273248952415,-0.768731090437341,0.4693510763527077,-0.8876813981187369,-0.12622708890084536,0.33752304828400814,1.1888720617979411,0.6139615649819777,0.6669426400464034,-0.023929691893144107,0.1047207564776448,-0.4626525230036132,0.37528571978217107,-0.35952659887433014,0.1298794011268022,18.45697465897674,3.7413691651629124,32,21
Eritrea,ERI,1996,-0.3051310907582597,0.5985558848562793,-1.2465373105062274,1.2596052455338809,0.2829739456649927,-0.26728078445349074,-0.659262231471072,-0.6800995746911087,1.9186249425099533,-0.023929691893144107,-1.2707653623175506,-0.889191316443122,0.6520075723428688,-1.1645704736689877,0.1298794011268022,14.570911620610332,3.794589572481966,33,0
Eritrea,ERI,1998,-0.3051310907582597,1.1681750661110055,-1.1279855235989802,0.6283887888246907,-0.6548680569297766,-0.26697140837986577,-0.6708460152973394,-0.6488439457616255,1.9186249425099533,-0.023929691893144107,-1.2707653623175506,-0.889191316443122,0.6520075723428688,-1.1645704736689877,0.1298794011268022,14.59502807675907,3.668134646558942,33,1
Eritrea,ERI,2000,-0.3051310907582597,-0.0795764718742759,-0.6573090281086302,-0.15870409314342587,0.04469740552940406,-0.26657475437127554,-0.6714158331526788,-0.6588417496809903,1.9186249425099533,-0.023929691893144107,-1.2707653623175506,-0.889191316443122,0.30610525664199734,-1.1645704736689877,0.1298794011268022,14.625120792276563,3.7639449162430054,33,2
Eritrea,ERI,2002,-0.3051310907582597,0.8361810722983276,-0.6115233392404466,0.09473760672753175,-0.10162539298276674,-0.2657056847953475,-0.6551748151576836,-0.657741940150185,1.9186249425099533,1.183202376874821,0.1047207564776448,-0.6403769207443966,0.6520075723428688,-1.1645704736689877,0.1298794011268022,14.688049591256517,3.744650131596167,33,3
Eritrea,ERI,2003,-0.3051310907582597,0.4718058428040431,-0.5825379619859888,0.019586914461201026,-0.1458135144997652,-0.2651047074066343,-0.6639439611199662,-0.6140689715818923,1.9186249425099533,1.183202376874821,0.1047207564776448,-0.6403769207443966,0.6520075723428688,-1.1645704736689877,0.1298794011268022,14.729359912099552,3.738749333776855,33,4
Eritrea,ERI,2004,-0.3051310907582597,-0.28981688285276513,-0.5798967981292473,-0.22594246650459207,-0.2700071241131091,-0.26448315059899213,-0.6595931643395472,-0.6210751335262055,1.7732275235641028,1.0612699666085688,0.038030587105083086,-0.4920940102131457,0.6520075723428688,-0.8139877380069439,0.1298794011268022,14.770362169965155,3.721975835656148,33,5
Eritrea,ERI,2005,-0.3051310907582597,-0.2805385084126051,-0.42827041462536547,-0.3558783353332043,-0.6328080888805248,-0.26410841581525063,-0.676899408327935,-0.5500923752715513,1.9186249425099533,1.183202376874821,0.1047207564776448,-0.6403769207443966,0.6520075723428688,-1.1645704736689877,0.1298794011268022,14.794293719157062,3.6713003629662517,33,6
Eritrea,ERI,2006,-0.3051310907582597,-1.0879097919298202,-0.3733612316265117,-0.8170015457531997,-0.4305148974562897,-0.2638566097133282,-0.6877438269481405,-0.7430348086618949,0.041101488814628474,-0.023929691893144107,0.1047207564776448,-1.9555377028878216,-1.0083235430213147,-0.9794629862219221,0.1298794011268022,14.810058897476228,3.6998724540225867,33,7
Eritrea,ERI,2007,-0.3051310907582597,-1.210081659209154,-0.48127004511824145,-1.1284281151606348,-0.5588532994635222,-0.263620089308278,-0.6886706844841965,-0.6559571700108613,0.041101488814628474,-0.023929691893144107,0.1047207564776448,-1.9555377028878216,-1.0083235430213147,-0.9794629862219221,0.1298794011268022,14.82464406446432,3.6818407211032746,33,8
Eritrea,ERI,2008,-0.3051310907582597,-1.2052355972111726,-0.4357004201374722,-1.2447947997918845,-0.15416314876528173,-0.26318477147818753,-0.6848040775696731,-0.09458769950086075,0.041101488814628474,-0.023929691893144107,0.1047207564776448,-1.9555377028878216,-1.1466844693016627,-1.4160374863018064,0.1298794011268022,14.850944466749846,3.7376304175643575,33,9
Ethiopia,ETH,1996,-1.18142052666912,1.1464466472603974,-1.8932238333926117,-0.7305084319677673,-0.6115019800457294,0.07415637441263351,-1.5092772987202354,-1.4621270250480236,-1.2105808136489213,-1.2310617606611092,-0.7205709147994724,-1.7422683061680675,-1.2850453955820114,-1.1645704736689877,0.4144020526612283,17.900942789757654,3.6743484122183596,34,0
Ethiopia,ETH,1997,-1.1815676359979244,1.1464466472603974,-1.8932238333926117,-0.7305084319677673,-0.07402529893668422,0.08569004305873987,-1.5113609236312358,-1.2649967233010124,-1.2105808136489213,-1.2310617606611092,-0.7205709147994724,-1.7422683061680675,-1.2850453955820114,-1.1645704736689877,0.4144020526612283,17.93299433175192,3.7483182072883383,34,1
Ethiopia,ETH,1998,-1.189504198248894,1.1464466472603974,-1.8932238333926117,-0.7305084319677673,-0.07828718494091745,0.09735519728047347,-1.5149814963197008,-1.316494135172101,-1.2105808136489213,-1.2310617606611092,-0.7205709147994724,-1.7422683061680675,-1.2850453955820114,-1.1645704736689877,0.4144020526612283,17.964398938392602,3.747752676719821,34,2
Ethiopia,ETH,1999,-1.1872831939819877,1.1464466472603974,-1.8127977741629175,-0.7305084319677673,-0.498507031858801,0.10933030518105079,-1.5132382040200067,-1.2655983879136377,-1.2105808136489213,-1.2310617606611092,-0.7205709147994724,-1.7422683061680675,-1.2850453955820114,-1.1645704736689877,0.4144020526612283,17.995643780518122,3.6903599724666276,34,3
Ethiopia,ETH,2000,-1.1839141400124527,1.1464466472603974,-1.7710296050699317,-0.7305084319677673,-0.36587174485262214,0.12145961581096294,-1.4978166361240879,-1.306322935750302,-1.2105808136489213,-1.2310617606611092,-0.7205709147994724,-1.7422683061680675,-1.2850453955820114,-1.1645704736689877,0.4144020526612283,18.02632611030214,3.7088332470305754,34,4
Ethiopia,ETH,2001,-1.1777933861264915,1.1464466472603974,-1.6665079411700503,-0.7305084319677673,0.09783372140314438,0.1338231542891291,-1.4781117612018297,-1.2630922375397111,-1.2105808136489213,-1.2310617606611092,-0.7205709147994724,-1.7422683061680675,-1.2850453955820114,-1.1645704736689877,0.4144020526612283,18.05666122309009,3.770860577654865,34,5
Ethiopia,ETH,2002,-1.179734388712347,1.1464466472603974,-1.599606385116727,-0.7305084319677673,-0.07915817055842636,0.14661237590414886,-1.4613603601372267,-1.1952255301281416,-1.2105808136489213,-1.2310617606611092,-0.7205709147994724,-1.7422683061680675,-1.2850453955820114,-1.1645704736689877,0.4144020526612283,18.08710157038558,3.7476370619940074,34,6
Ethiopia,ETH,2003,-1.186076338728997,1.1464466472603974,-1.586129555258206,-0.7305084319677673,0.3015827006735446,0.15969570576000025,-1.4472134042668092,-1.181923492909278,-1.2105808136489213,-1.2310617606611092,-0.7205709147994724,-1.7422683061680675,-1.2850453955820114,-1.1645704736689877,0.4144020526612283,18.11731179327751,3.7969437655189764,34,7
Ethiopia,ETH,2004,-1.1739456359055043,1.1464466472603974,-1.51708170024409,-0.7305084319677673,0.29950381965467815,0.173061270198887,-1.4215465618016085,-1.1997986520510184,-1.2105808136489213,-1.2310617606611092,-0.4454736910404334,-1.5289995066023851,-1.2850453955820114,-1.1645704736689877,0.4144020526612283,18.147259264171065,3.7966810411673446,34,8
Ethiopia,ETH,2005,-1.16276060318564,1.1464466472603974,-1.431134119408948,-0.7305084319677673,-0.2763204918254703,0.18669908915537953,-1.3993719286052633,-1.2747128210449532,-1.2105808136489213,-1.2310617606611092,-0.4454736910404334,-1.5289995066023851,-1.1466844693016627,-0.5097084616043556,0.4144020526612283,18.176919488507085,3.721115595572824,34,9
Ethiopia,ETH,2006,-1.151931654325128,1.1464466472603974,-1.3001905101288862,-0.7305084319677673,-0.02230362507568084,0.20060937104373197,-1.3864020855317578,-1.291130610356469,0.041101488814628474,-0.023929691893144107,-0.9956681385585116,-0.4626525230036132,-0.3165189116195712,-0.12203015046209338,0.4144020526612283,18.206292391288425,3.75515603835729,34,10
Ethiopia,ETH,2007,-1.1393428455814112,1.1464466472603974,-1.1999310752474692,-0.7305084319677673,-0.455912713783759,0.21489900855757615,-1.3714394730380877,-1.29136615197325,0.041101488814628474,-0.023929691893144107,-0.9956681385585116,-0.4626525230036132,-0.3165189116195712,-0.12203015046209338,0.390691831700026,18.235593983504305,3.6963297356970912,34,11
Ethiopia,ETH,2008,-1.1267257320639146,1.1464466472603974,-1.161632131067955,-0.7305084319677673,-0.5847425206233092,0.22943114498821957,-1.3575431733085273,-1.4068771568068577,0.041101488814628474,-0.023929691893144107,-0.9956681385585116,-0.24938312628385903,-0.3165189116195712,-0.15695629906874378,0.5566633784284414,18.264537552057362,3.678163502046063,34,12
Ethiopia,ETH,2009,-1.116477912098083,1.1464466472603974,-1.1494117671788704,-0.7305084319677673,-0.5347124443071372,0.24410331793360532,-1.3431530749843148,-1.4506017235563564,0.041101488814628474,-0.023929691893144107,-0.9956681385585116,-0.24938312628385903,-0.3165189116195712,-0.15695629906874378,0.5566633784284414,18.292934152767867,3.68525746765959,34,13
Ethiopia,ETH,2010,-1.0987720631220832,1.1464466472603974,-1.098850128788998,-0.7305084319677673,-0.4849364807580321,0.2591739193860884,-1.3217425512881285,-1.4713499840611937,0.041101488814628474,-0.023929691893144107,-0.9956681385585116,-0.24938312628385903,-0.3165189116195712,-0.3036453897712218,0.5566633784284414,18.321285898247123,3.69226581041887,34,14
Ethiopia,ETH,2011,-1.0821672438620653,1.1464466472603974,-1.0482812515005346,-0.7305084319677673,-0.30658803048781624,0.2747243380892799,-1.2993516085740433,-1.4521755398813252,0.041101488814628474,-0.023929691893144107,-0.9956681385585116,-0.6759219197233678,-0.3165189116195712,-0.28443592945412227,0.5566633784284414,18.349721343686003,3.716981124214443,34,15
Ethiopia,ETH,2012,-1.069605187894197,1.7515571494544042,-0.9842153443793913,-0.8130129091458087,-0.5417368913448376,0.2904971109829291,-1.2808681854836896,-1.4679238730248585,0.041101488814628474,-0.023929691893144107,-0.7205709147994724,-1.1024607131628763,-0.45487983789991987,-0.2966598457161254,0.3669816107388232,18.377760382733136,3.6842644747683164,34,16
Ethiopia,ETH,2013,-1.0516950389781774,1.3857423839903198,-0.9842153443793913,-0.9272699359050732,-0.15510288728014288,0.30621740516737106,-1.2582557059955628,-1.3452467729428785,0.041101488814628474,-0.023929691893144107,-0.7205709147994724,-1.5289995066023851,-0.1781579853392228,-0.27745090928863647,0.4618224945836323,18.4049451056335,3.737504406843703,34,17
Ethiopia,ETH,2014,-1.0331242283421374,1.8601751265970254,-0.9842153443793913,-0.9485346975370016,-0.06359887244513736,0.32215727865534344,-1.2939579200928324,-1.1341513664392397,0.041101488814628474,-0.023929691893144107,-0.7205709147994724,-1.3157301098826306,0.09856386722147399,-0.2966598457161254,0.5566633784284414,18.431775083544263,3.7497003941836287,34,18
Ethiopia,ETH,2015,-1.0128389337248442,2.1848477281743186,-1.0676362930451118,-0.9801089733595942,0.09508212923389293,0.33854176524914353,-1.3297509418187206,-0.8980177898546464,0.041101488814628474,-0.023929691893144107,-0.7205709147994724,-1.3157301098826306,0.09856386722147399,-0.27745090928863647,0.5566633784284414,18.458623101896155,3.7705036312572164,34,19
Ethiopia,ETH,2016,-0.9938357086503418,1.7819686392557879,-1.0676362930451118,-1.118549177199843,0.4184469366355081,0.3555187557035505,-1.3618090720919211,-0.42726862914207275,0.6669426400464034,-0.023929691893144107,-0.9956681385585116,-1.3157301098826306,0.09856386722147399,-0.3176154301021937,0.5566633784284414,18.485701926715073,3.811602895383928,34,20
Ethiopia,ETH,2017,-0.9732574058734272,1.9147727303359412,-1.0676362930451118,-1.2290012757552775,0.27819096713960495,0.373075090147085,-1.3952608458624414,-0.28947632641673476,0.041101488814628474,-0.023929691893144107,-0.9956681385585116,-0.889191316443122,0.236924793501823,-0.349048806681296,0.5566633784284414,18.512954336169543,3.793983581623201,34,21
Fiji,FJI,1996,0.03092240896530496,-0.09145487439041167,0.47994538052137425,-0.16305872309946667,-1.258150329790647,-0.2751688173729235,0.17047029118950807,-0.5242295255292547,1.9186249425099533,1.7867684112588034,1.7553040990318793,0.6036938634410864,1.3438122037446116,1.1274465685572246,0.1298794011268022,13.597093320014151,3.577431495364466,35,0
Fiji,FJI,1998,-0.011203038274554787,-0.09145487439041167,0.47994538052137425,-0.16305872309946667,-0.4375244453292206,-0.2750588401483295,0.48478361270314635,-0.5085993655875123,1.9186249425099533,1.7867684112588034,1.7553040990318793,0.6036938634410864,1.3438122037446116,1.1274465685572246,0.1298794011268022,13.619810709567563,3.698895951847534,35,1
Fiji,FJI,2000,0.04801929366033039,-0.09145487439041167,0.4412846982380689,-0.16305872309946667,-0.6496940702436892,-0.2749477791696137,0.46118860188468913,-0.6231959868001946,1.9186249425099533,1.7867684112588034,1.2051096515138011,0.354879467742361,0.6520075723428688,-0.5097084616043556,0.1298794011268022,13.642239917770734,3.6688780397979817,35,2
Fiji,FJI,2002,0.09078432647760656,-0.09145487439041167,0.45669679592803525,-0.16305872309946667,-0.35884247574272143,-0.2748457157319863,0.4399974620238562,-0.5970258579215015,1.9186249425099533,1.7867684112588034,1.2051096515138011,1.3501364533831905,1.3438122037446116,0.47258455649259246,0.1298794011268022,13.662417651830449,3.7098028170369046,35,3
Fiji,FJI,2003,0.09133765941578675,-0.09145487439041167,0.5175280873918909,-0.16305872309946667,-0.3447858279898495,-0.27479666692593396,0.41881168275738834,-0.701018912514582,1.2927837912781783,1.7867684112588034,1.2051096515138011,0.6036938634410864,1.3438122037446116,0.14515355046027645,0.1298794011268022,13.671971541416795,3.711738881272961,35,4
Fiji,FJI,2004,0.15174535900291267,-0.09145487439041167,0.6185472619157331,-0.16305872309946667,0.9873239516663809,-0.27474855300667905,0.4302411167670122,-0.6086363245163052,1.368643248901284,1.3539077512475737,1.1939944032072616,-0.08996986100546393,1.3787516582926302,0.5089655465452451,0.1298794011268022,13.681255474967603,3.8800443178642103,35,5
Fiji,FJI,2005,0.14862161750248382,-0.09145487439041167,0.6185472619157331,-0.16305872309946667,0.3745410213032416,-0.2747008380518536,0.41968865048408754,-0.8852243370724138,0.6669426400464034,1.7867684112588034,1.4802068752728401,0.6036938634410864,1.6897145194454832,0.8000155625249085,0.1298794011268022,13.690378081206722,3.80612062794001,35,6
Fiji,FJI,2006,0.16226780897714016,-0.09145487439041167,0.5905612663179552,-0.16305872309946667,2.715055344252106,-0.27465328387373855,0.28619477824012957,-0.909370541096416,0.6669426400464034,1.7867684112588034,1.4802068752728401,0.6036938634410864,1.6897145194454832,1.145782704895034,0.1298794011268022,13.699387893129048,4.063123229426467,35,7
Fiji,FJI,2007,0.13769158045817728,-0.09145487439041167,0.5724466464879667,-0.16305872309946667,1.7842630934685813,-0.2746088201812786,0.14257630240619704,-0.9662699728414101,0.6669426400464034,1.183202376874821,1.2051096515138011,0.354879467742361,0.9979098880437403,1.145782704895034,0.1298794011268022,13.707739361170393,3.9686704211874546,35,8
Fiji,FJI,2008,0.1436085026993167,-0.09145487439041167,0.5721173800149888,-0.16305872309946667,2.7675444720437454,-0.2745756704054751,0.02645891055644031,-0.9157039781230716,0.6669426400464034,0.5796363424908384,0.930012427754762,-0.39156312219974315,0.9979098880437403,0.8576434195865962,0.1298794011268022,13.71392070220264,4.068192919331687,35,9
Fiji,FJI,2009,0.11748830452769564,-0.09145487439041167,0.5743662645100788,-0.16305872309946667,1.251684568781755,-0.274552804384443,-0.10629994032268653,-0.8662696769244917,0.6669426400464034,0.5796363424908384,0.6549152039957229,-0.6403769207443966,0.30610525664199734,0.8576434195865962,0.1298794011268022,13.718162302694372,3.9103224369484395,35,10
Fiji,FJI,2010,0.15439630058135648,-0.09145487439041167,0.5743662645100788,-0.16305872309946667,0.35117867598136754,-0.2745338684607759,-0.20120114839518466,-0.8416436342325638,0.6669426400464034,1.183202376874821,0.6549152039957229,-0.39156312219974315,0.30610525664199734,0.07704790120555464,0.1298794011268022,13.721661310478456,3.803191215083227,35,11
Fiji,FJI,2011,0.18964981339850137,-0.09145487439041167,0.7403234610803532,-0.16305872309946667,0.3643938918180109,-0.27451856489982474,-0.3071472940517858,-0.8048209397502764,1.2927837912781783,1.183202376874821,0.930012427754762,-0.14274872650101778,0.30610525664199734,0.10324238168813994,0.1298794011268022,13.724480206614603,3.804849329782317,35,12
Fiji,FJI,2012,0.2075452662325787,-0.09145487439041167,0.6758633442246023,-0.16305872309946667,0.5838539231595932,-0.27450707829707194,-0.4343468373081989,-0.8624971631331386,1.2927837912781783,1.183202376874821,0.930012427754762,-0.14274872650101778,0.30610525664199734,0.10324238168813994,0.1298794011268022,13.726590815748962,3.8319905130341194,35,13
Fiji,FJI,2013,0.2766620566665932,-0.09145487439041167,0.6758633442246023,-0.16305872309946667,0.3772542701430363,-0.27449853926734274,-0.5226465269843475,-0.8947244390757028,1.2927837912781783,1.183202376874821,0.930012427754762,-0.14274872650101778,0.30610525664199734,0.07180900510903758,0.1298794011268022,13.728156940598906,3.806460287664785,35,14
Fiji,FJI,2014,0.3630326732526088,-0.09145487439041167,0.8941030972790553,-0.16305872309946667,0.7255736338662614,-0.27449119713090203,-0.6218220131348129,-1.005373723448889,2.1272388264781847,1.9879572503377398,1.571905803140667,1.2671983214836156,1.5744139320264274,1.1195882244124487,0.1298794011268022,13.72950158748823,3.849133849464282,35,15
Fiji,FJI,2015,0.43621890036564004,-0.09145487439041167,0.8815173076939323,-0.16305872309946667,0.12291386610541992,-0.2744852841207758,-0.7169828323160504,-0.9921316751557627,2.1272388264781847,1.9879572503377398,1.571905803140667,1.2671983214836156,1.5744139320264274,1.1614993931845852,0.1298794011268022,13.73058318973727,3.774108204067438,35,16
Fiji,FJI,2016,0.47765600754886944,-0.09145487439041167,0.9301420286947958,-0.16305872309946667,0.7546141785042947,-0.27448178276130525,-0.8071695181429192,-0.9059634275400159,2.1272388264781847,1.9879572503377398,1.571905803140667,1.2671983214836156,1.5744139320264274,1.1353049127019998,0.1298794011268022,13.731223104088945,3.852610790382704,35,17
Fiji,FJI,2017,0.5739066076228926,-0.09145487439041167,0.9301420286947958,-0.16305872309946667,0.6297670258137303,-0.2744842063213469,-0.7927934663843129,-0.9484568463314835,2.1272388264781847,1.9879572503377398,1.3273751821079423,1.2671983214836156,1.5744139320264274,1.245321730728858,0.1298794011268022,13.73078021380369,3.837576707982288,35,18
Fiji,FJI,2018,0.6488851966091521,-0.09145487439041167,1.0349150206697493,-0.16305872309946667,0.8357899843062768,-0.27449360878155776,-0.7834297653200459,-0.9615506883152114,2.1272388264781847,2.792711640947832,1.571905803140667,1.2671983214836156,1.8818823496251436,1.245321730728858,0.1298794011268022,13.729060114531087,3.8622660968437668,35,19
"Micronesia, Fed. Sts.",FSM,2004,-0.7699488642754526,-0.09145487439041167,0.7924614558154219,0.6458026393509507,0.48699113110937814,-0.27928865507482803,-0.02653174656277961,-1.7542058679135866,1.7732275235641028,1.3539077512475737,1.7052865820413476,1.257145232682275,2.161399646340409,1.5144102942719213,0.1298794011268022,11.625593217623642,3.8201019591722045,36,0
"Micronesia, Fed. Sts.",FSM,2005,-0.7550533302366911,-0.09145487439041167,0.8603813525455359,0.6114454981582269,0.48699113110937814,-0.27929170983232526,-0.02653174656277961,-1.8280348968836442,1.2927837912781783,1.183202376874821,2.3054985465499573,1.847764647626569,2.7274214665480976,2.1097395866541726,0.1298794011268022,11.620999296255672,3.8201019591722045,36,1
Gabon,GAB,1996,2.3632817455556445,0.09809033501127053,-0.6437740802357186,0.6500211714061701,-1.5451331394300294,-0.27309523845628175,-1.0125581878724417,2.3658807324112967,-1.2105808136489213,-1.2310617606611092,-1.2707653623175506,-0.24938312628385903,-1.1466844693016627,-1.8194324857336197,0.41440205266122715,13.957024009030413,3.531214714508021,37,0
Gabon,GAB,1997,2.477171591705704,0.9090898044910345,-0.6292008674794225,0.733408376648888,-1.0383680477674653,-0.2729200275701237,-0.9915551394309798,2.2227045614378547,-0.8976602380330339,-1.2310617606611092,-0.9956681385585116,-0.24938312628385903,-0.9391430798811399,-1.8194324857336197,0.058748738243195986,13.982244591416515,3.611435840769142,37,1
Gabon,GAB,1998,2.510852649907219,1.9109060627044323,-0.6292008674794225,0.6588646738195489,-0.13072373038154686,-0.27273961823699666,-0.9833214969410744,1.3446268276313866,-0.5847396624171465,-1.2310617606611092,-0.7205709147994724,-0.24938312628385903,-0.731601690460617,-1.8194324857336197,-0.4391659019420505,14.007565425364536,3.740768312323159,37,2
Gabon,GAB,1999,2.082577969858762,0.4262883985341644,-0.6904576682965488,0.7099869069194065,-0.31528959791384414,-0.27255335544067316,-0.971393943173197,1.8186507737285456,-0.271819086801259,-1.2310617606611092,-0.30792507916091383,-0.24938312628385903,-0.38569937475974553,-1.4920014797013037,-0.4391659019420505,14.033052046988223,3.715789341075841,37,3
Gabon,GAB,2000,1.9339699269178272,-0.09105959271357415,-0.6904576682965488,0.8255348709797751,0.3159671847454067,-0.27235949445611085,-0.9447268431377699,2.440169894538331,0.041101488814628474,-1.2310617606611092,0.1047207564776448,-0.24938312628385903,-0.039797059058874096,-1.1645704736689877,-0.4391659019420505,14.058906047384149,3.79875975588011,37,4
Gabon,GAB,2001,1.9172010455788506,0.011176934313782083,-0.536078435071974,0.29986009079143117,-1.0116429356542092,-0.272156933665109,-0.930444894089058,1.7262791273290155,0.041101488814628474,-1.2310617606611092,0.1047207564776448,-0.14274872650101808,-0.039797059058874096,-1.1645704736689877,-0.4391659019420505,14.085224669090543,3.615492952440313,37,5
Gabon,GAB,2002,1.8242473313561094,0.29749616200842033,-0.5065346284977692,0.33246772134309993,-0.6520884916976412,-0.27194526814854525,-0.9161038043540016,1.6933288636616919,0.041101488814628474,-1.2310617606611092,0.1047207564776448,-0.03611432671817715,-0.039797059058874096,-1.1645704736689877,-0.4391659019420505,14.112005681147911,3.6685340804102826,37,6
Gabon,GAB,2003,1.8084356814319649,-0.001722390890919392,-0.5065346284977692,0.20277638014767527,-0.384161118509396,-0.27172366424940264,-0.8925127458840472,1.670229150564193,0.041101488814628474,-1.2310617606611092,0.1047207564776448,-0.03611432671817715,-0.039797059058874096,-1.1645704736689877,-0.4391659019420505,14.139296230801866,3.706306120226489,37,7
Gabon,GAB,2004,1.7433361948007824,-0.1402954166209075,-0.5065346284977692,0.2454084311762148,0.06159574977327294,-0.2714898889578149,-0.8652000857199542,2.0429482705975546,0.041101488814628474,-1.2310617606611092,-0.17037646728139427,-0.03611432671817715,-0.039797059058874096,-1.1645704736689877,-1.0082112050109016,14.167300590125356,3.766149416878773,37,8
Gabon,GAB,2005,1.7353366775912913,-0.2026836730603697,-0.5065346284977692,0.3089103567575202,-0.05153544121065158,-0.2712404706877763,-0.8310860346317895,2.7465382236566493,0.041101488814628474,-1.2310617606611092,0.1047207564776448,-0.03611432671817715,-0.039797059058874096,-1.1645704736689877,-1.2927338565453277,14.196338651936443,3.751297211538805,37,9
Gabon,GAB,2006,1.562170748078092,0.06264161608270562,-0.5065346284977692,0.44568321304074415,-0.19546829386197498,-0.27097345034529746,-0.8121526293785257,2.708438876335013,0.041101488814628474,-0.023929691893144107,0.3798179802366839,-0.6759219197233678,-0.5932407641802689,-0.907864564939652,-1.2927338565453277,14.226518940365919,3.7320767143026385,37,10
Gabon,GAB,2007,1.6408747697299169,0.12027644174584715,-0.5065346284977692,0.34333425981694216,0.27762709883743064,-0.2706882205516946,-0.7756470382792711,2.5209573850702895,0.041101488814628474,-0.023929691893144107,0.5173665921162034,-0.4626525230036132,-0.3165189116195712,-0.6895770529549047,-1.2927338565453277,14.257781928322053,3.793912116781243,37,11
Gabon,GAB,2008,1.4531504819160708,0.28772759949605586,-0.5065346284977692,0.45585322095269065,0.13494898250058465,-0.27038490040082735,-0.7471397582392187,2.89855754256303,0.041101488814628474,-0.023929691893144107,0.6549152039957229,-0.24938312628385903,0.09856386722147399,0.014181148047349913,-0.7711089953988806,14.289989159568977,3.7756628935451975,37,12
Gabon,GAB,2009,1.3663639976869808,0.8337065270813953,-0.5065346284977692,0.2959594088352007,0.2759132053611396,-0.27006107824204,-0.7269815124261668,1.9549112839668787,0.041101488814628474,-0.023929691893144107,-0.17037646728139427,-0.24938312628385903,-0.039797059058874096,-0.42239335203253486,-0.6881232220346724,14.323265672538021,3.79369486603599,37,13
Gabon,GAB,2010,1.4587405223375098,1.061508090485864,-0.5065346284977692,0.4604742976265366,-0.008599953257640557,-0.2697137826835369,-0.6699196990442154,2.3513852327166744,0.041101488814628474,-0.023929691893144107,0.3798179802366839,-0.24938312628385903,-0.039797059058874096,-0.371751039025943,-0.08351258752401705,14.357765078913914,3.7569599157227382,37,14
Gabon,GAB,2011,1.5515765928535707,0.7308428678375787,-0.5065346284977692,0.4994914896429529,0.43968026982201674,-0.26934396052150145,-0.613197060740229,2.8266440329934177,0.041101488814628474,-0.023929691893144107,0.3798179802366839,-0.24938312628385903,-0.039797059058874096,-0.33857101448826193,-0.13093302944642216,14.39323903064084,3.814243430397963,37,15
Gabon,GAB,2012,1.5959155901759705,0.6165050032878546,-0.5065346284977692,0.5531677469173304,0.044553280513612535,-0.26895747712851614,-0.5639280803551391,2.654827402626051,0.041101488814628474,-0.023929691893144107,0.3798179802366839,-0.24938312628385903,0.09856386722147399,0.11197404981220445,-0.29690457617483745,14.42901370137103,3.7639260932656513,37,16
Gabon,GAB,2013,1.6534881971421818,0.8842532637655077,-0.5065346284977692,0.5034685054688005,-0.32893081740353813,-0.2685634550942218,-0.5122834799410297,2.469695926552298,0.041101488814628474,-0.023929691893144107,0.3798179802366839,-0.24938312628385903,0.09856386722147399,0.14689967452924546,-0.29690457617483745,14.46421461227973,3.713918150495945,37,17
Gabon,GAB,2014,1.6792185145813274,1.5814541008930147,-0.5065346284977692,0.005399930451638516,0.5762149268825715,-0.2681743754550984,-0.46272274818179476,2.145013915559995,0.041101488814628474,-0.023929691893144107,0.3798179802366839,-0.6759219197233678,0.09856386722147399,0.14689967452924546,-0.29690457617483745,14.497798995189344,3.831058049618198,37,18
Gabon,GAB,2015,1.699906272929075,0.7976241094808575,-0.5065346284977692,0.01789776430124076,-0.6044575047707651,-0.2678016712216621,-0.4152095042790267,1.7658414605118053,0.041101488814628474,-0.023929691893144107,-0.17037646728139427,-0.6759219197233678,0.09856386722147399,0.14689967452924546,-0.29690457617483745,14.528945542220939,3.6753541537133514,37,19
Gabon,GAB,2016,1.676114435876944,0.524953059799074,-0.5065346284977692,-0.09316631009186822,0.918857159335543,-0.2674484566983398,-0.3680559180995651,1.5030317867481375,0.041101488814628474,-0.023929691893144107,-0.17037646728139427,-0.6759219197233678,0.09856386722147399,0.14340742639130682,-0.29690457617483745,14.557594082485055,3.87205079665686,37,20
Gabon,GAB,2017,1.6116199028017002,-0.16449177135495532,-0.5065346284977692,0.05046147128084903,0.9070332348573932,-0.26711145680399406,-0.3143141820515661,1.5389102873747629,0.041101488814628474,-0.023929691893144107,-0.17037646728139427,-0.6759219197233678,0.09856386722147399,0.12070519404666016,-0.29690457617483745,14.584183027238714,3.870663856062118,37,21
Georgia,GEO,1996,-0.6576689673798282,-0.49564651359446593,0.523981048420114,-0.8043218096162642,0.3615229444515697,-0.25320844559576666,-0.9176245892368379,-0.33475437602895486,-0.5847396624171465,-0.023929691893144107,-0.9956681385585116,-0.39156312219974315,-1.0775040061614884,0.47258455649259246,0.1298794011268022,15.317741807213967,3.8044893453654547,38,0
Georgia,GEO,1997,-0.5662799904870623,-0.5086079858952818,0.551337742433854,-0.4534556139283843,0.570738500132319,-0.254052737694217,-0.933123854450256,-0.40325275666916666,-0.5847396624171465,-0.023929691893144107,-0.9956681385585116,-0.39156312219974315,-1.0775040061614884,0.47258455649259246,0.1298794011268022,15.285666632754493,3.8303890273822874,38,1
Georgia,GEO,1998,-0.5243031497944896,0.35169470138629255,0.551337742433854,-0.5752872395980105,0.6478277942636017,-0.25468575728584,-0.9628544683074796,-0.4383729422530413,-0.5847396624171465,-0.023929691893144107,-0.9956681385585116,-0.39156312219974315,-1.0775040061614884,0.47258455649259246,0.1298794011268022,15.260924408757294,3.8397656174818575,38,2
Georgia,GEO,1999,-0.4852371736786621,0.43101745339788067,0.6541063863920159,-0.4709513643373533,-0.13399746104121146,-0.25520033207945564,-1.064640883151798,-0.48591165061848374,-0.5847396624171465,0.27785332529884715,-0.9956681385585116,-0.26715592435038027,-1.0775040061614884,0.47258455649259246,0.1298794011268022,15.240350644869334,3.740330640773063,38,3
Georgia,GEO,2000,-0.4537663662424759,0.3388376594947726,0.7226795764843449,-0.31061444424175244,0.10761567480929504,-0.2556770707538948,-1.014259816076904,-0.5053870117090924,-0.5847396624171465,0.5796363424908384,-0.9956681385585116,-0.14274872650101778,-1.0775040061614884,0.47258455649259246,0.1298794011268022,15.220904358024884,3.7721284971119973,38,4
Georgia,GEO,2001,-0.3989137249038739,0.5555891848729659,0.8345149064547205,-0.2911590423161037,-0.04991784134000001,-0.25605077537575127,-1.0929204566239827,-0.5439082693591741,-0.5847396624171465,0.5796363424908384,-0.9956681385585116,-0.14274872650101778,-1.0775040061614884,0.47258455649259246,0.1298794011268022,15.205391977889382,3.7515111369336522,38,5
Georgia,GEO,2002,-0.3407168256774744,0.22211358356331262,0.9594185855775053,-0.049637471882450386,0.18284657761582812,-0.25626429875652396,-1.2483206934923425,-0.3600301141216768,-0.5847396624171465,0.5796363424908384,-0.9956681385585116,-0.14274872650101778,-1.0775040061614884,0.47258455649259246,0.1298794011268022,15.196419443407827,3.781826436632412,38,6
Georgia,GEO,2003,-0.2268681446877786,0.5698537299771701,1.10555167918044,0.12509696656543043,0.8340107163786119,-0.25642375947975754,-1.2622876962624918,-0.24741044742233814,0.6669426400464034,0.5796363424908384,-0.7205709147994724,0.354879467742361,-0.731601690460617,1.1274465685572246,0.1298794011268022,15.189665787052444,3.862055461324907,38,7
Georgia,GEO,2004,-0.1573463190340959,0.6679812935955943,0.9846987498244721,0.16605393127194748,1.0512365504233205,-0.2565690301696268,-1.1960160245696605,-0.2398629565012618,0.29951180083114937,-0.129314252907898,0.6690226297856443,0.014955483823445815,-0.44643871450940836,0.7014965497610761,0.1298794011268022,15.183473164524123,3.887448909855417,38,8
Georgia,GEO,2005,-0.03928321506959876,0.7437822504281523,1.1691180333570255,0.3257893266116114,0.5991411789349742,-0.2567171293386601,-1.125971424479797,-0.27476011605729567,0.8163344275558748,-0.09557636014431589,1.0762351852160725,0.12974282815067115,-0.02350921081715161,0.734699625441582,0.1298794011268022,15.17712024396229,3.833853963544688,38,9
Georgia,GEO,2006,0.08783677660248741,0.4317214831310635,1.2718273872886463,0.45953464872358957,2.0297782216774243,-0.25684885905669935,-1.2054097132503743,-0.44549106152949686,0.6669426400464034,-0.023929691893144107,-0.17037646728139427,1.4567708531660315,0.236924793501823,0.3459777261968932,0.1298794011268022,15.171435398299133,3.9944632564147833,38,10
Georgia,GEO,2007,0.2711619167280247,0.45180708762630806,1.607931792816501,0.43823329541642064,2.6469164257636373,-0.2569690783532139,-1.0596178698646237,-0.5134855292274799,0.3540220644305159,0.5796363424908384,-0.4454736910404334,1.6700402498857858,0.5828271092026944,0.7825527501663877,0.1298794011268022,15.166218932302503,4.05650342300568,38,11
Georgia,GEO,2008,0.314235314515547,-0.07452867438211681,1.7143670423229946,0.3772595293742066,1.567741865724071,-0.2570388018532827,-1.0712307013206495,-0.6769655103396671,0.6669426400464034,1.183202376874821,-1.5458625860765898,1.6700402498857858,0.6520075723428688,0.7336560373391554,0.1298794011268022,15.163181027797277,3.9453580433891933,38,12
Georgia,GEO,2009,0.2690464757775586,-0.8414884579617404,1.561649446563203,0.14138414568239852,0.43391594782831305,-0.25724144005529326,-1.0850413038791769,-0.6784154635533673,0.6669426400464034,1.183202376874821,-1.8209598098356288,1.6700402498857858,0.6520075723428688,0.7336560373391554,0.1298794011268022,15.154299179687957,3.813527280011585,38,13
Georgia,GEO,2010,0.3795944737299618,-0.4866110805902605,1.561649446563203,0.24266849548390282,0.6600349417554199,-0.25740652796339025,-1.032065276517524,-0.8495527026812444,0.6669426400464034,1.183202376874821,-0.7205709147994724,1.6700402498857858,0.6520075723428688,0.7284171412426383,0.1298794011268022,15.14700442903804,3.8412423771762283,38,14
Georgia,GEO,2011,0.5278779967770236,-0.34220147906827664,1.561649446563203,0.3530384235183683,0.6867334367873387,-0.25758668124471923,-0.9899122066725655,-0.7825401383703392,0.6669426400464034,1.183202376874821,-0.7205709147994724,1.6700402498857858,0.6520075723428688,0.754611621725224,0.1298794011268022,15.13898279076799,3.844464646896065,38,15
Georgia,GEO,2012,0.6628832317075656,-0.12961042988717447,1.561649446563203,0.4772723550305994,0.3617381405358405,-0.2577508342660188,-1.0046107343098973,-0.6850691093248319,0.6669426400464034,1.183202376874821,-0.17037646728139427,1.6700402498857858,0.6520075723428688,0.892569568193246,0.1298794011268022,15.131617137547895,3.804516333020287,38,16
Georgia,GEO,2013,0.7701150199204758,-0.5111154470625829,1.5755836577799214,0.5959795280047657,0.4049706047904496,-0.25781756255552013,-1.0011230009664398,-0.7529920715128077,0.6669426400464034,1.183202376874821,0.1047207564776448,1.6700402498857858,0.7903684986232175,0.9659141135444848,0.1298794011268022,15.128607416942188,3.8099233814373155,38,17
Georgia,GEO,2014,0.8539733754047377,-0.1467816143450732,1.5292545226222929,0.629061979064761,1.1596619123583813,-0.2578071656615821,-0.9718545156649846,-0.7414991555482185,1.2927837912781783,1.183202376874821,0.1047207564776448,1.88330964660554,1.0670903511839143,0.9432118811998381,0.1298794011268022,15.129076955818467,3.8998864662179957,38,18
Georgia,GEO,2015,0.9228019906614691,0.15364748820228194,1.5656553553725712,0.689175026841538,1.3682231266248155,-0.2577722592513504,-0.9826054282605665,-0.607945908976036,1.2927837912781783,1.183202376874821,0.3798179802366839,1.88330964660554,1.0670903511839143,0.9536896733928723,0.1298794011268022,15.130651769447157,3.9233842699258354,38,19
Georgia,GEO,2016,0.9982793550138943,0.4061425613391385,1.6023699160357436,0.6283505829522228,1.252501224899842,-0.2577589862407045,-0.8775950092761228,-0.6620598738372743,1.2927837912781783,1.183202376874821,0.3798179802366839,1.88330964660554,1.0670903511839143,0.9624213415169374,0.1298794011268022,15.131249935277683,3.9104145652637152,38,20
Georgia,GEO,2017,1.1167893068514978,0.301016094850638,1.6653822706355959,0.8512127972767854,1.4249988033820309,-0.25775601484890887,-0.7110129861065402,-0.482831219805045,1.9186249425099533,1.183202376874821,0.1047207564776448,2.309848440045049,1.0670903511839143,0.9624213415169374,0.1298794011268022,15.131383795988436,3.9296865009870094,38,21
Ghana,GHA,1996,-0.8415210577470393,-0.2854835259315291,-1.119112426417611,-0.03288012138636269,-0.34858613482728723,-0.1739009743648063,-0.878919369302025,-0.2897575276442351,0.041101488814628474,-0.023929691893144107,0.1047207564776448,-0.24938312628385903,0.09856386722147399,-0.5097084616043556,1.5524926587989325,16.695280874191734,3.7112158232160537,39,0
Ghana,GHA,1997,-0.8334292624788445,0.14338530939768349,-1.119112426417611,0.35117308262628505,-0.44516763305003454,-0.17134773897416664,-0.8078002691269258,-0.11521273978406543,-0.271819086801259,-0.023929691893144107,-0.032827855401874745,-0.24938312628385903,-0.24733844847939745,-0.5097084616043556,1.1968393443809002,16.71907046861335,3.69783008924251,39,1
Ghana,GHA,1998,-0.8231336391014444,-0.03509978447120461,-1.119112426417611,0.21141772070855108,-0.2586427223974263,-0.16867361736139896,-0.7339067061981984,-0.14873625829851939,-0.5847396624171465,-0.023929691893144107,-0.17037646728139427,-0.24938312628385903,-0.5932407641802689,-0.5097084616043556,0.17729984304920732,16.743394144488267,3.7235224516427805,39,2
Ghana,GHA,1999,-0.8140684802348007,-0.2650170597748115,-1.119112426417611,0.24359151612150995,-0.09524053351539491,-0.16592357341317332,-0.6597247595687996,-0.1365181823171125,0.041101488814628474,-0.023929691893144107,-0.17037646728139427,-0.24938312628385903,-0.03979705905887441,-0.5097084616043556,-0.012381924640410819,16.767806223957724,3.7454998818280734,39,3
Ghana,GHA,2000,-0.8085381882380303,0.053973350074567834,-1.1158481657470536,1.243043705097335,-0.06471259226401978,-0.16302231003679438,-0.61405237317303,-0.1372584725651843,0.6669426400464034,-0.023929691893144107,-0.17037646728139427,-0.24938312628385903,0.5136466460625201,-0.5097084616043556,-0.4391659019420505,16.792930581058577,3.7495528441986563,39,4
Ghana,GHA,2001,-0.8022515475664797,0.542009163939878,-1.1749170267010232,1.0683580120945686,-0.3575161998048846,-0.15986642994340786,-0.6076284535630679,-0.15295988090518783,0.6669426400464034,-0.023929691893144107,-0.30792507916091383,-0.24938312628385903,0.5136466460625201,-0.5097084616043556,0.08245895920439825,16.819561634132963,3.709985649229601,39,5
Ghana,GHA,2002,-0.7938836058288047,-0.4702450544828238,-1.1270537049958023,0.7029381838250749,-0.48623927105761766,-0.15651799294322102,-0.5962003467873502,-0.14797277509525075,0.6669426400464034,-0.023929691893144107,-0.4454736910404334,-0.24938312628385903,0.5136466460625201,-0.5097084616043556,-0.15464325040762328,16.847063009785597,3.6920830050628846,39,6
Ghana,GHA,2003,-0.7816350158773847,0.03442629150996249,-1.0769124053173496,0.6970567864110103,-0.33779166588880466,-0.15313979438753467,-0.57801968390054,-0.153466543641609,0.6669426400464034,-0.023929691893144107,-0.4454736910404334,-0.24938312628385903,0.5136466460625201,-0.5097084616043556,-0.15464325040762328,16.874062970833112,3.712700813452236,39,7
Ghana,GHA,2004,-0.7667794118955302,0.6941369870497309,-0.9869189695896777,0.7664118362775288,-0.37748714722467536,-0.14973613356467824,-0.5557175585079909,-0.19466683746999375,0.041101488814628474,-0.023929691893144107,-0.17037646728139427,-0.24938312628385903,0.09856386722147399,-0.5097084616043556,-0.15464325040762328,16.900548611850326,3.707229033698979,39,8
Ghana,GHA,2005,-0.7497869826663124,0.7698785067045526,-0.9152376032687527,0.7227934879348386,-0.41635335281368324,-0.1462756232879695,-0.5268484048560544,-0.16052424149765937,0.041101488814628474,-0.023929691893144107,-0.17037646728139427,-0.24938312628385903,0.236924793501823,0.14515355046027645,-0.36803523905844315,16.92677618297617,3.701842398422976,39,9
Ghana,GHA,2006,-0.7294225340117688,-0.022700789391038,-0.8530747681158058,-0.2565532578041216,-0.11516833734353553,-0.1427548276995607,-0.5064993355699986,-0.6403439843470174,0.6669426400464034,-0.023929691893144107,0.6549152039957229,-0.24938312628385903,0.6520075723428688,0.8611361916141441,-0.15464325040762328,16.952772905479257,3.7428453301680786,39,10
Ghana,GHA,2007,-0.7196896003564842,-0.8813564041387266,-0.7116727428633041,-0.23224546451807915,0.3333813288041698,-0.13917262136247907,-0.4887340398045879,-0.631094715369698,0.6669426400464034,-0.023929691893144107,0.5173665921162034,-0.24938312628385903,0.6520075723428688,0.8611361916141441,-0.012381924640410252,16.978547192551996,3.8009538263947684,39,11
Ghana,GHA,2008,-0.6821598437337608,-0.7470736068398476,-0.6285361297632454,-0.1111848407048172,1.0251007976119544,-0.13555415094516693,-0.42074158063797473,-0.6388844948123606,0.6669426400464034,-0.023929691893144107,0.3798179802366839,-0.24938312628385903,0.6520075723428688,0.8611361916141441,-0.012381924640410252,17.00392498977837,3.884427576226324,39,12
Ghana,GHA,2009,-0.6680849947138666,-0.8699236936944413,-0.561011545838003,-0.05063819530152562,0.9614644954854111,-0.1319056033736275,-0.3964680447676295,-0.7128601019808416,0.6669426400464034,-0.023929691893144107,0.930012427754762,-0.24938312628385903,0.37528571978217107,0.8611361916141441,-0.012381924640410252,17.028877838623096,3.8770327218187335,39,13
Ghana,GHA,2010,-0.634302382635236,-1.3203632754050096,-0.561011545838003,0.05945611641152717,0.7379616310491864,-0.12825936026827023,-0.34754548561144594,-0.7545608633530401,0.6669426400464034,-0.023929691893144107,0.930012427754762,-0.24938312628385903,0.37528571978217107,0.9781380298064886,0.4144020526612283,17.053207980056367,3.8506185075556267,39,14
Ghana,GHA,2011,-0.5582933445646212,-1.2945538649150596,-0.2834433562117321,0.37717890248759856,0.8101293795085038,-0.12456689683602472,-0.2148514743584881,-0.26593761409898437,0.6669426400464034,-0.023929691893144107,0.930012427754762,-0.24938312628385903,0.37528571978217107,0.9781380298064886,0.5566633784284414,17.077257693668894,3.859224008513937,39,15
Ghana,GHA,2012,-0.5084318597555945,-0.793400568135805,-0.24275548437197986,0.5771833042786109,0.7615853263129666,-0.12076077617892542,-0.13418001376952896,0.007490216629548196,0.6669426400464034,-0.023929691893144107,0.930012427754762,-0.24938312628385903,0.37528571978217107,0.9781380298064886,0.5566633784284414,17.10145678355615,3.853443629652049,39,16
Ghana,GHA,2013,-0.4705432873926428,0.1680606102634684,0.1717072874679633,-0.3659681905368478,0.2558867060374076,-0.11687876295983304,-0.043455776147915334,0.5883933979972771,0.6669426400464034,-0.023929691893144107,0.6549152039957229,-0.03611432671817715,0.37528571978217107,1.0322731148406281,0.5566633784284414,17.12554957576071,3.791152830925331,39,17
Ghana,GHA,2014,-0.46677063235336885,0.4571240046955875,0.019008398721764616,-0.2764149893598835,0.4363809877668524,-0.11297606313733825,-0.04441532432259612,0.5723848324413946,0.6669426400464034,-0.023929691893144107,0.6549152039957229,-0.03611432671817715,0.5136466460625201,1.0322731148406281,0.5803735993896431,17.149199430214516,3.813833595502474,39,18
Ghana,GHA,2015,-0.46851636179591727,0.5286349810305788,0.1301225106078411,0.09273270502803553,0.4907506912802544,-0.1090788594964613,-0.05245207392670616,0.34023174244857896,0.6669426400464034,-0.023929691893144107,0.6549152039957229,-0.24938312628385903,0.37528571978217107,0.6882526204290812,0.841186029962868,17.172270702707674,3.8205660387241367,39,19
Ghana,GHA,2016,-0.4597606167945312,0.2635108127957219,0.1379210078938861,-0.15883104916673121,0.4464356457809898,-0.10514474866851234,-0.06052038783369127,0.0540007319310758,1.2927837912781783,-0.023929691893144107,0.6549152039957229,-0.24938312628385903,0.236924793501823,0.669043160111982,0.841186029962868,17.195032822314534,3.815082055588276,39,20
Ghana,GHA,2017,-0.4109121811575626,-0.45672733778317187,0.1152048809580206,-0.08108952721445782,0.3012694321418272,-0.10126459926832179,-0.03188476820315071,0.2427227727572845,0.6669426400464034,-0.023929691893144107,1.2051096515138011,0.3904244667213316,0.37528571978217107,0.6585653679189478,0.6515042622732504,17.2169864008525,3.7969041797565586,39,21
Guinea,GIN,1996,-0.9758678936743972,-1.1576741432325572,-1.799431216859571,-1.2651522430523077,-0.5811137037213245,-0.23368696124001037,-1.6923017134559477,-0.5579225133346571,2.1272388264781847,-0.023929691893144107,0.1047207564776448,0.3322604658048994,0.6520075723428688,-0.5097084616043556,0.41440205266122715,15.86578535553773,3.678679742709214,40,0
Guinea,GIN,1997,-0.9658630574760126,-1.1140835845926105,-1.799431216859571,-1.2876082602831247,-0.6002626823097748,-0.23272626084855083,-1.6887939855066232,-0.6100056484002823,1.7100113088781816,0.5796363424908384,0.30479148467310757,0.8751275596543093,0.6520075723428688,-0.29142121156441303,0.43811227362243,15.886336466435633,3.6759525694114785,40,1
Guinea,GIN,1998,-0.9600594063254183,-1.2599914483436987,-1.799431216859571,-1.1719334226969689,-0.5955038146355291,-0.23182936499234083,-1.6866720190645312,-0.49172276413589067,1.2927837912781783,1.183202376874821,0.5048622128685704,1.417994653503719,0.6520075723428688,-0.0731339615244708,0.6989247041956543,15.90514881103419,3.676631016140468,40,2
Guinea,GIN,1999,-0.9548483317259583,-1.1742133364509892,-1.78885504813675,-1.1826639566796313,-0.4326838372672152,-0.2307388642033666,-1.6800996565307558,-0.6061644842328728,1.2927837912781783,1.183202376874821,0.38259668227442917,1.417994653503719,0.6520075723428688,-0.0731339615244708,0.6989247041956543,15.92755529214952,3.6995704002460004,40,3
Guinea,GIN,2000,-0.9530561487395389,-1.1173838135837475,-1.78885504813675,-1.0667283684079274,-0.6155276603271825,-0.22976402737077942,-1.672832034815629,-0.4614774320771058,1.2927837912781783,1.183202376874821,0.2603311516802875,1.417994653503719,0.6520075723428688,-0.0731339615244708,0.6989247041956543,15.947168886231443,3.6737732103213436,40,4
Guinea,GIN,2001,-0.944933859405054,-1.457871145921308,-1.6247393584257126,-0.9646339814560433,-0.6487331657438253,-0.22910229424962084,-1.6638314809975108,-0.43663914939082094,1.2927837912781783,1.183202376874821,0.3270215411306278,0.6909401633927706,0.833194525969216,-0.0731339615244708,0.6989247041956543,15.960266999009594,3.669016040769764,40,5
Guinea,GIN,2002,-0.9322009938457895,-1.557698861231122,-1.5262005063261477,-1.0274785609168464,-0.5321048331447468,-0.2283037341932346,-1.6477642575959057,-0.46495174219310625,1.2927837912781783,1.183202376874821,0.3937119305809682,-0.03611432671817715,1.014381479595563,-0.0731339615244708,0.43811227362243,15.975848327580957,3.685625835093075,40,6
Guinea,GIN,2003,-0.9359140076055008,-1.0991162659101386,-1.4744174933895238,-1.1134241804499905,-0.37690030000326935,-0.22713235676424545,-1.5978670477952803,-0.44190466886125396,1.2927837912781783,1.183202376874821,0.46040209995352943,-0.4093356216892292,0.6190643892392228,-0.29142094961960835,0.4144020526612283,15.998273512744674,3.707310145435378,40,7
Guinea,GIN,2004,-0.9352774187155973,-1.1046779510661662,-1.4025557061389984,-1.127393942726161,-0.3279783584374277,-0.22598938322075704,-1.5391802446803389,-0.5115573113366152,0.8755565240146354,1.183202376874821,0.46040209995352943,-0.4093356216892292,0.6190643892392228,-0.29142094961960835,0.15358962208800392,16.019680626107228,3.7140489147654003,40,8
Guinea,GIN,2005,-0.9317402031048468,-1.203795109655899,-1.2441741203553172,-0.7391002988669142,-0.2205503713958506,-0.22489897175217743,-1.4681543196601887,-0.4226409778046969,0.8755565240146354,1.183202376874821,0.2603311516802875,-0.7825569166602807,0.6190643892392228,-0.29142094961960835,0.1298794011268028,16.039684819383734,3.728689178130993,40,9
Guinea,GIN,2006,-0.9351118277746547,-0.32742653615198736,-1.1259870360531876,-0.11490788760089919,-0.1299463525788165,-0.22373585943704047,-1.4005170170203673,0.6038969072489148,-0.5847396624171465,-1.2310617606611092,-0.9956681385585116,-0.889191316443122,-0.5932407641802689,-0.593530799148629,0.1298794011268028,16.060590682957766,3.7408722133666594,40,10
Guinea,GIN,2007,-0.9189472183598765,0.2445691786728354,-1.1259870360531876,-0.06442389556653069,0.43492868664794687,-0.22241921727287509,-1.3263876466172961,0.3107421911150964,-1.2105808136489213,-1.2310617606611092,-0.9956681385585116,-0.889191316443122,-1.0083235430213147,-1.466680323198008,-0.15464325040762328,16.0837404101744,3.8136531382488514,40,11
Guinea,GIN,2008,-0.9126039336100983,-0.007704960498317333,-1.0919741403155934,-0.26629685219636956,0.31780747260278475,-0.22101040241611727,-1.233708913091397,0.49173466688307893,-1.2105808136489213,-1.2310617606611092,-1.2707653623175506,-1.1024607131628763,-1.2850453955820114,-1.4544558830463947,-0.15464325040762328,16.107931268197678,3.7989918479668,40,12
Guinea,GIN,2009,-0.9263588169925828,-0.20824925697001614,-1.0919741403155934,-0.10242171605024515,-0.4152883443860174,-0.2195535034135694,-1.149069124237349,0.43792325532290277,-1.2105808136489213,-1.2310617606611092,-1.5458625860765898,-1.1024607131628763,-1.561767248142709,-1.01788138296651,-0.15464325040762328,16.1323471147031,3.7019903898484703,40,13
Guinea,GIN,2010,-0.9177801731701,-0.42632033501751004,-1.0919741403155934,0.006163704479848228,0.3210199158401091,-0.21804963379281822,-1.0352515172031649,0.44002111819982376,-1.2105808136489213,-1.2310617606611092,-1.5458625860765898,-1.1024607131628763,-1.561767248142709,-0.8956406486776486,-0.36803523905844315,16.15694004331181,3.7993968635069173,40,14
Guinea,GIN,2011,-0.9060616890059539,0.11509410683529628,-0.9651620117570913,0.3672615782455729,1.846243259760613,-0.2164971024210582,-0.9138870159612181,0.465131273245679,-1.2105808136489213,-1.2310617606611092,-1.2707653623175506,-1.1024607131628763,-1.561767248142709,-0.8956406486776486,-0.43916590194204935,16.18170977622365,3.975244850242405,40,15
Guinea,GIN,2012,-0.8927152036825406,0.29887103226744505,-0.9604554867199675,0.38820492898061826,0.751941220828201,-0.2149204724068199,-0.7920369276865508,0.37844284089632874,-1.2105808136489213,-1.2310617606611092,-1.2707653623175506,-1.1024607131628763,-1.561767248142709,-0.8956406486776486,-0.43916590194204935,16.206251389583,3.8522912695141978,40,16
Guinea,GIN,2013,-0.8868011636357609,0.09414055191436022,-0.9604554867199675,0.20638033135788042,-0.6555488952409719,-0.21331096653265508,-0.6721507199101638,0.2166986072649878,-1.2105808136489213,-1.2310617606611092,-1.2707653623175506,-1.1024607131628763,-1.700128174423057,-0.8869089805535837,-0.43916590194204935,16.230698537222622,3.6680367832328025,40,17
Guinea,GIN,2014,-0.8819683694267627,0.007075785693020359,-0.8997966878682121,0.10002837687114718,-0.805158383913733,-0.21163739411674967,-0.5349165034335845,0.22116409389386996,-1.2105808136489213,-1.2310617606611092,-0.4454736910404334,-1.1024607131628763,-1.700128174423057,-0.8572217280434505,-0.43916590194204935,16.25550046967284,3.646296324487146,40,18
Guinea,GIN,2015,-0.8767658850764422,0.15959383172692734,-0.8997966878682121,-0.02596010570371116,-0.5483792652054599,-0.20988584499630922,-0.5648870014191815,-0.06033821052358618,-1.2105808136489213,-1.2310617606611092,0.1047207564776448,-1.1024607131628763,-1.561767248142709,-0.3979455195085283,-0.43916590194204935,16.280815595251266,3.68332458475528,40,19
Guinea,GIN,2016,-0.8424750236710229,3.609264578454284,-0.8997966878682121,1.1205553644044182,2.687530667613598,-0.20806394713303736,-0.5138217635287019,0.25539012993606375,-1.2105808136489213,-1.2310617606611092,0.3798179802366839,-1.1024607131628763,-1.2850453955820114,-0.3979455195085283,-0.43916590194204935,16.306484680024308,4.060454435799751,40,20
Guinea,GIN,2017,-0.8077308251299522,0.37745102421938637,-0.8997966878682121,0.8124304764648197,0.33748040927690537,-0.20620233742230126,-0.484896750565699,0.38489480319016356,-1.2105808136489213,-1.2310617606611092,0.1047207564776448,-1.1024607131628763,-1.2850453955820114,-0.3979455195085283,-0.43916590194204935,16.332049909756208,3.801469585071664,40,21
"Gambia, The",GMB,1996,-0.9410126126853245,-1.9248185161332563,-1.567171638213502,-0.6513091105940977,-0.43288523243360455,-0.27220563709896867,-0.21451116057895028,-0.5299352048855175,1.2927837912781783,1.183202376874821,1.527445690225626,-0.21060692662154704,2.4968197382662813,-0.0731339615244708,2.311219729557402,14.078959618443138,3.6995423486551453,41,0
"Gambia, The",GMB,1997,-0.9338703400202942,-2.119319231329614,-1.567171638213502,-0.7280475066129778,-0.39815556758435916,-0.27198246116088015,-0.22124108148186195,-0.958457256126508,1.2927837912781783,1.183202376874821,1.5941360796759663,0.8751275596543093,2.4968197382662813,0.14515355046027645,1.8370153103333586,14.107351470439893,3.7043681207967603,41,1
"Gambia, The",GMB,1998,-0.9315100684348787,-2.1545769554411827,-1.567171638213502,-0.5664317707835197,-0.15509182778302166,-0.2717555992678388,-0.2193632971323026,-0.9171562907035538,1.2927837912781783,1.183202376874821,1.6608264691263066,1.9608620459301653,2.4968197382662813,0.36344106244502367,1.8370153103333586,14.135409063075869,3.7375058899179368,41,2
"Gambia, The",GMB,1999,-0.918503872980934,-2.170262192759202,-1.567171638213502,-0.608852420920825,0.4225325266457067,-0.2715246048178714,-0.22410619849562377,-0.9567980046235338,1.2927837912781783,1.183202376874821,1.4607557409308438,1.9608620459301653,2.4968197382662813,0.36344106244502367,1.8370153103333586,14.163191173933425,3.8121115132371184,41,3
"Gambia, The",GMB,2000,-0.9082674957970321,-2.1936102887658,-1.567171638213502,-0.49400156463609596,0.3311673491585548,-0.27129055561040666,-0.2255975992474717,-1.0212547371996488,1.2927837912781783,1.183202376874821,1.260685012735381,1.9608620459301653,2.4968197382662813,0.36344106244502367,1.8370153103333586,14.190574876125378,3.8006751461161006,41,4
"Gambia, The",GMB,2001,-0.8964744197538834,-1.3920691165432049,-1.567171638213502,-0.7684476244099588,0.26061060579082485,-0.2710528025839102,-0.22641296024099822,-1.0259205434163008,1.2927837912781783,1.183202376874821,1.2940300974216616,1.7621339480165548,2.101502924631794,0.6908720684773394,1.8370153103333586,14.217644791530562,3.791753035015874,41,5
"Gambia, The",GMB,2002,-0.9202070424459492,-1.8642956427121116,-1.567171638213502,-0.3984565820083996,0.6592963854969291,-0.270810565673602,-0.22816315873582413,-0.9390224278324594,1.2927837912781783,1.183202376874821,1.3273751821079423,1.5634058501029449,1.706186110997306,1.0183030745096555,1.599913100721336,14.244491651749431,3.8411530922849204,41,6
"Gambia, The",GMB,2003,-0.90470888746494,-1.5295573757384964,-1.567171638213502,-0.13025910046841735,0.010293950020799126,-0.2705609449440022,-0.2290580085555739,-1.0190532201714038,1.4816921904222662,0.7442452170634856,1.311898432377038,1.2840512037022924,1.4678721446846235,1.3070909351548425,1.2679700072645055,14.27142286929245,3.7594416831434034,41,7
"Gambia, The",GMB,2004,-0.8880488784174958,-1.0106372723001043,-1.567171638213502,-0.6809956935259833,0.36914138147754655,-0.2703007189062102,-0.22948800845893347,-1.3028811598031849,1.2760623170631071,0.688205800755829,0.9229584947820222,1.0357575263543106,0.9500453092063161,0.7636036629852858,1.1968393443808991,14.298746872762969,3.8054443272569354,41,8
"Gambia, The",GMB,2005,-0.9090094715770547,-1.069632156803018,-1.567171638213502,-0.6785388090382707,0.2710911741867359,-0.27002844056983255,-0.23364826340755535,-1.299337643169086,0.8891938530364362,0.366501241606546,0.8100982081515338,0.576101762392394,0.5590212816706027,-0.17932743318009092,0.9834473557300805,14.326558956914031,3.793083378773087,41,9
"Gambia, The",GMB,2006,-0.9222755859050051,-0.8442346097490202,-1.567171638213502,-0.6681859881027679,0.7289606838373112,-0.26974119809000346,-0.23345660318653264,-1.2467207780328902,0.041101488814628474,-1.2310617606611092,0.1047207564776448,0.1771550700015777,0.09856386722147399,-0.17965800752378105,0.8648962509240696,14.355084558578467,3.8495399945368955,41,10
"Gambia, The",GMB,2007,-0.9219071196482083,-1.2230628190824142,-1.567171638213502,-0.8451430207605448,0.4277447813247247,-0.26944049204935316,-0.23209440185529945,-1.2671348727637497,0.041101488814628474,-1.2310617606611092,-0.032827855401874745,0.1771550700015777,0.09856386722147399,-0.17965800752378105,0.722634925156856,14.384100245460619,3.8127600150240513,41,11
"Gambia, The",GMB,2008,-0.9096106491810455,-1.4709234911555162,-0.6563063372411692,-0.9966104055247346,0.14899093948337153,-0.269130383548492,-0.23738946781350562,-1.3270765483949485,0.041101488814628474,-1.2310617606611092,-0.17037646728139427,-0.03611432671817715,0.09856386722147399,-0.21458415613043144,0.9123166928464742,14.41316669236456,3.7774737755893506,41,12
"Gambia, The",GMB,2009,-0.8953366515994778,-1.1836671316059573,-0.622937634536132,-0.918376215803066,-0.17289098333174552,-0.2688113906457091,-0.23820106464454496,-1.4065301784853987,-0.5847396624171465,-1.2310617606611092,0.6549152039957229,-0.24938312628385903,-0.3165189116195712,-0.6511586562103161,0.6989247041956543,14.442209662012399,3.7351161788115483,41,13
"Gambia, The",GMB,2010,-0.8835720918420829,-1.0641925644148509,-0.6474922543187763,-0.9406355737235897,-0.22858764203343276,-0.2684826439558296,-0.23764481015848454,-1.4385141427638783,-0.5847396624171465,-1.2310617606611092,0.3798179802366839,-0.24938312628385903,-0.3165189116195712,-0.7926088508162772,0.6989247041956543,14.471283439698373,3.7276012478894347,41,14
"Gambia, The",GMB,2011,-0.9289636399443152,-1.1830906154209315,-0.6474922543187763,-0.8932815224051249,-0.20148510256999752,-0.26814230943341677,-0.24095080943629058,-1.297785341472328,-0.5847396624171465,-1.2310617606611092,0.3798179802366839,-0.24938312628385903,-0.3165189116195712,-0.7926088508162772,0.6989247041956543,14.50051719401935,3.731265141523767,41,15
"Gambia, The",GMB,2012,-0.9207472038460478,-0.21533487020321043,-0.6474922543187763,-0.7459982163974789,-0.13910761203805125,-0.2677891365929453,-0.24608829273149815,-1.260549220666258,-0.5847396624171465,-1.2310617606611092,0.3798179802366839,-0.03611432671817715,-0.45487983789991987,-0.8048327670782799,0.5092429365060362,14.529976372963395,3.739647071435185,41,16
"Gambia, The",GMB,2013,-0.9211182141210454,-0.9629641054773876,-0.6474922543187763,-0.8111499529964373,0.2262675023730161,-0.26742753190721824,-0.22559986623086983,-1.2658686565596344,-0.5847396624171465,-1.2310617606611092,0.3798179802366839,-0.4626525230036132,-0.3165189116195712,-0.36825826699839553,0.4144020526612283,14.559265773174937,3.787381273530012,41,17
"Gambia, The",GMB,2014,-0.9371256217446678,-0.7275938085472474,-0.6474922543187763,-0.4387631443113083,-0.32354215944182724,-0.26706603440596477,-0.20273897483317657,-1.1555794987449814,-0.5847396624171465,-1.2310617606611092,0.3798179802366839,-0.6759219197233678,-0.3165189116195712,-0.4136622077980795,0.4144020526612283,14.587713343787819,3.714657740820645,41,18
"Gambia, The",GMB,2015,-0.9325252591260729,-0.2792805445462349,-0.6474922543187763,-0.8384924295117425,0.2714711234566279,-0.2667087468726461,-0.17137299577400913,-0.827368306197584,-0.5847396624171465,-1.2310617606611092,0.3798179802366839,-0.6759219197233678,-0.3165189116195712,-0.8642072720985463,0.4144020526612283,14.615056215313965,3.793131574145424,41,19
"Gambia, The",GMB,2016,-0.9351345908304641,0.2748805667121393,-0.6474922543187763,-1.024984983276276,0.17933288910478237,-0.26635599086068307,-0.14159093447777704,-0.5105590594352651,-0.5847396624171465,-1.2310617606611092,0.3798179802366839,-0.6759219197233678,-0.3165189116195712,-0.8746850642915804,0.4144020526612283,14.641338144162006,3.7813755782210183,41,20
"Gambia, The",GMB,2017,-0.9269731819298325,0.0371908044518273,-0.6474922543187763,-0.5122262762535925,0.10324673253060404,-0.2660081176969612,-0.11369180875897866,-0.7647688783097087,0.041101488814628474,-1.2310617606611092,0.3798179802366839,-0.6759219197233678,0.37528571978217107,0.6358636594639105,0.22472028497161128,14.666596947090836,3.771562401214161,41,21
Guinea-Bissau,GNB,1996,-0.9787843486968434,0.048388786147686866,-1.6453303020502854,-0.9014163620189201,-0.6299322394023313,-0.2731457342527275,-1.4504725524872573,-1.3485224981497044,0.4583287560781714,-0.023929691893144107,-0.29542069991328107,0.3322604658048994,-1.1928045935805438,-0.5097084616043556,-1.861779159614179,13.949635774240628,3.671712324413106,42,0
Guinea-Bissau,GNB,1997,-0.9641521371622251,3.7841804912288524,-1.6453303020502854,-0.11187952863224643,-0.3639531229181281,-0.2730146714603016,-1.4514357774867253,-1.6608055517300617,0.4583287560781714,-0.023929691893144107,0.171410925850206,0.06082676959167617,-1.1928045935805438,-0.5097084616043556,-1.861779159614179,13.968700204718575,3.7090979820998307,42,1
Guinea-Bissau,GNB,1998,-1.0454798268934966,0.9534070587585561,-1.6453303020502854,-0.8682162904917687,-0.5235361618783586,-0.27288409695269994,-1.4645264390295867,-1.5467597817863201,0.4583287560781714,-0.023929691893144107,0.6382425516136928,-0.21060692662154704,-1.1928045935805438,-0.5097084616043556,-1.861779159614179,13.987338919914398,3.686835344423094,42,2
Guinea-Bissau,GNB,1999,-1.007572515502977,-0.0960190336454477,-1.6453303020502854,-0.7052901666577848,-0.6335496308914904,-0.2727487289172516,-1.4622308292913524,-1.5997754559273911,0.4583287560781714,-0.023929691893144107,0.7049329410640331,-0.21060692662154704,-1.1928045935805438,-0.5097084616043556,-1.861779159614179,14.006301977321536,3.671194110574375,42,3
Guinea-Bissau,GNB,2000,-1.0102728020540137,-0.3285352337616074,-1.6453303020502854,-0.5994220274772956,-0.624084898168449,-0.2726026305250586,-1.4665751509039617,-1.5176331252400477,0.4583287560781714,-0.023929691893144107,0.7716233305143736,-0.21060692662154704,-1.1928045935805438,-0.5097084616043556,-1.861779159614179,14.026372599337542,3.6725494249532895,42,4
Guinea-Bissau,GNB,2001,-1.0026702426800822,-0.47108370893443835,-1.6453303020502854,-0.7494163912327999,-0.6389251945575285,-0.27244464061099033,-1.4677419750826255,-1.426684361661935,0.4583287560781714,-0.023929691893144107,0.4715171281822898,0.4631300650209445,-0.8304309630497023,-0.5097084616043556,-1.861779159614179,14.047632879210239,3.670423531243419,42,5
Guinea-Bissau,GNB,2002,-0.9984406880678269,0.10009196462810277,-1.6453303020502854,-0.9795287008770338,-0.5210754130666883,-0.27227770674807045,-1.4694355949748752,-0.9376603882001943,0.4583287560781714,-0.023929691893144107,0.171410925850206,1.1368670566634365,-0.4680573325188607,-0.5097084616043556,-1.861779159614179,14.069616198297076,3.687182420788809,42,6
Guinea-Bissau,GNB,2003,-1.0061484701312775,0.5913121606959908,-1.6453303020502854,-1.027331082821375,-0.5274691585294193,-0.27210204925993914,-1.4732686922005893,-0.8598584004061852,0.4583287560781714,-0.023929691893144107,0.9716938386320572,1.1368670566634365,-0.4680573325188607,-0.0731339615244708,-1.861779159614179,14.092238098021253,3.6862803645804814,42,7
Guinea-Bissau,GNB,2004,-1.009534175666391,-0.22045605120041656,-1.6453303020502854,-0.8772048338087297,-0.5975188032348804,-0.27191890076804265,-1.47693626412254,-1.2202751965011291,0.4583287560781714,-0.023929691893144107,0.5715523822411316,1.1368670566634365,1.2449832078773788,0.5817280505401612,-1.1030520888557105,14.11529213528788,3.67634380600079,42,8
Guinea-Bissau,GNB,2005,-0.9974599326940803,-0.5478273440324489,-1.1321241053353477,-0.8017700922524356,-0.4146781101126191,-0.27172821958953014,-1.4774046041760598,-1.2203039643701483,0.4583287560781714,-0.023929691893144107,0.5715523822411316,1.1368670566634365,0.8496661175210388,1.0183030745096555,-0.7236885534764754,14.138742672584343,3.7020751769048728,42,9
Guinea-Bissau,GNB,2006,-0.9967820760448775,-0.32650373264715915,-1.0500978703370045,-0.7151552607343812,-0.1555594077856556,-0.27152743925172845,-1.4794853647081716,-1.249351298432695,0.4583287560781714,0.5796363424908384,0.4381720434960092,1.1368670566634365,0.8496661175210388,-0.7716532664302089,-0.33246990761664,14.162854906973854,3.737443185703291,42,10
Guinea-Bissau,GNB,2007,-0.9966661247732239,0.18128537192071983,-1.0500978703370045,-0.7883746288227623,-0.21339119164626355,-0.2713149579422268,-1.4816960207144196,-1.2070270366693916,0.4583287560781714,0.5796363424908384,0.4381720434960092,1.1368670566634365,0.8496661175210388,-0.7716532664302089,-0.29690457617483745,14.187754572487803,3.729657253725932,42,11
Guinea-Bissau,GNB,2008,-0.9907483457662336,-0.6574846420774813,-1.0500978703370045,-0.8205507031525759,-0.5323650146619414,-0.27109422938295186,-1.4818980405176707,-1.2252096860483728,0.4583287560781714,0.5796363424908384,0.6382425516136928,1.1368670566634365,0.6190643892392228,-0.776892162526726,-0.5340067857868585,14.212980456057675,3.6855890863210954,42,12
Guinea-Bissau,GNB,2009,-0.9911384205817897,-0.5330061127068069,-1.0500978703370045,-0.8654588931334299,-0.27910969718317685,-0.27086602768399065,-1.483629681723648,-1.1938784976986392,0.4583287560781714,0.5796363424908384,0.5715523822411316,0.7636457616923843,0.6190643892392228,-0.776892162526726,-0.5814272277092624,14.238408166574388,3.7207353112097765,42,13
Guinea-Bissau,GNB,2010,-0.9820106380457844,-0.3985204703549559,-1.0500978703370045,-0.8678207875770035,-0.16029391029216328,-0.2706280186056962,-1.4828886504512153,-1.1109103219940974,0.4583287560781714,0.5796363424908384,0.30479126459532846,0.7636457616923843,0.6190643892392228,-0.776892162526726,-0.5814272277092624,14.264257353067407,3.736808049773809,42,14
Guinea-Bissau,GNB,2011,-0.9649690657277221,-0.8401083217826595,-1.0500978703370045,-0.7193180729855315,-0.2718988937155485,-0.270379535222455,-1.4800680744989223,-1.2357115178323326,0.4583287560781714,0.5796363424908384,0.23810109522276723,0.7636457616923843,0.6190643892392228,-0.776892162526726,-0.5814272277092624,14.29054961314671,3.721718146583449,42,15
Guinea-Bissau,GNB,2012,-0.9795538280400549,-0.4175107234266772,-1.0500978703370045,-0.8499674541632356,-0.5438456536852058,-0.27012145287413475,-1.4824457704781784,-1.2532489721719169,0.041101488814628474,0.5796363424908384,0.23810109522276723,-0.03611432671817715,0.22374729888288217,-1.0702703439316807,-0.7711089953988806,14.31714487074862,3.683966182463805,42,16
Guinea-Bissau,GNB,2013,-0.9777868202568079,-0.606722171227477,-1.0500978703370045,-0.9713395094346999,-0.3416615886935034,-0.26985613557384736,-1.4809128704640782,-1.1606174170705408,0.041101488814628474,0.5796363424908384,0.23810109522276723,-0.03611432671817715,0.22374729888288217,-1.1593315775724706,-0.8659498792436885,14.343767765027797,3.7121686834533296,42,17
Guinea-Bissau,GNB,2014,-0.9831934452815864,-0.5113270701212208,-1.0500978703370045,-0.7701822330091365,-0.20462634552758624,-0.26958728714062447,-1.4799562475048358,-1.0329845981626684,-0.3761257784489145,0.5796363424908384,0.5715523822411316,-0.03611432671817715,0.22374729888288217,-0.8083255391058278,-0.8896601002048907,14.370040865307068,3.7308411754569946,42,18
Guinea-Bissau,GNB,2015,-0.9721295514368065,-0.7831542593496225,-1.0500978703370045,-0.5518979503555763,-0.36970672852260733,-0.2693173311345079,-1.4679136242966575,-1.1796389662317783,-0.3761257784489145,0.5796363424908384,0.23810109522276723,-0.03611432671817715,0.22374729888288217,-0.8083255391058278,-1.150472530778114,14.395745446513494,3.7083038786182865,42,19
Guinea-Bissau,GNB,2016,-0.9627574203929034,-0.5677272811438359,-1.0500978703370045,-0.5539264189312515,-0.3136688493043719,-0.2690467737044006,-1.4564199600600687,-1.2551753172322961,-0.3761257784489145,0.5796363424908384,0.30479126459532846,-0.03611432671817715,0.22374729888288217,-0.7821310586232431,-1.150472530778114,14.420860962280234,3.716011429537537,42,20
Guinea-Bissau,GNB,2017,-0.955423221179901,-0.5668062009997834,-1.0500978703370045,-0.4778812780045076,-0.4663947348766478,-0.2687777466303885,-1.4429426511731283,-1.2816419847917555,-0.3761257784489145,0.5796363424908384,0.30479126459532846,0.3904244667213316,0.6190643892392228,-0.7821310586232431,-1.150472530778114,14.445224206661072,3.6948639413316187,42,21
Equatorial Guinea,GNQ,2000,0.45014889970585553,1.958527003700809,-1.5070886420381129,1.6788732911235233,1.9670036724188549,-0.27576732356405126,-1.7498133287935023,4.667419290692116,-1.2105808136489213,-1.2310617606611092,-1.2707653623175506,-1.9555377028878216,-1.561767248142709,-1.8194324857336197,0.1298794011268022,13.46351038452506,3.9879314513401622,43,0
Equatorial Guinea,GNQ,2002,1.7140319057704911,1.958527003700809,-1.6384641722673403,1.6788732911235233,2.5225827690649996,-0.2752035451423659,-1.5584564306963726,4.667419290692116,-1.2105808136489213,-1.2310617606611092,-1.2707653623175506,-1.9555377028878216,-1.561767248142709,-1.8194324857336197,0.1298794011268022,13.589811243467908,4.044310099902364,43,1
Equatorial Guinea,GNQ,2005,3.363504227939704,1.958527003700809,-1.6514548239082225,1.6788732911235233,1.0062002774650995,-0.27431385446465817,-1.2380380430151225,4.667419290692116,-1.2105808136489213,-1.2310617606611092,-2.096057033594668,-1.9555377028878216,-1.561767248142709,-1.8194324857336197,0.1298794011268022,13.761442892249455,3.8822369450252343,43,2
Equatorial Guinea,GNQ,2006,3.5050016381221707,0.5441025583313405,-1.6514548239082225,1.3153427957888477,0.17064575304278493,-0.27405794557927454,-1.1710579072862866,4.667419290692116,-1.2105808136489213,-1.2310617606611092,0.1047207564776448,-1.9555377028878216,-1.0083235430213147,-1.4544558830463947,0.1298794011268022,13.805807636502879,3.780260016338371,43,3
Equatorial Guinea,GNQ,2007,3.99544718634387,0.9148067206924618,-1.6514548239082225,1.7679049156298485,1.0323074019201353,-0.2737858101555284,-1.051956217108504,4.532646352229996,-1.2105808136489213,-1.2310617606611092,0.1047207564776448,-1.8489033031049804,-0.8007821536007913,-1.4544558830463947,0.1298794011268022,13.850921137151673,3.8852615827971166,43,4
Equatorial Guinea,GNQ,2008,4.659703709681604,0.6714048425466924,-1.6514548239082225,1.610877976354483,-1.36975824548737,-0.27349709091184093,-0.9180250412636723,4.787245301258389,-1.2105808136489213,-1.2310617606611092,0.1047207564776448,-1.7422683061680675,-0.5932407641802689,-1.4369930706878744,0.1298794011268022,13.896658193441732,3.5597106695149674,43,5
Equatorial Guinea,GNQ,2009,4.46762081444113,3.7540959734197354,-1.6514548239082225,1.4224168505801555,1.2775339932481495,-0.2731925500489134,-0.8939234285616852,4.033308723293194,-1.2105808136489213,-1.2310617606611092,0.3798179802366839,-1.7422683061680675,-0.731601690460617,-1.4369930706878744,0.1298794011268022,13.942736865247953,3.913234443216469,43,6
Equatorial Guinea,GNQ,2010,3.7163367057968806,2.3849688502702873,-1.6514548239082225,2.075930901048774,2.319965735688236,-0.2728744979876208,-0.9118157818793794,3.9848391144807107,-1.2105808136489213,-1.2310617606611092,0.3798179802366839,-1.7422683061680675,-0.731601690460617,-1.4981136997771103,0.1298794011268022,13.988695502746067,4.024115390401257,43,7
Equatorial Guinea,GNQ,2011,3.816711142268666,1.880405174521084,-1.6514548239082225,1.1944121869318978,0.9862046185054402,-0.2725603879330791,-0.8400325893982545,4.262230153967733,-1.2105808136489213,-1.2310617606611092,-0.17037646728139427,-1.7422683061680675,-0.731601690460617,-1.5103376160391133,0.1298794011268022,14.032101487668275,3.8799141477844397,43,8
Equatorial Guinea,GNQ,2012,4.02095524995464,2.8988446647117825,-1.6514548239082225,1.2612903022307804,0.1255356110245747,-0.2722528399501981,-0.768592446742581,4.199290915012345,-1.2105808136489213,-1.2310617606611092,-0.17037646728139427,-1.7422683061680675,-0.731601690460617,-1.4998598238460792,0.1298794011268022,14.07284991099171,3.7744470855593986,43,9
Equatorial Guinea,GNQ,2013,3.600833697256084,0.9115067246659376,-1.6514548239082225,0.9766126112345482,-0.18430856281619276,-0.27193881921605106,-0.8126034201041319,3.7930810435615414,-1.2105808136489213,-1.2310617606611092,-0.17037646728139427,-1.7422683061680675,-0.731601690460617,-1.5103376160391133,0.1298794011268022,14.112810480260963,3.7335802448232345,43,10
Equatorial Guinea,GNQ,2014,3.432543398260843,0.718337309707424,-1.6514548239082225,0.9034482065673951,-0.5189854860497424,-0.271619588125549,-0.8169948012667975,3.604413349483114,-1.2105808136489213,-1.2310617606611092,-0.17037646728139427,-1.7422683061680675,-0.731601690460617,-1.529547076356213,0.1298794011268022,14.151860644268298,3.6874771000162365,43,11
Equatorial Guinea,GNQ,2015,2.840774120068914,0.22771554075958703,-1.6514548239082225,0.7433552121437176,0.9436229986333777,-0.2712974690089531,-0.8874309708985885,2.677884254074355,-1.2105808136489213,-1.2310617606611092,-0.17037646728139427,-1.7422683061680675,-0.731601690460617,-1.5103376160391133,0.1298794011268022,14.189776666108399,3.8749495983669453,43,12
Equatorial Guinea,GNQ,2016,2.3392853922975516,-0.7399837789460221,-1.6514548239082225,0.5606737318757077,2.117042665590117,-0.270974349503937,-0.945257921887267,2.1122658599438924,-1.2105808136489213,-1.2310617606611092,-0.17037646728139427,-1.7422683061680675,-0.8699626167409662,-1.5225615323011166,0.1298794011268022,14.226418825167055,4.003472979466726,43,13
Equatorial Guinea,GNQ,2017,2.013489024599254,-1.0545110674809473,-1.6514548239082225,0.8466723524874389,-0.09583977306194809,-0.2706515455976487,-0.9743107368356246,2.4908835358908226,-1.2105808136489213,-1.2310617606611092,-0.17037646728139427,-1.7422683061680675,-0.8699626167409662,-1.5033525958736274,0.1298794011268022,14.261731738419876,3.7454201607397346,43,14
Equatorial Guinea,GNQ,2018,1.7025560306437502,-1.2092852371130056,-1.6514548239082225,0.8821015490841471,-0.8518304502678757,-0.27032983735486815,-0.9602478250274195,2.5270457036743754,-1.2105808136489213,-1.2310617606611092,-0.17037646728139427,-1.7422683061680675,-0.8699626167409662,-1.484143135556528,0.1298794011268022,14.295726241236423,3.639416313261624,43,15
Grenada,GRD,2002,0.4367617484599243,-0.09145487439041167,1.686798007283969,-0.16305872309946667,1.9026909110564525,-0.27930962154880035,-0.02653174656277961,-0.8713370935583419,2.544466093741728,2.390334445642786,1.4802068752728401,1.5989508490819155,1.3438122037446116,1.1274465685572246,0.1298794011268022,11.59362949238519,3.981195051220752,44,0
Grenada,GRD,2003,0.5931742638210056,-0.09145487439041167,1.8278578049879073,-0.16305872309946667,2.321293833921294,-0.2793067632961714,-0.02653174656277961,-0.838624914560916,2.544466093741728,2.390334445642786,1.4802068752728401,1.5989508490819155,1.3438122037446116,1.4548775745895406,0.1298794011268022,11.598047558387051,4.024249097796261,44,1
Grenada,GRD,2004,0.5733141321898318,-0.09145487439041167,1.5800525192664905,-0.16305872309946667,3.089641505443842,-0.2793041491859544,-0.02653174656277961,-0.8634273559157539,2.329530713473134,2.231822070870244,1.2829150691929014,1.397888475901039,1.23899328665685,1.302737936388246,0.1298794011268022,11.602071229200641,4.098752371243873,44,2
Grenada,GRD,2005,0.8146815837344312,-0.09145487439041167,1.388348283961178,-0.16305872309946667,1.4276302059711852,-0.2793017018071408,-0.02653174656277961,-0.3508022096299171,2.544466093741728,2.390334445642786,1.4802068752728401,1.5989508490819155,1.3438122037446116,1.4548775745895406,0.1298794011268022,11.605823647336958,3.929977631876114,44,3
Grenada,GRD,2007,0.8392047271436951,-0.09145487439041167,1.9105489155862259,-0.16305872309946667,3.2113404163931443,-0.2792970095090749,-0.02653174656277961,-0.6874253041930906,1.9186249425099533,2.390334445642786,1.4802068752728401,1.847764647626569,1.3438122037446116,1.4548775745895406,0.1298794011268022,11.612978923077202,4.110059928813282,44,4
Grenada,GRD,2008,0.852220555516989,-0.09145487439041167,1.9238673859203603,-0.16305872309946667,2.4491730733030113,-0.27929478245390144,-0.02653174656277961,-0.792987112580729,1.9186249425099533,2.390334445642786,1.4802068752728401,1.847764647626569,1.3438122037446116,1.4548775745895406,0.1298794011268022,11.616357121574907,4.037040427011489,44,5
Grenada,GRD,2009,0.7030921396633931,-0.09145487439041167,1.6102832628458883,-0.16305872309946667,1.8467807522428321,-0.27929265067381565,-0.02653174656277961,-1.0293420290893163,1.9186249425099533,2.390334445642786,1.4802068752728401,1.847764647626569,1.3438122037446116,1.4548775745895406,0.1298794011268022,11.619580142838768,3.9753016751219725,44,6
Grenada,GRD,2010,0.6868857586754632,-0.09145487439041167,1.9360902317175477,-0.16305872309946667,0.625875094680949,-0.27929067371574723,-0.02653174656277961,-1.030723881672423,1.9186249425099533,2.390334445642786,1.7553040990318793,1.847764647626569,1.3438122037446116,1.4548775745895406,0.1298794011268022,11.62255983468896,3.8371043897731716,44,7
Grenada,GRD,2011,0.6932896922875762,-0.09145487439041167,1.6227532839047658,-0.16305872309946667,1.303610685467505,-0.27928773805210955,-0.02653174656277961,-1.144869001986761,1.9186249425099533,2.390334445642786,1.7553040990318793,1.847764647626569,1.3438122037446116,1.4548775745895406,0.1298794011268022,11.626968181010888,3.9161634849474236,44,8
Grenada,GRD,2013,0.6915700376425158,-0.09145487439041167,1.5663658663402489,-0.16305872309946667,2.0917343310375625,-0.2792793538443978,-0.02653174656277961,-1.1402914068158385,1.9186249425099533,2.390334445642786,1.7553040990318793,1.847764647626569,1.3438122037446116,1.4548775745895406,0.1298794011268022,11.639452383441869,4.000868336602342,44,9
Grenada,GRD,2014,0.8260321588788543,-0.09145487439041167,1.5739578110675567,-0.16305872309946667,0.9754323435749699,-0.2792755130674276,-0.02653174656277961,-1.1893642554977044,1.2927837912781783,1.9879572503377398,1.81643686432895,1.2671983214836156,0.6520075723428688,1.4548775745895406,0.1298794011268022,11.645119714016602,3.8786605457625365,44,10
Grenada,GRD,2015,0.9526063945770752,-0.09145487439041167,1.516443612655374,-0.16305872309946667,2.0917807695806556,-0.279272273714448,-0.02653174656277961,-1.2299789123333291,1.2927837912781783,1.5855795721798664,1.81643686432895,1.2671983214836156,0.6520075723428688,1.4548775745895406,0.1298794011268022,11.649874759906268,4.000873122108478,44,11
Grenada,GRD,2016,1.0277881444532215,-0.09145487439041167,1.5099939621968912,-0.16305872309946667,1.1742489183670635,-0.2792695702838364,-0.02653174656277961,-1.2441060973905689,1.2927837912781783,1.5855795721798664,1.81643686432895,1.2671983214836156,1.8818823496251436,1.4548775745895406,0.1298794011268022,11.653825889463395,3.9015480089381596,44,12
Guatemala,GTM,1996,-0.07858252812551074,-1.1304926638298223,-1.35884620232813,-0.9586659376256985,-0.5688316649235208,-0.21693348614119162,0.5427554262089525,-0.6150014910742232,-1.2105808136489213,-0.023929691893144107,-1.5458625860765898,0.3904244667213316,-1.1466844693016627,-1.1645704736689877,-0.15464325040762328,16.174809293680035,3.6804250282261726,45,0
Guatemala,GTM,1997,-0.057391558552625434,-0.9143373494444827,-1.36638644592447,-0.9249370179712871,-0.02568751771106624,-0.21530054259546894,0.5347613534832619,-0.5908730222591569,-1.2105808136489213,-0.023929691893144107,-1.5458625860765898,0.2837897683614545,-1.1466844693016627,-1.1645704736689877,0.722634925156856,16.200390129184857,3.754710099587244,45,1
Guatemala,GTM,1998,-0.028187897941830683,-0.7283591393373248,-1.358022415668661,-0.8413628295553187,0.5766866580872493,-0.21362494558395131,0.5271973713957,-0.5891924142147648,-1.2105808136489213,-0.023929691893144107,-1.5458625860765898,0.1771550700015777,-1.1466844693016627,-1.1645704736689877,0.6989247041956543,16.225976128842607,3.8311156572599407,45,2
Guatemala,GTM,1999,-0.012015981618368522,-0.5773295525183841,-1.3023241927235696,-0.7849994504913992,0.24036336395317362,-0.21193488462319232,0.4848208649799101,-0.5787072751999529,-0.8976602380330339,-0.6274957262771266,-1.2707653623175506,0.1771550700015777,-0.9391430798811399,-1.1645704736689877,0.6989247041956543,16.251136448260635,3.78917794226387,45,3
Guatemala,GTM,2000,0.00319201135208755,-0.7914964427332617,-1.1735699021444892,-0.7039486127835775,-1.381962828093408,-0.21029956515497178,0.4381086937597732,-0.6061728305238157,-0.5847396624171465,-1.2310617606611092,-0.9956681385585116,0.1771550700015777,-0.731601690460617,-1.1645704736689877,0.6989247041956543,16.27489365210766,3.557753671029168,45,4
Guatemala,GTM,2001,0.003304026827938446,-0.4912236954757471,-1.105730805311012,-0.07757787598752702,-1.5595154356916037,-0.20868090096300818,0.4122669559802291,0.024661773270907086,-0.271819086801259,-0.6274957262771266,-0.8581195266789919,0.1771550700015777,-0.731601690460617,-1.1645704736689877,0.6040838203508453,16.29786587252937,3.52884136443579,45,5
Guatemala,GTM,2002,0.022747952857897366,-0.36780048761500594,-1.010077653956726,-0.1813030981514347,-1.5393243489479262,-0.20702851534471528,0.39352492081203333,0.011346252694029373,0.041101488814628474,-0.023929691893144107,-0.7205709147994724,0.1771550700015777,-0.731601690460617,-1.1645704736689877,-0.7711089953988806,16.320784708157333,3.532171679829482,45,6
Guatemala,GTM,2003,0.02641915759351978,-0.44761282115925255,-1.010077653956726,-0.18428522639262507,-0.6399119342873116,-0.20536759069669322,0.37547776468786,0.033051487926121746,0.041101488814628474,-0.023929691893144107,-0.7205709147994724,0.1771550700015777,-0.731601690460617,-1.1645704736689877,-1.0082112050109016,16.343304508059518,3.670282018995611,45,7
Guatemala,GTM,2004,0.038007208886424525,-0.4865768634684035,-0.8975198129652443,-0.09079476775721981,-0.4138786228256222,-0.20369098734206248,0.36091317813691587,0.06988241824697214,0.041101488814628474,-1.2310617606611092,-0.4454736910404334,-0.03611432671817715,-0.731601690460617,-1.1645704736689877,-1.0082112050109016,16.36553392107952,3.7021862482404484,45,8
Guatemala,GTM,2005,0.05230385824086908,-0.4926842539167415,-0.826082087288271,-0.18133545690249567,-0.2979188538434933,-0.20202232159317018,0.5251171482270263,0.04463403324161118,0.041101488814628474,-1.2310617606611092,-0.4454736910404334,-0.03611432671817715,-0.731601690460617,-1.1645704736689877,-0.5340067857868585,16.387178067253906,3.718167060301043,45,9
Guatemala,GTM,2006,0.0949968876928651,-0.2687284330068507,-0.7595852890789315,-0.15781468974277144,-0.27666245957912566,-0.20035601985738982,0.7053996583638807,0.1021043950748321,-0.5847396624171465,-1.2310617606611092,-0.4454736910404334,-0.03611432671817715,-0.731601690460617,-0.32285432619871074,-0.7236885534764754,16.408333953468397,3.721068978963655,45,10
Guatemala,GTM,2007,0.1526815616532319,-0.33311028753616106,-0.6941976280172634,-0.12611002145080777,-0.20141874831487996,-0.19866142737527526,0.7043155288306088,0.06996669159954344,-0.271819086801259,-1.2310617606611092,-0.4454736910404334,-0.03611432671817715,-0.731601690460617,-0.32285432619871074,-1.0082112050109016,16.429399592227195,3.7312740952609866,45,11
Guatemala,GTM,2008,0.1700951492561512,-0.5367063027762058,-0.6584735945369293,-0.23735549876986073,-0.3186341062222067,-0.19697545133389857,0.6885303031484663,0.08938660885329967,0.041101488814628474,-1.2310617606611092,-0.4454736910404334,-0.03611432671817715,-0.731601690460617,-0.32285432619871074,-1.1741827517393169,16.449926777125754,3.7153308927498925,45,12
Guatemala,GTM,2009,0.14789503463386977,-0.8821981459996857,-0.5487943532759195,-0.4450853273169599,-0.4168792816044749,-0.19530553509948112,0.648905806031683,0.040025537254447636,0.041101488814628474,-1.2310617606611092,-0.17037646728139427,-0.03611432671817715,-0.731601690460617,-0.32285432619871074,-0.9370805421272959,16.469851355253386,3.7017693083387306,45,13
Guatemala,GTM,2010,0.16046805560022856,-0.9220632541435664,-0.40701039488338636,-0.29711712431125886,-0.1746547181871448,-0.19361141899280473,0.6304132152276334,0.03717269021076463,-0.5847396624171465,-1.2310617606611092,-0.17037646728139427,-0.03611432671817715,-0.731601690460617,-0.32634709822625874,-0.7236885534764754,16.489667000463886,3.7348790688443265,45,14
Guatemala,GTM,2011,0.19134884507705444,-0.922417650575841,-0.38602289243499754,-0.24118760703159953,-0.32380873157419965,-0.19187256527779145,0.3369171918747434,0.07491727219631567,-0.5847396624171465,-1.2310617606611092,-0.17037646728139427,-0.03611432671817715,-0.731601690460617,-0.3560343507363918,-0.7236885534764754,16.509605637734253,3.7146211668004163,45,15
Guatemala,GTM,2012,0.2054775174460257,-0.9247205048317917,-0.37341218039732416,-0.33104320973502255,-0.15472028830033574,-0.19010091906855328,0.24676430967940297,0.08993974984631145,-0.5847396624171465,-1.2310617606611092,-0.17037646728139427,-0.03611432671817715,-0.731601690460617,-0.3560343507363918,-0.7236885534764754,16.52951950376553,3.737555711939007,45,16
Guatemala,GTM,2013,0.23098066536455444,-0.9170024379747691,-0.3659855101015483,-0.4845309949878514,-0.1459123276248758,-0.188328266516202,0.23407615747486854,-0.34202083538876055,-0.5847396624171465,-1.2310617606611092,-0.17037646728139427,-0.03611432671817715,-0.8699626167409662,-0.36825826699839553,-0.20206369233002838,16.54905552139343,3.7387360993640946,45,17
Guatemala,GTM,2014,0.26911725129904956,-0.9071562261404643,-0.3788718342274486,-0.5311513438876099,-0.223895212066087,-0.1865752763600611,0.23170561105474785,-0.3219908754349368,-0.5847396624171465,-1.2310617606611092,-0.17037646728139427,-0.03611432671817715,-0.8699626167409662,-0.36825826699839553,-0.15464325040762328,16.568006643359173,3.7282365620782345,45,18
Guatemala,GTM,2015,0.30377453865181947,-0.9866035826913963,-0.30948651756736006,-0.6821844372567509,-0.31231831199460813,-0.18484830821223008,0.1556671755998319,-0.3600202745899247,-0.5847396624171465,-1.2310617606611092,-0.17037646728139427,0.3904244667213316,-0.8699626167409662,-0.349048806681296,-0.13093302944642216,16.58633171898771,3.7161964537317935,45,19
Guatemala,GTM,2016,0.3166946207433057,-1.06479818147484,-0.3261554488689093,-0.7846436049524325,-0.42856754241821104,-0.1830796631682524,0.4413035307914475,-0.3703020915631944,-0.5847396624171465,-1.2310617606611092,0.1047207564776448,0.6036938634410864,-0.8699626167409662,-0.349048806681296,-0.08351258752401705,16.604757323867695,3.7001435714569544,45,20
Guatemala,GTM,2017,0.33650902944448563,-1.0966030132216733,-0.33991883537530326,-0.793471083008898,-0.40853104143366625,-0.18130160970937087,0.17024935463318627,-0.4295794820454817,-0.5847396624171465,-1.2310617606611092,0.1047207564776448,0.6036938634410864,-0.8699626167409662,-0.35952659887433014,-0.13093302944642216,16.622944931910354,3.702928861074095,45,21
Honduras,HND,1996,-0.8492800411055558,0.07374772739734219,-0.21000383377818174,1.4373471042390873,-0.3195774360891015,-0.24479890066539997,1.1298827967702214,0.051411588494076725,-1.2105808136489213,-1.2310617606611092,-0.7205709147994724,0.1771550700015777,-1.2850453955820114,-1.8194324857336197,-0.7236885534764754,15.591133023282179,3.7152015478413265,46,0
Honduras,HND,1997,-0.7625119427352468,0.28263951124916353,-0.21000383377818174,1.4007102082098926,-0.26853372433004685,-0.24380148959173664,1.070957657066858,0.011784178482810832,-1.2105808136489213,-1.2310617606611092,-0.4454736910404334,0.1771550700015777,-1.2850453955820114,-1.8194324857336197,-0.5577170067480601,15.619108837771034,3.7221764901237906,46,1
Honduras,HND,1998,-0.7155572713142215,0.554015108252379,-0.21000383377818174,1.436520447672875,-0.37072654789959075,-0.2428310115944087,1.1763266155087202,0.07554831052324971,-1.2105808136489213,-1.2310617606611092,-0.17037646728139427,0.1771550700015777,-1.2850453955820114,-1.8194324857336197,-0.4391659019420505,15.645598034309813,3.7081630589562016,46,2
Honduras,HND,1999,-0.6644063438226842,0.847786509563348,-0.21000383377818174,1.4017554104160765,0.003091055378146337,-0.24184234201003574,1.0377782452122137,0.21774602264524845,-1.2105808136489213,-1.2310617606611092,-0.30792507916091383,0.1771550700015777,-1.1466844693016631,-1.8194324857336197,-0.4391659019420505,15.671881045701902,3.758496288951795,46,3
Honduras,HND,2000,-0.6217752756312355,0.37825441702467255,-0.21000383377818174,1.369454142437321,0.20883620891502758,-0.2407865153982671,1.0590724046337594,0.19499563340227055,-1.2105808136489213,-1.2310617606611092,-0.4454736910404334,0.1771550700015777,-1.0083235430213147,-1.8194324857336197,-0.4391659019420505,15.699206948193526,3.785154994791,46,4
Honduras,HND,2001,-0.621885890739825,0.15574714428746586,-0.21000383377818174,1.2399775865707827,0.06314295912976527,-0.23971336062993512,1.0654726781512132,0.05415161649598012,-1.2105808136489213,-1.2310617606611092,-0.30792507916091383,0.07052037164170027,-0.9391430798811403,-1.8194324857336197,-0.6051374486704647,15.72623665841934,3.766351017918353,46,5
Honduras,HND,2002,-0.6147164104890518,-0.13767332243964683,-0.21000383377818174,1.2997637963030595,-0.0066797423639348725,-0.2386363591299399,1.0353158699058838,0.018004577119371135,-1.2105808136489213,-1.2310617606611092,-0.17037646728139427,-0.03611432671817715,-0.8699626167409662,-1.8194324857336197,-0.36803523905844315,15.75264805386031,3.7572124221916194,46,6
Honduras,HND,2003,-0.6016160750058607,0.03313440484912858,-0.21000383377818174,1.423470337181967,0.18587728401189646,-0.237562406432749,0.9617174151966165,0.027133383689347222,-1.2105808136489213,-1.2310617606611092,-0.4454736910404334,-0.03611432671817715,-0.8699626167409662,-1.8194324857336197,-0.43916590194204935,15.778307884035947,3.782215158051819,46,7
Honduras,HND,2004,-0.5761928071688067,0.5368473560677097,-0.21000383377818174,1.8080062736803046,0.5295853321139715,-0.23649186577463396,1.0682166475485506,-0.04252693708797433,-1.2105808136489213,-1.2310617606611092,-0.4454736910404334,-0.03611432671817715,-0.8699626167409662,-1.8194324857336197,-0.4865863438644545,15.803247225408189,3.8253472207942454,46,8
Honduras,HND,2005,-0.5506416908467244,0.27421199746015806,-0.21000383377818174,1.8379231814940835,0.4379927805855403,-0.23542382608756932,1.068076633209956,-0.06740574140417292,-1.2105808136489213,-1.2310617606611092,-0.4454736910404334,-0.03611432671817715,-1.1466844693016627,-1.8194324857336197,-0.7236885534764754,15.8275235396979,3.8140338324523446,46,9
Honduras,HND,2006,-0.5198497995032877,0.566677532381891,-0.21000383377818174,1.7402013304159634,0.5112606600488069,-0.2343610503490964,0.8784165329490936,-0.02188793785264863,-1.2105808136489213,-1.2310617606611092,-0.4454736910404334,-0.03611432671817715,-1.1466844693016627,-0.7279959735891028,-0.7236885534764754,15.851109009749019,3.823094000872307,46,10
Honduras,HND,2007,-0.49020974258367545,1.15685166733565,-0.14229807056253294,1.7966238711568256,0.7331222606167689,-0.2333013174587348,0.8932280567733534,-0.0743712357348482,-1.2105808136489213,-1.2310617606611092,-0.4454736910404334,-0.03611432671817715,-1.1466844693016627,-0.7279959735891028,-0.7236885534764754,15.874085779327041,3.8500387882716365,46,11
Honduras,HND,2008,-0.47458004045497537,1.3270853676315455,-0.14267035677570003,1.8163642038568832,0.8801535294639665,-0.23224263854903013,0.8848417758978724,-0.0916557837230681,-1.2105808136489213,-1.2310617606611092,-0.4454736910404334,-0.03611432671817715,-1.1466844693016627,-0.7402198898511061,-0.7236885534764754,15.896524362990066,3.8675037041522518,46,12
Honduras,HND,2009,-0.5123029360435217,-0.07822346488998713,-0.14267035677570003,0.6859358380994985,-0.05397741692538619,-0.23118680002787553,0.7083238400020654,-0.08562536542341563,-1.2105808136489213,-1.2310617606611092,-0.17037646728139427,-0.03611432671817715,-1.1466844693016627,-0.7402198898511061,-0.7236885534764754,15.9184122457425,3.750974176837727,46,13
Honduras,HND,2010,-0.5000269519150093,-0.1330373198475074,0.09829768581525122,1.0507800689948332,0.02499850635188296,-0.2301388991124594,0.47625604596784576,-0.12195257112120185,-1.2105808136489213,-1.2310617606611092,0.1047207564776448,-0.03611432671817715,-1.1466844693016627,-0.8135644352023449,-0.7236885534764754,15.939671967575837,3.761368914969429,46,14
Honduras,HND,2011,-0.48625295781420635,0.21677927886279605,0.08867064011032942,1.422557280865305,0.38943016400786307,-0.22909858447589612,0.5736303102980712,-0.10298103316829943,-1.2105808136489213,-1.2310617606611092,0.1047207564776448,-0.03611432671817715,-1.1466844693016627,-0.7995938709817628,-0.4865863438644545,15.960339947501609,3.807983115502531,46,15
Honduras,HND,2012,-0.469524280956885,0.2083201217752308,0.03918552935352823,1.3926206562288546,0.38042608375201936,-0.22805953223424394,0.6038596968303979,-0.07797175504957735,-1.2105808136489213,-1.2310617606611092,0.1047207564776448,-0.03611432671817715,-1.1466844693016627,-0.7995938709817628,-0.9133703211660936,15.980565072238592,3.806857206893433,46,16
Honduras,HND,2013,-0.463033172832483,0.11306081364360951,-0.05522914986495483,1.250540881023947,0.3702172179620317,-0.22702221280824814,0.4523105929566846,-0.13680755196582312,-1.2105808136489213,-1.2310617606611092,0.1047207564776448,-0.03611432671817715,-1.1466844693016627,-0.7995938709817628,-1.0082112050109016,16.00035650183891,3.805579111430238,46,17
Honduras,HND,2014,-0.4539318876195519,-0.044571474614534416,-0.5050236463704745,1.1536042238689816,0.8763876229045138,-0.2259870251623381,0.8652658561316365,-0.21187494912855975,-1.2105808136489213,-1.2310617606611092,0.1047207564776448,-0.03611432671817715,-1.1466844693016627,-0.7995938709817628,-0.9370805421272959,16.019724320609836,3.867060161177436,46,18
Honduras,HND,2015,-0.43791928316981527,0.12489404277063398,-0.47341715136852597,0.9874128791794708,0.4585318016723273,-0.22494981887550883,0.8072602643216503,-0.116702667949447,-0.5847396624171465,-1.2310617606611092,0.1047207564776448,-0.03611432671817715,-1.0083235430213147,-0.7995938709817628,-0.43916590194204935,16.038760842664882,3.8165819404634904,46,19
Honduras,HND,2016,-0.42092495507054106,-0.07499520304267039,-0.4482765694642475,0.7706427299493275,0.2819507121140133,-0.223907301002544,0.7713553846881044,-0.10183803198089925,-0.5847396624171465,-0.023929691893144107,0.1047207564776448,-0.03611432671817715,-1.0083235430213147,-0.7856238306507906,-0.43916590194204935,16.05753650824808,3.7944599623432445,46,20
Honduras,HND,2017,-0.3951077534870122,0.10660119342527886,-0.44952754374582976,0.8287704700235575,0.07317863820326254,-0.22286072202896878,0.6627454790686518,-0.0424364167046478,-0.5847396624171465,-0.023929691893144107,-0.17037646728139427,0.8169632601608406,-0.731601690460617,-0.38397495528794673,-0.3443250180972414,16.076037267424073,3.767657678843117,46,21
Haiti,HTI,1996,-0.8220095769678173,-1.737694574722811,0.16760903726289333,-0.9636008181236106,-0.6309104288531623,-0.2340589985478333,-0.8864406623202554,0.6578008187971478,1.2927837912781783,-1.2310617606611092,0.0824907000201243,-0.7534743190479924,0.6520075723428688,0.36344106244502367,-1.1504725307781145,15.857711963851981,3.671572219176393,47,0
Haiti,HTI,1998,-0.8167855190677369,-1.737694574722811,0.16760903726289333,-1.0713528982096618,-0.6046409253125723,-0.23230482936248292,-0.9231147722488898,0.6522095648617406,0.4583287560781714,-1.2310617606611092,-0.18427041762567883,-0.7534743190479924,-0.2703987873406901,0.36344106244502367,-1.672097391924562,15.895220063738526,3.6753279795384923,47,1
Haiti,HTI,1999,-0.8127312652672347,-1.737694574722811,0.16760903726289333,-0.9133973339826527,-0.5276955802419224,-0.23141666904087033,-0.9403077725527741,0.5096946921961019,0.4583287560781714,-1.2310617606611092,0.2825612081378082,-0.7534743190479924,-0.2703987873406901,0.36344106244502367,-2.1463018111486054,15.913687613659738,3.6862484051404447,47,2
Haiti,HTI,2000,-0.8175271640719173,-1.737694574722811,0.16760903726289333,-1.3439570459400767,-0.6214185491153134,-0.23051241913883364,-0.9698612224499292,-0.33404016843744044,0.4583287560781714,-1.2310617606611092,0.7493928339012951,-0.7534743190479924,-0.2703987873406901,0.36344106244502367,-2.1463018111486054,15.932145759712759,3.6729309047869845,47,3
Haiti,HTI,2001,-0.8279692666030148,-1.7709535754505026,0.16760903726289333,-1.3318387426822615,-0.6436118773391042,-0.22960273855680183,-0.9830061916769673,-0.28809093196973834,0.128758052138453,-1.056115007051533,0.5248692636803386,-0.6554553596382628,-0.8053934465518626,-0.056374994856517674,-2.6205062303726487,15.95037722748917,3.6697512171299964,47,4
Haiti,HTI,2002,-0.8314467916136107,-1.595391401846493,0.16760903726289333,-1.4083838522278616,-0.6396411437904642,-0.22869927467423812,-0.9990461627369387,-0.3204053423756299,-0.20081265180126529,-0.8811682534419569,0.30034569345938256,-0.5574364002285337,-1.3403881057630354,-0.47619105215805874,-2.715347114217458,15.968160971299517,3.670320856125689,47,5
Haiti,HTI,2003,-0.8234857986997736,-0.7243627392383261,0.16760903726289333,-1.0516638875251332,-0.6076347998876658,-0.22779254761992293,-0.9879039356918311,-0.1451157469489762,-0.2314868789783575,-0.855509454188225,0.44095074553375446,-0.3208129049087432,-1.2838925723442436,-0.3991096022211744,-2.715347114217458,15.985696531356407,3.6749006557184174,47,6
Haiti,HTI,2004,-0.8378419903357597,-1.363583661331949,0.16760903726289333,-1.1510864522382591,-0.6387402304776408,-0.2268972535761238,-1.0133676840552905,-0.11980221637466401,0.8755565240146354,-1.2310617606611092,0.5270922693260907,-0.4093356216892292,0.6190643892392228,-1.8194324857336197,-2.3359835788382224,16.002714428637674,3.670450055445173,47,7
Haiti,HTI,2005,-0.8315180282680825,-1.5565927275621965,0.16760903726289333,-1.11662603147026,-0.5902761841982084,-0.22599803538965274,-1.0236519299429798,-0.16793750115626166,0.041101488814628474,-1.2310617606611092,0.46040209995352943,-1.2090951129457181,0.3884632144011119,-1.8194324857336197,-2.0514609273037974,16.019520286234908,3.677375761760867,47,8
Haiti,HTI,2006,-0.8312622063676313,-1.0064666586178201,0.16760903726289333,-1.0557460835222583,-0.28259967876622355,-0.2250733370719327,-1.0189823934153799,-0.046131494503018566,-0.5847396624171465,-1.2310617606611092,-0.9956681385585116,0.8169632601608406,-1.0083235430213147,-0.21458415613043144,-2.549375567489043,16.03651274946165,3.720259278212501,47,9
Haiti,HTI,2007,-0.8172673116946513,-1.62828743095342,0.16760903726289333,-1.136489618028006,-0.5125965357161477,-0.22414003422286077,-1.0234057789364694,-0.14624869006191146,-0.5847396624171465,-1.2310617606611092,-0.9956681385585116,0.8169632601608406,-0.8699626167409662,-0.21458415613043144,-2.9287391028682768,16.05337545998645,3.6883774024295803,47,10
Haiti,HTI,2008,-0.812578680860122,-1.2169221971299669,0.16760903726289333,-1.0822878530271407,-0.6052288838019093,-0.22320230108221387,-1.02232487330121,-0.028878986499406466,-0.5847396624171465,-1.2310617606611092,-0.9956681385585116,0.6036938634410864,-0.45487983789991987,0.22199086783906302,-2.8813186609458725,16.07003659446453,3.6752440730402816,47,11
Haiti,HTI,2009,-0.7921294491702919,-1.218163612405085,0.16760903726289333,-1.1710057683064223,-0.5710127083199225,-0.2222566541546004,-1.0207561344162606,-0.06861742572294365,-0.5847396624171465,-1.2310617606611092,-0.7205709147994724,0.8169632601608406,-0.45487983789991987,0.22199086783906302,-2.999869765751884,16.086561845681608,3.6801153229188586,47,12
Haiti,HTI,2010,-0.826710405052048,0.2831604464205872,0.16760903726289333,-0.8326967780428381,-0.3894161567796328,-0.22157952815209606,-1.0693592769420737,-0.2935397182026189,-1.2105808136489213,-1.2310617606611092,-0.9956681385585116,-0.03611432671817715,-0.731601690460617,-0.24776365677850284,-2.999869765751884,16.09822911161981,3.705578824761849,47,13
Haiti,HTI,2011,-0.8079944235025179,-0.20083480337746423,0.16760903726289333,-0.8489342289179427,-0.4935067588762058,-0.22091492486892253,-1.0558187160754944,-0.2050409545725123,-1.2105808136489213,-1.2310617606611092,-1.2707653623175506,-0.03611432671817715,-0.731601690460617,-0.24776365677850284,-2.999869765751884,16.10954973844787,3.691062629706146,47,14
Haiti,HTI,2012,-0.8131767976816423,-0.6237219839445349,0.16760903726289333,-0.9625862819033804,-0.4538751863537759,-0.21999273943163883,-1.0650702428487555,-0.13981823141051522,-1.2105808136489213,-1.2310617606611092,-0.4454736910404334,-0.03611432671817715,-0.5932407641802689,-0.25474867694398895,-2.999869765751884,16.12504862292899,3.696614412061118,47,15
Haiti,HTI,2013,-0.7995724345513392,-0.57865969587063,0.16760903726289333,-0.9604249428358307,-0.4630071285799588,-0.219084106875571,-1.0646862640232673,-0.11336523344204062,-1.2105808136489213,-1.2310617606611092,-0.4454736910404334,-0.24938312628385903,-0.5932407641802689,-0.25824144897153695,-2.999869765751884,16.140088329321397,3.695337895514237,47,16
Haiti,HTI,2014,-0.7925387735944054,-0.7392037089581499,0.16760903726289333,-0.9016679632693589,-0.5398852799596258,-0.2181857044820378,-1.0603459597639397,-0.040622896930243256,-1.2105808136489213,-1.2310617606611092,-0.4454736910404334,-0.03611432671817715,-0.3165189116195712,-0.2791970333576052,-2.999869765751884,16.154739585528915,3.6845263187661312,47,17
Haiti,HTI,2015,-0.7927715202890062,-1.052428394812056,0.16760903726289333,-0.9134771134201133,-0.5295735866666887,-0.21729245885262277,-1.0736977285614184,-0.08280733390490103,-1.2105808136489213,-1.2310617606611092,-0.4454736910404334,-0.03611432671817715,-0.1781579853392228,-0.25824144897153695,-2.999869765751884,16.16909698773039,3.6859832850293572,47,18
Haiti,HTI,2016,-0.7907317788785205,-1.09868820377831,0.16760903726289333,-0.9290417943132154,-0.5235485355079353,-0.21640988403302272,-1.0922100649640263,-0.2170630862036215,-1.2105808136489213,-1.2310617606611092,-0.4454736910404334,-0.24938312628385903,-0.1781579853392228,-0.24427088475095482,-2.999869765751884,16.183083258741387,3.686833598879837,47,19
Haiti,HTI,2017,-0.7849544894285642,-0.7003875603331459,0.16760903726289333,-0.9097285217477057,-0.21491178730058735,-0.2155387303145527,-1.1046919962547017,-0.2791585409142894,-1.2105808136489213,-1.2310617606611092,-0.4454736910404334,-0.24938312628385903,-0.1781579853392228,-0.24252476068198578,-2.7864777771010636,16.1966993237176,3.729451714752274,47,20
Indonesia,IDN,1996,-0.30625488201955686,0.8426596529330138,-0.47516331026826414,-0.6131756040020427,-0.17218798335503896,0.9300643698643903,0.08449892650818293,1.3708601311185304,0.041101488814628474,1.183202376874821,-0.9956681385585116,1.0302326568805948,-0.1781579853392228,-1.1645704736689877,1.694753984566145,19.129722675998625,3.7352106718507785,48,0
Indonesia,IDN,1997,-0.27619108602765846,0.6856696252922638,-0.3422411376490002,-0.5046516862210774,-0.2709938102277386,0.9499039003267462,0.17566108001791517,1.4438081783452994,-0.271819086801259,0.5796363424908384,-1.2707653623175506,0.8169632601608406,-0.38569937475974586,-1.4920014797013037,0.9360269138076759,19.145985754121266,3.721841441617782,48,1
Indonesia,IDN,1998,-0.42522067827329624,0.3366700250831754,-0.3316989572786006,0.6650170755463745,-0.7007534834034056,0.9694989668236205,-0.15819980832790223,1.5188983690031488,-0.5847396624171465,-0.023929691893144107,-1.5458625860765898,0.6036938634410864,-0.5932407641802689,-1.8194324857336197,-0.5814272277092624,19.161792934049565,3.66151757861202,48,2
Indonesia,IDN,1999,-0.4314882702334902,-0.3048725028609601,-0.319944364807323,-0.302392688091065,-0.8925904098025403,0.9884222665416698,-0.18043237714866847,1.3628631333967014,-0.5847396624171465,-0.023929691893144107,-1.8209598098356288,0.7103285618009635,-0.5932407641802689,-1.8194324857336197,-0.24948413425243235,19.17682464362125,3.633368850233631,48,3
Indonesia,IDN,2000,-0.4015540152970163,-0.3397831123200414,-0.2837795168738435,-0.05523227950025662,-1.1456185196615225,1.0067217645328246,-0.1943308044765312,1.24665498571636,-0.5847396624171465,-0.023929691893144107,-2.096057033594668,0.8169632601608406,-0.5932407641802689,-1.8194324857336197,0.3669816107388232,19.191149044330846,3.594986635145874,48,4
Indonesia,IDN,2001,-0.38154988745082324,-0.3613907341846138,-0.2610190408710961,-0.10306596823260955,-0.9854848778444466,1.0247056042492635,-0.025121949184634125,1.7416032298397368,-0.8976602380330339,-0.6274957262771266,-1.6834111979561093,0.3904244667213316,-0.5932407641802689,-1.4920014797013037,-0.7236885534764754,19.205029233547734,3.6194481036819144,48,5
Indonesia,IDN,2002,-0.35300165409483075,-0.39091621420752076,-0.20971869011565317,-0.4148551237448046,-0.64278382082025,1.0425136673837117,-0.029370481666771038,1.729224596951753,-1.2105808136489213,-1.2310617606611092,-1.2707653623175506,-0.03611432671817715,-0.5932407641802689,-1.1645704736689877,-1.0082112050109016,19.218586491035104,3.6698700363910732,48,6
Indonesia,IDN,2003,-0.3206188975471039,-0.38159210186676584,-0.09846784949994913,-0.573837259734485,-0.7011025835445622,1.0601366586604317,-0.16192578897054863,1.3954037581607375,-1.2105808136489213,-1.2310617606611092,-1.8209598098356288,-0.03611432671817715,-0.5932407641802689,-0.5097084616043556,-1.0082112050109016,19.231824310741175,3.6614670672028304,48,7
Indonesia,IDN,2004,-0.28416302885805805,-0.02478505516517726,-0.017090081931428056,-0.39501256242479366,-0.5248541462519669,1.0772780820067083,-0.1277745565604748,1.4687592592288614,-1.2105808136489213,-1.2310617606611092,-0.9956681385585116,-0.03611432671817715,-0.5932407641802689,-0.5097084616043556,-0.6288476696316664,19.244534424632466,3.6866493997402894,48,8
Indonesia,IDN,2005,-0.239825056402506,0.11974106759637017,-0.06543778936511552,-0.27200975204577227,-0.13810732672423376,1.0948146587789447,-0.029506683333252175,1.6286152821935338,-1.2105808136489213,-1.2310617606611092,-0.17037646728139427,-0.03611432671817715,-0.5932407641802689,-0.5097084616043556,-0.4391659019420505,19.257372490693577,3.7397809133413698,48,9
Indonesia,IDN,2006,-0.1960351009640263,0.1792153918515197,0.04314058777518452,-0.4853494014570781,-0.41658371433711705,1.113155125057782,-0.05380085106047222,1.6622415945391729,-1.2105808136489213,-0.023929691893144107,0.1047207564776448,0.1771550700015777,-0.45487983789991987,0.6096691789813252,0.3195611688164192,19.270625040863848,3.701810384968589,48,10
Indonesia,IDN,2007,-0.14115827786647145,0.27815566381170015,0.303831940288354,-0.5385438852627427,-0.3712886909854446,1.1316782991812353,-0.0292540245663391,1.6501764513622936,-1.2105808136489213,-0.023929691893144107,0.3798179802366839,0.1771550700015777,-0.45487983789991987,0.6096691789813252,0.722634925156856,19.283833694049065,3.7080854281050364,48,11
Indonesia,IDN,2008,-0.08708359303356115,0.6118134299964781,0.2428884114254141,-0.42993165806136446,-0.3316317476074378,1.150111444301568,0.04648558301943151,1.75557540436828,-1.2105808136489213,-0.023929691893144107,0.3798179802366839,0.1771550700015777,-0.45487983789991987,0.5974447388297124,1.030867797652485,19.29680719829635,3.713547243424556,48,12
Indonesia,IDN,2009,-0.04675931712300062,1.0260501367653405,0.3995842300823653,-0.8096889848603015,-0.49543346260209076,1.1683454585340538,0.027375801263590658,1.7214376111812066,-1.2105808136489213,-0.023929691893144107,0.6549152039957229,0.1771550700015777,-0.45487983789991987,0.5974447388297124,1.1731291234196974,19.309477060750737,3.6907919404898606,48,13
Indonesia,IDN,2010,0.014797516978267292,1.0120621524475772,0.4410905578720916,-0.7750825209478036,-0.2963198961274913,1.1867174370481257,0.07517361310664274,1.314057316711825,-1.2105808136489213,-0.023929691893144107,0.6549152039957229,0.1771550700015777,-0.45487983789991987,0.6306247633673935,0.6989247041956543,19.322082474712694,3.718385642831017,48,14
Indonesia,IDN,2011,0.07843858594024442,1.0494149289332513,0.530773203553665,-0.6738449878258701,-0.24698719243444991,1.2055623134596667,0.2504505388130923,1.409092999663152,-1.2105808136489213,-0.023929691893144107,0.6549152039957229,0.1771550700015777,-0.45487983789991987,0.6306247633673935,0.6989247041956543,19.334849357725844,3.725106207337225,48,15
Indonesia,IDN,2012,0.14310828285364768,1.2206515492702101,0.6016041027031734,-0.6912220984904256,-0.2457803527635067,1.2247869980533657,0.39330589746898753,1.38238584565183,-1.2105808136489213,-0.023929691893144107,0.6549152039957229,0.1771550700015777,-0.45487983789991987,0.6707892841809507,0.6989247041956543,19.34770773933785,3.7252700497371625,48,16
Indonesia,IDN,2013,0.20472974128041263,1.1292418034957799,0.6665579614890896,-0.7187385845484637,-0.20288122698573718,1.2435677543309291,0.4486253707562757,1.3023454230048606,-1.2105808136489213,-0.023929691893144107,0.3798179802366839,-0.03611432671817715,-0.3165189116195712,0.6812670763739848,0.6989247041956543,19.360111539445967,3.7310767321333387,48,17
Indonesia,IDN,2014,0.26178337219689446,1.1960500347303438,0.7267869597872141,-0.7349540160115599,-0.15518028641622825,1.2615802956675177,0.5067398148654146,1.2432520422135849,-1.2105808136489213,1.183202376874821,0.6549152039957229,0.1771550700015777,-0.039797059058874096,1.140543808798517,0.6989247041956543,19.37186514852068,3.7374940275882986,48,18
Indonesia,IDN,2015,0.3198365395184007,1.231843432039096,0.8817179498754868,-0.9137127760795497,-0.24794042538391653,1.2789790153426415,0.590824853683661,1.086149883359253,0.041101488814628474,-0.023929691893144107,0.6549152039957229,0.1771550700015777,0.09856386722147399,1.154514373019099,0.43811227362243,19.383088546653692,3.72497677599569,48,19
Indonesia,IDN,2016,0.38336672921864556,1.2034455333508651,0.8808814866106688,-1.0451451348493588,-0.5694039678748817,1.295819893424978,0.548868900669233,1.0243761618411606,0.041101488814628474,-0.023929691893144107,0.6549152039957229,0.1771550700015777,0.09856386722147399,1.1440365808260649,0.4144020526612283,19.393833428615125,3.68034377123796,48,20
Indonesia,IDN,2017,0.45090998428443213,1.1528699447266146,0.993885037353482,-0.9888577586850887,-0.29733031835791246,1.3120121327560128,0.5908448315422054,1.0302836028740998,0.041101488814628474,-0.023929691893144107,0.6549152039957229,0.3904244667213316,0.09856386722147399,1.0427509070336622,0.4144020526612283,19.404056722553793,3.718247520502669,48,21
India,IND,1996,-0.90503713303276,0.22696604123420197,-0.6710717599904862,-1.495985780407585,-0.5462995574115318,5.5537292995771415,-0.3328990321149057,0.07229810686132788,0.6669426400464034,-0.023929691893144107,1.4802068752728401,-0.24938312628385903,0.7903684986232175,0.14515355046027645,2.1215379618677837,20.70273497273008,3.6836189565701494,49,0
India,IND,1997,-0.8969479443976264,0.3270355730197528,-0.653994164089838,-1.4759084862399336,-0.5031955763920655,5.669579661673181,-0.30574951949464946,0.06601231474440755,0.6669426400464034,-0.023929691893144107,1.3426582633933206,-0.14274872650101808,0.8595489617633916,0.14515355046027645,2.1215379618677837,20.722399224546336,3.689700671667034,49,1
India,IND,1998,-0.8800302562701979,0.34021815275773715,-0.653994164089838,-1.4444761338092424,-0.5449132146892582,5.785882663801182,-0.26229109557337793,0.021400592425351164,0.6669426400464034,-0.023929691893144107,1.2051096515138011,-0.03611432671817715,0.9287294249035656,0.14515355046027645,2.1215379618677837,20.741758862971416,3.683815138043344,49,2
India,IND,1999,-0.8511703047557538,0.5919879828811192,-0.7426974212632155,-1.4119948146196821,-0.5720194192933189,5.902360882770033,-0.19291442932972427,-0.04407629195980998,0.6669426400464034,-0.023929691893144107,0.930012427754762,0.17715507000157737,0.9979098880437403,0.14515355046027645,2.1215379618677837,20.76077915486813,3.679972338917964,49,3
India,IND,2000,-0.8425176633797868,0.40848816613934114,-0.5882753061822356,-1.3513081328935035,-0.5200652131726742,6.0196499344174965,-0.18860888223623795,0.023304596370096953,0.6669426400464034,-0.023929691893144107,0.6549152039957229,0.3904244667213316,1.0670903511839143,0.14515355046027645,2.1215379618677837,20.779573137469935,3.6873248695834038,49,4
India,IND,2001,-0.8291991193910453,0.8826684272069485,-0.6008849159897545,-1.3777228989817656,-0.4683594395233186,6.138599940486447,-0.1331264820351953,-0.04670925435614769,0.3540220644305159,-0.023929691893144107,0.1047207564776448,-0.03611402814114067,0.5828271092026941,0.14515355046027645,1.694753984566145,20.798279219663684,3.6945889599225317,49,5
India,IND,2002,-0.819970058269148,0.6886825996619397,-0.5292318158442755,-1.275418236088023,-0.4763169421901602,6.255918140356034,-0.09215026584473604,0.051277167806954856,0.041101488814628474,-0.023929691893144107,-0.4454736910404334,-0.4626525230036132,0.09856386722147399,0.14515355046027645,1.2679700072645055,20.816392162056825,3.6934744484148,49,6
India,IND,2003,-0.7908550871594432,0.6889616005566395,-0.4345802522871902,-1.2438784984727682,-0.5483579777395232,6.370263882540008,-0.006247756227234487,0.035692345331719985,0.041101488814628474,-0.023929691893144107,-0.7205709147994724,-0.6759219197233678,0.09856386722147399,0.14515355046027645,1.2679700072645055,20.833735982483084,3.683327598324291,49,7
India,IND,2004,-0.7595076161598842,0.9767438103234736,-0.36873054266984806,-1.0427450447243034,-0.5199968162217802,6.484525550413838,0.09146562082172167,0.18147596410903294,0.041101488814628474,-0.023929691893144107,-0.7205709147994724,-0.6759219197233678,0.09856386722147399,0.14515355046027645,1.6710437636049433,20.85077168714705,3.6873345135384055,49,8
India,IND,2005,-0.7258277756153253,1.2249815280335001,-0.27171523742672055,-0.9118494068443481,-0.49859812729865316,6.5957878513444905,0.17004272566149192,0.20776363561106623,0.041101488814628474,-0.023929691893144107,0.1047207564776448,-0.6759219197233678,0.09856386722147399,0.14515355046027645,1.8370153103333575,20.86708590181881,3.6903471668110326,49,9
India,IND,2006,-0.688871186704444,1.3255711954997347,-0.24082720185542192,-0.8035089545076707,-0.2776758750969429,6.704178555179177,0.2405170669836742,0.32417970025731524,0.041101488814628474,-0.023929691893144107,0.1047207564776448,-0.6759219197233678,0.09856386722147399,0.8314489391040109,1.8370153103333575,20.88272715405806,3.720930818685681,49,10
India,IND,2007,-0.6516006040429136,1.595731160464455,-0.1554557684061006,-0.8046209867819367,-0.2877578826428539,6.810155006157308,0.34812084318359693,0.3221745110162379,0.041101488814628474,-0.023929691893144107,0.3798179802366839,-0.6759219197233678,0.16774433036164865,1.0497364510887577,1.8370153103333575,20.89778706848453,3.7195552846938016,49,11
India,IND,2008,-0.6410578783113546,1.4629641037204746,-0.0447032397809102,-0.5810624568598999,-0.013018316592500868,6.912902894059576,0.4060382070092682,0.34168036748248026,0.041101488814628474,-0.023929691893144107,0.6549152039957229,-0.6759219197233678,0.09856386722147399,0.8524045234900791,1.8370153103333575,20.912174786647206,3.7563786615955577,49,12
India,IND,2009,-0.5991562123481249,1.3700405888931886,-0.0754846911882181,-0.7875498500242344,-0.18508164993072246,7.017668505858359,0.5155414558725268,0.34039821212978233,0.041101488814628474,-0.023929691893144107,0.6549152039957229,-0.6759219197233678,0.09856386722147399,0.8524045234900791,1.8370153103333575,20.92663495983085,3.7334761610303655,49,13
India,IND,2010,-0.5502528654058212,1.2825397266130605,0.054178736111789846,-0.7007585157679961,-0.3656019463175956,7.124595802211074,0.6253441380409535,0.30729037064585857,0.041101488814628474,-0.023929691893144107,0.6549152039957229,-0.6759219197233678,0.09856386722147399,0.7615971657803194,1.8370153103333575,20.941180996007372,3.7088704785757654,49,14
India,IND,2011,-0.5218781413044519,1.4139102870758824,0.13288803883460393,-0.5154187306039415,-0.300424784509603,7.230252242033924,0.7830361791967112,0.2602220007183465,0.041101488814628474,-0.023929691893144107,0.6549152039957229,-0.6759219197233678,0.09856386722147399,0.7650894139182581,1.5524926587989325,20.955349272150496,3.717824395581537,49,15
India,IND,2012,-0.49042804613593943,1.3076302766387615,0.22989479528320556,-0.510476033049833,-0.4228004628233706,7.334158942962998,0.9373791902504944,0.19646548383995896,0.041101488814628474,-0.023929691893144107,0.6549152039957229,-0.6759219197233678,0.09856386722147399,0.8035083345524565,1.8370153103333575,20.969089833800005,3.700946053112853,49,16
India,IND,2013,-0.44989349347578,1.048001892985438,0.2179005607976733,-0.5672125811635469,-0.3866909538495141,7.436311754577292,0.9458248815447491,0.11345415250014139,0.041101488814628474,-0.023929691893144107,0.6549152039957229,-0.4626525230036132,0.09856386722147399,0.8331950631729799,1.8370153103333575,20.9824168768404,3.7059560579251967,49,17
India,IND,2014,-0.39805509987990007,0.9006057287560919,0.4135041494764464,-0.710450014974028,-0.3548360565244494,7.534252639162791,0.9648830566098144,0.050921860117199,0.041101488814628474,-0.023929691893144107,0.6549152039957229,-0.4626525230036132,0.09856386722147399,0.8733601078761474,1.8370153103333575,20.995029779543263,3.7103550151980262,49,18
India,IND,2015,-0.3371644204565103,0.7372606763861982,0.4034797227099165,-0.9141413399390464,-0.28443337326139156,7.628023017563843,0.9719020835412885,0.025106056697120044,0.041101488814628474,1.183202376874821,0.6549152039957229,-0.4626525230036132,0.236924793501823,0.841926731297045,2.0504072989841773,21.00695833587266,3.720009071701014,49,19
India,IND,2016,-0.2696854472110853,0.6712109867368712,0.45140564365245883,-0.9677010894767832,-0.3119141086575806,7.722820526911207,1.0044530202134274,-0.03574643839780577,0.041101488814628474,1.183202376874821,0.6549152039957229,-0.24938312628385903,0.37528571978217107,0.8541506475590481,2.1215379618677845,21.018874632503948,3.716251823107849,49,20
India,IND,2017,-0.2121235374788682,0.6699227149672172,0.40575728703179653,-0.9484935823956017,-0.3882821853544514,7.816387236948364,1.0147336507414422,-0.04568673823196194,0.041101488814628474,1.183202376874821,0.930012427754762,-0.03611432671817715,0.5136466460625201,0.7528654976562549,2.1215379618677845,21.030498593930048,3.7057358107739993,49,21
"Iran, Islamic Rep.",IRN,1996,0.3371875924059235,1.0684602149446052,0.28301121333999024,-1.109170309110515,-0.6521170223174086,0.09448370141428701,2.6351272453112395,1.2561339837369143,-1.2105808136489213,-0.023929691893144107,-0.17037646728139427,-1.9555377028878216,-1.2850453955820114,-1.1645704736689877,3.2596285680054877,17.956759396074748,3.6685299812645367,50,0
"Iran, Islamic Rep.",IRN,1997,0.33953055762319684,1.2122369199852987,0.28301121333999024,-1.1840125711913525,-0.6476899046228839,0.09899937137715095,2.603168635023326,0.9745005713321736,-0.8976602380330339,-0.023929691893144107,-0.4454736910404334,-1.8489030045279444,-1.0775040061614887,-1.1645704736689877,2.9039752535874555,17.968747088884772,3.6691658478858584,50,1
"Iran, Islamic Rep.",IRN,1998,0.35083287636291804,1.2107963836157287,0.28301121333999024,-1.2835796371640469,-0.6520869374587056,0.1042408171841421,2.572654850139172,0.45587069701014826,-0.5847396624171465,-0.023929691893144107,-0.7205709147994724,-1.7422683061680675,-0.8699626167409662,-1.1645704736689877,2.4060606134022096,17.98248364134912,3.6685343037155667,50,2
"Iran, Islamic Rep.",IRN,1999,0.3601069437437908,1.1145082869864686,0.3981309350131886,-1.1189451636844099,-0.6504924039627502,0.10975207608461839,2.5698032743477626,0.8698573332229361,-0.5847396624171465,-0.023929691893144107,-0.5830223029199529,-1.7422683061680675,-0.662421227320443,-1.1645704736689877,2.4060606134022096,17.996726642952414,3.6687633720569943,50,3
"Iran, Islamic Rep.",IRN,2000,0.4316045432242457,1.0491724004499674,0.417060447998666,-0.9335134223101824,-0.6496322033702175,0.11554758820904926,2.577490889199556,1.107708137375227,-0.5847396624171465,-0.023929691893144107,-0.4454736910404334,-1.7422683061680675,-0.45487983789991987,-1.1645704736689877,2.4060606134022096,18.011488599063174,3.6688869254259076,50,4
"Iran, Islamic Rep.",IRN,2001,0.4459043519183792,1.5940965395836686,0.4011654813018453,-0.9545156291661365,-0.5988311475762493,0.12170084637815802,2.589966051081769,1.0752390457504153,-0.5847396624171465,-0.023929691893144107,-0.30792507916091383,-1.528999208025349,-0.45487983789991987,-0.8371394676366716,1.4339415539929208,18.026926880724353,3.6761567041970595,50,5
"Iran, Islamic Rep.",IRN,2002,0.5717766414249339,1.2844517861196731,0.4070600130103174,-0.7322617814950604,-0.17007174281818063,0.12503137761656274,2.6239929704062095,1.541886604249699,-0.5847396624171465,-0.023929691893144107,-0.17037646728139427,-1.3157301098826306,-0.45487983789991987,-0.5097084616043556,0.6989247041956543,18.035184690467055,3.7354950703233456,50,6
"Iran, Islamic Rep.",IRN,2003,0.7114240981430366,1.213188715337486,0.40132101420867833,-0.6593205011491947,-0.3195816432732933,0.1295451718511389,2.648012656880071,1.5048779888301664,-0.5847396624171465,-0.023929691893144107,-0.9956681385585116,-1.3157301098826306,-0.5932407641802689,-1.1645704736689877,0.6989247041956543,18.046268578583245,3.7152009709347475,50,7
"Iran, Islamic Rep.",IRN,2004,0.754335942196715,1.0410143886736603,0.40081056844529367,-0.6408480962055403,-0.3686806930357225,0.13839965739544705,2.6324192642519306,1.7062618968326189,-0.5847396624171465,-0.023929691893144107,-0.7205709147994724,-1.3157301098826306,-0.5932407641802689,-1.1645704736689877,0.6989247041956543,18.0676607838436,3.7084455366101055,50,8
"Iran, Islamic Rep.",IRN,2005,0.7735111132923093,0.7159223534938312,0.3972346904259377,-0.5498573424706157,-0.42789350469028875,0.14776126245776353,2.622330768612005,1.8872823424028413,-0.5847396624171465,-0.023929691893144107,-0.7205709147994724,-1.3157301098826306,-0.731601690460617,-1.1645704736689877,0.6989247041956543,18.089791278622965,3.7002373961751194,50,9
"Iran, Islamic Rep.",IRN,2006,0.8309092016109171,0.5570662888162877,0.4517638657197952,-0.5869078921510924,-0.5010022721538421,0.15707614104428871,2.615853843055453,1.772213634374528,-0.5847396624171465,-0.023929691893144107,-0.9956681385585116,-1.3157301098826306,-0.731601690460617,-0.8711922922640325,0.6989247041956543,18.111335687613675,3.6900091471279084,50,10
"Iran, Islamic Rep.",IRN,2007,0.9676279747350446,0.6898465732983405,0.4412962804758113,-0.682363263333081,-0.5534974555335901,0.1642807300319684,2.569927149613339,1.7701887250071682,-0.5847396624171465,-0.023929691893144107,-0.7205709147994724,-1.3157301098826306,-0.731601690460617,-0.8711922922640325,0.6989247041956543,18.127686573926923,3.682599762290664,50,11
"Iran, Islamic Rep.",IRN,2008,0.9458289648601065,1.1240172422154422,0.556679911709013,-0.7306112380359435,-0.5693641729027802,0.16970876614339683,2.554956615639587,1.722829966258602,-0.5847396624171465,-0.023929691893144107,-0.17037646728139427,-1.3157301098826306,-0.731601690460617,-0.8886551046225533,0.6989247041956543,18.139831342217434,3.6803494216401043,50,12
"Iran, Islamic Rep.",IRN,2009,0.9404451427749825,0.9945389430466055,0.6121191199683914,-0.8624371726021123,-0.5279997169251772,0.17532773948513578,2.340727446129995,1.3408456716584665,-0.5847396624171465,-0.023929691893144107,-0.4454736910404334,-1.3157301098826306,-0.731601690460617,-0.8886551046225533,0.6989247041956543,18.152249852660642,3.6862054746195287,50,13
"Iran, Islamic Rep.",IRN,2010,1.0410736262575617,0.5698877086481815,0.5630653096837339,-0.8603690973335995,-0.5229141449728338,0.18106221005185846,2.549582315865551,1.4338182465608993,-1.2105808136489213,-0.023929691893144107,-0.4454736910404334,-1.1024607131628763,-0.731601690460617,-1.0440758634490954,0.4618224945836323,18.164766591713757,3.6869230881871484,50,14
"Iran, Islamic Rep.",IRN,2011,1.073562347115972,0.7761339474990426,0.6450435611257144,-0.9346144207006294,-0.5352265021832625,0.1867951264437141,2.3358175110648802,1.602819481274435,-1.2105808136489213,-0.023929691893144107,-0.4454736910404334,-1.1024607131628763,-0.731601690460617,-1.0370908432836092,0.41440205266122715,18.17712526700744,3.6851848326197305,50,15
"Iran, Islamic Rep.",IRN,2012,0.9559764897280257,0.897420097852015,0.6960611122429334,-0.8510942719010338,-0.5274102163706949,0.19267230122763285,2.4611550131051096,1.257105342641145,-1.2105808136489213,-0.023929691893144107,-0.17037646728139427,-0.889191316443122,-0.731601690460617,-1.0370908432836092,0.41440205266122715,18.189638341186416,3.68628868410262,50,16
"Iran, Islamic Rep.",IRN,2013,0.89266210554386,0.5811371320893765,0.6555285197263102,-0.7638654101863284,-0.5477162494944741,0.19888963189317516,2.393869635796245,1.3143081256182552,-0.5847396624171465,-0.023929691893144107,-0.17037646728139427,-1.3157301098826306,-0.731601690460617,-1.0370908432836092,0.41440205266122715,18.20270739159566,3.6834184405882873,50,17
"Iran, Islamic Rep.",IRN,2014,0.9714200578412138,0.7175768658597835,0.6917599655268153,-0.8143656778772341,-0.57507207991666,0.2053645208940557,2.311020890040521,1.0176746291161327,-0.5847396624171465,-0.023929691893144107,-0.4454736910404334,-1.3157301098826306,-0.731601690460617,-1.0370908432836092,0.41440205266122715,18.21613868219046,3.67953864194708,50,18
"Iran, Islamic Rep.",IRN,2015,0.9086436638250808,0.3288497972557893,0.6969499111059224,-0.9869052734495392,-0.566986173179545,0.2120178005871441,2.1470790209756077,0.4284003920212586,-0.5847396624171465,-0.023929691893144107,-0.4454736910404334,-1.1024607131628763,-0.5932407641802689,-1.0056574667045073,0.41440205266122715,18.229754629905592,3.6806870107415643,50,19
"Iran, Islamic Rep.",IRN,2016,1.069476996315398,0.14102580514375282,0.7185303776967114,-0.9736740550458941,-0.5308413740946782,0.21912095137995896,2.079517347233614,0.6078140201151679,0.041101488814628474,-0.023929691893144107,0.1047207564776448,-1.1024607131628763,-0.5932407641802689,-0.974224090125405,0.41440205266122715,18.24408948559304,3.6858042704165657,50,20
"Iran, Islamic Rep.",IRN,2017,1.1064013325752187,0.16022530690103245,0.6978866935252772,-0.8782652591591864,-0.4812740072294043,0.2263530808226577,2.087053979693448,0.7597891410616754,-0.5847396624171465,-0.023929691893144107,0.1047207564776448,-0.889191316443122,-0.5932407641802689,-0.9550146298083059,0.41440205266122715,18.258476529632457,3.692779543625511,50,21
Iraq,IRQ,1996,-0.3474211157782731,-2.6577877617545242,-0.8918377601658412,-2.133390579840913,-0.6593454491059313,-0.15192136892933347,0.764245562216777,2.623240313941272,-1.2105808136489213,-1.2310617606611092,-2.096057033594668,-1.3157301098826306,-1.4234063218623598,-1.1645704736689877,-1.861779159614179,16.88362497957965,3.667490892984035,51,0
Iraq,IRQ,1997,-0.17944543505481658,-2.5437095747373104,-0.8918377601658412,0.9560925045414187,-0.6549656451964135,-0.1479003314933049,0.8118875020010718,4.007873271478386,-1.2105808136489213,-1.2310617606611092,-2.096057033594668,-1.3157301098826306,-1.4234063218623598,-1.1645704736689877,-2.2174324740322113,16.914547966327323,3.668120619862901,51,1
Iraq,IRQ,1998,0.16743492480754318,-2.4550894773038374,-0.8918377601658412,1.7143393112774754,-0.6495883113136963,-0.14368556407595948,0.938268585407162,3.600749397650614,-1.2105808136489213,-1.2310617606611092,-2.096057033594668,-1.3157301098826306,-1.4234063218623598,-1.1645704736689877,-2.715347114217458,16.945966013679424,3.6688932293733876,51,2
Iraq,IRQ,1999,0.37116633307884467,-2.4813880125038565,-1.057547041694903,1.8910290907421048,-0.654633135205347,-0.1392068727564833,1.0317483696912175,4.388317013176397,-1.2105808136489213,-1.2310617606611092,-2.096057033594668,-1.3157301098826306,-1.2850453955820114,-1.1645704736689877,-2.715347114217458,16.97830387000341,3.6681684118567075,51,3
Iraq,IRQ,2000,0.5895410600098346,-2.3930137581304876,-0.9606879587775248,1.5133459257863489,-0.6559634357536309,-0.134517379350925,1.1271461125899034,4.824571340979733,-1.2105808136489213,-1.2310617606611092,-2.096057033594668,-1.3157301098826306,-1.1466844693016627,-1.1645704736689877,-2.715347114217458,17.01107914716419,3.6679771927152363,51,4
Iraq,IRQ,2001,0.5638075664795518,-2.0038741401921163,-0.9652046178459286,1.5553590225204195,-0.6592189352261804,-0.12990973320033686,1.1047632488675896,4.208319752415912,-1.2105808136489213,-1.2310617606611092,-2.096057033594668,-1.3157301098826306,-1.2850453955820114,-1.1645704736689877,-2.715347114217458,17.042268874208197,3.667509088674393,51,5
Iraq,IRQ,2002,0.35717732399461666,-2.0968338846052545,-0.9652046178459286,1.3511166159573564,-0.6561274951420247,-0.12509405985059394,1.0149992950217233,3.935823630608651,-1.2105808136489213,-1.2310617606611092,-2.096057033594668,-1.3157301098826306,-1.4234063218623598,-1.1645704736689877,-2.715347114217458,17.073859371853832,3.667953608071147,51,6
Iraq,IRQ,2003,-0.2833002351305199,-1.4553395453516194,-0.8327198125852491,2.3543273419284567,0.15411912512214498,-0.12035352877152894,0.9377119002621914,3.658490206761332,-1.2105808136489213,-1.2310617606611092,-2.096057033594668,-1.3157301098826306,-1.4234063218623598,-1.1645704736689877,-1.9091996015365842,17.104011694287102,3.7781343011897004,51,7
Iraq,IRQ,2004,0.2179649995892699,-2.0959068161807943,-0.6615137940606716,1.3648506044710025,-0.5105278949938037,-0.11573733763651868,0.8615876719921618,2.906332178476293,-0.5847396624171465,-0.023929691893144107,-2.096057033594668,-1.7422683061680675,-1.700128174423057,-1.8194324857336197,-2.7864777771010636,17.1325245238189,3.6886687324407434,51,8
Iraq,IRQ,2005,0.19826185271999347,-1.067768011242099,-0.6615137940606716,1.2341417634698986,-0.4731754869554946,-0.11079750298351033,0.8587268842791412,3.0544863110762406,-0.5847396624171465,-1.2310617606611092,-2.096057033594668,-1.7422683061680675,-1.700128174423057,-1.8194324857336197,-2.999869765751884,17.162161957472154,3.6939145825962956,51,9
Iraq,IRQ,2006,0.27140635043990563,-0.601594072145471,-0.6615137940606716,0.47481732133141813,-0.5515521343186016,-0.1095525731868681,0.8646596407195858,2.8736775646517847,-1.2105808136489213,-1.2310617606611092,-1.8209598098356288,-1.7422683061680675,-1.8384891007034063,-1.1191665328693032,-2.999869765751884,17.169494591628702,3.6828753146299364,51,10
Iraq,IRQ,2007,0.3138942463522653,-1.9275828396163652,-0.46535191394593173,0.022061405001266327,-0.4616943815699604,-0.1108918312749605,0.8135177579357568,2.7620230260451963,-1.2105808136489213,-1.2310617606611092,-1.8209598098356288,-1.5289995066023851,-1.8384891007034063,-0.9008795447741657,-2.999869765751884,17.161604166507043,3.6955214993217207,51,11
Iraq,IRQ,2008,0.4120410269906647,-0.9521841746460004,-0.46535191394593173,0.22468813651048825,-0.4055721244624322,-0.10744150947793557,0.84805831178353,2.9860159256740304,-1.2105808136489213,-1.2310617606611092,-1.8209598098356288,-1.1024607131628763,-1.8384891007034063,-0.6843381568583876,-1.8973444910559831,17.181807164755558,3.703339525800879,51,12
Iraq,IRQ,2009,0.4058638598282326,-1.4965038136590483,-0.46535191394593173,0.15577031730690577,-0.4017580256219244,-0.10096774591402767,0.834321871665668,2.083822426065022,-1.2105808136489213,-1.2310617606611092,-1.5458625860765898,-1.1024607131628763,-1.8384891007034063,-0.6843381568583876,-1.5535462871185508,17.218646293138203,3.703868631568428,51,13
Iraq,IRQ,2010,0.4575115388471459,-0.7826023182114464,-0.46535191394593173,0.004734972178151751,-0.47695703461567934,-0.095089511194759,0.8852203292281661,2.401597674536922,-1.2105808136489213,-1.2310617606611092,-1.8209598098356288,-1.1024607131628763,-1.8384891007034063,-0.6843381568583876,-1.43499518231254,17.25096014426062,3.693384744382257,51,14
Iraq,IRQ,2011,0.5247316228309319,-0.6681929368403973,-0.46535191394593173,-0.033858404350044474,-0.4569084998489219,-0.0884437284601288,0.9282297478085896,2.9658961367488903,-1.2105808136489213,-1.2310617606611092,-0.7205709147994724,-1.1024607131628763,-1.561767248142709,-0.6790992607618705,-1.43499518231254,17.286278310994888,3.6961905783867164,51,15
Iraq,IRQ,2012,0.6871998126334086,-0.927696906960092,-0.46535191394593173,0.007971235646361475,-0.3789948313240938,-0.0795508827836622,1.0462532649285095,2.801228217972522,-1.2105808136489213,-1.2310617606611092,-0.7205709147994724,-1.3157301098826306,-1.4234063218623598,-0.23030084441998264,-1.6246769500021583,17.331667526433154,3.7070206173084754,51,16
Iraq,IRQ,2013,0.7402782761728053,-0.3075520694955858,-0.46535191394593173,-0.17242103214940102,-0.8326936030177204,-0.0698617219700617,1.1016259068439052,2.5601661843170014,-1.2105808136489213,-1.2310617606611092,-1.2707653623175506,-1.3157301098826306,-1.4234063218623598,-0.23030084441998264,-1.719517833846966,17.378883193407802,3.6422430370914487,51,17
Iraq,IRQ,2014,0.7140148953453433,-0.20464998292664438,-0.46535191394593173,-0.1266593890899485,-1.4471091494453092,-0.0623107544465974,1.0990060285412144,2.3610039120876256,-1.2105808136489213,-1.2310617606611092,-1.5458625860765898,-1.1024607131628763,-1.4234063218623598,-0.20759861207533598,-1.719517833846966,17.41419338574558,3.547242211639978,51,18
Iraq,IRQ,2015,0.710913622150877,0.40793439356841493,-0.46535191394593173,-0.10892820114771758,-1.4624487271636422,-0.056293680105874794,1.085694864047871,1.528298557498845,-1.2105808136489213,-1.2310617606611092,-1.5458625860765898,-0.889191316443122,-1.4234063218623598,-0.2337930925579207,-1.719517833846966,17.441464482703047,3.544750992645851,51,19
Iraq,IRQ,2016,0.9346204564114168,-0.9794264433611565,-0.46535191394593173,-0.5455553728697337,-1.3221988335082748,-0.05088031635794195,1.1723476019778303,1.598660133946286,-1.2105808136489213,-1.2310617606611092,-1.5458625860765898,-0.889191316443122,-1.561767248142709,-0.2337930925579207,-1.719517833846966,17.465379604809097,3.5673004637498265,51,20
Iraq,IRQ,2017,0.8453710494946167,-0.9782890301031221,-0.46535191394593173,-0.39444165648406265,-1.1332863447747206,-0.04571327443969959,1.1416346074333419,2.0286743405793515,-1.2105808136489213,-1.2310617606611092,-1.5458625860765898,-1.3157301098826306,-1.561767248142709,-0.23204696848895165,-1.719517833846966,17.48768510887667,3.5968918695118353,51,21
Jamaica,JAM,1996,0.2085549565646082,-0.09145487439041167,0.6336168562895867,-0.16305872309946667,-0.3300389159644959,-0.26492273198925426,0.4836887817773319,-0.1304734165390564,0.041101488814628474,-0.023929691893144107,0.1047207564776448,0.8169632601608406,-0.1781579853392228,0.14515355046027645,1.5524926587989325,14.741539320929874,3.713765996752062,52,0
Jamaica,JAM,1998,0.13062859617881956,-0.09145487439041167,0.6336168562895867,-0.16305872309946667,-0.005020531526068531,-0.26465314517410227,0.18991304653905944,-0.3406546944030278,0.041101488814628474,-0.023929691893144107,0.1047207564776448,0.8169632601608406,-0.1781579853392228,0.14515355046027645,1.5524926587989325,14.759314117004507,3.757430555987748,52,1
Jamaica,JAM,2000,0.13704055994517467,-0.09145487439041167,0.5999944474244677,-0.16305872309946667,0.1715012112277028,-0.26442633091860474,-0.0204701731636721,-0.3745540028257556,0.041101488814628474,-0.023929691893144107,0.1047207564776448,0.3904244667213316,-0.1781579853392228,0.14515355046027645,0.8886064718852714,14.774027865472632,3.7803699255836785,52,2
Jamaica,JAM,2002,0.16713352106424265,-0.09145487439041167,0.616268870291153,-0.16305872309946667,0.15493453280681874,-0.2642313385423768,0.010583695707377275,-0.47820151640784503,-0.5847396624171465,-0.023929691893144107,-0.4454736910404334,0.3904244667213316,-0.3165189116195712,-0.5097084616043556,-0.13093302944642216,14.786506497026087,3.7782392879405284,52,3
Jamaica,JAM,2003,0.2118784867480677,-0.09145487439041167,0.6296424941383583,-0.16305872309946667,0.6311434239404685,-0.26413575976540143,0.03230948993262438,-0.4640301187794978,-0.5847396624171465,-0.023929691893144107,-0.4454736910404334,0.6036938634410864,-0.3165189116195712,-0.5097084616043556,-0.4391659019420505,14.792566701743475,3.8377436919576127,52,4
Jamaica,JAM,2004,0.22298231361633117,-0.09145487439041167,0.802736555298821,-0.16305872309946667,0.3203195490943517,-0.2640428546455728,0.12984405014434955,-0.40005196297034606,-0.5847396624171465,-0.023929691893144107,0.3798179802366839,0.8169632601608406,-0.039797059058874096,-0.5097084616043556,-0.15464325040762328,14.798422390900239,3.799308577277827,52,5
Jamaica,JAM,2005,0.22812388368744793,-0.09145487439041167,0.767914557524607,-0.16305872309946667,0.3515202015044863,-0.26395448104709973,0.06686782005692327,-0.42993461201823974,-0.5847396624171465,-1.2310617606611092,0.3798179802366839,0.6036938634410864,0.09856386722147399,0.14515355046027645,0.4144020526612283,14.803960822158363,3.8032341009573103,52,6
Jamaica,JAM,2006,0.2644453393070933,-0.09145487439041167,0.767914557524607,-0.16305872309946667,0.5978721650155316,-0.2638716989053322,0.059021587781985844,-0.4867890595853289,0.041101488814628474,1.183202376874821,0.3798179802366839,1.4567708531660315,0.37528571978217107,1.2086494580532385,0.22472028497161128,14.809121155478234,3.8336994083175875,52,7
Jamaica,JAM,2007,0.2793894336414403,-0.09145487439041167,0.8296056922570975,-0.16305872309946667,0.47047276243528446,-0.2637952882850501,0.09457720716782494,-0.47882862068587867,0.041101488814628474,1.183202376874821,0.3798179802366839,1.4567708531660315,0.37528571978217107,1.2086494580532385,0.4144020526612283,14.813860793180915,3.818060378367362,52,8
Jamaica,JAM,2008,0.25970771194357783,-0.09145487439041167,0.8892321552281215,-0.16305872309946667,1.127185376372501,-0.2637248144936662,0.06685393720919248,-0.6147772791319626,0.041101488814628474,1.183202376874821,0.3798179802366839,1.4567708531660315,0.236924793501823,0.7493727256287066,0.22472028497161128,14.818212353342636,3.896177259011094,52,9
Jamaica,JAM,2009,0.18551607029927467,-0.09145487439041167,0.9660075000154213,-0.16305872309946667,0.054876653366216784,-0.2636571691814464,-0.1421863356255283,-0.7482185182544283,0.041101488814628474,1.183202376874821,0.1047207564776448,1.4567708531660315,0.236924793501823,0.7493727256287066,0.1298794011268022,14.8223715265676,3.765273448286646,52,10
Jamaica,JAM,2010,0.1576172661984412,-0.09145487439041167,0.9414165932734766,-0.16305872309946667,-0.4064153166779331,-0.2635882555196225,-0.23846190660511432,-0.7569512445334056,0.041101488814628474,1.183202376874821,-0.17037646728139427,1.4567708531660315,0.09856386722147399,0.3127982255488221,0.3432713897776209,14.826590970570248,3.7032225172913225,52,11
Jamaica,JAM,2011,0.17649463434172585,-0.09145487439041167,1.0152777878388486,-0.16305872309946667,-0.44356693694701216,-0.26351723985117764,-0.22252458779091386,-0.7350049023997354,0.041101488814628474,1.183202376874821,-0.17037646728139427,1.4567708531660315,0.09856386722147399,0.29882766132824023,0.41440205266122715,14.83092056943852,3.698053404585988,52,12
Jamaica,JAM,2012,0.16106717930175843,-0.09145487439041167,1.0152777878388486,-0.16305872309946667,-0.1602441014084395,-0.26344616463580306,-0.3034273158498649,-0.7563221515472734,0.041101488814628474,1.183202376874821,0.1047207564776448,1.243502053600349,0.09856386722147399,0.3442316021279245,0.41440205266122715,14.835235110611123,3.736814733761066,52,13
Jamaica,JAM,2013,0.16269718086274915,-0.09145487439041167,0.7935038660383672,-0.16305872309946667,0.022224205110120878,-0.2633791326569599,-0.3359164593661577,-0.7475329051818876,0.041101488814628474,1.183202376874821,0.930012427754762,1.243502053600349,0.236924793501823,0.7808061022078092,0.6989247041956543,14.839287225190734,3.7610055892713214,52,14
Jamaica,JAM,2014,0.1674983291156039,-0.09145487439041167,0.8285206231437154,-0.16305872309946667,0.08781759022223987,-0.26331921653622437,-0.37451425708295616,-0.725296764276051,0.041101488814628474,1.183202376874821,1.2051096515138011,1.0302326568805948,0.236924793501823,0.7808061022078092,0.6989247041956543,14.842895337344016,3.769560636531433,52,15
Jamaica,JAM,2015,0.17640738464679537,-0.09145487439041167,0.7918064182980588,-0.16305872309946667,0.44176475759770695,-0.2632669045584206,-0.3785506839769635,-0.8196014646372223,0.041101488814628474,1.183202376874821,1.2051096515138011,1.243502053600349,0.236924793501823,0.7808061022078092,1.125708681497293,14.846034922699708,3.814502277698845,52,16
Jamaica,JAM,2016,0.21329577592872248,-0.09145487439041167,0.8852422740305724,-0.16305872309946667,0.4500978958637115,-0.26322295296955667,-0.27414204294820355,-0.8323578891187661,0.041101488814628474,1.183202376874821,1.2051096515138011,1.243502053600349,0.236924793501823,0.7808061022078092,0.6989247041956543,14.848665147624683,3.8155364004502004,52,17
Jamaica,JAM,2017,0.24487945485309848,-0.09145487439041167,0.7514001130146453,-0.16305872309946667,0.3440719905164861,-0.26318812397033364,-0.2717229314558254,-0.8134701702243525,0.041101488814628474,1.183202376874821,0.930012427754762,1.0302326568805948,0.37528571978217107,0.763343289849289,0.6989247041956543,14.850744541073237,3.802298400314325,52,18
Jamaica,JAM,2018,0.2814248832705896,-0.09145487439041167,0.7342191954554247,-0.16305872309946667,0.1601483036432445,-0.2631623222856639,-0.21792468982081256,-0.7656730816438827,0.041101488814628474,1.183202376874821,1.2051096515138011,1.0302326568805948,0.236924793501823,0.7161932249806355,0.841186029962868,14.852282194083518,3.7789103197615974,52,19
Jordan,JOR,1996,-0.15174444937548218,0.8200712805975829,0.7818024878811138,1.6798817113370041,-0.6161808866337338,-0.25070260956122464,0.4851789694404528,-0.47411218329355687,0.6669426400464034,1.183202376874821,-0.4454736910404334,0.1771550700015777,0.6520075723428688,-0.5097084616043556,3.0699468003158707,15.407296995713462,3.6736798440792757,53,0
Jordan,JOR,1997,-0.14517309856642976,0.38059573607191133,0.7818024878811138,1.3794927545477935,0.22861379223948988,-0.2499060562363717,0.4603314485158897,-0.4452245073723265,0.6669426400464034,1.183202376874821,-0.5830223029199529,0.1771550700015777,0.6520075723428688,-0.5097084616043556,2.3349299505186036,15.434163085134244,3.7876805573638066,53,1
Jordan,JOR,1998,-0.13753794989304413,-0.1800314979591828,0.7818024878811138,1.0394468054212276,0.03983311563859902,-0.2492034084197675,0.44171178779432607,-0.45939589312749085,0.6669426400464034,1.183202376874821,-0.7205709147994724,0.1771550700015777,0.6520075723428688,-0.5097084616043556,1.8370153103333575,15.457277219201139,3.763309435639692,53,2
Jordan,JOR,1999,-0.12362703043016733,0.09178973533558935,0.8190771623811809,0.9061015611354237,-0.3117503397687802,-0.2485355300554566,0.431899169950959,-0.486300223418701,0.6669426400464034,0.5796363424908384,-0.30792507916091383,0.1771550700015777,0.6520075723428688,-0.5097084616043556,1.3628108911093144,15.478763133462722,3.716274255947019,53,3
Jordan,JOR,2000,-0.09873665284710346,-0.1865476030221317,0.7643530194186466,1.0765952857929368,1.2608503315526625,-0.24787753052679465,0.4306951761191598,-0.46872722502890374,0.6669426400464034,-0.023929691893144107,0.1047207564776448,0.1771550700015777,0.6520075723428688,-0.5097084616043556,1.2679700072645055,15.499489177480259,3.911355955038531,53,4
Jordan,JOR,2001,-0.06102671195237311,-0.3920856161092462,0.7643530194186466,1.046229723120948,-0.11459742441760312,-0.2472109086027019,0.44186636064591284,-0.4666825615016042,0.3540220644305159,0.5796363424908384,-0.5830223029199529,0.1771550700015777,0.4444661829223461,-0.5097084616043556,1.2679700072645055,15.520057720926856,3.7429214787181877,53,5
Jordan,JOR,2002,-0.01654162103688276,-0.44930934250373916,0.7297066855835378,1.1845615571008634,-0.2144841407672284,-0.24651318531718977,0.4691379434787598,-0.3563146227211092,0.041101488814628474,1.183202376874821,-1.2707653623175506,0.1771550700015777,0.236924793501823,-0.5097084616043556,1.2679700072645055,15.54114215481605,3.7295095240208074,53,6
Jordan,JOR,2003,0.007679772997881209,-0.24611244234438825,0.7343188981133255,1.233102682544322,0.296717748375164,-0.2457643112190044,0.7399461129012316,-0.33508721852337325,0.041101488814628474,1.183202376874821,-1.2707653623175506,-0.03611432671817715,0.236924793501823,-0.5097084616043556,1.2679700072645055,15.563288358655432,3.796328835412612,53,7
Jordan,JOR,2004,0.0861485083420814,0.2586243509430968,0.7305877629547008,1.7835564995779358,0.8018440173073149,-0.24492926675874752,1.088335882006217,-0.1880667268827282,0.041101488814628474,-0.023929691893144107,-0.4454736910404334,-0.03611432671817715,0.37528571978217107,-0.5097084616043556,1.2679700072645055,15.587417938672964,3.8582397914697135,53,8
Jordan,JOR,2005,0.16265591375132296,0.9669815492034887,0.7570650342026738,2.1411382955706473,2.1433603116671525,-0.24405079472260865,1.061551039873351,-0.17755562260867352,0.041101488814628474,-0.023929691893144107,-0.7205709147994724,-0.03611432671817715,0.5136466460625201,0.14515355046027645,1.2679700072645055,15.612189241327647,4.006174320836763,53,9
Jordan,JOR,2006,0.18324659369001023,0.3393943198057617,0.8431229910058295,1.9909291429466174,3.52380605906034,-0.24168211313140806,1.0097866458022058,-0.1835640454094975,0.041101488814628474,-0.023929691893144107,-0.7205709147994724,-0.03611432671817715,0.5136466460625201,0.1748408029704092,1.2679700072645055,15.676076303493703,4.138520040753473,53,10
Jordan,JOR,2007,0.2106335516629488,0.5857261842598198,0.8771220983651571,2.114520491154978,2.065434573851731,-0.23930109341635894,0.9761075546352632,0.0415691413414276,0.041101488814628474,-0.023929691893144107,0.1047207564776448,-0.03611432671817715,0.5136466460625201,0.1748408029704092,1.2679700072645055,15.736429292649554,3.9981544528037363,53,11
Jordan,JOR,2008,0.2822445763444196,1.074840023009332,0.9035626925269461,1.9666449852925068,1.559416361403548,-0.23833262810525727,0.9561333220725958,0.21705549121447554,0.041101488814628474,-0.023929691893144107,0.1047207564776448,-0.03611432671817715,0.5136466460625201,0.1765869270393788,1.2679700072645055,15.759972086847286,3.944450712482842,53,12
Jordan,JOR,2009,0.3265236843189661,0.980266134798532,0.9035626925269461,1.1296505686011908,1.0904040935604693,-0.2374281876530453,0.9101912789870131,0.059522158951977926,0.041101488814628474,-0.023929691893144107,0.1047207564776448,-0.03611432671817715,0.5136466460625201,0.1765869270393788,1.2679700072645055,15.781468962410022,3.8919597165319897,53,13
Jordan,JOR,2010,0.32876586169166117,0.9944155154224705,0.8644447876203596,1.1899110441936254,0.44903701007847474,-0.2365034833806323,0.8458601432884515,-0.06516811786489904,0.041101488814628474,-0.023929691893144107,0.1047207564776448,-0.03611432671817715,0.5136466460625201,0.14340742639130682,1.2679700072645055,15.802979892604869,3.815404806424518,53,14
Jordan,JOR,2011,0.3323367265527175,0.7025047722681094,0.8727076111796988,1.3201998007320663,0.23787334304533161,-0.2354115058277997,0.7748237746135531,-0.02107036596351978,0.041101488814628474,-0.023929691893144107,-0.17037646728139427,-0.03611432671817715,0.6520075723428688,0.16960190687389212,1.2679700072645055,15.827800166518387,3.7888607970515022,53,15
Jordan,JOR,2012,0.34852463114186627,0.20245635911916385,0.8596489138920763,1.2956352198105008,0.21326927462512385,-0.2347761222230648,0.7176247408709268,-0.10351669059122652,0.041101488814628474,-0.023929691893144107,-0.17037646728139427,0.1771550700015777,0.5136466460625201,-0.28967482555063934,1.0782882395748896,15.841963685141389,3.7857216443576913,53,16
Jordan,JOR,2013,0.30577220690438045,-0.036447091984035826,0.8622164612790277,1.1092656337943185,0.3473361018409753,-0.2323663651597082,0.6465678563222276,-0.11748048815474456,0.6669426400464034,1.183202376874821,-0.17037646728139427,0.3904244667213316,0.6520075723428688,-0.28967482555063934,0.9834473557300805,15.893927825254153,3.802708570462739,53,17
Jordan,JOR,2014,0.208783722195218,-0.05118929843580249,0.9188747992542221,1.0652427057037412,0.3939113514941629,-0.22760320029263728,0.5567099861026411,-0.1284968923549036,0.6669426400464034,1.183202376874821,-0.17037646728139427,0.3904244667213316,0.6520075723428688,-0.28967482555063934,1.0071575766912821,15.98931990373371,3.808542990213421,53,18
Jordan,JOR,2015,0.12418013273678831,-0.09967200980233877,0.9188747992542221,0.6409126428687186,0.08050947439244592,-0.2231192033417185,0.4601572432962934,-0.15155413213368044,0.6669426400464034,1.183202376874821,-0.17037646728139427,0.3904244667213316,0.6520075723428688,-0.2722120131921194,1.2679700072645055,16.07149972768061,3.7686110870827103,53,19
Jordan,JOR,2016,0.08543806406063613,-0.31687851983539883,0.9188747992542221,0.4477584219267614,0.035341788169925524,-0.22037029078515855,0.37961786258329133,-0.19863050815042083,0.6669426400464034,1.183202376874821,0.1047207564776448,0.6036938634410864,0.6520075723428688,-0.25474867694398895,1.2679700072645055,16.118732248287237,3.7627223208027267,53,20
Jordan,JOR,2017,0.08810839462520276,-0.30380127378909816,0.9190745199659691,0.4771769131711968,0.21030980141403252,-0.21901346039809075,0.32482906268202205,-0.21160835656677007,0.6669426400464034,1.183202376874821,0.1047207564776448,0.8169632601608406,0.6520075723428688,-0.27046536523354014,1.1968393443809002,16.14124824906659,3.7853433900356697,53,21
Kazakhstan,KAZ,1996,0.3144339959320368,-0.65807520271582,0.8612009337496341,-0.05998467797418517,0.30390233023261154,-0.1822027333975946,-0.17467657075617288,-0.12189961647513856,-1.2105808136489213,-1.2310617606611092,-1.8209598098356288,-0.24938312628385903,-1.561767248142709,-1.8194324857336197,1.2679700072645055,16.6137687326042,3.7972368336806874,54,0
Kazakhstan,KAZ,1997,0.3802226090936281,-0.7761086516976257,0.8612009337496341,-0.028380793888831916,0.40267523204288047,-0.184422500026824,-0.19705894713553587,-0.12034422811161383,-1.2105808136489213,-1.2310617606611092,-1.40831397419707,-0.46265252300361354,-1.4925867850025345,-1.8194324857336197,1.2679700072645055,16.590798882995173,3.809637034811633,54,1
Kazakhstan,KAZ,1998,0.389983296357665,-0.8408501408519075,0.8156270343716041,-0.23661479354449202,0.26776015315751994,-0.18677737863970367,-0.228918076784655,0.18945645019590618,-1.2105808136489213,-1.2310617606611092,-0.9956681385585116,-0.6759219197233678,-1.4234063218623598,-1.8194324857336197,1.2679700072645055,16.5658399952941,3.7926607497334044,54,2
Kazakhstan,KAZ,1999,0.45735229577552655,-0.7849257885106514,0.9433639494603704,0.26902785579582056,1.01450583269452,-0.18792014972363089,-0.24083777415771943,0.4945607618376299,-1.2105808136489213,-1.2310617606611092,-0.5830223029199529,-0.6759219197233678,-1.4234063218623598,-1.8194324857336197,1.2679700072645055,16.553499747927614,3.8832001767539666,54,3
Kazakhstan,KAZ,2000,0.6243931034896282,-0.6468758776075181,0.9263361296052605,0.9418769416592903,0.6745622098550047,-0.18765082491496987,-0.22398875234574858,0.8963359527746929,-1.2105808136489213,-1.2310617606611092,-0.17037646728139427,-0.6759219197233678,-1.4234063218623598,-1.8194324857336197,1.0782882395748896,16.556421805159488,3.8429969762395477,54,4
Kazakhstan,KAZ,2001,0.8743619503036573,0.13066234892921277,0.9263361296052605,0.5679008053417277,1.6020680837005115,-0.1872075158869041,-0.1897309392380374,0.7598256281825824,-1.2105808136489213,-1.2310617606611092,-0.032827855401874745,-0.9958260148029991,-1.2850453955820114,-1.4920014797013037,0.6515042622732504,16.561212999219094,3.9490903163251727,54,5
Kazakhstan,KAZ,2002,1.0755171243139705,0.16596296648502395,0.9263361296052605,0.6023170784675256,1.209828819670354,-0.18672442950975135,-0.1964984776177082,0.7321812184106798,-1.2105808136489213,-1.2310617606611092,0.1047207564776448,-1.3157301098826306,-1.1466844693016627,-1.1645704736689877,0.41440205266122715,16.566408093201105,3.905589219751521,54,6
Kazakhstan,KAZ,2003,1.2818969674279275,0.04707858850607818,0.9263361296052605,0.5275734079538363,0.7742263187541899,-0.18618432099264995,-0.10501292582878761,0.6707209715160495,-1.2105808136489213,-1.2310617606611092,0.1047207564776448,-1.3157301098826306,-1.1466844693016627,-1.1645704736689877,0.41440205266122715,16.57218462369463,3.8549520752181543,54,7
Kazakhstan,KAZ,2004,1.5118320753138235,0.29469154681916143,0.9263361296052605,0.6715069878498204,1.6548748687850126,-0.18557230360315716,-0.04461178523652429,0.6938271465435691,-1.2105808136489213,-1.2310617606611092,0.1047207564776448,-1.3157301098826306,-1.1466844693016627,-1.1645704736689877,0.41440205266122715,16.578690152873836,3.954804911465379,54,8
Kazakhstan,KAZ,2005,1.7622160473185886,0.6440689600199263,0.9263361296052605,0.7108905339807943,0.13554321468049751,-0.18486989992896502,0.035761312009048814,0.8839872375349747,-1.2105808136489213,-1.2310617606611092,0.1047207564776448,-1.3157301098826306,-1.1466844693016627,-1.1645704736689877,0.41440205266122715,16.586104667285635,3.775739593537986,54,9
Kazakhstan,KAZ,2006,2.0617932998879898,0.9149393234898809,1.2648940391616574,0.5272880466571275,1.0126021460717445,-0.18406244951596398,0.0945388823387324,1.028387240695007,-1.2105808136489213,-1.2310617606611092,0.6549152039957229,-0.889191316443122,-0.8699626167409662,-0.7506976820441402,0.41440205266122715,16.59456067287363,3.882979479797569,54,10
Kazakhstan,KAZ,2007,2.326800384553816,0.8930030981379524,1.2648940391616574,0.5478952059219693,1.3718423079012712,-0.18314841605336593,0.1592313023972652,0.8925821528302964,-1.2105808136489213,-1.2310617606611092,0.6549152039957229,-0.889191316443122,-0.8699626167409662,-0.7506976820441402,0.41440205266122715,16.604047368201186,3.9237871947940195,54,11
Kazakhstan,KAZ,2008,2.4079753355641498,0.5078459039021977,1.2648940391616574,0.609974311727652,1.5822569971244786,-0.18214022103072106,0.15957462726274402,1.1030577142167544,-1.2105808136489213,-1.2310617606611092,0.6549152039957229,-0.889191316443122,-0.8699626167409662,-0.7803849345542735,0.41440205266122715,16.614408025173073,3.9469379666567295,54,12
Kazakhstan,KAZ,2009,2.408823618713414,0.6231067488897751,1.2648940391616574,0.07075493417799092,1.5425952406537566,-0.18098905382969616,0.12117581193812665,0.9511114522156652,-1.2105808136489213,-1.2310617606611092,0.3798179802366839,-0.889191316443122,-0.8699626167409662,-0.7803849345542735,0.41440205266122715,16.62610814157303,3.9426149956869927,54,13
Kazakhstan,KAZ,2010,2.6285670128866543,0.20302499965015133,1.2678025220750577,0.023382998387086792,0.23839677073388024,-0.1796970998226138,0.13152531823928942,1.1324798317779958,-1.2105808136489213,-1.2310617606611092,0.3798179802366839,-0.889191316443122,-0.8699626167409662,-0.8065794150368591,0.41440205266122715,16.639078178299272,3.7889274725465545,54,14
Kazakhstan,KAZ,2011,2.862900164763822,-0.14409203097936374,1.2790547327914337,-0.006312723274486747,0.6125945741806342,-0.17833233182980757,0.16499685571189598,0.853750275915979,-1.2105808136489213,-1.2310617606611092,0.3798179802366839,-0.889191316443122,-0.8699626167409662,-0.8170572072298933,0.27214072689401525,16.65259891386677,3.835491006685963,54,15
Kazakhstan,KAZ,2012,3.0023502028930102,0.018205488182199216,1.2856680930657705,0.011319335156219966,0.5092673499933735,-0.17690258622723526,0.221439112156694,0.7732781176622538,-1.2105808136489213,-1.2310617606611092,0.3798179802366839,-0.889191316443122,-0.8699626167409662,-0.8676995202364847,0.1298794011268028,16.666570002956473,3.822848595034794,54,16
Kazakhstan,KAZ,2013,3.195661380163315,-0.09346880451874197,1.236221629715876,-0.23069471625129367,0.0953365007199336,-0.1754115549245427,0.2810842913907447,0.5557272781354932,-1.2105808136489213,-1.2310617606611092,0.3798179802366839,-0.6759219197233678,-0.45487983789991987,-0.8484905838089957,0.1298794011268028,16.680934980553214,3.7705366345833697,54,17
Kazakhstan,KAZ,2014,3.316301138874511,-0.13303234345471146,1.2677533508394379,-0.24337071811431019,-0.06982483406665467,-0.1738646269188741,0.3079471765978872,0.5148418624584883,-1.2105808136489213,-0.023929691893144107,0.3798179802366839,-0.4626525230036132,-0.45487983789991987,-0.829281123491896,0.1298794011268028,16.695623540776573,3.74887527481612,54,18
Kazakhstan,KAZ,2015,3.3024798708363896,0.027707778308821412,1.2565363926392343,-0.5903311327457309,-0.022456566378439482,-0.17226945994539813,0.3804465383324404,0.31812674904589444,-1.2105808136489213,-0.023929691893144107,0.3798179802366839,0.3904244667213316,-0.039797059058874096,-0.4119155598395008,0.1298794011268028,16.71054752792754,3.7551358876178895,54,19
Kazakhstan,KAZ,2016,3.282281991861719,0.008032945904745707,1.2143995301404742,-0.3789977976843422,1.572080100840866,-0.1706055341321156,0.3394233708303514,0.41211361458099055,-1.2105808136489213,-0.023929691893144107,0.3798179802366839,0.3904244667213316,-0.039797059058874096,-0.4119155598395008,0.1298794011268028,16.72588105682268,3.945830507290423,54,20
Kazakhstan,KAZ,2017,3.3965344082039133,-0.11585860421788322,1.1948763334079504,-0.4804527020181254,-0.14948266435075988,-0.16888861155133697,0.2849563655362827,0.4409725138411086,-1.2105808136489213,-0.023929691893144107,0.3798179802366839,0.8169632601608406,-0.039797059058874096,-0.4119155598395008,0.1298794011268028,16.741460291182065,3.738257793230022,54,21
Kenya,KEN,1996,-0.716962953162001,-0.8056295292510665,-0.8355529106674471,-0.4662881993163417,-0.4957459709802264,-0.11712875288039742,-0.9976818651969994,-0.8901429789317833,-1.2105808136489213,-0.023929691893144107,-0.7205709147994724,-0.4626525230036132,-1.561767248142709,-1.8194324857336197,2.1215379618677837,17.124015437379427,3.6907480282086893,55,0
Kenya,KEN,1997,-0.7300921573953374,-0.8809494914658903,-0.8355529106674471,-0.5610143394053406,-0.5718760211166174,-0.1126177335327486,-1.0267375664120255,-0.9290467796897416,-1.2105808136489213,-0.6274957262771266,-0.7205709147994724,-0.4626525230036132,-1.561767248142709,-1.8194324857336197,1.5762028797601355,17.151343086059125,3.679992707129555,55,1
Kenya,KEN,1998,-0.727340627076468,-0.8461107078377438,-0.8355529106674471,-0.71117592435175,-0.6225016779702153,-0.1079356239464819,-1.0368269803826946,-0.9611459122255441,-1.2105808136489213,-1.2310617606611092,-0.7205709147994724,-0.4626525230036132,-1.561767248142709,-1.8194324857336197,-0.3443250180972414,17.1789388496915,3.672775956949562,55,2
Kenya,KEN,1999,-0.7308238986475147,-0.8562698759059229,-0.8355529106674471,-0.7316917229629116,-0.5844109024782687,-0.10290181828360204,-1.057088616951805,-1.0135161548062643,-0.8976602380330339,-1.2310617606611092,-0.8581195266789919,-0.5692872213634906,-1.3542258587221858,-1.8194324857336197,-0.4391659019420505,17.20778185372194,3.6782106895818494,55,3
Kenya,KEN,2000,-0.7445184126210502,-0.7207798296230362,-0.8127979500160086,-0.582784585796366,-0.5009425282572524,-0.09748613220540811,-1.09337987028712,-1.005115549867718,-0.5847396624171465,-1.2310617606611092,-0.9956681385585116,-0.6759219197233678,-1.1466844693016627,-1.8194324857336197,-0.4391659019420505,17.23791125217153,3.6900175484276794,55,4
Kenya,KEN,2001,-0.7412938442081005,-0.5458355424940217,-0.7866314688141374,-0.5060201331862784,-0.6487004888425614,-0.09167268454573023,-1.1021778174003871,-0.9805730906785346,-0.5847396624171465,-1.2310617606611092,-0.5830223029199529,-0.7825566180832448,-1.1466844693016627,-1.4920014797013037,-0.4391659019420505,17.269274171818104,3.6690207333509837,55,5
Kenya,KEN,2002,-0.7557598332650356,-0.6567470040264577,-0.7802948816984754,-0.5285496827794046,-0.6186487619566259,-0.08565464554474533,-1.1361187244106492,-0.9685480594241447,-0.5847396624171465,-1.2310617606611092,-0.17037646728139427,-0.889191316443122,-1.1466844693016627,-1.1645704736689877,-0.5814272277092624,17.30073681504333,3.6733270296706437,55,6
Kenya,KEN,2003,-0.7568292570865331,-0.8263462481135051,-0.71812074007535,-0.5588273681234183,-0.5585644595057373,-0.0795664781245692,-1.1499500790357176,-0.9543799852662752,-0.5847396624171465,-1.2310617606611092,0.1047207564776448,-0.889191316443122,-1.1466844693016627,-1.1645704736689877,0.36698161073882435,17.33158970399584,3.6818816707956996,55,7
Kenya,KEN,2004,-0.7464673168080526,-0.7752951212268,-0.5902813773360737,-0.403285952986447,-0.6051292414528365,-0.07324716738710119,-1.1439142725385998,-0.905763648900645,-0.5847396624171465,-1.2310617606611092,0.1047207564776448,-0.889191316443122,-1.1466844693016627,-1.1645704736689877,-0.15464325040762328,17.3626379507293,3.675258293316124,55,8
Kenya,KEN,2005,-0.7313800299102234,-0.4794404922518256,-0.5850166987467671,-0.25772280277805926,-0.63584923614567,-0.06679806220681143,-1.1300261507266716,-0.838298074685889,-0.5847396624171465,-1.2310617606611092,0.1047207564776448,-0.889191316443122,-1.1466844693016627,-1.1645704736689877,-0.8422396582824868,17.39336026219299,3.670864538137168,55,9
Kenya,KEN,2006,-0.7125897774550009,-0.39148928021233226,-0.52900871988394,-0.5266926144192681,-0.621106957714551,-0.06020309682204776,-1.111935573675538,-0.6401759642544824,-0.5847396624171465,-1.2310617606611092,0.1047207564776448,-0.889191316443122,-1.1466844693016627,-0.49573789738377405,-1.0082112050109016,17.423830748095767,3.672975475289709,55,10
Kenya,KEN,2007,-0.6908587244774338,-0.3259749615370282,-0.4546124218825541,-0.5657383760340573,-0.2508479856636752,-0.053460353821671525,-1.0886462454891384,-0.6470213524692602,-0.5847396624171465,-1.2310617606611092,0.1047207564776448,-0.889191316443122,-1.1466844693016627,-0.49573789738377405,-1.1741827517393169,17.454052839407947,3.724581879765434,55,11
Kenya,KEN,2008,-0.7077951804865664,-0.4593345456565429,-0.23181249802926682,-0.4585329237361644,-0.6086636095558835,-0.04649335112908493,-1.1215428231318787,-0.7071223569785501,-0.5847396624171465,-1.2310617606611092,0.1047207564776448,-0.889191316443122,-1.1466844693016627,-0.546380734279975,-1.2927338565453277,17.484349332449824,3.6747537687633574,55,12
Kenya,KEN,2009,-0.7064066708710426,-0.5294737575454482,-0.2063169593137901,-0.797085860699093,-0.6071998327993151,-0.03933259463640964,-1.1300272038220338,-0.7235092002685088,-0.5847396624171465,-1.2310617606611092,0.1047207564776448,-0.889191316443122,-1.1466844693016627,-0.546380734279975,-1.1504725307781145,17.514560417723047,3.6749627510869627,55,13
Kenya,KEN,2010,-0.6766802492708405,-0.2189860536412167,-0.2063169593137901,-0.6676092265132154,-0.5863110596292269,-0.03224843931419168,-1.0921079215062912,-0.7077989734693637,-0.5847396624171465,-1.2310617606611092,0.1047207564776448,-0.889191316443122,-1.1466844693016627,-0.560351298500557,-0.6525578905928692,17.54357630156208,3.6779402769316567,55,14
Kenya,KEN,2011,-0.662426044578681,-0.23577033855700372,-0.2063169593137901,-0.43456447807699783,-0.10639217130505524,-0.025341626658217563,-1.0743776215666412,-0.6168844180378709,-0.5847396624171465,-1.2310617606611092,0.1047207564776448,-0.889191316443122,-1.1466844693016627,-0.560351298500557,-0.4391659019420505,17.571077675279675,3.744015257960678,55,15
Kenya,KEN,2012,-0.6503714840147393,-0.12950041020583355,-0.2063169593137901,-0.6318313526136589,-0.22136678331088924,-0.01861376443559109,-1.057005066258171,-0.6504145219713536,-0.5847396624171465,-1.2310617606611092,0.1047207564776448,-0.889191316443122,-1.1466844693016627,-0.560351298500557,-0.6288476696316664,17.597158418858097,3.728578722068797,55,16
Kenya,KEN,2013,-0.6421046339071368,-0.22641575353941867,-0.2063169593137901,-0.7528671288731391,-0.3337908838083301,-0.012072605656568435,-1.0433386350247635,-0.6655604397997658,-0.5847396624171465,-1.2310617606611092,0.3798179802366839,-0.889191316443122,-1.1466844693016627,-0.4870067531493183,-0.7236885534764754,17.621879493540668,3.713250639604713,55,17
Kenya,KEN,2014,-0.6249276243342926,0.14935479263625429,-0.2063169593137901,-0.7905292992260149,-0.44246323082174566,-0.005732947733197686,-1.0142568915634602,-0.6692552677811889,0.041101488814628474,-1.2310617606611092,0.3798179802366839,-0.24938312628385903,-0.45487983789991987,-0.05043172917982385,-0.7236885534764754,17.645269612249837,3.6982073551225323,55,18
Kenya,KEN,2015,-0.6068722397224773,-0.06814431810632678,0.32987754729000834,-0.960574091371043,-0.49900628519679524,0.00044258098764540544,-0.9852308373537388,-0.6811173901423245,-0.5847396624171465,-1.2310617606611092,0.1047207564776448,-0.24938312628385903,-0.45487983789991987,-0.015506104462783128,-0.7236885534764754,17.66753994120384,3.6902897883857264,55,19
Kenya,KEN,2016,-0.5933477128630474,-0.39545439264466936,0.39836490274399095,-1.1195386818826447,-0.5445038812061219,0.006701922012141103,-0.9607792766760624,-0.7422618597931574,-0.5847396624171465,-1.2310617606611092,0.1047207564776448,-0.24938312628385903,-0.45487983789991987,-0.015506104462783128,-0.6525578905928692,17.689617509201398,3.683873055499605,55,20
Kenya,KEN,2017,-0.5819314558244849,-0.3343425649079385,0.39836490274399095,-1.0866525470177286,-0.36457148201425255,0.013002457602652341,-0.9368053993442932,-0.7972878981136322,-0.5847396624171465,-1.2310617606611092,0.1047207564776448,-0.24938312628385903,-0.45487983789991987,-0.05392450120737217,-0.43916590194204935,17.71135879425369,3.70901266740046,55,21
Kyrgyz Republic,KGZ,1996,-0.8366771787958847,-0.02961437150260292,0.4048720731471565,0.4062900014003977,-0.19695244213711374,-0.2523942068327717,0.3163338381294838,-0.836989686453345,0.6669426400464034,1.183202376874821,-0.17037646728139427,0.10606566919770762,0.30610525664199734,-0.5097084616043556,0.1298794011268022,15.347730220186827,3.731876587251205,56,0
Kyrgyz Republic,KGZ,1997,-0.7977138885121412,-1.244450784678372,0.4048720731471565,0.3242625526760377,0.18601212200587514,-0.2519893889401099,0.13019214816852095,-0.5002275565514697,0.6669426400464034,1.183202376874821,-0.17037646728139427,0.10606566919770762,0.30610525664199734,-0.5097084616043556,0.1298794011268022,15.362311500166367,3.7822324489967407,56,1
Kyrgyz Republic,KGZ,1998,-0.7948372867731145,-1.1846482615103509,0.4048720731471565,0.6162163507052353,0.5224959021590767,-0.2515571139581307,0.06591993074377235,-0.5251208641726177,0.6669426400464034,1.183202376874821,-0.17037646728139427,0.10606566919770762,0.30610525664199734,-0.5097084616043556,0.1298794011268022,15.377650552275782,3.824476099467448,56,2
Kyrgyz Republic,KGZ,1999,-0.7839932797782933,-0.8405448565565498,0.6429201508728393,0.7527094594909124,-0.02453076934350798,-0.2511319071967153,-0.19091784527003425,-0.3276460451685478,0.6669426400464034,1.183202376874821,-0.17037646728139427,0.10606566919770762,0.30610525664199734,-0.5097084616043556,0.1298794011268022,15.392512671568161,3.754862561471412,56,3
Kyrgyz Republic,KGZ,2000,-0.76214173427823,-0.5609822002029344,0.6862377200315103,0.4684269112275954,-0.6865507273678273,-0.25078689228562245,-0.3929766481195989,0.17984800163468417,0.6669426400464034,1.183202376874821,-0.17037646728139427,0.10606566919770762,0.30610525664199734,-0.5097084616043556,0.1298794011268022,15.404411625630502,3.6635704194285945,56,4
Kyrgyz Republic,KGZ,2001,-0.7386643518060606,-0.7100219510653754,0.7280780023428274,0.011993911094180399,-0.5976547049724225,-0.25050874262196937,-0.42152011356270447,-0.01791078209055974,0.6669426400464034,1.183202376874821,-0.30792507916091383,0.10606566919770762,0.4790564144924331,-0.5097084616043556,0.1298794011268022,15.4139024875377,3.67632443202469,56,5
Kyrgyz Republic,KGZ,2002,-0.7439373701797056,-0.7754650920479432,0.6972405701197597,0.27896837653054624,-0.6043914993624568,-0.2502370240267316,-0.17956035123291053,-0.47897035319556575,0.6669426400464034,1.183202376874821,-0.4454736910404334,0.10606566919770762,0.6520075723428688,-0.5097084616043556,0.1298794011268022,15.42308774031339,3.67536357254036,56,6
Kyrgyz Republic,KGZ,2003,-0.7107713102321448,-1.094017234236865,0.8836393132360976,0.30842095106221806,-0.2344930284288445,-0.2499237833573645,0.22972213743453046,-0.5683984483501623,0.6669426400464034,1.183202376874821,-0.7205709147994724,0.10606566919770762,0.6520075723428688,-0.1822774555720396,0.1298794011268022,15.4335729722335,3.7268011359172712,56,7
Kyrgyz Republic,KGZ,2004,-0.6766805693813686,-0.9811281035551073,0.8358085321035835,0.5960324457404738,0.7529350238001892,-0.24955813543510602,0.5582237254338916,-0.4475858039517623,0.6100481719973038,1.0124970025020674,-0.4954912080309652,0.11109191502134177,0.6240558980157127,-0.0731339615244708,0.1298794011268022,15.445674984505162,3.8524100789743576,56,8
Kyrgyz Republic,KGZ,2005,-0.6848177759261345,-0.8059914557898084,0.7946984823052052,0.6329414421269257,-0.3487163742886575,-0.24921319793502186,0.5568811441397405,-0.5914410432787903,0.14472275923345496,0.09397910576149053,0.44095074553375446,-0.4301494268671744,-0.5435498211159445,0.04593200172990133,0.1298794011268022,15.456958828227117,3.7111978927613283,56,9
Kyrgyz Republic,KGZ,2006,-0.6724082973740103,0.04607818719345118,0.7997011817074683,1.3798672621362582,0.4845473876394446,-0.24888132503132945,0.8057602873005013,-0.7930307710933823,-1.2105808136489213,-1.2310617606611092,-0.9956681385585116,-0.889191316443122,-1.561767248142709,-0.2337930925579207,0.1298794011268022,15.467696417081536,3.8198001883042814,56,10
Kyrgyz Republic,KGZ,2007,-0.624903595340353,0.23863831872780947,0.7775755226400638,1.8544710348306452,0.3150333181618907,-0.248583518926159,0.8938620667451341,-0.865894721496186,-1.2105808136489213,-1.2310617606611092,-0.9956681385585116,-0.889191316443122,-1.700128174423057,-0.2337930925579207,0.1298794011268022,15.477234611750221,3.798641958566547,56,11
Kyrgyz Republic,KGZ,2008,-0.5747611160052248,0.500341561882447,0.7775755226400638,2.117775116994995,0.6465169993056056,-0.24828373586292013,0.9215923298994194,-0.5528890333982588,-1.2105808136489213,-1.2310617606611092,-0.17037646728139427,-0.889191316443122,-1.700128174423057,-0.23903198865443775,0.1298794011268022,15.48674511101473,3.8396069143212053,56,12
Kyrgyz Republic,KGZ,2009,-0.563573492016069,0.6740135604365178,0.8410820352549797,1.747398728220282,0.0610897468427649,-0.24786146476514245,0.9276313147903198,-0.2849797840879313,-1.2105808136489213,-1.2310617606611092,0.1047207564776448,-0.889191316443122,-1.700128174423057,-0.23903198865443775,0.1298794011268022,15.499989892466422,3.7660834759874953,56,13
Kyrgyz Republic,KGZ,2010,-0.5775145493683111,0.6198309853418499,0.8790606409256234,1.7431410588013518,1.09515322746842,-0.2474004762536277,0.9250923823620757,-0.06529801543018963,-1.2105808136489213,-1.2310617606611092,-0.4454736910404334,-0.889191316443122,-1.700128174423057,-0.6302030718242484,0.1298794011268022,15.514251552757464,3.8925052792514787,56,14
Kyrgyz Republic,KGZ,2011,-0.5452466800313835,0.12589376731820298,0.8701430517707539,1.8289037343072747,1.3089105695096328,-0.24692691143054532,0.8546832956155593,0.033602164277916124,-1.2105808136489213,-1.2310617606611092,-0.4454736910404334,-0.889191316443122,-1.700128174423057,-0.6249641757277313,0.1298794011268022,15.528693521896344,3.9167577422126456,56,15
Kyrgyz Republic,KGZ,2012,-0.5600788965167944,1.0595944839483051,0.8616480501654465,1.930646419508837,0.04555572658076579,-0.2462987568230846,0.9534205511353662,-0.40015304120185985,-1.2105808136489213,-1.2310617606611092,-0.17037646728139427,-0.889191316443122,-1.700128174423057,-0.5638435466384958,0.1298794011268022,15.547533646189864,3.764057007125478,56,16
Kyrgyz Republic,KGZ,2013,-0.496676215906165,0.8374636278814399,0.8774424658853289,1.7662459911012087,0.8257334475070718,-0.24555397955366748,0.7800311802456174,-0.1840702927766402,-1.2105808136489213,-1.2310617606611092,-0.17037646728139427,-0.889191316443122,-1.561767248142709,-0.12726904655861043,0.1298794011268022,15.569421212555786,3.8610749876252513,56,17
Kyrgyz Republic,KGZ,2014,-0.4824768373606519,1.1929320965671721,0.9386140096480575,1.5072224857659153,0.15967613461075036,-0.24478762247690136,0.7714189117944876,-0.2638850441705277,-1.2105808136489213,-1.2310617606611092,-0.17037646728139427,-0.889191316443122,-1.4234063218623598,-0.031222792752334312,0.1298794011268022,15.591453773739381,3.7788495683792402,56,18
Kyrgyz Republic,KGZ,2015,-0.46958295318253496,1.2046910694604256,0.9220870055497906,1.0950070009188697,2.386216310397463,-0.243988574135691,0.8119655066842554,-0.16448200746757893,-1.2105808136489213,-1.2310617606611092,-0.17037646728139427,-1.1024607131628763,-1.4234063218623598,-0.015506104462783128,0.1298794011268022,15.613920695720049,4.0307635202056025,56,19
Kyrgyz Republic,KGZ,2016,-0.4524632487789236,1.1085002869593306,0.9772928751334305,0.9454821113750309,0.9580189359513676,-0.24318289226650414,0.9519361538272442,-0.04180969799650399,-1.2105808136489213,-1.2310617606611092,-0.17037646728139427,-0.03611432671817715,-1.2850453955820114,-0.08535787778647454,0.1298794011268022,15.636074337756856,3.8766307658392947,56,20
Kyrgyz Republic,KGZ,2017,-0.43065850394909416,1.0686081776447813,0.956771468207054,0.7939744731750248,-0.9031154743934501,-0.24240069570641895,0.9495335430698938,0.02182295740938941,-1.2105808136489213,-1.2310617606611092,0.1047207564776448,0.1771550700015777,-0.731601690460617,-0.05392450120737217,0.1298794011268022,15.657122642633489,3.6318013109204896,56,21
Cambodia,KHM,1996,-1.0597256724001487,-1.2097767608708487,-1.6817667120937043,-0.12144784266116433,0.8308484636038083,-0.21563688747358714,-1.723860633268761,-1.0073954753166638,-0.5847396624171465,-1.2310617606611092,-1.2707653623175506,0.3904244667213316,-1.2850453955820114,-1.8194324857336197,0.1298794011268022,16.195174370355275,3.8616809940325343,57,0
Cambodia,KHM,1997,-1.06686078922172,-1.1196189280792284,-1.6817667120937043,0.16296618947202404,0.3945493700491262,-0.21105348883280173,-1.3672165380499144,-0.8906706800799014,-0.5847396624171465,-1.2310617606611092,-1.2707653623175506,0.3904244667213316,-1.2850453955820114,-1.8194324857336197,0.1298794011268022,16.26401105666718,3.8086226780748884,57,1
Cambodia,KHM,1998,-1.0657851927969655,-1.2449143832178566,-1.6817667120937043,0.06648877323331782,0.0034625395770789477,-0.20815241600659806,-1.8217352388510424,-0.8636572705210621,-0.5847396624171465,-1.2310617606611092,-1.2707653623175506,0.3904244667213316,-1.2850453955820114,-1.8194324857336197,0.1298794011268022,16.305253328181145,3.758545068854146,57,2
Cambodia,KHM,1999,-1.0399811756140092,-0.8092829570084089,-1.693988179053049,0.6065427286915479,-0.13982902227603813,-0.20691647184165826,-1.4614692547959016,-0.7524819947478475,-0.5847396624171465,-1.2310617606611092,-1.2707653623175506,0.3904244667213316,-1.2850453955820114,-1.8194324857336197,0.1298794011268022,16.32231991591584,3.7395505329347034,57,3
Cambodia,KHM,2000,-1.0181156143428916,-0.5169795724540523,-1.638118566566117,1.0785806303522638,-0.08723749873871661,-0.2057457494288966,-1.241064195041889,-0.45124258539351153,-0.5847396624171465,-1.2310617606611092,-1.2707653623175506,0.3904244667213316,-1.2850453955820114,-1.8194324857336197,0.1298794011268022,16.338221613928983,3.7465639735391645,57,4
Cambodia,KHM,2001,-1.0017038291635225,-0.6382187470006278,-1.5640880742401129,1.118584411737527,-0.028493820509747192,-0.20457774831082542,-0.9086953543782946,-0.3159831322951971,-0.5847396624171465,-1.2310617606611092,-1.2707653623175506,0.3904244667213316,-1.2850453955820114,-1.8194324857336197,0.1298794011268022,16.353838299273043,3.754340126307098,57,5
Cambodia,KHM,2002,-0.9876466124185024,-0.21235318016298482,-1.4296499383724606,1.3076826145739822,-0.13930903011757934,-0.20340612078473125,-0.9177219537287524,-0.13931502111070307,-0.5847396624171465,-1.2310617606611092,-1.2707653623175506,0.3904244667213316,-1.2850453955820114,-1.8194324857336197,0.1298794011268022,16.369262223864713,3.7396201187779754,57,6
Cambodia,KHM,2003,-0.9602813196616646,-0.16741661579656753,-1.2871185070562352,1.3602231865811407,-0.36889024287727584,-0.20224062659240347,-0.8321961117519241,-0.05881496462625664,-0.5847396624171465,-1.2310617606611092,-1.2707653623175506,0.3904244667213316,-1.2850453955820114,-1.8194324857336197,0.1298794011268022,16.384372941849932,3.708416607068143,57,7
Cambodia,KHM,2004,-0.9332184393573744,-0.10980689166515667,-1.173683725207071,1.6883898447203065,-0.2592876330396923,-0.20108682741708267,-0.7610360317911864,0.05291582829607792,-0.5847396624171465,-1.2310617606611092,-0.9956681385585116,0.6036938634410864,-1.2850453955820114,-1.8194324857336197,0.1298794011268022,16.39911044643301,3.723434747783147,57,8
Cambodia,KHM,2005,-0.889883677894951,-0.07332668777743541,-1.173683725207071,1.7524278692147341,0.29695070023549863,-0.19992881231913412,-0.6162893614931606,0.03110913135164966,-0.5847396624171465,-1.2310617606611092,-0.9956681385585116,0.6036938634410864,-1.2850453955820114,-1.8194324857336197,0.1298794011268022,16.41368659070569,3.796358289155699,57,9
Cambodia,KHM,2006,-0.851226657554119,0.05170080824562821,-0.8785192898316994,1.9502259998419165,0.37162890621298617,-0.19873890984029322,-0.5019037642384657,0.1690209644339399,-0.5847396624171465,-1.2310617606611092,-0.9956681385585116,0.3904244667213316,-1.2850453955820114,-0.9864480063874077,0.1298794011268022,16.428446020162344,3.805755944613156,57,10
Cambodia,KHM,2007,-0.811400694723025,0.18293903222598942,-0.7847934779913549,1.7567366380422937,0.8647293319778264,-0.1975316434767311,-0.4071784508706688,0.09132640419888831,-0.5847396624171465,-1.2310617606611092,-0.9956681385585116,0.3904244667213316,-1.2850453955820114,-0.9864480063874077,0.1298794011268022,16.44320146239505,3.8656858161596523,57,11
Cambodia,KHM,2008,-0.7825037594980963,-0.09621047192170355,-0.6939261348492178,1.6605111940848858,0.5331092677699104,-0.1962709813812434,-0.278556082648545,-0.08331647010025542,-0.5847396624171465,-1.2310617606611092,-0.9956681385585116,0.3904244667213316,-1.2850453955820114,-0.9689851940288879,0.1298794011268022,16.45838060990745,3.8257799459908925,57,12
Cambodia,KHM,2009,-0.769725701395301,0.31322229498544146,-0.6939261348492178,0.8425891028444158,0.6626571325449856,-0.1949411138439759,-0.2854049088792258,-0.12367477456842092,-0.5847396624171465,-1.2310617606611092,-0.7205709147994724,0.1771550700015777,-1.2850453955820114,-0.9689851940288879,0.1298794011268022,16.474147170608507,3.841559312370178,57,13
Cambodia,KHM,2010,-0.75124404927748,-0.16568487288917255,-0.6939261348492178,1.0669770288637808,1.1500050719750565,-0.19360776281131678,-0.23824208949262526,-0.08671654460480874,-0.5847396624171465,-1.2310617606611092,-0.7205709147994724,0.1771550700015777,-1.2850453955820114,-0.9689851940288879,0.1298794011268022,16.489709344064973,3.898784976579859,57,14
Cambodia,KHM,2011,-0.7198605888594607,-0.15369599399687944,-0.6939261348492178,1.0609268998591055,1.0485435670216952,-0.19228666653680454,-0.17101956278509997,-0.032263274863159566,-0.5847396624171465,-1.2310617606611092,-0.4454736910404334,0.1771550700015777,-1.1466844693016627,-0.9689851940288879,0.1298794011268022,16.50489326726017,3.887138018285675,57,15
Cambodia,KHM,2012,-0.68448893380231,0.12391179809198152,-0.6939261348492178,1.26317641662326,1.32451033804282,-0.19096174139470803,0.002419358404490818,0.047131364151382756,-0.5847396624171465,-1.2310617606611092,-0.7205709147994724,0.1771550700015777,-1.1466844693016627,-0.9532685057393363,0.1298794011268022,16.519893108116538,3.918504842433474,57,16
Cambodia,KHM,2013,-0.6456796646466548,0.39373818276260036,-0.6939261348492178,1.5002779754100053,1.1985291509872866,-0.18962120304762556,0.20798943468243172,0.15967219652678014,-0.5847396624171465,-1.2310617606611092,-0.4454736910404334,0.1771550700015777,-1.1466844693016627,-1.016135258897541,0.1298794011268022,16.534844128421636,3.9043075577326807,57,17
Cambodia,KHM,2014,-0.6034259925942886,0.783544415487097,-0.6939261348492178,1.4876872544921895,0.8373241037496527,-0.1882720839879631,0.8127995800782095,0.23977985999230897,-0.5847396624171465,-1.2310617606611092,-0.4454736910404334,0.3904244667213316,-1.1466844693016627,-0.9847018823184391,0.1298794011268022,16.549668499971595,3.862447675276264,57,18
Cambodia,KHM,2015,-0.5637805700007696,0.7707369956010663,-0.6939261348492178,1.4194344907702194,0.6830559650909516,-0.18692347107720372,0.9683040168954876,0.3690146776437181,-0.5847396624171465,-1.2310617606611092,-0.4454736910404334,0.1771550700015777,-1.2850453955820114,-1.0737631159592285,0.1298794011268022,16.5642708753286,3.8440214250385405,57,19
Cambodia,KHM,2016,-0.5167807701340001,0.8316237233384155,-0.6939261348492178,1.4367488551411396,0.9996617168775203,-0.1855565593949257,1.0818428758616638,0.5020416060477619,-0.5847396624171465,-1.2310617606611092,-0.17037646728139427,-0.03611432671817715,-1.4234063218623598,-1.0737631159592285,0.1298794011268022,16.578856951158446,3.881477986162325,57,20
Cambodia,KHM,2017,-0.4648380497706742,0.8641329065865198,-0.5243338349917605,1.3916671504235778,1.0306347213835496,-0.18424313871966094,1.045096862734605,0.6057920929127929,-0.5847396624171465,-1.2310617606611092,-0.17037646728139427,-0.03611432671817715,-1.1466844693016627,-0.7489515579751711,0.1298794011268022,16.592674609901806,3.8850680686458587,57,21
Kiribati,KIR,2004,-0.9767109176890445,-0.8416730928301619,0.8749529106964402,0.8155754585456201,-0.3226373704835228,-0.2793829774115852,-0.02653174656277961,-1.5116179387751867,1.975519410559052,1.2563618230345721,1.6608264691263066,0.39257899861294043,1.6582689550078953,0.8529336519958274,0.1298794011268022,11.472998902764106,3.7147818689899963,58,0
Kiribati,KIR,2005,-0.9790805570318314,-0.8416730928301619,0.8094928606488804,1.462641093629586,-0.24963370123741052,-0.2793713657602799,-0.02653174656277961,-1.5561444860899891,1.9186249425099533,1.183202376874821,2.3054985465499573,0.10606566919770762,2.7274214665480976,0.14515355046027645,0.1298794011268022,11.493090037136117,3.72474681924596,58,1
Kiribati,KIR,2006,-0.9670933060056268,-0.8416730928301619,0.7444530803708503,0.6027571699927017,-0.566095960580373,-0.27935956355879926,-0.02653174656277961,-1.4437597033870264,1.9186249425099533,1.183202376874821,2.3054985465499573,0.10606566919770762,2.7274214665480976,0.14515355046027645,0.1298794011268022,11.513105448772173,3.680813359102831,58,2
Kiribati,KIR,2007,-0.9637699272168684,-0.8796356401396188,0.7320716682236242,0.6642269602037291,-0.5076354148600715,-0.27934735048350323,-0.02653174656277961,-1.3127106084630673,1.9186249425099533,1.183202376874821,2.3054985465499573,0.10606566919770762,2.7274214665480976,0.14515355046027645,0.1298794011268022,11.53340433415155,3.6890759428330004,58,3
Kiribati,KIR,2008,-0.9807841545197575,-1.0731039787008463,0.704203149608671,0.6433575577276308,-0.8090723537911594,-0.27933452407483056,-0.02653174656277961,-1.3393583815289416,1.9186249425099533,1.183202376874821,2.3054985465499573,0.10606566919770762,2.7274214665480976,0.14515355046027645,0.1298794011268022,11.554288113310864,3.6457211741695286,58,4
Kiribati,KIR,2009,-0.9859130437443381,-0.6077774243673066,0.704203149608671,0.7072100152390045,-0.023102977726116393,-0.279321155789097,-0.02653174656277961,-1.375839981490611,1.9186249425099533,1.183202376874821,2.3054985465499573,0.10606566919770762,2.7274214665480976,0.14515355046027645,0.1298794011268022,11.57559974949805,3.7550507153829003,58,5
Kiribati,KIR,2010,-0.9886459906020508,-0.8484968879716172,0.704203149608671,0.35977005809312446,-1.3645697427321337,-0.27930783514090723,-0.02653174656277961,-1.258941480560496,1.9186249425099533,1.183202376874821,2.3054985465499573,0.10606566919770762,2.7274214665480976,0.14515355046027645,0.1298794011268022,11.59639307021149,3.5605414844613543,58,6
Kiribati,KIR,2011,-0.9840612668502995,-0.3893080712028915,0.704203149608671,0.5848475150074043,-0.6875528788786929,-0.27929626517245276,-0.02653174656277961,-1.1555123413223358,1.9186249425099533,1.183202376874821,2.3054985465499573,0.10606566919770762,2.7274214665480976,1.4548775745895406,0.1298794011268022,11.614109270304544,3.663425708355708,58,7
Kiribati,KIR,2012,-0.9703962377119902,0.31290650195212305,0.704203149608671,0.6633442140920152,-0.8606344407304166,-0.2792865173400492,-0.02653174656277961,-1.1323387701110317,1.9186249425099533,1.183202376874821,2.3054985465499573,0.10606566919770762,2.7274214665480976,1.4548775745895406,0.1298794011268022,11.628795561012641,3.6381131781261793,58,8
Kiribati,KIR,2013,-0.9494646627215617,0.8795195492193378,0.704203149608671,0.6823386902009388,-0.5821718318477492,-0.27927726374716283,-0.02653174656277961,-1.058489388262917,1.9186249425099533,1.183202376874821,2.3054985465499573,0.10606566919770762,2.7274214665480976,1.4548775745895406,0.1298794011268022,11.642540448466544,3.678529239417556,58,9
Kiribati,KIR,2014,-0.9496170707685485,0.6619315428358395,0.704203149608671,0.8978834026706541,-0.4225784910261611,-0.2792684031640129,-0.02653174656277961,-1.0803704815803954,2.1272388264781847,1.5855795721798664,1.81643686432895,1.5989508490819155,2.4968197382662813,1.4548775745895406,0.1298794011268022,11.655526850569164,3.7009769273344686,58,10
Kiribati,KIR,2015,-0.914646782445747,1.9283965129561589,0.704203149608671,1.063796550634873,-0.7319514037333364,-0.27925953662617004,-0.02653174656277961,-1.0292665584813654,2.1272388264781847,1.5855795721798664,1.81643686432895,1.5989508490819155,2.4968197382662813,1.4548775745895406,0.1298794011268022,11.668355326295867,3.656993437201401,58,11
Kiribati,KIR,2016,-0.8928598398660964,0.9578748518694709,0.704203149608671,1.1039769568997049,-0.5005371133560187,-0.2792496339717491,-0.02653174656277961,-1.0356271186482915,2.1272388264781847,1.5855795721798664,1.81643686432895,1.5989508490819155,2.4968197382662813,1.4548775745895406,0.1298794011268022,11.682491008662982,3.6900745567736326,58,12
Kiribati,KIR,2017,-0.8838021926010498,0.3400797051729754,0.704203149608671,0.7923391906132519,-0.5934215589892686,-0.2792389333884693,-0.02653174656277961,-1.222253718634053,2.1272388264781847,1.5855795721798664,1.81643686432895,1.5989508490819155,2.8042887093087026,1.4548775745895406,0.1298794011268022,11.697544380812866,3.6769277276726573,58,13
Kiribati,KIR,2018,-0.8756100450970683,-0.5254592342485976,0.704203149608671,0.291939104464307,-0.7429768461232497,-0.27922816134887374,-0.02653174656277961,-1.3337799550152012,2.1272388264781847,1.5855795721798664,1.81643686432895,1.5989508490819155,2.8042887093087026,1.4548775745895406,0.1298794011268022,11.712472802429252,3.6553896840231817,58,14
Kiribati,KIR,2019,-0.8681709984502695,-0.8364168031523145,0.704203149608671,0.7269413095463695,-0.7016412066060578,-0.2792172225778748,-0.02653174656277961,-1.4605496322784142,2.1272388264781847,1.5855795721798664,2.0609674853616746,1.930702779526144,2.8042887093087026,1.4548775745895406,0.1298794011268022,11.727407614405314,3.661389128657277,58,15
Lao PDR,LAO,1996,-0.9358336742898994,-1.1200986231626195,-1.4205337520822716,-0.2787253463335672,0.8585785240283744,-0.24990967073500878,-2.066355771272039,-0.5375883376665169,0.6669426400464034,0.5796363424908384,0.3798179802366839,-0.14274872650101778,0.6520075723428688,0.14515355046027645,0.1298794011268022,15.434042791415285,3.8649599624049693,59,0
Lao PDR,LAO,1998,-0.9106612819179152,-1.1200986231626195,-1.27614730129611,0.3182212022242928,-0.019248520947189384,-0.24870332139416515,-2.038262767411873,-0.3997493262504966,0.6669426400464034,0.5796363424908384,0.3798179802366839,-0.14274872650101778,0.6520075723428688,0.14515355046027645,0.1298794011268022,15.473408484836286,3.755558477718738,59,1
Lao PDR,LAO,1999,-0.8891931832069282,-1.1200986231626195,-1.1676391759430709,0.19567111928715275,0.307386144452162,-0.24815240510931033,-2.0122216096847456,-0.38238271998997775,0.6669426400464034,0.5796363424908384,0.24226936835716434,-0.26715592435038027,0.4790564144924331,0.14515355046027645,0.1298794011268022,15.490883203877704,3.7976768267231744,59,2
Lao PDR,LAO,2000,-0.87241601220887,-1.1200986231626195,-1.090926637218767,-0.13088454638295385,-0.3083199242345306,-0.2476139341327776,-1.9932775605721493,-0.8830404364241451,0.6669426400464034,0.5796363424908384,0.1047207564776448,-0.39156312219974315,0.30610525664199734,0.14515355046027645,0.1298794011268022,15.507673055544556,3.716744033957761,59,3
Lao PDR,LAO,2001,-0.8550253526055206,-1.1045838275291526,-1.0214341759474828,-0.21638165526542993,-0.4159379652720028,-0.24707640399773528,-1.974641290542509,-0.8398779895387819,0.6669426400464034,0.5796363424908384,0.3798179802366839,-0.39156312219974315,0.30610525664199734,0.14515355046027645,0.1298794011268022,15.524157041591089,3.701900122444194,59,4
Lao PDR,LAO,2002,-0.8359975690622365,0.7745205503965826,-0.9218091443500569,-0.1769351721782322,-0.6109924738159488,-0.2465440127627322,-1.9535490502559207,-0.7238379391225103,0.6669426400464034,0.5796363424908384,0.6549152039957229,-0.39156312219974315,0.30610525664199734,0.14515355046027645,0.1298794011268022,15.54021991019234,3.6744211884940796,59,5
Lao PDR,LAO,2003,-0.815154642578915,0.6206567846758221,-0.8229543315625387,-0.37141680244209185,-0.48494730143144726,-0.24602562101091824,-1.9306374137974702,-0.5786846377864444,0.6669426400464034,-0.023929691893144107,-0.17037646728139427,-0.6403769207443966,-0.039797059058874096,-0.1822774555720396,0.1298794011268022,15.555616316985606,3.692264292217693,59,6
Lao PDR,LAO,2004,-0.7915643453232173,1.1035914807437308,-0.7569146180927,-0.21113417389582434,-0.5290004548922084,-0.245527326347902,-1.9049405821918954,-0.64223081805124,0.10431795383701045,0.23212861109239905,0.215871038765247,-0.5926248982265488,0.31658692697329144,-0.04667491678901133,0.1298794011268022,15.570195688927551,3.68606420208772,59,7
Lao PDR,LAO,2005,-0.7633205221597802,1.3829496415268654,-0.7396210961884178,-0.04487872608629647,-0.47600584657082873,-0.24500392669929433,-1.8717247340587488,-0.3189770221225355,0.041101488814628474,-0.023929691893144107,0.6549152039957229,-0.6403769207443966,0.30610525664199734,-0.1822774555720396,0.1298794011268022,15.585284098226676,3.693518043168563,59,8
Lao PDR,LAO,2006,-0.7258917251904006,0.8993087566303317,-0.7668476279113342,0.2510494715024047,0.30677996003673286,-0.24444610892527902,-1.8254503031780391,-0.07280211952470095,-1.2105808136489213,-0.023929691893144107,0.3798179802366839,-1.1024607131628763,-0.3165189116195712,-0.579560234928047,0.1298794011268022,15.601117975402314,3.797600281750894,59,9
Lao PDR,LAO,2007,-0.6914847679166207,1.1712530795904683,-0.7378847257134492,0.17105603380331577,0.7044243507294797,-0.24389210810946205,-1.7859504895666432,-0.13816924615835394,-1.2105808136489213,-0.023929691893144107,0.3798179802366839,-1.1024607131628763,-0.3165189116195712,-0.579560234928047,0.1298794011268022,15.616599208076082,3.8465940769427327,59,10
Lao PDR,LAO,2008,-0.6534696927481547,1.0948296944161802,-0.6983943967099111,0.2477844452509928,0.0866893987726656,-0.24333991156561716,-1.742642457887963,-0.00811660924861364,-1.2105808136489213,-0.023929691893144107,0.3798179802366839,-1.1024607131628763,-0.3165189116195712,-0.579560234928047,0.1298794011268022,15.631795146081616,3.7694141085354733,59,11
Lao PDR,LAO,2009,-0.6150073739810065,1.3684452801276212,-0.6417856582060603,0.10465149629146897,0.3134693859700858,-0.24278807230335087,-1.6995873661496808,-0.1573781671393231,-1.2105808136489213,-0.023929691893144107,0.3798179802366839,-1.1024607131628763,-0.45487983789991987,-0.579560234928047,0.1298794011268022,15.646754006969962,3.7984446541107872,59,12
Lao PDR,LAO,2010,-0.5671311254931324,0.5831841240640321,-0.581552230823795,0.3313402119803529,0.038271640614456134,-0.24223695355893482,-1.6636142190894563,0.2856477887592518,-1.2105808136489213,-0.023929691893144107,0.3798179802366839,-1.1024607131628763,-0.45487983789991987,-0.579560234928047,0.1298794011268022,15.661473291839863,3.763105355751851,59,13
Lao PDR,LAO,2011,-0.5192937810846431,0.6565830507535753,-0.6197343984431254,0.5344229049246347,-0.04560352207222057,-0.24168676374662318,-1.636480174851406,0.31488381816768823,-1.2105808136489213,-0.023929691893144107,0.3798179802366839,-1.1024607131628763,-0.45487983789991987,-0.579560234928047,0.1298794011268022,15.67595478455033,3.752081476122139,59,14
Lao PDR,LAO,2012,-0.4682772732569212,1.194535994347224,-0.5209877444793757,0.7231896306878748,0.4203045913409871,-0.24113662157185536,-1.6067599143588913,0.45028089589956766,-1.2105808136489213,-0.023929691893144107,0.3798179802366839,-1.1024607131628763,-0.45487983789991987,-0.541141838183458,0.1298794011268022,15.69022832654852,3.811834188141275,59,15
Lao PDR,LAO,2013,-0.41376911642366776,0.9693690066473367,-0.3893853196096216,0.7230156073689173,0.3538132692369773,-0.24058636625792099,-1.5807405381040125,0.2824469360983402,-1.2105808136489213,-0.023929691893144107,0.3798179802366839,-1.5289995066023851,-0.45487983789991987,-0.560351298500557,0.1298794011268022,15.704303872147154,3.803521997304142,59,16
Lao PDR,LAO,2014,-0.35907685962995073,0.866788765234901,-0.1960506843924812,0.7486423994928704,0.5043310899816171,-0.2400398028536324,-1.5612420206201243,0.14771548985209912,-1.2105808136489213,-0.023929691893144107,0.3798179802366839,-1.5289995066023851,-0.45487983789991987,-0.560351298500557,0.1298794011268022,15.718091554346142,3.8222406093341,59,17
Lao PDR,LAO,2015,-0.30501239556819465,1.0796319903033411,-0.041635508173826594,0.36271146811765786,0.6707072402312506,-0.239453426372099,-1.5458251566441081,0.05400821750924108,-1.2105808136489213,-0.023929691893144107,0.3798179802366839,-1.5289995066023851,-0.45487983789991987,-0.560351298500557,0.1298794011268022,15.732675199678354,3.8425316741675335,59,18
Lao PDR,LAO,2016,-0.2513975235474799,0.7705470547839286,0.04750661967185118,0.05113519148419961,0.3878195431049519,-0.23881533933675245,-1.5323294362046587,0.14307915855574052,-1.2105808136489213,-0.023929691893144107,0.3798179802366839,-1.5289995066023851,-0.45487983789991987,-0.5324101700593931,0.1298794011268022,15.74830695353134,3.8077818096686586,59,19
Lao PDR,LAO,2017,-0.19633757240494829,0.7705470547839286,0.093704231641517,0.05113519148419961,1.0981843916312142,-0.23816422343317206,-1.5135708235489,0.32294621620140124,-1.2105808136489213,-0.023929691893144107,0.3798179802366839,-1.5289995066023851,-0.45487983789991987,-0.5324101700593931,0.1298794011268022,15.764009923532175,3.8928533324946906,59,20
Lebanon,LBN,1996,0.4486294900352698,1.4720025518308997,-0.2720199605863891,-0.15243990912496996,-0.5521810994489061,-0.25592925200147476,1.070230542215798,-0.39603493781023935,0.041101488814628474,1.183202376874821,-0.9956681385585116,-0.24938312628385903,0.09856386722147399,0.14515355046027645,-0.29690457617483745,15.210462830965199,3.6827862308045027,60,0
Lebanon,LBN,1997,0.43537441866536347,0.825872394361557,-0.24175653855051135,-0.3273420850209446,1.372845168805256,-0.25549084368572916,0.9934568494812416,-0.39889694360640837,-0.271819086801259,1.183202376874821,-1.133216750438031,-0.35601782464373616,-0.10897752219904876,0.14515355046027645,-0.36803523905844315,15.22854567669527,3.923898814971214,60,1
Lebanon,LBN,1998,0.4677220037906923,0.6976453691750621,-0.035916044196135456,-0.5418048098417908,0.5125661538486913,-0.2550568894803304,0.9751073885064852,-0.2809883413259722,-0.5847396624171465,1.183202376874821,-1.2707653623175506,-0.4626525230036132,-0.3165189116195712,0.14515355046027645,0.1298794011268022,15.246128456043142,3.823254693762716,60,2
Lebanon,LBN,1999,0.4277462090899904,0.03130474415586334,-0.06505323149529013,-0.655389868449332,0.23411802646780916,-0.25461626601879733,0.9044158328749682,-0.48600874427233764,-0.271819086801259,1.183202376874821,-0.9956681385585116,-0.4626525230036132,0.029383404081299944,0.14515355046027645,0.1298794011268022,15.263670652755497,3.7883823052638377,60,3
Lebanon,LBN,2000,0.42095816844519957,-0.19727174293026215,-0.03150555564037049,-0.6757283757315632,0.3661676392328655,-0.2541752435928348,0.8592542779177531,-0.5916115929402275,0.041101488814628474,1.183202376874821,-0.7205709147994724,-0.4626525230036132,0.37528571978217107,0.14515355046027645,0.1298794011268022,15.28092589440061,3.8050716729541674,60,4
Lebanon,LBN,2001,0.45767401550227993,-0.22799895797495676,-0.09914154966200008,-0.5173706356693871,0.8068743005827316,-0.2537430638859432,0.834893918894307,-0.5527385190341604,0.041101488814628474,1.183202376874821,-0.5830223029199529,-0.5692872213634906,0.37528571978217107,0.14515355046027645,0.1298794011268022,15.297551140172306,3.8588374536516126,60,5
Lebanon,LBN,2002,0.49285466740932476,-0.39452312960972324,-0.03229562971497857,-0.648744132057634,0.58276442389649,-0.2533763381642558,0.806342547570212,-0.6626241462138454,0.041101488814628474,1.183202376874821,-0.4454736910404334,-0.6759219197233678,0.37528571978217107,0.14515355046027645,0.1298794011268022,15.31144488979808,3.8318575751246557,60,6
Lebanon,LBN,2003,0.5254413652578391,-0.34733138707887523,0.05086621611730565,-0.5600331097358116,1.872978933953887,-0.2530071233809041,0.7855471810553218,-0.729732028279099,0.041101488814628474,1.183202376874821,-0.4454736910404334,-0.6759219197233678,-0.1781579853392228,0.14515355046027645,0.1298794011268022,15.325240614977911,3.978067497024502,60,7
Lebanon,LBN,2004,0.6163715367425965,-0.034648695456999,0.09286864975702155,0.5132979508996465,0.9375674172548263,-0.25256783972529084,0.7866248215360625,-1.0419323764752677,0.041101488814628474,1.183202376874821,-0.4454736910404334,-0.6759219197233678,0.236924793501823,0.14515355046027645,0.1298794011268022,15.341410327469386,3.8742415780436987,60,8
Lebanon,LBN,2005,0.6376360535800225,-0.08081046495167674,0.10754334497735124,0.5653860548342526,1.5112108010691305,-0.25214015581159693,0.7576164433104238,-1.026487504786771,0.041101488814628474,1.183202376874821,-0.7205709147994724,-0.4626525230036132,0.236924793501823,0.14515355046027645,0.1298794011268022,15.356905790193814,3.939180924460252,60,9
Lebanon,LBN,2006,0.6345066662211042,-0.08929363423829687,0.13698732369291505,0.5161091836799676,1.500660499602867,-0.2516635779138682,0.7196501623233466,-1.005759224750476,-0.5847396624171465,1.183202376874821,-1.5458625860765898,0.3904244667213316,0.37528571978217107,0.9432118811998381,0.1298794011268022,15.373894515787827,3.938023861659675,60,10
Lebanon,LBN,2007,0.7743741541956148,0.22216694566607018,0.16608107760053592,0.7168623646487918,1.7587536195483608,-0.251109898651472,0.7466416769242065,-0.9638432003845657,-0.5847396624171465,1.183202376874821,-1.40831397419707,0.3904244667213316,0.37528571978217107,0.9432118811998381,0.1298794011268022,15.393275949827357,3.965951945925044,60,11
Lebanon,LBN,2008,0.9255307895071142,0.565713972447914,0.19701833768224472,0.9688246308799013,1.9865341580575682,-0.2506261632127847,0.7659664618797973,-0.9051849847863024,-0.5847396624171465,1.183202376874821,-0.9956681385585116,0.3904244667213316,0.37528571978217107,0.9082862564827971,0.1298794011268022,15.409906911208875,3.989968209379894,60,12
Lebanon,LBN,2009,1.1207750526738176,0.6535125994696298,0.2762609748763646,0.4965656403887768,1.753751542638284,-0.25022759774774883,0.8046588609834578,-0.9697213793440761,-0.5847396624171465,1.183202376874821,-0.9956681385585116,0.3904244667213316,-0.039797059058874096,-0.40143776764646666,0.1298794011268022,15.423404879674957,3.965418020469968,60,13
Lebanon,LBN,2010,1.288757867961269,0.2889775659780832,0.2571294851159644,0.6333095305971196,1.3210124311153997,-0.24993581183717822,0.7859772260620871,-1.105909290074355,-0.5847396624171465,1.183202376874821,-0.9956681385585116,0.6036938634410864,0.09856386722147399,0.07006288104006855,0.6040838203508453,15.433172361316334,3.9181133588114214,60,14
Lebanon,LBN,2011,1.2831561455528957,0.36163939682597945,0.3751868545632449,0.8382801000086243,0.7392855524189882,-0.2496098995811559,0.7700279531749682,-1.0476927373441387,-0.5847396624171465,1.183202376874821,-0.9956681385585116,0.6036938634410864,-0.039797059058874096,-0.017252228531752452,0.6989247041956543,15.443970597104766,3.850777044603909,60,15
Lebanon,LBN,2012,1.278697904670052,0.3206181325207517,0.3167636828951796,0.44265932388043533,0.5992691777414634,-0.2487778979690103,0.7549630463338979,-0.9658781245341412,-0.5847396624171465,1.183202376874821,-1.2707653623175506,0.6036938634410864,-0.3165189116195712,-0.06440229340040629,0.5092429365060362,15.471019321537632,3.8338695513971404,60,16
Lebanon,LBN,2013,1.1404822225327425,0.5286280089541907,0.28101014719483763,0.3736539407904046,0.35205906542505,-0.24575473607269724,0.7112958731156278,-0.8941745652025109,-0.5847396624171465,1.183202376874821,-1.2707653623175506,0.6036938634410864,-0.3165189116195712,-0.06440229340040629,0.41440205266122715,15.563568369586047,3.803301763170966,60,17
Lebanon,LBN,2014,0.9629228002902782,0.20885469333433568,-0.15131938898228894,0.18864887032227534,0.40096242056044235,-0.2421607573075999,0.6322545357117102,-0.9054016718904497,-0.5847396624171465,1.183202376874821,-1.2707653623175506,0.6036938634410864,-0.3165189116195712,-0.05217837713840255,0.41440205266122715,15.663491400294848,3.8094233089855183,60,18
Lebanon,LBN,2015,0.9292410543706018,-0.11323205056263436,-0.19305899489448916,-0.04352850903440694,0.11202809331982609,-0.24141356838752706,0.57416840703262,-0.9475265142332987,-0.5847396624171465,1.183202376874821,-1.2707653623175506,0.3904244667213316,-0.5932407641802689,-0.0975817940484774,0.6277940413120475,15.683068355602883,3.7726999012663667,60,19
Lebanon,LBN,2016,1.017577670026675,-0.007371768880030422,-0.14402467382574058,-0.16329472950563081,0.23581015881702866,-0.24230325311054177,0.5606713814157522,-0.9267476049478593,-0.5847396624171465,1.183202376874821,-0.9956681385585116,0.3904244667213316,-0.5932407641802689,-0.0975817940484774,0.6989247041956543,15.659713984313525,3.7885979403089727,60,20
Lebanon,LBN,2017,1.1005279544150113,-0.15265832061028684,-0.0111549284094976,-0.14199770744724258,0.18875827484162377,-0.24327346314668574,0.5274010549429221,-1.0125489513642905,-0.5847396624171465,1.183202376874821,-1.2707653623175506,0.3904244667213316,-0.5932407641802689,-0.12203015046209338,0.5092429365060362,15.633608276848873,3.7825845367643076,60,21
Liberia,LBR,2000,-1.0261466459044086,-0.09145487439041167,-1.0593822748420327,-0.16305872309946667,-0.23333510690041637,-0.26251909635027815,-1.3623423183472794,-1.904772580416128,2.961693361005271,-1.2310617606611092,0.7716233305143736,-1.2963417114744389,-0.2703987873406901,-0.0731339615244708,-1.861779159614179,14.889870453797743,3.7269580714381987,61,0
Liberia,LBR,2002,-1.0232436145343915,-0.09145487439041167,-1.0593822748420327,-0.16305872309946667,-0.6023136430758318,-0.26152665744525067,-1.3498682315089303,-1.9886550118604363,0.4583287560781714,-1.2310617606611092,0.8383134998869347,-0.4626525230036132,-0.402170966311569,-0.0731339615244708,-2.1463018111486054,14.945228348557174,3.6756600327304763,61,1
Liberia,LBR,2003,-1.109664555700803,-0.09145487439041167,-1.0593822748420327,-0.16305872309946667,8.180801702366207,-0.2613792787940676,-1.3641314810363783,-1.9129693493848416,0.4583287560781714,-1.2310617606611092,0.171410925850206,-0.4626525230036132,-0.006853875955228702,-0.9462829616842404,-2.1937222530710097,14.953193869095394,4.487902227503124,61,2
Liberia,LBR,2004,-1.1069228109093503,-0.09145487439041167,-1.0593822748420327,-0.16305872309946667,0.8357961699159808,-0.2611568114644433,-1.3649632043459947,-1.614054098944035,0.8755565240146354,-1.2310617606611092,0.5715523822411316,-0.4626525230036132,-0.006853875955228702,-0.0731339615244708,-2.0514609273037974,14.965098874029419,3.8622668290389592,61,3
Liberia,LBR,2005,-1.1055684537813943,-0.09145487439041167,-1.0593822748420327,-0.16305872309946667,0.8934707024756842,-0.2602986032485055,-1.3625905776987772,-1.656561313785288,0.4583287560781714,-1.2310617606611092,0.704932720986254,-0.4626525230036132,-0.006853875955228702,1.891452074669425,-2.1463018111486054,15.009740857839638,3.869070605317928,61,4
Liberia,LBR,2006,-1.1012457023424902,-0.09145487439041167,-1.0593822748420327,-0.16305872309946667,1.055684878289346,-0.2591685692528563,-1.3502250392796655,-1.6160364334070305,0.8755565240146354,-1.2310617606611092,0.7716233305143736,-0.4626525230036132,0.22374729888288217,0.9152712766482838,-1.9091996015365842,15.06563805665796,3.887962235639472,61,5
Liberia,LBR,2007,-1.0926711331476906,-0.09145487439041167,-1.0593822748420327,-0.16305872309946667,1.0466154644031223,-0.25810706781868054,-1.3365043741400688,-1.5971510943844782,0.45165328402267235,-0.2605275773716657,0.7716233305143736,-0.4626525230036132,1.0933789271771808,0.9152712766482838,-1.5772565080797532,15.11544360348611,3.8869153690178493,61,6
Liberia,LBR,2008,-1.0865531820564172,-0.09145487439041167,-1.0593822748420327,-0.16305872309946667,2.2612211681463217,-0.25720223435673206,-1.310542787154657,-1.6668562421339719,-0.40950414007224945,-0.30559368032139345,0.9050036692594959,-0.4626525230036132,0.6520075723428688,0.930987964937835,-1.5772565080797532,15.156023773274864,4.018183276522005,61,7
Liberia,LBR,2009,-1.0820980156872813,-0.09145487439041167,-1.0593822748420327,-0.16305872309946667,0.6277226494570332,-0.2564756129462021,-1.2953092171907883,-1.8410631217813413,0.041101488814628474,-1.2310617606611092,0.1047207564776448,-0.4626525230036132,-0.5932407641802689,-0.4660511687632501,-1.3638645194289338,15.187459767638703,3.8373286337243857,61,8
Liberia,LBR,2010,-1.0752599422943532,-0.09145487439041167,-1.0593822748420327,-0.16305872309946667,17.694725875452328,-0.25578569030848997,-1.2766000117583476,-1.841909018415722,0.041101488814628474,-1.2310617606611092,0.1047207564776448,-0.4626525230036132,-0.5932407641802689,-0.4974845453423524,-1.5061258451961468,15.21642034155556,4.959412455704904,61,9
Liberia,LBR,2011,-1.0659865160107018,-0.09145487439041167,-0.7157055677383769,-0.16305872309946667,14.791654776413072,-0.25481931509462324,-1.273059368578216,-1.5661729885647484,0.041101488814628474,-1.2310617606611092,-0.17037646728139427,-0.4626525230036132,-0.5932407641802689,-0.4974845453423524,-1.5772565080797532,15.25562503087804,4.837567588008574,61,10
Liberia,LBR,2012,-1.0558546518945264,-0.09145487439041167,-0.7157055677383769,-0.16305872309946667,14.038308099451761,-0.2539150056456568,-1.262271721915354,-1.040782849068244,0.041101488814628474,-1.2310617606611092,0.3798179802366839,-0.4626525230036132,-0.5932407641802689,-0.5184401297284211,-1.5772565080797532,15.290969892086949,4.803363541874165,61,11
Liberia,LBR,2013,-1.0401141740571977,-0.09145487439041167,-0.7157055677383769,-0.16305872309946667,10.51506225209764,-0.2533362333070551,-1.253164643087906,-0.6289687314215237,-0.5847396624171465,-1.2310617606611092,0.3798179802366839,-0.4626525230036132,-0.5932407641802689,-0.5184401297284211,-1.672097391924562,15.312952656423594,4.62575199097692,61,12
Liberia,LBR,2014,-1.0437495107391175,-0.09145487439041167,-0.9643276769882502,-0.16305872309946667,2.1069731443709325,-0.25277617061378743,-1.2465793556370814,-0.7094583816733934,-0.5847396624171465,-1.2310617606611092,-0.17037646728139427,-0.4626525230036132,-0.5932407641802689,-0.5184401297284211,-1.861779159614179,15.33377440506732,4.0024374730182,61,13
Liberia,LBR,2015,-1.0491262016423684,-0.09145487439041167,-0.9786670388491646,-0.16305872309946667,0.6244440448732986,-0.25220965303333265,-1.258895378858433,-0.8539859500661197,-0.5847396624171465,-1.2310617606611092,-0.7205709147994724,-0.6759219197233678,-0.5932407641802689,-0.08186510575892622,-1.861779159614179,15.354404110260814,3.836930663868457,61,14
Liberia,LBR,2016,-1.058190407240136,-0.09145487439041167,-0.9786670388491646,-0.16305872309946667,0.9727970685670103,-0.2516369485268746,-1.2852770534188485,-1.1091619960400203,-0.5847396624171465,-1.2310617606611092,-0.4454736910404334,-0.6759219197233678,-0.45487983789991987,0.41757614747916333,-1.861779159614179,15.374835321470414,3.8783536314887237,61,15
Liberia,LBR,2017,-1.056998488263533,-0.09145487439041167,-0.9786670388491646,-0.16305872309946667,0.6420685224898742,-0.2510812744423311,-1.2843971124282931,-0.9695430436921069,-0.5847396624171465,-1.2310617606611092,-0.4454736910404334,-0.6759219197233678,-0.45487983789991987,0.40360558325858087,-1.861779159614179,15.394267795092508,3.83906813167664,61,16
Liberia,LBR,2018,-1.0589861821770543,-0.09145487439041167,-0.9786670388491646,-0.16305872309946667,0.014002594575900373,-0.2505108089004324,-1.2605462446904032,-0.8457135008028214,-0.5847396624171465,-1.2310617606611092,0.1047207564776448,-0.6759219197233678,-0.45487983789991987,0.4245611676446494,-2.004040485381393,15.41383231423489,3.7599281017469695,61,17
Libya,LBY,1996,1.3511534964375127,-1.1141523679220307,1.7038134175986328,-0.6050151036980608,-0.727100455387783,-0.2502567400151787,0.7033002921529391,3.240116270116526,-1.2105808136489213,-1.2310617606611092,-2.096057033594668,-1.7422683061680675,-1.561767248142709,-1.8194324857336197,1.8370153103333575,15.422424086821573,3.6576982388270376,62,0
Libya,LBY,1997,1.446977593780734,-1.3027959028794633,1.7038134175986328,-0.7188829436956385,-0.695235451785927,-0.2497967638014701,0.7102064609367392,3.240116270116526,-1.2105808136489213,-1.2310617606611092,-1.8209598098356288,-1.7422683061680675,-1.561767248142709,-1.8194324857336197,1.4813619959153252,15.437793617127056,3.662315645637577,62,1
Libya,LBY,1998,1.3099595423159502,-1.4174117026559727,1.7038134175986328,-0.962747328798596,-0.739292513112195,-0.2493438200801674,0.6540439121895006,3.240116270116526,-1.2105808136489213,-1.2310617606611092,-1.5458625860765898,-1.7422683061680675,-1.561767248142709,-1.8194324857336197,0.9834473557300805,15.452700787558912,3.6559258907267336,62,2
Libya,LBY,1999,1.290519107403259,-1.6306332419031682,1.7038134175986328,-1.1213834286152071,-0.7191679829222157,-0.24888331985347678,0.6317406330529005,3.240116270116526,-1.2105808136489213,-1.2310617606611092,-0.9956681385585116,-1.8489030045279444,-1.4234063218623603,-1.8194324857336197,0.9834473557300805,15.467632218778897,3.6588496905261376,62,3
Libya,LBY,2000,1.34188750718086,-1.3358265695789646,1.7038134175986328,-0.8164123011293425,-0.590526577810716,-0.24836536279425014,0.6304545051543743,3.240116270116526,-1.2105808136489213,-1.2310617606611092,-0.4454736910404334,-1.9555377028878216,-1.2850453955820114,-1.8194324857336197,0.9834473557300805,15.484164477052724,3.6773401024981296,62,4
Libya,LBY,2001,1.247781089925831,-1.4790487555324368,1.7038134175986328,-0.8777485140205921,-0.7251886301852158,-0.24777812288223505,0.582428972592357,3.240116270116526,-1.2105808136489213,-1.2310617606611092,-0.30792507916091383,-1.8489030045279444,-1.2850453955820114,-1.8194324857336197,0.22472028497161128,15.50258335852269,3.6579758743953157,62,5
Libya,LBY,2002,1.1752208263739108,-1.1777536907638118,1.7038134175986328,0.160786831574942,-0.530235092309963,-0.24715424374433187,0.5563359953055805,3.240116270116526,-1.2105808136489213,-1.2310617606611092,-0.17037646728139427,-1.7422683061680675,-1.2850453955820114,-1.8194324857336197,-0.15464325040762328,15.521786754783227,3.685889882850788,62,6
Libya,LBY,2003,1.442657816400838,-1.661771627571568,1.5653474896139892,0.5028193717488594,-0.5592702872158238,-0.2464933442801901,0.6271588557106812,3.6631335138141536,-1.2105808136489213,-1.2310617606611092,-0.17037646728139427,-1.7422683061680675,-0.8699626167409662,-1.8194324857336197,-0.15464325040762328,15.541735276649659,3.6817816005621684,62,7
Libya,LBY,2004,1.5065562106134514,-1.0539304388519495,1.5653474896139892,0.6633623397142538,-0.4645515436232714,-0.24579488856744178,0.6327354771443507,4.14340099911386,-1.2105808136489213,-1.2310617606611092,0.3798179802366839,-1.7422683061680675,-0.8699626167409662,-1.8194324857336197,-0.15464325040762328,15.562393644179965,3.6951218469165634,62,8
Libya,LBY,2005,1.7747330981452512,-0.9076207656163764,1.0929096666839986,0.5100412471913679,-0.26653690425745685,-0.24506779078147364,0.701513621758232,4.505293807625933,-1.2105808136489213,-1.2310617606611092,0.3798179802366839,-1.7422683061680675,-0.8699626167409662,-1.8194324857336197,-0.4391659019420505,15.583455191742859,3.722448362171055,62,9
Libya,LBY,2006,1.9083304381955302,-0.2022841372180371,1.2347570565544745,0.710180394932514,-0.04603356802812126,-0.24434481364304567,0.7376672352025524,4.98109672512481,-1.2105808136489213,-1.2310617606611092,0.3798179802366839,-1.7422683061680675,-0.8699626167409662,-1.4981136997771103,-0.4391659019420505,15.603966576803442,3.7520246400180692,62,10
Libya,LBY,2007,2.0390759288519065,-0.23708757241121828,1.2347570565544745,0.8555209620261959,0.5679749227106424,-0.24360542537077282,0.7372235574327669,4.818850982422708,-1.2105808136489213,-1.2310617606611092,0.3798179802366839,-1.4223645096654718,-0.8699626167409662,-1.4981136997771103,-0.4391659019420505,15.624517268085002,3.8300512476902493,62,11
Libya,LBY,2008,1.9634940062829231,-0.07208806235319357,1.2347570565544745,0.8703582915664885,0.1860263575060105,-0.24282506285612457,0.7231110365945544,4.918508976742604,-1.2105808136489213,-1.2310617606611092,0.3798179802366839,-1.3157301098826306,-0.731601690460617,-1.470172571335946,-0.4391659019420505,15.645758260609353,3.7822342744680992,62,12
Libya,LBY,2009,1.7552717110994391,0.28920237726991715,1.2347570565544745,0.9977883983430961,-0.25557631957974936,-0.24204347367472306,0.6296149032201,3.905697623609393,-1.2105808136489213,-1.2310617606611092,0.3798179802366839,-1.3157301098826306,-1.0083235430213147,-1.470172571335946,-0.4391659019420505,15.666589798060926,3.7239393582614304,62,13
Libya,LBY,2010,1.8442378232373473,-0.10357041341996504,1.2347570565544745,0.7200491590691487,-0.23568149113277712,-0.24126249782669817,0.6214372435421694,4.0684183279627195,-1.2105808136489213,-1.2310617606611092,0.6549152039957229,-1.5289995066023851,-1.0083235430213147,-1.48065036352898,-0.4391659019420505,15.686980371947122,3.7266400354712763,62,14
Libya,LBY,2011,0.2972071201309432,-0.6376401120777677,1.2347570565544745,-0.3006022754082467,-0.3695652433389255,-0.24218330772990415,0.515040170943366,2.2433169878495107,-1.2105808136489213,-1.2310617606611092,-1.2707653623175506,-1.5289995066023851,-1.0083235430213147,-0.7629215983061434,-0.3917454600196454,15.662894561536671,3.7083234137426824,62,15
Libya,LBY,2012,1.7675062192714226,-0.8144685054896106,1.2347570565544745,0.7243302020832005,-0.3825031551898009,-0.24315913304152553,0.4285920946394037,3.900657890126219,-0.5847396624171465,-1.2310617606611092,-0.7205709147994724,-1.7422683061680675,-1.0083235430213147,-0.4835139811217703,-0.5340067857868585,15.636720247487288,3.706535472045853,62,16
Libya,LBY,2013,1.1644929826884367,-0.714635742194875,1.2347570565544745,0.9603469233646585,-0.49051108369419827,-0.2424130100114956,0.29240202692017586,3.181082059099084,-0.5847396624171465,-1.2310617606611092,-0.9956681385585116,-1.7422683061680675,-1.1466844693016627,-0.541141838183458,-0.6169925591510667,15.656794683461149,3.6914833569137486,62,17
Libya,LBY,2014,0.5592552683752543,0.06663096761782672,1.2347570565544745,0.09283781235623455,-0.3695652433389255,-0.24168282173987235,0.14856172511560078,1.6476815063502388,-0.5847396624171465,-1.2310617606611092,-1.5458625860765898,-1.7422683061680675,-1.1466844693016627,-0.719264305465038,-0.29690457617483745,15.67605778875679,3.7083234137426824,62,18
Libya,LBY,2015,0.5139589350096555,-0.674017964407614,1.2347570565544745,-0.47813854540974055,-0.3695652433389255,-0.2410601573593365,0.11289570505217343,0.650144453888799,-1.2105808136489213,-1.2310617606611092,-1.8209598098356288,-1.9555377028878216,-1.700128174423057,-0.9899407784149562,-0.29690457617483745,15.692196176048588,3.7083234137426824,62,19
Libya,LBY,2016,0.45974623648817986,-0.39039228735162707,1.2347570565544745,-0.9377934630494609,-0.3695652433389255,-0.24046285997088307,0.07861177960188404,-0.08102072560211018,-1.2105808136489213,-1.2310617606611092,-1.8209598098356288,-2.168807099607576,-1.700128174423057,-0.9899407784149562,-0.29690457617483745,15.707436125191721,3.7083234137426824,62,20
Libya,LBY,2017,0.9960662452390108,-0.7845198942017435,1.2347570565544745,-0.7504131590499056,-0.3695652433389255,-0.2398278276930338,0.19094440731692666,0.9969380954877792,-1.2105808136489213,-1.2310617606611092,-1.8209598098356288,-2.168807099607576,-1.700128174423057,-0.9777163382633428,-0.29690457617483745,15.723388122048112,3.7083234137426824,62,21
St. Lucia,LCA,2004,1.6354991111571282,-0.09145487439041167,0.4173166360668402,-0.16305872309946667,1.367704330150126,-0.2789771412664243,-0.2718982326858672,-0.9586673759460731,1.722654551815366,1.744091946952408,1.7052865820413476,1.257145232682275,1.9377856982794557,1.302737936388246,0.1298794011268022,12.009084051692815,3.923326498804921,63,0
St. Lucia,LCA,2005,1.6020024673675177,-0.09145487439041167,0.5651633493206032,-0.16305872309946667,1.1500145737592562,-0.278969930133229,-0.014935245206826635,-0.9586673759460731,3.170307244973503,2.993900480026768,1.7553040990318793,3.091836028966124,2.381519150847226,2.764601598718805,0.1298794011268022,12.016430357453585,3.8987860609798304,63,1
St. Lucia,LCA,2006,1.7600581903940589,-0.09145487439041167,0.730904344119672,-0.16305872309946667,3.3892406600698743,-0.27896285000327925,0.05274931809997315,-0.9586673759460731,3.170307244973503,2.993900480026768,1.7553040990318793,3.091836028966124,2.381519150847226,2.764601598718805,0.1298794011268022,12.023591075934853,4.126362671069217,63,2
St. Lucia,LCA,2007,1.7911139832775427,-0.09145487439041167,0.9001018095823233,-0.16305872309946667,2.0420994351553508,-0.2789561867018379,-0.019237247575576853,-1.1452337871255762,3.170307244973503,2.993900480026768,1.7553040990318793,2.8430216332673988,2.381519150847226,2.764601598718805,0.1298794011268022,12.030283704661516,3.995740307193021,63,3
St. Lucia,LCA,2008,1.9241286978730252,-0.09145487439041167,1.123780466782469,-0.16305872309946667,1.760273620989189,-0.27894993427421194,-0.007657904616158288,-1.1791119765748042,3.170307244973503,2.993900480026768,1.7553040990318793,2.8430216332673988,2.381519150847226,2.764601598718805,0.1298794011268022,12.036523177258209,3.9661141355637315,63,4
St. Lucia,LCA,2009,1.8131899060593997,-0.09145487439041167,1.2077227348245752,-0.16305872309946667,1.0543112237456653,-0.27894361634496323,-0.03578276744321093,-1.15731116750519,3.170307244973503,2.993900480026768,1.7553040990318793,2.8430216332673988,2.381519150847226,2.764601598718805,0.1298794011268022,12.042788717613357,3.887803747499378,63,5
St. Lucia,LCA,2010,1.8044986399725493,-0.09145487439041167,1.213866836179652,-0.16305872309946667,1.4311518475957652,-0.278937441328346,-0.07474359213278893,-1.2821874838532052,3.170307244973503,2.993900480026768,2.0304013227909183,2.8430216332673988,2.381519150847226,2.764601598718805,0.1298794011268022,12.048874827890371,3.9303671237048574,63,6
St. Lucia,LCA,2011,1.9221355437203627,-0.09145487439041167,1.198343328393302,-0.16305872309946667,0.44421709431370726,-0.2789321118781315,-0.08385452173219225,-1.3346883236265084,3.170307244973503,2.993900480026768,2.0304013227909183,2.8430216332673988,2.0356168351463544,2.764601598718805,0.1298794011268022,12.05409792990807,3.8148067179501344,63,7
St. Lucia,LCA,2012,1.9039461222567957,-0.09145487439041167,1.08072763448649,-0.16305872309946667,0.6547548197952465,-0.2789274314894515,-0.10887648338849491,-1.350445349144588,3.170307244973503,2.993900480026768,2.0304013227909183,2.8430216332673988,2.0356168351463544,2.764601598718805,0.1298794011268022,12.058662530301403,3.8406038820334336,63,8
St. Lucia,LCA,2013,1.8313771606761982,-0.09145487439041167,1.0134215963567546,-0.16305872309946667,0.6876182008726615,-0.2789227749195434,-0.15487509652820583,-1.4043416264664235,3.170307244973503,2.993900480026768,2.0304013227909183,2.8430216332673988,2.0356168351463544,2.764601598718805,0.1298794011268022,12.063183317979933,3.844571252473224,63,9
St. Lucia,LCA,2014,1.8589945806062245,-0.09145487439041167,0.9867648004237671,-0.16305872309946667,0.026876053466746302,-0.278918195760644,-0.17299900255379191,-1.4255736759603732,1.2927837912781783,1.9879572503377398,1.81643686432895,2.2624553071244446,1.2669449609840064,2.764601598718805,0.1298794011268022,12.067609109860088,3.761614725833442,63,10
St. Lucia,LCA,2015,1.8483310854579174,-0.09145487439041167,0.9940376184236485,-0.16305872309946667,0.8396356698596923,-0.2789136285111306,-0.1631256242486836,-1.352030963767896,1.2927837912781783,1.9879572503377398,1.81643686432895,2.2624553071244446,2.189351320667565,2.764601598718805,0.1298794011268022,12.072003965735604,3.8627212100719794,63,11
St. Lucia,LCA,2016,1.9426567865180564,-0.09145487439041167,0.9478603396127259,-0.16305872309946667,0.8799650199698683,-0.27890921608363456,-0.16892771557647865,-1.3413893472596887,1.2927837912781783,1.9879572503377398,1.81643686432895,2.2624553071244446,2.189351320667565,2.764601598718805,0.1298794011268022,12.076231578128818,3.8674815064560955,63,12
St. Lucia,LCA,2017,2.039163212400835,-0.09145487439041167,0.9200433895324838,-0.16305872309946667,0.14323743888218152,-0.27890507161732253,-0.1884596570516206,-1.3503466239215987,1.2927837912781783,1.9879572503377398,2.0609674853616746,2.2624553071244446,2.189351320667565,2.764601598718805,0.1298794011268022,12.080186241085622,3.77673218784809,63,13
St. Lucia,LCA,2018,2.122575542524878,-0.09145487439041167,0.9132619893339793,-0.16305872309946667,-0.26371405958826116,-0.27890105219956296,-0.39286063370865326,-1.4361062413954937,1.2927837912781783,1.9879572503377398,2.0609674853616746,2.2624553071244446,2.189351320667565,2.764601598718805,0.1298794011268022,12.084006701300643,3.7228325734739984,63,14
St. Lucia,LCA,2019,2.086236561748055,-0.09145487439041167,0.8999283517837462,-0.16305872309946667,-0.016005197169213795,-0.27889721737728573,-0.4113473592613617,-1.5039641931382994,1.2927837912781783,1.9879572503377398,2.0609674853616746,2.2624553071244446,2.189351320667565,2.764601598718805,0.1298794011268022,12.087638147718394,3.7559855335115477,63,15
Sri Lanka,LKA,1996,-0.4660321929052208,0.15004421771405743,1.0446393120523831,0.1612002713372307,-0.5027806111713975,-0.1733362491469376,0.23685067009955504,-0.03948688767826239,0.041101488814628474,-0.023929691893144107,-1.5458625860765898,0.1771550700015777,0.5136466460625201,0.14515355046027645,1.599913100721336,16.700591622570208,3.689759041406417,64,0
Sri Lanka,LKA,1997,-0.4290924783955526,0.20701838744739703,1.0446393120523831,0.1979729875883755,-0.14992260727130036,-0.17129270570167232,0.33314100371561295,-0.004445748483868572,0.041101488814628474,-0.6274957262771266,-1.2707653623175506,0.07052037164170027,0.3752857197821714,0.14515355046027645,1.7895948684109542,16.71957705779144,3.738198839705371,64,1
Sri Lanka,LKA,1998,-0.40509735626954796,0.29909139914907984,1.0446393120523831,0.1501714332766916,-0.4380159150644022,-0.1692216456201599,0.24252777143404572,0.04760632489634164,0.041101488814628474,-1.2310617606611092,-0.9956681385585116,-0.03611432671817715,0.236924793501823,0.14515355046027645,1.2679700072645055,16.73845727689261,3.6988274492681104,64,2
Sri Lanka,LKA,1999,-0.38368008927616265,0.5612865976172947,1.0446393120523831,0.15763572824519353,-0.45656846085099,-0.16714507744764368,0.2551072147478335,0.026270008299972288,0.041101488814628474,-1.2310617606611092,-1.2707653623175506,0.2837897683614545,0.30610525664199706,0.14515355046027645,1.2679700072645055,16.75703645612206,3.69623809971903,64,3
Sri Lanka,LKA,2000,-0.3460426043736105,0.6527380485128061,1.0446393120523831,0.445305834113535,-0.4708999076551155,-0.16507092092578315,0.2670830396824711,0.022657000910973005,0.041101488814628474,-1.2310617606611092,-1.5458625860765898,0.6036938634410864,0.37528571978217107,0.14515355046027645,1.2679700072645055,16.77525574455594,3.6942332821240957,64,4
Sri Lanka,LKA,2001,-0.37565755835002534,-0.07904156249062039,1.0446393120523831,0.2201208514774321,-0.4622565397845209,-0.16324099613637819,0.21169962218386448,-0.018904498000812564,0.041101488814628474,-0.6274957262771266,-0.8581195266789919,0.6036938634410864,0.7211880354830429,0.14515355046027645,1.1731291234196974,16.79105864443741,3.6954428787115132,64,5
Sri Lanka,LKA,2002,-0.34883891283158563,-0.3128144914345646,1.0446393120523831,0.08731572322783573,-0.4449370150384967,-0.16201796174581273,0.22307110621088935,0.08051404786683884,0.041101488814628474,-0.023929691893144107,-0.17037646728139427,0.6036938634410864,1.0670903511839143,0.14515355046027645,0.6989247041956543,16.80148300901723,3.6978622661576455,64,6
Sri Lanka,LKA,2003,-0.29945408111083294,-0.31703800929884063,1.0446393120523831,0.058246399876728805,-0.4408438794274781,-0.16114995210523464,0.2824378453700228,0.11509752794817538,0.041101488814628474,-0.023929691893144107,-0.17037646728139427,0.6036938634410864,1.0670903511839143,0.14515355046027645,0.6989247041956543,16.808815989116972,3.698433187592382,64,7
Sri Lanka,LKA,2004,-0.25189628959294247,-0.0018301478984145984,1.0446393120523831,0.17892271260123324,-0.45587605657661273,-0.1603396136661397,0.45885872596136235,0.1312658245779871,0.041101488814628474,-0.023929691893144107,-0.17037646728139427,0.8169632601608406,1.0670903511839143,0.14515355046027645,0.6989247041956543,16.815613565927485,3.6963348580326554,64,8
Sri Lanka,LKA,2005,-0.19331278291407533,0.0871760381308971,1.0446393120523831,0.007834118696023051,-0.4577493164492394,-0.15957194060222565,0.6496553419190123,0.26242828029321563,0.041101488814628474,-0.023929691893144107,-0.17037646728139427,1.0302326568805948,1.0670903511839143,0.14515355046027645,0.4144020526612283,16.822010897242052,3.6960730623882174,64,9
Sri Lanka,LKA,2006,-0.11607424413016044,0.26907442113112356,1.0446393120523831,-0.06034538879620771,-0.3545967426814685,-0.1587627752376472,0.7157797721406525,0.3003743717823886,0.041101488814628474,-0.023929691893144107,-0.17037646728139427,1.0302326568805948,1.0670903511839143,0.6393559076018484,0.4144020526612283,16.828709988627775,3.710387989781877,64,10
Sri Lanka,LKA,2007,-0.04396295251710794,0.2507601420917781,1.0446393120523831,-0.1376009394801572,-0.32494676554761226,-0.15792832029199502,0.7361467032373984,0.24001613228760596,0.041101488814628474,-0.023929691893144107,-0.032827855401874745,1.0302326568805948,1.0670903511839143,0.6393559076018484,0.4144020526612283,16.835571768230484,3.714465012110611,64,11
Sri Lanka,LKA,2008,0.022194753040908982,0.31933736328383955,1.0446393120523831,-0.2900206232792827,-0.32786694023716856,-0.15711352178786026,0.7742429865085558,0.19418198940063858,0.041101488814628474,-0.023929691893144107,0.1047207564776448,1.0302326568805948,0.9287294249035656,0.2080203036184806,0.4144020526612283,16.84222678280086,3.7140642103908466,64,12
Sri Lanka,LKA,2009,0.06074406789856331,0.1306548034705701,1.0446393120523831,-0.7038451959176326,-0.4854053232416373,-0.15635693636226955,0.798569860160396,0.21926547062203158,0.041101488814628474,-0.023929691893144107,0.6549152039957229,1.0302326568805948,0.6520075723428688,-0.22855419646140362,0.4144020526612283,16.84836692522332,3.6922000270747692,64,13
Sri Lanka,LKA,2010,0.16153711084917516,0.1306548034705701,1.0446393120523831,-0.7146670387295034,-0.5113221611926311,-0.15562656944985698,0.8658234104783332,0.061514953597039755,0.041101488814628474,-0.023929691893144107,0.3798179802366839,1.0302326568805948,0.6520075723428688,-0.22331530036488656,0.3195611688164192,16.854258737653495,3.6885568846876855,64,14
Sri Lanka,LKA,2011,0.27880011348404854,0.26792148113270836,1.1082166969315823,-0.7254888815413741,-0.4054066437292823,-0.15485270350524674,0.9531629231083814,0.16928222045438476,0.041101488814628474,-0.023929691893144107,0.3798179802366839,1.0302326568805948,0.6520075723428688,-0.2337930925579207,0.1298794011268028,16.860463807636805,3.7033624877051152,64,15
Sri Lanka,LKA,2012,0.40246007900377534,0.4051881587948467,1.1286687226451275,-0.7363107243532448,-0.4187191696670419,-0.153897511204791,1.1232201493503704,0.3277398185996688,0.041101488814628474,-0.023929691893144107,0.3798179802366839,1.0302326568805948,0.6520075723428688,-0.37873605919142966,0.1298794011268028,16.868070087753807,3.7015135708942415,64,16
Sri Lanka,LKA,2013,0.5220677536375845,0.542454836456985,1.1456496402706562,-0.7471325671651158,-0.44081678144909714,-0.15737777915279774,1.0914610862559864,0.31318876180588967,0.041101488814628474,-0.023929691893144107,-0.17037646728139427,1.0302326568805948,0.6520075723428688,-0.3892138513844638,0.1298794011268028,16.840073261765202,3.698436966204545,64,17
Sri Lanka,LKA,2014,0.6205308882836473,0.6797215141191233,1.0859505924050818,-0.7579544099769863,-0.463671689303405,-0.1562285234082185,1.1603012694938706,0.28998156128703345,0.041101488814628474,-0.023929691893144107,-0.17037646728139427,1.0302326568805948,0.6520075723428688,-0.3892138513844638,0.1298794011268028,16.84940534074044,3.6952449356734816,64,18
Sri Lanka,LKA,2015,0.6831382112384629,0.6797215141191233,1.1206163900676855,-0.7687762527888572,-0.5141101272846448,-0.15508522235661634,1.0829504567726844,0.2079017902614092,0.6669426400464034,-0.023929691893144107,0.930012427754762,1.0302326568805948,0.9287294249035656,0.611415303050294,0.6515042622732504,16.858603450565273,3.6881641871044897,64,19
Sri Lanka,LKA,2016,0.7600654777163361,0.9016804559552183,1.1008097639854078,-0.7817682740229035,-0.4749313937611954,-0.15366205073509073,1.166514695277035,0.28704268745572964,0.6669426400464034,-0.023929691893144107,0.930012427754762,1.0302326568805948,0.9287294249035656,1.0584675953232134,0.6989247041956543,16.869936225007276,3.6936685948188535,64,20
Sri Lanka,LKA,2017,0.8684648183719236,1.0849110915695703,1.1058030337176834,-0.7623028804597913,-0.3976384935851382,-0.15220910564867968,1.4379609986321087,0.3409752093232475,0.6669426400464034,-0.023929691893144107,0.930012427754762,0.8169632601608406,0.9287294249035656,1.0584675953232134,0.5092429365060362,16.88137510031217,3.7044397938448466,64,21
Lesotho,LSO,1996,-1.038375046084172,0.10631748303157651,-1.2675869934756896,2.6690464009996666,-0.11025535307417278,-0.2682099904737944,-0.24850242162458602,0.453829428017519,0.6669426400464034,1.7867684112588034,0.6549152039957229,0.354879467742361,1.3438122037446116,-0.5097084616043556,0.1298794011268022,14.494771266220209,3.7435004359156454,65,0
Lesotho,LSO,1998,-1.0278600126980149,0.10631748303157651,-1.2544329495523607,2.6690464009996666,-0.11370788453026379,-0.2680573657380985,-0.10067213962783769,0.27235488289150594,0.6669426400464034,1.7867684112588034,0.6549152039957229,0.354879467742361,1.3438122037446116,-0.5097084616043556,0.1298794011268022,14.50768226290254,3.7430401142803613,65,1
Lesotho,LSO,2000,-1.0166054883027584,0.10631748303157651,-1.2539203665903456,2.6690464009996666,-0.007427951923836092,-0.2680224474184808,0.0857078551802884,0.6781598612517099,0.6669426400464034,1.7867684112588034,0.6549152039957229,0.354879467742361,0.9979098880437403,-0.5097084616043556,0.1298794011268022,14.510612826094397,3.7571140407084624,65,2
Lesotho,LSO,2002,-1.0027915412733364,0.10631748303157651,-1.1644510960624315,2.6690464009996666,-0.006058198974121947,-0.26807743305343135,0.2697545005407451,0.9735558557379826,0.6669426400464034,1.7867684112588034,0.3798179802366839,0.354879467742361,0.9979098880437403,-0.5097084616043556,0.1298794011268022,14.505994194437978,3.757294141081149,65,3
Lesotho,LSO,2003,-0.9874927808155844,0.10631748303157651,-1.1355687179936191,2.6690464009996666,0.018098202820935223,-0.268134717199871,0.4213740521317998,0.7872662334202349,0.6669426400464034,1.7867684112588034,0.930012427754762,0.354879467742361,0.9979098880437403,-0.1822774555720396,0.1298794011268022,14.501159698346862,3.760464998975989,65,4
Lesotho,LSO,2004,-0.9798435719587681,0.10631748303157651,-1.0482099655849033,2.6690464009996666,-0.0017757969801512287,-0.26821766607304187,0.5192694543951973,0.6364715665625105,1.166351361906335,1.6953189828459072,0.9939238950895779,0.27194133584278535,1.015379892039602,0.21791605445519208,0.1298794011268022,14.494117540327158,3.757856998588905,65,5
Lesotho,LSO,2005,-0.9654745492617351,0.10631748303157651,-0.9643682148203505,2.6690464009996666,-0.3663261676236385,-0.2683251661453574,0.6698738415314394,0.561683228350314,1.2927837912781783,1.7867684112588034,0.930012427754762,0.354879467742361,0.9979098880437403,-0.1822774555720396,0.1298794011268022,14.48491663560491,3.7087705346536497,65,6
Lesotho,LSO,2006,-0.9496660049154804,0.10631748303157651,-0.9050835657465273,2.6690464009996666,-0.41601083589808197,-0.26837288110018287,0.8357508244751173,0.7046441877556543,1.2927837912781783,-0.023929691893144107,0.1047207564776448,-0.03611432671817715,0.7903684986232175,1.495042619292708,0.1298794011268022,14.480805439377649,3.7018899962727563,65,7
Lesotho,LSO,2007,-0.9363494060438878,0.10631748303157651,-0.7913108307460757,2.6690464009996666,0.14234556756422287,-0.2683240228443058,0.9832299438754618,1.009122570884554,1.2927837912781783,-0.023929691893144107,0.3798179802366839,-0.03611432671817715,0.7903684986232175,1.495042619292708,0.1298794011268022,14.485014937189128,3.776617182352609,65,8
Lesotho,LSO,2008,-0.9186248752576529,0.45054963072284243,-0.6758396433108872,2.554898763866879,-0.5452973982726609,-0.26824498620442083,1.1588153828904308,1.1292565464797717,1.2927837912781783,-0.023929691893144107,0.3798179802366839,-0.03611432671817715,0.6520075723428688,1.0252880946751415,0.1298794011268022,14.491787228368109,3.6837607760475595,65,9
Lesotho,LSO,2009,-0.9262265433803837,0.6941423842663097,-0.5152510897020413,2.489947851258739,0.2758485153048395,-0.2681595839977433,1.1788928228762559,0.5224356939505224,1.2927837912781783,-0.023929691893144107,0.3798179802366839,-0.03611432671817715,0.6520075723428688,1.0252880946751415,0.1298794011268022,14.499053767681497,3.793686665090308,65,10
Lesotho,LSO,2010,-0.9093471562462812,0.8123034231840035,-0.3327540439834725,2.234076141416166,-0.5803929681463317,-0.2680680722760713,1.3617698544304535,0.3689684746841397,1.2927837912781783,-0.023929691893144107,0.3798179802366839,-0.03611432671817715,0.236924793501823,0.5415635297266035,0.1298794011268022,14.506781980389379,3.678782243864396,65,11
Lesotho,LSO,2011,-0.8947409943911574,0.6522184468126176,-0.23487434530688553,2.225175976922751,-0.23480211922044647,-0.2679623288381841,1.5209623774257097,0.5140251461631331,1.2927837912781783,-0.023929691893144107,0.3798179802366839,-0.03611432671817715,0.236924793501823,0.5956986147607428,0.1298794011268022,14.515638317491614,3.726759240032379,65,12
Lesotho,LSO,2012,-0.8731307348256002,1.6120447570225362,-0.15800896240951093,2.2371650014210265,-0.24991417592051693,-0.2678411806095651,1.7084736749847906,0.31504836773580236,1.2927837912781783,-0.023929691893144107,0.6549152039957229,0.3904244667213316,0.236924793501823,0.6533264718224308,0.1298794011268022,14.52568937330156,3.72470872404052,65,13
Lesotho,LSO,2013,-0.8701260182790861,1.011248648595199,-0.20565332466787345,1.7470010984809377,-0.2776457130497793,-0.26770928416012246,1.7890779557369851,0.16511295705120624,1.2927837912781783,-0.023929691893144107,0.6549152039957229,0.3904244667213316,0.236924793501823,0.6533264718224308,0.1298794011268022,14.536518497965002,3.7209349309930833,65,14
Lesotho,LSO,2014,-0.8677038133881637,0.8168467411082366,-0.1876351436344409,1.5411637345402138,0.031218403079068324,-0.2675688427262577,1.8964350785840585,0.42724197294141475,1.2927837912781783,-0.023929691893144107,0.6549152039957229,0.3904244667213316,0.236924793501823,0.6533264718224308,0.1298794011268022,14.547921719972184,3.762183000420152,65,15
Lesotho,LSO,2015,-0.8593015352285389,0.6895423026252235,-0.14639516195270036,1.6409915309077299,0.19609515234433242,-0.26742282174507337,2.0198566519119248,0.5590481438190836,1.2927837912781783,-0.023929691893144107,0.3798179802366839,0.1771550700015777,0.37528571978217107,0.6411025555604276,0.1298794011268022,14.559641685068659,3.783524599635802,65,16
Lesotho,LSO,2016,-0.8488172596559141,0.48236965556577466,-0.23892054490887707,1.8328443294359074,0.009500304351408908,-0.2672691251646416,2.1183855184968112,0.29572536711071856,1.2927837912781783,-0.023929691893144107,0.1047207564776448,0.1771550700015777,0.37528571978217107,0.6411025555604276,0.1298794011268022,14.571831109518213,3.7593375593804947,65,17
Lesotho,LSO,2017,-0.8685890991416167,0.5740582256170518,-0.14783584838146552,2.1253616358433574,-0.3313232538392281,-0.2671102063184689,2.0944708963622465,0.1275030353074637,1.2927837912781783,-0.023929691893144107,0.3798179802366839,0.1771550700015777,0.09856386722147399,0.6498336997948825,0.1298794011268022,14.584280384408867,3.713589614500304,65,18
Lesotho,LSO,2018,-0.8802605254507527,0.4032342962336892,-0.14783584838146552,2.0691423405247398,-0.3720031603998316,-0.26695244863742673,2.1259896030431014,0.34187446770708363,1.2927837912781783,-0.023929691893144107,0.3798179802366839,0.1771550700015777,0.09856386722147399,0.6498336997948825,0.1298794011268022,14.596487280725395,3.707986752590247,65,19
Morocco,MAR,1996,-0.5715492422952262,-0.1018560366111521,-0.9137736911483136,-0.7636085715287131,-0.5089086724431454,-0.12032108760418973,0.49510374114861055,-0.11912330539640631,0.6669426400464034,1.183202376874821,-0.4454736910404334,0.1771550700015777,0.6520075723428688,0.8000155625249085,2.4060606134022096,17.104214937039334,3.6888967109625783,66,0
Morocco,MAR,1997,-0.5939740816634003,0.012806272054098816,-0.9029033473751963,-0.6456121368005764,-0.16634698256416525,-0.1179080673690817,0.7113889874003915,0.023017766794750722,0.6669426400464034,1.183202376874821,-0.032827855401874745,0.1771550700015777,0.6520075723428688,0.8000155625249085,2.4060606134022096,17.11921777872236,3.7359954390310963,66,1
Morocco,MAR,1998,-0.5540347449329622,-0.10561398368086587,-0.9372335136966816,-0.8050257660204603,-0.5380506146764066,-0.11547670072491124,0.5914713950771188,-0.3263099178553619,0.6669426400464034,1.183202376874821,0.3798179802366839,0.1771550700015777,0.6520075723428688,0.8000155625249085,2.4060606134022096,17.134110407276946,3.684785698739491,66,2
Morocco,MAR,1999,-0.552581951295427,0.11777203111365736,-0.9200514018887794,-0.7204409282168326,-0.3385417478747408,-0.11306188812721711,0.4494009324095739,-0.29738304736350396,0.3540220644305159,1.183202376874821,0.1047207564776448,0.1771550700015777,0.5828271092026944,0.47258455649259246,2.4060606134022096,17.148685311586757,3.71259769627345,66,3
Morocco,MAR,2000,-0.5441633795331551,0.20751492736049995,-0.8586772619726158,-0.5789646428564207,-0.47986634600195904,-0.11070230530688553,0.39112239458781023,-0.22508726140243338,0.041101488814628474,1.183202376874821,-0.17037646728139427,0.1771550700015777,0.5136466460625201,0.14515355046027645,2.4060606134022096,17.16272457409942,3.692976925323241,66,4
Morocco,MAR,2001,-0.4968196813448704,0.07550871468921326,-0.800007160918083,-0.5774727344697502,0.4883983110899483,-0.10837278177670231,0.3459141518145211,-0.34897726363902426,0.3540220644305159,1.183202376874821,-0.032827855401874745,0.07052037164170027,0.4444661829223454,-0.1822774555720396,2.4060606134022096,17.1763942881002,3.82027568648163,66,5
Morocco,MAR,2002,-0.4779555735731995,0.11744061468518134,-0.7356231559103563,-0.5536512654058418,-0.47475634697378666,-0.10608916297467953,0.3656109232090721,-0.3684906023406411,0.6669426400464034,1.183202376874821,0.1047207564776448,-0.03611432671817715,0.37528571978217107,-0.5097084616043556,2.4060606134022096,17.189615669325796,3.693693120117367,66,6
Morocco,MAR,2003,-0.43828937748405233,0.07386261317388453,-0.6794339977571227,-0.6112224488688052,0.051815625859026035,-0.1038664368630405,0.37635251835009603,-0.3109558487938925,0.041101488814628474,1.183202376874821,0.6549152039957229,0.1771550700015777,0.37528571978217107,-0.5097084616043556,1.9318561941781667,17.202318777053467,3.7648741275798203,66,7
Morocco,MAR,2004,-0.41050068506918963,0.23782673585594666,-0.5802148960158311,-0.5175210885436957,-0.41600767308875,-0.1015941081589023,0.281849215104202,-0.2542976832716195,0.041101488814628474,-0.023929691893144107,0.3798179802366839,0.1771550700015777,0.37528571978217107,-0.5097084616043556,1.8370153103333586,17.21514067878118,3.7018904357818747,66,8
Morocco,MAR,2005,-0.3945388149406246,0.3808206712344382,-0.5166586073553763,-0.3445927590971298,-0.22507905079805696,-0.09918170721186388,0.2907891135984187,-0.28118042313455216,0.041101488814628474,-0.023929691893144107,0.3798179802366839,-0.24938312628385903,-0.039797059058874096,-1.1645704736689877,1.5524926587989325,17.228575408493263,3.728076318679969,66,9
Morocco,MAR,2006,-0.33708570902878443,0.45253977291033726,-0.40565499236197267,-0.25209650715309245,-0.08008828648521331,-0.09672221655276261,0.409288755601377,-0.3587194221805992,0.041101488814628474,-0.023929691893144107,0.3798179802366839,0.1771550700015777,-0.039797059058874096,-0.7018014931065175,1.7895948684109542,17.242089063106253,3.7475135835439595,66,10
Morocco,MAR,2007,-0.31741281077382427,0.7976593249927275,-0.29287984652902516,-0.057770803354844164,-0.07881710575770014,-0.094249292106305,0.4484701285718891,-0.3863007042170321,0.041101488814628474,-0.023929691893144107,0.3798179802366839,0.1771550700015777,-0.039797059058874096,-0.7018014931065175,1.8370153103333586,17.255494872813347,3.7476823365651386,66,11
Morocco,MAR,2008,-0.2754531362421023,1.044665511696731,-0.20899714428102376,0.1309491936546442,-0.22582836622103125,-0.09174654060272514,0.4854034573475134,-0.22818238258840184,0.041101488814628474,-0.023929691893144107,0.3798179802366839,0.1771550700015777,-0.039797059058874096,-0.7052937412444559,1.8370153103333586,17.268881832839664,3.7279748787134044,66,12
Morocco,MAR,2009,-0.2513271935624921,0.7789992646793532,-0.09784061617265578,-0.3190667566055678,-0.3100560296718371,-0.0892216852788143,0.49699597013564456,-0.399948765345617,0.041101488814628474,-0.023929691893144107,0.1047207564776448,0.3904244667213316,-0.039797059058874096,-0.7052937412444559,1.8370153103333586,17.2822078422387,3.7165063107048164,66,13
Morocco,MAR,2010,-0.2294183431530456,0.6885830534076389,-0.013478067868471333,-0.11037714971560277,-0.43753111131878325,-0.08662402192387252,0.5218285094535083,-0.2786151475990228,0.041101488814628474,-0.023929691893144107,0.1047207564776448,0.1771550700015777,0.09856386722147399,-0.7210104295340075,1.8370153103333586,17.29573527044085,3.6988950227525788,66,14
Morocco,MAR,2011,-0.18569952929519576,0.7700113743687652,0.09314112702716859,0.10159712606895507,-0.249209766926831,-0.08397077746468254,0.5541135970426941,-0.21223081234370503,0.041101488814628474,-0.023929691893144107,-0.17037646728139427,0.1771550700015777,0.236924793501823,-0.27745090928863647,1.8370153103333586,17.30936578692281,3.7248043969636377,66,15
Morocco,MAR,2012,-0.16708030874737484,0.8853435044377069,0.1911076175500941,0.14222992701945608,-0.18401673782782046,-0.0813349147542927,0.4913983838491191,-0.23232655788862902,0.041101488814628474,-0.023929691893144107,-0.17037646728139427,0.3904244667213316,0.236924793501823,-0.23553974051649998,1.220549565342102,17.3227254993835,3.7336195315656684,66,16
Morocco,MAR,2013,-0.13570481586115363,0.6994500390513777,0.1911076175500941,0.01521967439575592,-0.14028307399049003,-0.07876052233950541,0.5216783225687304,-0.24175433180053135,0.041101488814628474,-0.023929691893144107,-0.17037646728139427,0.3904244667213316,0.09856386722147399,-0.23553974051649998,0.9834473557300805,17.335603600530163,3.739489767343804,66,17
Morocco,MAR,2014,-0.1188878429464838,0.5290343200876048,0.1911076175500941,-0.04194175968926242,-0.13044660028856034,-0.07627617083722477,0.5633512887416591,-0.10306027477029088,0.041101488814628474,-0.023929691893144107,-0.17037646728139427,0.6036938634410864,0.09856386722147399,-0.24776365677850284,1.0071575766912821,17.347875987584015,3.7408053536026458,66,18
Morocco,MAR,2015,-0.08205084795999598,0.3900562952290623,0.1911076175500941,-0.17595231537387773,-0.1327805854410603,-0.07387757286850725,0.5886496699145287,-0.11898250863680003,0.041101488814628474,-0.023929691893144107,-0.17037646728139427,0.6036938634410864,0.09856386722147399,-0.1325079426551275,1.2679700072645066,17.359583551237606,3.7404933496565054,66,19
Morocco,MAR,2016,-0.0905316791859586,0.7312530134142926,0.1911076175500941,-0.06437651333985189,-0.3132208718780795,-0.07140120065481592,0.5995638534287824,-0.11376747507561044,0.041101488814628474,-0.023929691893144107,-0.17037646728139427,0.3904244667213316,0.236924793501823,-0.11329848233802858,1.0545780186136866,17.371528623522256,3.7160728064327664,66,20
Morocco,MAR,2017,-0.04458900097592961,0.6647881511290611,0.5337607314767154,0.02440423782575871,-0.2544566313751565,-0.06888275258054842,0.6374222422354343,-0.1371304405852055,0.041101488814628474,-0.023929691893144107,-0.17037646728139427,0.3904244667213316,0.236924793501823,-0.09583566997950865,1.2679700072645055,17.383532056823462,3.72409154720869,66,21
Moldova,MDA,1996,-0.40054610471251423,-0.35220606359783163,0.8867354454111948,1.6268702654620302,-0.40725251508678806,-0.2624049091577494,-0.36135529070137723,0.02009422063578855,0.6669426400464034,-1.2310617606611092,-0.7205709147994724,0.6036938634410864,0.6520075723428688,0.14515355046027645,1.2679700072645066,14.896398019214196,3.7031063269863242,67,0
Moldova,MDA,1997,-0.3822478249304451,-0.33418288224551246,0.8867354454111948,1.5780626155418997,0.06850840321197747,-0.2624696962173402,-0.4014256502597115,-0.1346158356402341,0.6669426400464034,-1.2310617606611092,-0.9956681385585116,0.6036938634410864,0.6520075723428688,0.14515355046027645,1.2679700072645066,14.892699666950213,3.7670498194195017,67,1
Moldova,MDA,1998,-0.4422513949877084,-0.0729274774034225,0.8867354454111948,1.2650066581289803,0.1334134415113154,-0.262476758483211,-0.4212121474378402,-0.561696127847743,0.6669426400464034,-1.2310617606611092,-1.2707653623175506,0.6036938634410864,0.6520075723428688,0.14515355046027645,1.2679700072645066,14.892295691361738,3.7754646677042487,67,2
Moldova,MDA,1999,-0.46999294620101867,-0.5110019839500357,0.8867354454111948,1.2860999465401157,-0.0815528632000804,-0.2625041798443705,-0.5521167220793166,-0.5463117733034507,0.3540220644305159,-1.2310617606611092,-1.2707653623175506,0.497059165081209,0.30610525664199734,0.14515355046027645,1.2679700072645066,14.890725586377473,3.747319121317894,67,3
Moldova,MDA,2000,-0.45066340924183224,-0.8753524864979609,0.8867354454111948,1.5373986840486769,1.101892663661935,-0.2625396340863561,-0.5185421514307791,-0.6599287405116525,0.041101488814628474,-1.2310617606611092,-1.2707653623175506,0.3904244667213316,-0.039797059058874096,0.14515355046027645,1.2679700072645066,14.888691869851584,3.893278969919461,67,4
Moldova,MDA,2001,-0.396535329954526,-0.7165272192299954,0.8867354454111948,1.4890210206428878,0.5846255522999043,-0.26257853609557547,-0.5180477729162613,-0.42421298385911393,-0.5847396624171465,-1.2310617606611092,-1.133216750438031,0.3904244667213316,-0.3165189116195715,-0.1822774555720396,1.220549565342102,14.886455614244033,3.832084654556012,67,5
Moldova,MDA,2002,-0.3234245851247241,-0.7675680337797817,0.8867354454111948,1.6443892350196712,0.2421982496300982,-0.2626187302731709,-0.44424019341004184,-0.556577483096774,-1.2105808136489213,-1.2310617606611092,-0.9956681385585116,0.3904244667213316,-0.5932407641802689,-0.5097084616043556,0.9834473557300805,14.884139814418027,3.789411580853626,67,6
Moldova,MDA,2003,-0.25570706491341394,-0.49578699110779073,0.8867354454111948,1.9417223295932422,0.005186848353296445,-0.26266748134457435,-0.47273525785773746,-0.5325069792858442,-1.2105808136489213,-1.2310617606611092,-1.2707653623175506,0.3904244667213316,-0.5932407641802689,-0.5097084616043556,0.9834473557300805,14.881323790433433,3.7587714581383516,67,7
Moldova,MDA,2004,-0.17528644484554837,-0.17767914080686115,0.8867354454111948,1.727607082884252,0.3761428382529216,-0.262710206266685,-0.4847743516537779,-0.528776631232208,-1.2105808136489213,-1.2310617606611092,-0.7205709147994724,0.3904244667213316,0.09856386722147399,-0.5097084616043556,0.5566633784284414,14.878849319746223,3.806321166329769,67,8
Moldova,MDA,2005,-0.08761869213965029,0.23464982936363488,0.8867354454111948,2.028068455665338,0.47727003593685885,-0.2627521153958578,-0.49418470353989336,-0.6582644950445617,-1.2105808136489213,-1.2310617606611092,-0.4454736910404334,0.3904244667213316,0.09856386722147399,-0.5097084616043556,0.1298794011268028,14.876416133469167,3.8189009892608956,67,9
Moldova,MDA,2006,-0.02564635652417199,0.6918138365752933,0.8867354454111948,1.8572757481902176,0.6918479739567853,-0.26279986012414813,-0.5021691071706682,-0.6908203218688859,-1.2105808136489213,-1.2310617606611092,0.1047207564776448,0.3904244667213316,0.09856386722147399,1.498534867430646,0.1298794011268028,14.873636906750553,3.845080742540655,67,10
Moldova,MDA,2007,0.01578316233289065,1.3885062468037146,0.8867354454111948,2.0192497570305896,1.5068025312154854,-0.2628395660169194,-0.5133277168712292,-0.6353065402102022,-1.2105808136489213,-1.2310617606611092,0.1047207564776448,0.3904244667213316,0.09856386722147399,1.498534867430646,0.1298794011268028,14.871319724307074,3.93869762762911,67,11
Moldova,MDA,2008,0.12149709664709991,1.37550149142433,0.8867354454111948,1.7777358339283633,1.4751023262376428,-0.2628721143687322,-0.4580919862510223,-0.6620954053482435,-1.2105808136489213,-1.2310617606611092,0.1047207564776448,0.3904244667213316,0.09856386722147399,1.498534867430646,0.1298794011268028,14.869416233408062,3.935215307016271,67,12
Moldova,MDA,2009,0.03761605662197315,-0.006866868563561783,0.8867354454111948,1.0775970349385895,0.20579379470307704,-0.26289367035730926,-0.6238378108174366,-0.8257458028704904,-1.2105808136489213,-1.2310617606611092,0.1047207564776448,0.3904244667213316,-0.039797059058874096,1.061960367350761,-0.13093302944642102,14.868153599931352,3.784765917153686,67,13
Moldova,MDA,2010,0.13436010843349422,-0.015610444600765019,0.8867354454111948,0.4249756217183911,0.1003256236009973,-0.2629106948245308,-0.816552128124159,-0.5524730173424929,-1.2105808136489213,-1.2310617606611092,0.1047207564776448,0.6036938634410864,-0.039797059058874096,1.0322731148406281,0.08245895920439825,14.86715527053979,3.7711837262344807,67,14
Moldova,MDA,2011,0.21897099191314465,0.061723526120500784,0.8772739408306351,0.735775283800733,0.13099088689698987,-0.2629205498414079,-0.8010981276353243,-0.5126370028306966,-1.2105808136489213,-1.2310617606611092,0.1047207564776448,0.6036938634410864,0.09856386722147399,1.4688481388101227,0.1298794011268022,14.866576908093112,3.775151855707031,67,15
Moldova,MDA,2012,0.21018367404612126,0.11894072261252647,0.8944970814183806,0.6685156189446632,-0.14375229329656988,-0.2629227828512743,-0.8148024868546108,-0.4789028675409992,-1.2105808136489213,-1.2310617606611092,-0.17037646728139427,0.6036938634410864,0.09856386722147399,1.4671014908515436,0.1298794011268022,14.86644581270355,3.739025360944,67,16
Moldova,MDA,2013,0.3476348405099593,0.04618007302877122,0.8995639721807707,0.6504983237898034,-0.20365745170357247,-0.26292734414609475,-0.929051844479977,-0.4547799169612297,-1.2105808136489213,-1.2310617606611092,-0.17037646728139427,0.8169632601608406,0.09856386722147399,1.4671014908515436,-0.059802366562814215,14.866177975102444,3.730971963916182,67,17
Moldova,MDA,2014,0.43130613656382355,0.4045796238846002,1.4795729549399608,0.6080386738501641,-0.0026394690326766185,-0.2629377231759538,-0.9606989811909962,-0.49462024577559094,-1.2105808136489213,-1.2310617606611092,-0.17037646728139427,0.8169632601608406,0.09856386722147399,1.4671014908515436,-0.15464325040762328,14.86556825471363,3.757743507353337,67,18
Moldova,MDA,2015,0.4387565799972319,0.16673353688478879,1.5044087749045545,0.45490866020913595,-0.14156646262228606,-0.26306775580649466,-0.9734710496454515,-0.49618347083622155,-1.2105808136489213,-1.2310617606611092,-0.4454736910404334,0.8169632601608406,-0.3165189116195712,1.4723403869480607,-0.15464325040762328,14.857897761811254,3.7393179918962436,67,19
Moldova,MDA,2016,0.5411035384696454,-0.0513421609110915,1.539739076104719,0.45602233505866113,-0.46139239354064626,-0.26326302209859953,-1.011717863484257,-0.4889319745370563,-1.2105808136489213,-1.2310617606611092,-0.4454736910404334,0.8169632601608406,-0.1781579853392228,1.412966405817404,-0.15464325040762328,14.846267542156378,3.6955637312911245,67,20
Moldova,MDA,2017,0.6516778292555069,-0.027575461147826823,1.117072109542215,0.4449260141826033,-0.3768822163805406,-0.26354882949742114,-1.05901434001476,-0.5036012252833073,-1.2105808136489213,-0.023929691893144107,-0.4454736910404334,0.8169632601608406,-0.039797059058874096,1.4007424895554008,-0.15464325040762328,14.82899696370838,3.707312644778764,67,21
Madagascar,MDG,1996,-1.05967944080268,-1.5917345360552708,-1.558596163176994,-1.089929341638157,-0.6193620271404188,-0.1935483052019405,-1.2153857367669307,-0.6800492801062957,2.1272388264781847,-0.023929691893144107,0.9050036692594959,-0.7534743190479924,0.6520075723428688,0.8000155625249085,0.41440205266122715,16.490397693263663,3.6732250360789673,68,0
Madagascar,MDG,1997,-1.058766414312898,-1.5158519742512873,-1.558596163176994,-1.0610810998252664,-0.5976099982230908,-0.19068943923955847,-1.228477422875661,-0.6800492801062957,2.1272388264781847,-0.023929691893144107,0.8383134998869347,0.06082647101464035,0.6520075723428688,1.236590324549598,0.41440205266122715,16.52294823818053,3.6763308054025363,68,1
Madagascar,MDG,1998,-1.0573585534938836,-1.2618639824758708,-1.558596163176994,-1.0477396985565768,-0.5888425252315805,-0.18772072705582799,-1.246835415839493,-0.6800492801062957,2.1272388264781847,-0.023929691893144107,0.7716233305143736,0.8751272610772731,0.6520075723428688,1.6731650865742875,0.41440205266122715,16.555664217362967,3.6775799087105545,68,2
Madagascar,MDG,1999,-1.054007444794778,-1.256187392719149,-1.558596163176994,-0.943199528740969,-0.41358829124010155,-0.1846770333781299,-1.2710784533129038,-0.6800492801062957,2.1272388264781847,-0.023929691893144107,0.6493577999202323,0.8751272610772731,0.6520075723428688,1.6731650865742875,0.41440205266122715,16.588130967202016,3.702226580433844,68,3
Madagascar,MDG,2000,-1.0510123082902068,-1.3001794611203634,-1.558596163176994,-0.8892823367689242,-0.33774144192837546,-0.18160541219036927,-1.2940045978295363,-0.6800492801062957,2.1272388264781847,-0.023929691893144107,0.5270922693260907,0.8751272610772731,0.6520075723428688,1.6731650865742875,0.41440205266122715,16.61986069132845,3.7127077175884726,68,4
Madagascar,MDG,2001,-1.0439941369527133,-0.9874964021662276,-1.558596163176994,-0.9399775513245914,-0.35208136153480657,-0.17852921184370923,-1.3333667503541773,-0.6800492801062957,1.7100113088781816,-0.023929691893144107,0.3214641370551372,1.0059971588703547,0.833194525969216,1.236590324549598,0.41440205266122715,16.650659674262684,3.710734513443453,68,5
Madagascar,MDG,2002,-1.0830768960335646,-1.4166233855278136,-1.558596163176994,-0.6737961330884679,-0.6073008883796103,-0.17545079039656875,-1.5378684498958493,-0.6800492801062957,1.2927837912781783,-0.023929691893144107,0.11583600478418381,1.1368670566634365,1.014381479595563,0.8000155625249085,-0.036092145601613085,16.68055960757924,3.6749483248599932,68,6
Madagascar,MDG,2003,-1.0684150451844858,-1.082641259822623,-1.558596163176994,-1.1438216983247387,-0.6200759105921886,-0.17234279198941105,-1.695257823910408,-0.6800492801062957,0.13523000065157134,-0.4918720240869082,1.1027479552530735,-0.2302371724288801,-0.2575710691433865,0.493147747561031,0.1298794011268022,16.70986631363608,3.6731229436605712,68,7
Madagascar,MDG,2004,-1.063140223540221,-0.18212773373473698,-1.558596163176994,-0.7147222698082459,-0.4704354152620444,-0.1691584961011378,-1.824698524840544,-0.6800492801062957,0.39171172057645626,-0.17132100034254014,0.8769235052804056,0.36945241571431814,-0.06924026417133222,0.6106467569929349,0.1298794011268022,16.739027398151958,3.694298322751965,68,8
Madagascar,MDG,2005,-1.0589560758795162,-0.40329070094950753,-1.558596163176994,-0.4133818990118476,-0.3970382753148418,-0.1658649613701998,-1.9315792323392516,-0.6800492801062957,0.46556147709472634,-0.09664829342138186,0.5213288724494497,0.1317964410041199,-0.03988228938946278,0.19856462005387696,0.1298794011268022,16.76832009030735,3.7045229853068906,68,9
Madagascar,MDG,2006,-1.0531866220153103,-0.2839545388965323,-1.4662565659455655,-0.32686944291805275,0.16224782979010832,-0.16246362883229742,-1.8795301890984277,-0.6800492801062957,0.041101488814628474,-0.023929691893144107,0.3798179802366839,-0.24938312628385903,0.236924793501823,0.5066373811199534,0.1298794011268022,16.797696999591036,3.7791804095156274,68,10
Madagascar,MDG,2007,-1.0465123691660363,0.44602720263811585,-1.3821093336605423,-0.19300423345190185,0.9884617734217462,-0.15896421059167634,-1.8210557612051645,-0.6800492801062957,0.041101488814628474,-0.023929691893144107,0.5173665921162034,-0.24938312628385903,0.236924793501823,0.5066373811199534,0.1298794011268022,16.82704649320707,3.880176620665222,68,11
Madagascar,MDG,2008,-1.0371491753967392,1.8355777371013329,-1.3007041272192714,0.029758852762477365,1.2224797519194235,-0.15536009098443904,-1.7521741941045197,-0.5495737414344926,0.041101488814628474,-0.023929691893144107,0.1047207564776448,-0.24938312628385903,0.37528571978217107,0.8995545883587326,0.1298794011268022,16.85639978451431,3.9070222021293994,68,12
Madagascar,MDG,2009,-1.055230891930828,1.758877935829539,-1.2607688472491108,-0.3178811037729664,1.732243712426914,-0.1516476971947992,-1.6769221149761158,-0.6861998578011882,1.2927837912781783,-0.023929691893144107,-0.9956681385585116,-0.24938312628385903,-0.039797059058874096,0.46298008827884723,0.1298794011268022,16.885760194859976,3.9631190047770644,68,13
Madagascar,MDG,2010,-1.0608845244837979,0.392010403393381,-1.2607688472491108,-0.44991018441220076,0.9668957243588441,-0.14786015517978843,-1.5852490022448362,-0.7551809452679004,1.2927837912781783,-0.023929691893144107,-1.2707653623175506,-0.24938312628385903,-0.1781579853392228,0.17833305110834782,-0.29690457617483745,16.914852159742033,3.8776659963730813,68,14
Madagascar,MDG,2011,-1.0639706112911196,0.24651731187769743,-1.0601040964442265,-0.49041410838675503,0.5977278679808733,-0.14405534455514407,-1.4807371301481378,-0.7680673665972938,1.2927837912781783,-0.023929691893144107,-1.5458625860765898,-0.4626525230036132,-0.1781579853392228,0.1765869270393788,-0.43916590194204935,16.94324872991792,3.8336818326392246,68,15
Madagascar,MDG,2012,-1.0634875072840504,0.08642150513620436,-1.0141196605302532,-0.6019140728427884,0.593645863748124,-0.14024351930217271,-1.3552489940345487,-0.8162878052959851,1.2927837912781783,-0.023929691893144107,-0.4454736910404334,-0.4626525230036132,-0.3165189116195712,-0.259987573040506,-0.8185294373212845,16.970911359980075,3.833184508035292,68,16
Madagascar,MDG,2013,-1.0645595417652312,-0.35142917378098554,-1.0141196605302532,-0.4937756793240108,0.15286330180982752,-0.13639171424055316,-1.2854319013999165,-0.7633604321069608,1.2927837912781783,-0.023929691893144107,-0.7205709147994724,-0.6759219197233678,-0.1781579853392228,-0.19188192378578478,-1.0082112050109016,16.998107842839854,3.777972587737324,68,17
Madagascar,MDG,2014,-1.0631046778923983,-0.5304851577743874,-0.9988353904144686,-0.33075181714486346,-0.12720453956623878,-0.13249104496836353,-1.2178903053929089,-0.6513978048794858,0.6669426400464034,-0.023929691893144107,0.3798179802366839,-0.6759219197233678,-0.1781579853392228,-0.174419111427264,-1.0082112050109016,17.024915636560234,3.741238586388005,68,18
Madagascar,MDG,2015,-1.062027542604701,-0.44786980886786726,-0.9877785370907443,-0.352550609495642,-0.14145250482100685,-0.12854693025621305,-1.1500152205596035,-0.6763688492895902,0.6669426400464034,-0.023929691893144107,0.3798179802366839,-0.6759219197233678,-0.039797059058874096,0.33724658196243834,-1.0082112050109016,17.05131047897335,3.739333245798205,68,19
Madagascar,MDG,2016,-1.058846321961634,-0.4457135017685172,-0.9893782647371002,-0.3637745972937131,0.15463248409429092,-0.12453793320938414,-1.1463912573345243,-0.6380173187589573,0.6669426400464034,-0.023929691893144107,0.3798179802366839,-0.4626525230036132,0.236924793501823,0.3756649787070268,-0.9015152106854916,17.07744407152502,3.778200399338516,68,20
Madagascar,MDG,2017,-1.055742095419254,-0.5473068033509155,-1.036568360624089,-0.23256327868081253,-0.0294536738072748,-0.12043858560601377,-1.1291806863855336,-0.5793351492932236,0.041101488814628474,-0.023929691893144107,0.3798179802366839,-0.4626525230036132,0.09856386722147399,0.3826499988725126,-0.7711089953988806,17.103478620049156,3.754213551137445,68,21
Maldives,MDV,1996,0.40952966837695676,0.49447512364335805,-0.25816512233771777,2.696119861901422,-0.28866271094823975,-0.2783929382478275,1.0990048708101143,-1.225703961580454,1.9186249425099533,2.390334445642786,2.3054985465499573,2.34539343902402,2.0356168351463544,0.8000155625249085,0.1298794011268022,12.47742714568195,3.7194317422917442,69,0
Maldives,MDV,1998,0.6167662160616642,0.49447512364335805,-1.038567890547671,2.696119861901422,-0.2772483219215184,-0.27833115235349715,0.989564803657293,-1.225703961580454,1.9186249425099533,2.390334445642786,2.3054985465499573,2.34539343902402,2.0356168351463544,0.8000155625249085,0.1298794011268022,12.516215573762013,3.720989109903429,69,1
Maldives,MDV,2000,0.7440586428498055,0.49447512364335805,-0.43402582159713654,2.696119861901422,-0.021318655894063523,-0.2782757975275821,0.8538943804893595,-1.225703961580454,1.9186249425099533,2.390334445642786,2.3054985465499573,2.34539343902402,2.0356168351463544,0.8000155625249085,0.1298794011268022,12.54973326939122,3.7552858029743783,69,2
Maldives,MDV,2002,0.7368295880326233,0.49447512364335805,-0.07581795629089302,2.696119861901422,-0.16661145710269726,-0.27821865033908094,0.8311508141275479,-1.225703961580454,1.9186249425099533,2.390334445642786,2.3054985465499573,2.34539343902402,2.0356168351463544,0.8000155625249085,0.1298794011268022,12.583196576457098,3.735959918884513,69,3
Maldives,MDV,2003,0.9793639474817476,0.49447512364335805,0.16342736631957241,2.696119861901422,-0.11965296532379524,-0.2781896212108176,0.8435521841572508,-1.225703961580454,1.9186249425099533,2.390334445642786,2.0304013227909183,2.0965790433252947,2.0356168351463544,0.8000155625249085,0.1298794011268022,12.599775515605659,3.7422469672838403,69,4
Maldives,MDV,2004,1.075186340480656,0.49447512364335805,0.15762108023199853,2.696119861901422,0.11024922045598051,-0.27816031221198434,0.6481859459245692,-1.3357014508172786,1.5709356365691538,2.183049106763743,1.016153951547098,1.0761896342581505,1.4346550069469424,0.270834143926111,0.1298794011268022,12.616240013996233,3.7724695781404862,69,5
Maldives,MDV,2005,0.774570107642543,0.49447512364335805,0.15762108023199853,2.696119861901422,0.15292570796743316,-0.2781304434720112,0.3873454042590234,-1.2794667897203476,1.2927837912781783,1.7867684112588034,1.7553040990318793,1.847764647626569,1.6897145194454832,0.8000155625249085,0.1298794011268022,12.632744623282736,3.7779806244496417,69,6
Maldives,MDV,2006,1.2051277030511902,0.49447512364335805,0.15762108023199853,2.696119861901422,0.06359996875833705,-0.2780862477407352,0.25559659795571965,-1.4644571313904737,1.2927837912781783,1.7867684112588034,1.7553040990318793,1.847764647626569,1.6897145194454832,0.8000155625249085,0.1298794011268022,12.656676816196299,3.766410558397993,69,7
Maldives,MDV,2007,1.2960939544541845,0.49447512364335805,0.15762108023199853,2.696119861901422,0.6027471096495697,-0.2780229612637747,0.0781136402958407,-1.5289629075225304,0.6669426400464034,1.7867684112588034,1.2051096515138011,1.5989508490819155,1.3438122037446116,1.1274465685572246,0.1298794011268022,12.6899791799449,3.8342930052622135,69,8
Maldives,MDV,2008,1.4309887348837498,0.49447512364335805,0.15762108023199853,2.696119861901422,0.760967131503917,-0.27795334494817947,-0.04075736636071431,-1.3030780963481579,0.6669426400464034,1.7867684112588034,0.6549152039957229,1.101322057684465,0.9979098880437403,1.1274465685572246,0.1298794011268022,12.725375238056547,3.853369802272717,69,9
Maldives,MDV,2009,1.115653628146003,0.49447512364335805,0.15762108023199853,2.696119861901422,0.5401116010121224,-0.2778812633896917,-0.19271474112063663,-1.455884491023084,0.6669426400464034,1.7867684112588034,0.6549152039957229,1.101322057684465,0.9979098880437403,1.1274465685572246,0.1298794011268022,12.76075054786454,3.8266392491703245,69,10
Maldives,MDV,2010,1.190220166222911,0.49447512364335805,0.2384921135720567,2.696119861901422,0.8292875552604342,-0.27780672849769744,-0.13772804246284126,-1.4716317275549797,0.6669426400464034,1.7867684112588034,0.6549152039957229,1.101322057684465,0.9979098880437403,1.1274465685572246,0.1298794011268022,12.79605966565202,3.861496102860598,69,11
Maldives,MDV,2011,1.3172433553209109,0.49447512364335805,0.3395792163300231,2.696119861901422,2.0549776716338535,-0.2777300201427665,-0.07294941867268652,-1.4179360162155115,0.6669426400464034,1.7867684112588034,0.3798179802366839,1.101322057684465,0.6520075723428688,0.47258455649259246,0.1298794011268022,12.831141714654015,3.9970733506330665,69,12
Maldives,MDV,2012,1.2886667633027429,0.49447512364335805,0.3082234920199915,2.696119861901422,0.7467470437818958,-0.27765175165827555,-0.05219696810702892,-1.4416365539425486,0.6669426400464034,1.7867684112588034,0.3798179802366839,1.101322057684465,0.6520075723428688,0.14515355046027645,0.1298794011268022,12.865712162347641,3.851670074211077,69,13
Maldives,MDV,2013,1.3776599417965365,0.49447512364335805,0.1785072095260305,2.696119861901422,1.2886210121833157,-0.2775728400669431,-0.020776005706831524,-1.5863666407299308,0.6669426400464034,1.7867684112588034,0.3798179802366839,1.101322057684465,0.6520075723428688,0.14515355046027645,0.1298794011268022,12.899397310338857,3.9144808315007493,69,14
Maldives,MDV,2014,1.4937540669670433,0.49447512364335805,0.3420225248400954,2.696119861901422,0.9452167491412548,-0.2774921718411824,0.029985116556992264,-1.5566662273571343,1.2927837912781783,1.5855795721798664,1.571905803140667,0.9354463910393865,1.5744139320264274,0.14515355046027645,0.1298794011268022,12.932698121538852,3.875135856838,69,15
Maldives,MDV,2015,1.5033117430707712,1.2930440844842526,0.3611901011738122,2.0483506030358196,0.6254281174457565,-0.2774056084693744,0.08855202885755081,-1.3637375295883631,1.2927837912781783,1.5855795721798664,1.571905803140667,0.9354463910393865,1.2669449609840064,0.14515355046027645,0.1298794011268022,12.96724055853633,3.8370501310842173,69,16
Maldives,MDV,2016,1.5802234621636084,2.0983949032262057,0.23730908867385803,2.067549215923661,1.182849367664653,-0.2773153710519995,0.1372978049247396,-1.3177114325013124,0.4583287560781714,1.5855795721798664,1.571905803140667,0.9354463910393865,1.2669449609840064,0.14515355046027645,0.1298794011268022,13.002022322805423,3.9025263567493034,69,17
Maldives,MDV,2017,1.6833534160511157,2.2449068879843384,0.22747154787614182,1.995723043892208,1.0319742554575853,-0.2772261757058956,0.037883345564928075,-1.3050922269626213,0.4583287560781714,1.183202376874821,1.3273751821079423,0.9354463910393865,0.9594765433852898,0.14515355046027645,0.1298794011268022,13.035253086431963,3.88522304372267,69,18
Maldives,MDV,2018,1.8378333049768518,3.047090697934096,0.18521264154531264,2.0125735020297113,1.2355912145651584,-0.27713797479351887,-0.04553853695515271,-1.169045526723755,0.4583287560781714,1.183202376874821,1.0828441209196593,0.9354463910393865,0.9594765433852898,0.14515355046027645,0.1298794011268022,13.06706206161924,3.908505185445781,69,19
Mexico,MEX,1996,1.346190531050843,-0.5987745877172368,0.27726780225730624,-0.7440440191331814,-0.278501489567077,0.27057232122652713,0.4830620343241037,0.6094501481104421,-0.5847396624171465,-0.023929691893144107,-1.2707653623175506,1.4567708531660315,-0.3165189116195712,0.14515355046027645,0.4144020526612283,18.342207752795638,3.7208182474612186,70,0
Mexico,MEX,1997,1.4896206553280111,-0.39508320264379687,0.27726780225730624,-0.7811763859629471,-0.22070076405510597,0.2799122869345648,0.44761825420823015,0.6455590130745149,-0.271819086801259,0.5796363424908384,-0.8581195266789919,1.4567708531660315,-0.10897752219904876,0.14515355046027645,0.722634925156856,18.35903093180786,3.7286688317443195,70,1
Mexico,MEX,1998,1.6142084623624113,-0.19857867961909537,0.27726780225730624,-0.7363593834106699,-0.24958265944644373,0.28916610609930293,0.7499068609291252,0.594074128053217,0.041101488814628474,1.183202376874821,-0.4454736910404334,1.4567708531660315,0.09856386722147399,0.14515355046027645,1.220549565342102,18.375424411438285,3.7247537517922957,70,2
Mexico,MEX,1999,1.6470501628654157,-0.2126847756710577,0.27726780225730624,-0.7369307843228348,-0.26376851716804073,0.298339084352184,0.8428783063157981,0.601444281830327,0.041101488814628474,1.183202376874821,-0.17037646728139427,1.3501364533831905,0.09856386722147399,0.14515355046027645,0.41440205266122715,18.391413691547697,3.72282516276647,70,3
Mexico,MEX,2000,1.7480432390914458,-0.17250760460284786,0.27726780225730624,-0.6816909461296057,-0.21605132475824498,0.3073297477701853,1.0259908448224404,0.6132040367209031,0.041101488814628474,1.183202376874821,0.1047207564776448,1.243502053600349,0.09856386722147399,0.14515355046027645,0.8886064718852714,18.406840944212185,3.729297655732574,70,4
Mexico,MEX,2001,1.6895426475277424,-0.36129635631613904,0.34101478418916964,-0.8321559246264774,0.014605145291158046,0.31610426774250405,0.8972717699677893,0.5231108407277749,0.041101488814628474,0.5796363424908384,0.3798179802366839,1.4567711517430677,0.5136466460625198,0.47258455649259246,1.220549565342102,18.42167125323604,3.7600071087876366,70,5
Mexico,MEX,2002,1.6398184931670718,-0.3983411774141425,0.4228871408860722,-0.8184862256682955,-0.21433494504001924,0.32473574408012706,0.8687339601574685,0.48602553687752365,0.041101488814628474,-0.023929691893144107,0.6549152039957229,1.6700402498857858,0.9287294249035656,0.8000155625249085,0.41440205266122715,18.436048305770985,3.7295296915164435,70,6
Mexico,MEX,2003,1.6333566311775618,-0.3090823190309243,0.5459947458560027,-0.7169038854572526,-0.23475261969434658,0.33325030597583777,0.8345751992949453,0.3720854514419189,0.041101488814628474,-0.023929691893144107,0.6549152039957229,1.6700402498857858,0.9287294249035656,0.8000155625249085,0.41440205266122715,18.450030941913276,3.726765949591478,70,7
Mexico,MEX,2004,1.6968509670791625,-0.2270072846255191,0.5903999422922528,-0.6196980021341336,-0.11109816870963234,0.3416798646293005,0.8479176906027011,0.49787088639978827,0.041101488814628474,-0.023929691893144107,0.6549152039957229,1.6700402498857858,0.9287294249035656,0.8000155625249085,0.9360269138076759,18.463684024936594,3.7433880839254203,70,8
Mexico,MEX,2005,1.7192253057942553,-0.2355629088115506,0.6210451645222999,-0.6045061524738478,-0.1689909254442824,0.3501198856783239,0.8258266847617101,0.5017849741780785,0.041101488814628474,-0.023929691893144107,0.6549152039957229,1.6700402498857858,0.7903684986232175,0.8000155625249085,0.9834473557300805,18.477169814387544,3.7356402885933697,70,9
Mexico,MEX,2006,1.8219127903385812,-0.11799187161215953,0.6958970305415748,-0.548646102052016,-0.2707925228890114,0.35870751761155656,0.8407593277001529,0.6131093273086297,0.041101488814628474,-0.023929691893144107,0.1047207564776448,1.6700402498857858,0.7903684986232175,1.0916476198608942,0.9834473557300805,18.490707306330087,3.721868859927338,70,10
Mexico,MEX,2007,1.8422607648906153,-0.03615113705723943,0.7460420530821563,-0.5260512322979659,-0.1562431794092652,0.3677627834936664,0.8189684900720329,0.5829363044612164,0.041101488814628474,-0.023929691893144107,0.24226936835716434,1.6700402498857858,0.5828271092026944,1.0916476198608942,0.9834473557300805,18.504786212042156,3.7373514823099145,70,11
Mexico,MEX,2008,1.8258997678635958,0.1098782523940218,0.8178847434287876,-0.4938426106373784,-0.2007993428662682,0.37728986351912336,0.7498921907280378,0.6517395583930147,0.041101488814628474,1.183202376874821,0.3798179802366839,1.6700402498857858,0.37528571978217107,1.1108565562883834,0.9597371347688776,18.519387775191547,3.731357672976153,70,12
Mexico,MEX,2009,1.5862430765022493,0.01471684308510897,0.8130417134468386,-0.5454557882202289,-0.28603136953017577,0.3869688179889611,0.6179316868967876,0.4137446816353794,0.041101488814628474,1.183202376874821,0.1047207564776448,1.4567708531660315,0.37528571978217107,1.1108565562883834,0.6040838203508453,18.534006947113433,3.719790975008973,70,13
Mexico,MEX,2010,1.6865849378506899,-0.012116054713385309,0.861136955674481,-0.4092116246481286,-0.16543295270572658,0.3966402755003407,0.6889825243125849,0.45887272443256516,0.041101488814628474,1.183202376874821,0.1047207564776448,1.4567708531660315,0.37528571978217107,1.1370510367709687,0.6989247041956543,18.548404394243097,3.736118187729706,70,14
Mexico,MEX,2011,1.7461203982255842,0.0993161017221378,0.9011557932169312,-0.32513647978090104,-0.31069554697153556,0.40628454983827983,0.6929134809304323,0.5661106336604802,0.041101488814628474,1.183202376874821,0.1047207564776448,1.4567708531660315,0.37528571978217107,1.1370510367709687,0.6040838203508453,18.562557882504613,3.7164187279695273,70,15
Mexico,MEX,2012,1.8119374050039787,0.1255245102649985,0.9847792739535454,-0.2641523851344253,-0.39800056245140636,0.4156614286880826,0.6738594770645224,0.5889381248664225,0.041101488814628474,1.183202376874821,0.1047207564776448,1.4567708531660315,0.37528571978217107,1.1318121406744517,0.17729984304920732,18.57612951518002,3.7043896070233937,70,16
Mexico,MEX,2013,1.797980539719178,-0.08037325159989334,1.0776255251443352,-0.3097332673599693,0.02537088042787451,0.4247445089410884,0.719423688197621,0.42786032174631217,0.041101488814628474,1.183202376874821,0.1047207564776448,1.4567708531660315,0.37528571978217107,1.1335587886330307,0.3432713897776209,18.58910259587221,3.7614176714623255,70,17
Mexico,MEX,2014,1.8374135954075044,-0.11903967125123716,1.2242811982835289,-0.26879478540494095,-0.28584650863961714,0.43332336365687285,0.7792162211435332,0.40691417234118016,0.041101488814628474,1.183202376874821,0.1047207564776448,1.4567708531660315,0.37528571978217107,1.0933937439298633,0.1298794011268028,18.60120286606772,3.719816207506494,70,18
Mexico,MEX,2015,1.8879933361853571,0.06198265564790501,1.3566667272206887,-0.08502963613601819,-0.12537073364712126,0.44099327617255457,0.8193312527059675,0.31691254350162673,0.041101488814628474,1.183202376874821,0.1047207564776448,1.4567708531660315,0.236924793501823,0.6341170115053313,-0.5814272277092624,18.61189850359447,3.741483552649101,70,19
Mexico,MEX,2016,1.9132465139229626,0.13031564687140493,1.4249489825316264,0.06855006473321136,-0.034832799263318094,0.44801412715373307,0.8739640588481965,0.2982436924864341,0.041101488814628474,1.183202376874821,0.1047207564776448,1.6700402498857858,0.09856386722147399,0.1835719472048649,-0.5814272277092624,18.621589745562805,3.7535039130727057,70,20
Mexico,MEX,2017,1.9429623188611538,0.0694226220673657,1.5058718715011636,0.10527135919339489,-0.16173258345946367,0.45485431870467946,0.919535939494352,0.4103503681976507,0.041101488814628474,1.183202376874821,0.1047207564776448,1.6700402498857858,0.236924793501823,0.17309415501183079,-0.5814272277092624,18.63094213945166,3.7366149710919028,70,21
Marshall Islands,MHL,2015,-0.6082908743060426,-0.571031669939704,0.7126759501108754,1.8961282802830088,-1.1773472203598827,-0.2796645450690071,-0.02653174656277961,-1.3156472674960589,2.961693361005271,1.9879572503377398,2.0609674853616746,0.9354463910393865,1.8818823496251436,-0.057417273234919616,0.1298794011268022,10.795506083434564,3.5900680247143946,71,0
Marshall Islands,MHL,2016,-0.5745256114416672,-0.28723767339235007,0.7778363843997215,1.2511320398394083,-0.9248605615322045,-0.2796710416390451,-0.02653174656277961,-0.9816296578324449,2.961693361005271,1.9879572503377398,2.0609674853616746,0.9354463910393865,1.8818823496251436,-0.057417273234919616,0.1298794011268022,10.772896298510153,3.62855492603075,71,1
Marshall Islands,MHL,2017,-0.5293652520653884,0.040020187242133916,0.7778363843997215,1.5077774357639244,-0.17103403621163218,-0.2796780681767581,-0.02653174656277961,-1.1724993712860923,2.961693361005271,1.9879572503377398,2.0609674853616746,0.9354463910393865,1.8818823496251436,-0.057417273234919616,0.1298794011268022,10.747852544838695,3.7353657591480296,71,2
Marshall Islands,MHL,2018,-0.4643494581906463,-0.19764070924130417,0.7778363843997215,1.6048907528069198,0.13121721371656042,-0.2796854758148216,-0.02653174656277961,-1.2404725946492112,2.1272388264781847,1.9879572503377398,2.0609674853616746,1.2671983214836156,1.8818823496251436,-0.057417273234919616,0.1298794011268022,10.720753212932467,3.77518108426748,71,3
Marshall Islands,MHL,2019,-0.34955282586042585,3.3433902962376334,1.0553451251895491,2.318625366178247,-0.26213986189485095,-0.27969308591244635,-0.02653174656277961,-1.0551315748744432,2.1272388264781847,1.9879572503377398,2.3054985465499573,1.2671983214836156,2.8042887093087026,-0.057417273234919616,0.1298794011268022,10.692126714555293,3.7230467700315435,71,4
Marshall Islands,MHL,2020,-0.34774702861049134,-0.2646399038928451,1.067032906603582,1.0037554689713246,-0.4323194817868289,-0.2797008329680095,-0.02653174656277961,-1.1446742279093542,2.1272388264781847,1.9879572503377398,2.3054985465499573,1.2671983214836156,2.8042887093087026,-0.057417273234919616,0.1298794011268022,10.662118120207166,3.6996211479792147,71,5
Marshall Islands,MHL,2021,-0.2954356797729812,-0.3176484654440316,1.130581626181688,1.3596764037847544,-0.6220033098515404,-0.27970880630190587,-0.02653174656277961,-1.3242592293546542,2.1272388264781847,1.9879572503377398,2.3054985465499573,1.2671983214836156,2.8042887093087026,-0.057417273234919616,0.1298794011268022,10.630262914076058,3.672847254368881,71,6
North Macedonia,MKD,1996,0.26881929297364016,-0.7440375244125769,0.5243486465846683,-0.4485060637759267,-0.6130679006424313,-0.2679709988711587,2.290926921316258,-0.269828760791467,-0.5847396624171465,-0.023929691893144107,-0.9956681385585116,0.3904244667213316,-0.1781579853392228,-1.1645704736689877,0.1298794011268022,14.514915120213013,3.674124707860645,72,0
North Macedonia,MKD,1997,0.30401566927618007,-0.7490983387962338,0.5506651453420673,-0.04366772414252649,-0.5845199753723468,-0.26806439227581147,2.264410273791388,0.09663709948465317,-0.5847396624171465,-0.6274957262771266,-1.40831397419707,0.3904244667213316,-0.1781579853392228,-1.1645704736689877,0.1298794011268022,14.507091512632538,3.6781951693225485,72,1
North Macedonia,MKD,1998,0.34954538739990854,-0.7376915328607412,0.6003016524922209,0.0946595691216746,0.05685248822296127,-0.2680009509768335,2.237660232960869,0.05910865070012777,-0.5847396624171465,-1.2310617606611092,-1.8209598098356288,0.3904244667213316,-0.1781579853392228,-1.1645704736689877,0.1298794011268022,14.512412679899711,3.7655311175285933,72,2
North Macedonia,MKD,1999,0.4130947506351046,-0.8324038320051961,0.6482386041373771,-0.0206563647476177,-0.2361990166029328,-0.26794367278508685,2.2029546745694257,-0.03780395465740167,-0.8976602380330339,-1.2310617606611092,-1.5458625860765898,0.2837897683614545,-0.38569937475974586,-1.1645704736689877,0.1298794011268022,14.517192711795584,3.726569874897503,72,3
North Macedonia,MKD,2000,0.4830806586396126,-0.2857177350033889,0.7275421859634297,0.19863051479431523,0.367806731274395,-0.26788884197215374,2.186489705629677,-0.47123140288960347,-1.2105808136489213,-1.2310617606611092,-1.2707653623175506,0.1771550700015777,-0.5932407641802689,-1.1645704736689877,0.1298794011268022,14.521747196563977,3.8052770928362096,72,4
North Macedonia,MKD,2001,0.42097705083974263,-0.07987790828648549,0.7534974292102761,-0.05402936725660299,1.591882765690947,-0.2678380365316732,2.1278461532789037,-0.5397197547744128,-1.2105808136489213,-0.6274957262771266,-1.133216750438031,0.2837897683614545,-0.7316016904606176,-1.1645704736689877,0.1298794011268022,14.525948881348503,3.9479843243569395,72,5
North Macedonia,MKD,2002,0.4595204375187574,-0.1641925168109912,0.7415853734592053,-0.05242079202120829,-0.15130614495594036,-0.26792571938576093,2.103637743544109,-0.6406804605790988,-1.2105808136489213,-0.023929691893144107,-0.9956681385585116,0.3904244667213316,-0.8699626167409662,-1.1645704736689877,0.1298794011268022,14.518686284140315,3.7380134193114953,72,6
North Macedonia,MKD,2003,0.49644350596099035,-0.3127536433991741,0.730457049128741,-0.06592879952025052,-0.22857208660265738,-0.2679104277341957,2.1796874775943063,-0.3808313006145901,-1.2105808136489213,-0.023929691893144107,-0.9956681385585116,0.3904244667213316,-0.8699626167409662,-1.1645704736689877,0.1298794011268022,14.519956664564472,3.727603354626345,72,7
North Macedonia,MKD,2004,0.5867477258171951,-0.17280484166202728,0.7156124810881832,0.2193026099823468,0.31006655713150527,-0.26794936547157294,2.257550622805182,-0.5019666670008578,-0.5847396624171465,-0.023929691893144107,-0.9956681385585116,0.3904244667213316,0.236924793501823,-1.1645704736689877,0.1298794011268022,14.516718661808152,3.798015221352745,72,8
North Macedonia,MKD,2005,0.6868273031774654,-0.4384318917614921,0.7312705634464018,0.36395358407723544,-0.24359663791165673,-0.2680140096185323,2.0673122828614674,-0.5584785227841182,-0.5847396624171465,-0.023929691893144107,-0.9956681385585116,0.3904244667213316,0.37528571978217107,-0.5097084616043556,0.1298794011268022,14.511319692379196,3.7255664459909643,72,9
North Macedonia,MKD,2006,0.800729693087013,-0.31155830919313854,0.7312705634464018,0.5592458743029418,0.4503476862016879,-0.26807976729307836,2.061314443752714,-0.4498234740162249,0.041101488814628474,-0.023929691893144107,-0.17037646728139427,0.6036938634410864,0.09856386722147399,1.0322731148406281,0.1298794011268022,14.505797652374335,3.8155673823379113,72,10
North Macedonia,MKD,2007,0.9498638226270453,0.0050855664149992074,0.7428892025079863,0.9533218997802552,0.9064499486295732,-0.2681473768771403,1.8492196072680265,-0.5401894405769061,0.041101488814628474,-0.023929691893144107,-0.17037646728139427,0.6036938634410864,0.09856386722147399,1.0322731148406281,0.1298794011268022,14.500088124043355,3.8705953870585095,72,11
North Macedonia,MKD,2008,1.0870351446368038,0.3766669444569879,0.7440013730988744,1.1127149731210868,0.4402004073088304,-0.26821549856479826,1.8446933352588182,-0.6277260100033181,0.041101488814628474,-0.023929691893144107,-0.17037646728139427,0.6036938634410864,0.09856386722147399,1.0113175304545599,0.1298794011268022,14.494302188927193,3.8143080262491567,72,12
North Macedonia,MKD,2009,1.0939230503736401,0.23090939358748178,0.7477369205385445,0.4028263054793228,-0.16575017850511573,-0.26829118866723006,1.6242610495076508,-0.6745460840144634,0.041101488814628474,-0.023929691893144107,-0.17037646728139427,0.6036938634410864,0.09856386722147399,1.0113175304545599,0.1298794011268022,14.48783391998971,3.736075587924817,72,13
North Macedonia,MKD,2010,1.1903909437317277,0.04964202045976303,0.7944651829449557,0.7143410192103565,-0.08691675787027764,-0.2683655270543561,1.5629613725826004,-0.5016469650754596,0.041101488814628474,-0.023929691893144107,-0.17037646728139427,0.6036938634410864,0.09856386722147399,1.0025863862201043,0.1298794011268022,14.481440178435127,3.746606595984005,72,14
North Macedonia,MKD,2011,1.2605047815623116,0.10623709517465772,0.7944651829449557,1.1599138655581576,0.20350416162422683,-0.2684185238218523,1.6704997438683753,-0.4556851572019109,0.041101488814628474,-0.023929691893144107,0.1047207564776448,0.6036938634410864,0.09856386722147399,1.0025863862201043,0.1298794011268022,14.476856909818617,3.7844730086958793,72,15
North Macedonia,MKD,2012,1.258828457866674,0.08700468585543028,0.8089824148854963,1.1314792235274667,-0.04020258251963301,-0.2684636425305397,1.638076688977,-0.49842302756568235,0.041101488814628474,-0.023929691893144107,0.1047207564776448,0.6036938634410864,0.09856386722147399,1.0025863862201043,0.1298794011268022,14.472938328648532,3.752795004841018,72,16
North Macedonia,MKD,2013,1.3435700553898524,0.1282792301761418,0.7356991147776945,0.9173597715776046,0.004712096555929746,-0.26850595062414195,1.7049028705660592,-0.40989965920113713,0.041101488814628474,-0.023929691893144107,0.1047207564776448,0.6036938634410864,0.09856386722147399,1.0025863862201043,0.1298794011268022,14.46924984785432,3.7587091317702432,72,17
North Macedonia,MKD,2014,1.4470645231087735,0.09249263880578247,0.7318105163392765,1.1408818443257687,-0.5608027920901663,-0.2685366708852108,1.70139130858339,-0.3529133677047295,0.041101488814628474,-0.023929691893144107,0.1047207564776448,0.6036938634410864,0.09856386722147399,1.0183030745096555,0.1298794011268022,14.466563059484479,3.681564291923702,72,18
North Macedonia,MKD,2015,1.56083257034418,0.14391675630360684,0.7783893127252884,1.1746549029569806,-0.13261779628371054,-0.2685672005961044,1.721738647944198,-0.2610483778396233,0.041101488814628474,-0.023929691893144107,0.1047207564776448,0.8169632601608406,0.09856386722147399,0.9781380298064886,0.1298794011268022,14.463885765600613,3.7405151142469615,72,19
North Macedonia,MKD,2016,1.6519072846715377,0.21000030216183987,0.7783893127252884,1.247030017207755,0.25815232600368465,-0.2686036254530453,1.7048847471109356,-0.2576345440568582,0.041101488814628474,-0.023929691893144107,-0.4454736910404334,0.8169632601608406,-0.1781579853392228,0.40360558325858087,0.1298794011268022,14.460682092544765,3.791440738546238,72,20
North Macedonia,MKD,2017,1.6959427827352667,-0.01965012229925483,0.7676509237321751,1.4784438099016073,-0.05799187074077526,-0.26864921458247787,1.7488494358155064,-0.23291399297662366,0.041101488814628474,-0.023929691893144107,0.1047207564776448,1.243502053600349,-0.039797059058874096,0.46298008827884723,0.1298794011268022,14.456657878788679,3.750442901310601,72,21
Mali,MLI,1996,-0.9907882456705335,0.6100755240428193,-1.9229628489321091,-0.999392614738952,-0.5268652282817807,-0.21798298886901857,0.19716025252982405,-1.2444840101174819,1.2927837912781783,-1.2310617606611092,0.9939238950895779,-0.21060692662154704,0.6520075723428688,1.236590062604793,-1.0082112050109016,16.158016023139286,3.6863656043806006,73,0
Mali,MLI,1997,-0.9851939686667369,0.5155112557250131,-1.8919464435591555,-0.8231752633035464,-0.26926244890550377,-0.21655852507911694,0.1885909466564701,-0.9827158646869109,0.875556273678175,-1.2310617606611092,1.3273751821079423,0.6036938634410858,0.6520075723428688,1.236590062604793,-1.1978929727005185,16.18074138189819,3.7220772540379645,73,1
Mali,MLI,1998,-0.9724562254739986,-0.5554453617293467,-1.8582889432713507,-0.9750417425614498,-0.612374528244731,-0.21493242943031793,0.1766431850500896,-0.9238781226013866,0.4583287560781714,-1.2310617606611092,1.6608264691263066,1.417994653503719,0.6520075723428688,1.236590062604793,-1.5772565080797543,16.206067516531075,3.6742237678606173,73,2
Mali,MLI,1999,-0.9663587097033549,-0.7519376875092372,-1.8030417726502679,-0.9544068907076604,-0.5214077421698792,-0.21309932483486319,0.15437935971608416,-1.0034045230546886,0.4583287560781714,-1.2310617606611092,1.405180379709264,1.417994653503719,0.6520075723428688,1.4548775745895406,-1.5772565080797543,16.233869202286115,3.687135554458923,73,3
Mali,MLI,2000,-0.978493306763132,-0.5861693444103168,-1.7275972821331431,-0.8343195853131045,-0.3517208690236127,-0.21112311110308993,0.12235267526561466,-0.9063496405850987,0.4583287560781714,-1.2310617606611092,1.1495342902922212,1.417994653503719,0.6520075723428688,1.6731650865742875,-1.5772565080797543,16.26300008714768,3.7107841657369787,73,4
Mali,MLI,2001,-0.9381170706356028,-0.6149567593886442,-1.7275972821331431,-0.6987592085669867,0.24393832800088872,-0.20902189050164852,0.09068535748364405,-0.7422352163820626,0.875556273678175,-1.2310617606611092,1.1161892056059406,1.3040896043178059,0.7508368449319538,1.3457340805419715,-1.5772565080797543,16.293070201141386,3.7896330970771577,73,5
Mali,MLI,2002,-0.9385409319683748,-0.6101078640110906,-1.7275972821331431,-0.7852201617222085,-0.7032241486021132,-0.20678356904910247,0.036664784607257486,-0.6961876120641313,1.2927837912781783,-1.2310617606611092,1.0828441209196593,1.1901845551318926,0.8496661175210388,1.0183030745096555,-1.3875747403901362,16.324137884751604,3.6611600424074195,73,6
Mali,MLI,2003,-0.9152439914196552,-0.40653339100125,-1.5788574956191266,-0.7695455917955005,-0.4262218951405541,-0.20442012163302878,-0.02790638545454943,-0.712527639251207,0.16054602622827818,-0.34707460102688126,0.9374475354407421,0.028838718842297443,0.5324249909772886,0.9718801684191984,-1.0082112050109016,16.35592728234573,3.7004700429374116,73,7
Mali,MLI,2004,-0.9220830712455665,-0.1597565074609618,-1.5161972447202523,-0.8533423279242538,-0.42324143643621726,-0.20193431123096872,-0.12018084738959296,-0.8514509815232072,0.5286287415866548,-0.18281724331265922,1.571905803140667,0.5007247953518968,0.3566363272506959,1.222523626585645,-1.43499518231254,16.388306740716722,3.700884714938559,73,8
Mali,MLI,2005,-0.925012703448688,-0.5092831709737164,-1.4524486771248901,-0.8271417012740759,-0.27282272602496843,-0.19933664787602695,-0.3320644568295825,-0.537114089725039,0.7824729165637886,-0.09035382396199769,0.9394986603410899,0.4871777580755555,0.5062659208110213,1.127566015388225,-1.5772565080797543,16.42105896817332,3.721592281810902,73,9
Mali,MLI,2006,-0.9237090040711068,-0.11623401290536421,-1.3831329828629677,-0.7076302962532928,-0.33520182436822876,-0.19664815163441257,-0.5284309435126388,-0.24559228101643338,0.6948496479892092,-0.0720928128785034,1.0717293127686782,0.06513016041121066,0.34315111793170766,1.318666276080097,-1.5772565080797543,16.453863353739557,3.7130567690177934,73,10
Mali,MLI,2007,-0.9295441950530676,-0.3989943946582819,-1.2924962503473176,-0.7693635031439444,-0.2781678820510483,-0.193863522829376,-0.8349809220037743,-0.3465510462991328,0.5674293909442623,0.23903002655595934,1.3273751821079423,0.6559830625976387,0.7537565371983219,1.318666276080097,-1.5772565080797543,16.48674295926978,3.7208637358430243,73,11
Mali,MLI,2008,-0.9284625910879383,-0.10426126010795148,-1.1714926140169097,-0.5730653184651322,-0.2415155909831513,-0.19098736443858846,-1.0955489770312252,-0.34494291194424676,0.16394759805345313,-0.10401662756914151,1.0526212796841545,0.30837549723489593,0.31388944235452965,1.2557995229218921,-1.5772565080797543,16.51960514593416,3.7258488253687028,73,12
Mali,MLI,2009,-0.9206561738513704,-0.32440398169453627,-1.0631499492030614,-0.9543463993296051,0.2925065891277686,-0.18804123840532008,-1.302151856670586,-0.24470675104085873,0.041101488814628474,-1.2310617606611092,0.1047207564776448,-0.4626525230036132,0.09856386722147399,0.5153690492440178,-1.5772565080797543,16.55218320072916,3.7957962392676734,73,13
Mali,MLI,2010,-0.9121975601673139,-0.1915178579281771,-0.9661581219281027,-0.7135199736558392,-0.13632937176240345,-0.18500637553730706,-1.301327793888189,-0.2732410950643983,0.041101488814628474,-1.2310617606611092,0.3798179802366839,-0.4626525230036132,0.09856386722147399,0.5398168817680248,-1.5772565080797543,16.584668338749797,3.7400187661384647,73,14
Mali,MLI,2011,-0.9135275758126773,-0.057535298613759694,-0.8927723527019974,-0.8775151089261534,-0.016001611316349893,-0.1818870036665631,-1.30641651972426,-0.25472059996072904,0.041101488814628474,-1.2310617606611092,0.3798179802366839,-0.4626525230036132,0.09856386722147399,0.6009375108572599,-1.5772565080797543,16.61699341985878,3.755986005568006,73,15
Mali,MLI,2012,-0.9288608170496016,-0.5649927295424921,-0.8927723527019974,-0.6958103642553056,-0.17843621353909644,-0.1789812087688286,-1.3137827363008363,-0.30383510253393686,0.041101488814628474,-1.2310617606611092,-1.2707653623175506,-0.4626525230036132,0.09856386722147399,0.3843966468310919,-1.7669382757693712,16.646193290958905,3.7343705090764097,73,16
Mali,MLI,2013,-0.9276676526633897,0.26167847541283984,-0.8737382389475759,-0.5451210636782813,-0.3086883953281216,-0.17598848726301444,-1.317024148431084,-0.364122338157405,0.041101488814628474,-1.2310617606611092,0.1047207564776448,-0.4626525230036132,-0.039797059058874096,0.08403292137104044,-1.861779159614179,16.67540111500673,3.7166935842882602,73,17
Mali,MLI,2014,-0.9156421015004759,0.4111743051436175,-0.802925797657279,-0.6476921131945687,-0.5060267330678843,-0.17264997673602042,-1.3138565856941211,-0.24967703457850643,0.041101488814628474,-1.2310617606611092,0.1047207564776448,-0.4626525230036132,0.09856386722147399,0.5013984850234363,-1.838068938652977,16.707007682397915,3.68930234523452,73,18
Mali,MLI,2015,-0.9041003241642821,0.1335875416327076,-0.884097088612444,-0.5750396797507705,-0.34197285798833693,-0.16923939655992462,-1.2781999835667106,-0.39193215262023373,0.041101488814628474,-1.2310617606611092,-0.17037646728139427,-0.4626525230036132,-0.3165189116195712,0.4856817967338851,-1.5772565080797543,16.738296960786123,3.712125870363191,73,19
Mali,MLI,2016,-0.8932808587060378,0.3524055452393872,-0.8439478197180352,-0.5739500113191748,-0.2778821361650712,-0.16567690025659718,-1.486253849985356,-0.4307555675357314,0.041101488814628474,-1.2310617606611092,-0.17037646728139427,-0.4626525230036132,-0.3165189116195712,0.4856817967338851,-1.5772565080797543,16.769967088236275,3.720902696503408,73,20
Mali,MLI,2017,-0.8847678804058124,0.18397483523807473,-0.9000243193850296,-0.6938674453275132,-0.11205995689804608,-0.161974736629492,-1.281011126445928,-0.4070697123775126,0.041101488814628474,-1.2310617606611092,-0.4454736910404334,-0.4626525230036132,-0.3165189116195712,0.475204004540851,-1.5772565080797543,16.801849451539162,3.743259856811793,73,21
Myanmar,MMR,2000,-1.1019426063082922,-0.09145487439041167,-0.8721656051269895,-0.16305872309946667,-0.14786307931264897,-0.010262081256882834,-0.5615878843732013,-1.449868152296224,-1.2105808136489213,-1.2310617606611092,-2.096057033594668,-2.168807099607576,-1.561767248142709,-1.8194324857336197,-1.2927338565453277,17.62861540666009,3.7384747920013397,74,0
Myanmar,MMR,2002,-1.0569339177276762,-0.09145487439041167,-0.7807492087623236,-0.16305872309946667,-0.2615983642768601,-0.0046538799547394495,-0.36891449566740087,-1.1729514661466434,-1.2105808136489213,-1.2310617606611092,-2.096057033594668,-2.168807099607576,-1.8384891007034063,-1.8194324857336197,-1.2927338565453277,17.649196902925727,3.7231204394526274,74,1
Myanmar,MMR,2003,-1.0252531208792122,-0.09145487439041167,-0.7687803448927971,-0.16305872309946667,-0.2337089191652704,-0.002066333623165755,-0.25421891611583636,-1.0684081126093177,-1.2105808136489213,-1.2310617606611092,-2.096057033594668,-2.168807099607576,-1.8384891007034063,-1.8194324857336197,-1.2927338565453277,17.658551970413296,3.726907410573935,74,2
Myanmar,MMR,2004,-0.9900482579054057,-0.09145487439041167,-0.665813010403833,-0.16305872309946667,-0.30076228756036855,0.00032495198257587947,-0.13844042519025299,-0.8922893416843488,-1.2105808136489213,-1.2310617606611092,-2.096057033594668,-2.168807099607576,-1.9768500269837548,-1.8194324857336197,-1.2927338565453277,17.667120345478605,3.717778235934595,74,3
Myanmar,MMR,2005,-0.9501309466374888,-0.09145487439041167,-0.6417773851791025,-0.16305872309946667,-0.3079540972890666,0.0025257648240591905,-0.03454008327709212,-0.7965614502165138,-1.2105808136489213,-1.2310617606611092,-2.096057033594668,-2.168807099607576,-1.9768500269837548,-1.8194324857336197,-1.2927338565453277,17.674941868552963,3.7167941190827816,74,4
Myanmar,MMR,2006,-0.9066704027586128,-0.09145487439041167,-0.5748895485621557,-0.16305872309946667,-0.3182258144901643,0.004590673707726272,0.06375680652799996,-0.6524412525286657,-1.2105808136489213,-1.2310617606611092,-0.7205709147994724,-1.7422683061680675,-1.4234063218623598,-1.5103376160391133,-1.2927338565453277,17.682225186759773,3.715386870584762,74,5
Myanmar,MMR,2007,-0.8620836347716998,-0.09145487439041167,-0.5811411992677037,-0.16305872309946667,-0.03131024190895523,0.006614721488184531,0.1339311595271815,-0.5545417300500776,-1.2105808136489213,-1.2310617606611092,-0.8581195266789919,-1.7422683061680675,-1.4234063218623598,-1.5103376160391133,-1.0793418678945077,17.689313264857518,3.7539686813530704,74,6
Myanmar,MMR,2008,-0.8193670716212998,-0.09145487439041167,-0.4868667478561785,-0.16305872309946667,-0.17448339906068946,0.00819718114684741,0.16170634073985066,-0.36600994219169364,-1.2105808136489213,-1.2310617606611092,-1.2707653623175506,-1.7422683061680675,-1.4234063218623598,-1.5103376160391133,-1.0082112050109016,17.69482014698372,3.7349021028172062,74,7
Myanmar,MMR,2009,-0.771132704167315,-0.09145487439041167,-0.48747688359442426,-0.16305872309946667,-0.13678624934028752,0.009802959383208593,0.194258100132833,-0.21010162616893394,-1.2105808136489213,-1.2310617606611092,-1.2707653623175506,-1.7422683061680675,-1.4234063218623598,-1.5103376160391133,-1.0082112050109016,17.70037734862474,3.7399576509753585,74,8
Myanmar,MMR,2010,-0.7240644265481457,-0.09145487439041167,-0.4547920844513524,-0.16305872309946667,-0.33293820551103914,0.011970009115511777,0.1905850899874829,-0.048356156347542596,-1.2105808136489213,-1.2310617606611092,-1.2707653623175506,-1.7422683061680675,-1.4234063218623598,-1.5103376160391133,-1.0082112050109016,17.70782834455188,3.713367783828927,74,9
Myanmar,MMR,2011,-0.6965016699838915,-0.09145487439041167,-0.4547920844513524,-0.16305872309946667,0.09011198714181153,0.014324720996988097,0.07494553771582728,0.3546237524736882,-1.2105808136489213,-1.2310617606611092,-1.2707653623175506,-1.7422683061680675,-1.4234063218623598,-1.5103376160391133,-1.0082112050109016,17.7158621365028,3.7698585635177024,74,10
Myanmar,MMR,2012,-0.6573714826879788,-0.09145487439041167,-0.4547920844513524,-0.16305872309946667,-0.2607645079516742,0.016811555606240192,-0.006361651870982545,0.44496552447829124,-1.2105808136489213,-1.2310617606611092,-0.9956681385585116,-1.7422683061680675,-1.2850453955820114,-1.4090524661363202,-1.0082112050109016,17.72427720721495,3.7232338729454315,74,11
Myanmar,MMR,2013,-0.6087614467886019,-0.09145487439041167,-0.4547920844513524,-0.16305872309946667,0.008350418198739202,0.019343562516416526,-0.06547442233322161,0.4440631530280337,-1.2105808136489213,-1.2310617606611092,-0.9956681385585116,-1.5289995066023851,-1.1466844693016627,-0.9008795447741657,-1.0082112050109016,17.732772993574855,3.759186678773996,74,12
Myanmar,MMR,2014,-0.5581234321774766,-0.09145487439041167,-0.22883048546180138,-0.16305872309946667,-0.06655503236606194,0.021838435961187695,-0.12308980026894409,0.6218018885137805,-1.2105808136489213,-1.2310617606611092,-0.9956681385585116,-1.5289995066023851,-1.2850453955820114,-0.8502367078779642,-1.0082112050109016,17.74107417414387,3.7493087026734657,74,13
Myanmar,MMR,2015,-0.5122834864199466,-0.09145487439041167,-0.22883048546180138,-0.16305872309946667,0.5606933033447657,0.024264508883301516,-0.13139028565396546,0.6200563662868676,-1.2105808136489213,-1.2310617606611092,-0.7205709147994724,-1.3157301098826306,-1.1466844693016627,-0.6598903243343817,-1.0082112050109016,17.749080883512836,3.8291607012169893,74,14
Myanmar,MMR,2016,-0.4724499397400548,-0.09145487439041167,0.15579274127400208,-0.16305872309946667,0.2637010741198935,0.026685925235507252,-0.20608770008217644,0.6485183229463726,-1.2105808136489213,-1.2310617606611092,-0.17037646728139427,-0.889191316443122,-0.731601690460617,0.6603114919879166,-0.9370805421272959,17.757008808745127,3.792145505519499,74,15
Myanmar,MMR,2017,-0.42817506949422585,-0.09145487439041167,0.3215877865158781,-0.16305872309946667,0.6356525074823219,0.029063288769068437,-0.27456085769020533,0.8148885242490215,-0.5847396624171465,-1.2310617606611092,-0.4454736910404334,-0.889191316443122,-0.731601690460617,0.159124114680858,-0.7236885534764754,17.764731828930408,3.838290536640824,74,16
Myanmar,MMR,2018,-0.37994763806119947,-0.09145487439041167,0.4905100359483468,-0.16305872309946667,-0.19324288843934473,0.03131004802156301,-0.09753741037780309,0.8284677426669422,-0.5847396624171465,-1.2310617606611092,-0.4454736910404334,-0.889191316443122,-0.8699626167409662,-0.27745090928863647,-0.7236885534764754,17.77197615722557,3.7323767196831543,74,17
Montenegro,MNE,2006,1.33896761418971,0.012766157393325274,1.0364895531948195,1.3049926578380577,4.339171659354899,-0.27629284903805174,0.07873537522573891,-0.7176609644182393,1.4895292236544508,0.912618895132206,1.7682195835706973,0.5112233610909142,1.833143883177333,1.6225222496780858,0.1298794011268022,13.329419822317796,4.209182198831322,75,0
Montenegro,MNE,2007,1.5237551967719805,1.227283556769477,1.050885723174186,1.6154238953552653,3.869884004150689,-0.2762877875490212,-0.026351137037693026,-0.8039581071169932,1.0426886551333827,0.4766805311984461,1.7682195835706973,0.5112233610909142,0.628987634872049,1.6225222496780858,0.1298794011268022,13.330800923551056,4.169124190834124,75,1
Montenegro,MNE,2008,1.7135210721561114,1.9845099713595513,1.069271146753312,1.721247498694524,3.1580599131131866,-0.27628127311490425,0.042775477494343114,-0.7445429637011202,1.3068857447706534,0.7484735592739656,2.0139425860100837,0.9670364385998087,1.0798350528254501,1.5491777043268475,0.1298794011268022,13.332575679339131,4.105125141065502,75,2
Montenegro,MNE,2009,1.5265118962549202,0.5563982991211955,1.1623609007042695,0.7709296471713888,5.989571060800824,-0.27627338314670963,0.04320003186742206,-0.7950656526940961,1.2869484483840927,0.9023969007738792,1.897947071339858,0.9293166044907823,1.0956580083548704,1.5491777043268475,0.1298794011268022,13.334720968824653,4.33853574012756,75,3
Montenegro,MNE,2010,1.5997692478251588,-0.07293058150710426,1.2848756054087864,0.7430770014244417,2.5988965561609305,-0.2762666305248736,0.10462171764489768,-0.8236043571800273,-0.5847396624171465,-0.023929691893144107,0.3798179802366839,0.6036938634410864,0.5136466460625201,1.4583703466170885,0.1298794011268022,13.336553364927985,4.051811750587639,75,4
Montenegro,MNE,2011,1.694367344868768,-0.31101001575437004,1.0743212781768088,0.9725221611032165,1.5372896322437926,-0.2762611700714136,0.16777940128025165,-0.9907269770395842,-0.5847396624171465,-0.023929691893144107,0.3798179802366839,0.6036938634410864,0.5136466460625201,1.4374147622310203,0.1298794011268022,13.33803266587731,3.942035286071282,75,5
Montenegro,MNE,2012,1.6147196522541585,-0.2856055218355441,1.054158256871705,1.031519032171872,2.0398156679467765,-0.2762547806858492,-0.042507552898774614,-1.0154119006856897,-0.5847396624171465,-0.023929691893144107,0.3798179802366839,0.6036938634410864,0.5136466460625201,1.41995142598289,0.1298794011268022,13.339760851592086,3.9955037257861177,75,6
Montenegro,MNE,2013,1.7079092310659054,-0.2698503632997744,1.054158256871705,0.8861840860570684,1.1369064369102804,-0.276247819649759,0.005017608256155487,-0.9612771655588221,-0.5847396624171465,-0.023929691893144107,0.3798179802366839,0.6036938634410864,0.5136466460625201,1.4007424895554008,0.1298794011268022,13.341640262791692,3.8972889633726036,75,7
Montenegro,MNE,2014,1.7735978590565753,-0.3951877944252708,1.054158256871705,0.7887648354177936,1.2711930136781895,-0.27624093006998446,-0.024232864829019325,-1.062241982833236,-0.5847396624171465,-0.023929691893144107,0.6549152039957229,0.6036938634410864,0.5136466460625201,1.4007424895554008,0.1298794011268022,13.343496909983672,3.912520899583084,75,8
Montenegro,MNE,2015,1.8466839786327887,-0.23604897966334246,1.0270618874396127,0.8960537390714368,2.442629017481772,-0.27623552916345423,-0.037266558440077244,-1.0539312683412911,-0.5847396624171465,-0.023929691893144107,0.3798179802366839,0.8169632601608406,0.5136466460625201,1.412966405817404,0.1298794011268022,13.344949973647854,4.0363898042394695,75,9
Montenegro,MNE,2016,1.9514120926915173,0.27596964260389606,0.9798598563560039,0.8963693687638302,0.2679301274998058,-0.2762313489689843,-0.037101371446100144,-0.9579665297673007,-0.5847396624171465,-0.023929691893144107,0.3798179802366839,0.8169632601608406,0.5136466460625201,1.3623235689212025,0.1298794011268022,13.346073168374602,3.792682319846487,75,10
Montenegro,MNE,2017,2.052775496238766,0.5538915684074456,0.9814758542887116,0.9713184653078608,1.4165688074464082,-0.27622760346710173,-0.08844091970771335,-1.0205018939976347,-0.5847396624171465,-0.023929691893144107,0.3798179802366839,1.0302326568805948,0.5136466460625201,1.3570846728246855,0.1298794011268022,13.34707849316397,3.928753259129961,75,11
Montenegro,MNE,2018,2.209124874592067,0.8626872814646008,1.0119117689366899,1.0990045620192963,0.931292593557811,-0.27622488812710416,0.1561776272503445,-0.9138765948867573,-0.5847396624171465,-0.023929691893144107,0.6549152039957229,1.0302326568805948,0.7903684986232175,1.3658163409487505,0.1298794011268022,13.347806682257023,3.873507394616219,75,12
Montenegro,MNE,2019,2.361677977800905,0.6000131951609862,1.0262276905545553,1.0674928074688375,0.6963966024693653,-0.27622301239881636,0.22552685717510282,-0.8865185358226115,-0.5847396624171465,-0.023929691893144107,0.6549152039957229,1.0302326568805948,0.7903684986232175,1.3500996526591993,0.1298794011268022,13.34830939813021,3.845628350277341,75,13
Mongolia,MNG,1996,-0.48537492798741527,0.22843997662246388,-0.053992332334547866,0.1350119210228045,-0.4461363564974382,-0.26650046362169333,-0.18846939496845652,-0.2834548241735647,2.1272388264781847,1.183202376874821,1.6608264691263066,0.3322604658048994,1.5744139320264274,2.546314086734057,1.8370153103333575,14.630657648433532,3.6976949170579254,76,0
Mongolia,MNG,1997,-0.4654233342211578,0.046940121096305444,-0.13590246918789436,0.7757568468222376,-0.2800199973378483,-0.26630846645603284,-0.27418445865850527,0.12346924364235681,2.1272388264781847,1.183202376874821,1.3940653514805035,0.6036938634410864,1.5744139320264274,2.764601598718805,1.8370153103333575,14.644826712171696,3.720611168239823,76,1
Mongolia,MNG,1998,-0.44935633014741627,0.7715589274964224,-0.12045107461987149,0.9899390722422354,-0.35746836617793637,-0.26611756495388017,-0.38453446141792,-0.37110438599191864,2.1272388264781847,1.183202376874821,1.1273042338347004,0.8751272610772731,1.5744139320264274,2.982889110703552,1.8370153103333575,14.658718638017964,3.7099922426528757,76,2
Mongolia,MNG,1999,-0.4354389996427531,0.8828942567512994,-0.16762690778477832,1.1322505328174222,-0.1454168537908931,-0.26592103626686414,-0.419821886878353,-0.39621679695655176,1.7100113088781816,1.183202376874821,1.4607555208530647,0.8751272610772731,1.5744139320264274,2.546314348678862,1.4102313330317189,14.672821264930837,3.7388024582718593,76,3
Mongolia,MNG,2000,-0.43706801249506805,0.3091598935302634,-0.03657747270152785,1.4129451686363037,0.182781573597696,-0.26573354680378736,-0.5452511196389439,-0.4052481659647208,1.2927837912781783,1.183202376874821,1.794206807871429,0.8751272610772731,1.5744139320264274,2.1097395866541726,1.2679700072645055,14.68609237374478,3.7818180974968763,76,4
Mongolia,MNG,2001,-0.42232967949299466,-0.1352608508602296,0.21763472086471686,1.236347288154229,0.22634902962835696,-0.265558169186226,-0.6499829537297682,-0.4264898879607224,0.875556273678175,1.183202376874821,1.794206807871429,1.0059971588703547,1.6403000215118666,2.1097395866541726,1.1731291234196974,14.698348740794254,3.787391674339636,76,5
Mongolia,MNG,2002,-0.39236745237129067,-0.061408837306914814,0.40119774610698794,1.3148908667054893,0.3326977970247472,-0.26537193020867433,-0.5554808496502627,-0.38114707478096477,0.4583287560781714,1.183202376874821,1.794206807871429,1.1368670566634365,1.706186110997306,2.1097395866541726,0.6989247041956543,14.711201769107003,3.8008677964803073,76,6
Mongolia,MNG,2003,-0.34079671989524796,0.7842114013850756,0.6802408785563123,1.3667543384639833,0.8082834373572414,-0.2651852684479214,-0.8534515576464077,-0.15262776058842598,0.4583287560781714,1.183202376874821,1.794206807871429,1.1368670566634365,1.706186110997306,2.1097395866541726,0.6989247041956543,14.723920316387554,3.8590048131501455,76,7
Mongolia,MNG,2004,-0.25029220530838786,0.6264360048024126,0.9045069206705627,1.6877448669566437,0.17237171325296188,-0.2650183107662296,-0.7845660255733813,0.1074841904908819,0.4583287560781714,1.183202376874821,1.260685012735381,1.1368670566634365,1.706186110997306,2.1097395866541726,0.6989247041956543,14.735160840224083,3.7804817552620156,76,8
Mongolia,MNG,2005,-0.18628784229870096,0.6408469071237062,1.0357176797795198,1.427346192268928,0.6643565674736545,-0.2648516091363358,-0.7232612681720963,0.455281479176839,0.4516858277625368,0.0033944667626596135,1.4398591357363282,-0.24882598153472615,-0.09970789358197064,0.2369065289154564,0.6989247041956543,14.746259464879683,3.841764663600149,76,9
Mongolia,MNG,2006,-0.10513815659105041,1.2912993746370136,1.0430335175195897,1.1522913203514722,0.6207950626417694,-0.26466843682566743,-0.644046912336054,0.9729268309373037,0.7609875395055412,-0.06014365395618309,1.2903250880120751,-0.19769346981554822,-0.02154669943879155,1.638238937967637,0.6989247041956543,14.758314293291974,3.836487549815912,76,10
Mongolia,MNG,2007,0.00016911516421507511,1.5103591906334368,1.0430335175195897,1.296358071556401,0.9070895308660841,-0.26446191616383585,-0.6442422245812173,0.892906167073053,0.16194991309872084,-0.33529299203570595,1.483521246624689,0.128738415001645,0.087315123914882,1.638238937967637,0.6989247041956543,14.771733672771612,3.8706704641161886,76,11
Mongolia,MNG,2008,0.09408028853782534,1.644496948492219,1.0430335175195897,1.3929057836982166,2.0115902466542765,-0.26421568365454,-0.5091295231278703,0.3178133157491835,0.23584673287156435,-0.20578220664172803,1.7600067210137056,-0.03734804703083347,0.053457651810375574,1.638238937967637,0.6989247041956543,14.787501618967106,3.992575150716403,76,12
Mongolia,MNG,2009,0.051745167243968083,0.7561586814070335,1.267216277829119,1.0033999990320235,1.759935899476536,-0.2639303704952355,-0.42688239326106514,0.25143978828644675,0.041101488814628474,-0.023929691893144107,0.930012427754762,-0.03611432671817715,0.5136466460625201,0.6428486796293966,0.6989247041956543,14.80546653543178,3.9660781017326303,76,13
Mongolia,MNG,2010,0.11305934125898143,1.4348759864122804,1.0022761744372426,0.8734976065022333,3.5218607051806132,-0.2636474808959727,-0.2943032391101029,0.5135738081797374,-0.5847396624171465,-0.023929691893144107,0.930012427754762,-0.03611432671817715,0.09856386722147399,0.6009375108572599,0.6989247041956543,14.822965797296767,4.1383453356842965,76,14
Mongolia,MNG,2011,0.3297439099242621,3.123508545179629,1.0022761744372426,1.561731518307524,7.141971649747056,-0.26336347181443015,-0.15424962127093153,0.35814091817497623,-0.5847396624171465,-0.023929691893144107,0.6549152039957229,-0.03611432671817715,0.09856386722147399,0.5782358024022228,0.6989247041956543,14.840231568947438,4.419861363703742,76,15
Mongolia,MNG,2012,0.4965955364804382,2.723837726647996,1.0022761744372426,1.055050060725081,5.516023898903471,-0.263045562665769,0.04862652719272515,0.311176394367491,-0.5847396624171465,-0.023929691893144107,0.6549152039957229,-0.03611432671817715,0.09856386722147399,0.5991913867882911,0.6989247041956543,14.859211083651946,4.303100247398943,76,16
Mongolia,MNG,2013,0.6652894479880918,2.0141623725301616,1.0022761744372426,0.7850851531096799,2.251050184495499,-0.2626924136440694,0.25419752202626605,0.28906232666139314,-0.5847396624171465,-0.023929691893144107,0.930012427754762,-0.03611432671817715,0.09856386722147399,0.6271319913398452,0.6989247041956543,14.879880547253626,4.017152612086256,76,17
Mongolia,MNG,2014,0.7746524767696821,0.7179339754380066,1.0022761744372426,1.0473016381000961,-0.16537059832921233,-0.2623107059148517,0.2832847642506204,0.37183161139668375,-0.5847396624171465,-0.023929691893144107,1.2051096515138011,0.3904244667213316,0.236924793501823,0.6463414516569447,0.6989247041956543,14.901751300334645,3.7361265609975174,76,18
Mongolia,MNG,2015,0.7793007563050047,-0.530636714962601,1.0022761744372426,0.4749088062829606,-0.511808128862371,-0.261931088282869,0.22294052805124948,0.37335664318401185,-0.5847396624171465,-0.023929691893144107,1.2051096515138011,0.6036938634410864,0.236924793501823,0.6463414516569447,0.6989247041956543,14.923037988396821,3.688488445048753,76,19
Mongolia,MNG,2016,0.7678995039713014,-0.483618044631705,1.0022761744372426,0.8067149859353473,-7.2570802105880166,-0.2615619449558329,0.05034591950709939,0.512222409357405,-0.5847396624171465,-0.023929691893144107,0.930012427754762,0.6036938634410864,0.37528571978217107,1.0829159517368292,0.6989247041956543,14.94331167753035,0.6931471805599453,76,20
Mongolia,MNG,2017,0.8429710499474212,-0.03686923314039344,1.0022761744372426,1.2396816251724618,1.6554376450595445,-0.26120430014093565,0.10692059640652675,0.8664759400119838,-0.5847396624171465,-0.023929691893144107,1.4802068752728401,0.8169632601608406,0.37528571978217107,1.061960367350761,0.6989247041956543,14.962569459731412,3.954865637932413,76,21
Mozambique,MOZ,1996,-1.2208112407675589,-0.09145487439041167,-2.1101472366065392,-0.6491294396074135,-0.3364951042340988,-0.1817474792554168,-2.0035503686883716,-0.8441791388449256,0.041101488814628474,-0.023929691893144107,0.1047207564776448,0.3904244667213316,0.09856386722147399,1.4548775745895406,1.2679700072645055,16.618415138039694,3.7128790326024697,77,0
Mozambique,MOZ,1997,-1.2134271324658132,-0.09145487439041167,-2.1101472366065392,-0.874104028435192,-0.4212993238685628,-0.17902319530901006,-1.9956326963240223,-0.7265423502158246,0.041101488814628474,-0.023929691893144107,0.1047207564776448,0.3904244667213316,0.09856386722147399,1.4548775745895406,0.5566633784284414,16.64577738884038,3.701154829069482,77,1
Mozambique,MOZ,1998,-1.2062272713417084,-0.09145487439041167,-2.1101472366065392,-0.9989837551727563,0.09549327057323558,-0.17669799488592824,-1.9871747823745576,-0.4419649956022557,0.041101488814628474,-0.023929691893144107,0.1047207564776448,0.3904244667213316,0.09856386722147399,1.4548775745895406,-0.4391659019420505,16.668553345566107,3.770556974082447,77,2
Mozambique,MOZ,1999,-1.197032515176147,-0.09145487439041167,-2.1101472366065392,-0.8092381467493706,0.42248915293372824,-0.17435159575584794,-1.9779742396374975,-0.6041816886746708,0.041101488814628474,-0.023929691893144107,0.1047207564776448,0.3904244667213316,0.09856386722147399,1.4548775745895406,-0.4391659019420505,16.69102284766421,3.8121061149728583,77,3
Mozambique,MOZ,2000,-1.1985729188573018,-0.09145487439041167,-2.0786400166737558,-0.7395897790095074,-0.2388510318693228,-0.17199861669002794,-1.9733833404832775,-0.628051905631189,0.041101488814628474,-0.023929691893144107,0.1047207564776448,0.3904244667213316,0.09856386722147399,1.4548775745895406,-1.482415624234945,16.71305949815841,3.7262102657385854,77,4
Mozambique,MOZ,2001,-1.1875649635029517,-0.09145487439041167,-2.0524121771886037,-0.6669974421113121,0.14686349352221356,-0.1695686493987071,-1.9605518398230606,-0.47227409964051265,0.041101488814628474,-0.023929691893144107,0.1047207564776448,0.3904244667213316,0.09856386722147399,1.4548775745895406,-1.5772565080797543,16.73531867263389,3.7771996261118796,77,5
Mozambique,MOZ,2002,-1.1790860816495063,-0.09145487439041167,-1.9958742764780912,-0.0007453852007846082,0.38030488819773733,-0.16706405194030435,-1.9475989899012096,-0.8324939441367515,0.041101488814628474,-0.023929691893144107,0.1047207564776448,0.3904244667213316,0.09856386722147399,1.4548775745895406,-1.1978929727005185,16.757754445468333,3.806842043434639,77,6
Mozambique,MOZ,2003,-1.173032261532731,-0.09145487439041167,-1.9958742764780912,-0.09214836205042495,0.2522390527292933,-0.16447889939530744,-1.9344089779416327,-0.6825570743175772,0.041101488814628474,-0.023929691893144107,-0.17037646728139427,0.1771550700015777,0.09856386722147399,1.4548775745895406,-1.0082112050109016,16.780395713754544,3.7906891247709753,77,7
Mozambique,MOZ,2004,-1.165442240225954,-0.09145487439041167,-1.9116901602812062,-0.037331064291382096,0.4079149256241969,-0.16181216160183137,-1.9080705356747263,-0.6048740542158487,0.041101488814628474,-0.023929691893144107,-0.4454736910404334,0.1771550700015777,0.09856386722147399,1.4548775745895406,-1.0082112050109016,16.803226486308663,3.810290564016125,77,8
Mozambique,MOZ,2005,-1.1600353320229921,-0.09145487439041167,-1.8251295136774406,-0.038574850929379054,-0.4108341177272906,-0.15904765965905734,-1.8805525506965828,-0.70517022420294,0.041101488814628474,-0.023929691893144107,0.1047207564776448,0.1771550700015777,0.09856386722147399,1.4548775745895406,-1.0082112050109016,16.82635654182831,3.7026091029714214,77,9
Mozambique,MOZ,2006,-1.1493851458415798,-0.09145487439041167,-1.7433790807153493,-0.17417065265145387,-0.18698675742830176,-0.15617441311313565,-1.8461830134114423,-0.6040745700709457,0.041101488814628474,-0.023929691893144107,1.2051096515138011,0.1771550700015777,0.7903684986232175,1.2854867754320256,-1.0082112050109016,16.84984258268378,3.7332196225791963,77,10
Mozambique,MOZ,2007,-1.1414333127878624,-0.09145487439041167,-1.645879010563356,-0.2099517519095023,0.02846854987363743,-0.1531938034528369,-1.8113973987793885,-0.6297807198973159,0.6669426400464034,-0.023929691893144107,0.7924638158752425,0.1771550700015777,0.5828271092026944,0.8489117514625311,-0.9133703211660936,16.87363699265845,3.7618231701463616,77,11
Mozambique,MOZ,2008,-1.1344514448393177,-0.09145487439041167,-1.564253259011732,-0.24309768955085412,0.22560290872163735,-0.15002947365011587,-1.7750815194572114,-0.8253389050589701,0.6669426400464034,-0.023929691893144107,0.6549152039957229,0.1771550700015777,0.236924793501823,0.8855840241381505,-0.7236885534764754,16.898293403573092,3.787296484203859,77,12
Mozambique,MOZ,2009,-1.1289683980843697,-0.09145487439041167,-1.4624309803958213,-0.15820322688274263,0.6908264173175942,-0.14661916738989703,-1.7321054495229682,-0.8476711086711806,0.041101488814628474,-0.023929691893144107,0.930012427754762,0.1771550700015777,0.236924793501823,0.8855840241381505,-0.7236885534764754,16.924202966776186,3.8449577164601476,77,13
Mozambique,MOZ,2010,-1.1221797700869738,-0.09145487439041167,-1.3853738735667975,0.014625902955754257,1.3023243319740676,-0.14300175095324186,-1.6842498991936223,-0.8503650993673166,0.041101488814628474,-0.023929691893144107,0.6549152039957229,0.3904244667213316,0.5136466460625201,0.7825527501663877,-0.7236885534764754,16.95097155595041,3.916019197403247,77,14
Mozambique,MOZ,2011,-1.1145294176349854,-0.09145487439041167,-1.3530282879611026,0.32219858500094134,3.7946287645772596,-0.1391323676379539,-1.631330370389876,-0.8803446621729718,0.041101488814628474,-0.023929691893144107,0.3798179802366839,0.3904244667213316,-0.1781579853392228,-0.0905967738829916,-0.7236885534764754,16.978833080112167,4.162548496829873,77,15
Mozambique,MOZ,2012,-1.1051361724619313,-0.09145487439041167,-1.366443343481018,0.9487128184990835,5.340418389430312,-0.13503073343248032,-1.5691998153910018,-0.8498790775099689,0.041101488814628474,-0.023929691893144107,0.3798179802366839,0.3904244667213316,-0.1781579853392228,-0.09408954591053904,-0.7236885534764754,17.007543186393512,4.289633840644547,77,16
Mozambique,MOZ,2013,-1.0980797797465789,-0.09145487439041167,-1.0483893523861374,1.0491369342550603,6.259531521935309,-0.13078048199968442,-1.503635321457312,-0.8856590951744384,-0.5847396624171465,-0.023929691893144107,-0.17037646728139427,0.3904244667213316,-0.5932407641802689,-0.11329848233802858,-0.7236885534764754,17.036448734722097,4.3581887384939755,77,17
Mozambique,MOZ,2014,-1.0885209439060564,-0.09145487439041167,-1.066075980954767,1.252019426302478,4.281615278135213,-0.1263926831138106,-1.4289795909418097,-0.7985444659671067,-0.5847396624171465,-0.023929691893144107,-0.17037646728139427,0.3904244667213316,-0.731601690460617,-0.1325079426551275,-0.7236885534764754,17.06543828343991,4.204354700791071,77,18
Mozambique,MOZ,2015,-1.0791748050611263,-0.09145487439041167,-1.0453295733652554,0.7399545076864191,3.5820876616607173,-0.12187249353897707,-1.3476127011735288,-0.7044122863276253,-0.5847396624171465,-0.023929691893144107,-0.17037646728139427,0.3904244667213316,-0.5932407641802689,0.29358876523172317,-0.7236885534764754,17.09444888904447,4.143739992027594,77,19
Mozambique,MOZ,2016,-1.0754004691748051,-0.09145487439041167,-1.0453295733652554,1.0785001027297934,3.9467100379479483,-0.11717106692869267,-1.367507379035795,-0.5413540837630829,-0.5847396624171465,-0.023929691893144107,-0.4454736910404334,0.3904244667213316,-0.731601690460617,-0.24427088475095482,-0.7236885534764754,17.123755531426173,4.175792830830468,77,20
Mozambique,MOZ,2017,-1.0762805199183,-0.09145487439041167,-0.9472804155197845,0.9432141125709157,2.448703452097915,-0.11223291149910387,-1.3885978001470554,-0.28737402241329474,-0.5847396624171465,-0.023929691893144107,-0.17037646728139427,0.3904244667213316,-0.731601690460617,-0.24427088475095482,-0.7236885534764754,17.153640123139063,4.036993750453228,77,21
Mauritania,MRT,1996,-0.462107464304575,1.3250510940121965,-1.7211604879784368,-0.08378073062380888,-0.6595792725154122,-0.26591284856402064,-0.5261385006355199,-0.1037904859689417,1.2927837912781783,1.183202376874821,0.930012427754762,0.6036938634410864,0.9979098880437403,0.8000155625249085,0.1298794011268022,14.673404509539155,3.6674572627719533,78,0
Mauritania,MRT,1997,-0.5140014098730463,0.7508844518421011,-1.7261015878007997,-0.308048600015979,-0.684490728664574,-0.26559654718246334,-0.6030398509570319,-0.016106378733651984,1.2927837912781783,1.183202376874821,0.930012427754762,0.6036938634410864,0.9979098880437403,0.8000155625249085,0.1298794011268022,14.695679482113965,3.663867818303113,78,1
Mauritania,MRT,1998,-0.5128394436029952,0.48091162997316095,-1.6982858786746018,-0.6386027412472985,-0.6547926928359508,-0.2652193471558293,-0.6102268993428316,0.5423557769028517,1.2927837912781783,1.183202376874821,0.930012427754762,0.6036938634410864,0.9979098880437403,0.8000155625249085,0.1298794011268022,14.721610338038364,3.6681454787638144,78,2
Mauritania,MRT,1999,-0.5054081301813607,0.7477165392390042,-1.662894834529375,-0.7076925538596583,-0.5207542201422496,-0.26482010285579405,-0.616548955368158,0.44800437248726194,1.2927837912781783,1.183202376874821,0.930012427754762,0.6036938634410864,0.9979098880437403,0.8000155625249085,0.1298794011268022,14.7483433130202,3.6872277145646963,78,3
Mauritania,MRT,2000,-0.5578100480540191,1.1225104634541967,-1.6410380488381475,-0.41890280408281705,-0.25582954176601613,-0.26439289531753835,-0.7001953473543052,0.24269207593158665,1.2927837912781783,1.183202376874821,0.930012427754762,0.6036938634410864,0.9979098880437403,0.8000155625249085,0.1298794011268022,14.776178684426641,3.7239049368807686,78,4
Mauritania,MRT,2001,-0.5818496195936077,1.162802518646865,-1.5510627448278933,-0.3676592791982906,0.12411178979440443,-0.2640039407269675,-0.739433865257433,0.16619072684138472,1.6057043668940658,1.183202376874821,1.0675610396342816,0.7281010612904489,0.9979098880437403,0.8000155625249085,0.1298794011268022,14.8008649321544,3.774263059530429,78,5
Mauritania,MRT,2002,-0.5878912812349945,2.343544311900936,-1.5491831820446404,-0.4816126508479246,0.01697619335662562,-0.2636472843911044,-0.7476810587938744,0.11474066796908465,1.9186249425099533,1.183202376874821,1.2051096515138011,0.8525082591398114,0.9979098880437403,0.8000155625249085,0.1298794011268022,14.8229778470755,3.760317942340271,78,6
Mauritania,MRT,2003,-0.5555665046197568,3.020032598256633,-1.5148327468071061,-0.5243196777057181,0.2267598620232516,-0.26326981044859343,-0.7054340237931693,-0.02609288059656811,1.9186249425099533,1.183202376874821,0.930012427754762,0.6036938634410864,0.6520075723428688,0.8000155625249085,0.1298794011268022,14.84586077947146,3.7874440844853647,78,7
Mauritania,MRT,2004,-0.5383308791134601,2.682623055604441,-1.494070137873133,0.05482860874819463,2.381529908228396,-0.2628731207118453,-0.6717442645105233,0.040538738265249265,1.8743734670615777,1.2075888589280712,0.14918086939268577,0.5132160642290235,0.42839417772562066,-0.3641834536145246,0.1298794011268022,14.869357322722397,4.030294697785939,78,8
Mauritania,MRT,2005,-0.49260658408182395,2.1915926704690287,-1.4814459813265448,0.43362606017123967,4.254503408371291,-0.2624539400997228,-0.6009265979293241,0.5132461771525572,1.9186249425099533,1.183202376874821,1.4802068752728401,0.8525082591398114,0.9979098880437403,0.8000155625249085,0.1298794011268022,14.893600360299848,4.202072613514443,78,9
Mauritania,MRT,2006,-0.36750430812155443,1.6665126625812408,-1.4556764675349343,0.2751203109154901,0.04448598023121012,-0.2620097140489385,-0.4584434940177748,1.4054372915732138,0.599306234477562,-0.42059715251291746,1.1566648103320551,0.4368830535193285,0.6182701975223732,-0.18489690362029812,0.1298794011268022,14.918666176726653,3.7639173036105413,78,10
Mauritania,MRT,2007,-0.40954800584787027,2.371131021526976,-1.4556764675349343,0.3704448018441199,-0.0864935877914826,-0.2615369173812502,-0.5214534777259519,0.8319587141197328,0.49633784154770044,-0.27429805715934275,1.4829855773105856,0.4911673444302781,0.6517015179739362,-0.18489690362029812,0.1298794011268022,14.94467145012115,3.746662827208798,78,11
Mauritania,MRT,2008,-0.43779681706131185,1.7640232199701118,-1.6217851983823452,0.6048933244359557,0.5131643972106956,-0.2609997445277865,-0.5571411336441396,0.7888368810834355,0.1322429860049723,-0.2639442439791066,0.4393419769692115,0.5545188227697719,0.16615428659683493,0.22897588800454882,0.1298794011268022,14.973419528302932,3.823328322754805,78,12
Mauritania,MRT,2009,-0.4636813574025587,1.6662242808654366,-1.5702176288561172,0.25242430356164375,-0.6675228503314588,-0.26039725464705704,-0.5941310292894795,0.4768284653875109,0.041101488814628474,-0.023929691893144107,0.3798179802366839,0.3904244667213316,-0.039797059058874096,-1.1366298691174337,0.1298794011268022,15.004709463716566,3.6663140862718056,78,13
Mauritania,MRT,2010,-0.4687553403107041,1.2884634368979813,-1.5551301785324134,0.5845376172098359,-0.2441598694486035,-0.25976297861521586,-0.584937138203822,0.9311800178084404,0.041101488814628474,-0.023929691893144107,0.3798179802366839,0.3904244667213316,-0.3165189116195712,-1.1453610133518886,0.1298794011268022,15.036625394516665,3.7254900068170373,78,14
Mauritania,MRT,2011,-0.4616785595316718,0.8212907812282162,-1.4709869448770867,0.7319260797160786,0.8895921276045111,-0.2590969700244997,-0.5596203995488179,1.4253405995632427,0.041101488814628474,-0.023929691893144107,-0.17037646728139427,0.3904244667213316,-0.45487983789991987,-1.0912259283177494,0.1298794011268022,15.069076632455102,3.8686145047905245,78,15
Mauritania,MRT,2012,-0.4522780959076264,1.2831148603140439,-1.3151428938392038,1.0899593548682067,3.00243298404228,-0.2584048977426229,-0.5549605432521272,0.8711348798267304,0.041101488814628474,-0.023929691893144107,-0.17037646728139427,0.3904244667213316,-0.45487983789991987,-1.0912259283177494,0.1298794011268022,15.101717973678998,4.090570091841088,78,16
Mauritania,MRT,2013,-0.4443030303896317,1.2207904954042579,-1.1995446262838065,0.8458157684682821,2.112347115836382,-0.2577184169174515,-0.5396919870469862,0.9660063912761511,0.041101488814628474,-0.023929691893144107,-0.17037646728139427,0.3904244667213316,-0.45487983789991987,-1.0912259283177494,0.1298794011268022,15.133076030607775,4.002990242657194,78,17
Mauritania,MRT,2014,-0.4341437011179664,1.8566106994921945,-1.1837569860230028,0.5318525039404957,0.6978520252233593,-0.25703841479823925,-0.5405994691432661,0.1161669071329301,0.041101488814628474,-0.023929691893144107,-0.17037646728139427,0.3904244667213316,-0.45487983789991987,-1.0912259283177494,0.1298794011268022,15.163197917571363,3.8458035047877557,78,18
Mauritania,MRT,2015,-0.4145045277051238,1.4125822433399466,-1.1657752156137058,0.11675668396779734,0.788814386573799,-0.25633906588154437,-0.52511058413209,-0.3592683718050659,0.041101488814628474,-0.023929691893144107,-0.17037646728139427,0.3904244667213316,-0.45487983789991987,-1.1278982009933682,0.1298794011268022,15.193258502282323,3.8566900412421115,78,19
Mauritania,MRT,2016,-0.42990398130159674,0.769805659628152,-1.1299450151968724,-0.005282385456221482,0.09651102617081117,-0.255620346348595,-0.5459652335683297,-0.15264406084993465,0.041101488814628474,-0.023929691893144107,-0.17037646728139427,0.3904244667213316,-0.45487983789991987,-1.1278982009933682,0.1298794011268022,15.223238079084199,3.7706890087914515,78,20
Mauritania,MRT,2017,-0.40241303859428895,0.9240957026469128,-1.145524313027345,0.1594837451352345,0.880131557885105,-0.25488230383693494,-0.5198503600000813,-0.2757983442453879,0.041101488814628474,-0.023929691893144107,-0.17037646728139427,0.3904244667213316,-0.3165189116195712,-1.1523465574069849,0.1298794011268022,15.253115950814408,3.867501116942245,78,21
Mauritius,MUS,1996,0.3858931261667761,0.22435157382703555,-0.04211957346153353,1.5372855464280268,-0.5106801800938163,-0.273202536069036,2.106518063678326,0.07589037890997472,1.2927837912781783,1.183202376874821,2.0304013227909183,0.8169632601608406,1.897255908866006,1.4548775745895406,0.1298794011268022,13.941259117763689,3.688647288778157,79,0
Mauritius,MUS,1997,0.4598151390161309,0.3379476384077424,0.04494493495499964,1.5357807676206114,-0.4246411323416696,-0.27311745541577925,2.0370223620464,-0.015190234486757138,1.2927837912781783,1.183202376874821,2.0304013227909183,0.8169632601608406,1.897255908866006,1.4548775745895406,0.1298794011268022,13.953780082890491,3.7006899962947686,79,1
Mauritius,MUS,1998,0.5473820756573752,-0.011723648908804604,0.20418719131000782,1.6619465607037303,-0.6048083699166829,-0.2730451833071163,2.112028151529915,-0.02488544980252507,1.2927837912781783,1.183202376874821,2.0304013227909183,0.8169632601608406,1.897255908866006,1.4548775745895406,0.1298794011268022,13.96429429002933,3.6753040845372826,79,2
Mauritius,MUS,1999,0.57173297037215,0.4747822384122821,0.32437028124984124,1.6186477070453191,-0.45686566618644664,-0.2729567799351783,2.1449617972185755,-0.09182920242525089,1.2927837912781783,1.183202376874821,1.8928527109113988,0.8169632601608406,1.897255908866006,1.4548775745895406,0.1298794011268022,13.977006764659325,3.6961965646265136,79,3
Mauritius,MUS,2000,0.705802418704015,-0.04962579685046804,0.3955679512612116,1.3780532606125675,0.34217674648174756,-0.27288766976848616,2.1191992715307872,-0.11751339170888876,1.2927837912781783,1.183202376874821,1.7553040990318793,0.8169632601608406,1.897255908866006,1.4548775745895406,0.1298794011268022,13.986833517999623,3.8020601656096127,79,4
Mauritius,MUS,2001,0.7567551267297403,-0.07768260753492676,0.6089866761940501,1.592444100140582,-0.7610605418546667,-0.2728316122887998,2.085481914549413,-0.055094842815911454,1.2927837912781783,1.183202376874821,1.7553040990318793,0.8169632601608406,1.897255908866006,1.4548775745895406,0.1298794011268022,13.99473398717999,3.652753660548396,79,5
Mauritius,MUS,2002,0.7755542115754356,-0.18365800818266056,0.6856257918040921,1.3065449764480046,-0.5398697909790733,-0.2727819858775287,2.098793331252392,-0.11887248152373113,1.2927837912781783,1.183202376874821,1.7553040990318793,0.8169632601608406,1.897255908866006,1.4548775745895406,0.1298794011268022,14.00167638274891,3.684528508837573,79,6
Mauritius,MUS,2003,0.8829327100767307,-0.05532432740429938,0.7998583692196937,1.0278985285174937,-0.4672798256353563,-0.2727298882686721,2.0690726490527216,-0.17808329359676148,1.2927837912781783,1.183202376874821,1.7553040990318793,1.0302326568805948,1.6205340563053086,1.4548775745895406,0.1298794011268022,14.008912994419005,3.6947400727814377,79,7
Mauritius,MUS,2004,0.9633915444745972,-0.14962179589060176,0.8275435024037193,0.9805242797731311,-0.6189444026339866,-0.2726844360971779,1.9988184437678898,-0.2473457398787786,1.2927837912781783,1.183202376874821,1.7553040990318793,1.0302326568805948,2.0356168351463544,1.4548775745895406,0.1298794011268022,14.01518402909075,3.673284755696163,79,8
Mauritius,MUS,2005,0.9900807569006356,-0.17685882762458033,0.910301072985262,1.404858778331404,-0.5431377200692175,-0.272641258618401,1.9595872951765243,-0.33358210313672837,1.2927837912781783,1.183202376874821,1.7553040990318793,1.0302326568805948,2.0356168351463544,1.4548775745895406,0.1298794011268022,14.021105020855094,3.684066332238123,79,9
Mauritius,MUS,2006,1.0905390087538702,0.022824504251551053,0.8402266042673904,1.4972143552377402,-0.3903466083187878,-0.27260706677132657,1.9192943544488548,-0.4220059490138588,1.2927837912781783,1.183202376874821,1.4802068752728401,1.6700402498857858,1.7588949825856572,1.7674652163115945,0.1298794011268022,14.0257690523262,3.7054499954552673,79,10
Mauritius,MUS,2007,1.2162078255367264,0.11803365245272031,0.8412064064269343,1.3179990841653173,0.0751065173199012,-0.2725735180310936,1.8865736689823493,-0.405046220789132,1.2927837912781783,1.183202376874821,1.4802068752728401,1.776675246822699,1.7588949825856572,1.7674652163115945,0.1298794011268022,14.030324312650151,3.767908496303238,79,11
Mauritius,MUS,2008,1.3424206129061909,0.09472725456604042,0.8231477674127015,1.1686663376658457,0.006350096571104445,-0.27254677550493345,1.8581641092321204,-0.336343319376075,1.2927837912781783,1.183202376874821,1.4802068752728401,1.88330964660554,1.7588949825856572,1.7674652163115945,0.1298794011268022,14.03394061821219,3.7589241552796215,79,12
Mauritius,MUS,2009,1.422923760602575,0.30125686105619864,0.8388632094245048,0.847538466882812,-0.16395152785806869,-0.27252707738056525,1.5763773910566528,-0.33744649877738186,1.2927837912781783,1.183202376874821,1.4802068752728401,1.88330964660554,1.7588949825856572,1.7674652163115945,0.1298794011268022,14.036595992809012,3.736317102159618,79,13
Mauritius,MUS,2010,1.535554874741382,0.1417141737041413,0.8479216224097612,1.1109149507838751,0.09664861579740322,-0.2725093859877303,1.4381715427048676,-0.40830662785684163,1.2927837912781783,1.183202376874821,1.4802068752728401,1.88330964660554,1.7588949825856572,1.7674652163115945,0.1298794011268022,14.038974857833166,3.7707068571285016,79,14
Mauritius,MUS,2011,1.6466392721177674,0.058981269913980935,0.9135247958237188,1.2286104650697536,0.0030042877742662813,-0.2724974527830042,1.3613406391747114,-0.47968799790465577,1.2927837912781783,1.183202376874821,1.4802068752728401,1.88330964660554,1.7588949825856572,1.7674652163115945,0.1298794011268022,14.040576260761135,3.7584848950820096,79,15
Mauritius,MUS,2012,1.7413641270063671,-0.04639031201449567,1.0359546700508446,1.283763186161519,0.22805056056537654,-0.27247674236082986,1.3337880444644057,-0.5344031859194913,1.2927837912781783,1.183202376874821,1.4802068752728401,1.88330964660554,1.7588949825856572,1.7971519449321178,0.1298794011268022,14.043349468805042,3.7876087218379437,79,16
Mauritius,MUS,2013,1.8361106606129152,-0.28148001204832096,1.0969987481423948,1.8397376762384536,-0.2369870304980169,-0.2724586103207146,1.2038441002228064,-0.5807518127749175,1.2927837912781783,1.183202376874821,1.4802068752728401,1.88330964660554,1.7588949825856572,1.7901669247666319,0.1298794011268022,14.045771123146535,3.7264630349381775,79,17
Mauritius,MUS,2014,1.9504125858193204,-0.5323383216097841,1.215449660108352,1.797451230545909,-0.044494109892726515,-0.27244502766603385,1.1052201400664277,-0.6317537953117498,1.2927837912781783,1.183202376874821,1.4802068752728401,1.88330964660554,1.7588949825856572,1.7901669247666319,0.1298794011268022,14.047581342688476,3.7522280842960978,79,18
Mauritius,MUS,2015,2.066080167271308,-0.7238466822911832,1.1031402876445282,1.7402954449969248,-0.3399058449207862,-0.27243507737406913,0.979450802058561,-0.6765514428082344,0.6669426400464034,1.183202376874821,1.4802068752728401,1.88330964660554,1.7588949825856572,1.809376385083731,0.1298794011268022,14.048905384942229,3.712410140397878,79,19
Mauritius,MUS,2016,2.193872782141219,-0.7417209505993821,1.1200583650012825,1.5416739947368623,-0.1287314368960905,-0.272429908700565,1.0902956177729464,-0.7268779787793934,0.6669426400464034,1.183202376874821,1.4802068752728401,1.88330964660554,1.7588949825856572,1.809376385083731,0.1298794011268022,14.049592466724071,3.741034572264307,79,20
Mauritius,MUS,2017,2.3283706556981176,-0.7353367556850877,1.051529564053475,1.5607080448491328,-0.042595122606740136,-0.2724231203505711,0.8796582440260886,-0.7952195678092402,0.6669426400464034,1.183202376874821,1.4802068752728401,1.88330964660554,1.7588949825856572,1.7988985928906969,0.1298794011268022,14.05049413867467,3.7524789844880773,79,21
Malawi,MWI,1996,-1.1257454465159447,-0.09145487439041167,-1.420444817042457,-0.8158529662214199,-0.5714422703085686,-0.21831079471740764,-1.3660603899765313,-0.535130675593495,-0.5847396624171465,-1.2310617606611092,-0.4454736910404334,-0.03611432671817715,-0.3165189116195712,-0.5097084616043556,0.41440205266122715,16.152712416807358,3.6800543143712217,80,0
Malawi,MWI,1997,-1.1226474700201163,-0.09145487439041167,-1.420444817042457,-0.8158529662214199,-0.5878264106249638,-0.21706145844796235,-1.3702518308901488,-0.6036449404850149,-0.5847396624171465,-1.2310617606611092,-0.8581195266789919,-0.03611432671817715,-0.4548798378999202,-0.5097084616043556,0.7700553670792606,16.172776620688577,3.677724573883666,80,1
Malawi,MWI,1998,-1.119600671999367,-0.09145487439041167,-1.149032931486028,-0.8158529662214199,-0.571579571421008,-0.21568687116643687,-1.3738922366412876,-0.6311034029350889,-0.5847396624171465,-1.2310617606611092,-1.2707653623175506,-0.03611432671817715,-0.5932407641802689,-0.5097084616043556,1.2679700072645055,16.194396937467182,3.680034813393752,80,2
Malawi,MWI,1999,-1.1183702032222886,-0.09145487439041167,-0.9770791692081193,-0.8158529662214199,-0.25380282085239636,-0.2141688531951721,-1.3789352693983261,-0.6275245788354199,-0.5847396624171465,-1.2310617606611092,-1.133216750438031,-0.03611432671817715,-0.5932407641802689,-0.5097084616043556,1.2679700072645055,16.21774232366206,3.7241804029662484,80,3
Malawi,MWI,2000,-1.1199187072385206,-0.09145487439041167,-1.1692949533470764,-0.8158529662214199,-0.4739837798259431,-0.21257217372967993,-1.3848960090995206,-0.6685711590242142,-0.5847396624171465,-1.2310617606611092,-0.9956681385585116,-0.03611432671817715,-0.5932407641802689,-0.5097084616043556,1.2679700072645055,16.24172317427532,3.693801355078446,80,4
Malawi,MWI,2001,-1.133312403591536,-0.09145487439041167,-1.1285995200831387,-0.8158529662214199,-0.5187505221276008,-0.2109220330306394,-1.3977250779519024,-0.7647509678233835,-0.8976602380330339,-1.2310617606611092,-0.5830223029199529,-0.14274872650101808,-0.662421227320443,-0.8371394676366716,1.1968393443808991,16.2659171149176,3.687510224445592,80,5
Malawi,MWI,2002,-1.1346154618623054,-0.09145487439041167,-1.1611101720087176,-0.8158529662214199,-0.6353569224038048,-0.20921076145349599,-1.404277403493028,-0.6049995479918441,-1.2105808136489213,-1.2310617606611092,-0.17037646728139427,-0.24938312628385903,-0.731601690460617,-1.1645704736689877,0.15358962208800392,16.29040399242192,3.6709351041848977,80,6
Malawi,MWI,2003,-1.1293539385737288,-0.09145487439041167,-1.1611101720087176,-0.8158529662214199,-0.4054053562251682,-0.2074176009385316,-1.4044665125074471,-0.48978704861789313,-1.2105808136489213,-1.2310617606611092,-0.17037646728139427,-0.24938312628385903,-0.731601690460617,-1.1645704736689877,0.1298794011268022,16.31543512223099,3.7033626663555452,80,7
Malawi,MWI,2004,-1.1245674400898849,-0.09145487439041167,-1.2482506543894911,-0.8158529662214199,-0.2774933968122803,-0.20551708326388318,-1.4059282939730546,-0.7187213204019763,-1.2105808136489213,-1.2310617606611092,0.3798179802366839,-0.24938312628385903,-0.1781579853392228,-1.1645704736689877,0.1298794011268022,16.34129824052974,3.7209556976007283,80,8
Malawi,MWI,2005,-1.1235946639934424,-0.09145487439041167,-1.2555339515568547,-0.8158529662214199,-0.189684580186937,-0.20349669166491285,-1.4089180839483464,-0.7958145133475253,-1.2105808136489213,-1.2310617606611092,0.3798179802366839,-0.24938312628385903,-0.1781579853392228,-1.1645704736689877,0.1298794011268022,16.36807834843482,3.73285622585153,80,9
Malawi,MWI,2006,-1.1202345502090791,-0.09145487439041167,-1.1886226057549687,-0.8158529662214199,-0.5474131865834805,-0.20136092193481833,-1.4096060425960897,-0.6545705086225545,-0.5847396624171465,-1.2310617606611092,0.930012427754762,-0.03611432671817715,-0.039797059058874096,0.3582021663485066,0.1298794011268022,16.395629049388226,3.683461338933885,80,10
Malawi,MWI,2007,-1.1081462391738766,-0.09145487439041167,-1.199524111262965,-0.8158529662214199,-0.31355134781569854,-0.1991121797695624,-1.4023842177344898,-0.4801850174680128,-0.5847396624171465,-1.2310617606611092,0.930012427754762,0.07052067021873643,0.236924793501823,0.3582021663485066,0.058748738243195986,16.423839424408413,3.71602752865193,80,11
Malawi,MWI,2008,-1.0991839014691895,-0.09145487439041167,-1.1117222693186888,-0.8158529662214199,-0.2077919497881935,-0.19672986193144426,-1.40086135788057,-0.6774545448712758,-0.5847396624171465,-1.2310617606611092,0.1047207564776448,-0.03611432671817715,0.236924793501823,0.38614277090006094,-0.04794725608221394,16.452882038763207,3.7304137394821275,80,12
Malawi,MWI,2009,-1.088551255036259,-0.09145487439041167,-1.087873890270802,-0.8158529662214199,-0.5591182632681361,-0.19423263638294713,-1.3965629851596335,-0.7501173114831446,-0.5847396624171465,-1.2310617606611092,0.1047207564776448,-0.03611432671817715,0.236924793501823,0.38614277090006094,0.27214072689401525,16.48244629122452,3.681803154928739,80,13
Malawi,MWI,2010,-1.080401352166414,-0.09145487439041167,-1.0766524288239492,-0.8158529662214199,-0.48586273998052326,-0.19166809898503695,-1.392848693302287,-0.7615128644280998,-0.5847396624171465,-1.2310617606611092,0.930012427754762,-0.03611432671817715,0.236924793501823,0.5101301531475008,0.6752144832344521,16.51192425008032,3.692135842707443,80,14
Malawi,MWI,2011,-1.0760983501799193,-0.09145487439041167,-1.0377896675273621,-0.8158529662214199,0.5831183646993082,-0.18905661478769534,-1.390196969899236,-0.7419243115309344,-0.5847396624171465,-1.2310617606611092,0.3798179802366839,-0.03611432671817715,0.236924793501823,0.5101301531475008,0.5566633784284414,16.541074690864686,3.8319007640129046,80,15
Malawi,MWI,2012,-1.0783473801430472,-0.09145487439041167,-1.034758724213834,-0.8158529662214199,-0.673937976071691,-0.18640942625126306,-1.3926243199952721,-0.7793249358190434,-0.5847396624171465,-1.2310617606611092,0.3798179802366839,-0.03611432671817715,0.236924793501823,0.5520413219196376,0.3195611688164192,16.5697811479996,3.665389917618538,80,16
Malawi,MWI,2013,-1.0727761224773897,-0.09145487439041167,-0.9253725408386309,-0.8158529662214199,0.34202284838198305,-0.18371648185399478,-1.3898442173094392,-0.8039349913118262,-1.2105808136489213,-1.2310617606611092,0.6549152039957229,0.1771550700015777,0.236924793501823,0.5380707576990551,0.27214072689401525,16.598162042855343,3.8020408179213705,80,17
Malawi,MWI,2014,-1.0665038376390623,-0.09145487439041167,-0.8640601686579797,-0.8158529662214199,0.5507795084846667,-0.18097897848917893,-1.3865564852487664,-0.8172199528504455,-1.2105808136489213,-1.2310617606611092,0.6549152039957229,-0.03611432671817715,0.236924793501823,0.47869677656839843,0.27214072689401525,16.626209942382506,3.827946961759794,80,18
Malawi,MWI,2015,-1.0664849561171472,-0.09145487439041167,-0.8573522958848071,-0.8158529662214199,-0.10171049191797508,-0.17821570916785118,-1.3859036056559635,-0.7928882445860106,-1.2105808136489213,-1.2310617606611092,0.1047207564776448,-0.03611432671817715,0.236924793501823,0.4594873162512998,0.27214072689401525,16.653745859093828,3.7446388010441356,80,19
Malawi,MWI,2016,-1.0670957926217792,-0.09145487439041167,-0.9131889260260773,-0.8158529662214199,-0.3961997957020768,-0.17540418896933002,-1.3857103156974246,-0.7845614415217824,-1.2105808136489213,-1.2310617606611092,0.1047207564776448,-0.03611432671817715,0.236924793501823,0.4594873162512998,0.27214072689401525,16.68100543629395,3.7046391886854457,80,20
Malawi,MWI,2017,-1.0641931184712274,-0.09145487439041167,-0.8614628918766286,-0.8158529662214199,-0.47685335973831355,-0.17253416986700187,-1.3839849365030386,-0.7768653771428615,-1.2105808136489213,-1.2310617606611092,0.1047207564776448,-0.03611432671817715,0.236924793501823,0.44900952405826566,0.27214072689401525,16.70808632968104,3.693399274165417,80,21
Malaysia,MYS,1996,1.3455700089350835,2.406064036783342,0.16295745838828812,3.155571068593813,0.23822569849279435,-0.15579926745557868,2.129433939825485,1.376910932590437,0.6669426400464034,1.183202376874821,0.6549152039957229,1.0302326568805948,0.7903684986232175,-0.5097084616043556,3.2596285680054877,16.85286872682368,3.7889056814364634,81,0
Malaysia,MYS,1997,1.4697670674881975,2.4810854613677953,0.1698171765753377,3.2690135821239727,0.256143229425601,-0.15267227357782404,2.3143602367747302,1.4642413455098153,0.3540220644305159,1.183202376874821,0.24226936835716434,0.9235979585207177,0.44446618292234574,-0.5097084616043556,3.2596285680054877,16.877742818348647,3.791185433245291,81,1
Malaysia,MYS,1998,1.2032180896037696,0.5059724010430648,0.5652998542654284,3.96242454683223,-0.12361038324605123,-0.14950738403396316,2.0634701207806128,1.405945901773473,0.041101488814628474,1.183202376874821,-0.17037646728139427,0.8169632601608406,0.09856386722147399,-0.5097084616043556,3.0699468003158707,16.902303723144577,3.7417186500254975,81,2
Malaysia,MYS,1999,1.2944050662489546,-0.09236991821948928,0.5094489250310462,4.197529642461162,0.2180035242995741,-0.14635843520320196,2.051606197313491,1.6217612626127846,0.041101488814628474,1.183202376874821,0.1047207564776448,0.8169632601608406,0.2369247935018227,-0.8371394676366716,1.7421744264885497,16.92615651005959,3.7863264379395845,81,3
Malaysia,MYS,2000,1.4590885320395879,0.3199983275096265,0.471124403409852,4.280058517470565,0.06119342082025527,-0.1431888414518892,2.11628072171893,1.7772822797328833,0.041101488814628474,1.183202376874821,0.3798179802366839,0.8169632601608406,0.37528571978217107,-1.1645704736689877,1.5524926587989325,16.94960453314419,3.7660969868454064,81,4
Malaysia,MYS,2001,1.407419179933706,0.2995580726007044,0.43989152049812885,3.7841013982267517,-0.5499310791549814,-0.13986182348234097,2.072100338511184,1.6003471258497748,-0.271819086801259,1.183202376874821,0.6549152039957229,0.8169632601608406,0.7211880354830429,-0.8371394676366716,1.3628108911093144,16.973639661062144,3.6831048771000927,81,5
Malaysia,MYS,2002,1.485329673036867,0.10080268972274264,0.4175689633890981,3.667449695580522,-0.0937105826642363,-0.1364322835638061,1.920513553408845,1.5095088258467382,-0.5847396624171465,1.183202376874821,0.930012427754762,0.8169632601608406,1.0670903511839143,-0.5097084616043556,1.2679700072645066,16.99782521475187,3.7457033932215804,81,6
Malaysia,MYS,2003,1.577811565550191,-0.028950296591994898,0.6014709069691293,3.5172523527258726,-0.13725010050028172,-0.1329956813794004,1.9258617979611103,1.6317568436543126,0.041101488814628474,1.183202376874821,0.6549152039957229,1.243502053600349,1.3438122037446116,0.8000155625249085,1.2679700072645066,17.02148767097257,3.7398955991555365,81,7
Malaysia,MYS,2004,1.703007400046208,-0.2059166384100716,0.6187764247625055,3.9880941596630213,-0.03302283934391799,-0.12955881123381072,1.670049806829343,1.794805237785086,0.041101488814628474,1.183202376874821,0.6549152039957229,1.243502053600349,1.3438122037446116,0.8000155625249085,1.6473335426437405,17.044604915340127,3.753742747224948,81,8
Malaysia,MYS,2005,1.79234899100925,-0.04237976734957225,0.46284448226146113,3.798361524081419,-0.17037853612521997,-0.12610926354687282,1.616557439916031,1.6141842523003387,0.041101488814628474,1.183202376874821,0.6549152039957229,1.243502053600349,1.3438122037446116,0.8000155625249085,1.7895948684109542,17.06728221293972,3.7354538458317648,81,9
Malaysia,MYS,2006,1.8932960701266708,-0.08463831092462926,0.44653779458963266,3.76118405550777,0.1834993619121658,-0.12264459689446608,1.6879610611689673,1.6264931383160133,0.041101488814628474,1.183202376874821,0.6549152039957229,1.243502053600349,1.3438122037446116,0.9711530096410018,1.7658846474497514,17.08955274719203,3.781910176165152,81,10
Malaysia,MYS,2007,2.0216434333532733,-0.030172844477701466,0.39048803694066053,3.4669172399791406,0.17633949276137054,-0.11918801671512223,1.445665102245417,1.466117613427515,0.041101488814628474,1.183202376874821,0.7924638158752425,1.243502053600349,1.3438122037446116,0.9711530096410018,2.0266970780229756,17.111287792561058,3.780991320603405,81,11
Malaysia,MYS,2008,2.1100611520649437,-0.2525421316297457,0.4115974925299054,3.0071910141901186,-0.07334298756002883,-0.11578389738090658,1.4742343963408975,1.5086471317221606,0.041101488814628474,1.183202376874821,0.930012427754762,1.0302326568805948,1.4821731300249603,1.0375120109371452,1.8370153103333575,17.132240959276174,3.748408716840612,81,12
Malaysia,MYS,2009,1.9920443422375256,-0.08205008149374657,0.41840453911197956,2.596583578565853,-0.6458842513798916,-0.11248071604734566,1.2502356224405047,1.1630068289919087,0.041101488814628474,1.183202376874821,0.6549152039957229,1.0302326568805948,1.4821731300249603,1.0375120109371452,1.8370153103333575,17.15216156068021,3.6694250777014226,81,13
Malaysia,MYS,2010,2.1712001357787205,-0.026387765249117377,0.49755396686902714,2.4623019473708947,0.10207559012473463,-0.1093187859858944,1.3311933862164278,1.123833918013318,0.041101488814628474,1.183202376874821,0.930012427754762,1.4567708531660315,1.4821731300249603,1.0078252823166214,1.8370153103333575,17.170865621286968,3.7714105985818147,81,14
Malaysia,MYS,2011,2.291675711405701,-0.056976219631556406,0.5112353473191142,2.374790535210764,0.24517217389456528,-0.10630414525523157,1.4435168318989489,1.0674700492445244,0.041101488814628474,1.183202376874821,0.930012427754762,1.4567708531660315,1.4821731300249603,1.0078252823166214,1.8370153103333575,17.188378421505462,3.7897901389434265,81,15
Malaysia,MYS,2012,2.424483322532412,0.3286599699925664,0.6429730982453785,2.168286290805383,-0.15356700946407506,-0.10332208264984644,1.326153878806567,1.0934297613399258,0.041101488814628474,1.183202376874821,0.930012427754762,1.4567708531660315,1.4821731300249603,1.0462436790612097,1.8370153103333575,17.205405372246748,3.737710346403191,81,16
Malaysia,MYS,2013,2.5333483461006985,0.46369319449086993,0.6321715584798039,2.019262923897354,-0.03543098021836939,-0.10027665020179906,1.3756820369340488,1.0725749784980192,0.6669426400464034,1.183202376874821,0.930012427754762,1.88330964660554,1.205451277464263,1.0602142432817918,1.8370153103333575,17.222499999879854,3.753424967267418,81,17
Malaysia,MYS,2014,2.6947203718821293,0.4027541205626716,0.7169422322881017,1.890960117582057,-0.09813142822253786,-0.09716906266845676,1.3492551918765234,1.0758374277507254,0.6669426400464034,1.183202376874821,0.930012427754762,1.88330964660554,1.205451277464263,1.0602142432817918,1.8370153103333575,17.239647406598586,3.7451152269545847,81,18
Malaysia,MYS,2015,2.8261344242801028,0.3895548687020694,0.6528908029641336,1.6889308873772242,-0.07509667441836806,-0.09397341118067622,1.318539466413158,0.9526354022839343,0.6669426400464034,1.183202376874821,0.930012427754762,1.88330964660554,1.205451277464263,1.0497364510887577,1.8370153103333575,17.25697935060338,3.7481760713092593,81,19
Malaysia,MYS,2016,2.934365504656262,0.3473747730504882,0.5920512384733196,1.558814977651332,0.1380645241077658,-0.09065732007274095,1.3142187102933702,0.888603592220851,0.6669426400464034,1.183202376874821,0.930012427754762,1.88330964660554,1.205451277464263,1.0689453875162476,1.8370153103333575,17.274652455518293,3.7760649639023924,81,20
Malaysia,MYS,2017,3.102313604493674,0.2922241539505876,0.5580013898819738,1.7408805157280718,-0.13460801096182373,-0.0872872079901175,1.345319880755204,0.9246441038266463,0.6669426400464034,1.183202376874821,0.930012427754762,2.0965790433252947,1.3438122037446116,1.0689453875162476,1.8370153103333575,17.292299061369842,3.740248993944037,81,21
Namibia,NAM,1996,-0.18046029502635835,-0.2258608257933373,-0.18312463130377096,0.675436435683361,-0.0830622984104076,-0.270153096112615,-0.3654298028606566,-0.4886416329804604,1.2927837912781783,1.183202376874821,1.2051096515138011,0.6036938634410864,0.37528571978217107,0.8000155625249085,4.5399804999104045,14.313921841698251,3.7471186633330644,82,0
Namibia,NAM,1997,-0.16295218904499406,-0.6462677394836263,-0.1271498824325666,0.5676686273913704,-0.2671420079041963,-0.26989608560903067,-0.3483245053948698,-0.43845185366697037,0.9798632156622908,1.183202376874821,0.5173665921162034,0.6036938634410864,0.16774433036164865,0.8000155625249085,3.484875667136909,14.339804081055329,3.722365983601326,82,1
Namibia,NAM,1998,-0.15496397562221437,-0.2785293970538089,-0.13849054778831624,0.5469892041944187,-0.21473077691959697,-0.2696371696036936,-0.44579445180914334,-0.365012397227698,0.6669426400464034,1.183202376874821,-0.17037646728139427,0.6036938634410864,-0.039797059058874096,0.8000155625249085,2.4060606134022096,14.36521799130837,3.7294761841477766,82,2
Namibia,NAM,1999,-0.1454115852275304,-0.28389498519870554,-0.0774196143102053,0.5170057549559189,-0.4213710620540709,-0.2693774080319538,-0.5378726091328909,-0.47571974973036246,0.6669426400464034,1.183202376874821,-0.9956681385585116,0.6036938634410864,0.0985638672214746,0.8000155625249085,2.4060606134022096,14.39008195122327,3.7011448528313546,82,3
Namibia,NAM,2000,-0.13281827711328498,-0.7430283329788581,0.009783053656545413,0.3433274247111539,0.23303227398001047,-0.26912564956757523,-0.6264868987137313,-0.29864449210864913,0.6669426400464034,1.183202376874821,-1.8209598098356288,0.6036938634410864,0.236924793501823,0.8000155625249085,2.4060606134022096,14.413603925855032,3.78824391908288,82,4
Namibia,NAM,2001,-0.14353280445118566,-0.21635401891575254,0.14583146527992577,0.44378265041443565,1.2376715928731272,-0.2688969834025618,-0.5599468342807349,-0.04788790016295045,0.3540220644305159,0.5796363424908384,-0.9956681385585116,0.6036938634410864,0.16774433036164865,0.47258455649259246,2.2163788457125926,14.434499226631848,3.908740286405246,82,5
Namibia,NAM,2002,-0.10912226861235608,-0.31987298064482744,0.09623742633482922,0.6134786979839535,0.12631484928058917,-0.2687009430003699,-0.4721308348979341,0.004000209950440563,0.041101488814628474,-0.023929691893144107,-0.17037646728139427,0.6036938634410864,0.09856386722147399,0.14515355046027645,1.599913100721336,14.452072043002762,3.7745477861989962,82,6
Namibia,NAM,2003,-0.07630073053117468,-0.4299717621547724,0.06544990804108401,0.6582154645321915,-0.42125060129833103,-0.2685372246716577,-0.3838664884742557,-0.2506972371371097,0.041101488814628474,-0.023929691893144107,-0.17037646728139427,0.6036938634410864,0.09856386722147399,0.14515355046027645,1.5524926587989325,14.466514559123455,3.701161604594791,82,7
Namibia,NAM,2004,0.05694201529306334,-0.4968912898817747,0.039198214661534996,0.24816505291049587,-0.05527332367086855,-0.26839063203994756,-0.277801983437724,-0.164269185906422,0.041101488814628474,-0.023929691893144107,0.1047207564776448,0.3904244667213316,0.236924793501823,0.14515355046027645,1.31539044918691,14.479271666363976,3.7508027065133986,82,8
Namibia,NAM,2005,0.07398954486257843,-0.4923085765341997,-0.010432777137313679,0.21377022329549675,0.299156138769985,-0.26824474206200877,-0.33839760094485816,-0.18909120383132175,0.041101488814628474,-0.023929691893144107,0.3798179802366839,0.6036938634410864,0.37528571978217107,0.8000155625249085,0.9834473557300805,14.491808076930004,3.7966370952936828,82,9
Namibia,NAM,2006,0.15275507477765027,-0.12999676682822608,-0.04792668685179947,0.39285066544667424,0.6982354391264136,-0.2680940526015304,-0.3775148386018696,0.2569707883977751,1.2927837912781783,1.183202376874821,1.4802068752728401,1.0302326568805948,1.0670903511839143,1.0689453875162476,0.9834473557300805,14.504593992682537,3.8458496420658568,82,10
Namibia,NAM,2007,0.21075851657189976,-0.11120074099030897,-0.024975103926299095,0.9209123374757701,0.6883909504347394,-0.26793499084272626,-0.4195329365944637,0.3981600316277852,1.2927837912781783,1.183202376874821,1.4802068752728401,1.0302326568805948,1.0670903511839143,1.0689453875162476,0.9834473557300805,14.51791525517962,3.8446643520791564,82,11
Namibia,NAM,2008,0.2292914290384625,0.28355564320626075,-0.024975103926299095,1.347695713543451,0.8922556227113542,-0.26776554409937003,-0.4629768349740666,0.5968095448962748,1.2927837912781783,1.183202376874821,1.4802068752728401,1.0302326568805948,1.0670903511839143,1.0584675953232134,1.5524926587989325,14.531913709883492,3.8689277405406615,82,12
Namibia,NAM,2009,0.2113624801928593,0.5995570182467138,-0.024975103926299095,1.4675469480261254,0.9910581093842876,-0.26758489062383095,-0.5235448671031931,0.14244760510527305,1.2927837912781783,1.183202376874821,0.930012427754762,1.0302326568805948,1.0670903511839143,1.0584675953232134,1.5524926587989325,14.54662526291823,3.8804784499832956,82,13
Namibia,NAM,2010,0.2782226105746003,0.27524910774431516,0.16811796639898036,1.010929213785019,-0.20929241805165769,-0.2673918573415925,-0.5648900654366373,0.03192964724852521,1.2927837912781783,1.183202376874821,0.930012427754762,1.0302326568805948,1.0670903511839143,1.0148103024821074,1.7658846474497514,14.562109401956585,3.7302110747910984,82,14
Namibia,NAM,2011,0.3305159704855474,-0.03400849929198323,0.32550509718804543,0.8397138095262442,0.483547518682837,-0.2671744276822268,-0.5425895225067315,0.19064779440868668,1.2927837912781783,1.183202376874821,0.930012427754762,1.0302326568805948,1.0670903511839143,1.016556426551077,1.8370153103333586,14.579268101166765,3.819676691098997,82,15
Namibia,NAM,2012,0.3754546381715853,0.37517729368388447,0.39029356000833,0.7822162730083296,0.7622272416528708,-0.26688664332533685,-0.5199080811353064,0.2451068564355048,1.2927837912781783,1.183202376874821,0.930012427754762,1.0302326568805948,1.0670903511839143,1.016556426551077,1.8370153103333586,14.601535416739429,3.8535202840674563,82,16
Namibia,NAM,2013,0.4242156126117531,1.0244692412147405,0.4588224506208504,0.7097963418590313,0.4898541803343925,-0.26654214051784003,-0.4445681172107493,-0.04164933587318178,1.2927837912781783,1.183202376874821,1.2051096515138011,1.0302326568805948,1.0670903511839143,1.016556426551077,1.8370153103333586,14.627555264017136,3.8204553930992096,82,17
Namibia,NAM,2014,0.4822457860808973,1.5139497048580253,0.4811272261543338,0.8656431897510055,-0.019652061321310556,-0.26618705622092287,-0.3921378944978525,-0.034818850460288896,1.2927837912781783,1.183202376874821,1.2051096515138011,1.0302326568805948,1.0670903511839143,1.016556426551077,1.8370153103333586,14.653684060574326,3.7555053298832997,82,18
Namibia,NAM,2015,0.509666505660188,1.010646473910858,0.5353900320213618,0.6956565851292394,0.6582629121836229,-0.2658169065507737,-0.09936865151458688,0.04317338780322192,1.2927837912781783,1.183202376874821,1.2051096515138011,1.0302326568805948,1.205451277464263,1.0287808667026896,1.8370153103333586,14.680213636342014,3.841028141157574,82,19
Namibia,NAM,2016,0.4619775882743607,-0.10031692417560097,0.5715285162313845,0.6004109786035857,-0.06182071494276444,-0.26543036956555155,0.21485131221135242,0.038975289801068326,1.2927837912781783,1.183202376874821,1.2051096515138011,1.0302326568805948,1.205451277464263,1.0287808667026896,1.8370153103333586,14.707186414226461,3.7499359263692553,82,20
Namibia,NAM,2017,0.3966486558602025,-0.5725836521187652,0.5813908235130008,0.2294644044132033,-0.2697044977975217,-0.26502759413258087,-0.015242047657178081,-0.08102558611831269,1.2927837912781783,1.183202376874821,1.2051096515138011,1.0302326568805948,1.0670903511839143,1.0287808667026896,1.8370153103333586,14.734539138508017,3.7220170520076388,82,21
Niger,NER,1996,-1.1199060470581899,-1.4166530051325164,-2.069521245062642,-1.0707938255290557,-0.5922433778908072,-0.22014112442593506,-1.3640508240493627,-0.4898708183239672,0.4583287560781714,-0.023929691893144107,0.9050036692594959,-1.2963417114744389,-0.2703987873406901,-1.3828579856537349,-0.9607907630884975,16.12257092197775,3.6770955738878044,83,0
Niger,NER,1997,-1.1232114120349859,-1.4814087955671595,-2.0646296972246714,-1.1687403231724052,-0.5089499613913218,-0.21812178680762168,-1.369842604728098,-0.5222306922233652,-0.376126028785375,-0.023929691893144107,0.9050036692594959,0.06082647101464002,-0.2703987873406901,-1.1645704736689877,-2.4308244626830318,16.155773828861744,3.6888908983287156,83,1
Niger,NER,1998,-1.1117507539065667,-1.499668782008278,-2.0685019564348432,-1.1150375091626399,-0.6678058781435776,-0.21599331753111708,-1.376413547558344,-0.705553822345345,-1.2105808136489213,-0.023929691893144107,0.9050036692594959,1.417994653503719,-0.2703987873406901,-0.9462829616842404,-2.4308244626830318,16.189617295734603,3.6662733310407876,83,2
Niger,NER,1999,-1.1186875704464891,-1.6131789188081385,-2.061895651404838,-1.2210976017739315,-0.6447189213277841,-0.2137543648811155,-1.383805464588879,-0.7921446144261522,-0.7933532960489179,-0.023929691893144107,0.9716938386320572,1.417994653503719,-0.2703987873406901,0.5817283124849663,-2.4308244626830318,16.224023085887044,3.6695923434172295,83,3
Niger,NER,2000,-1.1272000502621744,-1.1827764377029817,-2.065639592519777,-1.1239691051363565,-0.5310518846668514,-0.21141882115633243,-1.3891426378625014,-0.7475902851536905,-0.3761257784489145,-0.023929691893144107,1.038384008004619,1.417994653503719,-0.2703987873406901,2.1097395866541726,-1.861779159614179,16.2586947211051,3.6857745427184043,83,4
Niger,NER,2001,-1.1208622067293454,-1.1803467753735846,-2.068143027713121,-1.1734163491368939,-0.4921479735333498,-0.20897134111296595,-1.3945225598719675,-0.8218862645268851,-0.3761257784489145,-0.023929691893144107,1.038384008004619,1.3040896043178059,0.0590322135302109,1.89145233661423,-1.861779159614179,16.293782580540004,3.6912534860712274,83,5
Niger,NER,2002,-1.1185121907273476,-1.156861051562477,-2.066341541621797,-1.2368373320676336,-0.6059911319265607,-0.20641977303635986,-1.4000381536857143,-0.8778389828635821,-0.3761257784489145,-0.023929691893144107,1.038384008004619,1.1901845551318926,0.3884632144011119,1.6731650865742875,-1.861779159614179,16.32909738787247,3.6751352835006514,83,6
Niger,NER,2003,-1.1211287085766024,-1.1735352581812541,-2.0451755192107215,-1.1626741209492701,-0.5590062907493283,-0.20375302333349785,-1.4051046321444736,-0.8135586017887614,-0.3761257784489145,-0.023929691893144107,1.038384008004619,1.1901845551318926,0.3884632144011119,1.4548775745895406,-1.861779159614179,16.364720154269325,3.681819030398262,83,7
Niger,NER,2004,-1.1269740258570364,-1.0186801999474184,-1.9915353840764713,-1.0584515593483315,-0.540673746045736,-0.2009611536218011,-1.4101285518601663,-0.7764054847459612,-0.3761257784489145,-0.023929691893144107,1.038384008004619,1.1901845551318926,0.3884632144011119,1.4548775745895406,-1.861779159614179,16.40070264194255,3.6844148269086285,83,8
Niger,NER,2005,-1.1207413517374964,-0.53740441069849,-1.958554858690554,-1.0181852385035342,-0.45438612433589454,-0.19804123419232492,-1.4147529191816337,-0.8955370213157283,-0.3761257784489145,-0.023929691893144107,0.9050036692594959,1.1901845551318926,0.3884632144011119,1.4548775745895406,-1.861779159614179,16.43699968067722,3.69654303316635,83,9
Niger,NER,2006,-1.1168274036145458,-0.4400877873050793,-1.9073924606596568,-1.0710448127119478,-0.5054528750326952,-0.19499011501248442,-1.419310818556859,-0.8705507236254778,0.32996823528761293,0.8189985604068377,0.7716233305143736,1.1901845551318926,2.209350562395832,0.03513673243341816,-1.861779159614179,16.473570615209326,3.6893830963728584,83,10
Niger,NER,2007,-1.1179268295528866,-0.46658767543581126,-1.9210301319506462,-1.1009780483896314,-0.3489889033200197,-0.19180418158364249,-1.423738616004686,-0.6158747443999111,0.5317609513803399,0.7019588978417164,0.4381720434960092,1.1901845551318926,2.194731900368755,0.03513673243341816,-1.6958076128857638,16.510381695460968,3.7111603718372397,83,11
Niger,NER,2008,-1.1107974649608472,0.3478782539361829,-1.908093703107289,-0.9785048854623951,0.03288763072238144,-0.1884796467210657,-1.426133369807719,-0.48391118789755666,0.5918417018985903,0.016307882781512167,0.37148187412344796,1.1901845551318926,2.0702070667164416,-0.03296891682130393,-1.2216031936617209,16.547402017487798,3.762401362994339,83,12
Niger,NER,2009,-1.1142068893758643,0.7004938475601833,-1.888552055068719,-0.6932778952292177,0.8749480991665008,-0.18501544453471117,-1.4290204650219875,-0.39325009413070844,0.041101488814628474,-0.023929691893144107,-0.9956681385585116,0.8169632601608406,0.09856386722147399,-0.7873699547197601,-1.1504725307781145,16.584572819544356,3.8668905641872993,83,13
Niger,NER,2010,-1.1054272541103072,1.117684852433814,-1.8304887784457957,-0.6224520128855814,1.1458999009419037,-0.18141190253269263,-1.4298804630402413,-0.33806243536246955,0.041101488814628474,-0.023929691893144107,-0.4454736910404334,0.8169632601608406,0.37528571978217107,0.08054067323310267,-1.1504725307781145,16.621826324987627,3.8983163600745714,83,14
Niger,NER,2011,-1.1081806369362173,1.080373760331978,-1.7994759790874706,-0.6719131537397209,1.5042241818088684,-0.1776756423336006,-1.4308819034259528,-0.356511437437128,0.041101488814628474,-0.023929691893144107,0.3798179802366839,0.8169632601608406,0.6520075723428688,0.6533264718224308,-1.1504725307781145,16.65904015310364,3.9384148442360845,83,15
Niger,NER,2012,-1.0954912811688708,0.7459907320889453,-1.7582895412754889,-0.8220909124016571,0.9287173580486696,-0.17374265098793132,-1.4254166135662056,-0.042576985303193246,0.041101488814628474,-0.023929691893144107,-0.7205709147994724,-0.24938312628385903,-0.45487983789991987,0.21675197174254596,-1.1504725307781145,16.69677261491226,3.8732059240624803,83,16
Niger,NER,2013,-1.0924979179269714,0.8417524739567,-1.716510356010273,-0.7869014765556143,0.5933546852275247,-0.16967482752918167,-1.4105823508259738,-0.08357501610324851,0.041101488814628474,-0.023929691893144107,-0.7205709147994724,-0.24938312628385903,-0.45487983789991987,0.2027814075219641,-1.1504725307781145,16.73435633360372,3.8331490233030574,83,17
Niger,NER,2014,-1.0865983467947455,0.9859737035265081,-1.6483292936166622,-0.8030107220838733,0.68938051969362,-0.16553029571550112,-1.3962218139703868,-0.28746680321511914,0.041101488814628474,-0.023929691893144107,-0.7205709147994724,-0.4626525230036132,-0.45487983789991987,0.19230361532892998,-1.1504725307781145,16.771249139693932,3.8447835611130063,83,18
Niger,NER,2015,-1.0852800064716122,1.2069962917613202,-1.5815958117759534,-0.8325248957501346,0.3149891434099571,-0.16122154537889824,-1.3801571733726112,-0.37666065086834066,0.041101488814628474,-0.023929691893144107,-0.7205709147994724,-0.4626525230036132,-0.039797059058874096,0.16261636281879666,-1.1504725307781145,16.80821319680619,3.7986363860488046,83,19
Niger,NER,2016,-1.0810525427021245,0.5284234164850508,-1.4739606378608037,-1.072303871285792,-0.14136948451470013,-0.15677782597127654,-1.3652938500221308,-0.48469376588781604,0.041101488814628474,-0.023929691893144107,-0.7205709147994724,-0.4626525230036132,-0.039797059058874096,0.18182582313589588,-1.1504725307781145,16.844955808748235,3.7393443583934296,83,20
Niger,NER,2017,-1.0780709652222442,0.3809928128287704,-1.4345219854395168,-0.9971338803093602,-0.11819784505034638,-0.1523136343291996,-1.3487512378232123,-0.49915027610019297,0.041101488814628474,-0.023929691893144107,-0.9956681385585116,-0.4626525230036132,-0.039797059058874096,0.14689967452924546,-1.1504725307781145,16.880556511540654,3.742441156400974,83,21
Nigeria,NGA,1996,-0.5785075433690378,-0.09145487439041167,-1.4680916612089117,-0.16305872309946667,-0.6082148744463203,0.39741964953595477,-1.1051246992166899,0.8687372256565055,-1.2105808136489213,-1.2310617606611092,-2.096057033594668,-0.6759219197233678,-1.561767248142709,-1.1645704736689877,0.1298794011268022,18.549555636890457,3.674817838984873,84,0
Nigeria,NGA,1998,-0.5768583229477591,-0.09145487439041167,-1.4680916612089117,-0.16305872309946667,-0.6315958382561428,0.43369251293860184,-1.117850679087568,0.13831174718119355,-1.2105808136489213,-0.023929691893144107,-0.9956681385585116,-0.6759219197233678,-1.561767248142709,-1.1645704736689877,-1.861779159614179,18.601720270963884,3.6714740368778616,84,1
Nigeria,NGA,2000,-0.5756468912548928,-0.09145487439041167,-1.4272857140931763,-0.16305872309946667,-0.36324245631823776,0.4726138153632064,-1.1185420893577265,0.5661023691939027,-1.2105808136489213,-0.023929691893144107,-1.5458625860765898,-0.889191316443122,-1.4234063218623598,-1.1645704736689877,-1.2927338565453277,18.654823541162504,3.7091960234312915,84,2
Nigeria,NGA,2002,-0.46142803942846516,-0.09145487439041167,-1.249722839536892,-0.16305872309946667,-0.30583731071331455,0.5148295814508534,-1.0658490860845262,-0.33467925140769905,-1.2105808136489213,-1.2310617606611092,-1.2707653623175506,-0.889191316443122,-1.561767248142709,-1.1645704736689877,-2.1463018111486054,18.709402201056726,3.7170838776906114,84,3
Nigeria,NGA,2003,-0.4240828770488508,-0.09145487439041167,-1.249722839536892,-0.16305872309946667,-0.3159529140759751,0.5370444865793161,-1.0425705761842148,-0.08725820920074104,-1.2105808136489213,-1.2310617606611092,-0.9956681385585116,-1.1024607131628763,-1.700128174423057,-1.8194324857336197,-2.1463018111486054,18.73696955149589,3.715698433749605,84,4
Nigeria,NGA,2004,-0.36890661267436253,-0.09145487439041167,-1.066309831850149,-0.16305872309946667,-0.4108245681191156,0.5599962611449224,-1.0044486849243257,0.11221273585988577,-1.2105808136489213,-1.2310617606611092,-0.9956681385585116,-1.1024607131628763,-1.700128174423057,-1.8194324857336197,-2.1463018111486054,18.764674948081673,3.702610429045954,84,5
Nigeria,NGA,2005,-0.3358541139058609,-0.09145487439041167,-1.0726425582198942,-0.16305872309946667,-0.15228191954471776,0.5835780839103561,-0.9843133952676133,0.09646838030600474,-1.2105808136489213,-1.2310617606611092,-0.9956681385585116,-1.3157301098826306,-1.700128174423057,-1.8194324857336197,-1.861779159614179,18.79236328640918,3.737882626259019,84,6
Nigeria,NGA,2006,-0.3051310907582597,-0.09145487439041167,-1.0960155139851917,-0.16305872309946667,-0.2944422466205282,0.6077546197274912,-0.9664301076786949,-0.10820923040442108,-1.2105808136489213,-1.2310617606611092,-0.9956681385585116,-1.3157301098826306,-1.700128174423057,-1.2047355183721549,-1.5772565080797543,18.819975756107524,3.7186422624215476,84,7
Nigeria,NGA,2007,-0.2683729982520605,-0.09145487439041167,-1.1937194797807835,-0.16305872309946667,-0.2707454610961995,0.6327043486089301,-0.9435333130577783,-0.2257482894166383,-0.8976602380330339,-1.2310617606611092,-0.7205709147994724,-1.3157301098826306,-1.561767248142709,-0.7681604944026604,-1.5772565080797543,18.847693765915224,3.7218752703304285,84,8
Nigeria,NGA,2008,-0.22865288972495218,-0.09145487439041167,-1.0784851077423074,-0.16305872309946667,-0.22731931318557547,0.65847478900463,-0.9124309707565103,-0.19487631208420267,-0.5847396624171465,-1.2310617606611092,-0.9956681385585116,-1.3157301098826306,-1.4234063218623598,-0.3298398702538065,-1.5772565080797543,18.875539104177133,3.7277730083878904,84,9
Nigeria,NGA,2009,-0.1741250277246193,-0.09145487439041167,-0.9510052080244078,-0.16305872309946667,-0.1409248327459244,0.6849996711364489,-0.8702506088554087,-0.4853983389597853,-0.5847396624171465,-1.2310617606611092,-1.2707653623175506,-1.3157301098826306,-1.4234063218623598,-0.3298398702538065,-1.5772565080797543,18.90341218609621,3.7394038746834495,84,10
Nigeria,NGA,2010,-0.11727107421290986,-0.09145487439041167,-0.783086063110748,-0.16305872309946667,-0.36435185293094535,0.7123520888606806,-0.8152693540631585,-0.14448249728117565,-0.5847396624171465,-1.2310617606611092,-1.8209598098356288,-1.3157301098826306,-1.4234063218623598,-0.34031766244684064,-1.5772565080797543,18.931363679538883,3.709042970350217,84,11
Nigeria,NGA,2011,-0.08880304340172511,-0.09145487439041167,-0.7382588044157923,-0.16305872309946667,-0.27715214192200355,0.7405577545416001,-0.7713059940221809,0.10283578061749832,-1.2105808136489213,-1.2310617606611092,-1.8209598098356288,-1.3157301098826306,-1.4234063218623598,-0.27745090928863647,-1.5772565080797543,18.95939153137289,3.72100222230549,84,12
Nigeria,NGA,2012,-0.07204458787007041,-0.09145487439041167,-0.6865057812018933,-0.16305872309946667,-0.38535805949125684,0.7692654901608833,-0.6605521728168143,0.0021838505805793855,-1.2105808136489213,-1.2310617606611092,-1.8209598098356288,-1.3157301098826306,-1.4234063218623598,-0.2879287014816706,-1.5772565080797543,18.987133824240974,3.706140510525241,84,13
Nigeria,NGA,2013,-0.02502310005749575,-0.09145487439041167,-0.38501916756614857,-0.16305872309946667,-0.4660226336684452,0.7981387126526931,-0.5256903585309797,-0.10898738605731423,-1.2105808136489213,-1.2310617606611092,-1.5458625860765898,-1.3157301098826306,-1.561767248142709,-0.7245032015615549,-1.5772565080797543,19.01428072319634,3.694916012356266,84,14
Nigeria,NGA,2014,0.020248203959601696,-0.09145487439041167,-0.7470002225847256,-0.16305872309946667,-0.5107836671973618,0.8270039201277557,-0.4993138708909514,-0.20077786192957936,-1.2105808136489213,-1.2310617606611092,-1.5458625860765898,-1.3157301098826306,-1.561767248142709,-0.7262493256305246,-1.5772565080797543,19.040702862989782,3.6886327162264547,84,15
Nigeria,NGA,2015,0.02133443270011,-0.09145487439041167,-0.7093171363204394,-0.16305872309946667,-0.5455852790226264,0.855437358769742,-0.5126430866261076,-0.5752895280937321,-0.5847396624171465,-1.2310617606611092,-0.9956681385585116,-1.5289995066023851,-1.1466844693016627,-0.5760679867901082,-1.5772565080797543,19.066064597714888,3.6837200389704168,84,16
Nigeria,NGA,2016,-0.03195995017871502,-0.09145487439041167,-0.8726178639340938,-0.16305872309946667,-0.5044054690567682,0.8838520937210874,-0.5625451308774969,-0.7413451819636993,-0.5847396624171465,-1.2310617606611092,-0.9956681385585116,-1.5289995066023851,-1.0083235430213147,-0.5970235711761764,-1.5772565080797543,19.090782921492547,3.689530466581178,84,17
Nigeria,NGA,2017,-0.052526412482350834,-0.09145487439041167,-0.8726178639340938,-0.16305872309946667,-0.5419126914972534,0.9124994011160391,-0.5793083598647676,-0.39530855574500706,-1.2105808136489213,-1.2310617606611092,-0.9956681385585116,-1.1024607131628763,-0.45487983789991987,-0.6075013633692106,-1.5772565080797543,19.115100015061934,3.6842396105799655,84,18
Nigeria,NGA,2018,-0.057620923510474924,-0.09145487439041167,-0.8299040878596631,-0.16305872309946667,-0.6233086216960821,0.940392231046714,-0.5849495426656609,-0.10974050317539702,-1.2105808136489213,-1.2310617606611092,-0.9956681385585116,-1.1024607131628763,-0.45487983789991987,-0.6075013633692106,-1.506125845196148,19.138221741248135,3.672660503381331,84,19
Nicaragua,NIC,1996,-0.6617717970502194,0.20610434306467879,-0.6043259436696737,-0.7232358112223819,-0.16133962181746173,-0.25178959112664945,-0.07286922909034677,-0.5879183353981832,0.041101488814628474,-1.2310617606611092,-0.9956681385585116,0.1771550700015777,-0.039797059058874096,0.14515355046027645,1.505072216876528,15.369430475041886,3.736667712633042,85,0
Nicaragua,NIC,1997,-0.6473305449416914,0.20610434306467879,-0.6043259436696737,-0.446108439229663,0.16682822423126925,-0.2513156035203657,-0.10542530802990867,-0.6357997030935397,-0.271819086801259,-1.2310617606611092,-0.8581195266789919,0.2837897683614545,-0.10897752219904845,-0.1822774555720396,0.9834473557300805,15.386119072671224,3.7797693930453025,85,1
Nicaragua,NIC,1998,-0.6332720036330837,0.20610434306467879,-0.6043259436696737,-0.4749720457858122,0.17997287810599522,-0.2508744679552366,-0.07906078002927239,-0.6528296031908268,-0.5847396624171465,-1.2310617606611092,-0.7205709147994724,0.3904244667213316,-0.1781579853392228,-0.5097084616043556,0.9834473557300805,15.401404677661702,3.7814577134550507,85,2
Nicaragua,NIC,1999,-0.5962351355136576,0.20610434306467879,-0.4175590508536498,-0.31421582308828233,0.5775221526441084,-0.25045547789328926,0.0012501587947127682,-0.5669464895020171,-0.8976602380330339,-1.2310617606611092,-0.17037646728139427,0.497059165081209,-0.38569937475974586,-0.5097084616043556,0.9834473557300805,15.415709724308705,3.831217679405627,85,3
Nicaragua,NIC,2000,-0.5772508669437622,0.20610434306467879,-0.36303194381652926,-0.35027721789233063,0.2702510061085604,-0.25004689663466595,-0.08207163462984539,-0.575745238759968,-1.2105808136489213,-1.2310617606611092,0.3798179802366839,0.6036938634410864,-0.5932407641802689,-0.5097084616043556,0.9834473557300805,15.429465055255593,3.7929767978416686,85,4
Nicaragua,NIC,2001,-0.5653084299188842,0.20610434306467879,-0.256033990593013,-0.44684759849253075,-0.15756253745688692,-0.24965869829010318,-0.08060719242589717,-0.46346153448666094,-0.8976602380330339,-1.2310617606611092,0.5173665921162034,0.497059165081209,-0.38569937475974586,-0.1822774555720396,0.7937655880404623,15.442361185304119,3.7371745140648427,85,5
Nicaragua,NIC,2002,-0.5687149381866464,0.20610434306467879,-0.10020311690465368,-0.44361285152387225,0.03720490426276905,-0.24928900713131324,-0.11858587346775731,-0.466557715019916,-0.5847396624171465,-1.2310617606611092,0.6549152039957229,0.3904244667213316,-0.1781579853392228,0.14515355046027645,0.20101006401040789,15.454489796759061,3.7629659127076596,85,6
Nicaragua,NIC,2003,-0.5590025479911422,0.20610434306467879,-0.10020311690465368,-0.3247675095253412,0.015701221149755664,-0.2489254493062897,-0.13272451377111846,-0.5390334135922488,-0.5847396624171465,-1.2310617606611092,0.6549152039957229,0.3904244667213316,-0.039797059058874096,0.8000155625249085,0.1298794011268022,15.466275425404621,3.760150811326124,85,7
Nicaragua,NIC,2004,-0.5286139952176672,0.20610434306467879,0.0717864951567463,-0.17866923341092483,0.11041416286537334,-0.24855656203105167,-0.10935687935701396,-0.47201216131095847,-0.5847396624171465,-1.2310617606611092,0.6549152039957229,0.3904244667213316,-0.039797059058874096,0.8000155625249085,0.1298794011268022,15.4780935192299,3.77249093662072,85,8
Nicaragua,NIC,2005,-0.5058600447151791,0.20610434306467879,0.1852827731729755,-0.049154435437606,0.021352513740717987,-0.24814453895988758,0.0691306210867061,-0.5079716933974551,-1.2105808136489213,-1.2310617606611092,0.1047207564776448,0.1771550700015777,-0.039797059058874096,-0.5097084616043556,0.1298794011268022,15.4911305152107,3.7608914043022033,85,9
Nicaragua,NIC,2006,-0.48446754728963265,0.20610434306467879,0.20399222364133465,0.40669442972755,0.09704178748830297,-0.24768751627389557,0.011014026675178139,-0.5155289619976653,-1.2105808136489213,-1.2310617606611092,0.1047207564776448,0.1771550700015777,-0.039797059058874096,0.045614524626452276,0.1298794011268022,15.505395281026697,3.770757858206569,85,10
Nicaragua,NIC,2007,-0.4551176864580099,0.3577491489112474,0.31543430906357917,0.573041977296374,0.25714209990558184,-0.24722073980080708,0.1517844254784562,-0.5279807924398339,-1.2105808136489213,-1.2310617606611092,0.24226936835716434,-0.24938312628385903,-0.3165189116195712,0.045614524626452276,0.1298794011268022,15.519757433705603,3.7913123725373485,85,11
Nicaragua,NIC,2008,-0.4384315859463369,0.5207820656646925,0.26477994382987313,0.6827049201161169,0.655058160636637,-0.24674823491307463,0.05713536454778189,-0.4246226874526131,-1.2105808136489213,-1.2310617606611092,0.3798179802366839,-0.24938312628385903,-0.3165189116195712,0.11372017388117407,0.1298794011268022,15.53408875372584,3.840640574357291,85,12
Nicaragua,NIC,2009,-0.4788065002993261,-0.2834811235291872,0.26477994382987313,0.39749650742425646,0.27253158435622377,-0.24627181183736324,-0.0608494113788022,-0.4988574148785201,-1.2105808136489213,-1.2310617606611092,0.3798179802366839,-0.24938312628385903,-0.3165189116195712,0.11372017388117407,0.1298794011268022,15.548333916538239,3.793266077994539,85,13
Nicaragua,NIC,2010,-0.4545335674908299,-0.17937409519549963,0.2871303534630016,0.7866004471420451,0.3373181891911901,-0.24579038086485813,-0.05985726228899426,-0.4242483924466903,-1.2105808136489213,-1.2310617606611092,-0.4454736910404334,-0.24938312628385903,-0.3165189116195712,0.054346192750517365,0.058748738243195986,15.562525593009457,3.8014491791053433,85,14
Nicaragua,NIC,2011,-0.41350378839743707,0.2377519829844035,0.2871303534630016,1.1202057506772125,1.0451202652288765,-0.24530447196323424,-0.043569539644340585,-0.32496610865752135,-1.2105808136489213,-1.2310617606611092,-0.4454736910404334,-0.03611432671817715,-0.3165189116195712,0.024658940240384033,-0.15464325040762328,15.57664791984222,3.8867426755051877,85,15
Nicaragua,NIC,2012,-0.3688337253566519,0.6562099212948069,0.2871303534630016,1.2176919245365048,0.6519552971165693,-0.24481478183156988,-0.0294871196916707,-0.2087908637139912,-1.2105808136489213,-1.2310617606611092,-0.4454736910404334,-0.03611432671817715,-0.3165189116195712,0.024658940240384033,-0.5340067857868585,15.590681190135607,3.8402651862160573,85,16
Nicaragua,NIC,2013,-0.33626909763592927,0.6901255451260776,0.2871303534630016,1.0956657829126442,0.904485979935741,-0.2443231742887669,-0.019253895591798277,-0.13862087292086142,-1.2105808136489213,-1.2310617606611092,0.1047207564776448,0.1771550700015777,-0.1781579853392228,0.007196127881863817,-0.7236885534764754,15.604574063011174,3.8703648122896275,85,17
Nicaragua,NIC,2014,-0.30374831949846093,0.5675339856776846,0.2871303534630016,0.9709352966678264,0.9535713344998366,-0.243831036778289,-0.012821156581632054,-0.1627788277506939,-1.2105808136489213,-1.2310617606611092,0.1047207564776448,0.1771550700015777,-0.1781579853392228,-0.017252228531752452,-0.7236885534764754,15.618291236595546,3.8761116735238277,85,18
Nicaragua,NIC,2015,-0.2699230175474938,0.8015744682484404,0.2871303534630016,0.7234526573857151,0.6901655563914891,-0.2433372438631634,-0.0014695753437584808,-0.10962426634672492,-1.2105808136489213,-1.2310617606611092,0.1047207564776448,0.1771550700015777,-0.3165189116195712,-0.46430452080467166,-0.7236885534764754,15.631868001158265,3.844878120905958,85,19
Nicaragua,NIC,2016,-0.23715509156954673,0.6051825440742423,0.2871303534630016,0.5959741157548339,0.666066803578707,-0.24284152162751327,0.00024265240262926803,-0.10459682213713453,-1.2105808136489213,-1.2310617606611092,-0.17037646728139427,0.1771550700015777,-0.1781579853392228,-0.5428879622524276,-0.7236885534764754,15.645314889046944,3.8419712774271075,85,20
Nicaragua,NIC,2017,-0.20249115225194786,0.4981667689808255,0.2871303534630016,0.6706742906601075,0.6777782069576727,-0.24234391770888236,-0.000916830727384701,-0.18626408169178005,-1.2105808136489213,-0.023929691893144107,-0.17037646728139427,0.1771550700015777,-0.1781579853392228,-0.5690824427350129,-0.7236885534764754,15.658633385791992,3.843384987546602,85,21
Nepal,NPL,1996,-0.9907534941971881,-0.01487285999472594,-0.7326527255806335,-0.4329475034817984,-0.5807021625576619,-0.14453432814883563,1.1175137493568958,-0.46398690859397157,1.2927837912781783,0.5796363424908384,0.930012427754762,0.6036938634410864,0.9979098880437403,0.8000155625249085,0.1298794011268022,16.939717969052275,3.678738272319243,86,0
Nepal,NPL,1997,-0.9816856604075045,-0.1189027970971566,-0.7326527255806335,-0.2706245352882989,-0.5727105918408436,-0.14169036082828226,1.1070292007194487,-0.4717245206132989,1.2927837912781783,0.5796363424908384,0.930012427754762,0.6036938634410864,0.9979098880437403,0.8000155625249085,0.1298794011268022,16.960501450418924,3.679874159265391,86,1
Nepal,NPL,1998,-0.9784182826715464,-0.11186703393439057,-0.7326527255806335,-0.4838223004266963,-0.611980726719148,-0.13894587856329726,1.0956525083435256,-0.498831501892645,1.2927837912781783,0.5796363424908384,0.930012427754762,0.6036938634410864,0.9979098880437403,0.8000155625249085,0.1298794011268022,16.980156486109042,3.674280024714679,86,2
Nepal,NPL,1999,-0.9703013413385582,-0.43295251096886267,-1.0951935887567892,-0.6043799496129996,-0.6406016922660551,-0.13629698102998056,1.105930051047951,-0.5518688767615335,1.2927837912781783,0.5796363424908384,0.5173665921162034,0.4792866655917239,0.9979098880437403,0.8000155625249085,0.1298794011268022,16.9987674953104,3.6701830861821843,86,3
Nepal,NPL,2000,-0.9556617769475461,-0.4039321054221097,-1.0492480925845078,-0.5128953439600314,-0.6575186991514396,-0.13378820933180086,1.1200688183040313,-0.5272697071434586,1.2927837912781783,0.5796363424908384,0.1047207564776448,0.354879467742361,0.9979098880437403,0.8000155625249085,0.1298794011268022,17.016080243239806,3.6677535907469436,86,4
Nepal,NPL,2001,-0.9447753933565255,-0.41929620100496184,-0.9419128756286199,-0.5102956208345722,-0.5943150291831343,-0.13140490896934148,1.128599709322948,-0.8676818621802577,1.2927837912781783,0.5796363424908384,-0.17037646728139427,0.354879467742361,0.8249587301933046,0.6363000595087505,0.1298794011268022,17.03225407107074,3.676800423200099,86,5
Nepal,NPL,2002,-0.9497817308752927,-0.3744720913688586,-0.809406008962712,-0.7887765236265509,-0.6734211185990461,-0.1291288288086277,1.125391839512509,-0.8437953559232425,1.2927837912781783,0.5796363424908384,-0.4454736910404334,0.354879467742361,0.6520075723428688,0.47258455649259246,0.1298794011268022,17.04745983167162,3.6654644082028027,86,6
Nepal,NPL,2003,-0.9409456109817571,-0.3308916077214234,-0.7725637380050489,-0.8464805636655863,-0.6144967130305227,-0.12698646723340756,1.1430078111086375,-0.841750598257426,1.2927837912781783,0.5796363424908384,-0.9956681385585116,0.10606566919770762,0.30610525664199734,-0.1822774555720396,0.1298794011268022,17.06156406118512,3.6739205468416825,86,7
Nepal,NPL,2004,-0.92870993468072,-0.28032929924082367,-0.7725637380050489,-0.7912045375782175,-0.6569705630236294,-0.1250339353156042,1.1704404228562788,-0.8679816187784234,-1.2105808136489213,-0.023929691893144107,-1.8209598098356288,-0.4626525230036132,-0.731601690460617,-1.1645704736689877,0.1298794011268022,17.074247544700842,3.667832402600189,86,8
Nepal,NPL,2005,-0.9199574087414909,-0.328762738312586,-0.6632856006677801,-0.8518625358429591,-0.6505965242441254,-0.12329038930252496,1.1883180027332758,-0.8838742161128871,-1.2105808136489213,-1.2310617606611092,-1.8209598098356288,-0.4626525230036132,-0.5932407641802689,-0.5097084616043556,0.1298794011268022,17.08543909028131,3.6687484158914105,86,9
Nepal,NPL,2006,-0.9108429526529084,-0.23428530532270886,-0.7565421939957527,-0.8315192140438352,-0.669005508720442,-0.121766184405257,1.2163202482638757,-0.9172183646921608,0.6240580016723182,-0.5436671640407766,-1.5560513069335085,0.15835665981647584,0.02261810822989626,-0.027730020724786867,0.1298794011268022,17.095121153876377,3.6661005690754163,86,10
Nepal,NPL,2007,-0.9007965047796956,-0.19222167647690072,-0.7717641499494386,-0.8368364813394313,-0.6460770858678221,-0.12043788890693545,1.2380735321534453,-0.9334948938238868,0.17547509138622133,-0.014572004096054865,-1.0468489866888757,0.16599306608861936,-0.18261763471509082,-0.027730020724786867,0.1298794011268022,17.10348298760561,3.6693973964940647,86,11
Nepal,NPL,2008,-0.8793371706156473,-0.09403098299460086,-0.5577154340136508,-0.7944371749165384,-0.6545430918607316,-0.11923775031086692,1.2609679723290894,-0.9187204938145422,0.25540852456738566,-0.26452656448908024,-0.5066064563375045,0.09263149404096548,-0.2004484840066925,0.3023204333557877,0.1298794011268022,17.11097839292206,3.6681813534837477,86,12
Nepal,NPL,2009,-0.8630476668523215,-0.15747383555214298,-0.5127617358900003,-0.7640769847265393,-0.6030833172790071,-0.11814805340544457,1.3113175752703479,-1.000859214042179,-0.5847396624171465,-0.023929691893144107,-1.2707653623175506,-0.889191316443122,-1.0083235430213147,-0.23903198865443775,0.1298794011268022,17.11773571605067,3.6755502289541693,86,13
Nepal,NPL,2010,-0.8446336523347705,-0.05399469419352799,-0.28408093082272373,-0.7959301134195405,-0.5585853902104563,-0.11714220453183269,1.3689750338928741,-1.0732114669225228,-0.5847396624171465,-0.023929691893144107,-1.2707653623175506,-0.889191316443122,-1.0083235430213147,-0.20585248800636635,0.1298794011268022,17.12393282050544,3.681878703444334,86,14
Nepal,NPL,2011,-0.8310125329790329,0.16119642495210512,-0.16103399471716168,-1.0778725081124731,-0.578559568119744,-0.11641250454503356,1.401609907187231,-1.1406555668205283,-0.5847396624171465,-0.023929691893144107,-1.2707653623175506,-0.889191316443122,-1.0083235430213147,-0.20585248800636635,0.1298794011268022,17.128404637551764,3.679042937942721,86,15
Nepal,NPL,2012,-0.8101564520342208,0.1621685187982718,-0.011103995391276067,-1.030577820084031,-0.5807124477832132,-0.11599316911089359,1.4166095737659905,-1.091891866781827,-1.2105808136489213,-1.2310617606611092,-1.2707653623175506,-0.889191316443122,-1.0083235430213147,-0.2198230522269485,0.1298794011268022,17.130965430011273,3.6787368095905606,86,16
Nepal,NPL,2013,-0.7937434595520916,0.25187769495988144,0.07391183578257805,-0.915815802335487,-0.5965133916610215,-0.11566517866702224,1.4403528171044147,-1.1068314987861245,-0.5847396624171465,-1.2310617606611092,-0.4454736910404334,-1.3157301098826306,-0.731601690460617,0.3232760177418562,0.1298794011268022,17.132963837458416,3.6764871245166053,86,17
Nepal,NPL,2014,-0.7646369200481872,0.31515628883527236,0.1475870016006828,-0.7959960046013157,-0.6322009980220061,-0.11517466678772706,1.4866304314707603,-1.1263616950906865,-0.5847396624171465,-1.2310617606611092,-0.17037646728139427,-1.3157301098826306,-1.0083235430213147,-0.5498735063075229,0.1298794011268022,17.13594503656333,3.6713873420220273,86,18
Nepal,NPL,2015,-0.746214693348711,0.5942573205151547,0.18667071132917057,-0.7761168999450763,-0.6181218524825921,-0.1142739658827047,1.5273998594000708,-1.16002232136322,-0.5847396624171465,-1.2310617606611092,-0.4454736910404334,-1.3157301098826306,-1.0083235430213147,-0.5498735063075229,0.1298794011268022,17.141396217615444,3.6734023685854544,86,19
Nepal,NPL,2016,-0.746440962152467,0.733874872744623,0.3009399658309597,-0.9085371429272757,-0.5791992097467624,-0.1134889408434554,1.5514019636690166,-1.202315201502508,-0.5847396624171465,-1.2310617606611092,-0.4454736910404334,-1.1024607131628763,-0.8699626167409662,-0.0975817940484774,0.1298794011268022,17.146123194638047,3.6789519939970314,86,20
Nepal,NPL,2017,-0.6975318538153205,0.9606523373822783,0.39624937291508855,-0.8349991224342896,-0.5356517519010738,-0.11315669279410544,1.5901415386697917,-1.1850076185095084,-0.5847396624171465,-1.2310617606611092,-0.4454736910404334,-1.3157301098826306,-0.5932407641802689,-0.041700584945368435,0.1298794011268022,17.148117094458925,3.6851247419538224,86,21
Pakistan,PAK,1996,-0.7788924064697246,-0.6397475969984949,-1.5763070592913726,-1.0186978657121384,-0.39738518582859594,0.5451098085727559,0.6236910827710533,-0.42210374562537273,-1.2105808136489213,-0.023929691893144107,-1.5458625860765898,-0.4626525230036132,-0.5932407641802689,-1.1645704736689877,0.4618224945836323,18.746793022477483,3.7044749036545292,87,0
Pakistan,PAK,1997,-0.7883712235999987,-0.7651367449090254,-1.5763070592913726,-1.0617062551484697,-0.45222656450974413,0.5687779982051294,0.6908702453618945,-0.4586211076555309,-0.8976602380330339,-0.023929691893144107,-1.2707653623175506,-0.35601782464373616,-0.3165189116195715,-1.1645704736689877,1.1731291234196974,18.775075725751588,3.696844692567131,87,1
Pakistan,PAK,1998,-0.7896246439418472,-0.922566554376639,-1.5763070592913726,-1.1443710742192217,-0.5114706225533578,0.5925405101742601,0.41137627979131536,-0.41720515592034724,-0.5847396624171465,-0.023929691893144107,-0.9956681385585116,-0.24938312628385903,-0.039797059058874096,-1.1645704736689877,0.6989247041956543,18.80268858228659,3.6885359771230823,87,2
Pakistan,PAK,1999,-0.7851089245520337,-1.0575624285708605,-1.5763070592913726,-1.1936043837327004,-0.5059327898040072,0.6166154589292059,0.4113290209407805,-0.4130151317887247,-0.8976602380330339,-0.023929691893144107,-0.8581195266789919,-0.14274872650101808,-0.3165189116195715,-1.1645704736689877,0.4144020526612283,18.829907953142147,3.689315565022666,87,3
Pakistan,PAK,2000,-0.7780615494962114,-0.9764061255093942,-1.5763070592913726,-1.5096497677204574,-0.6009737284762412,0.6423025157591475,0.5631718925775574,-0.8240113784881004,-1.2105808136489213,-0.023929691893144107,-0.7205709147994724,-0.03611432671817715,-0.5932407641802689,-1.1645704736689877,0.1298794011268022,18.858155551311402,3.675851159763506,87,4
Pakistan,PAK,2001,-0.7738836424398938,-1.0144529753439195,-1.5763070592913726,-1.448034195481319,-0.5868540468752543,0.668454217282092,0.5630325732713439,-0.7897702159978274,-0.8976602380330339,-0.023929691893144107,-1.133216750438031,-0.24938342486089518,-0.4548798378999202,-0.8371394676366716,0.08245895920439825,18.886117134222577,3.677862990613942,87,5
Pakistan,PAK,2002,-0.7732944803889368,-1.1398936015459686,-1.5763070592913726,-1.461077368684899,-0.5061596852363809,0.6919850321474839,0.5614733902455719,-0.826078842983677,-0.5847396624171465,-0.023929691893144107,-1.5458625860765898,-0.4626525230036132,-0.3165189116195712,-0.5097084616043556,-0.15464325040762328,18.91062516496874,3.689283635776406,87,6
Pakistan,PAK,2003,-0.7576206289005412,-1.0971557877680684,-1.5763070592913726,-1.4168094004067384,-0.5715641887458239,0.7151350860798414,0.5617463558563637,-0.8068892236759567,-0.5847396624171465,-0.023929691893144107,-1.5458625860765898,-0.4626525230036132,-0.3165189116195712,-0.5097084616043556,-0.15464325040762328,18.934164326214958,3.6800369982252814,87,7
Pakistan,PAK,2004,-0.7291564134878337,-1.0564247896634327,-1.5067304199707765,-1.4122061865031854,-0.5057923780027841,0.7400004071883299,0.4936259900105318,-0.6800230024291277,-0.5847396624171465,-0.023929691893144107,-1.5458625860765898,-0.4626525230036132,-0.3165189116195712,-0.5097084616043556,-0.15464325040762328,18.958845237829987,3.6893353235831152,87,8
Pakistan,PAK,2005,-0.7019386494698256,-0.9817698431391247,-1.476354140058797,-1.264655489315588,-0.3867842963135994,0.7648148752187942,0.4936533616558757,-0.5943168967445441,-0.5847396624171465,-0.023929691893144107,-1.5458625860765898,-0.4626525230036132,-0.3165189116195712,-0.5097084616043556,-0.15464325040762328,18.98288297273548,3.7059431394524824,87,9
Pakistan,PAK,2006,-0.680506674655994,-0.7373426695114098,-1.3085490939752797,-1.1723671632498425,-0.18718424785084029,0.7900001181621701,0.5513920782282276,-0.5720867342235952,-0.5847396624171465,-0.023929691893144107,-1.5458625860765898,-0.4626525230036132,-0.3165189116195712,-0.2617342209990853,-0.15464325040762328,19.00670302546737,3.7331930250983656,87,10
Pakistan,PAK,2007,-0.6697604103777587,-0.8278344289487963,-1.2428689124687118,-1.2381906908753244,-0.11686793052270184,0.8186454128708957,0.591099810500597,-0.5933205541803378,-0.5847396624171465,-0.023929691893144107,-1.6834111979561093,-0.4626525230036132,-0.38569937475974553,-0.48002120909422286,0.10616918016559995,19.033123337845193,3.742618603550034,87,11
Pakistan,PAK,2008,-0.6734256527964747,-0.7719970244152978,-1.2387707996225512,-1.134556914392928,-0.17837333829890462,0.8484539032604598,0.46848664590902755,-0.4888414262364129,-0.5847396624171465,-0.023929691893144107,-1.5458625860765898,-0.4626525230036132,-0.5932407641802689,-0.6319491958932171,0.1298794011268022,19.059894907014083,3.7343789670570517,87,12
Pakistan,PAK,2009,-0.6678942907924859,-0.8227657211278476,-1.2430301675525244,-1.1643010812841967,-0.4343292336714773,0.8774974478354933,0.5883062211916436,-0.5605470912805416,-1.2105808136489213,-0.023929691893144107,-1.2707653623175506,-0.4626525230036132,-0.45487983789991987,-0.6319491958932171,0.1298794011268022,19.0853077379727,3.699341195991063,87,13
Pakistan,PAK,2010,-0.6741066668227608,-1.0187401918550787,-1.2344521191755127,-1.2032359336297254,-0.473414994185389,0.9064522198476244,0.6519141362873494,-0.5081006353036007,-1.2105808136489213,-0.023929691893144107,-1.2707653623175506,-0.24938312628385903,-0.45487983789991987,-0.5882919030521115,0.3669816107388232,19.110015908000946,3.6938810332111824,87,14
Pakistan,PAK,2011,-0.6715288795818302,-1.1800034936305481,-1.2188786544686203,-1.192362451385597,-0.553833257872095,0.9332901282798631,0.6882728389309185,-0.489598958315408,-1.2105808136489213,-0.023929691893144107,-1.2707653623175506,-0.24938312628385903,-0.5932407641802689,-0.5882919030521115,0.4144020526612283,19.132385001923385,3.682552188619904,87,15
Pakistan,PAK,2012,-0.6646756942429024,-1.1148446612516176,-1.1862439036785055,-1.2227349687133786,-0.5949612128867593,0.9566388367246295,0.6831024163413609,-0.425112348990277,-1.2105808136489213,-0.023929691893144107,-1.2707653623175506,-0.24938312628385903,-0.5932407641802689,-0.584799131024564,0.4144020526612283,19.15144699995918,3.676708342792515,87,16
Pakistan,PAK,2013,-0.6475067946619126,-1.1374720885394445,-1.153178122451096,-1.2352108741691217,-0.5644350281798486,0.976925600357723,0.6986935672668115,-0.5142820534096105,-0.5847396624171465,-0.023929691893144107,-1.2707653623175506,-0.4626525230036132,-0.45487983789991987,-0.5725752147625603,0.4144020526612283,19.167719241364942,3.681049053477223,87,17
Pakistan,PAK,2014,-0.6306418816116953,-1.14654532699426,-1.1129655048939135,-1.2765484693404785,-0.5324787069346347,0.9959250546442564,0.6921297742280467,-0.5163738428458007,-0.5847396624171465,-0.023929691893144107,-0.9956681385585116,-0.4626525230036132,-0.45487983789991987,-0.5725752147625603,0.248430505932813,19.18272248183325,3.6855730276795446,87,18
Pakistan,PAK,2015,-0.6119927449241027,-1.0370042170219336,-1.040067307647157,-1.3574991568149846,-0.5569090878093486,1.0139453609004871,0.8467153269196631,-0.6219209448903195,-0.5847396624171465,-0.023929691893144107,-0.9956681385585116,-0.4626525230036132,-0.45487983789991987,-0.6144863835346972,0.1298794011268022,19.19674749312717,3.6821163253831064,87,19
Pakistan,PAK,2016,-0.5760034791799032,-1.0212147423827966,-0.9970478397656299,-1.4153130003538454,-0.5100961599528452,1.0309042431335507,0.7892071391380896,-0.7432678352538811,-0.5847396624171465,-0.023929691893144107,-0.9956681385585116,-0.6759219197233678,-0.45487983789991987,-0.6267102997967,0.1298794011268022,19.209769132449225,3.688729523679587,87,20
Pakistan,PAK,2017,-0.554387102628182,-0.973712613471221,-1.0166350279913892,-1.3928913255695512,-0.5252815694894643,1.049572789176654,0.8809166412287752,-0.7475110915881845,-0.5847396624171465,-0.023929691893144107,-0.9956681385585116,-0.6759219197233678,-0.3165189116195712,-0.638934739948313,0.1298794011268022,19.223910131420755,3.6865890903266165,87,21
Peru,PER,1996,-0.195631742407727,-0.050508338916127826,0.22117061258710408,-1.2129791526674054,0.4596691737912646,-0.13221222837909705,-0.1844946619800536,0.15228248661146307,-0.5847396624171465,1.183202376874821,-0.7205709147994724,1.6700402498857858,-0.1781579853392228,0.14515355046027645,-0.15464325040762328,17.026804593568784,3.8167228553494916,88,0
Peru,PER,1997,-0.14542896433111896,0.10265013065911258,0.228795585767884,-1.1601494620201078,-0.002630136790408196,-0.1294553484433337,-0.17483558010739686,0.19253979589840806,-0.5847396624171465,1.183202376874821,-0.4454736910404334,1.5634055515259087,-0.3165189116195715,0.14515355046027645,0.20101006401040902,17.04529261310383,3.7577447337298953,88,1
Peru,PER,1998,-0.1707839512788148,0.06058661547502916,0.5062908348731318,-1.1751812357561187,-0.1299604225350602,-0.12669268054599664,-0.20125718310677335,0.11929192164392063,-0.5847396624171465,1.183202376874821,-0.17037646728139427,1.4567708531660315,-0.45487983789991987,0.14515355046027645,0.6989247041956543,17.063482786922332,3.740870332931481,88,2
Peru,PER,1999,-0.17354010927364144,-0.17162809825457895,0.5458979514405783,-1.167825620063632,0.03049100224585483,-0.12402254262283065,-0.2219903921418505,0.12986795962124056,-0.8976602380330339,0.5796363424908384,-0.8581195266789919,1.3501364533831905,-0.38569937475974553,-0.1822774555720396,0.6989247041956543,17.080754759698063,3.76208782944594,88,3
Peru,PER,2000,-0.16104775186052267,-0.36170452009251125,0.6287200516324026,-1.0999528123342281,-0.3780758748083777,-0.12157023927815272,-0.23390427121021362,0.1660226756001893,-1.2105808136489213,-0.023929691893144107,-1.5458625860765898,1.243502053600349,-0.3165189116195712,-0.5097084616043556,0.7463451461180589,17.09635906501886,3.707147655454924,88,4
Peru,PER,2001,-0.16961222673413334,-0.5682560898040397,0.7359224865055939,-1.1137363133668217,-0.26541288079981634,-0.1193892138814323,-0.25548152786882455,0.16610811929845992,-0.271819086801259,-0.023929691893144107,-0.9956681385585116,1.136867355240472,-0.10897752219904876,-0.1822774555720396,1.0782882395748896,17.110035526770627,3.7226013682685792,88,5
Peru,PER,2002,-0.12190307031550718,-0.718096960906503,0.7842728137311503,-1.1083588879075523,0.04293679126973924,-0.11746217995895686,-0.24768275764747116,0.20026709286229497,0.6669426400464034,-0.023929691893144107,-0.4454736910404334,1.0302326568805948,0.09856386722147399,0.14515355046027645,0.1298794011268022,17.12196559190828,3.763714952687621,88,6
Peru,PER,2003,-0.08569400481203872,-0.6950417045950773,0.5433355192237299,-1.0392296574355473,-0.2522964630034747,-0.1157217839784625,-0.2500223449404349,0.2374705301872029,0.6669426400464034,-1.2310617606611092,-0.9956681385585116,1.0302326568805948,0.09856386722147399,0.14515355046027645,0.3669816107388232,17.132619232926583,3.7243850936511302,88,7
Peru,PER,2004,-0.037732294690576915,-0.7111093506444888,0.66354921936331,-0.9137582323038502,-0.23066618690004279,-0.11410389389658591,-0.2448420520946018,0.4681135360699435,-0.5847396624171465,-1.2310617606611092,-0.7205709147994724,1.0302326568805948,-0.039797059058874096,0.14515355046027645,0.4144020526612283,17.14242219269735,3.727319701956548,88,8
Peru,PER,2005,0.02996861217450645,-0.6779425450300051,0.7012659492705672,-0.7559904792920975,-0.05389285909771105,-0.11262123489221913,-0.23521772707773558,0.6106866241823832,-0.5847396624171465,-1.2310617606611092,-0.7205709147994724,0.8169632601608406,-0.45487983789991987,0.14515355046027645,0.4144020526612283,17.151322161890555,3.75098536424305,88,9
Peru,PER,2006,0.11914307694901767,-0.5901453882495482,0.8088437038001429,-0.6271353714204917,0.038503671019340074,-0.11129148644881118,-0.2130130660143459,0.8697628301952999,0.041101488814628474,-1.2310617606611092,-0.17037646728139427,0.8169632601608406,-0.5932407641802689,0.5572802180161547,0.4144020526612283,17.159237430030842,3.7631356840327,88,10
Peru,PER,2007,0.22926792780279207,-0.32346561035145194,0.920053868699966,-0.5135494276069862,0.298415387887781,-0.11006358111939046,-0.18677351964916675,0.8899156466402599,0.041101488814628474,-1.2310617606611092,-0.032827855401874745,0.9235976599436816,-0.5932407641802689,0.5572802180161547,0.4144020526612283,17.16649125846528,3.79654346005079,88,11
Peru,PER,2008,0.35829282656883216,0.09380029113675195,0.9692968555344237,-0.43364598446536773,0.36395499957335997,-0.10894206233469851,-0.1688727458313046,0.7752899447818049,0.041101488814628474,-1.2310617606611092,-0.17037646728139427,1.0302326568805948,-0.5932407641802689,0.5922058427331953,0.4144020526612283,17.173070945041996,3.8047943060357174,88,12
Peru,PER,2009,0.3661738794607994,-0.06237309085787321,1.098072862809271,-0.7340299169740216,0.28919699915424074,-0.10788349656416041,-0.15571794238422,0.5434352408927091,0.041101488814628474,-0.023929691893144107,-0.17037646728139427,1.243502053600349,-0.3165189116195712,0.5922058427331953,0.6277940413120481,17.179241835579223,3.795377467751098,88,13
Peru,PER,2010,0.4936277442092886,0.10432522756540369,1.1812928955978357,-0.6304019626126989,0.361738860730257,-0.1067568210153503,-0.09935981608522824,0.7289292394948784,0.041101488814628474,1.183202376874821,-0.17037646728139427,1.4567708531660315,-0.1781579853392228,0.6079225310227465,0.6989247041956543,17.18576820433559,3.8045164233383577,88,14
Peru,PER,2011,0.5931852040398622,0.08433641870433335,1.2316353677151792,-0.504814031266478,0.13829839654219053,-0.10545829898191422,-0.1285531750560313,0.8512449838224645,0.041101488814628474,1.183202376874821,-0.17037646728139427,1.243502053600349,-0.3165189116195712,0.6411025555604276,0.5803735993896431,17.19323755231435,3.776095139347052,88,15
Peru,PER,2012,0.692924221837206,0.2899882417317299,1.192416256112123,-0.6028400573289009,0.6513472761866255,-0.10399177719551538,-0.047465189612387604,0.70900798241812,0.041101488814628474,1.183202376874821,-0.17037646728139427,1.243502053600349,-0.3165189116195712,0.6201469711743594,0.22472028497161128,17.201606721367007,3.8401916106015017,88,16
Peru,PER,2013,0.7908645413964042,0.32106301607198945,1.378411827047979,-0.6852782286416053,0.18885947100282374,-0.10239858122541479,-0.04215197872218231,0.5691461533901837,0.041101488814628474,1.183202376874821,0.1047207564776448,1.243502053600349,-0.1781579853392228,0.6323708874363623,0.1298794011268022,17.210620113023694,3.782597508885621,88,17
Peru,PER,2014,0.8195616662011183,0.2288732247795494,1.3165855662084915,-0.7706634955083944,-0.27894358045620804,-0.10062463650468749,-0.1038316712578523,0.3888561935720682,0.041101488814628474,1.183202376874821,0.1047207564776448,1.243502053600349,-0.039797059058874096,0.6323708874363623,0.1298794011268022,17.220561405480876,3.7207579638592145,88,18
Peru,PER,2015,0.8640366987257665,0.052813790714423506,1.3302553644208213,-0.8198557724053035,0.030487053667141523,-0.09858947726713396,-0.09019153341684431,0.2749424026387567,0.041101488814628474,1.183202376874821,0.1047207564776448,1.243502053600349,-0.039797059058874096,0.6393559076018484,0.1298794011268022,17.2318461433014,3.7620873128008583,88,19
Peru,PER,2016,0.9199096662615548,-0.14624523857960137,1.3988792957451686,-0.8132766582728898,-0.026202112679598263,-0.09615463903695787,-0.14773190923030474,0.2932109539137608,0.041101488814628474,1.183202376874821,0.3798179802366839,1.243502053600349,0.236924793501823,0.6515803477534617,0.3669816107388232,17.245181849377758,3.7546422674096225,88,20
Peru,PER,2017,0.9425885558408018,-0.24802245000413514,1.3589189209265737,-0.7514438230225581,-0.03205345130584178,-0.09342653813235283,-0.22480579566843606,0.35514467162657515,0.041101488814628474,1.183202376874821,0.3798179802366839,1.243502053600349,0.236924793501823,0.6236392193122977,0.4618224945836323,17.259915502414668,3.7538706398480026,88,21
Philippines,PHL,1996,-0.6140081569691568,-0.3981896566463071,0.3711123320345158,-0.2758695896177813,-0.3713297424918536,0.14991559296586762,-0.04788151862228966,0.719908419376084,0.6669426400464034,1.183202376874821,0.930012427754762,1.4567708531660315,0.9287294249035656,0.14515355046027645,1.125708681497293,18.09481545622687,3.708079758736861,89,0
Philippines,PHL,1997,-0.5950779367002004,-0.3981896566463071,0.34072964052664106,0.11331858195995574,-0.42535818976276585,0.16014913776612708,-0.036703478680087394,0.719627627322774,0.6669426400464034,1.183202376874821,0.6549152039957229,1.4567708531660315,0.9287294249035656,0.14515355046027645,1.6236233216825378,18.118342607498672,3.7005902281890943,89,1
Philippines,PHL,1998,-0.6162598997557556,-0.3981896566463071,0.2551608953843453,0.19621664257023824,-0.11076061962027439,0.17135714425331613,-0.08864102825169756,0.654672165111673,0.6669426400464034,1.183202376874821,0.3798179802366839,1.4567708531660315,0.9287294249035656,0.14515355046027645,2.358640171479806,18.143490439908398,3.743433082603179,89,2
Philippines,PHL,1999,-0.6111765546996943,-0.3981896566463071,0.23488177593424506,0.1113643327390487,-0.27669712940232194,0.18304163931783934,-0.10300381896574806,0.5433538446696052,0.3540220644305159,1.183202376874821,-0.4454736910404334,1.2435017550233134,0.5136466460625198,0.14515355046027645,2.6905832649366346,18.169051011682665,3.72106425269613,89,3
Philippines,PHL,2000,-0.597802499687837,-0.3981896566463071,0.23488177593424506,0.3439421756862701,-0.34035173592122187,0.19418965822797715,-0.11256064538836225,0.6623681813021173,0.041101488814628474,1.183202376874821,-1.2707653623175506,1.0302326568805948,0.09856386722147399,0.14515355046027645,1.2679700072645066,18.19284367027425,3.7123488251971195,89,4
Philippines,PHL,2001,-0.592141182859254,-0.5264099625813475,0.25771477880666815,0.3365800101767759,-0.4849445040861252,0.20476573483235802,-0.16892510835120683,0.6558793861495241,0.041101488814628474,1.183202376874821,-0.5830223029199529,0.9235979585207177,0.2369247935018227,0.47258455649259246,0.3669816107388232,18.214904123188756,3.6922646847011538,89,5
Philippines,PHL,2002,-0.580494220092194,-0.5225169047310068,0.4144125278365755,0.3058606131920013,-0.2833395090676517,0.21469459585705847,-0.2042144417525513,0.6463403714360348,0.041101488814628474,1.183202376874821,0.1047207564776448,0.8169632601608406,0.37528571978217107,0.8000155625249085,0.1298794011268022,18.23518082150135,3.7201583363462283,89,6
Philippines,PHL,2003,-0.5585892433834367,-0.48802962297266783,0.4833828232229484,0.41440563321345564,-0.5555721062100116,0.22459692872454595,-0.20286733855224995,0.6260500196900275,0.041101488814628474,1.183202376874821,-0.9956681385585116,1.0302326568805948,0.236924793501823,0.14515355046027645,0.3669816107388232,18.255001956770283,3.6823058069005694,89,7
Philippines,PHL,2004,-0.5248754520958725,-0.49817611185279953,0.5455129799194086,0.4013284672260124,-0.5452934896630064,0.2344976121420788,-0.17051701646712358,0.54903380762856,0.041101488814628474,1.183202376874821,-0.9956681385585116,1.0302326568805948,0.09856386722147399,0.14515355046027645,0.41440205266122715,18.27443463221471,3.6837613291308964,89,8
Philippines,PHL,2005,-0.5014072740746354,-0.5422025675828428,0.5370375395672118,0.305885945629693,-0.3808692298347387,0.2441528967073326,-0.17075349233609258,0.5653231586725658,0.041101488814628474,1.183202376874821,-0.9956681385585116,1.0302326568805948,0.09856386722147399,0.14515355046027645,0.5566633784284414,18.293028753719174,3.706761447158049,89,9
Philippines,PHL,2006,-0.47281046822036377,-0.47703943804455096,0.48827521559908804,0.21872213632866405,-0.2793184142403866,0.25304339623476624,-0.1597600744518383,0.5359917335842979,0.041101488814628474,1.183202376874821,-0.9956681385585116,1.0302326568805948,0.09856386722147399,0.6218930952433281,0.6989247041956543,18.309849591611815,3.7207068486024713,89,10
Philippines,PHL,2007,-0.4338132153354907,-0.45823563721333943,0.49238415232218496,0.009027496697631044,-0.32366133666829877,0.2623696244661058,-0.1239026255814567,0.49741758740602565,0.041101488814628474,1.183202376874821,-0.9956681385585116,1.0302326568805948,0.09856386722147399,0.6218930952433281,0.6989247041956543,18.327195932149728,3.714641389725804,89,11
Philippines,PHL,2008,-0.4118954455311825,-0.4327800084927061,0.5262850864282672,-0.16453292378787635,-0.5249328836720821,0.2720395158932324,-0.14370368063026318,0.47773699673236053,0.041101488814628474,1.183202376874821,-0.9956681385585116,1.0302326568805948,0.09856386722147399,0.5590263420851234,0.6989247041956543,18.344869278600722,3.686638290164554,89,12
Philippines,PHL,2009,-0.4151361119387879,-0.4895890041284507,0.6046256879162596,-0.3622644384796625,-0.4476059920835874,0.2820740965370482,-0.23224926013330255,0.373913469852903,-0.5847396624171465,1.183202376874821,-0.9956681385585116,1.0302326568805948,-0.039797059058874096,0.5590263420851234,0.6989247041956543,18.3628847845705,3.6974898145032413,89,13
Philippines,PHL,2010,-0.3692436002154022,-0.2729360965055446,0.6046256879162596,-0.21042039750438102,-0.5647290655012592,0.2937028675846917,-0.18301626489402087,0.4421697566964619,-0.5847396624171465,1.183202376874821,-0.9956681385585116,1.0302326568805948,-0.039797059058874096,0.5590263420851234,0.6989247041956543,18.383364326875824,3.68100733219975,89,14
Philippines,PHL,2011,-0.35205266843175986,-0.4470008629083215,0.6046256879162596,-0.36490554466251857,-0.5037719941434642,0.3050851977087852,-0.22029551687063922,0.3585531409866105,-0.5847396624171465,1.183202376874821,-0.7205709147994724,1.0302326568805948,-0.039797059058874096,0.5590263420851234,0.6989247041956543,18.403011711922172,3.689619586076391,89,15
Philippines,PHL,2012,-0.3059347785775318,-0.33017824869130563,0.6046256879162596,-0.4508673130197809,-0.43794886018449075,0.3165592836969628,-0.229773711324493,0.3636334794481429,-0.5847396624171465,1.183202376874821,-0.7205709147994724,1.243502053600349,-0.039797059058874096,0.5904597186642258,0.6989247041956543,18.422434335511554,3.6988367958621637,89,16
Philippines,PHL,2013,-0.258364495379904,-0.22675177399624652,0.6046256879162596,-0.5095721459765813,-0.42218037866832936,0.3278781070204556,-0.18462898479374965,0.311498331375377,-0.5847396624171465,1.183202376874821,-0.7205709147994724,1.243502053600349,-0.039797059058874096,0.6096691789813252,0.841186029962868,18.441231493296232,3.701032298689248,89,17
Philippines,PHL,2014,-0.21007228684283635,-0.21715316307532834,0.6547866299219876,-0.4617465340433763,-0.3133327784122862,0.3379462661779692,-0.12956029621734003,0.3342220268049944,-0.5847396624171465,1.183202376874821,-0.7205709147994724,1.243502053600349,0.09856386722147399,1.1091104322194145,0.9834473557300805,18.45765982151688,3.7160574745943844,89,18
Philippines,PHL,2015,-0.15766727480949913,-0.051094719409889564,0.6708530479424015,-0.4130470198057917,-0.3291720689982973,0.3471513997729266,-0.08919905481010339,0.2869786307121527,-0.5847396624171465,1.183202376874821,-0.7205709147994724,1.243502053600349,0.09856386722147399,1.1213343484814176,0.9834473557300805,18.472447359805635,3.7138850260518494,89,19
Philippines,PHL,2016,-0.09204015119328915,0.2841797680716914,0.6988741216243715,-0.33637912641421525,-0.19450801681882718,0.35562330224814936,0.013245432688692473,0.2706012481936749,-0.5847396624171465,1.183202376874821,-0.9956681385585116,1.0302326568805948,-0.039797059058874096,1.1387976847295478,0.9834473557300805,18.485866430633134,3.732206179632426,89,20
Philippines,PHL,2017,-0.024586382929546055,0.36254897454738066,0.6316076138087479,-0.1503516525837776,-0.10147732747361074,0.36386444250643085,0.12452475986224086,0.2572871799198265,-0.5847396624171465,1.183202376874821,-0.17037646728139427,1.0302326568805948,-0.1781579853392228,0.6620581399464959,0.9834473557300805,18.498749449179837,3.744669845566858,89,21
Papua New Guinea,PNG,1996,-0.6833148697611784,-0.6576476415239654,-1.5730803719515853,1.0030972079353466,-0.27762172918773786,-0.2512930471433685,-1.1139980207390918,0.6486395209414159,0.041101488814628474,-0.023929691893144107,-0.9956681385585116,-0.6759219197233678,-0.5932407641802689,0.14515355046027645,1.5524926587989325,15.38690635842178,3.72093820095181,90,0
Papua New Guinea,PNG,1997,-0.72847275230945,-0.8939827016224272,-1.5730803719515853,0.7529563534536737,-0.5541047234283608,-0.25025382221562,-1.2002100571524108,0.23021741660310518,-0.271819086801259,-0.023929691893144107,-0.9956681385585116,-0.7825566180832448,-0.662421227320443,-0.1822774555720396,1.4339415539929208,15.42252232969769,3.68251372799269,90,1
Papua New Guinea,PNG,1998,-0.7693541811354343,-1.0520396000170584,-1.5730803719515853,0.8592639359857372,-0.14310283740288193,-0.24919086783635774,-1.270054539590532,0.3598962355675049,-0.5847396624171465,-0.023929691893144107,-0.9956681385585116,-0.889191316443122,-0.731601690460617,-0.5097084616043556,1.2679700072645055,15.457684936959236,3.7391123166468603,90,2
Papua New Guinea,PNG,1999,-0.7780695105575485,-1.2793499662355434,-1.5730803719515853,1.2418322530563928,0.8661243462027544,-0.24810149843904913,-1.2793191790080403,0.6716534589663959,-0.5847396624171465,-0.023929691893144107,-0.8581195266789919,-0.7825566180832448,-0.731601690460617,-0.5097084616043556,0.7463451461180589,15.492482625141857,3.8658503678154696,90,3
Papua New Guinea,PNG,2000,-0.808620716564964,-0.27120833360347457,-1.5730803719515853,1.2248087517434527,-0.16932800878280763,-0.24698361797176618,-1.3239643052948453,1.0260996807946225,-0.5847396624171465,-0.023929691893144107,-0.7205709147994724,-0.6759219197233678,-0.731601690460617,-0.5097084616043556,-0.3443250180972403,15.526975134945157,3.735595000448736,90,4
Papua New Guinea,PNG,2001,-0.825776688626529,-0.1810624159294443,-1.5730803719515853,1.287625807396647,-0.2917835444726018,-0.24584406242204662,-1.36301343848416,0.9560518903635797,-0.5847396624171465,-0.023929691893144107,-0.7205709147994724,-0.6759219197233678,-0.731601690460617,-0.5097084616043556,-0.9133703211660936,15.560953102044278,3.7190055163849585,90,5
Papua New Guinea,PNG,2002,-0.8423249441077347,-0.3916165911412321,-1.5730803719515853,1.3265856290018514,-0.5365957947294163,-0.2446795150259022,-1.4005668876107578,0.6565305425876866,-0.5847396624171465,-0.023929691893144107,-0.7205709147994724,-0.6759219197233678,-0.731601690460617,-0.5097084616043556,-1.0082112050109016,15.594523129589044,3.684991329399746,90,6
Papua New Guinea,PNG,2003,-0.8477460314771876,-0.5457895617558628,-1.5730803719515853,1.4584155262327934,0.19069194109332602,-0.24348861215864115,-1.4122386036734544,0.6854586901027698,-0.5847396624171465,-0.023929691893144107,-0.7205709147994724,-0.6759219197233678,-0.731601690460617,-0.5097084616043556,-1.0082112050109016,15.627725709175726,3.7828323802326898,90,7
Papua New Guinea,PNG,2004,-0.8504469709690112,-0.5480049059516836,-1.5730803719515853,1.680573976408929,-0.5087971488194897,-0.24227359278482288,-1.420502013242434,0.8307371280228008,-1.2105808136489213,-0.023929691893144107,-0.9956681385585116,-0.889191316443122,-0.45487983789991987,-0.5097084616043556,-1.0082112050109016,15.660501425575742,3.6889124110239075,90,8
Papua New Guinea,PNG,2006,-0.8271594391261605,-0.5480049059516836,-1.5730803719515853,1.680573976408929,-0.3827276673950705,-0.2397745331908888,-1.3786357980470632,0.6949782400849336,-0.5847396624171465,-0.023929691893144107,-0.9956681385585116,0.6036938634410864,0.236924793501823,0.6323708874363623,-0.7236885534764754,15.724715376209367,3.7065044175725053,90,9
Papua New Guinea,PNG,2007,-0.8057795085137868,-0.5480049059516836,-1.5730803719515853,1.680573976408929,-0.4129123418342742,-0.2384905525177028,-1.3435380919029718,0.6259860010137043,-0.5847396624171465,-0.023929691893144107,-0.8581195266789919,0.6036938634410864,0.236924793501823,0.6323708874363623,-0.7236885534764754,15.756170663915162,3.702320475462453,90,10
Papua New Guinea,PNG,2008,-0.8224721164886157,-0.5480049059516836,-1.5730803719515853,1.680573976408929,-0.5831312757824929,-0.23718256252243314,-1.3908273085954392,0.6131360897648284,-0.5847396624171465,-0.023929691893144107,-0.7205709147994724,0.6036938634410864,0.236924793501823,0.6323708874363623,-0.7236885534764754,15.787228098709642,3.678392752928982,90,11
Papua New Guinea,PNG,2009,-0.8052138305507734,-0.5480049059516836,-1.5730803719515853,1.680573976408929,-0.01400614617247738,-0.23585206974240303,-1.3749571037972699,0.2276367974289215,-0.5847396624171465,-0.023929691893144107,-0.7205709147994724,0.6036938634410864,0.236924793501823,0.6323708874363623,-0.7236885534764754,15.817860314961417,3.756248662268989,90,12
Papua New Guinea,PNG,2010,-0.7709839954879624,-0.5480049059516836,-1.5730803719515853,1.680573976408929,-0.6116010563587195,-0.2344998482876995,-1.3786143433411258,0.5114486553573201,-0.5847396624171465,-0.023929691893144107,-0.7205709147994724,0.6036938634410864,0.236924793501823,0.6323708874363623,-0.29690457617483634,15.848060157710348,3.674334259852689,90,13
Papua New Guinea,PNG,2011,-0.7805789092989636,-0.5480049059516836,-1.5730803719515853,1.680573976408929,-0.6199922818073961,-0.23315514165553308,-1.4270410596204555,0.35834742057942964,-0.5847396624171465,-0.023929691893144107,-0.7205709147994724,0.6036938634410864,0.236924793501823,0.593952490691774,-0.15464325040762328,15.87721408207374,3.6731349039457495,90,14
Papua New Guinea,PNG,2012,-0.7712404478107349,-0.5480049059516836,-0.9538421211090539,1.680573976408929,-0.6319381356042506,-0.2318329378081271,-1.4402134214939415,0.04396928393739094,-0.5847396624171465,-0.023929691893144107,-0.7205709147994724,0.6036938634410864,0.236924793501823,0.593952490691774,-0.15464325040762328,15.905074569145917,3.6714250004710034,90,15
Papua New Guinea,PNG,2013,-0.7655985868247513,-0.5480049059516836,-0.9538421211090539,1.680573976408929,-0.6335642652362411,-0.23051511661475224,-1.4452268168663864,-0.04230066897295984,-0.5847396624171465,-0.023929691893144107,-0.17037646728139427,0.8169632601608406,0.236924793501823,0.6009375108572599,-0.15464325040762328,15.932091200629925,3.671192013567932,90,16
Papua New Guinea,PNG,2014,-0.7084313141715262,-0.5480049059516836,-0.9538421211090539,1.680573976408929,-0.6334301980140677,-0.22920065982290946,-1.332298502858128,0.4793698747829711,-0.5847396624171465,-0.023929691893144107,-0.17037646728139427,0.8169632601608406,0.37528571978217107,0.9798841538754576,-0.012381924640410819,15.958330807833592,3.671211224364708,90,17
Papua New Guinea,PNG,2015,-0.6851809358453843,-0.5480049059516836,-0.9538421211090539,1.680573976408929,-0.6314051204034797,-0.2278917885330792,-1.304972077077465,0.6481361313994916,-0.5847396624171465,-0.023929691893144107,-0.4454736910404334,0.6036938634410864,0.236924793501823,0.9798841538754576,0.1298794011268022,15.983792188936338,3.6715013574552122,90,18
Papua New Guinea,PNG,2016,-0.6671024381107574,-0.5480049059516836,-0.9538421211090539,1.680573976408929,-0.6894108260347022,-0.2265908548489874,-1.2981177799197205,0.6418738197243098,-0.5847396624171465,-0.023929691893144107,-0.4454736910404334,0.6036938634410864,0.09856386722147399,0.9798841538754576,0.1298794011268022,16.008472619228314,3.6631573646405555,90,19
Papua New Guinea,PNG,2017,-0.6601716685445437,-0.5480049059516836,-0.9538421211090539,1.680573976408929,-0.7959268752253796,-0.2252987102917298,-1.302515098826941,0.7780406418314899,-0.5847396624171465,-0.023929691893144107,-0.4454736910404334,0.6036938634410864,0.09856386722147399,0.9798841538754576,0.1298794011268022,16.032397774585302,3.6476515680740103,90,20
Paraguay,PRY,1996,0.30963973303238584,-0.3792855116669783,-0.5953424015783972,0.864337398259616,-0.40232762302713443,-0.25204225470436054,0.15016690163398955,0.3677949884096412,-0.5847396624171465,-1.2310617606611092,-0.9956681385585116,-0.889191316443122,-0.45487983789991987,0.14515355046027645,0.6989247041956543,15.360419335883416,3.703789632709209,91,0
Paraguay,PRY,1997,0.34061854410567755,-0.42216510960830933,-0.4693803265399596,0.6576858663057341,-0.24448808513866738,-0.25140588262059144,0.13242871629138406,0.3451762338655716,-0.8976602380330339,-1.2310617606611092,-0.9956681385585116,-0.889191316443122,-0.5240603010400943,-0.1822774555720396,0.3432713897776209,15.382961839619183,3.725445460210002,91,1
Paraguay,PRY,1998,0.3062503113763109,-0.7287732722867971,-0.3186081330696192,0.822752483940032,-0.002812561451984039,-0.25077698963120154,0.07960417827983535,0.4966780022860363,-1.2105808136489213,-1.2310617606611092,-0.9956681385585116,-0.889191316443122,-0.5932407641802689,-0.5097084616043556,-0.15464325040762328,15.404751069189226,3.757720760512455,91,2
Paraguay,PRY,1999,0.2514950535453087,-0.8154844219301715,-0.08000507311875854,0.12282409231015913,-0.4807239677276891,-0.2501630012383333,0.019565566355010285,0.6751956652721713,-1.2105808136489213,-1.2310617606611092,-1.40831397419707,-0.889191316443122,-0.5932407641802689,-0.5097084616043556,-0.6762681115540715,15.425575473790659,3.6928566745832803,91,3
Paraguay,PRY,2000,0.1863535714508168,-0.8746782640226103,0.03473381354675066,0.15452915347620277,-0.4397842652207556,-0.24958103122960293,-0.2310107839504336,0.7115125915534828,-1.2105808136489213,-1.2310617606611092,-1.8209598098356288,-0.889191316443122,-0.5932407641802689,-0.5097084616043556,-0.7236885534764754,15.444921475336322,3.698580932301204,91,4
Paraguay,PRY,2001,0.1491700036278904,-0.8529715115405869,0.17143758678908996,-0.02121743784254355,-0.4486028073962086,-0.2490640388306386,-0.26815591120324445,0.9620081349418306,-1.2105808136489213,-1.2310617606611092,-1.9585084217151483,-0.889191316443122,-0.7316016904606176,-0.5097084616043556,-0.8185294373212845,15.461799069356381,3.6973506748672897,91,5
Paraguay,PRY,2002,0.12851367656663057,-0.9042286872931821,0.22995518838000661,0.17771850236661899,-0.4328739785695276,-0.24862554119449834,-0.28989856734181196,1.2635268704241354,-1.2105808136489213,-1.2310617606611092,-2.096057033594668,-0.889191316443122,-0.8699626167409662,-0.5097084616043556,-1.7669382757693712,15.475894214397284,3.6995439161851746,91,6
Paraguay,PRY,2003,0.17216482374839365,-0.5949913580528111,0.1471965147282038,0.22677824156320683,-0.7891709042789801,-0.24823784304414567,-0.23582052161200664,1.104990671922665,-1.2105808136489213,-1.2310617606611092,-2.096057033594668,-0.889191316443122,-0.8699626167409662,-0.5097084616043556,-1.861779159614179,15.48819309230926,3.6486422245002346,91,7
Paraguay,PRY,2004,0.21447999076464266,-0.527408138145738,0.19653353830243378,0.19700952360530197,-0.4825513478824169,-0.24787020625443282,-0.14780820265339528,0.9489232104757804,-1.2105808136489213,-1.2310617606611092,0.1047207564776448,-0.889191316443122,-0.5932407641802689,-0.5097084616043556,-1.861779159614179,15.499717481160783,3.6926004017044636,91,8
Paraguay,PRY,2005,0.22982657461643058,-0.4251552730001353,0.19629113861252648,0.3401180609088057,-0.6438787111628157,-0.24751338914185936,-0.2640716504773334,1.0227842101538245,-0.5847396624171465,-0.023929691893144107,0.1047207564776448,-0.6759219197233678,-0.45487983789991987,0.14515355046027645,-1.861779159614179,15.510777114902268,3.669712925675544,91,9
Paraguay,PRY,2006,0.28692788514179235,-0.40954833107453575,0.188710839777324,0.33172416388990994,-0.40761971572554806,-0.24717366795282314,-0.11726455370061323,0.9406108055558854,0.041101488814628474,-0.023929691893144107,0.3798179802366839,-0.03611432671817715,-0.039797059058874096,0.5660113622506101,-1.861779159614179,15.521194394075993,3.7030553609073085,91,10
Paraguay,PRY,2007,0.35685220919167104,-0.5783202780790997,0.20105833251401914,0.1649012535391495,-0.5515301241252353,-0.24685069731513148,0.06873493732757462,0.8399685415940381,0.041101488814628474,-0.023929691893144107,0.3798179802366839,-0.03611432671817715,-0.039797059058874096,0.5660113622506101,-1.861779159614179,15.530998408350028,3.682878431912183,91,11
Paraguay,PRY,2008,0.44771332733392455,-0.45180002203837094,0.2560747890957759,0.21659875302989592,-0.33008543785659916,-0.24652802441208868,0.17717209961996197,0.8122090559067996,0.041101488814628474,-0.023929691893144107,0.3798179802366839,-0.03611432671817715,-0.039797059058874096,0.6079225310227465,-1.861779159614179,15.540698329440156,3.713759608293983,91,12
Paraguay,PRY,2009,0.4253654278949801,-0.49966986241870975,0.29175580283592406,-0.07254476004411387,-0.5031129143418489,-0.24618466490564347,-0.0076333487922346805,0.8633370133249344,0.041101488814628474,-0.023929691893144107,0.3798179802366839,-0.03611432671817715,-0.039797059058874096,0.6079225310227465,-1.861779159614179,15.550917817694073,3.689712299328472,91,13
Paraguay,PRY,2010,0.5949712884663375,-0.16508035348910535,0.35120420426504406,0.23056611875390165,-0.16552234962587734,-0.24578727846981707,0.196194096076052,0.6313426343050998,0.041101488814628474,-0.023929691893144107,0.3798179802366839,-0.03611432671817715,-0.039797059058874096,0.6079225310227465,-1.64838717096336,15.5626163957625,3.7361061829271116,91,14
Paraguay,PRY,2011,0.6502826501711662,-0.20677269893629074,0.44943252672267586,0.15008804860520886,-0.3081159464850681,-0.24533082147965787,0.010789802161762185,0.5837767909109657,0.041101488814628474,-0.023929691893144107,0.3798179802366839,-0.03611432671817715,-0.039797059058874096,0.6079225310227465,-1.5772565080797543,15.57588719742356,3.716771960725865,91,15
Paraguay,PRY,2012,0.6093214660039744,-0.377959799775643,0.6994687720474532,0.04162084318487266,-0.19216046211030435,-0.24484026196281888,-0.11614818517022722,0.6238389626889066,0.041101488814628474,-0.023929691893144107,0.3798179802366839,-0.03611432671817715,-0.039797059058874096,0.5834746984987399,-1.5772565080797543,15.58995583118124,3.732522608306419,91,16
Paraguay,PRY,2013,0.7384545980798455,-0.4360381405919001,0.6994687720474532,0.0010213443706982913,-0.4548658149994426,-0.24433151085893484,-0.03629871565995447,0.5168050684881715,-0.5847396624171465,-0.023929691893144107,0.1047207564776448,-0.03611432671817715,0.09856386722147399,0.5834746984987399,-1.5772565080797543,15.604340072397141,3.696476014937093,91,17
Paraguay,PRY,2014,0.8158018253944848,-0.3486824287910606,0.6994687720474532,-0.12371317920756715,-0.20959709626711764,-0.243811273152298,0.18781501941925283,0.5481465438159163,-0.5847396624171465,-0.023929691893144107,0.1047207564776448,-0.03611432671817715,0.09856386722147399,0.5834746984987399,-1.5061258451961468,15.618838190562629,3.7301699176095964,91,18
Paraguay,PRY,2015,0.8468578221512959,-0.3944776471006341,0.6994687720474532,-0.1868250459341609,-0.2611005956521217,-0.24327956670698728,0.2693445698641261,0.6295329317850494,-0.5847396624171465,-0.023929691893144107,0.3798179802366839,0.1771550700015777,0.09856386722147399,1.0322731148406281,-1.2927338565453277,15.63344187038471,3.723188154864438,91,19
Paraguay,PRY,2016,0.9063707302031091,-0.4333012311085873,0.6656690436648637,-0.16225587014138512,-0.25278651310488265,-0.24274350738111028,0.22719164345044215,0.6223921684622367,0.041101488814628474,-0.023929691893144107,0.3798179802366839,0.3904244667213316,0.37528571978217107,1.021795322647594,-1.257168525103525,15.647952331956425,3.7243185080355135,91,20
Paraguay,PRY,2017,0.9799928893776677,-0.41964501789995806,0.6656690436648637,-0.06561409532249038,-0.31023613673819395,-0.2422103599000991,0.2382016424496414,0.6137853829363666,0.041101488814628474,-0.023929691893144107,0.3798179802366839,0.3904244667213316,0.37528571978217107,1.0287808667026896,-0.8659498792436896,15.662178105369644,3.716481645581142,91,21
West Bank and Gaza,PSE,1996,-0.7183323149565832,1.452140190254929,0.13979325866993098,0.4637009052020795,0.26694888195451316,-0.26454440652564754,1.2766204060804822,-0.0382001706637563,0.041101488814628474,-0.023929691893144107,-0.9956681385585116,-0.6403769207443966,0.9979098880437403,-0.5097084616043556,0.1298794011268022,14.766395161805102,3.7925577912459225,92,0
West Bank and Gaza,PSE,1998,-0.5881458434417979,1.1465192126078838,0.21935440740198223,0.45564135738918304,0.25632259463267093,-0.26342152411626385,1.3851315704392462,-0.3397216406906455,0.041101488814628474,-0.023929691893144107,-0.9956681385585116,-0.6403769207443966,0.9979098880437403,-0.5097084616043556,0.1298794011268022,14.836726550786667,3.791208228671231,92,1
West Bank and Gaza,PSE,2000,-0.6305441570721606,0.9687986912835078,0.4539302957128595,0.41628126065965837,-0.40069046405070513,-0.2625546101391935,1.274661679572407,-0.46403393672177495,0.041101488814628474,-0.023929691893144107,-0.9956681385585116,-0.6403769207443966,0.9979098880437403,-0.5097084616043556,0.1298794011268022,14.887831573531647,3.704016677489896,92,2
West Bank and Gaza,PSE,2002,-0.7963361223443406,0.33079642154795447,0.6115670333026421,0.08492212538522466,-0.6088073748159437,-0.2616422320812431,0.6459594792142536,-0.5829891302901304,0.041101488814628474,-0.023929691893144107,-0.9956681385585116,-0.39156312219974315,0.6520075723428688,-0.1822774555720396,0.1298794011268022,14.938937077843171,3.6747332411480893,92,3
West Bank and Gaza,PSE,2003,-0.7397029130347691,0.6418218992862889,0.7088263928410695,0.0891653668998487,-0.5983455170187192,-0.2611682623390383,0.8332025865691581,-0.32217385094948164,0.041101488814628474,-0.023929691893144107,-0.4454736910404334,-0.6403769207443966,0.9979098880437403,-0.1822774555720396,0.1298794011268022,14.964489545195919,3.6762259449483126,92,4
West Bank and Gaza,PSE,2004,-0.6332001260942515,0.18139215403802886,0.8463781513467291,0.22666843625719627,-0.5767888082300832,-0.26068201997460766,0.718385695369506,-0.589665690411401,0.7617670872435159,0.8174046632232366,-0.16204036116815837,-0.2508192818269075,0.8197176183058047,0.08562083077789477,0.1298794011268022,14.990042296117503,3.6792946606182477,92,5
West Bank and Gaza,PSE,2005,-0.5762330818427177,0.14637452846674956,0.8999156664757395,0.30561470207182684,-0.5303910232281855,-0.26018319534391643,0.9108248489715804,-0.5064772880690799,0.041101488814628474,-0.023929691893144107,-0.4454736910404334,-0.39156312219974315,0.6520075723428688,0.47258455649259246,0.1298794011268022,15.015594912057008,3.685867864704529,92,6
West Bank and Gaza,PSE,2006,-0.6016897000163676,-0.20620618120722653,0.9631541330171749,0.27072513707210927,-0.5942338633978224,-0.2596714609388509,0.6311322528717412,-0.7261207259210969,-0.08399664722278859,1.10251573798706,-0.7205709147994724,-0.39156312219974315,1.4423921499445396,1.329144068273131,0.1298794011268022,15.041147491210783,3.676811988628399,92,7
West Bank and Gaza,PSE,2007,-0.5934651065847879,-0.32678550741342843,0.9752542622477857,0.5431693762145469,-0.5961160293124734,-0.2591464832966043,0.6498414529605199,-0.791903227160071,1.7534028785847644,1.645131742807638,-0.9956681385585116,-0.889191316443122,1.4586517725573007,1.329144068273131,0.1298794011268022,15.066700003407036,3.676543761708939,92,8
West Bank and Gaza,PSE,2008,-0.5613597145673168,-0.5681474325393123,0.9562403643873222,0.17883465403588258,-0.5308312717218522,-0.25856601387050415,0.5679435617319465,-0.8112033128627655,0.5918417018985903,1.2073450182501801,-0.9956681385585116,-0.6403769207443966,1.4960092226529949,1.2348439385358239,0.1298794011268022,15.094213583663867,3.685805697022407,92,9
West Bank and Gaza,PSE,2009,-0.518729371197346,-0.54070743881956,0.9601369600851336,0.052860983556484026,0.003943910585721425,-0.2579876821791828,0.6664390656081173,-0.7927223187850627,1.2927837912781783,1.183202376874821,-0.9956681385585116,1.0302326568805948,0.236924793501823,-0.3647654949708472,0.1298794011268022,15.120893083828648,3.7586082745466607,92,10
West Bank and Gaza,PSE,2010,-0.49463266616830487,-0.461222761691707,0.9299726579369652,-0.14076900382787202,-0.3258997966903583,-0.25740970776944,0.6956699449442099,-0.7034903627276107,1.2927837912781783,2.390334445642786,-1.2707653623175506,1.6700402498857858,0.5136466460625201,0.0037033558543157906,0.1298794011268022,15.146863399059427,3.714334223716767,92,11
West Bank and Gaza,PSE,2011,-0.43899507780487373,-0.19109764833746778,0.897568456781955,-0.17709144732100343,-0.2767901720965818,-0.2568331446219328,0.8202835709088004,-0.6777616670390016,0.041101488814628474,1.183202376874821,-1.8209598098356288,1.4567708531660315,-0.039797059058874096,-0.5149473577008726,0.1298794011268022,15.17211526078134,3.7210515687983845,92,12
West Bank and Gaza,PSE,2012,-0.4086038641575874,-0.2645675333519256,0.8875672129013339,-0.18641000140410202,-0.5643347981792075,-0.2562554679468389,0.9408810768491785,-0.5690000211026818,0.041101488814628474,1.183202376874821,-1.8209598098356288,0.8169632601608406,-0.039797059058874096,-0.5446346102110059,0.1298794011268022,15.196792126004308,3.68106327482396,92,13
West Bank and Gaza,PSE,2013,-0.3887555453780232,-0.11256702111280552,0.8780912781157207,-0.20555924644129475,-0.40688845568015747,-0.2556795895890241,1.096386811991019,-0.7091340762131851,0.041101488814628474,1.183202376874821,-1.8209598098356288,0.8169632601608406,-0.039797059058874096,-0.5446346102110059,0.1298794011268022,15.220800603242228,3.7031568545098623,92,14
West Bank and Gaza,PSE,2014,-0.41139003361817605,-0.1808838956206162,0.8736113315586449,-0.1628227166933025,-0.45321942477595967,-0.25510383032506884,1.1023285630941837,-0.7581657115388528,0.041101488814628474,1.183202376874821,-1.8209598098356288,0.8169632601608406,0.09856386722147399,-0.12203015046209338,0.1298794011268022,15.244241369668607,3.6967060155903915,92,15
West Bank and Gaza,PSE,2015,-0.3991278944278478,0.12100214831213217,0.9015473602089711,-0.07432036686227822,-0.522582571136054,-0.2545280472423416,1.1967487380587245,-0.887370594122867,0.041101488814628474,1.183202376874821,-2.096057033594668,0.8169632601608406,-0.1781579853392228,-0.584799131024564,0.1298794011268022,15.267146164827114,3.6869698579446553,92,16
West Bank and Gaza,PSE,2016,-0.34074543972870625,0.1605799565668426,0.9113198608687822,-0.23026095837107036,-0.31420243274027093,-0.2539504658423354,1.3760668153150564,-0.8173994654196081,0.6669426400464034,1.183202376874821,-2.096057033594668,1.0302326568805948,0.09856386722147399,-0.5987696952451461,0.1298794011268022,15.28960721238368,3.71593831894088,92,17
West Bank and Gaza,PSE,2017,-0.34631375556905325,0.40593681270475235,0.9505327101261637,-0.1421946842086932,-0.4534095326884375,-0.2534281380384636,1.4384741483330024,-0.6529025962460465,0.6669426400464034,1.183202376874821,-2.096057033594668,1.0302326568805948,0.09856386722147399,-0.6040085913416632,0.1298794011268022,15.309494071361987,3.696679460223415,92,18
West Bank and Gaza,PSE,2018,-0.35881958054704416,0.5051405338714979,0.9468933732698759,-0.05626831672811553,-0.42608065148004726,-0.25274762381565524,1.4861191406872563,-0.6485286809506955,0.6669426400464034,-0.023929691893144107,-2.096057033594668,1.0302326568805948,-0.039797059058874096,-0.6162325076036659,0.1298794011268022,15.33482418059193,3.700489698086753,92,19
Rwanda,RWA,1996,-1.1723027271678632,-1.00432584041518,-2.022194618745931,-1.196220546819584,-0.6274326834059666,-0.2400065042105045,-1.749166374006151,-0.7486399984101013,0.041101488814628474,-0.023929691893144107,-0.9956681385585116,-0.889191316443122,-0.731601690460617,-1.1645704736689877,0.1298794011268022,15.718925438356646,3.6720702445369264,93,0
Rwanda,RWA,1997,-1.1743064991953571,-1.072308457808636,-2.022194618745931,-1.1602101491615942,-0.6311113754489329,-0.23377507283199245,-1.7325226059640295,-0.7048420830262899,0.041101488814628474,-0.023929691893144107,-0.9956681385585116,-0.889191316443122,-0.731601690460617,-1.1645704736689877,0.1298794011268022,15.863879172944449,3.671543435337138,93,1
Rwanda,RWA,1998,-1.1684866587015377,-0.9513078701365543,-2.022194618745931,-1.296202713837986,-0.5925730065592169,-0.23183120499247076,-1.7221994916676873,-0.6971014690827992,0.041101488814628474,-0.023929691893144107,-0.9956681385585116,-0.889191316443122,-0.731601690460617,-1.1645704736689877,0.1298794011268022,15.905110577150092,3.67704861711655,93,2
Rwanda,RWA,1999,-1.1637124267657408,-1.2949814558575141,-2.022194618745931,-1.3387183063078352,-0.6416274348496334,-0.2314368197219048,-1.716480859374285,-0.7247541414359077,0.041101488814628474,-0.023929691893144107,-0.9956681385585116,-0.889191316443122,-0.731601690460617,-1.1645704736689877,0.1298794011268022,15.913272378804965,3.6700359445915733,93,3
Rwanda,RWA,2000,-1.1531347168174473,-1.256450878764055,-1.9232877720659358,-1.334314408315521,-0.5864246969024345,-0.23104369684625,-1.7072622094651895,-0.854391642920103,0.041101488814628474,-0.023929691893144107,-0.9956681385585116,-0.889191316443122,-0.731601690460617,-1.1645704736689877,0.1298794011268022,15.921342294915554,3.677924102816869,93,4
Rwanda,RWA,2001,-1.1417228646973898,-1.196639845675746,-1.8903300319751,-1.2844326166353868,-0.48890026927404007,-0.23060803364396684,-1.6928237683342666,-0.8862770517927878,0.041101488814628474,-0.023929691893144107,-0.9956681385585116,-0.889191316443122,-0.731601690460617,-1.1645704736689877,0.1298794011268022,15.930210043503857,3.691709514373945,93,5
Rwanda,RWA,2002,-1.1227003451089594,-1.2170507210176225,-1.8558505719879475,-1.3306890737298314,-0.6424028620384672,-0.22993464123395913,-1.6716249619447758,-0.8901609445993478,0.041101488814628474,-0.023929691893144107,-0.9956681385585116,-0.889191316443122,-0.731601690460617,-1.1645704736689877,0.1298794011268022,15.943763811200443,3.6699246960837746,93,6
Rwanda,RWA,2003,-1.1227361851355064,-1.1500089688941122,-1.80234525272219,-1.281181516299306,-0.6169182676191012,-0.22882292982860045,-1.6164496783456381,-1.0659799424071634,0.041101488814628474,-0.023929691893144107,-0.17037646728139427,-0.6403769207443966,-0.38569937475974553,-0.8371394676366716,0.1298794011268022,15.965745549117145,3.6735744390556704,93,7
Rwanda,RWA,2004,-1.1142813813011223,-1.0059295614514538,-1.7393271934073273,-1.160378573049952,-0.5984145485046938,-0.22745353503935098,-1.5450939080271775,-1.0411096725017366,0.3571828125806969,0.32967453930540075,-0.13981030471063835,-0.3111384117890212,0.20478022966466738,-0.49647867729182105,0.1298794011268022,15.992174654239014,3.6762161027958338,93,8
Rwanda,RWA,2005,-1.1018881005679346,-0.9101435783452196,-1.6975900481654362,-1.1384106450616573,-0.6077708575136681,-0.22603819979378326,-1.461436903525846,-1.010632418464822,0.041101488814628474,-0.023929691893144107,-0.17037646728139427,-0.6403769207443966,-0.38569937475974553,-0.1822774555720396,0.1298794011268022,16.018775632485728,3.6748812315067343,93,9
Rwanda,RWA,2006,-1.089000896523412,-0.9673121433907816,-1.6355577200127709,-1.1673698710341343,-0.49203251156739714,-0.22458097923781462,-1.3697438380642184,-0.9368490063558126,0.6669426400464034,-0.023929691893144107,-0.17037646728139427,0.3904244667213316,0.236924793501823,-0.2791970333576052,0.1298794011268022,16.045443987103486,3.691269702296845,93,10
Rwanda,RWA,2007,-1.0786278266486635,-0.7719880823664437,-1.556554311181558,-1.0873534542110803,-0.29698260659410813,-0.22308821511946572,-1.2664748070056204,-0.8616187741006537,0.6669426400464034,-0.023929691893144107,0.3798179802366839,0.3904244667213316,0.236924793501823,-0.2791970333576052,0.1298794011268022,16.072044801438267,3.7182950540311195,93,11
Rwanda,RWA,2008,-1.0599103145072217,-0.24681845887403514,-1.494513227408693,-1.0398145879547374,-0.30527226385383793,-0.2215737223264434,-1.1636357459147517,-0.9008545235801714,0.6669426400464034,-0.023929691893144107,0.3798179802366839,0.3904244667213316,0.37528571978217107,-0.29840649367470473,0.1298794011268022,16.09832856303061,3.717161210542727,93,12
Rwanda,RWA,2009,-1.0512358074952262,-0.2879458741548962,-1.333579826459426,-1.0630635070168142,-0.2845791934022645,-0.2200483503093519,-1.0605760159247144,-0.9489136278539223,0.6669426400464034,-0.023929691893144107,0.3798179802366839,-0.03611432671817715,-0.1781579853392228,-0.734980993754589,0.1298794011268022,16.1241207634591,3.7199891719430616,93,13
Rwanda,RWA,2010,-1.0394225124612693,-0.3374323136866692,-1.122162139922359,-1.0492910544035439,-0.029126370997761462,-0.21851727369638838,-0.9416097273795659,-0.895412207039018,0.6669426400464034,-0.023929691893144107,0.3798179802366839,-0.03611432671817715,-0.3165189116195712,-0.815310559271314,0.1298794011268022,16.149357274421202,3.7542567141256082,93,14
Rwanda,RWA,2011,-1.0252466039791974,-0.26030553363900355,-0.9696971472523711,-0.9783634966535322,-0.36674494768581845,-0.2169918004495163,-0.808526556140691,-0.7417868669470733,0.6669426400464034,-0.023929691893144107,0.3798179802366839,0.1771550700015777,-0.3165189116195712,-0.815310559271314,0.1298794011268022,16.17388355941799,3.7087127376476845,93,15
Rwanda,RWA,2012,-1.0082758616692489,-0.002126482701747626,-0.8597515145232724,-0.9543614909884649,-0.030479608448254505,-0.21546639865895995,-0.6733278679013852,-0.7369698589428125,0.6669426400464034,-0.023929691893144107,0.3798179802366839,0.1771550700015777,-0.3165189116195712,-0.7961016228438246,0.1298794011268022,16.197821569998098,3.7540782441520992,93,16
Rwanda,RWA,2013,-1.0016555282164823,0.12451590831814793,-1.2014514922889261,-0.8917161261042427,-0.1251074340616201,-0.21389770029576713,-0.6596544699626848,-0.7878184940343731,0.6669426400464034,-0.023929691893144107,0.3798179802366839,0.1771550700015777,-0.1781579853392228,-0.7926088508162772,0.1298794011268022,16.221855576354702,3.7415187202101166,93,17
Rwanda,RWA,2014,-0.9906481751106463,-0.001509597645963752,-0.7817101060200258,-0.856525043525107,0.020828498906397097,-0.21228149539200306,-0.6444629424181911,-0.7932883056594563,0.6669426400464034,-0.023929691893144107,0.3798179802366839,0.3904244667213316,-0.039797059058874096,-0.815310559271314,0.1298794011268022,16.246027721597287,3.760822756051316,93,18
Rwanda,RWA,2015,-0.9709143764766928,0.1589071444108195,-0.8688914238453017,-0.8187147807418377,-0.3190639170423042,-0.2106423768296631,-0.6242318311705329,-0.8020370226666966,0.6669426400464034,-0.023929691893144107,0.3798179802366839,0.3904244667213316,0.09856386722147399,-0.8467439358504164,0.1298794011268022,16.269959976210632,3.715271961207526,93,19
Rwanda,RWA,2016,-0.9592675239933097,0.5436406880645159,-0.9015547878357191,-0.6940738173731709,-0.08463435364895679,-0.2089800587834844,-0.6093165444262713,-0.8529712441916231,0.6669426400464034,-0.023929691893144107,0.3798179802366839,0.3904244667213316,0.09856386722147399,-0.8467439358504164,0.1298794011268022,16.293659760882395,3.7469098464741766,93,20
Rwanda,RWA,2017,-0.9540539555060485,0.007354737297258074,-0.858723409745485,-0.5721268408502272,-0.13004145601547873,-0.20729561309820285,-0.5925353442465499,-0.8156078497564072,0.6669426400464034,1.183202376874821,0.3798179802366839,0.3904244667213316,0.09856386722147399,-0.8257883514643481,0.1298794011268022,16.3171154298619,3.740859502821353,93,21
Sudan,SDN,1996,-0.868647288805252,-1.2909430876936387,-1.125947601291351,-1.551268836109397,-0.65516404234702,-0.1297091315033245,-0.9111753694468329,-1.0419927003643648,-1.2105808136489213,-1.2310617606611092,-2.096057033594668,-1.1024607131628763,-1.8384891007034063,-1.8194324857336197,-1.3875747403901362,17.043604921238376,3.668092102953852,94,0
Sudan,SDN,1997,-0.8006588621837432,-1.6586116554042203,-1.125947601291351,-1.6144556997809867,-0.507121591722676,-0.1263251211672925,-0.814483601013956,-1.0873669662286707,-1.2105808136489213,-1.2310617606611092,-2.096057033594668,-1.1024607131628763,-1.8384891007034063,-1.8194324857336197,-1.861779159614179,17.06587815064324,3.6891482627633088,94,1
Sudan,SDN,1998,-0.7915629729927951,-1.5068205036801297,-1.125947601291351,-1.4975671681899372,-0.07081660090734987,-0.12239991856003726,-0.7895978742597668,-1.042804021816112,-1.2105808136489213,-1.2310617606611092,-2.096057033594668,-1.1024607131628763,-1.8384891007034063,-1.8194324857336197,-1.861779159614179,17.091106923041977,3.7487437742371186,94,2
Sudan,SDN,1999,-0.7888710339826,-1.4925884149153577,-1.125947601291351,-1.414940783097132,-0.03952614121460292,-0.11840066339091887,-0.775358366722633,-0.9619465667277176,-1.2105808136489213,-1.2310617606611092,-2.096057033594668,-1.1024607131628763,-1.8384891007034063,-1.8194324857336197,-1.861779159614179,17.116173316151965,3.752884334963674,94,3
Sudan,SDN,2000,-0.7714790166413041,0.2710120503931751,-1.125947601291351,-1.2784572914098784,-0.08774357105340817,-0.11431495798915903,-0.7280106856360445,-0.5820619978188889,-1.2105808136489213,-1.2310617606611092,-2.096057033594668,-1.1024607131628763,-1.8384891007034063,-1.8194324857336197,-1.861779159614179,17.14114877140713,3.746496719171247,94,4
Sudan,SDN,2001,-0.7527336751682057,-0.25730945606028116,-1.125947601291351,-1.543600444932104,-0.007385200796674746,-0.11014652403786841,-0.6853023295305459,-0.6273094461879806,-1.2105808136489213,-1.2310617606611092,-1.8209598098356288,-1.1024607131628763,-1.561767248142709,-1.8194324857336197,-1.861779159614179,17.16600292830681,3.757119662281079,94,5
Sudan,SDN,2002,-0.7359169571168367,-0.1317662805100448,-1.1328817767210326,-1.3884234235743842,0.0423213248655349,-0.1059070386899751,-0.647954778152785,-0.5239094671476787,-1.2105808136489213,-1.2310617606611092,-1.5458625860765898,-1.1024607131628763,-1.2850453955820114,-1.8194324857336197,-1.5772565080797532,17.190662619205884,3.7636345507440963,94,6
Sudan,SDN,2003,-0.7161407299975759,-0.07011139640346462,-1.0878239763414796,-1.3647151764614367,0.4659688465555899,-0.10193342442881607,-0.6094339847065984,-0.6019794420052215,-1.2105808136489213,-1.2310617606611092,-2.096057033594668,-1.1024607131628763,-1.561767248142709,-1.8194324857336197,-1.5772565080797532,17.213236454321205,3.8175029948560626,94,7
Sudan,SDN,2004,-0.7021023132066225,0.1162512966747931,-0.9707709861516832,-1.2485376514351678,0.3510891221437041,-0.09799974233876145,-0.5685592745879162,-0.470493003603339,-1.2105808136489213,-1.2310617606611092,-1.5458625860765898,-1.1024607131628763,-1.561767248142709,-1.8194324857336197,-1.5772565080797532,17.235092503121706,3.803179969368643,94,8
Sudan,SDN,2005,-0.6855091102708082,-0.17536748674849054,-0.9788184352425205,-1.0902456421202371,0.1322913516950071,-0.09379687835267728,-0.5355561249958781,-0.4236107194813646,-1.2105808136489213,-1.2310617606611092,-1.2707653623175506,-0.889191316443122,-1.561767248142709,-1.8194324857336197,-1.5772565080797532,17.25792809487018,3.775319790191884,94,9
Sudan,SDN,2006,-0.6634896491884422,0.02863612913726184,-1.0406896461951536,-1.0806128858993793,0.06664132255230013,-0.08945000607163503,-0.4917438560559134,-0.3399404868764102,-0.5847396624171465,-0.023929691893144107,-1.2707653623175506,-0.4626525230036132,-0.45487983789991987,-0.8764311883605496,-1.5772565080797532,17.28101005782303,3.766806704118366,94,10
Sudan,SDN,2007,-0.6462185826883046,-0.16332058056779014,-1.0655503679752878,-1.132974494553338,-0.20651107698590215,-0.08485476950121115,-0.44325702388891436,-0.060013895563302694,-1.2105808136489213,-0.023929691893144107,-1.133216750438031,-0.889191316443122,-0.45487983789991987,-0.8764311883605496,-1.5772565080797532,17.30484506050634,3.730586711444559,94,11
Sudan,SDN,2008,-0.6416515051406841,-0.2405880289864536,-0.9959932392099377,-1.0649414506531236,-0.2031558595062253,-0.07973465651832129,-0.43505442061209615,0.09694927372142874,-1.2105808136489213,-0.023929691893144107,-1.2707653623175506,-0.889191316443122,-0.45487983789991987,-0.8921478766501008,-1.5772565080797532,17.330750090594364,3.7310396658238973,94,12
Sudan,SDN,2009,-0.6801803555416622,-0.039664396417827825,-0.8659186424700543,-1.180190917933795,-0.062092180224483526,-0.07410667968080097,-0.46165457209236255,-0.1166272933303378,-1.2105808136489213,-0.023929691893144107,-1.5458625860765898,-0.889191316443122,-0.45487983789991987,-0.8921478766501008,-1.5772565080797532,17.358471182411144,3.749899972056369,94,13
Sudan,SDN,2010,-0.6754406263116903,-0.27337225238293683,-0.8596065986677055,-1.1817207519024258,-0.03441279982869149,-0.06907326107296462,-0.45682928536980594,-0.49331113991031617,-1.2105808136489213,-0.023929691893144107,-1.5458625860765898,-0.889191316443122,-0.45487983789991987,-0.9602535259048229,-1.5772565080797532,17.382629075052602,3.7535593393875777,94,14
Sudan,SDN,2011,-0.6384874864777328,0.07389632368579375,-1.0205910166165515,-1.3335148309200815,-0.09615689121062322,-0.06474773041155228,-0.43650513274730723,-0.5611470899931341,-1.2105808136489213,-0.023929691893144107,-1.5458625860765898,-0.889191316443122,-0.5932407641802689,-0.9672385460703087,-1.5772565080797532,17.402933172707495,3.7453779696908094,94,15
Sudan,SDN,2012,-0.6864622262009219,-0.355149199088162,-0.8935658576138482,-1.4981193298640945,0.4347682032444711,-0.06008894535767686,-0.5305716514539032,-0.7877624609332246,-1.2105808136489213,-0.023929691893144107,-1.5458625860765898,-1.1024607131628763,-0.731601690460617,-1.4038135700398031,-1.5772565080797532,17.424350068984186,3.813633195210947,94,16
Sudan,SDN,2013,-0.6887656807213045,-0.6618195853812098,-0.8134622740808339,-1.3525420023783457,0.04071702052988986,-0.05495200441243371,-0.513433186228307,-0.5689433293288134,-1.2105808136489213,-0.023929691893144107,-1.2707653623175506,-1.5289995066023851,-0.8699626167409662,-1.3758724415986392,-1.5772565080797532,17.447445251883284,3.7634249407782807,94,17
Sudan,SDN,2014,-0.6772803752592281,-0.9229490237373973,-0.7735729094102953,-1.5275431440854448,-0.207209065780554,-0.048774195044180395,-0.49385294446725303,-0.7474134310620414,-1.2105808136489213,-0.023929691893144107,-1.2707653623175506,-1.5289995066023851,-0.8699626167409662,-1.3758724415986392,-1.5772565080797532,17.474531629216873,3.730492457167586,94,18
Sudan,SDN,2015,-0.6844843413438856,-1.193765484995348,-0.7563647375674751,-1.5993324862180311,-0.06259350126757919,-0.04162193589838341,-0.49319324730936487,-0.9169473548486913,-1.2105808136489213,-0.023929691893144107,-0.7205709147994724,-1.5289995066023851,-0.8699626167409662,-1.4055596941087722,-1.5772565080797532,17.505000625615814,3.749833571019717,94,19
Sudan,SDN,2016,-0.6821926833534654,-1.6184355384761921,-0.8130215975114724,-1.689449168552446,-0.2128308240191245,-0.03426514495820918,-0.4580119331392591,-0.8097278414944299,-1.2105808136489213,-0.023929691893144107,-0.4454736910404334,-1.5289995066023851,-0.8699626167409662,-1.4055596941087722,-1.5772565080797532,17.535401472293305,3.729732987988214,94,20
Sudan,SDN,2017,-0.6991254734342164,-1.4410699419273392,-0.735861005435435,-1.615247759955414,-0.1977167622212268,-0.025604556126621172,-0.4763765798185482,-0.871316038792389,-1.2105808136489213,-0.023929691893144107,-0.4454736910404334,-1.5289995066023851,-0.731601690460617,-1.4439780908533606,-1.5772565080797532,17.57004448062728,3.731773508388634,94,21
Senegal,SEN,1996,-0.8838322097321258,-0.7593798816429905,-1.7849231541905786,-0.7875625653369989,-0.6181721106673106,-0.22596384949727125,-0.6465341240763011,-0.23571545375468037,0.041101488814628474,-0.023929691893144107,-1.2707653623175506,0.3904244667213316,-0.039797059058874096,0.14515355046027645,0.6989247041956543,16.02015366097777,3.6733951827817077,95,0
Senegal,SEN,1997,-0.8811270078500315,-0.8251517688621794,-1.7920922491149607,-0.7593661432974087,-0.13036602103826686,-0.22467477160689683,-0.650981699845526,-0.3081606142798175,0.3540220644305159,-0.023929691893144107,-1.40831397419707,0.3904244667213316,0.30610525664199734,0.14515355046027645,0.3432713897776209,16.043748757957594,3.7408161235884934,95,1
Senegal,SEN,1998,-0.8664996686990128,-0.47387860171811547,-1.7943751909043695,-0.7344156553096702,-0.4618578053464432,-0.2233679725502226,-0.6460813071403979,-0.2900277006396666,0.6669426400464034,-0.023929691893144107,-1.5458625860765898,0.3904244667213316,0.6520075723428688,0.14515355046027645,-0.15464325040762328,16.067113150374635,3.695498644334543,95,2
Senegal,SEN,1999,-0.8498735435851755,-0.5292878241289675,-1.7655673045491342,-0.6940634845141374,-0.22044246309096904,-0.22201068960648854,-0.6385178511803229,-0.3176734452885371,0.6669426400464034,-0.023929691893144107,-1.40831397419707,0.3904244667213316,0.6520075723428688,0.14515355046027645,-0.15464325040762328,16.090815714129423,3.7287037766210136,95,3
Senegal,SEN,2000,-0.8434445011971768,-0.4156331498936711,-1.7436338899456956,-0.7174954420833559,-0.4148430935466122,-0.2205972062704367,-0.6282297459584827,-0.2538626636975466,0.6669426400464034,-0.023929691893144107,-1.2707653623175506,0.3904244667213316,0.6520075723428688,0.14515355046027645,-0.15464325040762328,16.114916703454703,3.7020522545164587,95,4
Senegal,SEN,2001,-0.8350866949171416,-0.4485065096555913,-1.731253029333601,-0.6872153711699912,-0.53293168639731,-0.21914020008341523,-0.6136024770950067,-0.2642092680055306,1.2927837912781783,-0.023929691893144107,-0.7205709147994724,0.497059165081209,0.9287294249035662,0.47258455649259246,-0.15464325040762328,16.139166395422563,3.685509043331452,95,5
Senegal,SEN,2002,-0.8461372693401572,-0.2693023158137712,-1.6815028714755944,-0.5875789575584904,-0.4463636060676641,-0.21763204308372053,-0.5201879401798946,-0.18906634940543482,1.9186249425099533,-0.023929691893144107,-0.17037646728139427,0.6036938634410864,1.205451277464263,0.8000155625249085,-0.43916590194204935,16.163663008413018,3.6976632048244418,95,6
Senegal,SEN,2003,-0.8319991059301425,-0.6357272924039263,-1.6815028714755944,-0.6551847262449878,-0.48077619139663885,-0.21611382265289455,-0.40838337432579336,-0.23711872540901127,0.041101488814628474,-0.023929691893144107,-0.17037646728139427,0.1771550700015777,0.5136466460625201,0.14515355046027645,-0.43916590194204935,16.187731502356044,3.6928493516164758,95,7
Senegal,SEN,2004,-0.8215200765882207,-0.6251218897348612,-1.5717082904303938,-0.5725943404138072,-0.4134931095290832,-0.21459818655882062,-0.283769759499772,-0.16537520281349094,0.041101488814628474,-0.023929691893144107,-0.17037646728139427,0.1771550700015777,0.5136466460625201,0.14515355046027645,-0.43916590194204935,16.21119475176446,3.702239802503282,95,8
Senegal,SEN,2005,-0.8123456975412862,-0.5285611881589541,-1.4892064253237838,-0.536390539487244,-0.38505073734695294,-0.21305134787354674,-0.16151269591751105,-0.2811260074280287,0.041101488814628474,-0.023929691893144107,0.1047207564776448,0.1771550700015777,0.6520075723428688,0.8000155625249085,-0.43916590194204935,16.234586563293913,3.7061830344772857,95,9
Senegal,SEN,2006,-0.8124633976615303,-0.17448415851521656,-1.4179048598821815,-0.5587117783386845,-0.21595964847628904,-0.211475605108562,-0.028106114563321835,-0.30340221770854614,0.041101488814628474,-0.023929691893144107,0.3798179802366839,-0.4626525230036132,-0.039797059058874096,0.42805393967219746,-0.43916590194204935,16.257865854168923,3.729310050725369,95,10
Senegal,SEN,2007,-0.8101684356659753,-0.19335070642517643,-1.4179048598821815,-0.40927216144224754,-0.20996661784354728,-0.2098663493315022,-0.07756399146672638,-0.2850167746992511,0.041101488814628474,-0.023929691893144107,0.3798179802366839,-0.4626525230036132,-0.039797059058874096,0.42805393967219746,-0.43916590194204935,16.281093790616563,3.7301199988481093,95,11
Senegal,SEN,2008,-0.8037132376341724,-0.008525320314164175,-1.1836399684430803,-0.3076933762629231,-0.1757663118542412,-0.208207282547689,-0.14114779427307791,-0.41480690247963486,0.6669426400464034,1.183202376874821,0.1047207564776448,-0.03611432671817715,-0.3165189116195712,0.42805393967219746,-0.6288476696316664,16.304488907122327,3.734729601430023,95,12
Senegal,SEN,2009,-0.8019600490185566,-0.334771871399837,-1.1836399684430803,-0.6119374038291007,-0.2913802865113244,-0.20648977045230563,-0.19735908147050066,-0.4215736816581982,0.6669426400464034,1.183202376874821,0.1047207564776448,-0.24938312628385903,-0.1781579853392228,0.42805393967219746,-0.7236885534764754,16.32814504677734,3.7190606013130005,95,13
Senegal,SEN,2010,-0.7971721237565058,-0.5015721656084465,-0.9514187214885877,-0.6075557129701645,-0.356234718043314,-0.20471512903249997,-0.264342391864178,-0.4403336502200329,0.041101488814628474,1.183202376874821,-0.7205709147994724,-0.4626525230036132,-0.3165189116195712,0.41059112731367664,-0.7236885534764754,16.352014064393476,3.7101622746268745,95,14
Senegal,SEN,2011,-0.8032399340408245,-0.1984960673675253,-0.7522504134430509,-0.45858298021838745,-0.31835923385940335,-0.20278888112949753,-0.33259471010796043,-0.31251547124339796,0.041101488814628474,1.183202376874821,-0.4454736910404334,-0.4626525230036132,-0.3165189116195712,0.4525022960858131,-0.7236885534764754,16.377293214408876,3.715368578794588,95,15
Senegal,SEN,2012,-0.7969422267619585,-0.23652290271769272,-0.6156580293450091,-0.3305809374735358,-0.37827298846940016,-0.20069522298813702,-0.4067787035854359,-0.3287509649643903,0.041101488814628474,1.183202376874821,1.2051096515138011,-0.4626525230036132,-0.1781579853392228,0.5537874459886063,-0.5814272277092624,16.404063454891087,3.707120407479275,95,16
Senegal,SEN,2013,-0.7998775417947522,-0.05870069367729299,-0.5194464837495401,-0.3698257938254348,-0.3636870034749974,-0.1983112378359853,-0.4780337234151131,-0.22996768821632096,0.041101488814628474,1.183202376874821,1.2051096515138011,-0.4626525230036132,-0.1781579853392228,0.5642652381816404,-0.43916590194204935,16.43369804815788,3.709134696227936,95,17
Senegal,SEN,2014,-0.7851752262579299,0.10023544838629857,-0.4663390543088178,-0.4333910066432569,-0.2943750256362409,-0.1956837116957634,-0.5588360561855206,-0.3253419029787134,0.6669426400464034,1.183202376874821,1.2051096515138011,-0.4626525230036132,-0.039797059058874096,0.5642652381816404,-0.43916590194204935,16.465373792918506,3.7186514483367024,95,18
Senegal,SEN,2015,-0.7688031928979563,0.04417604072391132,-0.46666001739197355,-0.4430583674164654,-0.24717097861241047,-0.19305632846817294,-0.6402051516835945,-0.28824808097638066,0.6669426400464034,1.183202376874821,0.6549152039957229,-0.24938312628385903,-0.039797059058874096,0.5520413219196376,-0.6762681115540715,16.496075270024956,3.725081253889081,95,19
Senegal,SEN,2016,-0.7514650903930264,0.15461620756616787,-0.46666001739197355,-0.559528624839005,-0.21535679391136392,-0.1904291774736086,-0.6900186807723566,-0.3093474499036458,0.6669426400464034,1.183202376874821,0.6549152039957229,-0.24938312628385903,-0.039797059058874096,0.5747430303746746,-0.7236885534764754,16.525859581415173,3.7293915551996917,95,20
Senegal,SEN,2017,-0.7273958497577059,0.38470678368713873,-0.46666001739197355,-0.4548462743878638,-0.158397826862664,-0.187806248356365,-0.3526145310147925,-0.3148913429558569,0.6669426400464034,1.183202376874821,0.6549152039957229,-0.24938312628385903,-0.039797059058874096,0.5642652381816404,-0.7236885534764754,16.55473657039598,3.7370624587634937,95,21
Solomon Islands,SLB,2002,-1.0123901475157966,-2.0206987007902195,-1.203617536060513,-0.8208818625585887,-0.6484774290233705,-0.27722984379676946,-0.9423845242527643,-1.465197172549024,1.216924333655072,0.2809015751989,0.5937824386986523,-0.35135076699438267,-0.21449543868637855,-0.15251109573084948,0.1298794011268022,13.03390804932801,3.669052765369252,96,0
Solomon Islands,SLB,2003,-0.998985494058332,-1.651249372650503,-1.203617536060513,-0.5056775147878241,-0.6988669369864331,-0.2771793301362448,-0.9314412144658951,-1.465197172549024,1.216924333655072,0.2809015751989,0.5937824386986523,-0.35135076699438267,-0.21449543868637855,-0.15251109573084948,0.1298794011268022,13.052273475828422,3.6617904994661767,96,1
Solomon Islands,SLB,2004,-0.9813585801117092,-1.544053847459651,-1.203617536060513,-0.3062345661902145,-0.7699845392103079,-0.2771289712977375,-0.8921062334851956,-1.4514110607377502,1.216924333655072,0.2809015751989,0.5937824386986523,-0.35135076699438267,-0.21449543868637855,-0.15251109573084948,0.1298794011268022,13.070252907114217,3.651450262564933,96,2
Solomon Islands,SLB,2005,-0.9636465738445409,-1.2187057442145435,-1.1847048448965187,-0.19683573972030366,-0.6383456502335897,-0.27707854100291446,-0.8591391619183312,-1.5412264517491068,1.9186249425099533,1.183202376874821,0.6549152039957229,0.10606566919770762,-0.039797059058874096,0.47258455649259246,0.1298794011268022,13.087939620437679,3.6705066366534176,96,3
Solomon Islands,SLB,2006,-0.9556862493612739,-1.3347392410748806,-1.0026635050796229,-0.10317679897779942,0.6187423833183999,-0.2770278427469075,-0.8972124774895126,-1.480519637944196,1.2927837912781783,1.183202376874821,0.6549152039957229,-0.14274872650101778,-0.039797059058874096,0.47258455649259246,0.1298794011268022,13.105410485751667,3.8362381964402044,96,4
Solomon Islands,SLB,2007,-0.949174231308229,-1.1582097653359713,-0.9655205095919914,0.3030322039680642,1.5401024084567407,-0.2769768586656376,-0.9425233165874183,-1.4254467989228008,1.2927837912781783,1.183202376874821,0.930012427754762,0.10606566919770762,-0.039797059058874096,0.47258455649259246,0.1298794011268022,13.122677328116646,3.942342661843464,96,5
Solomon Islands,SLB,2008,-0.9334460494231263,-1.1246315992062597,-0.9655205095919914,0.40794420515419516,1.063661050829066,-0.2769254458464734,-0.9354148331750273,-1.4020066243027964,1.2927837912781783,1.183202376874821,0.930012427754762,0.10606566919770762,-0.039797059058874096,0.47258455649259246,0.1298794011268022,13.139792602172358,3.888882006456739,96,6
Solomon Islands,SLB,2009,-0.9297016649163914,-1.1958185459894342,-0.9655205095919914,-0.04219243476863447,0.41503375027750977,-0.2768697635124446,-0.999765653058139,-1.2719537695361034,1.2927837912781783,1.183202376874821,0.930012427754762,0.10606566919770762,-0.039797059058874096,0.47258455649259246,0.1298794011268022,13.15800461494864,3.8111777870920354,96,7
Solomon Islands,SLB,2010,-0.9047379098835439,-0.5710176071790747,-0.4516684652391007,0.6639217477561276,2.624678039487669,-0.2767814732796732,-0.9432608955589603,-1.1758205259453902,1.2927837912781783,1.183202376874821,0.930012427754762,0.354879467742361,-0.039797059058874096,0.47258455649259246,0.1298794011268022,13.1862185401057,4.05433340810256,96,8
Solomon Islands,SLB,2011,-0.8905416120804382,-0.9256375513499292,-0.5105463571540938,0.9869213563364585,1.3479056996823442,-0.27666251637806977,-0.9420559136547799,-0.7014445660414735,1.2927837912781783,1.183202376874821,0.930012427754762,0.6036938634410864,0.30610525664199734,0.47258455649259246,0.1298794011268022,13.223015626550223,3.92111930397288,96,9
Solomon Islands,SLB,2012,-0.8956150660713706,-0.8061666785859525,-0.520451652332414,0.9163762671331503,-0.2981370409075998,-0.27653948646647003,-1.0558882877054285,-0.7353176632037587,1.2927837912781783,1.183202376874821,0.930012427754762,0.6036938634410864,0.30610525664199734,0.47258455649259246,0.1298794011268022,13.259699771819305,3.71813722974073,96,10
Solomon Islands,SLB,2013,-0.8896299129337152,-0.8553607431542644,-0.520451652332414,0.7645820965228995,0.08196267350332291,-0.2764124192730318,-1.1334929194263825,-0.952317432753313,1.2927837912781783,1.183202376874821,0.930012427754762,0.6036938634410864,0.30610525664199734,0.47258455649259246,0.1298794011268022,13.296225924106643,3.7687999742609373,96,11
Solomon Islands,SLB,2014,-0.899647057809491,-1.0585619635983603,-0.520451652332414,0.585488136210535,-0.37643970741164473,-0.27628163635117586,-1.19985826921298,-0.8509900553020677,1.2927837912781783,1.183202376874821,1.3273751821079423,0.9354463910393865,1.2669449609840064,0.47258455649259246,0.1298794011268022,13.332476804165715,3.7073738021408755,96,12
Solomon Islands,SLB,2015,-0.907356739195324,-0.8099689576343552,-0.520451652332414,0.4322695196523955,-0.21845025838400609,-0.2761476140763404,-1.2542789497223399,-0.9603058879516707,1.2927837912781783,1.183202376874821,1.571905803140667,0.9354463910393865,1.2669449609840064,0.47258455649259246,0.1298794011268022,13.36831053875429,3.728973255877764,96,13
Solomon Islands,SLB,2016,-0.899824282517283,-0.8192038603044525,-0.520451652332414,0.3554803744359609,-0.1752300306859881,-0.2760108705068144,-1.2365677825822852,-0.9599503093868187,1.2927837912781783,1.183202376874821,1.571905803140667,0.9354463910393865,1.2669449609840064,0.47258455649259246,0.1298794011268022,13.403594688360647,3.73480171380553,96,14
Solomon Islands,SLB,2017,-0.9015497571302103,-0.5480189500189856,-0.520451652332414,0.2579208921162916,-0.1378270715589282,-0.27587216784329893,-1.2596445922946407,-0.7890456803069756,2.1272388264781847,0.7808251815697751,1.0828441209196593,0.9354463910393865,1.2669449609840064,0.47258455649259246,0.1298794011268022,13.438156116676879,3.739818409315524,96,15
Solomon Islands,SLB,2018,-0.9041661880101236,-0.6474421019698872,-0.520451652332414,0.4411885062109147,-0.38122219668648155,-0.27573265534153857,-1.2879906500884508,-0.7891126884442937,2.1272388264781847,0.7808251815697751,1.3273751821079423,0.9354463910393865,1.2669449609840064,0.47258455649259246,0.1298794011268022,13.471754659764771,3.7067126354674036,96,16
Sierra Leone,SLE,1996,-0.9939338863059404,-1.4086493495839465,-1.3701108937196391,-0.6908544743808515,-0.6434318503786826,-0.2549501277899441,-1.35975522684121,0.7733075427729816,1.2927837912781783,-0.023929691893144107,0.37148187412344796,-1.8392091039008849,-0.2703987873406901,1.236590062604793,-2.098881369226201,15.250407208463375,3.6697770507107634,97,0
Sierra Leone,SLE,1997,-1.0159495189217451,-3.040818539147872,-1.3701108937196391,-1.3112320281657739,-0.6183560843373226,-0.25462556129453456,-1.3789782957385925,0.00396233754250484,1.2927837912781783,-0.6274957262771266,0.24921634352930674,-2.1106428001141078,0.1908043925010895,-0.29142121156441336,-1.0556316469333056,15.263303746906448,3.673368878194067,97,1
Sierra Leone,SLE,1998,-1.0136731199280686,-2.1025486292994326,-1.3701108937196391,-1.1059289402933494,-0.6531815529957653,-0.25437505331568117,-1.3996829885950397,-0.2752119837317153,1.2927837912781783,-1.2310617606611092,0.12695081293516502,-2.3820764963273304,0.6520075723428688,-1.8194324857336197,-1.1030520888557094,15.27314510014983,3.668377022474271,97,2
Sierra Leone,SLE,1999,-1.020905092562645,-2.71133444254588,-1.3701108937196391,-1.1520120826384264,-0.6418064828737063,-0.254242513759397,-1.4260783467993057,-0.22902120272540427,1.2927837912781783,-1.2310617606611092,0.2603313717580666,-2.1106428001141078,0.6520075723428688,-1.8194324857336197,-1.0082112050109016,15.278313079907706,3.6700102581394223,97,3
Sierra Leone,SLE,2000,-1.0092461269007102,-2.6138506566367967,-1.3701108937196391,-0.4599483110521061,0.4332355347359426,-0.25361388873119106,-1.4817498871409172,-0.024032662092414038,1.2927837912781783,-1.2310617606611092,0.3937119305809682,-1.8392091039008849,0.6520075723428688,-1.8194324857336197,-1.0082112050109016,15.302467114902331,3.8134427126964767,97,4
Sierra Leone,SLE,2001,-1.0438677698376357,-1.492076991289638,-1.3701108937196391,-1.0883084174193476,-0.5520765446996229,-0.25201145107759004,-1.5406254072584933,-1.58956551545827,1.0841701576464067,-1.2310617606611092,0.6271277434627116,-0.564440420338479,0.5531782997537835,-0.6188522175967293,-1.0082112050109016,15.361522290379973,3.6828010400244353,97,5
Sierra Leone,SLE,2002,-0.9931764028507629,-1.4156109273698168,-1.3701108937196391,-1.0016213917051981,-0.560328840328653,-0.2503517650057072,-1.5584414100299913,-1.5137045477591071,0.8755565240146354,-1.2310617606611092,0.8605435563444555,0.7103282632239274,0.45434902716469816,0.5817280505401612,-1.1504725307781145,15.419219289941147,3.6816315031565945,97,6
Sierra Leone,SLE,2003,-0.9772163832120734,-1.427793398934754,-1.3701108937196391,-0.7824987479568065,-0.5845501336417702,-0.2491235976697955,-1.5818295867641026,-1.3853924977239882,0.8755565240146354,-1.2310617606611092,0.8605435563444555,0.7103282632239274,0.8496661175210388,0.5817280505401612,-1.292733856545327,15.459869182553538,3.678190877983238,97,7
Sierra Leone,SLE,2004,-0.9675889280513457,-1.535156321261273,-1.3701108937196391,-0.7904853609281033,-0.1705731529750093,-0.24806348367908337,-1.5150936703020366,-1.263107417780534,0.8755565240146354,-1.2310617606611092,1.794206807871429,0.7103282632239274,1.4755843827154898,1.236590062604793,-1.1504725307781145,15.493675333174812,3.735427693856521,97,8
Sierra Leone,SLE,2005,-0.9622471160203078,-1.413992930427346,-1.3701108937196391,-0.7504417429101623,-0.02292974077952923,-0.24719412827789244,-1.563514849171825,-1.3055736837319185,0.041101488814628474,-1.2310617606611092,1.527445690225626,0.7103282632239274,1.4755843827154898,1.236590062604793,-1.5298360661573491,15.520570056256256,3.7550735420828665,97,9
Sierra Leone,SLE,2006,-0.9553726140741177,-1.4920670571125902,-1.3701108937196391,-1.4913475781371566,-0.3356402431738953,-0.24646316589618217,-1.6117061012141516,-0.15032465579019466,-0.27665358452629424,0.6556962855854254,1.527445690225626,0.7103282632239274,1.2306047404183251,0.05085342072296934,-1.5772565080797532,15.542636746009611,3.712996520334029,97,10
Sierra Leone,SLE,2007,-0.9501454542180133,-1.5392605267165775,-1.3701108937196391,-1.4995562380805996,-0.18929015747355923,-0.24571950810904475,-1.6454900771396952,-0.2270931810354133,-0.234268617727353,0.5989504555911259,1.527445690225626,0.7103282632239274,1.276015349867241,0.05085342072296934,-1.5772565080797532,15.564597884703357,3.7329093628341057,97,11
Sierra Leone,SLE,2008,-0.9461417691559654,-1.5131379973116925,-1.3701108937196391,-1.515567567515097,-0.42918708472730677,-0.2448538743909645,-1.6856080376794158,-0.38525488469730823,-0.5346723703186049,-0.05612004134456566,1.4051801596314848,0.7103282632239274,1.4890911763389776,0.33375380993489034,-1.5772565080797532,15.589568101875885,3.7000573246283173,97,12
Sierra Leone,SLE,2009,-0.9503278055733423,-1.4122458387032049,-1.3701108937196391,-1.4626394466319528,-0.1599177400903501,-0.24389562137831855,-1.709957295392589,-0.638630160032907,-0.5847396624171465,-1.2310617606611092,-0.17037646728139427,-0.24938312628385903,-0.45487983789991987,-0.22855419646140362,-1.5298360661573491,15.616501783100667,3.736858527953434,97,13
Sierra Leone,SLE,2010,-0.9379222173649194,1.4041555054611463,-1.3701108937196391,-1.3206580422902041,0.33719404984005635,-0.24290078273202131,-1.7065426369015209,-0.56657452620944,-0.5847396624171465,-1.2310617606611092,0.1047207564776448,-0.24938312628385903,-0.3165189116195712,0.277872076942172,-1.292733856545327,15.643716864655904,3.8014335631042004,97,14
Sierra Leone,SLE,2011,-0.9184217528237465,2.8712010216718653,-0.8322521107944857,-0.8600736211746759,2.8158462520636625,-0.2419210154136491,-1.7065077045352781,-0.6151413807682473,-0.5847396624171465,-1.2310617606611092,0.1047207564776448,-0.03611432671817715,-0.3165189116195712,0.277872076942172,-1.292733856545327,15.669814686908651,4.072835572513523,97,15
Sierra Leone,SLE,2012,-0.8882378668225306,0.7940817463410202,-0.6830177351520882,-0.5806805170021939,1.4329338028310843,-0.24094546401790468,-1.6525721166136123,-0.29383605754543846,-0.5847396624171465,-1.2310617606611092,-0.4454736910404334,-0.03611432671817715,-0.45487983789991987,-0.12377627453106271,-1.482415624234945,15.695140632162074,3.93056414928899,97,16
Sierra Leone,SLE,2013,-0.8387557477897555,-0.629366931767171,-0.8756186286959995,-0.5812212312030666,0.36100618415694274,-0.2399750217487346,-1.6008220181173372,-0.05150486568420646,-0.5847396624171465,-1.2310617606611092,0.3798179802366839,-0.24938312628385903,-0.45487983789991987,-0.13600071468267552,-1.482415624234945,15.71971320150255,3.8044245356890527,97,17
Sierra Leone,SLE,2014,-0.8853145838993876,-0.8353657210969837,-0.8756186286959995,-0.6465252743558306,0.21065385481202292,-0.23900837261899094,-1.573496052734659,-0.5509007240922242,-0.5847396624171465,-1.2310617606611092,0.1047207564776448,-0.24938312628385903,-0.45487983789991987,-0.1499707550136483,-1.292733856545327,15.74360378119836,3.785387371321929,97,18
Sierra Leone,SLE,2015,-0.9128081193079572,-0.5850187974094307,-0.8531151680641225,-1.0724701414494586,0.004408997224645353,-0.2380480592825749,-1.519258639567086,-0.8691894385734195,0.041101488814628474,-1.2310617606611092,0.3798179802366839,-0.24938312628385903,-0.45487983789991987,-0.15171740297222672,-1.292733856545327,15.7667857181471,3.7586693382503373,97,19
Sierra Leone,SLE,2016,-0.8972849742003629,-0.6339424257795769,-0.7702587348104188,-0.8808401981881359,-0.25166601433763014,-0.2370496180470265,-1.3313804057325151,-0.6291838230248734,0.041101488814628474,-1.2310617606611092,0.3798179802366839,-0.24938312628385903,-0.45487983789991987,-0.15171740297222672,-1.292733856545327,15.79033144910746,3.7244707494178977,97,20
Sierra Leone,SLE,2017,-0.8941284195805033,-0.4553336061371738,-0.7922156241278518,-0.9258267446768881,0.6218095852570005,-0.2360136741551084,-1.1568401241599529,-0.6292915147402461,0.041101488814628474,-1.2310617606611092,0.3798179802366839,-0.24938312628385903,-0.45487983789991987,-0.1325079426551275,-1.2690236355841247,15.81418934112951,3.8366107680484243,97,21
El Salvador,SLV,1996,-0.2515400000329382,-0.7700199330141775,-0.44710147859002647,-0.5253722196396376,0.08825672603571755,-0.24538643831206394,1.2652297970501705,-0.13606101794039555,-1.2105808136489213,-1.2310617606611092,-0.4454736910404334,0.6036938634410864,-1.1466844693016627,-1.1645704736689877,-0.15464325040762328,15.574279612029818,3.7696176650988056,98,0
El Salvador,SLV,1997,-0.2257932794310067,-0.7266367746938356,-0.44710147859002647,-0.28454805691762197,-0.5533761874569803,-0.24515246651560793,1.0449360259521143,-0.15287192879430236,-1.2105808136489213,-1.2310617606611092,-0.4454736910404334,0.497059165081209,-1.1466844693016627,-1.1645704736689877,0.5803735993896442,15.581025122920387,3.682616941982721,98,1
El Salvador,SLV,1998,-0.20399473052402808,-0.671076869719912,-0.44710147859002647,-0.36268059509336315,1.1344920091835042,-0.2449368887657582,1.0419695543450846,-0.07216075946239273,-1.2105808136489213,-1.2310617606611092,-0.4454736910404334,0.3904244667213316,-1.1466844693016627,-1.1645704736689877,1.2679700072645055,15.587200304229277,3.8970129637923265,98,2
El Salvador,SLV,1999,-0.18649373739815447,-0.7307471203692494,-0.40419108024153355,-0.3592407966856789,-0.31634564361937123,-0.2447396752890498,1.0941167894886945,-0.014430363321128663,-1.2105808136489213,-1.2310617606611092,0.24226936835716434,0.3904244667213316,-1.1466844693016627,-1.1645704736689877,1.2679700072645055,15.592816239315317,3.715644606361516,98,3
El Salvador,SLV,2000,-0.179487460118948,-0.6026539432479648,-0.31116682108733407,-0.1345866564952448,-0.39466529007550244,-0.24456421430578673,0.9917272390017795,-0.01413192505578014,-1.2105808136489213,-1.2310617606611092,0.930012427754762,0.3904244667213316,-1.1466844693016627,-1.1645704736689877,1.2679700072645055,15.597786365765376,3.70485181809207,98,4
El Salvador,SLV,2001,-0.17428643821076523,-0.6620152435254856,-0.2266975612279203,-0.216634792615666,-0.25271950824370676,-0.24441716911741035,0.9123204809524255,0.0025955166061173394,-0.8976602380330339,-1.2310617606611092,0.930012427754762,0.3904244667213316,-0.8007821536007913,-0.8371394676366716,1.125708681497293,15.601932641993123,3.7243276125906357,98,5
El Salvador,SLV,2002,-0.1600671016635052,-0.6190024232681315,-0.0994302783028774,-0.21580969172795927,0.003093296668471565,-0.24430658451413273,1.012259029497994,0.01906955138199511,-0.5847396624171465,-1.2310617606611092,0.930012427754762,0.3904244667213316,-0.45487983789991987,-0.5097084616043556,0.1298794011268028,15.605039541507573,3.758496583264646,98,6
El Salvador,SLV,2003,-0.14446784637106933,-0.6013370862515347,0.025126623106533134,-0.1483548993029,-0.4666241916592994,-0.24423531874858287,1.0362696549995818,-0.007882064926288663,-0.5847396624171465,-1.2310617606611092,0.3798179802366839,0.3904244667213316,-0.45487983789991987,-0.5097084616043556,0.1298794011268028,15.607036666632538,3.69483183030258,98,7
El Salvador,SLV,2004,-0.13533196454627022,-0.7235618518769337,0.15868361266113254,-0.10338443924868107,-0.18593011211548338,-0.24419916185282595,0.9216123859983405,-0.12054981199375854,-0.5847396624171465,-1.2310617606611092,0.6549152039957229,0.1771550700015777,-0.3165189116195712,-0.5097084616043556,0.34327138977762206,15.608048390855389,3.7333619167213365,98,8
El Salvador,SLV,2005,-0.10416317522908562,-0.7712202070793279,0.1510906285179274,-0.10531832585153898,-0.03839581675730312,-0.24419376094629572,0.7134048779803813,-0.21517410376632662,-0.5847396624171465,-1.2310617606611092,0.930012427754762,0.1771550700015777,-0.3165189116195712,-0.5097084616043556,0.27214072689401525,15.608199428498438,3.7530335866094227,98,9
El Salvador,SLV,2006,-0.05141355992657048,-0.6990144699399707,0.14298030442220028,0.0035152547534970124,-0.38832533227880484,-0.24421316729070808,0.825306158500033,-0.21513194488823806,-0.5847396624171465,-1.2310617606611092,0.930012427754762,0.1771550700015777,-0.3165189116195712,0.13991465436375938,0.011328296320792016,15.607656619122706,3.70572983800253,98,10
El Salvador,SLV,2007,-0.02985094139306028,-0.5007999545818025,0.1399777471711219,0.12473841792670849,0.9625762801164133,-0.24416847731991498,0.8858090892079836,-0.21094305524205076,-0.271819086801259,-1.2310617606611092,1.2051096515138011,0.3904244667213316,-0.3165189116195712,0.13991465436375938,-0.43916590194204935,15.60890618795101,3.877162387176891,98,11
El Salvador,SLV,2008,-0.006590748787798192,-0.48328220932280336,0.09672139841194785,0.21335097263644656,0.23560784342417343,-0.24405252158357202,0.8972313938280247,-0.09737703808749863,0.041101488814628474,-1.2310617606611092,1.4802068752728401,0.6036938634410864,-0.3165189116195712,0.17134803094286175,-0.43916590194204935,15.61214114401583,3.788572160914222,98,12
El Salvador,SLV,2009,-0.0379541901380103,-0.9099658076211189,0.11775446638560073,-0.21138329823209812,-0.2839452440762055,-0.2439394896014808,0.4993502212200811,-0.17350732509704378,0.041101488814628474,-1.2310617606611092,1.2051096515138011,1.0302326568805948,-0.45487983789991987,0.17134803094286175,-0.43916590194204935,15.615284492066161,3.7200756827495036,98,13
El Salvador,SLV,2010,-0.014923620013641259,-0.9579238687979136,0.1697438457365465,0.005893457668353068,-0.7648805025557501,-0.24382057438272822,0.48672058296951287,-0.14795293212636998,0.041101488814628474,-0.023929691893144107,1.2051096515138011,1.0302326568805948,-0.45487983789991987,0.1835719472048649,-0.43916590194204935,15.618580818338195,3.6521959426148145,98,14
El Salvador,SLV,2011,0.02894072200911552,-0.7718608037139117,0.22756926538280633,0.17291897889854443,-0.5487055040904653,-0.24369029760977534,0.47589119681767844,-0.0711344182782269,0.041101488814628474,-0.023929691893144107,1.2051096515138011,1.0302326568805948,-0.45487983789991987,0.1835719472048649,-0.24948413425243235,15.622179657527601,3.6832783994750873,98,15
El Salvador,SLV,2012,0.06210135537465283,-0.7344332025291417,0.26683605799620996,0.1255391707147004,-0.2987953090003277,-0.2435482900916576,0.43673207551294563,-0.03822282905580488,0.041101488814628474,-0.023929691893144107,1.2051096515138011,1.0302326568805948,-0.3165189116195712,0.1835719472048649,-0.3443250180972414,15.626087856008137,3.718047225859351,98,16
El Salvador,SLV,2013,0.08628210825075593,-0.6206886050533656,0.3179567903353506,0.20710050668781838,-0.4579659590488086,-0.2434002326054751,0.35251047339476704,-0.07729748167206778,0.041101488814628474,-0.023929691893144107,1.2051096515138011,1.0302326568805948,-0.3165189116195712,0.19404973939789902,-0.4391659019420505,15.6301463571933,3.6960427812866543,98,17
El Salvador,SLV,2014,0.10480130469572065,-0.8740533918376141,0.286891581082532,0.13880534073794215,-0.2580129996641093,-0.2432566292296395,0.42462643329851396,-0.08632927919759992,0.041101488814628474,-0.023929691893144107,0.930012427754762,1.0302326568805948,-0.3165189116195712,0.19404973939789902,-0.6288476696316664,15.634067090538723,3.7236080826189735,98,18
El Salvador,SLV,2015,0.1337939056226356,-0.8440537861730022,0.2630352685267227,0.09386766930185188,-0.2812612876301608,-0.24313324203646114,0.5982979990136292,-0.14686538750274675,0.041101488814628474,-0.023929691893144107,0.930012427754762,1.0302326568805948,-0.3165189116195712,0.21325919971499765,-0.43916590194204935,15.63742363631995,3.720441861364301,98,19
El Salvador,SLV,2016,0.16624593440684823,-0.8685353680822816,0.175230275597694,-0.015007280423862405,-0.30399115452122166,-0.24303127387392137,0.4528753787425754,-0.1848027033681107,0.041101488814628474,-0.023929691893144107,0.930012427754762,1.0302326568805948,-0.3165189116195712,0.21325919971499765,-0.4865863438644545,15.64018903521894,3.7173365222405277,98,20
El Salvador,SLV,2017,0.19622616822833197,-0.8032378239752058,0.09610193892342178,0.028225107958656532,-0.2977928585299215,-0.242955452768244,0.5589741720271773,-0.15667815934287646,0.041101488814628474,-0.023929691893144107,0.930012427754762,1.0302326568805948,-0.45487983789991987,0.1765869270393788,-0.7236885534764754,15.64224037416944,3.7181842859894054,98,21
"Somalia, Fed. Rep.",SOM,2007,-1.1724163142693054,-0.8387358552855546,-2.075975016158086,0.4434783691116876,-0.19489233954037996,-0.212532634568312,0.06264928071312809,-0.1528225352017399,-0.3761257784489145,-1.2310617606611092,-0.606641930474125,-1.635633906385226,-1.8846092249822868,-0.9462829616842404,-3.568915068820735,16.24230978492218,3.732154366943107,99,0
"Somalia, Fed. Rep.",SOM,2012,-1.138498635415832,-0.8387358552855546,-2.075975016158086,0.4434783691116876,-0.21927065414642355,-0.20575275214783764,-0.013205465521997521,-0.1528225352017399,-1.2105808136489213,-1.2310617606611092,-2.096057033594668,-1.5289995066023851,-2.1152109532641026,-1.8194324857336197,-3.568915068820735,16.33812724515291,3.72886229232142,99,1
"Somalia, Fed. Rep.",SOM,2013,-1.1261330268603091,-1.0044308927829615,-2.075975016158086,0.29119898792788074,0.248981599597932,-0.203320653076431,-0.03509516465663272,-0.1528225352017399,-1.2105808136489213,-1.2310617606611092,-2.096057033594668,-1.5289995066023851,-2.1152109532641026,-1.8194324857336197,-3.568915068820735,16.370378110545698,3.79027484079503,99,2
"Somalia, Fed. Rep.",SOM,2014,-1.1169535893764815,-1.1207354190616556,-2.075975016158086,0.2434732878351677,0.15314760490092452,-0.2005225607105732,-0.04880472200546486,-0.1528225352017399,-1.2105808136489213,-1.2310617606611092,-2.096057033594668,-1.5289995066023851,-2.1152109532641026,-1.8194324857336197,-3.568915068820735,16.406239516767133,3.778009199981955,99,3
"Somalia, Fed. Rep.",SOM,2015,-1.1043294868360085,-1.1525442964390489,-2.075975016158086,0.091512214293721,0.21865018953869164,-0.19773890847518485,-0.06753548156290559,-0.1528225352017399,-1.2105808136489213,-1.2310617606611092,-1.8209598098356288,-1.5289995066023851,-2.1152109532641026,-1.8194324857336197,-3.568915068820735,16.44068366052182,3.786409020107003,99,4
"Somalia, Fed. Rep.",SOM,2016,-1.0983299290281265,-1.18921792278581,-2.075975016158086,0.02988133027938033,0.23010447248957616,-0.1945127927781335,-0.0730687874552785,-0.1528225352017399,-1.2105808136489213,-1.2310617606611092,-1.8209598098356288,-1.5289995066023851,-2.1152109532641026,-1.8194324857336197,-3.568915068820735,16.47917276112931,3.787870656360166,99,5
"Somalia, Fed. Rep.",SOM,2017,-1.0769288042663097,-1.0704498708201404,-2.075975016158086,-0.13558891657248812,0.2038146627221135,-0.19113118813806423,-0.10062825522386062,-0.1528225352017399,-1.2105808136489213,-1.2310617606611092,-1.5458625860765898,-1.5289995066023851,-2.1152109532641026,-1.8194324857336197,-3.758596836510352,16.51798725591345,3.7845127355468096,99,6
"Somalia, Fed. Rep.",SOM,2018,-1.0803112855896158,-0.7939136992067264,-2.075975016158086,0.014176855382287648,0.26431677790321717,-0.1879403182687443,-0.09243600581675977,-0.1528225352017399,-1.2105808136489213,-1.2310617606611092,-1.5458625860765898,-1.5289995066023851,-2.1152109532641026,-1.8194324857336197,-3.8534377203551613,16.553280583941895,3.792223677722549,99,7
"Somalia, Fed. Rep.",SOM,2019,-1.0823520215251334,-0.7968659256604622,-2.075975016158086,-0.08837388340309661,0.26108118547747616,-0.18449562365658273,-0.0852458731172965,-0.1528225352017399,-1.2105808136489213,-1.2310617606611092,-1.5458625860765898,-1.5289995066023851,-2.1152109532641026,-1.8194324857336197,-3.8534377203551613,16.590033159054354,3.7918128056893132,99,8
"Somalia, Fed. Rep.",SOM,2020,-1.0965552242255703,-0.8059970941273583,-2.075975016158086,0.06869868416486193,0.4431193138196298,-0.18080240397832914,0.01916965944012107,-0.1528225352017399,-1.2105808136489213,-1.2310617606611092,-1.5458625860765898,-1.5289995066023851,-2.1152109532641026,-1.8194324857336197,-3.8534377203551613,16.627992363419764,3.814670447727706,99,9
Serbia,SRB,1996,0.19179131175227432,-1.486679453892636,1.0026583882827598,-1.3391412341744104,-0.6559508981720563,-0.2345673625966738,0.5200931331601826,0.3809033915087685,-1.2105808136489213,-0.023929691893144107,-1.8209598098356288,-0.6759219197233678,-1.2850453955820114,-1.1645704736689877,0.4144020526612283,15.846573763162013,3.6679789950543085,100,0
Serbia,SRB,1998,0.4249319611013897,-1.3828312123024813,1.0026583882827598,-0.9943440712193524,-0.560415149136431,-0.23489153608234684,0.5164668341571527,0.3259366974246988,-1.2105808136489213,-1.2310617606611092,-2.096057033594668,-0.6759219197233678,-1.2850453955820114,-1.1645704736689877,0.4144020526612283,15.839405826782757,3.6816192640166436,100,1
Serbia,SRB,2000,0.3515020307558729,-1.339053595353467,1.0026583882827598,-1.5198621673160595,-0.5352838716022057,-0.23519760134667653,0.49216047224879866,0.6772837839097949,-0.5847396624171465,-1.2310617606611092,-1.5458625860765898,-0.889191316443122,-1.1466844693016627,-1.1645704736689877,0.4144020526612283,15.832590806624337,3.6851767261429003,100,2
Serbia,SRB,2002,0.5835501406636536,-0.9686813941698392,0.9130761219949634,-0.5538621085752382,-0.09883947530690847,-0.23529475216259782,0.5140042355743171,0.3380561829098833,-1.2105808136489213,-1.2310617606611092,-0.17037646728139427,-0.889191316443122,-1.561767248142709,-1.1645704736689877,0.4144020526612283,15.830417845164103,3.7450209935036414,100,3
Serbia,SRB,2003,0.6747817454535198,-0.7335563913113594,0.8980578203882565,-0.4376939083382194,0.48542658470241984,-0.23541051139407254,0.5249743846872854,0.14721377314661144,-1.2105808136489213,-1.2310617606611092,-0.17037646728139427,-0.889191316443122,-1.561767248142709,-1.1645704736689877,0.4144020526612283,15.827822491203936,3.8199087683146087,100,4
Serbia,SRB,2004,0.8120839137034473,-0.39551720302377164,0.8934946944850953,-0.030474215005582467,0.05612956315862092,-0.2355143255114352,0.5589502523092397,0.2322345713523739,-1.2105808136489213,-0.023929691893144107,-0.4454736910404334,-0.6759219197233678,-1.4234063218623598,-1.1645704736689877,0.4144020526612283,15.825489207000233,3.7654368483466185,100,5
Serbia,SRB,2005,0.943796380975928,-0.4121237474271997,0.9087578776897941,-0.03906120367654402,0.7301637362340508,-0.2356476391778064,0.6347511432670595,0.15724247987168438,-1.2105808136489213,-0.023929691893144107,-0.7205709147994724,-0.6759219197233678,-1.4234063218623598,-1.1645704736689877,0.4144020526612283,15.822484896077732,3.8496842142474765,100,6
Serbia,SRB,2006,1.040709062388791,-0.17816998287851002,0.9219933419867818,0.06386269668596772,2.1426057759014236,-0.23582151621273756,0.8609713087199731,0.1721987673647161,0.041101488814628474,-0.023929691893144107,-0.7205709147994724,0.1771550700015777,-0.039797059058874096,0.6463414516569447,0.4144020526612283,15.818552850673209,4.0060969739929275,100,7
Serbia,SRB,2007,1.2346826454790485,0.11484384201374935,0.9393716624173979,-0.01799038234608279,1.0938948035678533,-0.23600009745512063,0.8713696523182077,0.09960861403501264,0.041101488814628474,-0.023929691893144107,-0.4454736910404334,0.1771550700015777,-0.039797059058874096,0.6463414516569447,0.4144020526612283,15.814498265803124,3.8923607452085287,100,8
Serbia,SRB,2008,1.3771327660308461,0.09918200386001011,0.9764728791188843,0.07009079713455017,0.6723793354434922,-0.23618681876280337,0.8720304882975802,0.03829498124422912,0.041101488814628474,-0.023929691893144107,-0.4454736910404334,0.1771550700015777,-0.039797059058874096,0.6236392193122977,0.4144020526612283,15.810241210864822,3.8427335257879998,100,9
Serbia,SRB,2009,1.3032887651689475,-0.49168944303153683,1.0133645124707347,-0.2861594269580141,0.4518363330426053,-0.2363619760567246,0.7780986693609641,-0.2272666751036852,0.041101488814628474,-0.023929691893144107,-0.4454736910404334,0.1771550700015777,0.09856386722147399,1.0602142432817918,0.4144020526612283,15.806231262359454,3.815752001638896,100,10
Serbia,SRB,2010,1.35597839455266,-0.619373770792252,1.011310319876754,0.01088656530342772,0.034703047683738164,-0.23653687134415485,0.823990126209802,-0.1684449504531851,0.041101488814628474,-0.023929691893144107,-0.4454736910404334,0.1771550700015777,0.09856386722147399,1.0322731148406281,0.4144020526612283,15.80221120390094,3.7626387954318576,100,11
Serbia,SRB,2011,1.37762532577571,-0.6460733850079422,1.0909539231108305,0.07026875515090668,1.0524312863300884,-0.23686388521837795,0.98409015763695,-0.06412523116699367,0.041101488814628474,-0.023929691893144107,-0.4454736910404334,0.1771550700015777,0.09856386722147399,1.0322731148406281,0.4144020526612283,15.794650985822992,3.8875868052411056,100,12
Serbia,SRB,2012,1.3787036532610941,-0.32790050588060976,1.1104206313135305,0.2544050827860228,-0.15382593214677848,-0.23707243047582177,0.9604920931161246,-0.039096508007852665,0.041101488814628474,-0.023929691893144107,-0.4454736910404334,0.1771550700015777,0.09856386722147399,1.0322731148406281,0.4144020526612283,15.789799617901284,3.737675631494303,100,13
Serbia,SRB,2013,1.4039651351182563,-0.7614311817931615,1.1190808359344784,0.3200463460858341,0.06882616426371177,-0.23728051126721336,0.917708235077692,0.06945904285437049,0.041101488814628474,-0.023929691893144107,0.1047207564776448,-0.03611432671817715,0.5136466460625201,1.5282221199407793,0.4144020526612283,15.784935483375975,3.7670911896654666,100,14
Serbia,SRB,2014,1.3680587637162596,-0.8223204981000964,1.1167387420023132,0.4378866424397217,0.06701186293385232,-0.23748753212325502,0.8831737561123704,-0.04184238870565473,0.041101488814628474,-0.023929691893144107,0.1047207564776448,0.8169632601608406,0.6520075723428688,1.5352071401062655,0.4144020526612283,15.780072532341089,3.7668549574241865,100,15
Serbia,SRB,2015,1.4165823594268392,-0.7094938061977553,1.200783871346281,0.5876632258394036,0.3516061733169,-0.23770430676639318,0.8559616102365023,-0.033996029772229194,0.041101488814628474,-0.023929691893144107,0.930012427754762,1.0302326568805948,1.0670903511839143,1.5352071401062655,0.4144020526612283,15.774954989733269,3.8032448962774645,100,16
Serbia,SRB,2016,1.5122613926568091,-0.686286206552243,1.185065120123693,0.7088007642508297,0.3345389200573559,-0.23792499364281727,0.8640926699694794,-0.04302120365257086,0.041101488814628474,-0.023929691893144107,0.6549152039957229,1.0302326568805948,0.9287294249035656,1.5107593075822585,0.4144020526612283,15.769718045842655,3.8010995049754412,100,17
Serbia,SRB,2017,1.5942258742334128,-0.5912394337617387,1.1583302819697212,0.8557575498421174,0.46215771180662363,-0.23814808026051115,0.9938336708671298,-0.03707713882549916,0.041101488814628474,-0.023929691893144107,0.6549152039957229,1.0302326568805948,0.7903684986232175,1.4828181791410948,0.4144020526612283,15.764396133188413,3.81703110389728,100,18
Serbia,SRB,2018,1.7456298365395702,-0.3277968921000726,1.1435885752310175,0.9379196920229375,0.7138570917465804,-0.23837587108565692,1.2156618893735196,-0.10335663622867956,0.041101488814628474,-0.023929691893144107,0.6549152039957229,1.0302326568805948,0.7903684986232175,1.4828181791410948,0.4144020526612283,15.75893261428239,3.8477276317661424,100,19
Sao Tome and Principe,STP,2003,-0.6841198647388822,-0.09145487439041167,-0.9871066294178696,-0.16305872309946667,-0.06451489078503231,-0.2790392189407105,0.6582024483208764,-0.9549425099097605,0.6669426400464034,0.5796363424908384,0.930012427754762,0.354879467742361,0.6520075723428688,0.14515355046027645,0.1298794011268022,11.943505860556789,3.749579038058071,101,0
Sao Tome and Principe,STP,2004,-0.6780168786686125,-0.09145487439041167,-0.8592700243542459,-0.16305872309946667,-0.1133648359174097,-0.2790160492303366,0.6789795018398971,-0.9549425099097605,0.3571828125806969,0.6223128067972331,0.9716938386320572,-0.04975750580010246,0.8197176183058047,0.19145700971973234,0.1298794011268022,11.968487819151903,3.743085861998659,101,1
Sao Tome and Principe,STP,2005,-0.652823306949326,-0.09145487439041167,-0.7390204744311741,-0.16305872309946667,1.3825996581723634,-0.2789926234681647,0.37829380528604595,-0.9549425099097605,0.041101488814628474,0.5796363424908384,1.2051096515138011,0.10606566919770762,0.6520075723428688,0.14515355046027645,0.1298794011268022,11.99312691919241,3.9249838572812252,101,2
Sao Tome and Principe,STP,2007,-0.6041189241693158,-0.09145487439041167,-0.6135383728401549,-0.16305872309946667,3.633747700097749,-0.2789446226880764,0.4718184754917418,-0.9549425099097605,-0.271819086801259,-0.6274957262771266,0.5173665921162034,-0.5692875199405265,0.30610525664199734,0.8000155625249085,0.1298794011268022,12.04179334395687,4.148344216676408,101,3
Sao Tome and Principe,STP,2008,-0.5780064352148789,-0.09145487439041167,-0.7168984003421184,-0.16305872309946667,6.818899154152872,-0.27892025012972116,0.5378116715836497,-0.9549425099097605,0.041101488814628474,-0.023929691893144107,0.6549152039957229,-0.4626525230036132,0.5136466460625201,0.8000155625249085,0.1298794011268022,12.06562596877793,4.397721100265938,101,4
Sao Tome and Principe,STP,2009,-0.5711443030462421,-0.09145487439041167,-0.5145480202942877,-0.16305872309946667,0.7157133335680463,-0.2788960740762341,0.5532234910550504,-0.8983485868986968,0.041101488814628474,-0.023929691893144107,0.6549152039957229,-0.4626525230036132,-0.1781579853392228,0.8000155625249085,0.1298794011268022,12.088718267986772,3.8479505495104394,101,5
Sao Tome and Principe,STP,2010,-0.5766841384120382,-0.09145487439041167,-0.47602866888820017,-0.16305872309946667,4.0727629432583425,-0.2788725589936676,0.5424436030506764,-1.0323994917354848,0.041101488814628474,-0.023929691893144107,0.1047207564776448,-0.4626525230036132,-0.1781579853392228,0.8000155625249085,0.1298794011268022,12.110678962239529,4.186639018116116,101,6
Sao Tome and Principe,STP,2011,-0.5775155173720475,-0.09145487439041167,-0.5281444643342642,-0.16305872309946667,1.8653534751385883,-0.2788496512897847,0.5393209867472554,-1.258198548712184,0.041101488814628474,-0.023929691893144107,-0.17037646728139427,-0.4626525230036132,-0.1781579853392228,0.8000155625249085,0.1298794011268022,12.131618459605226,3.977263243044315,101,7
Sao Tome and Principe,STP,2012,-0.5710909668371852,-0.09145487439041167,-0.2569950405581132,-0.16305872309946667,1.1112013972553612,-0.27882708300340153,0.5499604067612119,-1.23185498005407,0.041101488814628474,-0.023929691893144107,-0.17037646728139427,-0.4626525230036132,-0.1781579853392228,0.8000155625249085,0.1298794011268022,12.151827630677777,3.8943466337718924,101,8
Sao Tome and Principe,STP,2013,-0.5483396147405066,-0.09145487439041167,-0.0052057408206748635,-0.16305872309946667,0.15283273800388655,-0.27880499704714945,0.5813785950497803,-1.1448129564665133,0.041101488814628474,-0.023929691893144107,0.1047207564776448,-0.24938312628385903,-0.1781579853392228,0.8000155625249085,0.1298794011268022,12.171217190757702,3.7779686516836466,101,9
Sao Tome and Principe,STP,2014,-0.5258231940531299,-0.09145487439041167,0.3915582908616242,-0.16305872309946667,0.9488896826953233,-0.27878344701326535,0.6208364176251319,-1.1888704143757216,0.041101488814628474,-0.023929691893144107,0.1047207564776448,-0.24938312628385903,-0.1781579853392228,0.8000155625249085,0.1298794011268022,12.189780648753196,3.8755649732644493,101,10
Sao Tome and Principe,STP,2015,-0.5277457896228825,-0.09145487439041167,0.6850362007494628,-0.16305872309946667,1.2512667032885958,-0.2787624626752141,0.6044143972204633,-1.2838503561402728,0.041101488814628474,-0.023929691893144107,0.1047207564776448,-0.24938312628385903,-0.1781579853392228,0.8000155625249085,0.1298794011268022,12.207531580766418,3.91027529357446,101,11
Sao Tome and Principe,STP,2016,-0.5011548547412333,-0.09145487439041167,0.7384664422955667,-0.16305872309946667,0.7616343198127521,-0.2787422286284779,0.6352619122074974,-1.396629181350859,0.041101488814628474,-0.023929691893144107,0.1047207564776448,-0.24938312628385903,-0.1781579853392228,0.8000155625249085,0.1298794011268022,12.224354509208187,3.8534494804252097,101,12
Sao Tome and Principe,STP,2017,-0.48136610244734496,-0.09145487439041167,0.9757412677681211,-0.16305872309946667,1.2306004473294991,-0.27872269128082006,0.6535555718625486,-1.5014612184553313,0.6669426400464034,-0.023929691893144107,0.1047207564776448,-0.4626525230036132,-0.1781579853392228,0.8000155625249085,0.1298794011268022,12.2403339658147,3.9079409596121204,101,13
Sao Tome and Principe,STP,2018,-0.4584712505796678,-0.09145487439041167,0.9757412677681211,-0.16305872309946667,0.4407810414682087,-0.27870353503351275,0.6684303265478522,-1.5588090124873775,0.6669426400464034,-0.023929691893144107,0.1047207564776448,-0.4626525230036132,-0.1781579853392228,0.8000155625249085,0.1298794011268022,12.255757647308222,3.814380130250932,101,14
Sao Tome and Principe,STP,2019,-0.4543910621232614,-0.09145487439041167,0.9757412677681211,-0.16305872309946667,0.38429874017739846,-0.27868445024252114,0.6622903468985589,-1.6308361084518885,0.6669426400464034,-0.023929691893144107,0.3798179802366839,-0.4626525230036132,-0.1781579853392228,0.8000155625249085,0.1298794011268022,12.270890815062488,3.807341615744699,101,15
Suriname,SUR,1996,1.1088668044324828,1.8638302740758204,0.20102248273052747,0.7226968425775935,-0.2621869332520579,-0.2773420361671509,0.9387397843037432,-0.06571121949811953,1.2927837912781783,-0.023929691893144107,1.2829150691929014,-0.21060692662154704,0.6520075723428688,0.8000155625249085,-0.15464325040762328,12.991869652107505,3.7230403658325963,102,0
Suriname,SUR,1997,1.1938495367349882,1.8638302740758204,0.20102248273052747,0.7226968425775935,-0.8323008324162519,-0.2772870326681215,0.7441080597682962,0.009979576337163726,1.2927837912781783,0.5796363424908384,1.2162246797425609,0.06082676959167617,0.6520075723428688,1.018302812564851,0.20101006401040902,13.012700285593121,3.6423009700506594,102,1
Suriname,SUR,1998,1.1991293501396254,1.8638302740758204,0.20102248273052747,0.7226968425775935,-0.5104792871492825,-0.27723142179040844,0.14970550483689196,-0.4919493540703903,1.2927837912781783,1.183202376874821,1.1495342902922212,0.3322604658048994,0.6520075723428688,1.236590062604793,0.6989247041956543,13.033328864345275,3.6886755769414483,102,2
Suriname,SUR,1999,1.113790732924965,1.8638302740758204,0.20102248273052747,0.7226968425775935,-1.88818672227695,-0.27717479266019623,-0.35910755038837505,-0.43108492739390264,1.2927837912781783,1.183202376874821,0.9494635620967579,0.06082676959167617,0.6520075723428688,1.4548775745895406,0.6989247041956543,13.053906790662433,3.47301002845784,102,3
Suriname,SUR,2000,1.1141876846078715,1.8638302740758204,0.20102248273052747,0.7226968425775935,-2.4773413089882004,-0.27711687136160806,-0.1909457490621244,-0.18015154932000713,1.2927837912781783,1.183202376874821,0.7493928339012951,-0.21060692662154704,0.6520075723428688,1.6731650865742875,0.6989247041956543,13.074525159989774,3.3643929867745337,102,4
Suriname,SUR,2001,1.164409934271583,1.8638302740758204,0.20102248273052747,0.7226968425775935,-1.2264021322759056,-0.2770578186713542,0.048872298851749735,-0.1903664496401015,0.875556273678175,1.183202376874821,0.9494635620967579,-0.09670187743563362,0.5531782997537835,1.6731650865742875,0.6040838203508453,13.095117558154065,3.5824155519443277,102,5
Suriname,SUR,2002,1.1824738990131674,1.8638302740758204,0.2522959461483528,0.7226968425775935,-1.8511062670883203,-0.27699832533382,0.26903190730668936,0.1350186381689472,0.4583287560781714,1.183202376874821,1.1495342902922212,0.017203171750279474,0.45434902716469816,1.6731650865742875,0.1298794011268022,13.115443490115156,3.4794671422317918,102,6
Suriname,SUR,2003,1.2876756433576313,1.8638302740758204,0.2522959461483528,0.7226968425775935,-1.7165354796134857,-0.27693959419698694,0.570268208366667,-0.020706432657751666,0.4583287560781714,1.183202376874821,1.2162248998203402,0.017203171750279474,0.45434902716469816,1.6731650865742875,0.1298794011268022,13.135111770226496,3.5025568939237566,102,7
Suriname,SUR,2004,1.4669339517387407,1.8638302740758204,0.2522959461483528,0.7226968425775935,-1.1022677090991067,-0.27689488040742194,0.8575708585549713,0.33267190906639016,0.4583287560781714,1.183202376874821,1.1495342902922212,0.017203171750279474,0.8496661175210388,1.6731650865742875,0.1298794011268022,13.149830673582768,3.6016680444646547,102,8
Suriname,SUR,2005,1.5615976514266166,1.8638302740758204,0.17872309009697807,0.7226968425775935,-0.378700778803876,-0.2768627846122754,0.8870219768214239,0.5678265656835488,0.4583287560781714,1.183202376874821,0.8160834434294145,0.8169632601608406,0.8496661175210388,1.891452074669425,0.1298794011268022,13.160263988837393,3.7070612693959895,102,9
Suriname,SUR,2006,1.69482970962508,1.8638302740758204,0.2313533299361232,0.7226968425775935,-1.7607653732022392,-0.2768289381373936,0.9325484353195774,0.8301058802879935,0.9753646694672368,0.2121317440940166,0.7405008113182867,-0.20221452329430994,0.37423196296762035,1.5963277691955011,0.1298794011268022,13.171149732042695,3.4950265588694664,102,10
Suriname,SUR,2007,1.8124151385361027,2.3826393481710806,0.24762885587306924,0.8160788687624987,-2.1477743659300357,-0.27679309684036446,0.9510072753215282,0.8371479178754182,0.767433202690308,0.1744252839411529,1.0722126035713782,0.019583427881087346,0.4628609913494651,1.5963277691955011,0.1298794011268022,13.182549314777518,3.4265992018608253,102,11
Suriname,SUR,2008,1.903933046634193,2.765878147105977,0.2692170439556878,1.0427770855515295,-1.8190546216805399,-0.2767560050578102,1.0027840598914928,1.0880091596929267,0.8340362193502355,0.5910244264275953,1.360292655669612,0.0886831113172079,0.568817235251251,1.6277611457746028,0.1298794011268022,13.194211369153635,3.485015149609566,102,12
Suriname,SUR,2009,1.9621835769695746,2.961531416681029,0.18476653629071785,0.4244753585922279,-1.0839320733307758,-0.276718353534116,0.9691515173918435,0.6052974529206006,0.041101488814628474,-0.023929691893144107,0.6549152039957229,0.3904244667213316,0.7903684986232175,1.075930931571343,0.1298794011268022,13.20591193240711,3.60448063103761,102,13
Suriname,SUR,2010,2.091341084518716,1.804983447684846,0.26022248979219526,0.5129661066908573,-1.6954070415598836,-0.2766805114602466,0.9890264704702552,0.678678524215764,0.041101488814628474,-0.023929691893144107,0.6549152039957229,0.3904244667213316,0.7903684986232175,1.0881548478333463,0.1298794011268022,13.217535365842485,3.506134187656503,102,14
Suriname,SUR,2011,2.2489816416014765,1.804983447684846,0.17252294136209068,0.5129661066908573,-0.07253245060702962,-0.2766427229786139,1.0445189231296714,0.6735665957839655,0.041101488814628474,-0.023929691893144107,0.6549152039957229,0.3904244667213316,0.7903684986232175,1.0881548478333463,0.1298794011268022,13.229009066872399,3.748516225048965,102,15
Suriname,SUR,2012,2.3033114112366784,1.804983447684846,0.18172672731089798,0.5129661066908573,-0.051743188856974424,-0.2766048273125077,1.0219754896170397,0.6863432399437479,0.041101488814628474,-0.023929691893144107,0.6549152039957229,0.3904244667213316,0.7903684986232175,1.0881548478333463,0.1298794011268022,13.240384606912526,3.7512697338771415,102,16
Suriname,SUR,2013,2.367464885876946,1.804983447684846,0.1828401247882839,0.5129661066908573,-0.011425051075282402,-0.27656679468846296,1.0261962980309305,0.43499663628643065,0.041101488814628474,-0.023929691893144107,0.6549152039957229,0.3904244667213316,0.7903684986232175,1.1091104322194145,0.1298794011268022,13.251672619281557,3.7565883012719086,102,17
Suriname,SUR,2014,2.3361970172898903,1.804983447684846,0.13936609471126796,0.5129661066908573,-0.8581567328579831,-0.2765289645239795,1.030718712927834,0.2673904572688381,0.041101488814628474,-0.023929691893144107,0.6549152039957229,0.3904244667213316,0.7903684986232175,1.1091104322194145,0.1298794011268022,13.262775543121073,3.638480091310959,102,18
Suriname,SUR,2015,2.1741164600594804,1.804983447684846,0.24243973759665857,0.5129661066908573,-0.019706789485991003,-0.27649172387410076,1.0325854314506806,0.017798006527451057,0.041101488814628474,-0.023929691893144107,0.6549152039957229,0.3904244667213316,0.7903684986232175,1.1091104322194145,0.1298794011268022,13.273586347096252,3.755498121753812,102,19
Suriname,SUR,2016,1.9687456094184532,1.804983447684846,0.2955374521031912,0.5129661066908573,0.584151545372852,-0.27645522160615116,1.0545831038731628,-0.02435441841980837,0.041101488814628474,-0.023929691893144107,0.6549152039957229,0.3904244667213316,0.7903684986232175,1.1091104322194145,0.1298794011268022,13.284070577538948,3.8320268250612486,102,20
Suriname,SUR,2017,1.9866565254176878,1.804983447684846,0.2955374521031912,0.5129661066908573,-0.1809338014945107,-0.2764197554547796,1.0648654783792202,0.9379293523786579,0.041101488814628474,-0.023929691893144107,0.6549152039957229,0.1771550700015777,0.7903684986232175,1.1073643081504454,0.248430505932813,13.294153000913871,3.734034475538515,102,21
Eswatini,SWZ,1996,-0.4402878388318024,-0.7576296979450592,-0.6026694079048656,0.3453997872546275,-0.4153449466469105,-0.2740609348351491,1.0924387968454679,0.7775374189842303,1.2927837912781783,1.183202376874821,0.6549152039957229,-0.14274872650101778,-0.38569937475974553,-0.8371394676366716,0.1298794011268022,13.805300613414387,3.701982525063375,103,0
Eswatini,SWZ,1998,-0.41699325795771774,-0.7576296979450592,-0.6547155720406871,0.3453997872546275,1.0638770747797495,-0.2738834135281159,1.0834925944415787,0.8877211814522155,1.2927837912781783,1.183202376874821,0.6549152039957229,-0.14274872650101778,-0.38569937475974553,-0.8371394676366716,0.1298794011268022,13.834973912027523,3.8889069054549017,103,1
Eswatini,SWZ,2000,-0.39414325511025083,-0.7576296979450592,-0.7281424091662274,0.3453997872546275,0.2926362685155784,-0.27375383345424137,1.0511006828191956,1.1322156435550164,1.2927837912781783,1.183202376874821,0.6549152039957229,-0.14274872650101778,-0.38569937475974553,-0.8371394676366716,0.1298794011268022,13.856090923294548,3.7958126443872375,103,2
Eswatini,SWZ,2002,-0.35988198721652,-0.7576296979450592,-0.6762976932368645,0.3453997872546275,0.5281158530870103,-0.27364648820394327,1.0363971074402714,1.1329563760488548,1.2927837912781783,1.183202376874821,0.6549152039957229,0.354879467742361,-0.38569937475974553,-0.8371394676366716,0.1298794011268022,13.873252912388839,3.8251667193133785,103,3
Eswatini,SWZ,2003,-0.3237194009417159,-0.7576296979450592,-0.6860262214058233,0.3453997872546275,-1.1531843788278155,-0.27360326308762256,1.0370995689762488,1.0345417898072105,1.2927837912781783,0.5796363424908384,0.6549152039957229,0.354879467742361,-0.039797059058874096,-0.8371394676366716,0.1298794011268022,13.880081266083838,3.5938159639040554,103,4
Eswatini,SWZ,2004,-0.2943524059714505,-0.7576296979450592,-0.5458925890699591,0.3453997872546275,-0.20005214904407145,-0.2735648017256835,1.0448168516013256,1.172137601669602,1.3180702771525468,0.6223128067972331,0.7493928339012951,0.4327913538183019,0.20478022966466738,-0.41710154308544295,0.1298794011268022,13.886118125128228,3.731458484157931,103,5
Eswatini,SWZ,2005,-0.23962557485279862,-0.7576296979450592,-0.46793461507882855,0.3453997872546275,-0.9187746676951064,-0.2735298893607588,1.06175913319667,1.1674723054489988,1.2927837912781783,0.5796363424908384,0.6549152039957229,0.354879467742361,-0.039797059058874096,-0.5097084616043556,0.1298794011268022,13.891566560046453,3.62946456869391,103,6
Eswatini,SWZ,2006,-0.1736307188876963,-0.7576296979450592,-0.3234974920025421,0.3453997872546275,0.012498668941201038,-0.2734976506529808,1.0794025704819814,1.149017130372333,1.2927837912781783,-0.023929691893144107,0.1047207564776448,0.3904244667213316,0.236924793501823,0.001957231785346756,0.1298794011268022,13.896571516275396,3.7597308783055303,103,7
Eswatini,SWZ,2007,-0.13157409746451354,-0.7576296979450592,-0.18357606280818267,0.3453997872546275,-0.4596106430092163,-0.2734603206827074,1.087255852119307,1.1804160151364103,1.2927837912781783,-0.023929691893144107,0.1047207564776448,0.3904244667213316,0.236924793501823,0.001957231785346756,0.1298794011268022,13.902335750956071,3.6958128665713468,103,8
Eswatini,SWZ,2008,-0.12267857453795865,-0.7576296979450592,-0.18357606280818267,0.3453997872546275,-0.07573213554623201,-0.27341633932037857,1.067829424737862,1.0882869698986337,1.2927837912781783,-0.023929691893144107,0.1047207564776448,0.3904244667213316,0.236924793501823,0.021166168212835717,0.1298794011268022,13.909084686248274,3.748091757155678,103,9
Eswatini,SWZ,2009,-0.11339993117481018,-0.7576296979450592,-0.1401615613503031,0.3453997872546275,-0.32496288189387385,-0.2733742872785743,1.0526675923565347,1.1326966696668292,1.2927837912781783,-0.023929691893144107,0.1047207564776448,0.3904244667213316,0.236924793501823,0.021166168212835717,0.1298794011268022,13.915495249739216,3.714462800540134,103,10
Eswatini,SWZ,2010,-0.07506658421814921,-0.7576296979450592,0.04153175979917473,0.3453997872546275,-0.10350531479812093,-0.2733355996383022,1.0500815150832565,0.9746964951762701,0.6669426400464034,-0.023929691893144107,0.1047207564776448,0.3904244667213316,0.09856386722147399,-0.43985668828066476,0.1298794011268022,13.921356855610922,3.7443997982937245,103,11
Eswatini,SWZ,2011,-0.059370444029779215,-0.7576296979450592,0.13687012247765787,0.3453997872546275,-0.2848110242000343,-0.27329878177162475,1.0349878310926253,0.9049875067022701,0.6669426400464034,-0.023929691893144107,-0.9956681385585116,0.3904244667213316,0.09856386722147399,-0.37698993512246004,0.1298794011268022,13.926903442245472,3.7199575336822726,103,12
Eswatini,SWZ,2012,-0.015383697113952297,-0.7576296979450592,0.2079533489494277,0.3453997872546275,-0.5569097696689714,-0.2732628749729729,1.0448016275257235,0.8919373834635259,0.6669426400464034,-0.023929691893144107,-0.9956681385585116,0.3904244667213316,0.09856386722147399,-0.38746772731549417,0.1298794011268022,13.932283305673833,3.6821162287385123,103,13
Eswatini,SWZ,2013,0.030133114763816728,-0.7576296979450592,0.26600848833332236,0.3453997872546275,-0.33054217864348473,-0.27322639056910225,1.0334553326930709,0.7954191160520327,0.6669426400464034,-0.023929691893144107,-0.7205709147994724,0.3904244667213316,0.09856386722147399,-0.38746772731549417,0.1298794011268022,13.937720226055037,3.7136968857763106,103,14
Eswatini,SWZ,2014,0.05003270113603365,-0.782484170109107,0.3707273605133461,0.5321332585123003,-0.549104165340984,-0.27318882241110976,0.9960955860404249,0.7618020789289341,0.6669426400464034,-0.023929691893144107,-0.7205709147994724,0.3904244667213316,0.09856386722147399,-0.4066766637429837,0.1298794011268022,13.9432879279061,3.6832219585441672,103,15
Eswatini,SWZ,2015,0.06526787803899138,-0.9155964530284357,0.4640562049434266,0.4344116583554572,-0.5128317490553732,-0.27315003354105694,0.9458519108297944,0.8286684556171373,0.6669426400464034,-0.023929691893144107,-0.4454736910404334,0.6036938634410864,0.37528571978217107,-0.4066766637429837,0.1298794011268022,13.949004199876248,3.688344271580934,103,16
Eswatini,SWZ,2016,0.09745862929785853,-0.5920253119653301,0.6714100589949921,0.4663186559862855,-0.527848351096731,-0.27311017282626826,0.9049822058174396,0.9001452870680118,0.6669426400464034,-0.023929691893144107,-0.4454736910404334,0.6036938634410864,0.37528571978217107,-0.41715445593601785,0.1298794011268022,13.954844582708786,3.6862268409468646,103,17
Eswatini,SWZ,2017,0.13594099451544345,-0.7829643624362542,0.6714100589949921,0.3941943736887981,-0.8853466571476327,-0.27305843845368327,0.717762610068863,0.6570184867567757,0.6669426400464034,-0.023929691893144107,-0.4454736910404334,0.6036938634410864,0.37528571978217107,-0.41715445593601785,0.1298794011268022,13.962374180132912,3.6344462650988243,103,18
Eswatini,SWZ,2018,0.12364495744518904,-0.6700343009213163,0.6714100589949921,0.3538195656757166,-0.5369052630733484,-0.27299452077926717,0.5129208743482081,0.5811640624328414,0.6669426400464034,-0.023929691893144107,-0.4454736910404334,0.6036938634410864,0.37528571978217107,-0.41715445593601785,0.1298794011268022,13.971599358421791,3.684947591321212,103,19
Syrian Arab Republic,SYR,1996,-0.12013424399293539,0.11542104985627223,-0.7578449199742695,-0.09954548043091033,-0.5413386023191583,-0.19052693566821358,1.685618139754599,-0.12539276188920706,-1.2105808136489213,-1.2310617606611092,-0.4454736910404334,-0.4626525230036132,-0.45487983789991987,-1.1645704736689877,2.4060606134022096,16.524767031227594,3.6843208042491944,104,0
Syrian Arab Republic,SYR,1997,-0.09285434965557739,-0.21842006263751096,-0.7595810146816703,-0.2069660101235116,-0.558011733075516,-0.18814840501482885,1.5875939542187667,0.12759390428083917,-1.2105808136489213,-1.2310617606611092,-0.4454736910404334,-0.7825566180832448,-0.45487983789991987,-1.1645704736689877,2.0504072989841773,16.551016574882325,3.68196002777695,104,1
Syrian Arab Republic,SYR,1998,-0.04357877174454602,-0.2548568142145282,-0.732259067381154,-0.346600285266147,-0.5601571549077019,-0.1857494319004538,1.5069360189371732,-0.04897155869054827,-1.2105808136489213,-1.2310617606611092,-0.4454736910404334,-1.1024607131628763,-0.45487983789991987,-1.1645704736689877,1.5524926587989325,16.576811689367183,3.6816558488000055,104,2
Syrian Arab Republic,SYR,1999,-0.11894871731277516,-0.47140092373158543,-0.7299248328246017,-0.2626835298237103,-0.36173493607997326,-0.18332201321772715,1.422789811133902,0.24373029456925177,-1.2105808136489213,-1.2310617606611092,-0.4454736910404334,-1.1024607131628763,-0.45487983789991987,-1.1645704736689877,1.5524926587989325,16.602252523858237,3.709403964371428,104,3
Syrian Arab Republic,SYR,2000,-0.140343142349802,-0.6545591655934931,-0.7133965659140465,-0.23426327084783832,-0.40276200141019874,-0.18088161925900342,1.1264731435508193,0.5240022090566564,-1.2105808136489213,-1.2310617606611092,-0.4454736910404334,-1.1024607131628763,-0.45487983789991987,-1.1645704736689877,0.8886064718852714,16.62719312232878,3.703729383512705,104,4
Syrian Arab Republic,SYR,2001,-0.15667795921237787,-0.27988828044131897,-0.6726563204207506,-0.17363998700277222,-0.5594264993689982,-0.17841965144762367,1.0753384329081355,0.25707263794471935,-0.8976602380330339,-1.2310617606611092,-0.032827855401874745,-0.995826014802999,-0.24733844847939684,-0.8371394676366716,0.4144020526612283,16.65173929233453,3.6817594518965167,104,5
Syrian Arab Republic,SYR,2002,-0.13976360808388363,-0.28274852879294593,-0.6243578374974733,-0.049195644322511306,-0.557149741629282,-0.17593658020433312,1.0748812331882598,0.1751906459787307,-0.5847396624171465,-1.2310617606611092,0.3798179802366839,-0.889191316443122,-0.039797059058874096,-0.5097084616043556,0.4144020526612283,16.675900256836155,3.682082215303218,104,6
Syrian Arab Republic,SYR,2003,-0.08522190810435734,0.0716898732900031,-0.11127008295183685,-0.34304562499540553,-0.5257856179443512,-0.17342986882992348,1.0601546205019006,0.10144621393731501,-1.2105808136489213,-1.2310617606611092,0.3798179802366839,-1.1024607131628763,-0.1781579853392228,-1.1645704736689877,0.4144020526612283,16.699713159016888,3.6865179644216206,104,7
Syrian Arab Republic,SYR,2004,-0.03286022226069901,-0.1195358343260904,-0.008459935975098348,0.13911099230769589,-0.4612904625112269,-0.17076467330192846,1.1837657362211194,0.24867782972477018,-1.2105808136489213,-1.2310617606611092,0.1047207564776448,-1.1024607131628763,-0.1781579853392228,-1.1645704736689877,0.4144020526612283,16.72442467222453,3.6955779855863957,104,8
Syrian Arab Republic,SYR,2005,0.011922436930239266,0.044136953283176635,0.10109782967339412,0.1978405505063737,-0.34828259180086796,-0.1679229985381713,1.302410814782875,0.34589864690477984,-1.2105808136489213,-1.2310617606611092,-0.17037646728139427,-1.1024607131628763,-0.039797059058874096,-0.5097084616043556,0.4144020526612283,16.750116721477628,3.711257611641177,104,9
Syrian Arab Republic,SYR,2006,0.020401974832574516,-0.13740884049570762,0.14617782934195542,0.02533167420120785,-0.30922821077493395,-0.1630226970918379,1.4191287153498569,0.6630131691498289,-0.5847396624171465,-0.023929691893144107,0.1047207564776448,-0.889191316443122,-0.3165189116195712,-0.9707313180978565,0.4144020526612283,16.79292727099002,3.7166196702015464,104,10
Syrian Arab Republic,SYR,2007,0.011976595363846395,-0.2738848761980566,0.16710307219756904,0.08860265471924723,-0.11092349602588741,-0.15559658161602433,1.5262904679595557,0.585718292975376,-0.5847396624171465,-0.023929691893144107,0.1047207564776448,-0.7825569166602807,-0.3165189116195712,-0.9707313180978565,0.4144020526612283,16.854499906821328,3.743411369798171,104,11
Syrian Arab Republic,SYR,2008,0.02308139799968579,-0.7223480578330113,0.1822553968410163,0.025993260055486543,-0.16075366795971074,-0.15111603838703228,2.0545005604382953,0.59962680485217,-1.2105808136489213,-0.023929691893144107,0.1047207564776448,-0.6759219197233678,-0.1781579853392228,-1.002164694676959,0.6989247041956543,16.88989526551676,3.736746351553882,104,12
Syrian Arab Republic,SYR,2009,0.07980046461201515,-0.5744347428689931,0.2262097133079869,-0.38970060138103885,0.18730529397492796,-0.1490890311241644,2.138511073517429,0.020919885799541096,-1.2105808136489213,-0.023929691893144107,0.1047207564776448,0.1771550700015777,0.09856386722147399,-0.565590194597074,0.841186029962868,16.90550564484394,3.7823982636722917,104,13
Syrian Arab Republic,SYR,2010,0.11894133349150182,-0.2660530533063943,0.2668779834667388,-0.2713628534727266,-0.23096912508111325,-0.14607921964950601,1.9939642429373792,0.2823480715252359,-1.2105808136489213,-0.023929691893144107,0.1047207564776448,0.1771550700015777,0.09856386722147399,-0.5428879622524276,0.841186029962868,16.928244317399727,3.727278661336055,104,14
Syrian Arab Republic,SYR,2011,0.1341920781853916,-0.12393414939282345,0.31993455996185105,-0.6588261033806341,-0.44451461151225197,-0.14372308459640817,1.8463947998418755,0.5586010472386904,-1.2105808136489213,-0.023929691893144107,-1.8209598098356288,0.1771550700015777,-0.3165189116195712,-1.0353441953250309,0.6515042622732504,16.945690635359732,3.6979211992096306,104,15
Syrian Arab Republic,SYR,2012,-0.23930042907673682,-1.196201995090422,0.3501870891788986,-1.1048809623557652,-0.3377418682966826,-0.14442773318985264,1.5386305436717815,-0.16692564700196316,-1.2105808136489213,-0.023929691893144107,-2.096057033594668,-1.1024607131628763,-1.4234063218623598,-1.53478597245273,0.3669816107388232,16.940504798100104,3.7127076589771093,104,16
Syrian Arab Republic,SYR,2013,-0.4799087554723753,-0.9939154546686558,-0.5735286356273586,-0.8331702450013436,-0.3377418682966826,-0.15093529559109853,1.3166465757217658,-0.3219161335278814,-1.2105808136489213,-1.2310617606611092,-2.096057033594668,-1.1024607131628763,-1.9768500269837548,-1.4946209277495621,0.27214072689401525,16.89129713912452,3.7127076589771093,104,17
Syrian Arab Republic,SYR,2014,-0.5141119581454997,-1.7481356294695434,-0.5735286356273586,-0.5549813740571067,-0.3377418682966826,-0.15923171921897936,1.2265105890740937,-0.6308924174748647,-1.2105808136489213,-1.2310617606611092,-2.096057033594668,-1.1024607131628763,-1.9768500269837548,-1.515576512135631,0.248430505932813,16.824833064536254,3.7127076589771093,104,18
Syrian Arab Republic,SYR,2015,-0.5140450302463186,-1.174920804432447,-0.5735286356273586,-0.6474731037540241,-0.3377418682966826,-0.16428749769894468,1.187684498153755,-0.9653922103050632,-1.2105808136489213,-1.2310617606611092,-2.096057033594668,-0.6759219197233678,-1.9768500269837548,-1.5697115971697702,-0.012381924640410819,16.782051840126016,3.7127076589771093,104,19
Syrian Arab Republic,SYR,2016,-0.5557960800051827,-1.7912827185895344,-0.5735286356273586,-0.18109574766233813,-0.3377418682966826,-0.16566174556297047,1.1081768986029759,-0.9031151233306085,-1.2105808136489213,-1.2310617606611092,-2.096057033594668,-1.1024607131628763,-2.1152109532641026,-1.5697115971697702,-0.012381924640410819,16.770099691686376,3.7127076589771093,104,20
Chad,TCD,1996,-1.0727152991033717,-0.932255053028145,-1.9895426876495517,-0.7777377879401397,-0.2199276701687493,-0.23583021601917709,-2.0609587624865986,-1.2197311461372733,0.041101488814628474,0.5796363424908384,-0.17037646728139427,-0.6403769207443966,-0.039797059058874096,-0.5097084616043556,0.1298794011268022,15.818355707015632,3.7287734179967296,105,0
Chad,TCD,1997,-1.067915551518199,-0.7666355084689046,-1.9777238413355562,-0.6990736781279099,-0.14674074673486565,-0.2342804595343444,-2.0397872250973625,-1.1177949434117036,0.041101488814628474,0.5796363424908384,-0.17037646728139427,-0.6403769207443966,-0.039797059058874096,-0.5097084616043556,0.1298794011268022,15.852875020960132,3.738625139193007,105,1
Chad,TCD,1998,-1.0600177668018447,-1.0316009428545614,-1.9455211873094829,-0.735570761190197,-0.43512903461301056,-0.23268177929201192,-2.0174584850366917,-1.1842068518020505,0.041101488814628474,0.5796363424908384,-0.17037646728139427,-0.6403769207443966,-0.039797059058874096,-0.5097084616043556,0.1298794011268022,15.887277852795394,3.6992297644821033,105,2
Chad,TCD,1999,-1.0700799394034166,-0.6888315898671843,-1.9241910487261038,-0.6643038334080202,-0.3721682158179817,-0.230991450370069,-2.0009847220623493,-1.2391640091457576,0.041101488814628474,0.5796363424908384,-0.30792507916091383,-0.6403769207443966,-0.039797059058874096,-0.5097084616043556,0.1298794011268022,15.922409909939185,3.7079639553685997,105,3
Chad,TCD,2000,-1.0800522905051582,-0.2075282509181994,-1.8970700670388077,-0.6333597787901323,0.8170224405571371,-0.22926823367881355,-1.9860490905383688,-1.3479103755542015,0.041101488814628474,0.5796363424908384,-0.4454736910404334,-0.6403769207443966,-0.039797059058874096,-0.5097084616043556,0.1298794011268022,15.95699853373567,3.860042096749983,105,4
Chad,TCD,2001,-1.062178729393974,1.6886582165762412,-1.8360161277369096,-0.2622905647739438,4.117318797925686,-0.22752927873401962,-1.9521114523328218,-1.1665821573689659,0.041101488814628474,0.5796363424908384,-0.7205709147994724,-0.6403769207443966,-0.039797059058874096,-0.5097084616043556,0.1298794011268022,15.990730919619473,4.190444846843056,105,5
Chad,TCD,2002,-1.050590303754793,4.495019944209135,-1.8076991076479263,1.5428613142660226,7.561616567987654,-0.2256710096060437,-1.921759518516395,-1.0682734235010274,0.041101488814628474,0.5796363424908384,-0.9956681385585116,-0.6403769207443966,-0.039797059058874096,-0.5097084616043556,0.1298794011268022,16.025562840690075,4.44790676920676,105,6
Chad,TCD,2003,-1.0245947796125876,3.1463841035653117,-1.7573583246069202,0.2923024064855229,3.9581013997750847,-0.22345800155334328,-1.883420880456835,0.25219082957551486,-0.2716944192439336,-0.7903629507009554,-0.15937257833103272,-0.45688162605225296,-0.7216363831062013,-0.44308280049689996,0.1298794011268022,16.065520904282444,4.176777846917711,105,7
Chad,TCD,2004,-0.9466908618794156,0.010590678704958537,-1.7433245132083666,0.8274748538314158,1.218251415843431,-0.22088436538456407,-1.8362663688963539,1.006811761085037,-0.04610271652508605,-0.6788422959542408,0.8121136804516821,-0.10752678787497419,-0.8291505710379037,0.1304280613121863,0.1298794011268022,16.110067209092808,3.906543483161359,105,8
Chad,TCD,2005,-0.9012286703804251,-0.06571352811969769,-1.731964371768316,0.12347067464277864,-0.8597581491567112,-0.2184545171871028,-1.7917351708233045,1.0791851633365503,-0.01703564942435654,-0.5564762838488871,0.6047317483598198,-0.36971922624767745,-0.7793013430739146,-0.21172529053056188,0.1298794011268022,16.150378216115634,3.638242959792989,105,9
Chad,TCD,2006,-0.9176009393778355,-0.06477260865109169,-1.719758416734517,0.10903860198477065,-1.1651455595867597,-0.21620166628369264,-1.7623165086711694,1.0369641071967468,-0.5847396624171465,-1.2310617606611092,-0.9956681385585116,-0.6759219197233678,-0.8699626167409662,-1.0947187003452967,0.1298794011268022,16.186354586513506,3.591962400624193,105,10
Chad,TCD,2007,-0.9149998604848895,-0.052483862917585014,-1.6322431317615427,0.05154568246756666,-1.1816539051163695,-0.2139672511097396,-1.7287609286705092,1.1677421923758755,-0.5847396624171465,-1.2310617606611092,-1.133216750438031,-0.7825569166602807,-0.8699626167409662,-1.0947187003452967,0.1298794011268022,16.22080213779536,3.589398530091969,105,11
Chad,TCD,2008,-0.9168062323300501,-0.07283004763362846,-1.5418977476786462,-0.12417736302556369,-0.03755811382283955,-0.2116173148920309,-1.6935274369006572,1.2677446187644923,-1.2105808136489213,-1.2310617606611092,-1.2707653623175506,-0.889191316443122,-1.0083235430213147,-0.6808459087204499,0.1298794011268022,16.255794335846105,3.7531441852057537,105,12
Chad,TCD,2009,-0.9356942772578396,0.15201338887868046,-1.4709160726128,-0.24663836752909649,-0.11546689682228997,-0.20913148067119897,-1.646396932506306,0.6562936334292852,-1.2105808136489213,-1.2310617606611092,-0.9956681385585116,-0.6759219197233678,-1.1466844693016627,-0.6808459087204499,0.1298794011268022,16.291524030415367,3.742805505899348,105,13
Chad,TCD,2010,-0.899500402000793,-0.04614366660888625,-1.48483200878784,-0.2794821232764827,-0.2605852713231082,-0.20663753020383924,-1.579839952724755,0.9091000642421513,-1.2105808136489213,-1.2310617606611092,-0.17037646728139427,-0.6759219197233678,-1.2850453955820114,-1.1174204088003348,0.1298794011268022,16.326131737032263,3.7232582536873897,105,14
Chad,TCD,2011,-0.8959711420145974,0.08422302302055562,-1.4684505510156405,-0.4595469016196334,-0.35592879529668836,-0.20400304302752711,-1.5561110451946016,1.1719422722451631,-1.2105808136489213,-1.2310617606611092,-0.4454736910404334,-0.6759219197233678,-1.2850453955820114,-1.0999575964418138,0.1298794011268022,16.36143375275678,3.71020443505222,105,15
Chad,TCD,2012,-0.8743166735024298,0.030556169234666957,-1.494247217091297,-0.5514668611212744,-0.08050752442405372,-0.20128769707527902,-1.4849522925387693,1.3664409735372365,-1.2105808136489213,-1.2310617606611092,-0.4454736910404334,-0.6759219197233678,-1.2850453955820114,-1.0999575964418138,0.1298794011268022,16.39656029816599,3.7474579222157494,105,16
Chad,TCD,2013,-0.8776216844530106,0.35013077689849564,-1.406637503976237,-0.6345341976921434,-0.13887509361359537,-0.19842896211614247,-1.4309946314882036,0.954709791030213,-1.2105808136489213,-1.2310617606611092,-0.4454736910404334,-0.6759219197233678,-1.2850453955820114,-1.120913180827882,0.1298794011268022,16.432255083853516,3.7396781848658,105,17
Chad,TCD,2014,-0.8840992180282516,0.26711938338994506,-1.4675072407961298,-0.946481774891671,-1.317114474174251,-0.1954659128454332,-1.3716753902303969,0.8406628808092993,-1.2105808136489213,-1.2310617606611092,-0.4454736910404334,-0.6759219197233678,-1.2850453955820114,-1.120913180827882,0.1298794011268022,16.46795495107476,3.56810845607664,105,18
Chad,TCD,2015,-0.8838156672131804,-0.04794432351794273,-1.4893085062563027,-0.7224017565839186,0.02663138787116741,-0.1927330481864465,-1.3226274813007735,0.5740630086685902,-1.2105808136489213,-1.2310617606611092,-0.17037646728139427,-0.6759219197233678,-1.2850453955820114,-1.120913180827882,0.1298794011268022,16.499788559432787,3.7615826973251463,105,19
Chad,TCD,2016,-0.9136391949769594,-0.7982261701852224,-1.4790046810276183,-0.8549162605494144,-0.322390026708765,-0.1899520041065821,-1.3064970630092343,-0.14217949790483458,-1.2105808136489213,-1.2310617606611092,-0.17037646728139427,-0.6759219197233678,-1.2850453955820114,-1.120913180827882,0.1298794011268022,16.531175427087884,3.714815799447933,105,20
Chad,TCD,2017,-0.9324798157301657,-0.9036839114602689,-1.549304713117144,-0.8743549029535829,-0.17255070395556293,-0.18692640078614844,-1.2550258338547668,-0.04914782121030016,-1.2105808136489213,-1.2310617606611092,-0.17037646728139427,-0.6759219197233678,-1.0083235430213147,-1.120913180827882,0.1298794011268022,16.56423938330971,3.735161918238774,105,21
Togo,TGO,1996,-0.9862873820294352,-1.4577870931111503,-1.4606168434674396,-0.4052396883583846,-0.6366112132715477,-0.2526953832941672,-1.3394456162665207,-0.11162643606462373,0.4583287560781714,-0.023929691893144107,0.2603311516802875,0.3322604658048994,0.6520075723428688,-0.0731339615244708,-0.7236885534764754,15.336742416429939,3.6707553099283956,106,0
Togo,TGO,1997,-0.9518459328760556,-1.6056284629410402,-1.4460115727316747,-0.5857571266215884,-0.5530992915143156,-0.2518190311287282,-1.3114967617357673,-0.3045524425860407,0.4583287560781714,-0.6274957262771266,0.3270215411306278,0.3322604658048994,0.6520075723428688,-0.29142121156441303,-1.0793418678945077,15.36838467973502,3.682656167910937,106,1
Togo,TGO,1998,-0.9696006095857603,-1.0999204042707915,-1.4460115727316747,-0.5120998318043403,-0.5678910737124065,-0.25100988958292164,-1.3132508375503438,-0.17070738849161957,0.4583287560781714,-1.2310617606611092,0.3937119305809682,0.3322604658048994,0.6520075723428688,-0.5097084616043556,-1.5772565080797543,15.396737044038135,3.6805585613505705,106,2
Togo,TGO,1999,-0.9708553599430704,-1.6635891379730299,-1.2438723616969791,-0.675914519625766,-0.5356080684622205,-0.25018006738840565,-1.3014454749246434,-0.26454801396273986,0.4583287560781714,-1.2310617606611092,0.3937119305809682,0.3322604658048994,0.6520075723428688,-0.5097084616043556,-1.5772565080797543,15.425002468940427,3.6851309148860723,106,3
Togo,TGO,2000,-0.9824795268432791,-1.140919111814847,-1.1509139420489958,-0.7137729047040868,-0.21076113053938186,-0.2493477918603831,-1.268012343626339,0.2720140219779763,0.4583287560781714,-1.2310617606611092,0.3937119305809682,0.3322604658048994,0.6520075723428688,-0.5097084616043556,-1.5772565080797543,15.45257103040013,3.7300126594911838,106,4
Togo,TGO,2001,-0.9882820659894085,-1.0603673633789916,-1.0485208935147892,-0.6385113757668222,-0.039975200529927944,-0.24852994455344407,-1.2604660940808963,0.1948019735214291,0.2497151224464001,-1.2310617606611092,0.46040209995352943,0.734563761234168,0.7508368449319538,-0.5097084616043556,-1.5772565080797543,15.47894088887099,3.7528250335562383,106,5
Togo,TGO,2002,-0.9844204700581575,-1.012131873575671,-0.9022490888265011,-0.6322424660267788,-0.23004255788007652,-0.24772074941540073,-1.2354074308238374,0.2650836132051787,0.041101488814628474,-1.2310617606611092,0.5270922693260907,1.1368670566634365,0.8496661175210388,-0.5097084616043556,-1.6246769500021583,15.504364828109567,3.7274041829407,106,6
Togo,TGO,2003,-0.9714456113593644,-0.9929929347514734,-0.8259873611295868,-0.522225685222148,-0.38391245387555556,-0.24689368424373315,-1.2056656830014725,0.33645615432039244,0.041101488814628474,-1.2310617606611092,0.2603311516802875,1.1368670566634365,0.8496661175210388,-0.5097084616043556,-1.861779159614179,15.529699040076967,3.706340522221431,106,7
Togo,TGO,2004,-0.9830703627644373,-1.101913805744972,-0.7757640206004566,-0.4500207898103832,-0.21100711105058909,-0.24603417790472634,-1.2053562098231427,0.08285209213817733,0.041101488814628474,-1.2310617606611092,0.5270922693260907,1.1368670566634365,0.8496661175210388,-0.5097084616043556,-1.861779159614179,15.555364089036553,3.7299794249740796,106,8
Togo,TGO,2005,-1.0058530144933133,-0.9900627725544647,-0.6947390976317466,-0.34574366709816373,-0.12681401819341326,-0.24515215091688014,-1.2069655377195656,-0.21864737300815615,0.041101488814628474,-1.2310617606611092,0.5270922693260907,1.1368670566634365,0.8496661175210388,-0.9462829616842404,-1.861779159614179,15.58103419111156,3.7412907586391855,106,9
Togo,TGO,2006,-1.0064073095378032,-0.7821175850989701,-0.6296065215679888,-0.34112869251731054,-0.1672222082677189,-0.24416345155904232,-1.1544135701447569,-0.16672995997643986,-1.2105808136489213,-1.2310617606611092,-0.7205709147994724,0.1771550700015777,-0.3165189116195712,-0.2041063639373973,-1.861779159614179,15.609046614792268,3.735877887373498,106,10
Togo,TGO,2007,-1.0183784591360376,-0.8151583020156365,-0.7478084973186453,-0.33643714538904007,-0.3612090210830782,-0.24310544552964405,-0.8325878606661868,-0.06336539262417837,-1.2105808136489213,-1.2310617606611092,-0.4454736910404334,-0.4626525230036132,-0.45487983789991987,-0.6406808640172825,-1.861779159614179,15.638178242191408,3.709476496680571,106,11
Togo,TGO,2008,-1.015263762508063,-0.7161814797913627,-0.7478084973186453,-0.32090856708145776,-0.458577124768091,-0.24203081399745374,-0.6109114388937981,-0.26604623978417224,-1.2105808136489213,-1.2310617606611092,0.1047207564776448,-0.4626525230036132,-0.1781579853392228,-0.08535787778647454,-1.861779159614179,15.666923667955276,3.6959573509880776,106,12
Togo,TGO,2009,-1.0080047841551947,-0.6547088409453995,-0.7478084973186453,-0.32373864181911943,-0.48181026528525356,-0.24094078958391765,-0.13977117894032765,-0.5333424878053931,-1.2105808136489213,-1.2310617606611092,0.1047207564776448,-0.4626525230036132,-0.3165189116195712,-0.5219323778663589,-1.861779159614179,15.69526045253545,3.692704339484899,106,13
Togo,TGO,2010,-0.999064256491218,-0.5771742325565223,-0.7478084973186453,-0.19024674486496723,-0.1880397105209536,-0.23986462769563224,0.03246502278331042,-0.5605868962787034,-0.5847396624171465,-1.2310617606611092,0.1047207564776448,-0.24938312628385903,-0.1781579853392228,0.09276458949510583,-1.64838717096336,15.722470620100866,3.7330778055089024,106,14
Togo,TGO,2011,-0.9898637003894989,-0.1284998705552514,-0.385962568407069,0.12797618474399453,1.7305139972824999,-0.23876965493223218,0.12758052303723783,-0.4413384530678078,-0.5847396624171465,-1.2310617606611092,0.1047207564776448,-0.24938312628385903,-0.039797059058874096,0.5293390895749907,-1.5772565080797543,15.749416804745545,3.9629338821762863,106,15
Togo,TGO,2012,-0.9787034959532015,-0.37628136775970433,-0.385962568407069,0.0692166458260372,-0.2573576814514323,-0.2376724312948868,0.13928421366028848,-0.5874300377941896,-0.5847396624171465,-1.2310617606611092,-0.7205709147994724,-0.24938312628385903,-0.3165189116195712,-0.343809910584779,-1.7669382757693712,15.775709139441306,3.7236971863353343,106,16
Togo,TGO,2013,-0.9684613180497231,-0.3275446256257201,-0.385962568407069,0.2564744038675184,-0.11451924213949101,-0.23657256377385957,0.16059349502175782,-0.40504907078775415,-0.5847396624171465,-1.2310617606611092,-0.7205709147994724,-0.6759219197233678,-0.3165189116195712,-0.343809910584779,-1.861779159614179,15.801388805645917,3.7429319062442516,106,17
Togo,TGO,2014,-0.9584075176925843,0.08209365126166579,-0.385962568407069,-0.07040083460237836,-0.5059051834659578,-0.23545898854959907,0.17872976173500965,-0.2672718146039003,-0.5847396624171465,-1.2310617606611092,-0.7205709147994724,-0.6759219197233678,-0.3165189116195712,-0.343809910584779,-1.838068938652977,15.82673361574168,3.6893194497803834,106,18
Togo,TGO,2015,-0.9485615593901168,0.2970598623697604,-0.385962568407069,-0.12242068388560437,0.13965567234082354,-0.23432316063768316,0.19323755850910782,-0.34924898621621603,0.041101488814628474,-1.2310617606611092,-0.4454736910404334,-0.6759219197233678,-0.1781579853392228,-0.3507954546398747,-1.5772565080797543,15.851939687075529,3.7762702441953144,106,19
Togo,TGO,2016,-0.9427641844533615,-0.03713098049559322,-0.385962568407069,-0.2005036005111583,-0.7914024760743533,-0.23316143576600987,0.19994665737561795,-0.514918604940683,0.041101488814628474,-1.2310617606611092,-0.4454736910404334,-0.6759219197233678,-0.1781579853392228,-0.3665121429294259,-1.5772565080797543,15.87707958348447,3.648315108278412,106,20
Togo,TGO,2017,-0.9375480010708872,-0.689253659424122,-0.0968411620305488,-0.4401911842453522,-0.40974485631661134,-0.23197733911282165,0.21465361532624375,-0.5551688632130812,0.041101488814628474,-1.2310617606611092,-0.9956681385585116,-0.6759219197233678,-0.1781579853392228,-0.4136622077980795,-1.5772565080797543,15.902069336916494,3.702760348291371,106,21
Thailand,THA,1996,0.5528793160237715,2.304125431319395,-0.21254379093845727,0.31835528838047217,-0.429329438368871,0.07685045020156742,0.36960581556130123,0.8383112042868398,0.6669426400464034,1.183202376874821,0.930012427754762,1.0302326568805948,1.3438122037446116,1.4548775745895406,3.010671247912866,17.908521981952354,3.7000375064478965,107,0
Thailand,THA,1997,0.47779462403559075,1.4500475310940755,-0.14412737470700565,0.6320039576039668,-0.19541804591986056,0.08164111979549954,0.2217730127219129,0.7951453746890611,0.6669426400464034,1.183202376874821,0.6549152039957229,0.9235979585207177,1.4821731300249599,1.4548775745895406,2.287509508596199,17.921859198741057,3.7320834891865466,107,1
Thailand,THA,1998,0.32035719748121066,-0.060777916604249325,-0.05534745415047196,0.783003911687932,0.4867428065126654,0.08639323870709795,-0.06422018698763393,0.7573107531060194,0.6669426400464034,1.183202376874821,0.3798179802366839,0.8169632601608406,1.6205340563053086,1.4548775745895406,1.2679700072645066,17.93491564882717,3.8200712984367957,107,2
Thailand,THA,1999,0.37348290383168553,-0.2719812492229603,-0.05534745415047196,0.7965599601405706,0.19959554917388406,0.09101653974552286,0.017294621071130865,0.7796313165116494,0.6669426400464034,1.183202376874821,0.6549152039957229,0.8169632601608406,1.6205340563053086,1.4548775745895406,1.5524926587989325,17.94745663853561,3.7839727889225054,107,3
Thailand,THA,2000,0.4285329157654612,-0.13072638652356422,-0.05534745415047196,1.3958142731267564,-0.18303266614460448,0.09523705939628413,0.09954263358878711,0.8039014686787447,0.6669426400464034,1.183202376874821,0.930012427754762,0.8169632601608406,1.6205340563053086,1.4548775745895406,1.4102313330317202,17.95876934015263,3.7337520001762994,107,4
Thailand,THA,2001,0.47010974469358513,-0.02093476704844356,0.02094681411914932,1.3658397495554766,0.09205801497922203,0.09906786821046647,0.1443427222803743,0.774794449234194,0.041101488814628474,0.5796363424908384,0.930012427754762,0.7103285618009635,1.274631740604437,1.4548775745895406,1.0782882395748896,17.968927824676335,3.770111185297932,107,5
Thailand,THA,2002,0.5612089104747581,-0.08990415622465753,0.07580194667520364,1.2116519808028925,-0.21410488658284707,0.10273176698050085,0.24708454902728128,0.8227007192103403,-0.5847396624171465,-0.023929691893144107,0.930012427754762,0.6036938634410864,0.9287294249035656,1.4548775745895406,0.9834473557300805,17.978548093374993,3.7295607888145534,107,6
Thailand,THA,2003,0.6768039360484378,0.04594253020498384,0.07580194667520364,1.2617965927991421,-0.04579667801965678,0.10631487843091499,0.25943310439730477,0.9082279936385541,-1.2105808136489213,-0.023929691893144107,0.3798179802366839,0.3904244667213316,0.236924793501823,0.14515355046027645,-0.17835347136882612,17.98786756827699,3.7520559484790432,107,7
Thailand,THA,2004,0.782641995628309,0.26812136062734954,0.14442036264824223,1.573740228059026,-0.0540479251032881,0.10979171052107393,0.3006578760017688,0.9069019555003891,-1.2105808136489213,-0.023929691893144107,0.1047207564776448,0.3904244667213316,0.09856386722147399,0.14515355046027645,-0.43916590194204935,17.996828340892506,3.750964848172622,107,8
Thailand,THA,2005,0.8514294384202883,0.6135148651367975,0.3028116002967091,1.877620895695531,0.11467321056780991,0.11315833315361282,0.3306367530890841,0.9572711146399275,-1.2105808136489213,-0.023929691893144107,-0.17037646728139427,0.1771550700015777,-0.039797059058874096,0.14515355046027645,-0.43916590194204935,18.005429219706283,3.7730422850606247,107,9
Thailand,THA,2006,0.9398353756549959,0.5085070564327275,0.2957119643278411,1.7679967705833484,0.05814402769044481,0.11643500419403971,0.36527568741316824,1.0108765008413276,-1.2105808136489213,-0.023929691893144107,-1.2707653623175506,0.1771550700015777,-0.3165189116195712,-0.39270662341201124,-0.43916590194204935,18.013729852614752,3.7656995117178393,107,10
Thailand,THA,2007,1.0429738767374193,0.3399130227070685,0.44574965088798124,1.645370008576921,-0.07285465926813907,0.11961902021174302,0.4024448276315247,1.0346460082852484,0.041101488814628474,-0.023929691893144107,-1.2707653623175506,0.1771550700015777,-0.3165189116195712,-0.39270662341201124,-0.43916590194204935,18.02173029430046,3.748473489237951,107,11
Thailand,THA,2008,1.0652134087933411,0.4601354736670323,0.4250397825008695,1.95279502483621,-0.13417672657621002,0.12270019272703891,0.40149476352610125,1.0386762453437015,0.041101488814628474,-0.023929691893144107,-0.9956681385585116,0.1771550700015777,-0.3165189116195712,-0.1936285717443632,-0.3206147971360392,18.029411855980317,3.7403066688750686,107,12
Thailand,THA,2009,1.0315277144911803,0.05528583618944807,0.4753852880614335,1.3367802344720068,-0.25179642981883854,0.12568498258180757,0.3818816178266018,0.9659085413450265,0.6669426400464034,-0.023929691893144107,-0.7205709147994724,0.1771550700015777,-0.3165189116195712,-0.1936285717443632,-0.15464325040762328,18.03679728268746,3.7244530311496282,107,13
Thailand,THA,2010,1.1902731628291028,0.1624467321715658,0.5402182426654837,1.5690446231069866,0.11176483722912846,0.12841441733763947,0.3916036429236764,1.075611961286062,0.6669426400464034,-0.023929691893144107,-0.7205709147994724,0.1771550700015777,-0.3165189116195712,-0.23903198865443775,-0.15464325040762328,18.04350345597278,3.7726658190011633,107,14
Thailand,THA,2011,1.1956386014685951,0.3860051602360264,0.8508916390881363,1.9306309776423778,-0.5374901050557755,0.1309616027602144,0.22929143178423111,0.9135099061324552,0.6669426400464034,-0.023929691893144107,-0.7205709147994724,0.1771550700015777,-0.3165189116195712,-0.23903198865443775,-0.15464325040762328,18.04972153536493,3.684864928645816,107,15
Thailand,THA,2012,1.3601738217547967,0.5263344002940678,0.7983741881832024,1.8724137616390215,-0.07978116754935614,0.1335155110311605,0.2807706305394572,0.8602337687222158,0.6669426400464034,-0.023929691893144107,-0.7205709147994724,0.1771550700015777,-0.3165189116195712,-0.23903198865443775,-0.15464325040762328,18.055917448742935,3.747554357104902,107,16
Thailand,THA,2013,1.4157682348098952,0.3310959454931099,0.73758922567032,1.720715910317741,0.017301958975169146,0.13595107573387982,0.47456262577781494,0.8230480116807072,0.6669426400464034,-0.023929691893144107,-0.7205709147994724,0.6036938634410864,-0.039797059058874096,-0.29142094961960835,-0.15464325040762328,18.061790705645404,3.76036064117411,107,17
Thailand,THA,2014,1.4280251683441156,0.24353027880828804,2.171499489610786,1.6754108660864382,-0.43904574255995,0.1381617733657051,0.7838869026735609,0.811723827340608,0.6669426400464034,-0.023929691893144107,-0.9956681385585116,0.6036938634410864,0.09856386722147399,-0.44160281234963383,-0.15464325040762328,18.067092004211077,3.6986838934903634,107,18
Thailand,THA,2015,1.5007093035565024,0.22741493887687636,2.2006015165453543,1.4988842728622713,-0.26089151254556847,0.14009364249887793,0.8063092215516631,0.762945772022638,0.041101488814628474,-0.023929691893144107,-0.7205709147994724,0.6036938634410864,0.09856386722147399,-0.4939917733148044,-0.15464325040762328,18.07170176708617,3.72321659672934,107,19
Thailand,THA,2016,1.5840158070882455,0.12860675547315747,2.136718856971365,1.3747815944272461,-0.5061868477946326,0.14199346347444805,0.8071061892148297,0.7134535118168948,0.041101488814628474,-0.023929691893144107,-0.7205709147994724,0.8169632601608406,0.37528571978217107,-0.5236790258249382,-0.15464325040762328,18.076214427650314,3.6892798133305065,107,20
Thailand,THA,2017,1.6919972742935168,0.055214299228545934,0.5804068207242714,1.3839835839316035,-0.3335543063595577,0.14378193169134648,0.6957710269063838,0.6660002217258,0.041101488814628474,-0.023929691893144107,-0.4454736910404334,0.8169632601608406,0.37528571978217107,-0.5743213388315299,-0.15464325040762328,18.080444062692088,3.713283142900137,107,21
Tajikistan,TJK,1996,-1.1294031202787922,-1.1344021713302228,0.3025394177097511,2.425221184361885,-0.34967760260964054,-0.2438308521828067,-0.21480490482361161,0.17782908706722939,-0.5847396624171465,-0.023929691893144107,-1.5458625860765898,-1.635633906385226,-1.0775040061614884,-1.1645704736689877,0.1298794011268022,15.61829634661888,3.7110655476505268,108,0
Tajikistan,TJK,1997,-1.128584831742286,-0.6031103878369893,0.3025394177097511,3.1504240437408724,-0.30908443793766877,-0.2433943374594278,-0.2667473640416693,-0.09380876127879693,-0.5847396624171465,-0.023929691893144107,-1.5458625860765898,-1.635633906385226,-1.0775040061614884,-1.1645704736689877,0.1298794011268022,15.630307612443609,3.716639356792886,108,1
Tajikistan,TJK,1998,-1.1203237809550444,-1.119058373324729,0.3025394177097511,0.9766783184704998,-0.2532229348739466,-0.2431765862466414,-0.2815508410618932,-0.17487972556742648,-0.5847396624171465,-0.023929691893144107,-1.5458625860765898,-1.635633906385226,-1.0775040061614884,-1.1645704736689877,0.1298794011268022,15.63624581161557,3.724259205443277,108,2
Tajikistan,TJK,1999,-1.1144857382239448,-0.7308108192518208,0.3025394177097511,1.7539988619958915,-0.5464091591708189,-0.24298619684808476,-0.2897507483724656,0.03451067908048629,-0.5847396624171465,-0.023929691893144107,-1.40831397419707,-1.3868198092635367,-0.9045528483110528,-1.0008549706528296,0.1298794011268022,15.641409100657476,3.6836034451743713,108,3
Tajikistan,TJK,2000,-1.1011517791771972,-1.8469345223995897,0.3079000634117863,2.968860506717561,-0.1701153725598149,-0.24253146671888892,-0.2601795931490276,0.6876018878136544,-0.5847396624171465,-0.023929691893144107,-1.2707653623175506,-1.1380057121418474,-0.731601690460617,-0.8371394676366716,0.1298794011268022,15.65363439435099,3.735489207802637,108,4
Tajikistan,TJK,2001,-1.0859156834938835,-1.6576205254294936,0.3760667721128489,2.1338167014248484,-0.49993408859755795,-0.2418011712627921,-0.20416625780691214,0.7633962772806407,-0.271819086801259,-0.023929691893144107,-0.8581195266789919,-1.1380057121418474,-0.38569937475974553,-0.5097084616043556,0.1298794011268022,15.672960696851817,3.690159346471045,108,5
Tajikistan,TJK,2002,-1.0668954476469472,-1.983442115224133,0.4467346926312625,1.9017783479472978,-0.13145351335940758,-0.24106105056328306,-0.12929526329498828,0.6761775580456042,0.041101488814628474,-0.023929691893144107,-0.4454736910404334,-1.1380057121418474,-0.039797059058874096,-0.1822774555720396,0.1298794011268022,15.692173211281897,3.740670762778307,108,6
Tajikistan,TJK,2003,-1.0457632999034028,-1.7722340345537613,0.5288759227043419,1.8722581970608607,-0.2945876280536676,-0.2403053642963319,-0.04812009613030554,0.507062652545856,0.041101488814628474,-0.023929691893144107,-0.7205709147994724,-0.6403769207443966,-0.039797059058874096,-0.5097084616043556,0.1298794011268022,15.711416205841326,3.7186223953975275,108,7
Tajikistan,TJK,2004,-1.024639343654957,-1.488520630354196,0.5727510938800674,1.6006971254431581,1.6707422528336289,-0.23951951155475878,0.029371547119026172,0.3232644234794573,-0.14854740557959728,0.03703675466639562,-0.6733320998466864,-0.3111384117890212,-0.2703987873406901,-0.49647867729182105,0.1298794011268022,15.731042203200195,3.956515671969506,108,8
Tajikistan,TJK,2005,-1.0116629334855702,-1.3985886277803907,0.5966322892682254,1.5615997067051164,-0.2375704514378947,-0.23872055253394306,-0.04758954211993706,0.026709189064289318,0.5664045134750051,0.07442936048137977,0.014051792615571183,-0.14572553954970696,0.08410349009406266,0.4169537666228966,0.1298794011268022,15.750608320417395,3.7263839266058443,108,9
Tajikistan,TJK,2006,-0.9970497966072767,-0.8695076472653664,0.6257252158731503,1.9736581120366687,1.4687476027960062,-0.23792949539070796,-0.1110207587043802,0.026507797774771025,-1.2105808136489213,-1.2310617606611092,-0.7205709147994724,-1.5289995066023851,-1.4234063218623598,-0.9550146298083059,0.1298794011268022,15.769610932511407,3.9345157685062957,108,10
Tajikistan,TJK,2007,-0.9793613951413723,0.06943113077853497,0.6497453981142254,2.100954792514645,1.0626307575190408,-0.23711423242052096,-0.16622436131434412,-0.05166858244667592,-1.2105808136489213,-1.2310617606611092,-0.7205709147994724,-1.5289995066023851,-1.4234063218623598,-0.9550146298083059,0.1298794011268022,15.78882434528949,3.888763245949528,108,11
Tajikistan,TJK,2008,-0.960541556176512,0.22614150421602974,0.6811768336729671,1.1974039222223005,1.0182988671287854,-0.23625719727909966,-0.22437343514989014,-0.2079700492132938,-1.2105808136489213,-1.2310617606611092,-0.7205709147994724,-1.5289995066023851,-1.4234063218623598,-0.9550146298083059,0.1298794011268022,15.808631938255381,3.8836397631966193,108,12
Tajikistan,TJK,2009,-0.954366619409003,0.4414035300626493,0.7115206419541339,0.3679444159757009,-0.12436509088773916,-0.23535311410846632,-0.27645878170653543,-0.21203937726569638,-1.2105808136489213,-1.2310617606611092,-1.2707653623175506,-1.5289995066023851,-1.4234063218623598,-0.9550146298083059,0.1298794011268022,15.82911019613932,3.741617864482078,108,13
Tajikistan,TJK,2010,-0.9394872857281288,0.22266500457115265,0.7396367998427353,0.004605902525663864,-0.36028786819351577,-0.23438898381385195,-0.2745163593741591,-0.17295635596078632,-1.2105808136489213,-1.2310617606611092,-0.7205709147994724,-1.5289995066023851,-1.561767248142709,-1.3811113376951563,0.1298794011268022,15.850496166610034,3.7096035261057763,108,14
Tajikistan,TJK,2011,-0.9211132242519252,0.7202552117787541,0.7797267854170367,0.18769107463673473,-0.2587874278087658,-0.23336094179951444,-0.3012163466971939,-0.38247358700877393,-1.2105808136489213,-1.2310617606611092,-0.7205709147994724,-1.5289995066023851,-1.561767248142709,-1.3811113376951563,0.1298794011268022,15.872806945773709,3.723502773270925,108,15
Tajikistan,TJK,2012,-0.9020818585074357,-0.11274141207457913,0.8276664947378459,0.28639560440165673,-0.09355952022705673,-0.23223372437364342,-0.29506092570969916,-0.41807274741940453,-1.2105808136489213,-1.2310617606611092,-0.7205709147994724,-1.5289995066023851,-1.561767248142709,-1.3811113376951563,0.1298794011268022,15.89671117656071,3.7457234850370855,108,16
Tajikistan,TJK,2013,-0.8829497919129424,0.1863033132767148,0.8508146999374158,-0.04630190203477351,-0.0608078694065047,-0.23102706538876497,-0.28926756058843567,-0.328469663449493,-1.2105808136489213,-1.2310617606611092,-0.7205709147994724,-1.5289995066023851,-1.561767248142709,-1.3811113376951563,0.1298794011268022,15.921682269151143,3.7500700616376292,108,17
Tajikistan,TJK,2014,-0.8658439297529948,0.4282239498116884,0.8508146999374158,-0.545007112163049,-0.019507959688600793,-0.2297835587637443,-0.29753639517128844,-0.3711122803324122,-1.2105808136489213,-1.2310617606611092,-0.7205709147994724,-1.5289995066023851,-1.4234063218623598,-1.4055596941087722,0.1298794011268022,15.946779670030818,3.7555243089525545,108,18
Tajikistan,TJK,2015,-0.8511759404370665,1.947835986564942,0.8508146999374158,-0.6808933568742422,0.3187721564224709,-0.22848372074316026,-0.29627069659220145,0.26511212373831233,-1.2105808136489213,-1.2310617606611092,-0.7205709147994724,-1.5289995066023851,-1.4234063218623598,-1.478904239460011,0.1298794011268022,15.972357602177821,3.7991134897436383,108,19
Tajikistan,TJK,2016,-0.8320092714497891,2.111834172839749,0.8508146999374158,-0.5124862983506288,-0.04234012343721457,-0.22716302343307748,-0.29548894895255506,0.4316273980028373,-1.2105808136489213,-1.2310617606611092,-0.7205709147994724,-1.5289995066023851,-1.4234063218623598,-1.489382031653045,0.1298794011268022,15.997692786545485,3.7525126709893186,108,20
Tajikistan,TJK,2017,-0.8107214681251678,1.0419365636178017,0.8508146999374158,-0.568901280524414,-0.21808739683949985,-0.2258511152498289,-0.2988057753379858,0.4010079554691908,-1.2105808136489213,-1.2310617606611092,-0.7205709147994724,-0.889191316443122,-1.2850453955820114,-1.482397011487559,0.1298794011268022,16.02223949213457,3.729022331199083,108,21
Turkmenistan,TKM,1996,-0.6019193235849777,2.2600842103615117,0.7467333280080618,2.304318938748513,0.15074257767009053,-0.254565401031387,1.0875559734144746,3.1886372993891032,0.6669426400464034,-0.023929691893144107,1.2051096515138011,-0.889191316443122,-0.039797059058874096,-0.5097084616043556,0.1298794011268022,15.26567603005311,3.7776994408751703,109,0
Turkmenistan,TKM,1997,-0.6925113877917072,1.9430112293167188,0.7467333280080618,0.883402032721793,0.1257243739421183,-0.254131238411734,0.9759423304547815,1.5022006848438654,0.6669426400464034,-0.023929691893144107,1.2051096515138011,-0.889191316443122,-0.039797059058874096,-0.5097084616043556,0.1298794011268022,15.28263139645305,3.7744714802443826,109,1
Turkmenistan,TKM,1998,-0.6600107764204125,2.7697386835980593,0.7467333280080618,0.6689144441892558,-0.23137115818432175,-0.2536919190279629,0.9816592870587318,1.1299075731077284,0.6669426400464034,-0.023929691893144107,1.2051096515138011,-0.889191316443122,-0.039797059058874096,-0.5097084616043556,0.1298794011268022,15.299500433532618,3.7272241932069257,109,2
Turkmenistan,TKM,1999,-0.5672832719088934,2.06354565956251,0.7467333280080618,0.49884581244052534,0.24986136577805565,-0.25320564093537445,1.0130424492146433,1.3870825181339483,0.6669426400464034,-0.023929691893144107,1.2051096515138011,-0.889191316443122,-0.039797059058874096,-0.5097084616043556,0.1298794011268022,15.317846661791783,3.790386746669718,109,3
Turkmenistan,TKM,2000,-0.5423120977985563,1.4654737195850895,0.7467333280080618,0.880199345707174,0.14493324916826902,-0.25266669953809656,0.9864769960261495,1.170765465801907,0.6669426400464034,-0.023929691893144107,1.2051096515138011,-0.889191316443122,-0.039797059058874096,-0.5097084616043556,0.1298794011268022,15.337794101367688,3.77695082361548,109,4
Turkmenistan,TKM,2001,-0.524972016811837,1.0985493173760075,0.7467333280080618,0.25176186951961416,0.19809586819423572,-0.2521145089489446,0.9914876390174607,1.246898314843666,0.6669426400464034,-0.023929691893144107,1.0675610396342816,-0.889191316443122,-0.039797059058874096,-0.5097084616043556,0.1298794011268022,15.357827417394217,3.7837807950167623,109,5
Turkmenistan,TKM,2002,-0.5383837227087614,0.5949696154061962,0.7467333280080618,-0.280252826172774,0.4424755958324344,-0.251554434346291,0.983731824263232,1.107081420234279,0.6669426400464034,-0.023929691893144107,0.930012427754762,-0.889191316443122,-0.039797059058874096,-0.5097084616043556,0.1298794011268022,15.377744906912156,3.814590532775523,109,6
Turkmenistan,TKM,2003,-0.5286926839301154,0.33536397685306746,0.7467333280080618,-0.2948891461563595,0.015458304732769464,-0.25099231132925326,0.9660857997672347,0.9890515387765845,0.6669426400464034,-0.023929691893144107,1.2051096515138011,-0.889191316443122,-0.039797059058874096,-0.5097084616043556,0.1298794011268022,15.397344152906545,3.7601189652150677,109,7
Turkmenistan,TKM,2004,-0.5053730128375543,0.04857602193988794,0.7467333280080618,-0.4078559772577999,0.2625464804779355,-0.2504312125194076,0.9658375324581885,0.9043578799489431,0.20546389733448497,-0.011736209440105099,0.9272337257170167,-0.7333681414453118,-0.2703987873406901,-0.6023153801232688,0.1298794011268022,15.416531950655314,3.7919988972387033,109,8
Turkmenistan,TKM,2005,-0.4180225376933641,0.032324496241603884,0.7467333280080618,-0.5634814401520896,0.260447038964363,-0.24987049480991247,1.0006192248881802,0.8368666103063374,-1.2105808136489213,-1.2310617606611092,0.6549152039957229,-2.3820764963273304,-1.561767248142709,-1.8194324857336197,0.1298794011268022,15.435345830032158,3.791732258740591,109,9
Turkmenistan,TKM,2006,-0.33885228593981964,-0.3820895883025294,0.7467333280080618,-0.6078628588843132,0.6070385545094811,-0.24930570409042102,1.0383550629208282,0.7304467049661533,-1.2105808136489213,-1.2310617606611092,0.6549152039957229,-2.3820764963273304,-1.4234063218623598,-1.4998598238460792,0.1298794011268022,15.453945172943907,3.834815260979498,109,10
Turkmenistan,TKM,2007,-0.2518608754623955,-0.49145853174863385,0.7467333280080618,-0.4963891366330239,0.5443539048096054,-0.2487284501985285,1.0892948688250088,0.8908053591124357,-1.2105808136489213,-1.2310617606611092,-0.17037646728139427,-2.3820764963273304,-1.4234063218623598,-1.4998598238460792,0.1298794011268022,15.472604086449515,3.8271594917006357,109,11
Turkmenistan,TKM,2008,-0.11990230049036033,1.0970140511022095,0.7467333280080618,0.6224668521407118,0.5207584208740053,-0.24812712743762255,1.2243630896392097,2.7986213893414527,-1.2105808136489213,-1.2310617606611092,-0.17037646728139427,-2.3820764963273304,-1.4234063218623598,-1.5190692841631785,0.1298794011268022,15.491677715147702,3.8242624887566405,109,12
Turkmenistan,TKM,2009,-0.07219970975484136,2.9037500422837033,0.7467333280080618,0.9201229663938923,3.343787977996573,-0.24749257748990441,1.2374830333952997,2.829069503786134,-1.2105808136489213,-1.2310617606611092,-0.17037646728139427,-2.3820764963273304,-1.4234063218623598,-1.5190692841631785,0.1298794011268022,15.511418417507963,4.122222607192138,109,13
Turkmenistan,TKM,2010,0.013918849269494386,3.544089677084607,0.7467333280080618,0.684715012907434,2.200268392822429,-0.24682110249103534,1.2651537263513162,2.6804387755653014,-1.2105808136489213,-1.2310617606611092,-0.17037646728139427,-2.3820764963273304,-1.4234063218623598,-1.5190692841631785,0.1298794011268022,15.531891992440189,4.011990747808289,109,14
Turkmenistan,TKM,2011,0.17607789203070587,3.550275869522388,0.7467333280080618,1.0979539384222654,1.4039792508237547,-0.24611213079048946,1.3479059395588695,3.2433665586348286,-1.2105808136489213,-1.2310617606611092,-0.17037646728139427,-2.3820764963273304,-1.4234063218623598,-1.5190692841631785,0.1298794011268022,15.55306337027543,3.927357909932062,109,15
Turkmenistan,TKM,2012,0.30500861053668626,2.9765045117272537,0.7467333280080618,1.047631674492846,0.9245124134375171,-0.24536702601295862,1.3978481623948762,3.3027297319342837,-1.2105808136489213,-1.2310617606611092,-0.17037646728139427,-2.3820764963273304,-1.4234063218623598,-1.5190692841631785,0.1298794011268022,15.574841011492842,3.8727134757873296,109,16
Turkmenistan,TKM,2013,0.4301384008650025,2.9765045117272537,0.7467333280080618,0.7350543203847868,0.6403840383961605,-0.24458818194501952,1.4269783644379925,3.0393880990554116,-1.2105808136489213,-1.2310617606611092,-0.17037646728139427,-2.3820764963273304,-1.4234063218623598,-1.5190692841631785,0.1298794011268022,15.597108910792116,3.8388640375538654,109,17
Turkmenistan,TKM,2014,0.5660132117315566,2.9861598946184738,0.7467333280080618,0.5168101272400687,0.9067545815336282,-0.24377868907232733,1.4566090503860878,2.8089654131902564,-1.2105808136489213,-1.2310617606611092,0.1047207564776448,-2.3820764963273304,-1.4234063218623598,-1.4998598238460792,0.1298794011268022,15.619739295069381,3.870631146950548,109,18
Turkmenistan,TKM,2015,0.642582062357682,2.9861598946184738,0.7467333280080618,0.2318002438389605,0.8534764909673103,-0.24294213212005425,1.4422599244894827,2.2762684162447737,-1.2105808136489213,-1.2310617606611092,0.1047207564776448,-2.3820764963273304,-1.4234063218623598,-1.4998598238460792,0.1298794011268022,15.642600329939155,3.864357474021136,109,19
Turkmenistan,TKM,2016,0.7164047182881446,2.948171611483269,0.7467333280080618,-0.32852109277825314,0.4453675696498557,-0.24208304260955585,1.4427274060337338,2.0372678252674565,-1.2105808136489213,-1.2310617606611092,-0.17037646728139427,-2.3820764963273304,-1.4234063218623598,-1.4998598238460792,0.1298794011268022,15.665545539068084,3.814949509389129,109,20
Turkmenistan,TKM,2017,0.7991457358357927,2.205295004582516,0.7467333280080618,-0.575034421151745,0.3207388732111525,-0.2412075836480634,1.4365368596169972,1.67062360594553,-1.2105808136489213,-1.2310617606611092,-0.17037646728139427,-2.3820764963273304,-1.4234063218623598,-1.5190692841631785,0.1298794011268022,15.688398606632127,3.799361437013145,109,21
Timor-Leste,TLS,2002,-0.785626138989642,0.5703350587046482,-0.6773332004446003,3.1158984843820106,-0.14374754789143243,-0.2747200121632398,-1.2631097443279682,-1.263734598630309,0.6669426400464034,1.183202376874821,-0.17037646728139427,-0.889191316443122,-0.38569937475974553,0.8000155625249085,0.1298794011268022,13.68672218513121,3.7390259963341057,110,0
Timor-Leste,TLS,2003,-0.8178448104448832,-0.11871280137793219,-0.6095982058670257,1.4253236363454833,-0.49232585403029144,-0.2744954070988368,-1.3344774261341468,-1.4095264016949343,0.6669426400464034,0.5796363424908384,0.3798179802366839,-0.889191316443122,-0.039797059058874096,0.47258455649259246,0.1298794011268022,13.728730790514721,3.691228502868586,110,1
Timor-Leste,TLS,2004,-0.822314393555152,-0.72771039141055,-0.19831473610366598,0.9893461340183605,-0.14374754789143243,-0.27442278366328815,-1.3571498378510687,-1.8003722702826312,0.8123400589922528,1.1100429307150692,0.7938533869718938,-0.6328372534319093,0.09297353235604332,0.37667032286794855,0.1298794011268022,13.741944746507185,3.7390259963341057,110,2
Timor-Leste,TLS,2005,-0.8179942097768793,-0.8506784678992766,-0.14378225159902427,0.03889435095434775,-0.6210708659978833,-0.27430823323448783,-1.3536730510211878,-1.8174423115996023,0.5137727746751755,-0.462359576416842,0.37370465969142086,-0.22421308215101113,-0.07763766550913914,-0.030808919960709485,0.1298794011268022,13.762438841015102,3.672980637774783,110,3
Timor-Leste,TLS,2006,-0.8515476149927135,-1.2960682607273708,-0.14378225159902427,0.7432871007422447,-0.3241831971774504,-0.2741397987889377,-1.4369891838478557,-1.8385924047385576,0.7958854434440674,-0.615661003474926,0.12695081293516502,-0.54917955087563,-0.21589675814774595,1.5386999121338134,0.1298794011268022,13.791830382686241,3.714569787405536,110,4
Timor-Leste,TLS,2007,-0.8190940480314512,-0.5021749879696258,-0.14378225159902427,1.6129991063299225,-0.37148520547703723,-0.27397132861522977,-1.3592083863891806,-1.8155441903891618,0.26249304639932936,-0.5163009971889797,0.25143912909727967,-0.4880220165964941,-0.3711936152485139,1.5386999121338134,0.1298794011268022,13.820388640748607,3.7080582884197413,110,5
Timor-Leste,TLS,2008,-0.7781854323738248,1.0347786988026053,-0.23075492941630635,1.8018660851486332,0.4310674008339595,-0.2738073363706406,-1.2518180511862416,-1.6160991054103837,0.5511710391811027,-0.3458317378488773,-0.009112714091613513,-0.10516086344189328,0.19071667167382753,1.9630504959516948,0.1298794011268022,13.84742580490886,3.8131731915350615,110,6
Timor-Leste,TLS,2009,-0.7391911336877275,3.1610223664139756,0.1317562887465754,2.4547842261243864,0.515512434500108,-0.2736504123466152,-1.138552719114383,-1.4212691928686827,-1.2105808136489213,-1.2310617606611092,-0.17037646728139427,-0.24938312628385903,-1.0083235430213147,0.31454434961779143,0.1298794011268022,13.872630693293832,3.8236172558073793,110,7
Timor-Leste,TLS,2010,-0.7011788413657555,2.429253438637968,0.1754479214575143,1.7771220504364522,-0.04517383309306594,-0.27349620366258737,-1.1330102618371245,-1.4962311679272018,-1.2105808136489213,-1.2310617606611092,-0.4454736910404334,-0.24938312628385903,-1.0083235430213147,0.31454434961779143,0.1298794011268022,13.896795570580457,3.7521382618210026,110,8
Timor-Leste,TLS,2011,-0.6799201038811943,5.754340116507745,0.24273004001636034,1.9623791907783703,0.17968112201344646,-0.2733441922602681,-1.035634956806333,-1.1747186131053118,-1.2105808136489213,-1.2310617606611092,-0.4454736910404334,-0.24938312628385903,-0.8699626167409662,0.7511193735872853,0.1298794011268022,13.920057943121082,3.7814202707499196,110,9
Timor-Leste,TLS,2012,-0.6637967554221812,4.237679768351289,0.23780638268581608,1.6054208749259493,-0.03804700665872669,-0.27319724234697934,-0.9528054546112548,-1.190976381008244,-1.2105808136489213,-1.2310617606611092,0.1047207564776448,-0.24938312628385903,-0.8699626167409662,0.7406415813942512,0.1298794011268022,13.942042763324517,3.753079640109709,110,10
Timor-Leste,TLS,2013,-0.6574789964329127,2.133348601801277,0.1582801415689517,0.18332222387167812,0.054725616260854267,-0.27305546110719475,-0.873901605335745,-0.5798484314391801,-0.5847396624171465,-1.2310617606611092,0.1047207564776448,-0.24938312628385903,-0.8699626167409662,0.754611621725224,0.1298794011268022,13.96280579283455,3.7652537487585915,110,11
Timor-Leste,TLS,2014,-0.6418081290578772,2.233881046135601,0.21417105402835507,0.27358593539716075,-0.24000703433603487,-0.2729172645925823,-0.7821649701907611,-0.841082474507653,-0.5847396624171465,-1.2310617606611092,0.1047207564776448,-0.4626525230036132,-0.8699626167409662,0.754611621725224,0.1298794011268022,13.982637255375685,3.7260534731167034,110,12
Timor-Leste,TLS,2015,-0.6384615162336743,1.5733932619183952,0.3446590843186261,-0.38582721805887354,-0.17583877278377227,-0.27277894898411037,-0.7173717560012787,-0.724834458838742,-0.5847396624171465,-1.2310617606611092,0.1047207564776448,-0.4626525230036132,-0.8699626167409662,0.754611621725224,0.1298794011268022,14.0020996624759,3.7347198573928684,110,13
Timor-Leste,TLS,2016,-0.6313595015076123,1.8916874270344621,0.503758939197081,-0.37902610330166087,-0.5966447782768995,-0.27264091324620837,-0.6206348195612509,-0.6531243871441649,-0.5847396624171465,-1.2310617606611092,0.1047207564776448,-0.4626525230036132,-0.8699626167409662,0.754611621725224,0.1298794011268022,14.021152241204794,3.6764683969006757,110,14
Timor-Leste,TLS,2017,-0.6649730381183108,1.2479589228484473,0.6404202283432637,-0.42779692995202045,-0.5807018923959015,-0.27250162702278113,-0.8048238389742992,-0.9412321035150257,-0.5847396624171465,-1.2310617606611092,0.3798179802366839,-0.4626525230036132,-0.8699626167409662,0.7458804774907682,0.1298794011268022,14.04001638096492,3.678738310740672,110,15
Timor-Leste,TLS,2018,-0.6800630689949584,1.2450514469565512,0.7101328546022773,-0.24781905108940208,-0.10899069092329389,-0.27235718998992875,-0.9228317790242986,-0.8812065171566392,-0.5847396624171465,-1.2310617606611092,0.3798179802366839,-0.4626525230036132,-0.8699626167409662,0.7458804774907682,0.1298794011268022,14.059209394433132,3.7436689987041514,110,16
Tonga,TON,1996,-0.482931098191065,0.31819018441795266,1.0438911546476999,0.13091674223227778,-0.6331653467216409,-0.2793580272480112,1.6566715719989789,-0.680597878831408,1.5203621641474958,0.7198587350102348,1.4385254643955445,0.2920475134454659,1.183089938002538,0.6412612941121519,0.1298794011268022,11.515681663163946,3.671249174423318,111,0
Tonga,TON,1997,-0.4911039858757636,-0.4514602599643975,1.0438911546476999,-0.04320386046985175,-0.656821450989987,-0.2793556513255133,1.5931409981813205,-0.8637413514765525,1.5203621641474958,0.7198587350102348,1.4385254643955445,0.2920475134454659,1.183089938002538,0.6412612941121519,0.1298794011268022,11.519652785719655,3.6678538410824806,111,1
Tonga,TON,1998,-0.47831177694263705,-0.33341791124596654,1.0438911546476999,0.14425337321811957,-0.6517130516695764,-0.27935139967472766,1.593723925981385,-0.8895536327862307,1.5203621641474958,0.7198587350102348,1.4385254643955445,0.2920475134454659,1.183089938002538,0.6412612941121519,0.1298794011268022,11.526719882992374,3.6685880203087633,111,2
Tonga,TON,1999,-0.4647349600268838,-0.37577797849330075,1.3666952905007208,-0.36543856784984624,-0.5705395089917303,-0.27934748148674876,1.600618751008303,-0.8303039732489195,1.5203621641474958,0.7198587350102348,1.4385254643955445,0.2920475134454659,1.183089938002538,0.6412612941121519,0.1298794011268022,11.533188770451641,3.680182524752147,111,3
Tonga,TON,2000,-0.43855604406912413,-0.35490433245539976,1.3271449820517047,-0.3441733555061069,0.14265814547140163,-0.2793437240754802,1.651579137481221,-0.7469967846617991,1.5203621641474958,0.7198587350102348,1.4385254643955445,0.2920475134454659,1.183089938002538,0.6412612941121519,0.1298794011268022,11.539353156805507,3.7766574903197228,111,4
Tonga,TON,2001,-0.43082869610978586,0.0643845864028947,1.2315849022507284,-0.3180304891369852,0.09201648782228684,-0.2793400857580712,1.6396296196362692,-0.720933079587836,1.5203621641474958,0.7198587350102348,1.4385254643955445,0.2920475134454659,1.183089938002538,0.6412612941121519,0.1298794011268022,11.545286163474483,3.7701057951553003,111,5
Tonga,TON,2002,-0.3972692820726423,0.15480957658458835,1.3590226095311388,0.014627535960733346,-0.20005260752453852,-0.27933659630798663,1.706590353613674,-0.7819130807334446,1.5203621641474958,0.7198587350102348,1.4385254643955445,0.2920475134454659,1.183089938002538,0.6412612941121519,0.1298794011268022,11.55094353215775,3.7314584223029903,111,6
Tonga,TON,2003,-0.40192715891725256,-0.30653222425305815,1.665967076935673,-0.0034549345100220894,-0.6399473912675507,-0.2793330830391301,1.6391030263624007,-0.8336886120534309,1.5203621641474958,0.7198587350102348,1.4385254643955445,0.2920475134454659,1.183089938002538,0.6412612941121519,0.1298794011268022,11.556607366056351,3.670276933597077,111,7
Tonga,TON,2004,-0.42480727036252386,-0.3573030266742568,1.246490139155659,0.018594276672953425,-0.229959907174084,-0.279329468540493,1.4928000521860312,-0.876080681639623,1.5203621641474958,0.7198587350102348,1.4385254643955445,0.2920475134454659,1.183089938002538,0.6412612941121519,0.1298794011268022,11.562401108430754,3.727415378825981,111,8
Tonga,TON,2005,-0.4355576889686777,-0.12120998097605859,1.246490139155659,0.08361739984444672,-0.24863339631154122,-0.2793258957247068,1.3976268714576843,-0.8673623929716981,0.041101488814628474,1.183202376874821,1.2051096515138011,0.6036938634410864,2.0356168351463544,0.8000155625249085,0.1298794011268022,11.5680952361037,3.7248826728888993,111,9
Tonga,TON,2006,-0.4590393827076484,-0.25840050062981373,1.244008782603012,-0.20312428941769428,0.011720791036676927,-0.2793224300933941,1.2561062472246614,-0.9793761191034062,0.041101488814628474,1.183202376874821,1.2051096515138011,0.6036938634410864,2.0356168351463544,0.8000155625249085,0.1298794011268022,11.573587733136854,3.759628852839339,111,10
Tonga,TON,2007,-0.48353607192898856,-0.2944607924223004,1.4022739944741287,-0.1485604809838563,0.3900590410173052,-0.27931961352361595,1.0942749466527966,-0.9478508079090552,0.041101488814628474,1.183202376874821,0.930012427754762,0.6036938634410864,2.0356168351463544,1.1274465685572246,0.1298794011268022,11.578029451202275,3.808061705625782,111,11
Tonga,TON,2008,-0.4459674001550505,-0.319570754034236,1.4602028323131304,-0.01974255621662914,0.4534262148956218,-0.27931786284388066,1.1998491418810209,-0.9637228342482829,0.041101488814628474,1.183202376874821,0.930012427754762,0.6036938634410864,2.0356168351463544,1.1274465685572246,0.1298794011268022,11.580780355869482,3.815949138291137,111,12
Tonga,TON,2009,-0.49140672721113243,0.20043605574151938,1.4816713372723742,0.029273170939373698,-0.6419115582483219,-0.27931677313506587,0.959838826882033,-0.8582575420809032,0.041101488814628474,1.183202376874821,0.930012427754762,0.6036938634410864,2.0356168351463544,1.1274465685572246,0.1298794011268022,11.582488840355545,3.669995183588312,111,13
Tonga,TON,2010,-0.48620572978057297,0.7284771601594053,1.5250421295711782,-0.07383436912992081,-0.4303504251419211,-0.2793156000605494,0.9295679150691635,-0.752258779079574,1.2927837912781783,1.183202376874821,1.4802068752728401,0.6036938634410864,2.0356168351463544,1.4548775745895406,0.1298794011268022,11.58432477200052,3.6998953552633185,111,14
Tonga,TON,2011,-0.4327132527738426,0.6388951840609979,1.5761101461528302,0.1607317666475161,-0.32829049590224596,-0.27931458776274326,1.0962426917082013,-0.6649495881826282,1.2927837912781783,1.183202376874821,1.7553040990318793,0.8525082591398114,2.0356168351463544,1.7823085806218566,0.1298794011268022,11.585906373655035,3.714006062910424,111,15
Tonga,TON,2012,-0.42379172952660477,1.4957530754230735,1.1228963559680891,0.1349598750884251,-0.687670846568992,-0.27931524277897074,1.0809108288290328,-0.6834410471926544,1.2927837912781783,1.183202376874821,1.7553040990318793,0.8525082591398114,2.0356168351463544,1.4548775745895406,0.1298794011268022,11.584883270027714,3.6634086723970483,111,16
Tonga,TON,2013,-0.4171662364354651,-0.054582035455009184,1.1570129403102412,0.27346383666736124,-0.40952185185311,-0.279317517471688,1.038130310234313,-0.931650815681812,1.2927837912781783,1.183202376874821,1.7553040990318793,0.8525082591398114,2.0356168351463544,1.4548775745895406,0.1298794011268022,11.581322158778578,3.702791309921426,111,17
Tonga,TON,2014,-0.3955161053982583,-0.128085154875655,1.2044658523889753,0.04061587514765464,-0.12274728095705559,-0.27932031022269427,1.0760506895397235,-0.9121869396935155,0.4583287560781714,1.5855795721798664,1.81643686432895,1.2671983214836156,1.5744139320264274,1.4548775745895406,0.1298794011268022,11.576932594944521,3.741833898411376,111,18
Tonga,TON,2015,-0.38093551220224264,0.08042495678697877,1.439040498649182,0.2344284416469535,-0.05688872002762004,-0.27932337093488446,1.0765898439511463,-0.9607243102610425,0.4583287560781714,1.5855795721798664,1.81643686432895,1.2671983214836156,1.5744139320264274,1.4548775745895406,0.1298794011268022,11.572099623608649,3.750588921146818,111,19
Tonga,TON,2016,-0.31464695117131136,0.18726036068461124,1.439040498649182,0.4202994196785206,0.04559273233581242,-0.2793267710645744,1.053672167114492,-0.9252047490394277,0.4583287560781714,1.5855795721798664,1.81643686432895,1.2671983214836156,1.5744139320264274,1.4548775745895406,0.1298794011268022,11.5667031706507,3.7640618395424896,111,20
Tonga,TON,2017,-0.28131131413936,0.49072190104868124,1.439040498649182,0.4280499885196769,-1.2609823418686217,-0.27932777145299453,1.1146800195300788,-0.8877060124067926,1.2927837912781783,1.9879572503377398,1.571905803140667,1.2671983214836156,1.8818823496251436,1.4548775745895406,0.1298794011268022,11.565109862207676,3.5769856969541394,111,21
Tunisia,TUN,1996,-0.13827584718810765,0.06563786031853883,-0.18386051705179923,0.3604424907282445,-0.4398709543481968,-0.22460964512980636,1.767086387367817,0.12043717927414306,0.041101488814628474,2.390334445642786,0.1047207564776448,-0.03611432671817715,0.09856386722147399,-0.5097084616043556,1.8370153103333586,16.04492617673915,3.6985688458351054,112,0
Tunisia,TUN,1997,-0.09136723558676021,0.12352666855495473,-0.1315343109534063,0.20854150944812855,-0.36260855025871175,-0.22385436378197762,1.7895661726145642,-0.04561566719327364,0.041101488814628474,2.390334445642786,0.3798179802366839,-0.03611432671817715,0.09856386722147399,-0.5097084616043556,1.8370153103333586,16.058480563140915,3.709283467009657,112,1
Tunisia,TUN,1998,-0.049364764813972645,0.1674830911573904,0.09520357373248937,0.19337213906428752,-0.12594683402293205,-0.2231374366116144,1.8110939839885023,-0.10621963699786863,0.041101488814628474,2.390334445642786,0.6549152039957229,-0.03611432671817715,0.09856386722147399,-0.5097084616043556,1.8370153103333586,16.07117887090855,3.7414066015940097,112,2
Tunisia,TUN,1999,0.010884781600071197,0.20637448324032046,0.2351258302295447,0.1330050108376196,-0.3871260146585467,-0.22245683902310437,1.8394696521230742,-0.08362532103230381,0.041101488814628474,2.390334445642786,0.7924638158752425,-0.03611432671817715,0.09856386722147399,-0.5097084616043556,1.8370153103333586,16.08308631350069,3.7058958446647883,112,3
Tunisia,TUN,2000,0.05747749259268569,0.30479638265173875,0.32653864161586216,0.27077277904002284,-0.03512630371675396,-0.22180794422000444,1.8641138653575542,-0.020071884184562357,0.041101488814628474,2.390334445642786,0.930012427754762,-0.03611432671817715,0.09856386722147399,-0.5097084616043556,1.8370153103333586,16.094308568251982,3.7534651781725334,112,4
Tunisia,TUN,2001,0.09418591524901476,0.3240070566126049,0.4106353394945412,0.47195607244437127,-0.2925839934364615,-0.2211842377681976,1.8845853058638138,-0.05097658178534092,0.3540220644305159,2.390334445642786,0.24226936835716434,0.07052037164170027,0.16774433036164865,-0.1822774555720396,1.7895948684109542,16.10497778676401,3.718896166283701,112,5
Tunisia,TUN,2002,0.09821150829170792,0.25595278925601667,0.4714225081479475,0.349436811753794,-0.0495023588668077,-0.22057782374479623,1.8877139587888063,-0.039319236365781,0.6669426400464034,2.390334445642786,-0.4454736910404334,0.1771550700015777,0.236924793501823,0.14515355046027645,1.2679700072645066,16.115243186547158,3.7515660765426624,112,6
Tunisia,TUN,2003,0.14958246613686682,0.029995530694083443,0.45581792469739624,0.263533128447795,-0.30699826972490296,-0.21998165774800846,1.9013997619920895,-0.12409869987646342,0.041101488814628474,1.183202376874821,0.6549152039957229,0.1771550700015777,-0.1781579853392228,0.14515355046027645,1.2679700072645066,16.125233416393524,3.716924968963803,112,7
Tunisia,TUN,2004,0.22590512162310922,-0.06356336845836473,0.5983743129782793,0.3955098520918559,-0.3187464416726498,-0.21941875466619074,1.9387217498516884,-0.12256729006226362,0.6669426400464034,1.183202376874821,-0.17037646728139427,-0.03611432671817715,0.37528571978217107,0.14515355046027645,1.2679700072645066,16.134575509064252,3.715315490724245,112,8
Tunisia,TUN,2005,0.26547779859852827,-0.14588334502364952,0.7225665117825684,0.49229958075293917,-0.2637747575720477,-0.2188869469910994,1.9570665215301966,-0.05123795317798512,0.041101488814628474,1.183202376874821,-0.17037646728139427,-0.03611432671817715,0.236924793501823,-0.5097084616043556,1.2679700072645066,16.143322072266976,3.722824313555026,112,9
Tunisia,TUN,2006,0.3332971547002531,-0.008416611149429295,0.8134735654541104,0.5996759387221366,1.01769474550789,-0.21834543912114837,1.9413268095750578,0.01151682585730903,0.6669426400464034,1.183202376874821,0.6549152039957229,0.3904244667213316,0.7903684986232175,-0.4119155598395008,1.2679700072645066,16.152150254254337,3.8835697626176136,112,10
Tunisia,TUN,2007,0.4272503441107554,0.047318289311570214,0.9455863602691907,0.8941415219195966,0.035537156602334835,-0.21777800451797508,2.0161353525848886,0.15551354366761216,0.3540220644305159,1.183202376874821,0.5173665921162034,0.1771550700015777,0.6520075723428688,-0.4119155598395008,1.2679700072645066,16.161318249721084,3.762747866906705,112,11
Tunisia,TUN,2008,0.483364252846147,0.11832227039223425,0.9978068095062853,1.1934318519498814,0.37354952112310874,-0.217176979491718,2.1064230522330103,0.36780441016996734,0.041101488814628474,1.183202376874821,0.1047207564776448,0.1771550700015777,0.7903684986232175,0.007196127881863817,1.2679700072645066,16.17093816468564,3.805996477591875,112,12
Tunisia,TUN,2009,0.5190930166931047,0.20376765060823868,0.9176651700492625,0.5727843845195335,-0.032666158797999674,-0.21653359873431482,1.9457306218556838,0.08307064055945809,0.041101488814628474,1.183202376874821,0.1047207564776448,0.1771550700015777,0.6520075723428688,-0.42937889608763063,1.2679700072645066,16.18113448562808,3.753789806454651,112,13
Tunisia,TUN,2010,0.5531689219608922,0.4067934127536468,0.8914377442154581,0.7804003523709097,-0.14307469262818898,-0.2158470285887488,2.0943481598787677,0.206910452623025,0.041101488814628474,1.183202376874821,0.3798179802366839,0.1771550700015777,0.37528571978217107,-0.8956406486776486,1.7421744264885497,16.191901813286325,3.739116084782119,112,14
Tunisia,TUN,2011,0.4950736641126428,0.055515118498179486,0.9359052641214695,0.7791015240833751,-0.4962932856239239,-0.2151321379233837,2.1366078960423502,0.29250713164594977,0.6669426400464034,1.183202376874821,-0.7205709147994724,-0.4626525230036132,0.236924793501823,0.019420044143866975,1.3628108911093144,16.20299142497063,3.6906711173539204,112,15
Tunisia,TUN,2012,0.5499066381329301,0.1458989319717753,0.9359052641214695,0.821134534867007,-0.07256698885437167,-0.2143960664150991,2.0543449059430685,0.25686831258244974,0.6669426400464034,1.183202376874821,-0.4454736910404334,-0.24938312628385903,0.236924793501823,0.04386840055748324,1.6473335426437405,16.214282537252267,3.7485116441918036,112,16
Tunisia,TUN,2013,0.5725148531114215,0.07967059630501613,0.8597914857233389,0.7455930673977937,-0.2698189472945252,-0.21361174998431406,2.086418632432021,0.17469559603646145,0.6669426400464034,-0.023929691893144107,-0.4454736910404334,-0.24938312628385903,0.5136466460625201,0.932734089006804,1.5524926587989325,16.2261750471085,3.7220014646974624,112,17
Tunisia,TUN,2014,0.6077110403070182,-0.13512588595202354,0.7777646991898676,0.6627154586748111,-0.29396725580839156,-0.21282021051094782,2.1088333124547445,0.006851112114900315,1.2927837912781783,-0.023929691893144107,-0.17037646728139427,-0.03611432671817715,0.5136466460625201,1.0287808667026896,1.5524926587989325,16.238035381497696,3.7187071692922973,112,18
Tunisia,TUN,2015,0.6045477879250959,-0.20269047816186744,0.8072323939160443,0.404915141402828,-0.27948289950006494,-0.21205815272251116,2.0716558959233016,-0.17960431198064217,1.2927837912781783,-0.023929691893144107,-0.17037646728139427,-0.03611432671817715,0.6520075723428688,1.1003787640953493,1.5524926587989325,16.249322577840157,3.7206844172853937,112,19
Tunisia,TUN,2016,0.6047100453201176,-0.2613639104620043,0.9715068568028057,0.40037915354891757,-0.4067274881518474,-0.21130541998327665,2.1052278466808643,-0.25391215496695035,1.2927837912781783,-0.023929691893144107,-0.4454736910404334,-0.03611432671817715,0.7903684986232175,1.0444975549922406,1.5524926587989325,16.260347968035465,3.7031791942547176,112,20
Tunisia,TUN,2017,0.6273067013120949,-0.3160876065870861,0.9715068568028057,0.6540458651692054,-0.3144093870613758,-0.21057999546603506,2.0966766805940265,-0.28595124052154053,1.2927837912781783,1.183202376874821,-0.17037646728139427,0.6036938634410864,0.7903684986232175,0.593952490691774,1.5524926587989325,16.27085956967672,3.7159099610111945,112,21
Turkiye,TUR,1996,0.7572775297817504,0.2412863756618772,-0.15117682097899116,-0.9803536062033982,-0.6047416833023886,0.08894484846655487,0.7780320943140522,0.5187280847006097,0.041101488814628474,-0.023929691893144107,-0.7205709147994724,0.3904244667213316,-0.039797059058874096,-0.5097084616043556,1.7895948684109542,17.94185648709839,3.675313601046899,113,0
Turkiye,TUR,1997,0.8772352473389665,0.26911508682953184,-0.15117682097899116,-0.8897495945286797,-0.6017657203114193,0.09431498114347402,0.9494470230617754,0.5159318792044719,-0.5847396624171465,-0.023929691893144107,-0.9956681385585116,0.2837897683614545,-0.1781579853392228,-0.8371394676366716,1.1968393443809002,17.956308699523518,3.675738193508557,113,1
Turkiye,TUR,1998,0.8881282093570619,-0.05420482172267781,-0.15117682097899116,-0.9591305249541205,-0.5954792112785516,0.09956354876326577,0.9002922262809804,0.3317430501312595,-1.2105808136489213,-0.023929691893144107,-1.2707653623175506,0.1771550700015777,-0.3165189116195712,-1.1645704736689877,0.6989247041956543,17.97023475513323,3.6766345225159114,113,2
Turkiye,TUR,1999,0.7929601373760476,-0.33143189978940135,0.21407318275875592,-1.0380104670731822,-0.6017797180968857,0.10466993617884345,0.8689279920418642,0.1032584208719899,-0.8976602380330339,-0.023929691893144107,-0.8581195266789919,0.39042446672133224,-0.10897752219904876,-1.1645704736689877,0.3195611688164192,17.98359994545787,3.675736196810827,113,3
Turkiye,TUR,2000,0.9108820956060436,-0.04146913265566494,0.4026347708898095,-0.9009942920473085,-0.5924813434046525,0.10963637640007344,1.1499022435594854,-0.020301854386413593,-0.5847396624171465,-0.023929691893144107,-0.4454736910404334,0.6036938634410864,0.09856386722147399,-1.1645704736689877,0.9834473557300805,17.996429710131764,3.677061675078883,113,4
Turkiye,TUR,2001,0.7640195562194455,-0.5549315283303567,0.7903170872275824,-0.6806906047493947,-0.36155829669425094,0.11451426438204107,0.9764519722965841,-0.12740624339888867,-0.271819086801259,-0.023929691893144107,-0.5830223029199529,0.6036938634410864,0.30610525664199706,-0.8371394676366716,1.1731291234196974,18.008872495599242,3.709428326428403,113,5
Turkiye,TUR,2002,0.87076275494225,-0.3615140956640225,0.9637200080611871,-0.7343011308499382,-0.5761512857367727,0.11929985462286372,1.0249319512734714,-0.20175879014077797,0.041101488814628474,-0.023929691893144107,-0.7205709147994724,0.6036938634410864,0.5136466460625201,-0.5097084616043556,0.6989247041956543,18.02093121078204,3.6793852722266718,113,6
Turkiye,TUR,2003,0.9703561869503207,-0.20717965242255335,1.0255914947813882,-0.784776865922789,-0.5601215133593236,0.12396199216888525,0.9857589540361028,-0.18409549757260715,0.041101488814628474,-0.023929691893144107,-0.7205709147994724,0.6036938634410864,0.5136466460625201,-0.5097084616043556,1.0071575766912821,18.032540652278197,3.68166090283236,113,7
Turkiye,TUR,2004,1.1684274828463983,0.3624025625901801,0.898755788096053,-0.7083758782781092,-0.5353731720583039,0.12849284064414782,1.2862457152260438,-0.15770108872587732,0.041101488814628474,-0.023929691893144107,-0.4454736910404334,0.6036938634410864,0.5136466460625201,-0.5097084616043556,1.2679700072645066,18.043695477576367,3.6851641075807255,113,8
Turkiye,TUR,2005,1.3650890359104526,0.5121935245966712,0.7769467725911618,-0.7865033135985596,-0.30551738616675184,0.13288109208668786,1.4881669956997714,-0.14642974660646996,0.041101488814628474,-0.023929691893144107,0.1047207564776448,0.6036938634410864,0.6520075723428688,0.14515355046027645,1.2679700072645066,18.054381895591845,3.717127663603633,113,9
Turkiye,TUR,2006,1.524572041050239,0.7747766034698287,0.9073980678252574,-0.7097663872906453,-0.015490501901231878,0.13714341368214833,1.54700698865799,-0.07952550969059559,0.6669426400464034,-0.023929691893144107,0.3798179802366839,0.8169632601608406,0.5136466460625201,0.04910729665400031,1.2679700072645066,18.064653447387645,3.7560532878397,113,10
Turkiye,TUR,2007,1.664319320544893,0.7095048889156955,0.9862551819630748,-0.7364878957503483,-0.08459314440434437,0.13781488272632444,1.5448308730342613,-0.051444912281525826,0.6669426400464034,-0.023929691893144107,0.24226936835716434,0.8169632601608406,0.5136466460625201,0.04910729665400031,1.2679700072645066,18.06626200999946,3.746915320874672,113,11
Turkiye,TUR,2008,1.653954838520412,0.5641003659662754,0.9256218916111092,-0.6569299571605804,-0.2013382254943663,0.14313579391109493,1.5541928347656793,-0.06981598206624952,0.6669426400464034,-0.023929691893144107,0.1047207564776448,0.8169632601608406,0.5136466460625201,0.047360648695421025,1.2679700072645066,18.07891804347377,3.7312849607741208,113,12
Turkiye,TUR,2009,1.4709120980509933,0.03750909189663674,0.6051485432200863,-0.7652500542242032,-0.42280605791326,0.14901621995737918,1.3443640040995708,-0.2500853575073644,0.6669426400464034,-0.023929691893144107,0.6549152039957229,0.8169632601608406,0.37528571978217107,0.047360648695421025,1.2679700072645066,18.092721070437985,3.700945274875341,113,13
Turkiye,TUR,2010,1.6625838726049555,0.269830030378815,0.7501515413403854,-0.768038060852717,-0.4494713952077915,0.15558391284830775,1.4776762885162613,-0.21205577483927,0.6669426400464034,-0.023929691893144107,0.1047207564776448,0.8169632601608406,0.37528571978217107,0.054346192750517365,0.8886064718852714,18.10791537960499,3.6972294179739382,113,14
Turkiye,TUR,2011,1.9404131676001746,0.6469972027282014,0.880304731836385,-0.5728160736264889,-0.3155549935828356,0.16202378825448302,1.513541444550182,-0.01665365075590016,0.6669426400464034,-0.023929691893144107,0.1047207564776448,0.8169632601608406,0.37528571978217107,0.054346192750517365,0.6989247041956543,18.122593121050695,3.7157529696527125,113,15
Turkiye,TUR,2012,2.0533482654398028,0.5755491926634468,0.7797196154603392,-0.5822398902350451,-0.38027263838413244,0.1676938349978865,1.450941801068483,-0.030353155437761726,0.6669426400464034,-0.023929691893144107,0.1047207564776448,0.8169632601608406,0.37528571978217107,0.05958508884703442,0.6989247041956543,18.135340301078177,3.70684394421222,113,16
Turkiye,TUR,2013,2.2918985122250857,0.7448010417219709,1.4010327646626803,-0.5897891353157564,-0.4056293278193977,0.17348058776894806,1.4997188259266485,0.05885582850117286,0.6669426400464034,-0.023929691893144107,0.1047207564776448,0.8169632601608406,0.37528571978217107,0.0368828565023869,0.6989247041956543,18.148184448375215,3.7033315882103635,113,17
Turkiye,TUR,2014,2.406959393423612,0.7798449813273233,1.537149152990904,-0.5537488691041222,-0.4046221259260794,0.17963928852743788,1.50762221407878,0.09618365893696877,0.6669426400464034,-0.023929691893144107,0.1047207564776448,0.8169632601608406,0.37528571978217107,-0.05217837713840255,0.3669816107388232,18.161675337201256,3.7034713392620975,113,18
Turkiye,TUR,2015,2.5704000786244703,0.8923209319768781,1.5829701401074692,-0.6245200162813536,-0.2607020062120677,0.18581189349402924,1.421827381485097,0.07656109259678091,0.6669426400464034,-0.023929691893144107,-0.4454736910404334,0.8169632601608406,0.37528571978217107,-0.05217837713840255,0.4144020526612283,18.175016494732592,3.723242374839804,113,19
Turkiye,TUR,2016,2.645687736875032,0.8961278608835159,1.6301172934455743,-0.7119633643697534,-0.37382355914581,0.1921207894734803,1.3610542395656777,0.10790796294383445,0.6669426400464034,-0.023929691893144107,-0.4454736910404334,0.8169632601608406,0.37528571978217107,-0.06614841746937504,0.4144020526612283,18.188470753912224,3.7077352929346015,113,20
Turkiye,TUR,2017,2.899963498354049,0.9223890404402493,1.7902331814474874,-0.5005250612338414,-0.4259272108641091,0.19828232466582724,1.3282160216289467,0.166072040437901,0.6669426400464034,-0.023929691893144107,-0.4454736910404334,0.8169632601608406,0.37528571978217107,-0.09408954591053904,0.4144020526612283,18.201438310871755,3.7005110500991156,113,21
Tanzania,TZA,1996,-1.0466708888065512,-1.3714331248288687,-2.1110443774383794,-1.0944678664237546,-0.37346115815210773,-0.09568262243404953,-1.378962123259244,-1.5100313502835645,-0.5847396624171465,-1.2310617606611092,-0.4454736910404334,-0.24938312628385903,-0.3165189116195712,-1.8194324857336197,0.9834473557300805,17.24774664950052,3.7077853580131683,114,0
Tanzania,TZA,1997,-1.0429054473652526,-1.5176172790395885,-2.092894683421176,-1.2943308975471692,-0.4046811226073187,-0.09191730928792226,-1.3832646967697921,-1.5116255229521118,-0.5847396624171465,-0.6274957262771266,-0.30792507916091383,-0.24938312628385903,-0.3165189116195712,-1.8194324857336197,0.9360269138076759,17.267974083645413,3.70346315390625,114,1
Tanzania,TZA,1998,-1.0402329325795485,-0.005460600338934771,-2.092894683421176,-1.3733463594764213,-0.4045862766053787,-0.08690126051950009,-1.3868520870297119,-0.5690078592351092,-0.5847396624171465,-0.023929691893144107,-0.17037646728139427,-0.24938312628385903,-0.3165189116195712,-1.8194324857336197,0.4144020526612283,17.294300232098788,3.703476313059097,114,2
Tanzania,TZA,1999,-1.0346781869199173,-0.37023417552031457,-2.092894683421176,-1.4059865535981448,0.06628861659373811,-0.08166189290035794,-1.390438232912816,-0.6059541915997294,-0.5847396624171465,-0.023929691893144107,-0.5830223029199529,-0.35601782464373616,-0.3165189116195712,-1.8194324857336197,0.4144020526612283,17.32107789484121,3.7667607711220223,114,3
Tanzania,TZA,2000,-1.0303585816382075,-0.47158326947860185,-2.092894683421176,-1.4360469442757717,-0.04054436391666982,-0.07594652498870579,-1.3936436936013774,-0.6545938689111082,-0.5847396624171465,-0.023929691893144107,-0.9956681385585116,-0.4626525230036132,-0.3165189116195712,-1.8194324857336197,0.4144020526612283,17.34949313725003,3.7527498665167887,114,4
Tanzania,TZA,2001,-1.0214392216926984,-0.37231118722592543,-2.092894683421176,-1.3184458028375667,0.06315499502960273,-0.07036007022531475,-1.3960859549507392,-0.640475974532504,-0.5847396624171465,-0.023929691893144107,-0.5830223029199529,-0.4626525230036132,-0.3165189116195712,-1.8194324857336197,0.4144020526612283,17.376508343947517,3.766352586034158,114,5
Tanzania,TZA,2002,-1.0090763854739715,-0.40687646570114516,-2.092894683421176,-1.3338966973048063,-0.15880635367414928,-0.06486385883399158,-1.3981223448279458,-0.4638634629714994,-0.5847396624171465,-0.023929691893144107,-0.17037646728139427,-0.4626525230036132,-0.3165189116195712,-1.8194324857336197,0.4144020526612283,17.40239341542851,3.737007649718682,114,6
Tanzania,TZA,2003,-0.9975644650013944,-0.11534360777096507,-2.092894683421176,-1.2480575241619187,-0.28424722995858703,-0.0590982214042268,-1.4001840868193294,-0.3176100664175168,-0.5847396624171465,-0.023929691893144107,-0.17037646728139427,-0.4626525230036132,-0.3165189116195712,-1.8194324857336197,0.4144020526612283,17.428845978512484,3.7200344736979236,114,7
Tanzania,TZA,2004,-0.9833367211863507,0.36632297148801446,-2.092894683421176,-1.1560682015168944,-0.18461489705513787,-0.05302376168728393,-1.4021376197552737,-0.3292771014540916,-0.5847396624171465,-0.023929691893144107,-0.17037646728139427,-0.4626525230036132,-0.5932407641802689,-1.1645704736689877,0.4144020526612283,17.45597858742791,3.7335390031221873,114,8
Tanzania,TZA,2005,-0.9687439403052488,0.7144433618074606,-2.092894683421176,-1.058592154656691,0.24715514968773675,-0.0466379013011039,-1.4024312660462706,-0.343144028879848,-1.2105808136489213,-0.023929691893144107,-0.17037646728139427,-0.4626525230036132,-0.5932407641802689,-1.1645704736689877,0.4144020526612283,17.483729980816282,3.790042477168456,114,9
Tanzania,TZA,2006,-0.9566626188077243,1.0731488738893182,-2.092894683421176,-0.8895429780501425,-0.2715677011519132,-0.040011364134175664,-1.4031497837012834,-0.3510216234776674,0.041101488814628474,-0.023929691893144107,0.3798179802366839,-0.4626525230036132,-0.3165189116195712,0.8314489391040109,0.5803735993896431,17.511735542491294,3.7217632650672727,114,10
Tanzania,TZA,2007,-0.9433136436567966,1.3622686117387155,-2.092894683421176,-0.7355878764017858,-0.18356856758852189,-0.03321938177757184,-1.3981674778023825,-0.3216169588327209,0.041101488814628474,-0.023929691893144107,0.24226936835716434,-0.4626525230036132,-0.3165189116195712,0.8314489391040109,1.1731291234196974,17.539648873026096,3.7336798631770174,114,11
Tanzania,TZA,2008,-0.932927636432857,1.6257150639680655,-2.092894683421176,-0.7074129872055244,0.22297062184470687,-0.026459519034886456,-1.3942274779255899,-0.27647421566991365,0.041101488814628474,-0.023929691893144107,0.1047207564776448,-0.4626525230036132,-0.3165189116195712,0.8489117514625311,1.0782882395748896,17.56667746239344,3.786960584544301,114,12
Tanzania,TZA,2009,-0.9228535454811027,1.0117380265890685,-2.092894683421176,-0.8672965768673342,-0.08056066651901232,-0.020128167908218756,-1.390174761255408,-0.4486268344345792,0.041101488814628474,-0.023929691893144107,0.1047207564776448,-0.4626525230036132,-0.3165189116195712,0.8489117514625311,0.9834473557300805,17.591346831329595,3.7474508664317314,114,13
Tanzania,TZA,2010,-0.9088363187532285,0.9843135474841253,-1.140627329269748,-0.747751124305343,0.3498570804181246,-0.013432079927318055,-1.3785561490629994,-0.29162615642790785,0.041101488814628474,-0.023929691893144107,0.1047207564776448,-0.24938312628385903,-0.3165189116195712,0.9117785046207358,0.7700553670792617,17.616791683018707,3.803025243007561,114,14
Tanzania,TZA,2011,-0.890209161034013,1.5092323242319758,-1.140627329269748,-0.4996384558779758,-0.026037565057461513,-0.005864385671281095,-1.3651938108210524,-0.05553925582367968,0.041101488814628474,-0.023929691893144107,0.1047207564776448,-0.24938312628385903,-0.3165189116195712,0.9117785046207358,0.6989247041956543,17.644790185523192,3.7546639580240413,114,15
Tanzania,TZA,2012,-0.8838296777302193,1.2503374101598392,-1.140627329269748,-0.551939464277459,0.15004681760755956,0.002144039230762543,-1.3575728343833988,-0.13762803376034385,0.041101488814628474,-0.023929691893144107,0.1047207564776448,-0.24938312628385903,-0.3165189116195712,0.9536896733928723,0.5092429365060362,17.673589622300607,3.777609811512336,114,16
Tanzania,TZA,2013,-0.8685619095991974,1.3707140889998404,-1.1227825290249829,-0.7189057785606009,0.1560212257292133,0.010777558028076683,-1.347579014896471,-0.1336809039860397,0.041101488814628474,-0.023929691893144107,0.1047207564776448,-0.24938312628385903,-0.1781579853392228,0.9344807369653825,0.4144020526612283,17.703735195346187,3.7783791865369554,114,17
Tanzania,TZA,2014,-0.8532452441232996,1.2753048201747381,-1.2223509783070567,-0.8142317455715469,-0.1528796305466847,0.019872660806203285,-1.3352748246065842,-0.15918190085209835,0.041101488814628474,-0.023929691893144107,0.1047207564776448,-0.24938312628385903,-0.1781579853392228,0.9344807369653825,0.4144020526612283,17.734539226329797,3.737802500487906,114,18
Tanzania,TZA,2015,-0.8407367717321969,1.1177650879240786,-1.3503205722790506,-0.9480517030816601,-0.09189738088623932,0.029813722996813802,-1.3308114097671062,-0.21383226736175118,0.041101488814628474,-0.023929691893144107,0.1047207564776448,-0.24938312628385903,-0.1781579853392228,0.9013007124277017,0.4144020526612283,17.76715732992416,3.745944528543155,114,19
Tanzania,TZA,2016,-0.8254057246842778,1.224800637041542,-1.366501799675864,-1.103374069785643,-0.347688004521763,0.04055033812385713,-1.3250429756232798,-0.18283345420922512,0.041101488814628474,-0.023929691893144107,0.1047207564776448,-0.24938312628385903,-0.1781579853392228,0.932734089006804,0.4144020526612283,17.801230282421738,3.7113394627391925,114,20
Tanzania,TZA,2017,-0.8098898653336137,1.516442185227958,-1.3401820182336948,-1.1705374576606162,-0.34338979424100935,0.05144073915172691,-1.3217153390911685,-0.16748215477664177,0.041101488814628474,-0.023929691893144107,0.1047207564776448,-0.4626525230036132,-0.1781579853392228,0.8820917760002118,0.4144020526612283,17.834644584022023,3.711930956725682,114,21
Uganda,UGA,1996,-1.1007472656361135,-0.6887684979764974,-1.9254434815948989,-1.104392152709964,-0.3004730659108995,-0.15352777240845725,0.16313378718173505,-1.0307255946239104,0.041101488814628474,-0.023929691893144107,-1.8209598098356288,0.6036938634410864,-0.8699626167409662,-1.1645704736689877,0.1298794011268022,16.870998888005726,3.717817792357197,115,0
Uganda,UGA,1997,-1.0964693808275088,-0.6983041194287614,-1.9254434815948989,-1.1400977157609289,-0.1602603630582994,-0.14980909046303362,0.1510082418257665,-0.9281874059312676,-0.5847396624171465,-0.023929691893144107,-1.8209598098356288,0.6036938634410864,-1.1466844693016631,-1.4920014797013037,0.20101006401040902,16.89998819178958,3.7368125515717123,115,1
Uganda,UGA,1998,-1.0926550724152808,-0.8159380354909395,-1.9254434815948989,-1.2598412423689058,-0.08962074586485581,-0.1458804222244657,0.1377250738112359,-0.8863018935012074,-1.2105808136489213,-0.023929691893144107,-1.8209598098356288,0.6036938634410864,-1.4234063218623598,-1.8194324857336197,0.6989247041956543,16.92972815384696,3.7462472129282514,115,2
Uganda,UGA,1999,-1.0828794960591572,-0.4108005941716177,-1.9254434815948989,-1.0857896126106448,-0.2409064832405017,-0.14146516624927452,0.12427272145136885,-0.7686061541343444,-1.2105808136489213,-0.023929691893144107,-1.8209598098356288,0.6036938634410864,-1.4234063218623598,-1.8194324857336197,0.6989247041956543,16.962128845260487,3.725931460736126,115,3
Uganda,UGA,2000,-1.0829917880451374,-0.4145856001136552,-1.9254434815948989,-1.181117664252474,-0.1951732830166131,-0.13704160943207325,0.10823808231411103,-0.46857096507495327,-1.2105808136489213,-0.023929691893144107,-1.8209598098356288,0.6036938634410864,-1.4234063218623598,-1.8194324857336197,0.6989247041956543,16.993570679959095,3.732116489687789,115,4
Uganda,UGA,2001,-1.0785239220818281,-0.4371881807425421,-1.9254434815948989,-1.106007595861419,-0.19532837783467744,-0.13260223099563184,0.09184847632512033,-0.4910882614858977,-1.2105808136489213,-0.023929691893144107,-1.8209598098356288,0.6036938634410864,-1.4234063218623598,-1.8194324857336197,0.6989247041956543,17.024161365056308,3.732095578938122,115,5
Uganda,UGA,2002,-1.066352022612451,-0.32615020956649604,-1.9254434815948989,-1.0784244157743126,-0.1252483051408531,-0.12791473241222087,0.07611096788897379,-0.34476590099356946,-1.2105808136489213,-0.023929691893144107,-1.8209598098356288,0.6036938634410864,-1.4234063218623598,-1.8194324857336197,0.6989247041956543,17.055477238829166,3.741499904944001,115,6
Uganda,UGA,2003,-1.058811128380517,-0.23883977509169388,-1.9254434815948989,-1.0694630350951246,-0.11249720839352906,-0.12303632637196424,0.05517977925095437,-0.36509995594919104,-1.2105808136489213,-0.023929691893144107,-1.8209598098356288,0.6036938634410864,-1.4234063218623598,-1.8194324857336197,0.6989247041956543,17.087059474861288,3.7432015563177625,115,7
Uganda,UGA,2004,-1.0498314274377325,-0.3284364033500993,-1.6021861217483009,-1.102221177860308,0.004797862254522499,-0.11825833431938036,0.011231176665625436,-0.5165394611101045,-1.2105808136489213,-0.023929691893144107,-1.2707653623175506,0.6036938634410864,-1.4234063218623598,-1.8194324857336197,0.6989247041956543,17.11705392568701,3.7587203915506615,115,8
Uganda,UGA,2005,-1.0415283417493935,-0.054723546243848654,-1.6021861217483009,-0.999369661623965,0.07404978359756387,-0.11344233346152369,-0.03610834682737771,-0.29547477589284055,-1.2105808136489213,-0.023929691893144107,-1.5458625860765898,0.6036938634410864,-1.2850453955820114,-1.1645704736689877,0.6989247041956543,17.14640313650482,3.7677710228246735,115,9
Uganda,UGA,2006,-1.0215534874735175,-0.20953978281824218,-1.6021861217483009,-0.8643664591734593,0.4906941991842245,-0.10849568663974955,-0.07828974392520315,-0.3576266927772092,0.041101488814628474,-0.023929691893144107,-0.17037646728139427,-0.4626525230036132,0.37528571978217107,0.3878888949690297,0.6989247041956543,17.17567772898626,3.8205590669416982,115,10
Uganda,UGA,2007,-1.0066279152794413,-0.09508220443949196,-1.422595459342408,-0.77286663002709,0.5261284227082136,-0.1033780627185241,-0.11812805119926818,-0.1645430683934993,0.041101488814628474,-0.023929691893144107,-0.17037646728139427,-0.4626525230036132,0.37528571978217107,0.3878888949690297,0.5566633784284414,17.205088393408122,3.824922544132516,115,11
Uganda,UGA,2008,-0.990068657929697,0.011547925130172108,-1.422595459342408,-0.4969569000780145,0.24036180592209774,-0.09810147231358214,-0.16076660135002382,-0.10683289539649947,0.041101488814628474,-0.023929691893144107,-0.17037646728139427,-0.4626525230036132,0.37528571978217107,0.36867995854154073,0.4144020526612283,17.234533253849825,3.789177743854372,115,12
Uganda,UGA,2009,-0.978406777663952,0.23082292787112532,-1.422595459342408,-0.7645300904981078,-0.061206788409032695,-0.09267318610504868,-0.20280049174099593,0.019992667371873656,0.041101488814628474,-0.023929691893144107,0.1047207564776448,-0.4626525230036132,0.37528571978217107,0.36867995854154073,0.4144020526612283,17.263946170010623,3.750017233313571,115,13
Uganda,UGA,2010,-0.9700096650377619,0.4845446323878816,-1.422595459342408,-1.0204695184374382,-0.2938647490389511,-0.0870778528944288,-0.6672952358803451,0.04552764784487363,0.041101488814628474,-0.023929691893144107,0.1047207564776448,-0.4626525230036132,0.37528571978217107,0.37217220667947853,0.4144020526612283,17.29338508244255,3.7187211761550603,115,14
Uganda,UGA,2011,-0.9491522349196697,0.4520641702402909,-1.422595459342408,-0.9772249449914362,-0.08616667024444292,-0.08133907112999071,-0.9051545201580105,0.04272576529572149,0.041101488814628474,-0.023929691893144107,-0.17037646728139427,-0.4626525230036132,0.37528571978217107,0.38614277090006094,0.4144020526612283,17.322704572918525,3.7467062661448294,115,15
Uganda,UGA,2012,-0.9460757678330057,0.379242396314791,-1.422595459342408,-0.868183119351357,0.12795599340178254,-0.07548623317626935,-0.9069502449235559,0.01100521186456608,0.041101488814628474,-0.023929691893144107,-0.17037646728139427,-0.4626525230036132,0.37528571978217107,0.391381666996578,0.22472028497161128,17.351746832900652,3.7747598374167453,115,16
Uganda,UGA,2013,-0.9437204572142304,1.068690785879456,-1.422595459342408,-0.8796196058690171,0.01713371733342583,-0.06953389825759372,-1.0753241523052008,-0.13218383101140999,0.041101488814628474,-0.023929691893144107,-0.17037646728139427,-0.4626525230036132,0.37528571978217107,0.40185945918961213,0.1298794011268028,17.380442348463145,3.7603385895905928,115,17
Uganda,UGA,2014,-0.9363211921921917,0.4339216815967218,-1.422595459342408,-1.0860896251269727,-0.07954468635622974,-0.06323087360541806,-1.4770977481207361,-0.15239994873446963,0.041101488814628474,-0.023929691893144107,-0.17037646728139427,-0.4626525230036132,0.37528571978217107,0.40185945918961213,0.1298794011268028,17.409956797627338,3.747585751562528,115,18
Uganda,UGA,2015,-0.9289367559706814,0.07395372826247659,-1.422595459342408,-1.0373471207735665,-0.2514940401686205,-0.0564668961698855,-1.4734149817863145,0.005263885891288296,0.041101488814628474,-0.023929691893144107,-0.4454736910404334,-0.24938312628385903,0.5136466460625201,0.40185945918961213,0.1298794011268028,17.440689726189955,3.724494113376254,115,19
Uganda,UGA,2016,-0.9238353291350774,0.2689603181897139,-1.422595459342408,-1.2259248521315376,-0.2754806168911754,-0.04891809615466486,-1.4745150772674318,-0.07355324888902949,0.041101488814628474,-0.023929691893144107,-0.4454736910404334,-0.24938312628385903,0.37528571978217107,-0.027730020724786867,0.1298794011268028,17.47390897445832,3.7212300770336877,115,20
Uganda,UGA,2017,-0.9253833353608838,0.16968835870834928,-1.422595459342408,-1.0621489855202562,-0.19230937014057273,-0.04071112392468596,-1.472848181958994,-0.0848705387358344,0.041101488814628474,-0.023929691893144107,-0.4454736910404334,-0.24938312628385903,0.37528571978217107,-0.057417273234919616,0.1298794011268028,17.508814932661206,3.732502539854322,115,21
Ukraine,UKR,1996,0.18201505779399105,-0.23435361913046907,1.1325327777702323,0.5972230848525873,-0.4483176421321764,0.02508061741989126,1.4114286392914253,0.5626000869630313,-0.5847396624171465,-1.2310617606611092,-0.7205709147994724,0.3904244667213316,-1.0083235430213147,-1.1645704736689877,0.41440205266122715,17.751759920961348,3.697390481400414,116,0
Ukraine,UKR,1997,0.14988451417208723,-0.341958519481258,1.1325327777702323,0.3174027334468404,-0.4353552590573727,0.022465173351719877,1.2254828336389536,0.2868467776952808,-0.8976602380330339,-1.2310617606611092,-0.9956681385585116,0.17715507000157737,-1.1466844693016631,-1.1645704736689877,0.41440205266122715,17.743148729616067,3.6991982437226563,116,1
Ukraine,UKR,1998,0.1337790467775596,-0.37164634315898293,1.1325327777702323,0.37002785365075613,-0.3409226368453142,0.020040696287323915,1.1406597699596115,0.2992465454672372,-1.2105808136489213,-1.2310617606611092,-1.2707653623175506,-0.03611432671817715,-1.2850453955820114,-1.1645704736689877,0.41440205266122715,17.735099509303332,3.712270314188547,116,2
Ukraine,UKR,1999,0.14248692479625616,-0.4106969730379563,1.1325327777702323,0.8328038580842193,-0.3770472746352454,0.017639257930056336,1.126432202770123,0.41531093961058557,-1.2105808136489213,-1.2310617606611092,-0.9956681385585116,-0.03611432671817715,-1.3542258587221856,-1.1645704736689877,0.41440205266122715,17.727062392408804,3.707289831791926,116,3
Ukraine,UKR,2000,0.2408565861551763,-0.35265135812458875,1.2428199486289635,1.2339431328827433,-0.3295888558623566,0.015139561183973718,1.0673480895436562,0.3845848683155163,-1.2105808136489213,-1.2310617606611092,-0.7205709147994724,-0.03611432671817715,-1.4234063218623598,-1.1645704736689877,0.03503851728199372,17.718627239574204,3.7138277975933036,116,4
Ukraine,UKR,2001,0.39227320384879155,-0.34954697852953576,1.3000739832356394,0.7738558777989267,-0.2981672907058273,0.012461110509411698,1.0970600852553665,0.23902000087744404,-1.2105808136489213,-1.2310617606611092,-0.4454736910404334,-0.03611432671817715,-1.1466844693016631,-1.1645704736689877,-0.24948413425243235,17.709509216418134,3.7181330939146244,116,5
Ukraine,UKR,2002,0.4986640686736561,-0.41795291638202053,1.3225548309271669,0.6594434269348881,-0.3759838881942467,0.009903129228469278,1.13754886069423,0.2647195038731024,-1.2105808136489213,-1.2310617606611092,-0.17037646728139427,-0.03611432671817715,-0.8699626167409662,-1.1645704736689877,-0.7236885534764754,17.700722990506748,3.7074367951477916,116,6
Ukraine,UKR,2003,0.6850919134787694,-0.25122271666314433,1.3663483749035379,0.8513846305361685,-0.16975186692636146,0.0077466669402793675,1.1938952221331904,0.28236355096137,-1.2105808136489213,-1.2310617606611092,-0.17037646728139427,-0.03611432671817715,-0.8699626167409662,-1.1645704736689877,-0.7236885534764754,17.69325546496984,3.735538050940992,116,7
Ukraine,UKR,2004,0.9353622871682821,-0.027724824219519443,1.2791981027742123,1.0664912599945293,-0.2028880060343922,0.005748099291070096,1.2602496028826489,0.19423001688635158,-1.2105808136489213,-1.2310617606611092,-0.17037646728139427,-0.03611432671817715,-0.8699626167409662,-1.1645704736689877,-0.7236885534764754,17.686284561050634,3.7310758172024605,116,8
Ukraine,UKR,2005,1.023276290803823,-0.09494607670498,1.144704330800258,0.620240417296093,0.897795639898216,0.003402242038050716,1.2957102063988157,0.2622697958732133,-1.2105808136489213,-1.2310617606611092,-0.17037646728139427,-0.03611432671817715,-0.8699626167409662,-1.1645704736689877,-0.3206147971360392,17.678039848789414,3.869578950597873,116,9
Ukraine,UKR,2006,1.2157952228823838,0.21056007234363605,1.2186100383029599,0.46115498594586496,0.23349894851777178,0.0015749730417135243,1.3364657113232365,0.2921166267596003,-1.2105808136489213,-1.2310617606611092,0.1047207564776448,-0.03611432671817715,-0.5932407641802689,0.702222660760053,-0.15464325040762328,17.671570329158346,3.7883034021194684,116,10
Ukraine,UKR,2007,1.435392142854613,0.5415912113329238,1.2377179729031913,0.42813924146888227,0.5610377242595906,0.0002893786467307165,1.3693527221674788,0.301730039133038,-1.2105808136489213,-1.2310617606611092,0.3798179802366839,-0.03611432671817715,-0.45487983789991987,0.702222660760053,-0.15464325040762328,17.666993416757858,3.8292028419779953,116,11
Ukraine,UKR,2008,1.511445099703348,0.3945026042583096,1.239486194531951,0.6063973380435908,0.3541512196956863,-0.0011613215204279922,1.3659899539582163,0.0865977436442634,-1.2105808136489213,-1.2310617606611092,0.6549152039957229,-0.03611432671817715,-0.45487983789991987,0.702222660760053,-0.15464325040762328,17.66180342055564,3.8035644202267584,116,12
Ukraine,UKR,2009,1.095190850178326,-0.525719117585145,1.2263844775041395,0.411539638409176,0.040769943324750355,-0.002325130534643262,1.3651313214461807,-0.19106820498216223,-1.2105808136489213,-1.2310617606611092,0.1047207564776448,-0.03611432671817715,-0.3165189116195712,1.1387976847295478,-0.15464325040762328,17.657620239847986,3.7634318560931077,116,13
Ukraine,UKR,2010,1.2024162102709044,-0.5622468425789107,1.2539925371593934,0.6517332179956715,0.15530589518697568,-0.0033238992783053787,1.3322186311502953,-0.11676027435395127,-1.2105808136489213,-1.2310617606611092,0.3798179802366839,-0.03611432671817715,-0.3165189116195712,1.027034218744111,-0.15464325040762328,17.654016272137,3.7782870985656816,116,14
Ukraine,UKR,2011,1.3473961460540242,-0.5216125838783753,1.180816193536383,0.9158419372190443,0.09984573455202855,-0.004206087042861939,1.329897172591184,-0.1844437667280442,-1.2105808136489213,-1.2310617606611092,0.3798179802366839,-0.03611432671817715,-0.3165189116195712,1.3518457767281684,-0.15464325040762328,17.650822137499816,3.7711215025905824,116,15
Ukraine,UKR,2012,1.357057358457093,-0.3940256147918591,1.3022780121111133,0.8523335263165909,0.13911073949562028,-0.004788438151942855,1.3586718343704156,-0.23232028757873394,-1.2105808136489213,-1.2310617606611092,0.1047207564776448,-0.03611432671817715,-0.3165189116195712,0.9589285694893893,-0.3443250180972414,17.64870801634493,3.7761999450098402,116,16
Ukraine,UKR,2013,1.3630750450996632,-0.6471713019733764,1.3005730622059652,0.6014435533964784,-0.23562923025053528,-0.005284380711233153,1.2065258347586563,-0.3856886874060905,-1.2105808136489213,-1.2310617606611092,0.1047207564776448,-0.24938312628385903,-0.45487983789991987,0.9467046532273862,-0.4391659019420505,17.646904055251827,3.726647120169679,116,17
Ukraine,UKR,2014,1.2273237822876557,-1.0327464692732113,1.2595821769301103,0.7961378031809648,-0.5432879427976484,-0.006203725759966782,1.1591987130388508,-0.3532130465660954,-1.2105808136489213,-1.2310617606611092,-1.8209598098356288,-0.03611432671817715,-0.5932407641802689,0.8733601078761474,-0.4391659019420505,17.6435513610898,3.68404508140539,116,18
Ukraine,UKR,2015,0.9924264716817925,-1.1039654362156401,0.9778855257680092,1.0031921870062463,-0.6945768788794792,-0.00732013541808438,0.9684676686997552,-0.44436200551161903,-1.2105808136489213,-0.023929691893144107,-1.2707653623175506,-0.03611432671817715,-0.5932407641802689,0.9222562968137699,-0.4391659019420505,17.63946483487636,3.66241085180483,116,19
Ukraine,UKR,2016,1.0599983060322202,-0.8726478457224375,0.9071437157851001,0.9366826298681753,0.12927072967980233,-0.0083209049385868,0.9075302734353101,-0.32318991911970785,-1.2105808136489213,-0.023929691893144107,-1.2707653623175506,-0.03611432671817715,-0.3165189116195712,0.9222562968137699,-0.3443250180972414,17.6357873511043,3.7749296812445414,116,20
Ukraine,UKR,2017,1.1276365504772512,-0.8338544727330907,0.8436344803205326,0.8934309125665287,-0.07294488557465331,-0.009397459836608703,0.9144564904788514,-0.3139635123733566,-1.2105808136489213,-0.023929691893144107,-1.5458625860765898,0.3904244667213316,-0.1781579853392228,0.9205101727448008,-0.15464325040762328,17.631816224710168,3.7484615218382014,116,21
Uzbekistan,UZB,1996,-0.8504125413779694,0.04208578275772788,0.8075395989837976,-0.4695918151159044,-0.5413746935264985,-0.14090125682434365,0.05124154697703983,-0.08050858211951555,-1.2105808136489213,-1.2310617606611092,-1.5458625860765898,-2.168807099607576,-1.1466844693016627,-1.8194324857336197,2.4060606134022096,16.96619242070387,3.6843157000490456,117,0
Uzbekistan,UZB,1997,-0.8349742253082713,0.6866889876404355,0.8075395989837976,-0.4695918151159044,-0.4550620334755685,-0.13847782183121868,0.05547969564965616,-0.3486695614174738,-1.2105808136489213,-1.2310617606611092,-1.8209598098356288,-2.168807099607576,-1.1466844693016627,-1.8194324857336197,2.4060606134022096,16.98347032254635,3.696448599694847,117,1
Uzbekistan,UZB,1998,-0.8224065889022852,0.6472976940056989,0.8075395989837976,-0.8124294010512684,-0.4905620770302635,-0.13623904186731342,0.07380310982526561,-0.38821713550627335,-1.2105808136489213,-1.2310617606611092,-2.096057033594668,-2.168807099607576,-1.1466844693016627,-1.8194324857336197,2.4060606134022096,16.99917072672034,3.6914761966420864,117,2
Uzbekistan,UZB,1999,-0.808676392023171,0.31440990964815957,0.8075395989837976,-1.0684988245213014,-0.5299290996952805,-0.13420802114137897,0.11780915986081891,-0.5013265526135541,-1.2105808136489213,-1.2310617606611092,-2.096057033594668,-2.168807099607576,-1.1466844693016627,-1.8194324857336197,2.4060606134022096,17.013203971271643,3.6859330889737536,117,3
Uzbekistan,UZB,2000,-0.7961157693529259,0.026103242155032187,0.7915197095798941,-0.8521220510573484,-0.5595509003375949,-0.13235583770962564,0.13691119984061748,-0.5695270992875977,-1.2105808136489213,-1.2310617606611092,-2.096057033594668,-2.168807099607576,-1.1466844693016627,-1.8194324857336197,2.4060606134022096,17.025832099051964,3.6817418132543365,117,4
Uzbekistan,UZB,2001,-0.7813400964981251,0.5051165416758722,0.7915197095798941,-0.481881900967705,-0.5269884359976855,-0.13055020211287421,0.1619050492957828,-0.5927249864109522,-1.2105808136489213,-1.2310617606611092,-1.8209598098356288,-2.168807099607576,-1.1466844693016627,-1.8194324857336197,2.4060606134022096,17.03799123752924,3.686348215212172,117,5
Uzbekistan,UZB,2002,-0.7671778554360789,-0.2621940315040535,0.7915197095798941,-0.4184910154246371,-0.5362547153669948,-0.12870605156194698,0.19157856368118384,-0.6397887137855235,-1.2105808136489213,-1.2310617606611092,-1.5458625860765898,-2.168807099607576,-1.1466844693016627,-1.8194324857336197,2.4060606134022096,17.05025898395699,3.685039532941232,117,6
Uzbekistan,UZB,2003,-0.7512081049104079,-0.31024245212894624,1.1565783306273132,-0.08368222310460594,-0.5112164267992088,-0.12685248068672994,0.2291109428333351,-0.551465045802229,-1.2105808136489213,-1.2310617606611092,-2.096057033594668,-2.168807099607576,-1.1466844693016627,-1.8194324857336197,2.4060606134022096,17.06243958620924,3.688571774818577,117,7
Uzbekistan,UZB,2004,-0.7172431408150489,-0.1468484415509499,1.187246993100413,0.0948978277133695,-0.395265000902403,-0.12495834644295296,0.28423757684486767,-0.39609658160233113,-1.2105808136489213,-1.2310617606611092,-1.8209598098356288,-2.168807099607576,-1.1466844693016627,-1.8194324857336197,2.4060606134022096,17.07473534389004,3.7047687242952207,117,8
Uzbekistan,UZB,2005,-0.6842217516325895,-0.3365322157863378,0.8825497555855623,-0.11086376610573481,-0.3909734614000147,-0.12300744015633236,0.3404298830475594,-0.08645471105420063,-1.2105808136489213,-1.2310617606611092,-1.8209598098356288,-1.9555377028878216,-1.1466844693016627,-1.8194324857336197,2.4060606134022096,17.087243541746197,3.7053631927022077,117,9
Uzbekistan,UZB,2006,-0.6465261430164783,-0.12417237097322528,0.9137026659033444,-0.17063785612394036,-0.44368904031963424,-0.12097053023904357,0.40550471740373395,-0.017411086135556263,-0.5847396624171465,-1.2310617606611092,-1.5458625860765898,-1.9555377028878216,-1.2850453955820114,-1.4963670518185312,2.4060606134022096,17.10013831748601,3.698036371531219,117,10
Uzbekistan,UZB,2007,-0.5942047040837047,0.10431600678443964,0.9513303228870028,0.03141296972756714,-0.12467387207662277,-0.11872581940093313,0.48032289913633364,-0.01538540013842021,-0.5847396624171465,-1.2310617606611092,-1.40831397419707,-1.9555377028878216,-1.2850453955820114,-1.4963670518185312,2.4060606134022096,17.114158617008275,3.741576626142581,117,11
Uzbekistan,UZB,2008,-0.541847637891681,0.5000812576339624,0.895744130515317,0.18663605804141997,-0.32664904747038337,-0.11623219644168714,0.5557579439073375,0.16860728264827313,-0.5847396624171465,-1.2310617606611092,-1.2707653623175506,-1.9555377028878216,-1.2850453955820114,-1.515576512135631,2.4060606134022096,17.129506544584512,3.71423138893083,117,12
Uzbekistan,UZB,2009,-0.4935429551993636,0.691026893381459,0.9251387468366901,-0.13566187165493396,-0.33278198534504183,-0.11358501385994785,0.6302174920844348,0.27617583665520123,-1.2105808136489213,-1.2310617606611092,-1.5458625860765898,-1.9555377028878216,-1.2850453955820114,-1.515576512135631,2.4060606134022096,17.145545895756676,3.713389244468901,117,13
Uzbekistan,UZB,2010,-0.4456338180386513,-0.007556224175337051,0.9591138624178402,-0.7003571642229165,-0.06262865404743002,-0.11092816085681374,0.6851467484934459,-0.48600375240459864,-1.2105808136489213,-1.2310617606611092,-0.7205709147994724,-1.9555377028878216,-1.4234063218623598,-1.515576512135631,2.4060606134022096,17.16138925597404,3.749828914793956,117,14
Uzbekistan,UZB,2011,-0.39501176342639177,-0.22658779836919096,0.9518708273150097,-0.6891445162239481,-0.1793705304013943,-0.10832185128766923,0.6889559601943726,-0.6072702448926306,-1.2105808136489213,-1.2310617606611092,-0.7205709147994724,-1.9555377028878216,-1.561767248142709,-1.515576512135631,2.4060606134022096,17.176691072293167,3.7342448162920583,117,15
Uzbekistan,UZB,2012,-0.3450059539467145,-0.21319168961423837,1.0337112450961417,-0.8467298054119783,-0.4602047788422602,-0.105709485795767,0.6853875250401671,-0.5529704000405742,-1.2105808136489213,-1.2310617606611092,-0.7205709147994724,-1.9555377028878216,-1.561767248142709,-1.5190692841631785,2.4060606134022096,17.19179702320951,3.69572979775509,117,16
Uzbekistan,UZB,2013,-0.29098901378081005,-0.10807164229551437,1.034264101569148,-0.9008999942830714,-0.4881323290112977,-0.10295745298008703,0.688448945494063,-0.48057301130783303,-1.2105808136489213,-1.2310617606611092,-0.7205709147994724,-1.9555377028878216,-1.561767248142709,-1.5190692841631785,2.4060606134022096,17.20746757868497,3.6918173147634894,117,17
Uzbekistan,UZB,2014,-0.2391904659481447,-0.056707962134985794,1.0226675545743336,-1.0761177932694515,-0.47832265685876024,-0.09998648396771821,0.6934136754808151,-0.4157119766150515,-1.2105808136489213,-1.2310617606611092,-0.7205709147994724,-1.9555377028878216,-1.4234063218623598,-1.3915891298881904,2.4060606134022096,17.22411361645009,3.693193336021989,117,18
Uzbekistan,UZB,2015,-0.18182648527171008,-0.06820005675156894,1.0407755103364504,-1.2391129265468241,-0.4414453893669994,-0.09685221940983854,0.6963112805732888,-0.3781533974316376,-1.2105808136489213,-1.2310617606611092,-0.4454736910404334,-1.9555377028878216,-1.4234063218623598,-1.478904239460011,2.4060606134022096,17.24137931621896,3.6983493078150262,117,19
Uzbekistan,UZB,2016,-0.13556374133024895,-0.11816052647238304,1.0614526091783452,-1.2846250492646112,-0.3131357644856675,-0.09366513672525204,0.7166992504087842,-0.34466822326725693,-1.2105808136489213,-1.2310617606611092,0.3798179802366839,-1.9555377028878216,-1.4234063218623598,-1.478904239460011,2.4060606134022096,17.258635530749462,3.7160844664773265,117,20
Uzbekistan,UZB,2017,-0.10468226571311698,0.03809255577088591,1.099864616966169,-0.8956153070242295,-0.19780580117233248,-0.0904816983127675,0.7163395282552413,-0.19394655926065596,-1.2105808136489213,-1.2310617606611092,0.1047207564776448,-1.9555377028878216,-1.2850453955820114,-1.0423297393801263,2.4060606134022096,17.275579779158274,3.731761499595258,117,21
St. Vincent and the Grenadines,VCT,2004,0.48182984800432604,-0.09145487439041167,1.1174568407423773,-0.16305872309946667,2.0290810748614643,-0.27928323630421886,0.42266105601201276,-0.9076954940193592,1.722654551815366,1.8416378751654097,1.7052865820413476,1.2772514102849555,2.0216407212609235,1.4350331600655433,0.1298794011268022,11.633690716065077,3.9943909508087647,118,0
St. Vincent and the Grenadines,VCT,2005,0.5325589515807793,-0.09145487439041167,0.9569165464574615,-0.16305872309946667,0.5661096261175835,-0.27928552886101504,0.41194542344925283,-0.9393161813549349,3.170307244973503,2.993900480026768,1.9203624332873026,3.091836028966124,2.381519150847226,2.764601598718805,0.1298794011268022,11.630272850189183,3.82982319633036,118,1
St. Vincent and the Grenadines,VCT,2006,0.6687660488172086,-0.09145487439041167,0.9569165464574615,-0.16305872309946667,2.6547975340942638,-0.27928812510715306,0.45802880765815135,-0.929705232727018,3.170307244973503,2.993900480026768,1.7553040990318793,2.8430216332673988,2.381519150847226,2.764601598718805,0.1298794011268022,11.62638806988103,4.057271330413117,118,2
St. Vincent and the Grenadines,VCT,2007,0.7431759813162804,-0.09145487439041167,1.4799803305619246,-0.16305872309946667,1.4362257692761977,-0.27929100122386097,0.49286048919586484,-0.7909877408767022,3.170307244973503,2.993900480026768,1.7553040990318793,2.8430216332673988,2.381519150847226,2.764601598718805,0.1298794011268022,11.62206682422267,3.9309280303335004,118,3
St. Vincent and the Grenadines,VCT,2008,0.7607781769853038,-0.09145487439041167,1.6430858147393383,-0.16305872309946667,3.153317404316789,-0.2792939964344285,0.4453739198612011,-0.947139740870261,3.170307244973503,2.993900480026768,1.7553040990318793,2.8430216332673988,2.7274214665480976,2.764601598718805,0.1298794011268022,11.617546707432952,4.104684712017077,118,4
St. Vincent and the Grenadines,VCT,2009,0.7418966671133229,-0.09145487439041167,1.7214818455079468,-0.16305872309946667,2.0612793833001177,-0.27929709287477655,0.4162846105997584,-0.9340856654109848,3.170307244973503,2.993900480026768,1.7553040990318793,2.8430216332673988,2.7274214665480976,2.4371705926864884,0.1298794011268022,11.61285224458704,3.9977250022662902,118,5
St. Vincent and the Grenadines,VCT,2010,0.6601635690533253,-0.09145487439041167,1.7062090104384695,-0.16305872309946667,1.7074464235369087,-0.279300362001221,0.3764161217710198,-0.9309957213272292,3.170307244973503,2.993900480026768,2.0304013227909183,2.8430216332673988,2.7274214665480976,2.4371705926864884,0.1298794011268022,11.607871942279182,3.960461795644527,118,6
St. Vincent and the Grenadines,VCT,2011,0.6591455104123012,-0.09145487439041167,1.621388974235978,-0.16305872309946667,1.4497250726960995,-0.279303994363937,0.3487755950238678,-0.9951514997687081,3.170307244973503,2.993900480026768,2.0304013227909183,2.8430216332673988,2.7274214665480976,2.4371705926864884,0.1298794011268022,11.602309026104914,3.9324188071152317,118,7
St. Vincent and the Grenadines,VCT,2012,0.69330658257433,-0.09145487439041167,1.532680339595075,-0.16305872309946667,2.5757683967730873,-0.279307644590732,0.3310039233189215,-1.041856319137485,3.170307244973503,2.993900480026768,2.0304013227909183,2.8430216332673988,2.7274214665480976,2.4371705926864884,0.1298794011268022,11.596687401575542,4.049544188118262,118,8
St. Vincent and the Grenadines,VCT,2013,0.7538868304456529,-0.09145487439041167,1.6364891788095925,-0.16305872309946667,2.9094480797740565,-0.2793112233612112,0.33615487783323195,-1.0309246847619495,3.170307244973503,2.993900480026768,2.0304013227909183,2.8430216332673988,2.7274214665480976,2.4371705926864884,0.1298794011268022,11.591144973163663,4.08177146298903,118,9
St. Vincent and the Grenadines,VCT,2014,0.7890911373966155,-0.09145487439041167,1.732206446122823,-0.16305872309946667,2.21017990690451,-0.27931479617699745,0.303919196285221,-1.0805924787943946,2.1272388264781847,1.9879572503377398,1.81643686432895,2.2624553071244446,0.9594765433852898,2.4371705926864884,0.1298794011268022,11.585580954209748,4.013000327683911,118,10
St. Vincent and the Grenadines,VCT,2015,0.8589763491240548,-0.09145487439041167,1.828023541294684,-0.16305872309946667,2.1408627025481217,-0.2793182201254593,0.3215101294872788,-1.010708472694597,2.1272388264781847,1.9879572503377398,1.81643686432895,1.930702779526144,1.5744139320264274,2.4371705926864884,0.1298794011268022,11.580219561021574,4.00591827009303,118,11
St. Vincent and the Grenadines,VCT,2016,0.961711105238309,-0.09145487439041167,1.828023541294684,-0.16305872309946667,0.8820254742173709,-0.2793218584428683,0.31739600237358256,-1.058053211207114,2.1272388264781847,2.390334445642786,1.81643686432895,1.930702779526144,1.5744139320264274,2.4371705926864884,0.1298794011268022,11.574490820628384,3.8677241058934353,118,12
St. Vincent and the Grenadines,VCT,2017,1.0117406815775933,-0.09145487439041167,1.828023541294684,-0.16305872309946667,2.8238035453271815,-0.2793259433622506,0.3205146829799459,-1.0339586606963271,2.1272388264781847,2.390334445642786,1.571905803140667,1.930702779526144,1.5744139320264274,2.4371705926864884,0.1298794011268022,11.5680195272798,4.0735983451003825,118,13
St. Vincent and the Grenadines,VCT,2018,1.1020911932572577,-0.09145487439041167,1.828023541294684,-0.16305872309946667,0.14744329050167382,-0.2793303319709747,0.320947956210998,-1.0434011934299678,2.1272388264781847,2.390334445642786,1.571905803140667,1.930702779526144,1.5744139320264274,2.4371705926864884,0.1298794011268022,11.561020149254343,3.7772743480520456,118,14
St. Vincent and the Grenadines,VCT,2019,1.1358335939504065,-0.09145487439041167,2.303865439050813,-0.16305872309946667,0.6866714575881152,-0.2793348515829443,0.30011571823450106,-1.1155468880929622,2.1272388264781847,2.390334445642786,1.81643686432895,1.930702779526144,1.5744139320264274,2.4371705926864884,0.1298794011268022,11.553760259408564,3.844457178571694,118,15
"Venezuela, RB",VEN,1996,-0.3051310907582597,-0.8950339664982929,-0.2681765880286808,-0.5052753672281521,-0.10641949388166194,-0.14500920895906594,0.6493303782053088,1.4797109884495427,-0.5847396624171465,-1.2310617606611092,-0.17037646728139427,-0.24938312628385903,-0.45487983789991987,-0.5097084616043556,1.2679700072645055,16.93620510135744,3.744011617782449,119,0
"Venezuela, RB",VEN,1997,-0.3051310907582597,0.3422385502822352,-0.2681765880286808,-0.6428509080162546,0.6271126283321139,-0.14221305186842567,0.8537279783852059,1.6129533972203909,-0.5847396624171465,-1.2310617606611092,-0.17037646728139427,-0.24938312628385903,-0.45487983789991987,-0.5097084616043556,0.9123166928464731,16.956713923898704,3.8372545989645164,119,1
"Venezuela, RB",VEN,1998,-0.3051310907582597,0.7173391475936859,-0.2681765880286808,-0.8653528018816872,0.3208325488953374,-0.13941641840234725,0.9380463370854453,1.130112321175404,-0.5847396624171465,-1.2310617606611092,-0.17037646728139427,-0.24938312628385903,-0.45487983789991987,-0.5097084616043556,0.41440205266122715,16.976813963303997,3.7993732453293596,119,2
"Venezuela, RB",VEN,1999,-0.3051310907582597,0.127335488793935,-0.2681765880286808,-0.9098541629708407,-0.12451334260148557,-0.13664596176659616,0.6957778614513641,1.2442812752421974,-0.271819086801259,-1.2310617606611092,-0.17037646728139427,-0.03611402814114067,-0.38569937475974553,-0.1822774555720396,0.41440205266122715,16.996335295799806,3.7415980653842467,119,3
"Venezuela, RB",VEN,2000,-0.3051310907582597,-0.1986582770555249,-0.15800579108251014,-0.7414423769533202,0.0569676848564462,-0.1339061182074403,0.7077429284946721,1.6172357488748024,0.041101488814628474,-1.2310617606611092,-0.17037646728139427,0.1771550700015777,-0.3165189116195712,0.14515355046027645,0.41440205266122715,17.015273244983806,3.7655461383095066,119,4
"Venezuela, RB",VEN,2001,-0.3051310907582597,0.169064265863555,-0.009748459924000159,-0.9077868437593012,-0.12080267879934205,-0.13120736798451935,0.6079061310936795,1.325287825914441,-0.271819086801259,-1.2310617606611092,-0.17037646728139427,0.07052037164170027,-0.5240603010400943,-0.1822774555720396,0.058748738243195986,17.03358298019098,3.74209350872747,119,5
"Venezuela, RB",VEN,2002,-0.3051310907582597,-0.0883468222162869,0.13630562627147377,-0.7205330597403427,-0.5104749502234457,-0.1284935226149015,0.41615066728042804,1.6381318274557035,-0.5847396624171465,-1.2310617606611092,-0.17037646728139427,-0.03611432671817715,-0.731601690460617,-0.5097084616043556,-1.482415624234945,17.051663156177,3.688676187624386,119,6
"Venezuela, RB",VEN,2003,-0.3051310907582597,-0.8710558456488119,0.17914473870433542,-0.6622917470361412,-0.3219028808681907,-0.125772037374194,0.3036993443888368,1.8208198534055604,-0.5847396624171465,-1.2310617606611092,-0.7205709147994724,-0.4626525230036132,-0.8699626167409662,-0.5097084616043556,-2.1463018111486054,17.069471788143495,3.7148826224306686,119,7
"Venezuela, RB",VEN,2004,-0.3051310907582597,-0.5233255659112063,0.2736552471517627,-0.522881139402861,-0.4208127995533351,-0.12310353103690373,0.36715309780542793,2.01061178119154,-0.5847396624171465,-1.2310617606611092,-0.7205709147994724,-0.4626525230036132,-0.8699626167409662,-0.5097084616043556,-1.292733856545327,17.086631106467642,3.70122248472583,119,8
"Venezuela, RB",VEN,2005,-0.3051310907582597,-0.289143193453159,0.35765322024206436,-0.38436029187552145,-0.3569611399951144,-0.12045389512165787,0.392283141150459,2.1756039128826097,-0.5847396624171465,-1.2310617606611092,-0.17037646728139427,-0.4626525230036132,-0.8699626167409662,-0.5097084616043556,-1.0082112050109016,17.103382640980357,3.710062156418587,119,9
"Venezuela, RB",VEN,2006,-0.3051310907582597,-0.03868612399072951,0.44841935668773264,-0.4268994867076937,-0.6367880926391324,-0.11784048755848466,0.5991719153140107,2.0786318564542956,-0.5847396624171465,-1.2310617606611092,-0.4454736910404334,-0.4626525230036132,-0.8699626167409662,0.000210583826768055,-1.245313414622923,17.119634729931168,3.6707299528461483,119,10
"Venezuela, RB",VEN,2007,-0.3051310907582597,0.2872920149084988,0.5334462185642006,-0.4986789321106843,-0.32000743057576114,-0.11531166640905106,0.7266762601259465,1.8576756074182221,-1.2105808136489213,-1.2310617606611092,-0.4454736910404334,-1.1024607131628763,-1.354225858722186,-0.43636391625311677,-1.861779159614179,17.135113283859756,3.715142583489148,119,11
"Venezuela, RB",VEN,2008,-0.3051310907582597,-0.06699297921945875,0.5939374886200288,-0.6258561631919807,-0.5388775719824652,-0.1129039875335435,0.6921027432859782,1.9687549790457837,-1.2105808136489213,-1.2310617606611092,-0.4454736910404334,-1.1024607131628763,-1.4234063218623598,-0.4503344804736989,-1.9091996015365842,17.14963098160458,3.6846687940992853,119,12
"Venezuela, RB",VEN,2009,-0.3051310907582597,0.10618517714323103,0.626874615085358,-1.0131451624086274,-0.717175549812057,-0.11061380070516696,0.6369813886064744,1.1499965487894566,-1.2105808136489213,-1.2310617606611092,-0.4454736910404334,-1.1024607131628763,-1.4234063218623598,-0.4503344804736989,-2.3596937997994254,17.163247350984037,3.6591386973736744,119,13
"Venezuela, RB",VEN,2010,-0.3051310907582597,-0.4815113499875714,0.6244269021756785,-0.7915069981797834,-0.5844575409504229,-0.108381963913273,0.5700406475779324,1.7846366940081522,-1.2105808136489213,-1.2310617606611092,-0.4454736910404334,-1.1024607131628763,-1.4234063218623598,-0.47827508502525323,-2.4308244626830318,17.1763407722122,3.678204053304596,119,14
"Venezuela, RB",VEN,2011,-0.3051310907582597,-0.596866125536583,0.6589163242661257,-0.689615001804495,-0.32742379099155233,-0.10616615715487336,0.5470435589282439,1.8033112195359382,-1.2105808136489213,-1.2310617606611092,-0.4454736910404334,-1.1024607131628763,-1.4234063218623598,-0.49573789738377405,-2.4308244626830318,17.189172734863057,3.714125044140218,119,15
"Venezuela, RB",VEN,2012,-0.3051310907582597,-0.5413350007008293,0.7363907398314894,-0.6602087427863568,-0.4183151008437844,-0.10397117395781463,0.4748451267074924,1.8033112195359382,-1.2105808136489213,-0.023929691893144107,-0.4454736910404334,-1.1024607131628763,-1.4234063218623598,-0.4835139811217703,-2.4308244626830318,17.201723802737035,3.7015697405288868,119,16
"Venezuela, RB",VEN,2013,-0.3051310907582597,0.34720984679920214,1.012934039301291,-0.31590730919217175,-0.508842953609641,-0.1018371787262273,0.4835003039150603,1.8033112195359382,-1.2105808136489213,-0.023929691893144107,-0.9956681385585116,-1.1024607131628763,-1.561767248142709,-0.4974845453423524,-2.4308244626830318,17.213776948465313,3.688905962751655,119,17
"Venezuela, RB",VEN,2014,-0.3051310907582597,-0.6802730619422488,0.9889179935736966,-0.2656217861636958,-0.5620703087783385,-0.09980138233652523,0.4861358541160384,1.8033112195359382,-1.2105808136489213,-0.023929691893144107,-1.2707653623175506,-1.1024607131628763,-1.700128174423057,-0.4974845453423524,-2.4308244626830318,17.22514160937923,3.681384522826742,119,18
"Venezuela, RB",VEN,2015,-0.3051310907582597,-0.6293707697106399,0.9174260795701394,-0.37965987745957047,-0.23751378236960688,-0.09789651773600352,0.4816198127556574,1.8033112195359382,-1.2105808136489213,-0.023929691893144107,-1.2707653623175506,-1.1024607131628763,-1.8384891007034063,-0.5097084616043556,-2.4308244626830318,17.235659649439437,3.726391610861382,119,19
"Venezuela, RB",VEN,2016,-0.3051310907582597,-1.4301132024509935,0.7837866355135112,-0.9320592136906443,-0.40636593712658375,-0.0967547172670316,0.4581343890746004,1.8033112195359382,-1.2105808136489213,-0.023929691893144107,-1.2707653623175506,-1.1024607131628763,-1.8384891007034063,-0.565590194597074,-2.4308244626830318,17.241911673604527,3.703229369994469,119,20
"Venezuela, RB",VEN,2017,-0.3051310907582597,-1.7691648984553185,0.741094507192957,-0.8949335204861457,-0.7017706281050393,-0.09794801987556241,0.3133299024854216,1.8033112195359382,-1.2105808136489213,-0.023929691893144107,-1.2707653623175506,-1.1024607131628763,-1.8384891007034063,-0.7070403892030346,-2.4308244626830318,17.23537672174867,3.6613704005120042,119,21
Viet Nam,VNM,1996,-0.7702595789081307,0.44452081579750885,-0.2372838644087693,0.5637298874950094,1.0688994630575324,0.15566904709380128,-0.988117198171695,0.22414859416201735,-0.5847396624171465,-0.023929691893144107,0.1047207564776448,-0.03611432671817715,-0.039797059058874096,-1.1645704736689877,1.8370153103333586,18.108110829187464,3.889485613041816,120,0
Viet Nam,VNM,1997,-0.7350237697826745,0.490597631177047,-0.2372838644087693,0.6114200716684752,0.8126540456729697,0.16204320055358834,-0.7350488498221921,0.42007903764798604,-0.5847396624171465,-0.023929691893144107,0.1047207564776448,0.07052037164170027,0.16774433036164865,-1.1645704736689877,1.505072216876528,18.12263704140881,3.85952372080729,120,1
Viet Nam,VNM,1998,-0.7107667110963646,0.5296704796269902,-0.2372838644087693,0.6887366667056969,0.4346066151116141,0.16843122249331904,-0.8765571090270623,0.45484430561025313,-0.5847396624171465,-0.023929691893144107,0.1047207564776448,0.1771550700015777,0.37528571978217107,-1.1645704736689877,1.2679700072645066,18.136986190767956,3.8136131144880885,120,2
Viet Nam,VNM,1999,-0.6904705763677528,0.3698909693222439,-0.2372838644087693,0.8571242116166617,0.21821605088869883,0.17431322057854926,-0.8233416024808838,0.6222226932322109,-0.5847396624171465,-0.023929691893144107,0.1047207564776448,0.1771550700015777,0.37528571978217107,-1.1645704736689877,1.2679700072645066,18.15001903974425,3.7863535793287166,120,3
Viet Nam,VNM,2000,-0.656145020229752,0.6055337338969292,-0.2372838644087693,1.1082635551111666,0.08347893341328785,0.17947331337008735,-0.765059991630096,0.8090282879158763,-0.5847396624171465,-0.023929691893144107,0.1047207564776448,0.1771550700015777,0.37528571978217107,-1.1645704736689877,1.2679700072645066,18.161314138013708,3.7689970200704224,120,4
Viet Nam,VNM,2001,-0.6231802642038178,0.7878959239124875,-0.2372838644087693,1.1239448665991267,0.0503444810708573,0.18432847228896138,-0.5720886466116721,0.9258763221996517,-0.5847396624171465,-0.023929691893144107,0.24226936835716434,0.1771550700015777,0.30610525664199706,-1.1645704736689877,0.6040838203508453,18.171826512617958,3.764682155346965,120,5
Viet Nam,VNM,2002,-0.5874851997504594,1.0289223268968513,-0.2372838644087693,1.2619144244139562,0.05307062157529419,0.18910927495663046,-0.46865174464781845,0.9557228897826544,-0.5847396624171465,-0.023929691893144107,0.3798179802366839,0.1771550700015777,0.236924793501823,-1.1645704736689877,0.41440205266122715,18.18207101807504,3.7650378650216867,120,6
Viet Nam,VNM,2003,-0.5456287173228336,1.2975782557274027,-0.2372838644087693,1.4839926635768255,-0.004940357796092363,0.1938227300467286,-0.24246634782203277,1.037873795393107,-0.5847396624171465,-0.023929691893144107,0.3798179802366839,0.1771550700015777,0.236924793501823,-1.1645704736689877,0.41440205266122715,18.19206949699657,3.757441095094795,120,7
Viet Nam,VNM,2004,-0.496294975046113,1.285444909847417,-0.2372838644087693,1.7368448106621353,-0.026592933833140237,0.19843877231441442,-0.12116922481488268,1.0995909827069568,-0.5847396624171465,-0.023929691893144107,0.3798179802366839,0.1771550700015777,0.236924793501823,-1.1645704736689877,0.41440205266122715,18.201765391194925,3.7545907476055023,120,8
Viet Nam,VNM,2005,-0.44331364228173803,1.0453096527867585,-0.2372838644087693,1.6698626277237931,-0.053883008714828415,0.20290087385925643,0.06613902234058601,0.926019869908776,-0.5847396624171465,-0.023929691893144107,0.3798179802366839,0.1771550700015777,0.236924793501823,-1.1645704736689877,0.41440205266122715,18.211049414991678,3.7509866674877133,120,9
Viet Nam,VNM,2006,-0.39531092939040824,1.056268731420983,-0.2372838644087693,1.8910005892274928,-0.013821393211151368,0.20932946512224007,0.24684233841733463,0.96391453341706,-0.5847396624171465,-0.023929691893144107,0.3798179802366839,0.1771550700015777,0.236924793501823,-0.9026256688431349,0.9597371347688776,18.22427524846784,3.7562729772219337,120,10
Viet Nam,VNM,2007,-0.34754429905414136,1.510126578944011,-0.2372838644087693,2.3651199933567963,0.880955125734129,0.21805593667692666,0.35704694471142706,0.9578069750606149,-0.271819086801259,-0.023929691893144107,0.3798179802366839,0.1771550700015777,0.236924793501823,-0.9026256688431349,1.244259786303305,18.241953232831822,3.8675980896013114,120,11
Viet Nam,VNM,2008,-0.31166449730103096,1.109770481479897,-0.2372838644087693,2.356741461512538,1.0600130670290069,0.22724053253580603,0.44995330890831575,0.8380113423818235,0.041101488814628474,-0.023929691893144107,0.3798179802366839,0.1771550700015777,0.236924793501823,-0.9410440655877234,1.5524926587989325,18.26022778474988,3.888461444875121,120,12
Viet Nam,VNM,2009,-0.27360570307034504,1.3585826092763005,-0.2372838644087693,1.7860215894262839,0.6170890395970196,0.23488772789778017,0.5538900443577124,0.8639508134566982,0.041101488814628474,-0.023929691893144107,0.3798179802366839,-0.03611432671817715,0.09856386722147399,-0.9410440655877234,1.5524926587989325,18.275192656958534,3.8360373079457597,120,13
Viet Nam,VNM,2010,-0.2198595564446099,1.5165268149044726,-0.2372838644087693,1.1827813927095356,0.30915059865819644,0.2408134453388482,0.5310528449545644,0.49925690163306463,0.041101488814628474,-0.023929691893144107,0.3798179802366839,-0.03611432671817715,0.09856386722147399,-0.8694461681950634,1.125708681497293,18.286636682792928,3.797899597027632,120,14
Viet Nam,VNM,2011,-0.16350489532307505,0.9599211854908971,-0.2372838644087693,1.5111336748105502,0.10850891549228352,0.24684651398490728,0.47672973939959545,0.6293787959988011,0.041101488814628474,-0.023929691893144107,0.3798179802366839,-0.03611432671817715,0.09856386722147399,-0.8659533961675154,0.9834473557300805,18.298155023273896,3.772244197323067,120,15
Viet Nam,VNM,2012,-0.11470173095363559,0.7275102025679874,-0.2372838644087693,1.4518690132774466,0.10379389879804067,0.2530515541641449,0.4651668266487845,0.7362999450550899,0.041101488814628474,-0.023929691893144107,0.3798179802366839,-0.03611432671817715,0.09856386722147399,-0.8781773124295192,0.9834473557300805,18.309864897220354,3.771633316612892,120,16
Viet Nam,VNM,2013,-0.06335123892465898,0.68507636953554,-0.2372838644087693,1.673689769545797,0.08358922729305789,0.25937989221616614,0.464258720717187,0.7124831549329259,0.041101488814628474,-0.023929691893144107,0.6549152039957229,-0.03611432671817715,-0.039797059058874096,-0.8083255391058278,0.9834473557300805,18.32166787263861,3.7690113518152013,120,17
Viet Nam,VNM,2014,0.0004299060746290239,0.6974346250540513,-0.2372838644087693,1.8065151770127938,0.043867497299611403,0.2659686051733039,0.4997042477756762,0.6893764865266168,0.041101488814628474,-0.023929691893144107,0.3798179802366839,-0.03611432671817715,0.236924793501823,-0.7873699547197601,0.9834473557300805,18.333810218860823,3.7638365239327967,120,18
Viet Nam,VNM,2015,0.074420151120929,0.9123056760028755,0.9400028995014948,2.0830900337956844,0.21985765168684723,0.2727788446185755,0.6746654099334481,0.6031576038499776,0.041101488814628474,-0.023929691893144107,0.3798179802366839,0.3904244667213316,0.37528571978217107,-0.3298398702538065,0.9834473557300805,18.346207759035742,3.7865632004023113,120,19
Viet Nam,VNM,2016,0.14826471087048085,0.8780060436424524,0.9654312139763392,2.0975035607878136,0.2143500532173561,0.2797867024596779,0.9468406423265145,0.5905159629175597,0.041101488814628474,-0.023929691893144107,0.1047207564776448,0.3904244667213316,0.37528571978217107,-0.3560343507363918,0.9834473557300805,18.35880659555264,3.7858597444907307,120,20
Viet Nam,VNM,2017,0.22989336938490687,0.9569331905958578,0.9984748060182379,2.5506351501488163,0.23398939525223134,0.28679454243670144,1.0836505367079765,0.6970454256769854,0.041101488814628474,-0.023929691893144107,0.6549152039957229,0.3904244667213316,0.37528571978217107,-0.40842331170156243,0.7937655880404623,18.37124864278546,3.788365911382964,120,21
Vanuatu,VUT,1996,-0.8231903210614306,-0.48738893243044673,-1.1873358742952393,0.5705988994567553,1.5679362183722498,-0.2789374115548811,-1.1482597037447828,-1.4295945812968007,1.0652054184088606,1.1588158948215703,1.2162248998203402,0.834914905871912,1.406703332619786,0.9058517414667457,0.1298794011268022,12.048904083139497,3.94537921451777,121,0
Vanuatu,VUT,1997,-0.8103084709744548,-0.6969877211030862,-1.1873358742952393,0.6653294039153845,1.3123046494046207,-0.2789152898704712,-1.121871492425978,-1.5488158335054383,1.0652054184088606,1.1588158948215703,1.2162248998203402,0.834914905871912,1.406703332619786,0.9058517414667457,0.1298794011268022,12.070407549607491,3.917138122986253,121,1
Vanuatu,VUT,1998,-0.8148335692774066,-0.7144697128333509,-1.1873358742952393,0.6229574564804546,0.7240621360115604,-0.27889333491746465,-1.131590348144939,-1.5766986989523517,1.0652054184088606,1.1588158948215703,1.2162248998203402,0.834914905871912,1.406703332619786,0.9058517414667457,0.1298794011268022,12.091301320118161,3.8489525507668225,121,2
Vanuatu,VUT,1999,-0.8232664373080625,-0.49717140402043974,-1.1873358742952393,0.5208508313922765,0.23214946263094208,-0.2788710941391952,-1.1512280159058157,-1.5643035967495356,1.0652054184088606,1.1588158948215703,1.2162248998203402,0.834914905871912,1.406703332619786,0.9058517414667457,0.1298794011268022,12.112031160592064,3.7881313849456797,121,3
Vanuatu,VUT,2000,-0.8063287652044343,-0.42118873725843414,-1.047215271976836,0.402216274181568,0.6664335112744031,-0.2788458879238232,-1.112871373350707,-1.3219853902205252,1.0652054184088606,1.1588158948215703,1.2162248998203402,0.834914905871912,1.406703332619786,0.9058517414667457,0.1298794011268022,12.135016933564337,3.8420155738698853,121,4
Vanuatu,VUT,2001,-0.8352353039392737,-0.5206664359702818,-1.0293008593992579,0.42015325901322403,0.5836289799803354,-0.27881760313218196,-1.1778437376609265,-1.5037345262068298,1.0652054184088606,1.1588158948215703,1.2162248998203402,0.834914905871912,1.406703332619786,0.9058517414667457,0.1298794011268022,12.160196232262647,3.8319630674912175,121,5
Vanuatu,VUT,2002,-0.8706231945619001,-0.44331050375287256,-0.9107370766029166,0.5344528163494351,0.3017867852491717,-0.27878883005571664,-1.265191145467785,-1.5117636013247888,1.0652054184088606,1.1588158948215703,1.2162248998203402,0.834914905871912,1.406703332619786,0.9058517414667457,0.1298794011268022,12.18517581981719,3.796969553552686,121,6
Vanuatu,VUT,2003,-0.8630190232865714,-0.77864224424962,-0.8942154281139342,0.5306191185621646,0.3611042279277805,-0.2787597532899095,-1.2439549830644725,-1.5753741767198592,1.0652054184088606,1.1588158948215703,1.2162248998203402,0.834914905871912,1.406703332619786,0.9058517414667457,0.1298794011268022,12.209800687737197,3.8044368322063544,121,7
Vanuatu,VUT,2004,-0.8564921081804758,-0.011028453118137079,-0.8182016154582289,0.738347328005129,0.30935568069361685,-0.27873018823927825,-1.2281219662674716,-1.6248737873356032,1.0652054184088606,1.1588158948215703,1.2162248998203402,0.834914905871912,1.406703332619786,0.9058517414667457,0.1298794011268022,12.23423241132403,3.7979254863409415,121,8
Vanuatu,VUT,2005,-0.8440187878328561,0.09236680254198885,-0.8182016154582289,0.781064178773969,-0.06014064547479365,-0.27870012299443686,-1.1898176221404155,-1.6039938589784561,2.544466093741728,2.390334445642786,2.3054985465499573,1.101322057684465,2.7274214665480976,0.8000155625249085,0.1298794011268022,12.258480069045312,3.750158414996913,121,9
Vanuatu,VUT,2006,-0.8169864273214028,0.5897220846088774,-0.8182016154582289,0.4716435371291698,1.1000924207006442,-0.27866937891459614,-1.1071487476857027,-1.5833195828184208,2.544466093741728,2.390334445642786,2.3054985465499573,1.101322057684465,2.7274214665480976,0.8000155625249085,0.1298794011268022,12.282681772900064,3.893072359706999,121,10
Vanuatu,VUT,2007,-0.8150979523395346,1.1188673492418129,-0.8182016154582289,0.48998317220293003,0.5185986147226499,-0.27863750344308974,-1.0914932970694466,-1.5954847764990343,2.544466093741728,1.7867684112588034,2.3054985465499573,0.8525082591398114,2.7274214665480976,1.1274465685572246,0.1298794011268022,12.30717058932295,3.823996892639541,121,11
Vanuatu,VUT,2008,-0.8004800719770475,2.146352717125692,-0.8182016154582289,0.9440642304445489,0.477152934516463,-0.2786040380685585,-1.047010559075994,-1.4985848512590343,2.544466093741728,1.7867684112588034,2.3054985465499573,0.8525082591398114,2.7274214665480976,1.1274465685572246,0.1298794011268022,12.332251448996965,3.8188865134449843,121,12
Vanuatu,VUT,2009,-0.7981908521213698,2.094479778579182,-0.8182016154582289,1.0230559837469253,0.3071539716884874,-0.27856929243503714,-1.0411476159617112,-1.3242738125507434,2.544466093741728,1.7867684112588034,2.3054985465499573,0.8525082591398114,2.7274214665480976,1.1274465685572246,0.1298794011268022,12.35764285595108,3.7976475101692473,121,13
Vanuatu,VUT,2010,-0.8036917815179978,1.5412667485577058,-0.29670181366584775,0.887270916553627,1.01495409010259,-0.2785364403938825,-0.996375873156472,-1.1841292410451885,2.544466093741728,1.7867684112588034,2.3054985465499573,0.8525082591398114,2.381519150847226,0.8000155625249085,0.1298794011268022,12.381071624235867,3.883252136755536,121,14
Vanuatu,VUT,2011,-0.7990520795473297,0.5163078072405467,-0.29670181366584775,0.6886644333237709,0.7532868379825408,-0.2785053211683842,-1.005379781707057,-1.4245828776673026,2.544466093741728,1.7867684112588034,2.3054985465499573,0.8525082591398114,2.381519150847226,0.8000155625249085,0.1298794011268022,12.4027695468294,3.8524521350885155,121,15
Vanuatu,VUT,2012,-0.8050456944421026,0.08391697313994412,-0.29670181366584775,0.9055560780014532,0.7780202249597159,-0.2784731122340711,-1.0421027419536562,-1.601766279312026,2.544466093741728,1.7867684112588034,2.3054985465499573,0.8525082591398114,2.381519150847226,0.8000155625249085,0.1298794011268022,12.424742203444938,3.8554043572472887,121,16
Vanuatu,VUT,2013,-0.813775348494193,0.48890621880934254,-0.29670181366584775,0.9625701896445336,0.7345946018209106,-0.2784397719080923,-1.0816998814470538,-1.5735750265883064,2.544466093741728,1.7867684112588034,2.3054985465499573,0.8525082591398114,2.381519150847226,0.8000155625249085,0.1298794011268022,12.446989315099216,3.8502151989741664,121,17
Vanuatu,VUT,2014,-0.8122754539665253,0.10400908641133384,-0.29670181366584775,0.9273151538680217,-0.3514723465940095,-0.27840548478593025,-1.0770377309387489,-1.6330121098479082,2.961693361005271,0.7808251815697751,1.571905803140667,1.2671983214836156,2.8042887093087026,0.8000155625249085,0.1298794011268022,12.469363403746675,3.7108183944399817,121,18
Vanuatu,VUT,2015,-0.8040214603424091,1.2374643233477713,-0.22401710049312262,1.0308985257395635,0.06918077901822926,-0.27837058433039147,-1.1006512021161001,-1.3615799830690263,1.2927837912781783,0.37844750341190175,1.3273751821079423,1.2671983214836156,2.4968197382662813,0.8000155625249085,0.1298794011268022,12.491634972908976,3.7671373559827304,121,19
Vanuatu,VUT,2016,-0.7980370513928401,0.22270891537969856,-0.22401710049312262,0.9608583682998605,0.3194319769421497,-0.2783349395382306,-1.05762668146967,-1.384315638225263,1.2927837912781783,0.37844750341190175,1.3273751821079423,0.9354463910393865,2.4968197382662813,0.8000155625249085,0.1298794011268022,12.513880822365545,3.799196681271348,121,20
Vanuatu,VUT,2017,-0.7878733886181284,0.5445488478349929,-0.22401710049312262,0.9368388715719213,0.1153279144414696,-0.27829671040931764,-0.979506554715457,-1.409956794554675,1.2927837912781783,0.37844750341190175,1.571905803140667,0.9354463910393865,2.8042887093087026,0.8000155625249085,0.1298794011268022,12.537202063251096,3.773127011789522,121,21
Samoa,WSM,1996,-0.6584879669363611,1.0815101585478712,0.46514217761561333,0.4244552597376882,-0.5735240802242564,-0.27890668533911933,0.8836862727516488,-0.012691551617502767,1.2927837912781783,1.183202376874821,2.3054985465499573,1.3501364533831905,2.7274214665480976,1.7823085806218566,0.1298794011268022,12.078648281274507,3.6797585925471608,122,0
Samoa,WSM,1998,-0.650583062924658,1.0815101585478712,0.552293828582781,0.4244552597376882,-0.4582634198916203,-0.2788898097392222,0.8138780464498739,-0.3237557193634631,1.2927837912781783,1.183202376874821,2.3054985465499573,1.3501364533831905,2.7274214665480976,1.7823085806218566,0.1298794011268022,12.094615807223962,3.6960012023651814,122,1
Samoa,WSM,2000,-0.6129907095108682,1.0815101585478712,0.503839261217539,0.4244552597376882,-0.7387411477691994,-0.2788732556927459,0.8201099255520597,0.05677847119954721,1.2927837912781783,1.183202376874821,2.0304013227909183,1.3501364533831905,2.7274214665480976,1.7823085806218566,0.1298794011268022,12.110035201333199,3.656006110046691,122,2
Samoa,WSM,2002,-0.5317349383051965,1.0815101585478712,0.5291141858807685,0.4244552597376882,-0.5551597156998771,-0.2788566659181117,0.7998522172183044,0.24772474774834755,1.2927837912781783,1.183202376874821,1.7553040990318793,1.3501364533831905,2.7274214665480976,1.7823085806218566,0.1298794011268022,12.125252969428159,3.6823642450227734,122,3
Samoa,WSM,2003,-0.4956467294135278,1.0815101585478712,0.645804128070836,0.08548280493764632,-0.510857553550436,-0.27885095536754667,0.6924221338251928,0.33095932523730087,1.2927837912781783,1.183202376874821,2.0304013227909183,1.3501364533831905,2.7274214665480976,1.7823085806218566,0.1298794011268022,12.130438124177513,3.6886223117788473,122,4
Samoa,WSM,2004,-0.4743353230170601,1.0815101585478712,0.667121512404321,-0.02343873938067789,-0.5479031562248328,-0.27884607847399845,0.5078142568425995,0.4440167780051155,1.166351361906335,1.2075888589280712,1.6830565255838275,0.9354463910393865,2.133447972013253,1.5937879523679093,0.1298794011268022,12.134845136241806,3.683391983152307,122,5
Samoa,WSM,2005,-0.4226549616982832,1.0815101585478712,0.6624171935077213,0.08410324917486256,-0.5157776315418346,-0.27884173750281815,0.44353702531316846,0.377500670356309,1.2927837912781783,1.183202376874821,2.0304013227909183,1.3501364533831905,2.7274214665480976,1.7823085806218566,0.1298794011268022,12.138751590065427,3.687929237896189,122,6
Samoa,WSM,2006,-0.40735596441278715,1.0815101585478712,0.6538882542478572,0.26582789555666686,0.12295131288690614,-0.2788373846222519,0.25597278344738505,0.3579909556553919,1.2927837912781783,1.183202376874821,2.0304013227909183,1.101322057684465,2.381519150847226,1.4548775745895406,0.1298794011268022,12.142653497660518,3.7741130451718545,122,7
Samoa,WSM,2007,-0.40798242896265036,1.0815101585478712,0.6158397759595339,0.2871598069396182,-0.4447395478429256,-0.2788311679227838,0.03219247593768555,0.3482071753712618,1.2927837912781783,1.183202376874821,2.0304013227909183,1.101322057684465,2.381519150847226,1.4548775745895406,0.1298794011268022,12.148199858939703,3.6978898168914465,122,8
Samoa,WSM,2008,-0.3827065899553252,1.0815101585478712,0.6158397759595339,0.016054037991981424,0.6149332121310039,-0.2788231052684928,-0.1056945807045108,0.2972248110075133,1.2927837912781783,1.183202376874821,2.0304013227909183,1.101322057684465,2.381519150847226,1.4548775745895406,0.1298794011268022,12.155347610705201,3.835775304846113,122,9
Samoa,WSM,2009,-0.3944336546619063,1.0815101585478712,0.6919135680606923,0.0769630642677329,-0.376912611174556,-0.278814732970167,-0.3305578842335957,-0.38224734022527984,1.2927837912781783,1.183202376874821,2.0304013227909183,1.101322057684465,2.381519150847226,1.4548775745895406,0.1298794011268022,12.162716191980255,3.7073084439008115,122,10
Samoa,WSM,2010,-0.3462367521278316,-1.1377745368302368,0.7441115205647922,0.15234861228617225,-0.6471691414467886,-0.2788057413837716,-0.36764701729874955,-1.025005138506955,1.2927837912781783,1.183202376874821,2.0304013227909183,1.101322057684465,2.381519150847226,1.4548775745895406,0.1298794011268022,12.170569812487518,3.669240618495491,122,11
Samoa,WSM,2011,-0.31798237890761494,1.6906535238202207,0.6981264709584266,0.24056059345205374,-0.29340382449478586,-0.2787956779526403,-0.46525933844355255,-0.9424330341960622,1.2927837912781783,1.183202376874821,2.0304013227909183,1.101322057684465,2.381519150847226,1.1274465685572246,0.1298794011268022,12.17928709427085,3.718784155979281,122,12
Samoa,WSM,2012,-0.36343919203303265,2.0232792795544,0.6843573120586198,0.273533630938985,-0.17656027499614282,-0.2787850488256762,-0.584553110313048,-0.897242487914234,1.2927837912781783,1.183202376874821,2.0304013227909183,1.101322057684465,2.381519150847226,1.1274465685572246,0.1298794011268022,12.18841262121998,3.73462282966029,122,13
Samoa,WSM,2013,-0.3708416266869963,-1.8870231428100948,0.6843573120586198,0.13220872179237628,-0.3489414156153467,-0.2787745090191067,-0.6292887569250125,-0.9941819602150235,1.2927837912781783,1.183202376874821,2.0304013227909183,1.101322057684465,2.381519150847226,1.1274465685572246,0.1298794011268022,12.197379973492513,3.711166909893593,122,14
Samoa,WSM,2014,-0.37299193967472055,1.6497633970254544,0.8675883854095228,0.20854336032542303,-0.14663353845707303,-0.2787639751672303,-0.645107379502946,-0.9889361165807198,1.2927837912781783,2.390334445642786,2.0609674853616746,0.9354463910393865,2.8042887093087026,1.1274465685572246,0.1298794011268022,12.20626262748246,3.7386394995853385,122,15
Samoa,WSM,2015,-0.34548390240413696,1.479011387364634,0.8715209670328388,0.03782006554525639,-0.07703524662692433,-0.27875358422798524,-0.6143515057852702,-1.0481050558873921,1.2927837912781783,2.390334445642786,2.0609674853616746,1.2671983214836156,2.8042887093087026,1.1274465685572246,0.1298794011268022,12.214948141529517,3.747918835736721,122,16
Samoa,WSM,2016,-0.27763723302030974,1.4503194871042009,0.864039517257141,0.054625259768416715,-0.6029112022802083,-0.27874336002014355,-0.5134026688984947,-1.055840966794488,1.2927837912781783,2.390334445642786,2.0609674853616746,1.2671983214836156,2.8042887093087026,1.1274465685572246,0.1298794011268022,12.223421283864786,3.675574784385967,122,17
Samoa,WSM,2017,-0.27290820150013884,1.0323660964687824,0.864039517257141,0.019681807863678142,-0.4710075397723617,-0.27873195082839947,-0.5020422843095537,-1.1580756844060707,2.1272388264781847,2.390334445642786,2.0609674853616746,1.2671983214836156,2.8042887093087026,1.1274465685572246,0.1298794011268022,12.232792470229555,3.694218210314508,122,18
Samoa,WSM,2018,-0.2899047948165648,1.1684510902547565,0.864039517257141,0.16297559402567752,-0.31808569072527704,-0.2787190470087181,-0.5562182548569335,-1.2804290797354876,2.1272388264781847,2.390334445642786,2.0609674853616746,1.2671983214836156,2.8042887093087026,1.1274465685572246,0.1298794011268022,12.243286538674218,3.7154060811870853,122,19
"Yemen, Rep.",YEM,1996,-0.3051310907582597,-0.001295738278172245,-0.9892839522297642,0.36680858482989825,-0.8202420705175082,-0.1768604805931942,-1.2013375103408948,1.3905348289373853,-0.5847396624171465,-1.2310617606611092,-1.8209598098356288,-0.4626525230036132,-1.4234063218623598,-0.5097084616043556,1.2679700072645055,16.666978503599875,3.6440779844552655,123,0
"Yemen, Rep.",YEM,1997,-0.3051310907582597,0.19204481734670553,-0.9892839522297642,0.19821847119387553,-1.0156151688957427,-0.17352133291405164,-1.222236944099711,1.5089043764740664,-0.8976602380330339,-1.2310617606611092,-1.6834111979561093,-0.5692872213634906,-1.4925867850025345,-0.8371394676366716,0.9123166928464731,16.698854176244552,3.614890972268673,123,1
"Yemen, Rep.",YEM,1998,-0.3051310907582597,0.12093257431056523,-0.9892839522297642,-0.019579020707800005,-1.2722127076918184,-0.17011479001979432,-1.2406818960696062,0.638284390551779,-1.2105808136489213,-1.2310617606611092,-1.5458625860765898,-0.6759219197233678,-1.561767248142709,-1.1645704736689877,-0.15464325040762328,16.730358861749647,3.575215920672041,123,2
"Yemen, Rep.",YEM,1999,-0.3051310907582597,-0.4785711068242667,-0.9892839522297642,-0.038730057666648915,-1.370984472475681,-0.16664078045410652,-1.1560174791806674,1.3413253785673804,-1.2105808136489213,-1.2310617606611092,-1.5458625860765898,-0.6759219197233678,-1.561767248142709,-1.1645704736689877,-0.7236885534764754,16.761496813165742,3.5595142176303183,123,3
"Yemen, Rep.",YEM,2000,-0.3051310907582597,-0.45172712256433484,-0.9892839522297642,0.061231990367093835,-0.6442109144267314,-0.16309939949207586,-1.0324979638952936,1.815963627796899,-1.2105808136489213,-1.2310617606611092,-1.5458625860765898,-0.6759219197233678,-1.561767248142709,-1.1645704736689877,-0.7236885534764754,16.79227110093179,3.669665251461126,123,4
"Yemen, Rep.",YEM,2001,-0.3051310907582597,-0.3749999886974114,-0.8501552169018817,-0.07107756097631548,-0.3763414012831416,-0.15951463859170706,-0.9257151517232428,1.4922131890014048,-1.2105808136489213,-1.2310617606611092,-1.5458625860765898,-0.6759219197233678,-1.561767248142709,-1.1645704736689877,-1.1030520888557105,16.82248678073183,3.7073873881227257,123,5
"Yemen, Rep.",YEM,2002,-0.3051310907582597,-0.5055425642456829,-0.8501552169018817,0.04061678508332565,-0.46613630300646625,-0.1558885938049281,-0.8003783120031902,1.5127038073420438,-1.2105808136489213,-1.2310617606611092,-1.5458625860765898,-0.6759219197233678,-1.561767248142709,-1.1645704736689877,-1.2927338565453277,16.85214899849592,3.6949001060067412,123,6
"Yemen, Rep.",YEM,2003,-0.3051310907582597,-0.23358445848867493,-0.8173879632567878,0.0304940406344535,-0.7903061602986556,-0.15218898474111006,-0.6721310864097984,1.576237763121564,-1.2105808136489213,-1.2310617606611092,-1.2707653623175506,-0.6759219197233678,-1.561767248142709,-1.1645704736689877,-1.2927338565453277,16.881532595010448,3.64847582572199,123,7
"Yemen, Rep.",YEM,2004,-0.3051310907582597,-0.28778278019221987,-0.7901564677176944,-0.0433064224618722,-0.47209469661313685,-0.1483851983236578,-0.540683710753175,1.733921504262083,-1.2105808136489213,-1.2310617606611092,-1.2707653623175506,-0.6759219197233678,-1.561767248142709,-1.1645704736689877,-1.2927338565453277,16.910869500048282,3.694065962155118,123,8
"Yemen, Rep.",YEM,2005,-0.3051310907582597,-0.4999927935079897,-0.8283795068748551,0.10006678489881445,-0.9765391567706047,-0.14424717498940118,-0.47456466504706435,2.044856897820056,-1.2105808136489213,-1.2310617606611092,-1.2707653623175506,-0.6759219197233678,-1.561767248142709,-1.1645704736689877,-1.2927338565453277,16.941836174799654,3.6207971330824633,123,9
"Yemen, Rep.",YEM,2006,-0.3051310907582597,-0.7601929766625406,-0.8283795068748551,0.25438998540677005,0.3882733557446881,-0.13976330308703494,-0.43771185893487025,2.081234092773493,0.041101488814628474,-0.023929691893144107,-1.2707653623175506,0.1771550700015777,-0.3165189116195712,-0.42588612406008264,-1.2927338565453277,16.974342662260238,3.8078385342127157,123,10
"Yemen, Rep.",YEM,2007,-0.3051310907582597,-0.6619106131205313,-0.8283795068748551,0.16845991232435914,0.09642878768190151,-0.13514842198447963,-0.4004933690044731,2.110042105083621,0.041101488814628474,-0.023929691893144107,-1.2707653623175506,0.1771550700015777,-0.1781579853392228,-0.42588612406008264,-1.2927338565453277,17.006730787942306,3.7706783405366298,123,11
"Yemen, Rep.",YEM,2008,-0.3051310907582597,-0.8775530513914198,-0.9206517478784588,0.23019348420251212,0.3699226444224537,-0.13042123537237632,-0.34402435626150735,2.132422721444695,0.041101488814628474,-0.023929691893144107,-1.8209598098356288,0.1771550700015777,-0.3165189116195712,-0.8676995202364847,-1.2927338565453277,17.038854067848504,3.805542208138211,123,12
"Yemen, Rep.",YEM,2009,-0.3051310907582597,-1.104437471411747,-0.9206517478784588,-0.15317390695087277,-0.5646539844592634,-0.12556349807144318,-0.2952415882797333,2.1503126225763567,-0.5847396624171465,-1.2310617606611092,-1.8209598098356288,0.1771550700015777,-0.5932407641802689,-0.8676995202364847,-1.2927338565453277,17.07082341745292,3.681017985696494,123,13
"Yemen, Rep.",YEM,2010,-0.3051310907582597,-1.332855680729902,-0.8813136425709692,-0.2604359445345555,-0.5475641816578842,-0.12064097371091925,-0.2364309694638041,2.164939588280468,-0.5847396624171465,-1.2310617606611092,-1.8209598098356288,0.3904244667213316,-0.45487983789991987,-0.9218351291602339,-1.2927338565453277,17.102209055236806,3.6834399659154897,123,14
"Yemen, Rep.",YEM,2011,-0.3051310907582597,-2.0798690082592883,-0.823361778140285,-0.29903011926468676,-0.9369438487617999,-0.11570745103246664,-0.3977125371596184,2.177121702464823,-0.5847396624171465,-1.2310617606611092,-1.8209598098356288,0.1771550700015777,-1.1466844693016627,-0.9340590454222377,-1.2927338565453277,17.13270650095145,3.6267464125772317,123,15
"Yemen, Rep.",YEM,2012,-0.3051310907582597,-1.6913867614256577,-0.8123294209225491,-0.3484397390851488,-0.6630943509601104,-0.11064149598220344,-0.4081477662122384,1.0611363293752762,-1.2105808136489213,-1.2310617606611092,-1.5458625860765898,-0.03611432671817715,-1.2850453955820114,-0.8380127916159615,-1.482415624234945,17.16308379055554,3.6669515618465507,123,16
"Yemen, Rep.",YEM,2013,-0.3051310907582597,-1.7639615445326027,-0.7496637236142594,-0.6059835488224897,-0.7146413166432608,-0.1054055046739793,-0.3861724919383401,0.9981409604718374,-1.2105808136489213,-1.2310617606611092,-1.8209598098356288,-0.03611432671817715,-1.1466844693016627,-0.8956406486776486,-1.5772565080797543,17.19354005820914,3.6595061728817955,123,17
South Africa,ZAF,1996,0.279600615156996,-0.8303806468709382,0.6978828327793604,-0.9060994139853163,-0.5671382173323641,-0.011261415696377775,0.8991193624014463,0.2375237307097516,1.2927837912781783,1.183202376874821,0.1047207564776448,0.3904244667213316,0.7903684986232175,0.8000155625249085,3.2596285680054877,17.624903073376665,3.6806654294355536,124,0
South Africa,ZAF,1997,0.30143608323383625,-0.7885232406613601,0.6978828327793604,-0.9031286250103197,-0.2554989299128016,-0.00802313456157421,0.8997881200250621,0.18410964772482294,1.6057043668940658,1.183202376874821,0.1047207564776448,0.3904244667213316,0.9979098880437403,0.8000155625249085,2.880265032626253,17.636882968839796,3.7239498778741353,124,1
South Africa,ZAF,1998,0.290014146497199,-0.7444051467437038,0.6978828327793604,-0.8526541668349298,-0.5920692499663708,-0.0047061204762275,0.9102444237045011,0.12777913379940783,1.9186249425099533,1.183202376874821,0.1047207564776448,0.3904244667213316,1.205451277464263,0.8000155625249085,1.1968393443808991,17.649007127264625,3.6771203781373423,124,2
South Africa,ZAF,1999,0.3105899200813689,-0.9472318744383462,0.5658406344609995,-0.9043811197406735,-0.47975877898674196,-0.0016903364445130732,0.9112960647250725,0.051690546160209724,1.6057043668940658,1.183202376874821,0.3798179802366839,0.6036938634410861,1.1362708143240883,0.8000155625249085,0.27214072689401525,17.659904104892576,3.6929920067251722,124,3
South Africa,ZAF,2000,0.3631090236930448,-1.0023094957614391,0.3929258222179905,-0.7890674473612469,-0.5425795777196651,0.0008665134447636987,0.9127744360754683,0.09882197776271257,1.2927837912781783,1.183202376874821,0.6549152039957229,0.8169632601608406,1.0670903511839143,0.8000155625249085,0.1298794011268022,17.669050696380875,3.684145284308788,124,4
South Africa,ZAF,2001,0.3934821564522664,-1.005189183193239,0.37954944069513263,-0.7032106705766357,0.2973603372869587,0.0032905558165723303,1.021308417529206,0.12404026731218164,1.2927837912781783,1.183202376874821,0.6549152039957229,0.9235979585207177,0.8595489617633916,0.8000155625249085,0.10616918016559995,17.677645617881485,3.7964100803469796,124,5
South Africa,ZAF,2002,0.43972384320226837,-1.0459342510392224,0.3974671624834913,-0.5782314003064113,-0.4523812921424452,0.005985739178399986,1.0916456487365551,0.1218934369227755,1.2927837912781783,1.183202376874821,0.6549152039957229,1.0302326568805948,0.6520075723428688,0.8000155625249085,-0.2731943552136352,17.687115987084095,3.696823082371674,124,6
South Africa,ZAF,2003,0.47336124122045914,-0.969587253538852,0.43689309976053164,-0.803526937383728,-0.5853648309723819,0.008849547535953005,1.013736753761096,-0.012866492870860927,1.2927837912781783,1.183202376874821,0.6549152039957229,1.0302326568805948,0.6520075723428688,0.8000155625249085,-0.5340067857868585,17.69708155175811,3.678074944512455,124,7
South Africa,ZAF,2004,0.5357114805433333,-0.9077063788681417,0.5366862116890092,-0.8058634426593385,-0.6072592227842434,0.011773736480293763,1.152110008161619,-0.062093040414187416,1.2927837912781783,1.183202376874821,0.6549152039957229,1.0302326568805948,0.6520075723428688,0.8000155625249085,-0.15464325040762328,17.707155779525408,3.6749542728727786,124,8
South Africa,ZAF,2005,0.6133124794701811,-0.8214843363744702,0.6134474923304819,-0.7539398532398375,-0.25500770123078736,0.014742817854988838,1.121246622143735,-0.0862001819392194,1.2927837912781783,1.183202376874821,0.6549152039957229,1.0302326568805948,0.6520075723428688,0.8000155625249085,-0.05980236656281535,17.71728187393531,3.724016648232398,124,9
South Africa,ZAF,2006,0.7002068815516199,-0.6411460557055157,0.7350047320482469,-0.5694240455904328,-0.619525444737169,0.017769254832439286,1.1246799899414293,-0.1827734478258622,1.2927837912781783,1.183202376874821,0.930012427754762,1.0302326568805948,0.6520075723428688,1.3081884838870628,0.1298794011268028,17.72749912279935,3.673201666660691,124,10
South Africa,ZAF,2007,0.7855117446007592,-0.4403344140648822,0.7983777731615513,-0.4717294061545102,-0.30477651973885456,0.020927070201043372,1.1089330778898066,-0.14639012726259673,1.2927837912781783,1.183202376874821,0.930012427754762,1.0302326568805948,0.6520075723428688,1.3081884838870628,0.1298794011268028,17.73804977370956,3.7172290536303656,124,11
South Africa,ZAF,2008,0.8274839397700936,-0.1258888804159281,0.7445471171106185,-0.21419649166039711,-0.10068205941679924,0.024416609606015445,1.0981829649224968,-0.008798915426415367,1.2927837912781783,1.183202376874821,0.930012427754762,1.0302326568805948,0.6520075723428688,1.3081884838870628,0.1298794011268028,17.749580728651093,3.7447757237471766,124,12
South Africa,ZAF,2009,0.7697720004233727,-0.3834345174366747,0.8137002463927946,-0.6910871526676302,-0.24535515732510385,0.028072296854434405,1.0199459153420123,-0.10892431457662836,1.2927837912781783,1.183202376874821,0.930012427754762,1.0302326568805948,0.6520075723428688,1.3081884838870628,0.1298794011268028,17.761519773484476,3.7253277685259203,124,13
South Africa,ZAF,2010,0.8076952498926835,-0.6173679349926005,0.836531990674864,-0.6672658308792292,-0.4988101166835861,0.03173761879609031,0.947112185620419,-0.14565120111166496,1.2927837912781783,1.183202376874821,0.930012427754762,1.0302326568805948,0.6520075723428688,1.2872328995009945,0.34327138977762206,17.77334886895931,3.6903173659682085,124,14
South Africa,ZAF,2011,0.8478511733477356,-0.5873284076620262,0.9215468742985472,-0.544157606807676,-0.4955289999381099,0.03561504094689734,0.8748077156387095,-0.1844131158938247,1.2927837912781783,1.183202376874821,0.930012427754762,1.0302326568805948,0.6520075723428688,1.2872328995009945,0.390691831700026,17.785712014595102,3.6907785162148543,124,15
South Africa,ZAF,2012,0.867163882575831,-0.5721028054593458,1.037873079069973,-0.5166195524408452,-0.4668424985528762,0.04030353991872847,0.7785053345245299,-0.2153987004636759,1.2927837912781783,1.183202376874821,0.6549152039957229,1.0302326568805948,0.6520075723428688,1.2872328995009945,0.1298794011268028,17.800459957757965,3.694801278672961,124,16
South Africa,ZAF,2013,0.8846621060410532,-0.4940398351354995,1.037873079069973,-0.4208045225968766,-0.291276296615471,0.04564027867743207,0.782716053719469,-0.2084527525898588,1.2927837912781783,1.183202376874821,0.3798179802366839,1.243502053600349,0.7903684986232175,1.3064423598180939,0.058748738243195986,17.816986477403347,3.7190748058124274,124,17
South Africa,ZAF,2014,0.879031177150204,-0.5276904108194901,1.3632065550319963,-0.40262910507183897,-0.38614916171034974,0.05109505731502061,0.7713978243652123,-0.22904290314449102,1.2927837912781783,1.183202376874821,0.3798179802366839,1.243502053600349,0.7903684986232175,1.2924717955975116,-0.15464325040762328,17.833600931171414,3.7060310379402828,124,18
South Africa,ZAF,2015,0.8638699355101772,-0.5631273486649451,1.4882556586146845,-0.4833253916195229,-0.5780408808527555,0.05781611332357427,0.8235401908658574,-0.2769112508742218,1.2927837912781783,1.183202376874821,0.3798179802366839,1.243502053600349,0.5136466460625201,1.2470678547978271,-0.15464325040762328,17.85369981482955,3.6791166785821754,124,19
South Africa,ZAF,2016,0.8578459083167349,-0.6319348480815651,1.4605384414400915,-0.5085106212248094,-0.5343780276007324,0.061007912124998634,0.7581047130307802,-0.272714909374791,1.2927837912781783,1.183202376874821,0.3798179802366839,1.243502053600349,0.37528571978217107,1.2208733743152418,-0.15464325040762328,17.863105033642757,3.685304717037444,124,20
South Africa,ZAF,2017,0.8686306916873239,-0.7583698005468478,1.5244139310573759,-0.5761817555738945,-0.5601162577697298,0.0632445603088181,0.7567934803876255,-0.28708281506238637,1.2927837912781783,1.183202376874821,0.3798179802366839,1.243502053600349,0.37528571978217107,1.1911866456947184,-0.15464325040762328,17.869643408155873,3.681661648081768,124,21
Zambia,ZMB,1996,-0.9770800317735824,0.3926564017513802,0.16760903726289333,-0.2768538521058422,-0.028510441982781534,-0.2263387629218021,-1.5181690522827411,0.5142214350377434,-1.2105808136489213,-1.2310617606611092,-0.4454736910404334,-0.24938312628385903,-0.731601690460617,-1.1645704736689877,0.41440205266122715,16.013185478325294,3.7543379345816152,125,0
Zambia,ZMB,1998,-0.9829889558716851,0.3926564017513802,0.16760903726289333,-0.497188584797461,0.3379276654494176,-0.22349030576274403,-1.5703028028773975,0.019257987833199947,-1.2105808136489213,-1.2310617606611092,-0.9956681385585116,-0.4626525230036132,-0.731601690460617,-1.1645704736689877,0.41440205266122715,16.06494895587378,3.8015258441009294,125,1
Zambia,ZMB,2000,-0.9735948714645067,0.3926564017513802,0.16760903726289333,-0.3767897751399252,-0.05573722330844153,-0.22030321712346454,-1.7357307033256157,-0.31771512903469873,-1.2105808136489213,-1.2310617606611092,-0.4454736910404334,-0.4626525230036132,-0.731601690460617,-1.1645704736689877,0.22472028497161128,16.119857298345977,3.750741317618243,125,2
Zambia,ZMB,2002,-0.9618481576503494,0.3926564017513802,0.16760903726289333,-0.2449869630854395,0.6075212780903015,-0.21654986695552825,-1.6776144349043811,-0.26494408434180133,-1.2105808136489213,-1.2310617606611092,-0.4454736910404334,-0.6759219197233678,-0.731601690460617,-1.1645704736689877,-0.15464325040762328,16.180877943328554,3.8348739899011157,125,3
Zambia,ZMB,2003,-0.9492401046414938,0.3926564017513802,0.16760903726289333,-0.32075790047478997,0.6011266281110194,-0.21455119807653836,-1.6374020961808908,-0.24327113753019577,-1.2105808136489213,-1.2310617606611092,-0.4454736910404334,-0.6759219197233678,-0.731601690460617,-1.1645704736689877,-0.15464325040762328,16.211913444981484,3.834095726650477,125,4
Zambia,ZMB,2004,-0.9361397105346123,0.3926564017513802,0.16760903726289333,-0.07338600340585039,0.38319256194632123,-0.2124396460827817,-1.5941631525280056,-0.11284677405383549,-1.2105808136489213,-1.2310617606611092,-0.4454736910404334,-0.6759219197233678,-0.731601690460617,-1.1645704736689877,0.08245895920439825,16.24368802530876,3.807203274058413,125,5
Zambia,ZMB,2005,-0.922307042206623,0.3926564017513802,0.16760903726289333,-0.3240336700087815,0.10480775981925143,-0.210173164887147,-1.5546779775136474,-0.016479257942802472,-1.2105808136489213,-1.2310617606611092,-0.4454736910404334,-0.6759219197233678,-0.5932407641802689,-0.5097084616043556,0.41440205266122715,16.27670665445045,3.771764704621519,125,6
Zambia,ZMB,2006,-0.9060538165084673,0.3926564017513802,0.16760903726289333,-0.4504362177433164,0.20125097022796176,-0.20772737002189304,-1.5497036901643853,0.2798077724982534,0.041101488814628474,-1.2310617606611092,0.6549152039957229,-0.24938312628385903,0.09856386722147399,0.843672855366014,0.41440205266122715,16.31115551190131,3.7841846783718163,125,7
Zambia,ZMB,2007,-0.8877268429219597,0.3926564017513802,0.16760903726289333,-0.2201060493616369,1.016518804833629,-0.2051339106801931,-1.5411015879491972,0.40625637442790613,0.041101488814628474,-1.2310617606611092,0.6549152039957229,-0.24938312628385903,0.09856386722147399,0.843672855366014,0.6040838203508453,16.346432573345478,3.8834334903581054,125,8
Zambia,ZMB,2008,-0.8710553360047305,0.3926564017513802,0.16760903726289333,-0.40392951655221027,0.274658979837687,-0.20241714751101644,-1.5306203785628794,0.329474332099827,0.041101488814628474,-1.2310617606611092,0.1047207564776448,-0.24938312628385903,0.09856386722147399,0.843672855366014,0.5092429365060362,16.382098956079894,3.7935358522459985,125,9
Zambia,ZMB,2009,-0.8475372219386323,0.3926564017513802,0.16760903726289333,-0.5009405637653631,0.1489804149993879,-0.1996240094497156,-1.4683883072703126,0.265467633292676,0.041101488814628474,-1.2310617606611092,0.6549152039957229,-0.24938312628385903,0.09856386722147399,0.843672855366014,0.41440205266122715,16.417488138069974,3.7774724195557168,125,10
Zambia,ZMB,2010,-0.8176120161672418,0.3926564017513802,0.16760903726289333,-0.2421290068376484,0.8593753488179942,-0.19679430957353536,-1.387579021495578,0.43376181542078296,0.041101488814628474,-1.2310617606611092,0.6549152039957229,-0.24938312628385903,0.09856386722147399,0.9187640486758313,0.41440205266122715,16.45210736297007,3.865054025009201,125,11
Zambia,ZMB,2011,-0.8073016795006414,0.6452937561952775,0.16760903726289333,-0.01569585592499891,0.18314361903709997,-0.19398249164036535,-1.3323418959558266,0.6180062601903742,0.041101488814628474,-0.023929691893144107,0.6549152039957229,-0.24938312628385903,0.09856386722147399,1.0078252823166214,0.41440205266122715,16.48536011746327,3.781864542140658,125,12
Zambia,ZMB,2012,-0.7865859603311828,0.1485206531508747,0.16760903726289333,0.05916201561318113,0.5497082350381037,-0.19114905221699552,-1.2522013864295423,0.414691774533969,0.041101488814628474,-0.023929691893144107,0.6549152039957229,-0.24938312628385903,0.09856386722147399,1.0200491985786244,0.22472028497161128,16.517786117873747,3.8278157182099855,125,13
Zambia,ZMB,2013,-0.7775378632407948,0.38164340231228616,0.16760903726289333,0.20724736974779745,0.6740044226782003,-0.18825883479608907,-1.194406137945627,0.46028979700345196,0.041101488814628474,-0.023929691893144107,0.6549152039957229,-0.6759219197233678,0.37528571978217107,1.0200491985786244,0.1298794011268022,16.549813000331977,3.842929663675543,125,14
Zambia,ZMB,2014,-0.7700286486160143,1.0167066158400309,0.16760903726289333,0.0831939772184969,0.3305825130908066,-0.18530341348708346,-1.1339225436761664,0.49267958353049296,0.041101488814628474,-0.023929691893144107,0.6549152039957229,-0.6759219197233678,0.236924793501823,0.606176406953777,0.1298794011268022,16.58153503259498,3.80060151807183,125,15
Zambia,ZMB,2015,-0.7713189393169383,1.9158824442935485,0.16760903726289333,0.1900490203333228,0.666562325194637,-0.18230359398724064,-1.0791432325741936,0.5522546586669788,0.041101488814628474,-0.023929691893144107,0.6549152039957229,-0.24938312628385903,0.236924793501823,0.5869669466366783,0.1298794011268022,16.612736403450043,3.8420311334770254,125,16
Zambia,ZMB,2016,-0.7681504611319473,1.6694208211776993,0.16760903726289333,0.018153272055091988,-0.09435068382983916,-0.17923493823658257,-1.0772052422653806,0.65417103121269,0.041101488814628474,-0.023929691893144107,0.6549152039957229,-0.24938312628385903,0.236924793501823,0.5363246336300864,0.1298794011268022,16.64367730700112,3.745618253120169,125,17
Zambia,ZMB,2017,-0.7660127638766526,1.958821845359825,0.16760903726289333,-0.050901388200429915,0.104180720721712,-0.17609742837103037,-1.0769236104555948,0.8569213280961012,0.041101488814628474,-0.023929691893144107,0.1047207564776448,-0.24938312628385903,0.236924793501823,0.48218902470633707,-0.05980236656281535,16.674352718989415,3.7716834475737913,125,18
Zambia,ZMB,2018,-0.760874635728787,1.504147930142039,0.16760903726289333,0.04521235509614427,-0.3802905358212613,-0.1729280489886648,-1.0509671606493394,0.6214348636447847,0.041101488814628474,-0.023929691893144107,0.1047207564776448,-0.24938312628385903,0.236924793501823,0.4699651084443339,-0.15464325040762328,16.704412903469308,3.7068414694419825,125,19
Zimbabwe,ZWE,1996,-0.33925014983854757,-0.5593952936041384,-0.8282963629539135,-0.03685493210861532,-0.4880727371093382,-0.21351052615839644,-0.5140280397036158,-0.337822467246486,-0.5847396624171465,-0.023929691893144107,-0.7205709147994724,-1.7422683061680675,-1.700128174423057,-1.1645704736689877,2.311219729557402,16.227699640332613,3.6918256795510205,126,0
Zimbabwe,ZWE,1997,-0.3318081218771041,-0.5583447885759515,-0.7903834244239426,0.2580968585003342,-0.37482806485610304,-0.21225130509860918,-0.5208931617307357,-0.37707275975032445,-0.8976602380330339,-0.023929691893144107,-1.40831397419707,-1.8489030045279444,-1.7693086375632316,-1.4920014797013037,1.4339415539929208,16.24647373808371,3.7075965090818013,126,1
Zimbabwe,ZWE,1998,-0.3231158823011648,-0.24890861135128237,-0.7903834244239426,0.4417230316783199,0.5758331580551772,-0.21091465516604077,-0.5240176954074929,-0.5212896224389385,-1.2105808136489213,-0.023929691893144107,-2.096057033594668,-1.9555377028878216,-1.8384891007034063,-1.8194324857336197,0.6989247041956543,16.266023983501302,3.8310114257192027,126,2
Zimbabwe,ZWE,1999,-0.34677402706558247,-2.437142676570825,-0.8416766052226881,-0.07024282219833144,-0.5032557172964772,-0.20978825948780058,-0.5421297358559312,-0.6624458668080967,-1.2105808136489213,-0.023929691893144107,-2.096057033594668,-1.9555377028878216,-1.8384891007034063,-1.8194324857336197,0.6989247041956543,16.28220732636264,3.6896922118587323,126,3
Zimbabwe,ZWE,2000,-0.3845601998417531,-1.3161061080661138,-0.8469141207068127,0.02142230679141026,-0.5943992047161261,-0.20914159769456706,-0.5571528024637463,-0.6624458668080967,-1.2105808136489213,-0.023929691893144107,-2.096057033594668,-1.9555377028878216,-1.8384891007034063,-1.8194324857336197,-0.6762681115540715,16.291381172137136,3.6767884287672743,126,4
Zimbabwe,ZWE,2001,-0.3775394068967163,-1.277344318943316,-0.7703848984715459,-0.15821716371345274,-0.6459999125236929,-0.20866613927911795,-0.5724899247677425,-0.5158314560426464,-1.2105808136489213,-0.023929691893144107,-2.096057033594668,-1.9555377028878216,-1.8384891007034063,-1.8194324857336197,-1.7669382757693712,16.298072962154436,3.669408474746189,126,5
Zimbabwe,ZWE,2002,-0.468095048767746,-1.5132994169307767,-0.7948683702223394,-0.1898879263880492,-0.5834671016126329,-0.2079768716576333,-0.5981437442403054,-0.3692170452771961,-1.2105808136489213,-0.023929691893144107,-2.096057033594668,-1.9555377028878216,-1.8384891007034063,-1.8194324857336197,-2.4308244626830318,16.307695159096863,3.67834497534675,126,6
Zimbabwe,ZWE,2003,-0.6184986881096601,-1.0720321304641376,-0.8800532469137256,-0.0838948740291902,-0.6441760140264563,-0.20711540622463703,-0.6075007060942749,-0.22260263451174583,-1.2105808136489213,-0.023929691893144107,-2.096057033594668,-1.9555377028878216,-1.8384891007034063,-1.8194324857336197,-2.4308244626830318,16.319592514140826,3.6696702600954225,126,7
Zimbabwe,ZWE,2004,-0.6653352744145757,-2.1273558559149013,-0.8800532469137256,0.07871012662765656,-0.6293536307812257,-0.2063200200196076,-0.6034976713549685,-0.22260263451174583,-1.2105808136489213,-0.023929691893144107,-2.096057033594668,-1.9555377028878216,-1.8384891007034063,-1.8194324857336197,-1.9566200434589882,16.330452999775975,3.6717951887914366,126,8
Zimbabwe,ZWE,2005,-0.7075296077435068,-2.5041531930279226,-0.8800532469137256,0.07881616364816561,-0.3389239740992011,-0.2056201292258518,-0.4906788504404021,-0.047409201606716043,-1.2105808136489213,-0.023929691893144107,-2.096057033594668,-1.9555377028878216,-1.8384891007034063,-1.8194324857336197,-1.399429850870737,16.33991296320616,3.7125451458075744,126,9
Zimbabwe,ZWE,2006,-0.7351832011822996,-2.4769161036376084,-0.8800532469137256,0.27603786351845744,-0.525539799703532,-0.20470898378934763,-0.5446934085118573,0.30112715399789014,-0.5847396624171465,-0.023929691893144107,-0.4454736910404334,-1.9555377028878216,-1.561767248142709,-1.3619024012676666,-1.43499518231254,16.352095736260964,3.6865526522839107,126,10
Zimbabwe,ZWE,2007,-0.7631745481347817,-2.1307980963401345,-0.8800532469137256,0.3152743374566713,-0.42486847659330873,-0.20371089983537788,-0.5282876610675322,0.452349083687373,-0.5847396624171465,-0.023929691893144107,-0.4454736910404334,-1.9555377028878216,-1.561767248142709,-1.3619024012676666,-1.43499518231254,16.365272787996293,3.7006583657280405,126,11
Zimbabwe,ZWE,2008,-0.8642018964619135,-2.3481905775318976,-0.8800532469137256,1.0531577380717845,-0.44854697450559367,-0.2027873805468673,-0.6564077186131593,0.2870871836701703,-0.5847396624171465,-1.2310617606611092,-0.7205709147994724,-1.9555377028878216,-1.700128174423057,-1.3776190895572178,-1.43499518231254,16.377312660317767,3.697358468766704,126,12
Zimbabwe,ZWE,2009,-0.8127046517973405,-1.5428301729670244,-0.8800532469137256,-0.33636675234463176,-0.4631442540011475,-0.20169385477386068,-0.659366409776556,-0.4672604135903927,-0.5847396624171465,-1.2310617606611092,-0.7205709147994724,-1.9555377028878216,-1.700128174423057,-1.3776190895572178,-1.43499518231254,16.391383953336643,3.6953187148936513,126,13
Zimbabwe,ZWE,2010,-0.7253166119865001,-0.6840790002152277,-0.8800532469137256,0.2848666036003722,-0.47526260183894514,-0.2004209915124629,-0.6298075269029212,-0.5306811707057252,-0.5847396624171465,-1.2310617606611092,-0.7205709147994724,-1.9555377028878216,-1.700128174423057,-1.3584096292401187,-1.2216031936617209,16.407517384322183,3.6936221885683334,126,14
Zimbabwe,ZWE,2011,-0.6546980964415485,-0.9723321084364744,-0.8800532469137256,0.46944582583968975,-0.22260506234140398,-0.19899855827286644,-0.6299993595561442,-0.4450119027173454,-0.5847396624171465,-1.2310617606611092,-0.7205709147994724,-1.9555377028878216,-1.700128174423057,-1.3514246090746331,-1.150472530778114,16.425243897053274,3.728411166406137,126,15
Zimbabwe,ZWE,2012,-0.5585737509114134,-1.2737498296545091,0.44878599086529586,0.02409408563467092,-0.29313774356234257,-0.19767385940910306,-0.7420882929301164,-0.14337690874721468,-0.5847396624171465,-1.2310617606611092,-0.9956681385585116,-1.9555377028878216,-1.700128174423057,-1.3531707331436016,-0.9607907630884975,16.44147454262822,3.718820510949472,126,16
Zimbabwe,ZWE,2013,-0.5543681873003943,-1.633512522709001,-0.39878617384526555,-0.427176472986244,-0.309126001679526,-0.19650721000633772,-0.8525337799246471,-0.2712466075528392,-1.2105808136489213,-1.2310617606611092,-0.9956681385585116,-1.9555377028878216,-1.561767248142709,-0.9165962330637168,-0.8659498792436896,16.455553758591822,3.716633665574084,126,17
Zimbabwe,ZWE,2014,-0.5469973718200425,-1.5817050787859925,-0.39878617384526555,-0.5431271470896928,-0.22550932147793337,-0.1953546732259281,-0.9560903890450967,-0.27802713598602924,-1.2105808136489213,-1.2310617606611092,-0.4454736910404334,-1.9555377028878216,-1.4234063218623598,-0.8973867727466178,-0.8659498792436896,16.469270698154485,3.728018071245764,126,18
Zimbabwe,ZWE,2015,-0.5437758464495774,-1.5347734506463444,-0.39878617384526555,-0.48265673393497327,-0.30102682369476835,-0.194213432498096,-0.9607429653171335,-0.39167127314246875,-1.2105808136489213,-1.2310617606611092,-0.4454736910404334,-1.7422683061680675,-1.4234063218623598,-0.8502367078779642,-0.8659498792436896,16.482670289979676,3.7177420543437014,126,19
Zimbabwe,ZWE,2016,-0.5485946044195995,-1.5575252655857172,-0.39878617384526555,-0.6436075180369145,-0.3596739823203164,-0.19301486594097345,-0.9618367125058681,-0.41199787691758205,-1.2105808136489213,-1.2310617606611092,-0.7205709147994724,-1.7422683061680675,-1.4234063218623598,-0.8502367078779642,-0.8659498792436896,16.49655229195389,3.709688173635533,126,20
Zimbabwe,ZWE,2017,-0.5241397779647243,-1.3645919624393474,-0.39878617384526555,-0.5327506548533666,-0.5490647097923427,-0.19175135154754971,-0.8924743165153053,0.41511679242287447,-1.2105808136489213,-1.2310617606611092,-0.7205709147994724,-1.7422683061680675,-1.561767248142709,-0.8310272475608652,-0.8659498792436896,16.51098082917964,3.683227544651465,126,21
