pais,country_code,year,pib_per_capita_ppc,formacao_bruta_capital_fixo_percent_pib,matricula_ensino_secundario_percent,comercio_percent_pib,investimento_estrangeiro_direto_percent_pib,populacao_total,emprego_industria_percent_emprego_total,valor_agregado_industrial_percent_pib,wgi_control_corruption,wgi_gov_effectiveness,wgi_political_stability,wgi_regulatory_quality,wgi_rule_law,wgi_voice_accountability,icrg_qog,populacao_total_log,investimento_estrangeiro_direto_percent_pib_log,country_id,time_idx
Afghanistan,AFG,2001,-1.0831385232332225,-1.3509641808188424,-1.7875057174287594,-0.7892580044224707,-0.6367446339946181,-0.1535318028006686,-0.691384835214256,-0.2515251809058472,-0.6042661977638185,-0.646062323697703,-1.8067803165019503,-1.3932530525729088,-1.0814017337271775,-0.8424375942883786,0.12955447154404823,16.825358140163544,3.6685956670307402,0,0
Afghanistan,AFG,2002,-1.0351103514682969,-1.3509641808188424,-1.7875057174287594,-0.7892580044224707,-0.41986177113949885,-0.1469172737871488,-0.6475615683120872,-0.2515251809058472,-0.6042661977638185,-0.646062323697703,-1.8067803165019503,-1.3932530525729088,-1.0814017337271775,-0.8424375942883786,0.12955447154404823,16.877878433493937,3.7007982202016705,0,1
Afghanistan,AFG,2003,-1.0288676308085378,-1.3509641808188424,-1.7904357796690789,-0.7892580044224707,-0.4246729987958845,-0.13872367798408758,-0.6184665903997328,-0.342966462220713,-0.6042661977638185,-0.646062323697703,-1.5375777041551464,-0.8961339132993669,-1.0814017337271775,-0.5150804146226747,0.12955447154404823,16.939330370724804,3.7000949863929815,0,2
Afghanistan,AFG,2004,-1.0347189442376565,-1.3509641808188424,-1.60006724270951,-0.7892580044224707,-0.036041419782811716,-0.13371895386908217,-0.6171305873737051,-0.05049706185725689,-1.2108524167650978,-0.051478348695809785,-1.2683750918083427,-1.7483382372744682,-1.6912894100925329,-1.82450913328549,0.12955447154404823,16.975088717719444,3.755363521324709,0,3
Afghanistan,AFG,2005,-1.0150400817247078,-1.3509641808188424,-1.5616979344671156,-0.7892580044224707,0.09779100329434166,-0.12861561140248695,-0.5743368680875754,-0.0018085699874189494,-1.2108524167650978,-0.051478348695809785,-1.8067803165019503,-1.7483382372744682,-1.6912894100925329,-1.82450913328549,0.12955447154404823,17.010280885855995,3.7737105178703327,0,4
Afghanistan,AFG,2006,-1.0117988172524957,-1.3509641808188424,-1.2265825470195517,-0.7892580044224707,-0.06365621593875194,-0.1224502893432931,-0.5462187211476294,0.11453855651798368,-1.2108524167650978,-1.240646298699596,-1.8067803165019503,-1.7483382372744682,-1.962350599588247,-1.2902622160710615,0.12955447154404823,17.05120790437846,3.7515355688706586,0,5
Afghanistan,AFG,2007,-0.9779555143878667,-1.3509641808188424,-1.2522458555449627,-0.7892580044224707,-0.31355721277625737,-0.11951279527709391,-0.5019625787655724,0.004026166309523844,-0.6042661977638185,-0.646062323697703,-1.5375777041551464,-0.8961339132993669,-1.0814017337271775,-0.22176838164220422,0.12955447154404823,17.07013387903706,3.7162113842501787,0,6
Afghanistan,AFG,2008,-0.9725329931062358,-1.3509641808188424,-0.8857946359116042,-0.7892580044224707,-0.5638420055322723,-0.11604911896852685,-0.4694662348884822,0.006803386295484607,0.24495450883797235,1.423089909308885,-1.8067803165019503,-1.1446937812077407,1.6224336314925643,-0.24271924114080926,0.12955447154404823,17.09199934001861,3.6795362842935204,0,7
Afghanistan,AFG,2009,-0.9165071094488622,-1.3509641808188424,-0.6912872033599886,-0.7892580044224707,-0.5644289062753185,-0.11010178773212616,-0.2727649994425869,-0.4106569247144736,-1.2108524167650978,-1.240646298699596,-1.5375777041551464,-1.7483382372744682,-1.6912894100925329,-1.297245661313434,0.12955447154404823,17.12846314774784,3.6794486833545803,0,8
Afghanistan,AFG,2010,-0.8739738613551984,-1.3509641808188424,-0.4688278704716804,-0.7892580044224707,-0.4374168722933008,-0.10515521990159706,-0.10118869512931566,-0.4726874964895057,-1.2108524167650978,-1.240646298699596,-1.5375777041551464,-1.7483382372744682,-1.6912894100925329,-1.3915245290571567,0.12955447154404823,17.157810013712236,3.6982298828819613,0,9
Afghanistan,AFG,2011,-0.8877034472073707,-1.3509641808188424,-0.3961267829478889,-0.7892580044224707,-0.5912884120102533,-0.09872326303995663,-0.02236961376783124,-0.34052182052429114,-1.2108524167650978,-1.240646298699596,-1.5375777041551464,-1.7483382372744682,-1.6912894100925329,-1.3915245290571567,0.12955447154404823,17.194725043270065,3.675431393275858,0,10
Afghanistan,AFG,2012,-0.8534645489370066,-1.3509641808188424,-0.3263738267673588,-0.7892580044224707,-0.5925707051576959,-0.09139203960915566,0.16202892795917073,-0.47215624433477044,-1.2108524167650978,-1.240646298699596,-1.5375777041551464,-1.7483382372744682,-1.6912894100925329,-1.3915245290571567,0.12955447154404823,17.235203667549897,3.6752392005855863,0,11
Afghanistan,AFG,2013,-0.8442757222033741,-1.3509641808188424,-0.3078794952961622,-0.7892580044224707,-0.6002871185172214,-0.08496582157604472,0.4911214730627254,-0.5314833576949367,-1.2108524167650978,-1.240646298699596,-1.5375777041551464,-1.7483382372744682,-1.6912894100925329,-1.3915245290571567,0.12955447154404823,17.269385933208728,3.6740818683472667,0,12
Afghanistan,AFG,2014,-0.8485711940863223,-1.3509641808188424,-0.3292433246913071,-0.7892580044224707,-0.6053823490671574,-0.07789164807601572,0.8319672009959596,-0.4661789562469668,-1.2108524167650978,-1.240646298699596,-1.5375777041551464,-1.7483382372744682,-1.6912894100925329,-1.3408936344498528,0.12955447154404823,17.305711120545837,3.67331693457649,0,13
Afghanistan,AFG,2015,-0.8561085267358503,-1.3509641808188424,-0.37067069904861094,-0.7892580044224707,-0.4913708257753118,-0.07160711077379749,0.6640430313612352,-0.39178074600985346,-1.2108524167650978,-1.240646298699596,-1.5375777041551464,-1.535287603688097,-1.6912894100925329,-1.3408936344498528,0.12955447154404823,17.33691071202379,3.690294794484138,0,14
Afghanistan,AFG,2016,-0.857444484577663,-1.3509641808188424,-0.3603484389622426,-0.7892580044224707,-0.5534870606493028,-0.06635298043640922,0.4914744779590138,-1.361478313759986,-1.2108524167650978,-1.240646298699596,-1.5375777041551464,-1.535287603688097,-1.6912894100925329,-1.3793033689401333,0.12955447154404823,17.362267910467104,3.681080604959094,0,15
Afghanistan,AFG,2017,-0.8583124295522377,-1.3509641808188424,-0.28422092437592406,-0.7892580044224707,-0.5943703286054277,-0.06037635638083382,0.3348204951329954,-1.3959942348755863,-1.2108524167650978,-1.240646298699596,-1.5375777041551464,-1.535287603688097,-1.6912894100925329,-1.3793033689401333,0.12955447154404823,17.390351282749602,3.6749694070708077,0,16
Afghanistan,AFG,2018,-0.8659032094135737,-1.3509641808188424,-0.21823601531513412,-0.7892580044224707,-0.5289772943020759,-0.05400193898542944,0.2236679267679932,-1.1185439556272887,-1.2108524167650978,-1.240646298699596,-1.5375777041551464,-1.535287603688097,-1.6912894100925329,-1.3059753606950157,0.12955447154404823,17.419459377931894,3.6847264787349046,0,17
Angola,AGO,1998,-0.2670271084077029,1.0532903609683955,-1.8651380808047333,0.4825950732233026,2.253960431670676,-0.1845235147789474,-1.3048559305023637,2.0867427427522984,-1.2108524167650978,-1.240646298699596,-2.0759829288487537,-1.535287603688097,-1.6912894100925329,-1.1697947739540824,-0.8065982718828426,16.534129446552562,4.030592663396631,1,0
Angola,AGO,1999,-0.27872206818832507,1.0532903609683955,-1.8697240744105719,0.4825950732233026,6.150340659549554,-0.18145233443002826,-1.3029808976338357,2.0867427427522984,-1.2108524167650978,-1.240646298699596,-2.0759829288487537,-1.535287603688097,-1.6912894100925329,-1.1697947739540824,-0.7345865223884667,16.567082210771456,4.3737411773385615,1,1
Angola,AGO,2000,-0.28181958939265384,1.0532903609683955,-1.811826488150438,0.4825950732233026,0.9862988966066253,-0.178261606240014,-1.2933154385120125,2.0867427427522984,-1.2108524167650978,-1.240646298699596,-2.0759829288487537,-1.535287603688097,-1.6912894100925329,-1.1697947739540824,-0.7345865223884667,16.60020508338647,3.8876589862274917,1,2
Angola,AGO,2001,-0.27397830060714057,1.0532903609683955,-1.7526939149803937,0.4825950732233026,3.418440231837385,-0.17492148104386612,-1.2757919513319795,2.0867427427522984,-1.2108524167650978,-1.240646298699596,-1.941381622675352,-1.535287603688097,-1.6912894100925329,-1.1697947739540824,-0.7345865223884667,16.633742175485878,4.146015160214083,1,3
Angola,AGO,2002,-0.17271206153295823,1.0532903609683955,-1.7110956960455297,0.4825950732233026,1.0619570168110717,-0.17141111401340642,-1.2474995479042605,2.0867427427522984,-1.2108524167650978,-1.240646298699596,-1.8067803165019503,-1.535287603688097,-1.6912894100925329,-1.1697947739540824,-0.7345865223884667,16.667816935053647,3.896787714900477,1,4
Angola,AGO,2003,-0.17345055288493763,0.9409665137021321,-1.7110956960455297,0.48578174918093087,2.332147467772011,-0.16768593700715728,-1.236826559455105,1.8374566095046625,-1.2108524167650978,-1.240646298699596,-1.2683750918083427,-1.535287603688097,-1.6912894100925329,-1.1697947739540824,-0.7345865223884667,16.702750360850082,4.038773924103109,1,5
Angola,AGO,2004,-0.08902308956680595,1.0424473466829214,-1.7110956960455297,0.47723686011258765,0.735162900129589,-0.16371464952304432,-1.2289549790647178,1.9518367020027132,-0.6042661977638185,-1.240646298699596,-0.1915646424211279,-1.535287603688097,-1.2846976258489626,-1.1697947739540824,-0.7345865223884667,16.738694934122535,3.856745861039883,1,6
Angola,AGO,2005,0.0330159708631996,0.7760421788502975,-1.7110956960455297,0.620931207881979,-1.1733446370463818,-0.15953759268342807,-1.2619851531542987,2.436502809325121,-0.6042661977638185,-1.240646298699596,-0.46076725476793157,-1.535287603688097,-1.149167031101106,-0.5150804146226747,-0.7345865223884667,16.775157621533175,3.5841585331048624,1,7
Angola,AGO,2006,0.13702954149342605,0.03632313770500347,-1.7110956960455297,0.310170210695671,-0.6517023840557896,-0.15515867905106787,-1.3077736543247673,2.278213694410113,-1.2108524167650978,-1.240646298699596,-0.46076725476793157,-0.2569802229106366,-0.878105841605393,-1.403746212945668,-0.7345865223884667,16.812006539818828,3.666336057609025,1,8
Angola,AGO,2007,0.2643406462165288,0.4442244423962669,-1.7110956960455297,0.6755672907025034,-0.8476271065406522,-0.1505429314033983,-1.3454332990431872,2.5846521629523345,-1.2108524167650978,-1.240646298699596,-0.05696333624772602,-0.15045490611745102,-0.878105841605393,-0.9672696242104045,-0.4465395244109626,16.849432340085887,3.6362571341174603,1,9
Angola,AGO,2008,0.3689045411002706,0.9697078076517586,-1.4702057399572146,1.0077261367421937,-0.3534876703466623,-0.14570457284337135,-1.3991256088133421,2.4434510119873956,-1.2108524167650978,-1.240646298699596,0.6160431946192833,-0.04392958932426608,-0.6070446521096794,-0.3666786677647182,-0.30251602542221007,16.887215235966003,3.71044966472105,1,10
Angola,AGO,2009,0.33869047387536844,2.4766651190626665,-1.4146694710565477,0.8216432459407047,-0.18448894744675182,-0.1406483685942548,-1.444266325857718,1.1760979964532,-1.2108524167650978,-0.051478348695809785,0.34684058227247955,-0.04392958932426608,-0.6070446521096794,-0.8031547327284947,-0.30251602542221007,16.92523085298683,3.7346112709293537,1,11
Angola,AGO,2010,0.3602686358729206,0.768089001945627,-1.2741519692239465,0.494867997914044,-1.211892935335774,-0.13532648500624034,-1.4515903008621975,1.8064525121238566,-1.2108524167650978,-0.051478348695809785,0.6160431946192833,0.16912164080531122,-0.7425752468575356,-0.808392447603146,-0.30251602542221007,16.9637418337911,3.577809167437854,1,12
Angola,AGO,2011,0.3543451265209103,0.5887962909635527,-1.220675257927284,0.438116630280588,-1.0480227772320334,-0.12974169776140904,-1.4653224644659724,2.1076228724086143,-1.2108524167650978,-0.051478348695809785,0.34684058227247955,0.16912164080531122,-0.7425752468575356,-0.808392447603146,-0.590563023399714,17.002621292125475,3.6045263099715137,1,13
Angola,AGO,2012,0.42669600945094616,0.6309060140553701,-1.220675257927284,0.23230853524105857,-0.8133063858570453,-0.12394214287145187,-1.457767592376116,2.206648706130814,-1.2108524167650978,-0.051478348695809785,0.34684058227247955,0.16912164080531122,-0.7425752468575356,-0.8031547327284947,-0.7825943553847182,17.041457126105513,3.6415919375467194,1,14
Angola,AGO,2013,0.44262465487958313,0.5545296990606553,-1.220675257927284,0.09921980412579198,-1.4495893308199026,-0.11796610539792848,-1.4656051985454261,1.9582554823071479,-1.2108524167650978,-0.051478348695809785,0.34684058227247955,-0.2569802229106366,-0.7425752468575356,-0.8031547327284947,-0.8786100213772192,17.079956931502593,3.5377410600745605,1,15
Angola,AGO,2014,0.45694570500600457,0.7090336866226882,-1.220675257927284,-0.12608014779710702,-0.2378427960917053,-0.11194820289815685,-1.4699380057744587,1.4276731210125013,-1.2108524167650978,-0.051478348695809785,0.34684058227247955,-0.4700314530402132,-0.7425752468575356,-0.8031547327284947,-0.9026139378753447,17.117284210768364,3.727046186647445,1,16
Angola,AGO,2015,0.40763349590839876,0.7866137788445069,-1.220675257927284,-0.5494643545145556,1.0126148911477177,-0.10591893159160394,-1.4600555200175374,0.8235270138896856,-1.2108524167650978,-0.051478348695809785,0.07763796992567584,-0.4700314530402132,-0.7425752468575356,-0.8031547327284947,-1.1666570193547237,17.15333492568806,3.8908436720679913,1,17
Angola,AGO,2016,0.3195572355362702,0.908445461057731,-0.32478204777886277,-0.7803943213430345,-0.6915195060588385,-0.0997188681521131,-1.461892824812764,0.8784674384497732,-1.2108524167650978,-0.051478348695809785,0.07763796992567584,-0.6830826831697902,-0.7425752468575356,-0.7944250333469128,-1.1666570193547237,17.189099338838567,3.6602960338717567,1,18
Angola,AGO,2017,0.26083764144012594,0.7938636191705388,-0.32478204777886277,-0.8195763056671923,-2.123082135481718,-0.09335857105662056,-1.460743336002259,0.8538934316271616,-1.2108524167650978,-0.051478348695809785,0.34684058227247955,-0.6830826831697902,-0.7425752468575356,-0.7560152988566329,-1.1666570193547237,17.22450545979518,3.4146297432711052,1,19
Albania,ALB,1996,-0.4667057072798103,0.028924101072537737,0.2031678031899042,-0.8558973062519283,-0.16986211131844478,-0.25703797935450756,-0.33877693212169574,-0.6330062147150358,0.40671067214865514,-0.051478348695809785,1.8396913934025567,0.3240683696088616,1.5162681796475364,0.7943483040401405,0.2735779705328008,14.968621764182094,3.736675264998031,2,0
Albania,ALB,1997,-0.5598211285705241,-0.21527187537071654,0.2056658307603772,-0.8466878444686016,-0.29069545354853654,-0.2571574243925627,-0.2851883545025463,-0.5510359937444816,0.8111015656943373,-0.051478348695809785,1.6439076557537817,-0.21824368984555087,1.0644994401342842,1.23082463088966,-0.6865786893922161,14.96236746519347,3.7194953123631147,2,1
Albania,ALB,1998,-0.4931386076077168,-0.04608864994495368,0.2516311411284977,-0.7770578636401837,-0.34818078663769636,-0.2572768633833801,-0.34084040466782467,-0.8249067697279052,1.2154924592400194,-0.051478348695809785,1.4481239181050074,-0.7605557492999624,0.612730700621032,1.6673009577391795,-0.15849252643345632,14.956074123273492,3.7112173309449195,2,2
Albania,ALB,1999,-0.388375867420494,0.20944537836247218,0.2542845007961804,-0.6968860767550737,-0.42871438727932004,-0.2573963084214352,-0.2879996429489774,-0.6913126870319162,0.8111015656943373,-0.051478348695809785,1.3937396063587062,-0.21824368984555087,0.16096196110777972,1.8855389902210675,-0.8786100213772203,14.949740602564484,3.6995038938287745,2,3
Albania,ALB,2000,-0.3139770628320077,1.1884116587721454,0.2512975364286136,-0.35721502963613444,0.033652998743258014,-0.25751574741225264,-0.20808526452327294,-0.426040749979908,0.40671067214865514,-0.051478348695809785,1.3393552946124048,0.3240683696088616,-0.2908067784054728,2.1037770227029555,-1.3106805183434769,14.94336703628178,3.764959874874479,2,4
Albania,ALB,2001,-0.21633403362486683,1.733349555917256,0.3297629096346302,-0.2807145026542443,0.22263666876033947,-0.25769023440739447,-0.19220600032185903,-0.20356759751522718,0.40671067214865514,0.5431056263060834,1.4372470557557468,0.7259601238628329,0.22550027502076084,1.99465787551914,-1.3106805183434769,14.933982335057037,3.7905272794647797,2,5
Albania,ALB,2002,-0.16271081557301373,1.6299719882909143,0.40418605522191303,-0.23014248269499293,-0.1352992447938631,-0.2577456452459779,-0.12186665117216038,-0.04953738059097602,0.40671067214865514,1.1376896013079765,1.5351388168990896,1.1278518781168039,0.7418073284469954,1.8855387283353235,-0.8786100213772203,14.930983569067594,3.741535573760024,2,6
Albania,ALB,2003,-0.09749418601093202,1.6496161307682482,0.5205806520941915,-0.2640187000898022,-0.12200066501080364,-0.2578145474717575,-0.17937817892805807,0.020866483961039226,0.40671067214865514,1.1376896013079765,1.2740941205168432,1.1278518781168039,0.7418073284469954,2.1037770227029555,-0.4465395244109626,14.92724207860329,3.7433993750640937,2,7
Albania,ALB,2004,-0.028794461262932416,1.8906818410289923,0.5650808104208119,-0.25779228368908225,0.13822460446618356,-0.25789120830344164,-0.058147079312906615,0.07454419511914276,0.40671067214865514,1.1376896013079765,0.9586648970262058,1.1278518781168039,0.7418073284469954,2.1037770227029555,-0.4465395244109626,14.923062766201856,3.7791879650364057,2,8
Albania,ALB,2005,0.04335685194591093,1.9248722896030634,0.7096723288115971,-0.139530588278269,-0.10335015026431159,-0.2579846502196034,-0.05837655424092605,0.10841995119952251,0.2580601680512264,-0.06792501711154217,0.2415005232507259,-0.18750143228066007,-0.3237336653382752,0.8802049262654237,-0.42253560791283595,14.917944866732753,3.7460074139522197,2,9
Albania,ALB,2006,0.13331068158578596,1.915215835455318,0.7587362657666319,-0.05005572094949442,-0.040079723726354786,-0.258099184900687,-0.06856502850508485,0.1326442138344414,0.0023200212374607228,-0.051478348695809785,0.34684058227247955,0.5952241010644648,0.07060832162960441,0.9532254806473995,-0.7345865223884667,14.911635756385875,3.7548046470948484,2,10
Albania,ALB,2007,0.2381479974309397,1.6812470898604432,0.8273175978188995,0.17351404335161028,0.35118489220334914,-0.2582354291649327,-0.024284442579185838,0.1450244366612797,0.0023200212374607228,-0.051478348695809785,0.07763796992567584,0.5952241010644648,0.07060832162960441,0.9532254806473995,-0.7345865223884667,14.904078571366577,3.8075522438794507,2,11
Albania,ALB,2008,0.35715197104091945,1.5134224006694263,0.8858239020996719,0.03828888675769046,0.9495741904333185,-0.2583727196012918,0.01404844847088674,0.14372636038988304,0.0023200212374607228,-0.051478348695809785,0.07763796992567584,0.5952241010644648,0.07060832162960441,0.9532254806473995,-0.44653952441096145,14.896405144368723,3.883197646704451,2,12
Albania,ALB,2009,0.41329073145555706,1.441549842165844,0.9395082779676942,-0.017594615268451432,1.2032109574450403,-0.2584924246705658,0.13515845702067078,0.06105979582075769,0.0023200212374607228,-0.051478348695809785,-0.1915646424211279,0.5952241010644648,0.07060832162960441,0.9532254806473995,-0.44653952441096145,14.889666206198394,3.913611211205772,2,13
Albania,ALB,2010,0.4730535258521743,0.9203909706091449,1.0976800228076369,0.04652373498952393,0.8837706833027461,-0.2585800975220099,0.1915207231746849,0.05332715939721284,0.0023200212374607228,-0.051478348695809785,-0.1915646424211279,0.5952241010644648,0.07060832162960441,0.9444963050373054,-0.20650035942970796,14.88470158826458,3.8751536724764883,2,14
Albania,ALB,2011,0.5216611000270972,1.104308177267459,1.162479764550191,0.19633783288004078,0.7258305335441526,-0.25862742320385573,0.14153725220031205,0.008912812419725163,-0.6042661977638185,-0.051478348695809785,-0.999172479461539,0.5952241010644648,0.07060832162960441,0.9357666056557246,-0.15849252643345632,14.882011415871677,3.8555784892471894,2,15
Albania,ALB,2012,0.5682280236905247,0.7321274082817664,1.2399365846908577,0.08815894511224773,0.6265313393986311,-0.2588964466651739,-0.09465072709927903,-0.11863036120428498,-0.6042661977638185,-0.051478348695809785,-0.7299698671147353,0.5952241010644648,0.07060832162960441,0.9113237616501895,-0.15849252643345632,14.86658005417129,3.8430721695014447,2,16
Albania,ALB,2013,0.6297130470386331,0.6330978668920292,1.4317450467201362,0.05284765141303721,1.0161389559918441,-0.2591613519576527,-0.055258540308518546,-0.11038852143793959,-0.6042661977638185,-0.051478348695809785,-0.1915646424211279,0.5952241010644648,0.2061389163774616,1.3478003503854528,-0.15849252643345632,14.851148612470835,3.8912693752481813,2,17
Albania,ALB,2014,0.7036721508978886,0.47814469265512227,1.446894104791309,0.03169647238735665,0.8213857511097549,-0.2594221995536687,0.09456301040437844,-0.24998277543416433,-0.6042661977638185,-0.051478348695809785,0.34684058227247955,0.5952241010644648,0.2061389163774616,1.3478003503854528,-0.062476860440955385,14.835717242617529,3.8674673743718175,2,18
Albania,ALB,2015,0.780208672514022,0.4236773319864974,1.414990682569262,-0.07680470514955992,0.8178250893379179,-0.2596790499255982,0.17898062937984438,-0.19568512358564885,-0.6042661977638185,-0.051478348695809785,0.34684058227247955,0.5952241010644648,0.2061389163774616,1.389702069382663,0.1295544715440488,14.820286047536092,3.867026886441099,2,19
Albania,ALB,2016,0.8952055440776749,0.3685535049191374,1.296528657353101,0.0025032804496596503,0.8320383068972559,-0.2599319695930555,0.3234387282344872,-0.24679275946315943,0.0023200212374607228,-0.051478348695809785,0.34684058227247955,0.8082753311940414,0.2061389163774616,1.389702069382663,0.1295544715440488,14.80485470614354,3.86878404006497,2,20
Albania,ALB,2017,1.0025979198109736,0.44535198511085317,1.2386960816571606,0.08291109534368975,0.6634124847977446,-0.260181019028417,0.30102827243315605,-0.32279691551618533,0.0023200212374607228,-0.051478348695809785,0.6160431946192833,0.8082753311940414,0.2061389163774616,1.4019232294996866,0.1295544715440488,14.7894231962491,3.847735473525586,2,21
Argentina,ARG,1996,1.9529878646022125,-0.5469009681975727,0.5474171739997438,-1.5200919772943648,-0.20915474405305276,-0.0614354816772618,0.682237530315806,-0.0200707087490852,0.0023200212374607228,2.326857551311763,0.07763796992567584,1.2343777914531946,0.612730700621032,0.7943483040401405,1.857836459409079,17.385431742354726,3.7311209999592077,3,0
Argentina,ARG,1997,2.1744653525651363,-0.39062258076771567,0.4019530872265773,-1.4670351214171005,-0.11199316429266955,-0.058810992631806405,0.7656147569843152,0.02872432258491764,0.0023200212374607228,1.7322735763098698,0.07763796992567584,1.2343777914531946,0.612730700621032,0.7943483040401405,1.6418012109259499,17.397578221608132,3.744799643250082,3,1
Argentina,ARG,1998,2.266103954657585,-0.32208535198504806,0.6256470615352546,-1.466633532595529,-0.22850244571660147,-0.05624049937132438,0.691905660118553,-0.010123949699982161,0.0023200212374607228,1.1376896013079765,0.07763796992567584,1.2343777914531946,0.612730700621032,0.7943483040401405,2.145883457386584,17.409333477603187,3.7283747015904467,3,2
Argentina,ARG,1999,2.10582044700209,-0.5551710938827045,1.0472750336538916,-1.5236796361718417,0.7896197283072126,-0.05368964149149063,0.5445570367918936,-0.053255387099779034,0.0023200212374607228,1.1376896013079765,0.2122392760990777,1.1278521763884064,0.4772001058731751,0.7943483040401405,2.193891290382834,17.420863909004733,3.863530740397022,3,3
Argentina,ARG,2000,2.040853051264664,-0.7761759896502838,1.1894179985763378,-1.4877315576881283,-0.02104700167258032,-0.051154022650533905,0.4351968457986286,-0.07012468116227018,0.0023200212374607228,1.1376896013079765,0.34684058227247955,1.021326561323618,0.34166951112531785,0.7943483040401405,2.7219774533415944,17.43219518945553,3.75743591974414,3,4
Argentina,ARG,2001,1.8586203324425314,-1.0204970238472928,1.2404957249624944,-1.510065050042243,-0.5045307975866763,-0.048669569487330526,0.34879249746224916,-0.13229670923778278,0.0023200212374607228,1.1376896013079765,-0.1915646424211279,0.3821731692064902,0.13837361900353315,0.7943483040401405,2.481938288360339,17.443174656437904,3.6883497480664924,3,5
Argentina,ARG,2002,1.4844187814070389,-1.2896852907908893,1.2177638951845178,-0.9330030796077968,-0.2690478180920587,-0.04622331672435973,0.12610416776712416,0.30976925996197274,0.0023200212374607228,1.1376896013079765,-0.7299698671147353,-0.2569802229106366,-0.06492227311825187,0.7943483040401405,0.8016641334915595,17.45386878798872,3.722594931349827,3,6
Argentina,ARG,2003,1.6994274358040988,-0.9042064660198786,1.1833437396787678,-0.9651315186764261,-0.42191414079264244,-0.043835063017686346,0.3421260533176302,0.483404765961209,0.0023200212374607228,1.1376896013079765,0.07763796992567584,-0.04392958932426608,-0.06492227311825187,0.7943483040401405,0.36959363652530175,17.4642001874881,3.7004982957671193,3,7
Argentina,ARG,2004,1.9373665265064728,-0.8124397960226518,1.1620098987757066,-0.9637425986812916,-0.21730164616419664,-0.041466759148019026,0.38497730950935294,0.16496097714632874,0.0023200212374607228,1.1376896013079765,0.34684058227247955,-0.04392958932426608,0.2061389163774616,1.449062663371548,1.0657072149709397,17.47434095243014,3.729965511779213,3,8
Argentina,ARG,2005,2.188002309394621,-0.6356043782700057,1.0960805444329598,-0.9678421109225563,-0.1928982660894665,-0.039042584849706956,0.4635288015422133,0.14910540922962598,0.0023200212374607228,1.1376896013079765,0.6160431946192833,-0.2569802229106366,0.2061389163774616,1.449062663371548,1.2817424634540688,17.484615529385966,3.733422699750244,3,9
Argentina,ARG,2006,2.4302209036140776,-0.5166867478581336,1.0515176452058599,-0.9712577471991722,-0.23825799136268772,-0.03659148220214118,0.5220055996251189,0.1970998238087583,0.0023200212374607228,1.1376896013079765,0.34684058227247955,-0.6830826831697902,0.2061389163774616,1.5154072263742928,0.9936954654765636,17.49489800517857,3.726987090792238,3,10
Argentina,ARG,2007,2.7262238012207565,-0.372912386188954,1.0435415354881534,-0.9564200430275794,-0.26019924015684964,-0.03420495195819793,0.5662164220604174,0.04836288112896051,0.0023200212374607228,1.1376896013079765,0.4814418884458814,-0.5765573663766046,0.27390421375139,1.5154072263742928,0.9936954654765636,17.504809024280334,3.7238591548982414,3,11
Argentina,ARG,2008,2.8473930731692323,-0.43430029038358786,1.079617000478254,-0.97215105557119,-0.1860429650769336,-0.0317413980483116,0.5910743790762308,-0.046698024394627204,0.0023200212374607228,1.1376896013079765,0.6160431946192833,-0.4700314530402132,0.34166951112531785,1.5154072263742928,0.9936954654765636,17.51493791187624,3.7343917328150487,3,12
Argentina,ARG,2009,2.5607090107834027,-0.8503019509749703,1.1963576396738587,-1.1561554410265888,-0.4368553429706086,-0.029136955595664666,0.49241092156641697,-0.12890522211239722,0.0023200212374607228,1.1376896013079765,0.07763796992567584,-0.4700314530402132,0.2061389163774616,1.5154072263742928,0.9936954654765636,17.525535658688707,3.698312137659311,3,13
Argentina,ARG,2010,2.907056933456968,-0.7217167478052359,1.2929147799389895,-1.1296551075413923,-0.18853496422527863,-0.026513282927291968,0.5231889653903232,-0.13102047461171215,0.0023200212374607228,1.1376896013079765,0.07763796992567584,-0.4700314530402132,0.2061389163774616,1.5520712304968516,0.9936954654765636,17.536099291647133,3.7340395841742726,3,14
Argentina,ARG,2011,3.112475777150273,-0.6480856346424566,1.3586150056187778,-1.1228366072151261,-0.2951353817471218,-0.02384060949224448,0.6334143267125658,-0.13485348967424807,0.0023200212374607228,1.1376896013079765,-0.1915646424211279,-0.4700314530402132,0.2061389163774616,1.5520712304968516,0.9936954654765636,17.546746692365602,3.7188583916989404,3,15
Argentina,ARG,2012,3.022509723687982,-0.8168397951828633,1.4247452966780068,-1.2585332330960115,-0.16630022749655474,-0.021233881183765988,0.5968328850013033,-0.20003998885799232,-0.6042661977638185,1.1376896013079765,-0.1915646424211279,-0.8961339132993669,0.07060832162960441,1.5520712304968516,0.7536563004953095,17.557023305765547,3.7371772383688286,3,16
Argentina,ARG,2013,3.082761838143009,-0.7644228195736814,1.4910726549708955,-1.2931159268128016,-0.3400163909077541,-0.01868960269849502,0.6443448566703462,-0.2352415078392614,-0.6042661977638185,1.1376896013079765,-0.1915646424211279,-0.8961339132993669,0.07060832162960441,1.5520712304968516,0.41760146952155225,17.566952895428013,3.712397200492552,3,17
Argentina,ARG,2014,2.9287399815432944,-0.801984352092952,1.5453424283156187,-1.3200004468911062,-0.47811450666544997,-0.016019045796624897,0.6879081730787834,-0.21265591613615373,-0.6042661977638185,1.1376896013079765,-0.1915646424211279,-0.8961339132993669,0.07060832162960441,1.5520712304968516,0.41760146952155225,17.57727033097395,3.692250263657863,3,18
Argentina,ARG,2015,2.998996386073414,-0.8523656416635041,1.59845025123918,-1.4916815462693165,-0.306552053905738,-0.013280003928372941,0.6300623212595039,-0.3061830853011689,-0.6042661977638185,1.1376896013079765,0.07763796992567584,-0.8961339132993669,0.2061389163774616,1.5834975197447592,0.41760146952155225,17.58774291960538,3.71721877162902,3,19
Argentina,ARG,2016,2.8689354466499557,-1.009182782266951,1.6742904567239913,-1.387068714604077,-0.5419659870225456,-0.010720202184055422,0.5219100306489762,-0.39759825518721187,0.60890624023874,1.1376896013079765,0.07763796992567584,-0.04392958932426608,0.8837918901167451,1.5730220899954566,0.41760146952155225,17.59743203063941,3.682796042010293,3,20
Argentina,ARG,2017,2.9488526831625603,-0.9012104471791241,1.702528560595664,-1.4103909426645813,-0.3382986995250648,-0.00837036053093236,0.46221829665299374,-0.42022302169356157,0.60890624023874,1.1376896013079765,0.6160431946192833,0.3821728709348875,0.8837918901167451,1.5730220899954566,0.41760146952155225,17.60624452638968,3.7126452538083337,3,21
Armenia,ARM,1996,-0.7436655361858181,-0.5708862033409322,0.6818723056767155,0.1537279311610403,-0.45481589655202626,-0.25636853805222043,-0.40075905530198463,0.08262299286976588,0.60890624023874,1.1376896013079765,-0.46076725476793157,0.34666423315609096,0.612730700621032,0.13963394470873283,-0.6385708563959646,15.002968540234166,3.6956778545318607,4,0
Armenia,ARM,1997,-0.719389763436636,-0.7747752131481631,0.610040055248271,0.13395706309953537,-0.10520056439603924,-0.2565647467249997,-0.4111454791654649,0.08262299286976588,0.5078084561936976,0.5431056263060834,0.504555194017798,0.0642102716552697,1.5162679085863473,0.9034674512239561,-0.6385708563959646,14.993023363793077,3.7457489606457983,4,1
Armenia,ARM,1998,-0.6695413353532707,-0.7733455525325447,0.1836935251872752,-0.06047904334648797,1.433818825355314,-0.25679386446506813,-0.41360209573188683,0.08262299286976588,0.40671067214865514,-0.051478348695809785,1.4698776428035276,-0.21824368984555087,2.4198051165516623,1.6673009577391795,-0.6385708563959646,14.981283551838382,3.940482815151818,4,2
Armenia,ARM,1999,-0.6402241197258426,-0.7486416363485394,0.2779640774804555,-0.0976529269068218,0.477173775657008,-0.25704249664103185,-0.41530866880862743,0.08262299286976588,0.40671067214865514,-0.051478348695809785,1.2088327310591918,-0.4893997195727564,1.5162679085863473,1.6673009577391795,-0.6385708563959646,14.968385943454633,3.8239616383242048,4,3
Armenia,ARM,2000,-0.6129188077538011,-0.10621755512155966,0.8212438917045957,-0.04914458537573947,0.2806867287055789,-0.2567170705941557,-0.41816446523375567,0.08262299286976588,0.40671067214865514,-0.051478348695809785,0.9477878193148559,-0.7605557492999624,0.612730700621032,1.6673009577391795,-0.7345865223884667,14.985233784543238,3.798251357160348,4,4
Armenia,ARM,2001,-0.5446547373741124,-0.212578205906974,0.8477661563245072,-0.11784129051288762,-0.08321882738294965,-0.2567733099042971,-0.4105275485016967,0.08262299286976588,0.20451534669305807,-0.051478348695809785,0.9423492804591806,0.39669929453799746,0.7095383070210994,1.5581818105553638,-0.7585904388865922,14.98234239696137,3.7488149126662424,4,5
Armenia,ARM,2002,-0.44157245665010025,0.2734482633127324,0.8477661563245072,0.001634848413399486,0.14696175060187586,-0.2568458767560924,-0.3950727213087442,0.08262299286976588,0.0023200212374607228,-0.051478348695809785,0.9369107416035054,1.5539543383759573,0.806345913421167,1.449062663371548,-1.0226335203659718,14.978599178336232,3.7803676344443087,4,6
Armenia,ARM,2003,-0.3158904252085699,0.545711151464,0.8477661563245072,0.17755821612971384,0.09912616643770124,-0.25695049396743064,-0.38339599232976695,0.08262299286976588,0.0023200212374607228,-0.051478348695809785,1.393739821720796,1.5539543383759573,0.806345913421167,0.7943483040401405,-1.0226335203659718,14.973177923632031,3.7738918691750447,4,7
Armenia,ARM,2004,-0.2063729290115347,0.6696068197313753,0.9154331848579557,-0.02486494842296024,0.5274425735220649,-0.2570569253500638,-0.3669264814508184,0.08262299286976588,0.0023200212374607228,-0.051478348695809785,1.1979558687099314,1.5539543383759573,0.806345913421167,0.7943483040401405,-1.0226335203659718,14.967632333450343,3.8304344672623833,4,8
Armenia,ARM,2005,-0.046852862130719944,1.517329273354839,1.0387934036411632,-0.10985331163254196,0.3668584672650365,-0.2571687992465816,-0.31961188231974635,0.08262299286976588,0.8937892153582031,0.4500356345326266,0.795511746425212,0.016938100130774108,0.2851527109930831,0.18372712360949695,-1.0226335203659718,14.96176981792323,3.80960837101192,4,9
Armenia,ARM,2006,0.12749120571300315,2.3371589432597815,1.15512995827071,-0.37400809600650997,0.5946340415900611,-0.25728551093321905,-0.2530585703730473,0.08262299286976588,0.0023200212374607228,-0.051478348695809785,-0.46076725476793157,1.021326561323618,0.07060832162960441,-0.22700609651685547,-1.0226335203659718,14.955616935246796,3.839021418456004,4,10
Armenia,ARM,2007,0.3335272116525233,2.53783661850913,1.2113043463518722,-0.4915952118670775,0.585338073228622,-0.2574046415149164,-0.16767117686093408,0.08262299286976588,0.0023200212374607228,-0.051478348695809785,-0.1915646424211279,1.021326561323618,0.07060832162960441,-0.22700609651685547,-1.0226335203659718,14.949297243452433,3.837837795995314,4,11
Armenia,ARM,2008,0.4578183340949829,2.941749894700857,1.2009681284880864,-0.5621377552482497,0.7273617121714632,-0.25752740043920347,-0.11676863931674139,0.08262299286976588,0.0023200212374607228,-0.051478348695809785,-0.46076725476793157,1.021326561323618,0.07060832162960441,-0.16939123289569155,-1.0226335203659718,14.942743020798124,3.8557701155709867,4,12
Armenia,ARM,2009,0.220188809214493,2.4625268037419414,1.433721391320476,-0.4829195169457981,0.8450944058409782,-0.25765499715361023,-0.14632915653297407,0.08262299286976588,0.0023200212374607228,-0.051478348695809785,-0.7299698671147353,1.021326561323618,-0.06492227311825187,-0.16939123289569155,-1.0226335203659718,14.935884664571704,3.8703954250087986,4,13
Armenia,ARM,2010,0.2644867716895673,2.0367741974942324,1.606692802490186,-0.26924516704559504,0.3255930552137653,-0.25778319859178195,-0.13791757966210252,0.08262299286976588,0.0023200212374607228,-0.051478348695809785,0.07763796992567584,1.021326561323618,-0.06492227311825187,-0.237481526266158,-1.0226335203659718,14.928946103952764,3.804185882726331,4,14
Armenia,ARM,2011,0.347226085353279,0.9885985847232714,1.1409925262913363,-0.13027226753771773,0.44810808073890945,-0.25788539690806034,-0.18899409023077965,0.08262299286976588,0.0023200212374607228,-0.051478348695809785,-0.1915646424211279,1.021326561323618,-0.06492227311825187,-0.237481526266158,-1.0226335203659718,14.923380198156904,3.8201998074091676,4,15
Armenia,ARM,2012,0.4681368056009562,0.12248760676822117,1.1409925262913363,0.058967768428124005,0.14987450375548325,-0.25790837641112885,-0.08833336142868234,0.08262299286976588,0.0023200212374607228,-0.051478348695809785,-0.1915646424211279,1.021326561323618,-0.06492227311825187,-0.237481526266158,-1.0226335203659718,14.92212441519471,3.7807605985909336,4,16
Armenia,ARM,2013,0.5277966397213817,-0.16706792091003708,0.8509861188378945,0.10517142851316069,-0.11468920655357094,-0.25792107561019306,-0.14505988081421226,-0.01038079092769246,0.0023200212374607228,-0.051478348695809785,-0.1915646424211279,0.3821728709348875,0.07060832162960441,-0.2497026863831817,-1.0226335203659718,14.921429752721451,3.7444226009035253,4,17
Armenia,ARM,2014,0.5987979062551617,-0.31479336357155646,0.8382417006840578,0.05366678174735579,-0.048720163877740245,-0.25797066295891985,-0.13593654696343033,-0.13004250404990078,0.0023200212374607228,-0.051478348695809785,-0.1915646424211279,0.3821728709348875,0.4772001058731751,0.20597850771147783,-0.9986296038678468,14.918712630773157,3.7536078179028025,4,18
Armenia,ARM,2015,0.66560344227699,-0.23986565714583413,0.8354064753224845,-0.06512957590310614,-0.345844064697263,-0.25802629754529627,-0.24701863513562552,-0.09359398209545515,0.0023200212374607228,-0.051478348695809785,0.07763796992567584,0.5952241010644648,0.4772001058731751,0.18328139407366412,-0.7345865223884667,14.91565533843341,3.7115551622189593,4,19
Armenia,ARM,2016,0.6776381582388779,-0.6348068418667667,0.8354064753224845,0.0623399201944535,-0.10565475317089043,-0.2581006785683865,-0.26413549381169,-0.10453822539454202,0.0023200212374607228,-0.051478348695809785,0.07763796992567584,0.3821728709348875,0.4772001058731751,0.16233053457505905,-0.7345865223884667,14.911553214620781,3.7456855124241946,4,20
Armenia,ARM,2017,0.8352652859347037,-0.5995387208501218,0.8354064753224845,0.38491892342777734,-0.2701273143673975,-0.25817868793406645,-0.138629425898035,-0.08520627589805749,0.0023200212374607228,-0.051478348695809785,-0.1915646424211279,0.5952241010644648,0.4772001058731751,0.20248652320454744,-0.7345865223884667,14.90723283156562,3.722440590954203,4,21
Azerbaijan,AZE,1996,-0.6677398619541006,0.7909442261481245,0.7137982535746072,0.20070894949500037,2.697905374026169,-0.22925112191339253,-0.8824993426718069,0.6917458112537831,-1.2108524167650978,-1.240646298699596,-0.999172479461539,-0.4700314530402132,-1.0136364363532497,-1.1697947739540824,-0.11048469343720586,15.864879544203989,4.076181165090625,5,0
Azerbaijan,AZE,1997,-0.6374310330445415,1.7475382304891012,0.7137982535746072,0.23635332490257632,4.11613666095247,-0.2287960672802594,-0.8920434099419957,0.8449498777147397,-1.2108524167650978,-1.240646298699596,-1.2683750918083427,-0.4700314530402132,-1.0136364363532497,-1.1697947739540824,-0.11048469343720586,15.87452628070435,4.209284200499521,5,1
Azerbaijan,AZE,1998,-0.5779471259817041,1.5682875106288532,0.7137982535746072,0.09568234482305302,3.2489826405879283,-0.22834403626595104,-0.8914139218765477,0.6756445144331432,-1.2108524167650978,-1.240646298699596,-1.5375777041551464,-0.4700314530402132,-1.0136364363532497,-1.1697947739540824,-0.11048469343720586,15.884017660965643,4.130024566349321,5,2
Azerbaijan,AZE,1999,-0.5312104172162354,0.718467315248989,0.7137982535746072,-0.11895193515260079,1.2425094141221922,-0.22792224143989076,-0.8904423763828122,1.020649887213238,-1.2108524167650978,-1.240646298699596,-1.2683750918083427,-0.4700314530402132,-1.0136364363532497,-1.1697947739540824,-0.11048469343720586,15.892793646860005,3.9182418106547714,5,3
Azerbaijan,AZE,2000,-0.4527356386509806,0.06637974648904582,0.7137982535746072,0.13398093449171866,-0.2241732484214837,-0.22752403084066394,-0.9303625349003329,1.3063634375503228,-1.2108524167650978,-1.240646298699596,-0.999172479461539,-0.4700314530402132,-1.0136364363532497,-1.1697947739540824,-0.15849252643345632,15.901008845471843,3.72898986233739,5,4
Azerbaijan,AZE,2001,-0.3759297891824375,0.03547147541623353,0.7137982535746072,0.1417121419581025,1.7869454761037498,-0.22714547376379837,-0.9381941366217912,1.3832529381478946,-1.2108524167650978,-1.240646298699596,-1.2683750918083427,-0.5765570681050022,-0.7425752468575363,-1.1697947739540824,-0.15849252643345632,15.908756503906819,3.980280455983335,5,5
Azerbaijan,AZE,2002,-0.2961178254450933,1.3942677912716808,0.7137982535746072,0.5477616203298227,4.848187674482699,-0.22677810407658458,-0.8421458330032177,1.6071505346376969,-1.2108524167650978,-1.240646298699596,-1.5375777041551464,-0.6830826831697902,-0.4715140573618222,-1.1697947739540824,-0.15849252643345632,15.916218238817484,4.27162778396565,5,6
Azerbaijan,AZE,2003,-0.20187217173415165,3.6756741587769963,0.7137982535746072,0.9750037174750686,8.67047038624513,-0.22640226825666132,-0.6564038955383914,1.805596211624194,-1.2108524167650978,-1.240646298699596,-1.5375777041551464,-0.6830826831697902,-0.4715140573618222,-1.1697947739540824,-0.15849252643345632,15.92379474745002,4.545903396975756,5,7
Azerbaijan,AZE,2004,-0.11060704547344385,4.261552989470088,0.7137982535746072,1.379667367774175,8.550796616124135,-0.22596444825082956,-0.7908848160578644,1.991029372084829,-1.2108524167650978,-1.240646298699596,-1.5375777041551464,-0.6830826831697902,-0.4715140573618222,-1.1697947739540824,-0.15849252643345632,15.932549019196312,4.538364607856677,5,8
Azerbaijan,AZE,2005,0.20681902189127338,2.2714127650052807,0.7137982535746072,1.2153903578013017,5.073104443404839,-0.22544831651743535,-0.7675835486657566,2.658062517761568,-1.2108524167650978,-1.240646298699596,-1.5375777041551464,-0.6830826831697902,-0.4715140573618222,-1.1697947739540824,-0.5665591069015885,15.942771673895882,4.290027170469374,5,9
Azerbaijan,AZE,2006,0.7044369760255229,0.8629159924353595,0.7137982535746072,0.908612746123765,2.973959946884498,-0.2248877375873165,-0.7300678787832953,3.171346329708363,-1.2108524167650978,-1.240646298699596,-0.999172479461539,-0.4700314530402132,-0.7425752468575356,-0.8101381779708666,-0.7345865223884667,15.953757538338117,4.103515607738441,5,10
Azerbaijan,AZE,2007,1.1867777674159807,-0.1443810978683999,0.7137982535746072,0.6586379513269615,1.7094615111771683,-0.22430266734471677,-0.6931361571339253,3.2713417956835174,-1.2108524167650978,-1.240646298699596,-0.46076725476793157,-0.4700314530402132,-0.7425752468575356,-0.8101381779708666,-0.7345865223884667,15.965096091670853,3.9716825825431834,5,11
Azerbaijan,AZE,2008,1.3931194901993498,-0.4866445118653855,0.7137982535746072,0.4440887190911182,0.7389869768087166,-0.2232014653687228,-0.7603995436969889,3.2179535910406774,-1.2108524167650978,-1.240646298699596,-0.46076725476793157,-0.4700314530402132,-0.7425752468575356,-0.8310890374694717,-0.7345865223884667,15.986094629575279,3.857223815743188,5,12
Azerbaijan,AZE,2009,1.5850187867282015,-0.45744329473976497,0.7137982535746072,0.023659533307812078,0.46616404649835064,-0.22208972305750557,-0.6872097034183843,2.447953680905861,-1.2108524167650978,-1.240646298699596,-0.7299698671147353,-0.4700314530402132,-0.7425752468575356,-0.8310890374694717,-0.7345865223884667,16.006856109869055,3.8225383673144755,5,13
Azerbaijan,AZE,2010,1.6874655481960545,-0.5366424004068063,0.7137982535746072,0.030675362170295296,0.4306238137562988,-0.22144213042484648,-0.5449338364998962,2.7584689285263293,-1.2108524167650978,-1.240646298699596,-0.46076725476793157,-0.4700314530402132,-0.7425752468575356,-0.8380730064833323,-0.7345865223884667,16.018753985625754,3.817930068558167,5,14
Azerbaijan,AZE,2011,1.6023714070403114,-0.29264316692331943,0.7077230379065302,0.19080067607720766,0.5089457371634418,-0.22072402095395532,-0.49634974287683586,2.903140959217909,-1.2108524167650978,-1.240646298699596,-0.7299698671147353,-0.4700314530402132,-0.7425752468575356,-0.8380730064833323,-0.7345865223884667,16.031783992744764,3.828057603371126,5,15
Azerbaijan,AZE,2012,1.6271650070604569,-0.016282292447640078,0.7020953006047754,0.12570221172600196,0.6435304740674762,-0.2199820127998729,-0.4674988254816694,2.718751108483842,-1.2108524167650978,-1.240646298699596,-0.7299698671147353,-0.4700314530402132,-0.7425752468575356,-0.8380730064833323,-0.7345865223884667,16.045071629579173,3.845224266074111,5,16
Azerbaijan,AZE,2013,1.7584517219353286,0.38883437963567374,0.7156942841482169,0.02168199953246423,-0.04364768328977846,-0.21925019424123005,-0.4555441364906634,2.5138738362530413,-1.2108524167650978,-1.240646298699596,-0.46076725476793157,-0.04392958932426608,-0.4715140573618222,-0.8537861511072861,-0.7345865223884667,16.05800609846676,3.7543106053531283,5,17
Azerbaijan,AZE,2014,1.8050335533375135,0.5874072985742169,0.7265988414783993,-0.12889049669489586,0.3547452600077966,-0.21853493906650948,-0.46515583037707897,2.225427620597579,-1.2108524167650978,-1.240646298699596,-0.46076725476793157,-0.04392958932426608,-0.33598346261396533,-0.8939416159652873,-0.7345865223884667,16.070488187123043,3.808019679509948,5,18
Azerbaijan,AZE,2015,1.8004665500009047,0.6353254754831015,0.7762735337202327,-0.03846838782113904,0.6485265111785403,-0.21784396959818975,-0.4978208720255657,1.5020966904382278,-1.2108524167650978,-1.240646298699596,-0.46076725476793157,-0.04392958932426608,-0.33598346261396533,-0.9148924754638924,-0.7345865223884667,16.082400284461865,3.845855886545209,5,19
Azerbaijan,AZE,2016,1.6720191170362932,0.2967012382699697,0.8406070682768293,0.4682847886004963,1.3682250745151807,-0.21718801968309892,-0.4619249157121948,1.7239062089669526,-0.6042661977638185,-0.051478348695809785,-0.46076725476793157,0.16912164080531122,-0.33598346261396533,-0.9253679052131943,-0.7345865223884667,16.093578855411227,3.9329126962579513,5,20
Azerbaijan,AZE,2017,1.6475090332269635,0.14898480007206105,0.9375808770446418,0.4777088569444288,0.5454984821998234,-0.2166061484292158,-0.45577008751715115,1.9022462869882593,-0.6042661977638185,-0.051478348695809785,-0.46076725476793157,-0.04392958932426608,-0.33598346261396533,-0.9253679052131943,-0.7345865223884667,16.103391472455574,3.832749235095067,5,21
Burundi,BDI,1999,-1.141610152979251,-0.09153061916490066,-1.9548906318335575,-0.15371666277275856,-0.6507732022432048,-0.23787354547990056,-2.103813483840695,-0.8912545199867654,-0.6042661977638185,-0.646062323697703,-1.5375777041551464,-0.8961339132993669,-1.0814017337271775,-1.1697947739540824,0.12955447154404823,15.661940645329464,3.6664765743448138,6,0
Burundi,BDI,2000,-1.1462323583444582,-0.09153061916490066,-1.9548906318335575,-0.15371666277275856,-0.41390998908326915,-0.2370690270302341,-2.0978036481964533,-0.9395046618326459,-0.6042661977638185,-0.646062323697703,-1.5375777041551464,-0.8961339132993669,-1.0814017337271775,-1.1697947739540824,0.12955447154404823,15.682716805126464,3.7016674795840476,6,1
Burundi,BDI,2001,-1.1469603435609803,-0.09153061916490066,-1.9548906318335575,-0.15371666277275856,-0.6410514859856291,-0.23607624597806,-2.090878812574515,-0.936707977426858,-0.30097308826317887,-0.646062323697703,-1.4029763979817447,-0.8961339132993669,-1.0814017337271775,-0.8424375942883786,0.12955447154404823,15.707773667301948,3.667945570818944,6,2
Burundi,BDI,2002,-1.1445811517740887,-0.09153061916490066,-1.9365085844628813,-0.15371666277275856,-0.6050112633612789,-0.2349286798310065,-2.082963256593863,-0.9175082843078931,0.0023200212374607228,-0.646062323697703,-1.2683750918083427,-0.8961339132993669,-1.0814017337271775,-0.5150804146226747,0.12955447154404823,15.735975857998893,3.6733726644725397,6,3
Burundi,BDI,2003,-1.1513106109588427,-0.09153061916490066,-1.924591648306449,-0.15371666277275856,-0.6050112633612789,-0.2336042017465136,-2.0747872286455493,-0.922689676243198,0.0023200212374607228,-0.646062323697703,-1.2683750918083427,-0.8961339132993669,-1.0814017337271775,-0.187723234956971,0.12955447154404823,15.767566781152569,3.6733726644725397,6,4
Burundi,BDI,2004,-1.1498146516657037,-0.09153061916490066,-1.8683322352494762,-0.15371666277275856,-0.6400053146380247,-0.23198655358076767,-2.0664353210897497,-0.8743341401083567,0.11260855703832294,-0.42384393588203545,-1.162325630062533,-0.6400420908752499,-0.7836453540451688,-0.31668206042873465,0.12955447154404823,15.804843704568261,3.6681035236391417,6,5
Burundi,BDI,2005,-1.1540229120209562,-0.09153061916490066,-1.8260275593030908,-0.15371666277275856,-0.6319815522377232,-0.23031362761566665,-2.0570991170454747,-0.8235930819077681,0.0023200212374607228,-0.051478348695809785,-0.7299698671147353,-0.8961339132993669,-0.7425752468575356,0.13963394470873283,0.12955447154404823,15.841986354859154,3.669314136871317,6,6
Burundi,BDI,2006,-1.1515425535121357,-0.09153061916490066,-1.7767208813972033,-0.15371666277275856,-0.6404113844700895,-0.22863099583413798,-2.0467096263556352,-0.958161164587896,-0.6042661977638185,-1.240646298699596,0.07763796992567584,-0.2569802229106366,0.07060832162960441,-0.16415351802104028,0.12955447154404823,15.878002767826038,3.6680422174525416,6,7
Burundi,BDI,2007,-1.1520084188852184,-0.09153061916490066,-1.7405657810681228,-0.15371666277275856,-0.6345945003062776,-0.22683903604314204,-2.03531724579332,-0.8050271522154999,-0.6042661977638185,-1.240646298699596,0.34684058227247955,-0.2569802229106366,-0.06492227311825187,-0.6006295829848167,0.12955447154404823,15.914984479956809,3.66892006008753,6,8
Burundi,BDI,2008,-1.1510103621913463,-0.09153061916490066,-1.7405657810681228,-0.15371666277275856,-0.6006227081304151,-0.2247602194869992,-2.0234260198228013,-0.9498498971278576,-0.6042661977638185,-1.240646298699596,0.07763796992567584,-0.2569802229106366,-0.06492227311825187,-0.6006295829848167,0.12955447154404823,15.956239795695874,3.6740315051435117,6,9
Burundi,BDI,2009,-1.153023476045256,-0.09153061916490066,-1.539241045265126,-0.15371666277275856,-0.6375131720388019,-0.22208728602073277,-2.0105217575960683,-0.8199893735144456,-0.6042661977638185,-1.240646298699596,-0.1915646424211279,-0.2569802229106366,-0.6070446521096794,-0.6006295829848167,0.12955447154404823,16.00690115065752,3.668479691309053,6,10
Burundi,BDI,2010,-1.1525971042077714,-0.09153061916490066,-1.43522153822836,-0.15371666277275856,-0.6343364780046911,-0.21949424261105535,-1.9969896021019917,-0.9522663145273236,-0.6042661977638185,-1.240646298699596,-0.46076725476793157,-0.2569802229106366,-0.6070446521096794,-0.6879250054861664,0.12955447154404823,16.05371125127676,3.6689589811278895,6,11
Burundi,BDI,2011,-1.1520492715416901,-0.09153061916490066,-1.3254650391830316,-0.15371666277275856,-0.6154603384210426,-0.21742890534763348,-1.9826560130087891,-1.0002155446898024,-0.6042661977638185,-1.240646298699596,-0.46076725476793157,-0.2569802229106366,-0.6070446521096794,-0.6879250054861664,0.12955447154404823,16.089488233007184,3.671802226722758,6,12
Burundi,BDI,2012,-1.1509118130752,-0.09153061916490066,-1.2247929112020277,-0.15371666277275856,-0.6364364783844211,-0.2152939280954387,-1.9664637917702519,-0.9185892782193286,-1.2108524167650978,-1.240646298699596,-0.7299698671147353,-0.6830826831697902,-0.6070446521096794,-0.7595072833635628,0.12955447154404823,16.125173444181293,3.6686421652703474,6,13
Burundi,BDI,2013,-1.1490745853998627,-0.09153061916490066,-1.056729084323084,-0.15371666277275856,0.16415910216190674,-0.21306665185499793,-1.9498827738800826,-0.9357517769479922,-1.2108524167650978,-0.051478348695809785,-0.7299698671147353,-0.6830826831697902,-0.6070446521096794,-0.7926793029791921,0.12955447154404823,16.16109211161257,3.782685523952119,6,14
Burundi,BDI,2014,-1.1479093570124546,-0.09153061916490066,-0.8374938144108665,-0.15371666277275856,-0.06771958297830401,-0.21088696132762194,-1.9328649647080627,-0.9468277151418192,-1.2108524167650978,-0.051478348695809785,-0.7299698671147353,-0.6830826831697902,-0.6070446521096794,-0.8066467172354241,0.12955447154404823,16.195036877083318,3.7509710677412507,6,15
Burundi,BDI,2015,-1.1519550989459746,-0.09153061916490066,-0.7045013174155995,-0.15371666277275856,-0.5960769118647178,-0.20938848607423688,-1.9349400648704178,-0.9496146054537512,-1.2108524167650978,-0.051478348695809785,-1.2683750918083427,-0.6830826831697902,-0.7425752468575356,-0.9533027337256594,0.12955447154404823,16.217722047935712,3.6747134945705926,6,16
Burundi,BDI,2016,-1.1498076320882302,-0.09153061916490066,-0.5763895596584477,-0.15371666277275856,-0.6404750196145836,-0.20822819653916858,-1.935548193936175,-0.825809466231532,-1.2108524167650978,-0.051478348695809785,-1.5375777041551464,-0.6830826831697902,-1.0136364363532497,-0.9690158783496132,0.12955447154404823,16.234940646792882,3.6680326098282783,6,17
Burundi,BDI,2017,-1.1476575344953714,-0.09153061916490066,-0.5491171970647204,-0.15371666277275856,-0.2507792111941564,-0.2066117033958137,-1.9362138766789565,-0.8197590533011974,-1.2108524167650978,-0.051478348695809785,-1.2683750918083427,-0.6830826831697902,-1.0136364363532497,-0.981237038466637,0.12955447154404823,16.258445507434633,3.725203269305206,6,18
Burundi,BDI,2018,-1.1442639361350404,-0.09153061916490066,-0.6177298752138505,-0.15371666277275856,-0.6021594376200071,-0.20447893943259868,-1.9558279076107548,-0.7415633459035377,-1.2108524167650978,-0.051478348695809785,-0.999172479461539,-0.6830826831697902,-1.149167031101106,-0.981237038466637,0.12955447154404823,16.288635323128048,3.673800849924711,6,19
Benin,BEN,1996,-0.9506147950398895,-0.7582642482349841,-1.5985340983265253,-0.5048544391575351,-0.7458156454955659,-0.23754274343875395,0.4000695446192529,-1.1285515093250882,0.0023200212374607228,0.5431056263060834,1.692853644006498,0.5952241010644648,0.9515571874906739,0.46699112437443663,0.12955447154404823,15.670535707361418,3.6520003900603895,7,0
Benin,BEN,1997,-0.9412917470230445,-0.65079442982701,-1.5985340983265253,-0.4412388238339591,-0.5500204721760256,-0.2363846550981901,0.38970200819585715,-1.1074421278705668,0.0023200212374607228,0.5431056263060834,1.692853644006498,0.5952241010644648,0.9515571874906739,0.46699112437443663,0.12955447154404823,15.700056722656301,3.6815970742737276,7,1
Benin,BEN,1998,-0.9383947070351679,-0.6443884102176808,-1.5985340983265253,-0.41566323708337655,-0.5630526463061378,-0.2351381742849019,0.3761784714020101,-1.1868195099951437,0.0023200212374607228,0.5431056263060834,1.692853644006498,0.5952241010644648,0.9515571874906739,0.46699112437443663,0.12955447154404823,15.730886386257394,3.6796540921318486,7,2
Benin,BEN,1999,-0.9306572172012139,-0.30695140225618106,-1.5985340983265253,-0.5665029901214527,-0.5980051045245303,-0.23384812312434827,0.3676557233622057,-0.7310340235545216,0.0023200212374607228,0.5431056263060834,1.692853644006498,0.5952241010644648,0.9515571874906739,0.46699112437443663,0.12955447154404823,15.761823340237667,3.674424271576101,7,3
Benin,BEN,2000,-0.9208349563424588,-0.4687798331872057,-1.571586881572336,-0.7707502087087768,-0.7022871115273422,-0.232524981479376,0.36089695269342364,-0.6719196475562537,0.0023200212374607228,0.5431056263060834,1.692853644006498,0.5952241010644648,0.9515571874906739,0.46699112437443663,0.12955447154404823,15.792589862431617,3.658656365009122,7,4
Benin,BEN,2001,-0.9126008183142235,-0.4278807795691274,-1.5096419889972292,-0.7443910119807763,-0.5636344288088606,-0.2311705393323293,0.35335586502564814,-0.43484822278633833,0.0023200212374607228,0.5431056263060834,1.692853644006498,0.2223845974735069,0.7821439440558529,-0.024044645124119083,0.12955447154404823,15.823133408931024,3.6795672654057143,7,5
Benin,BEN,2002,-0.9067336405750536,-0.6888072671076179,-1.4417438970593879,-0.8745530617838075,-0.7190138891944715,-0.22978070270331946,0.34376576723997687,-0.4639827608463309,0.0023200212374607228,0.5431056263060834,1.692853644006498,-0.15045490611745102,0.612730700621032,-0.5150804146226747,0.12955447154404823,15.853534485069108,3.65610390151085,7,6
Benin,BEN,2003,-0.905404219086864,-0.6122808461212245,-1.394088797350821,-0.9369610457341552,-0.6072073914262215,-0.22834361295931557,0.33388140852991177,-0.4216194623349878,0.0023200212374607228,0.5431056263060834,1.692853644006498,-0.15045490611745102,0.27390421375139,0.13963394470873283,0.12955447154404823,15.88402650712785,3.673042803303262,7,7
Benin,BEN,2004,-0.9003343284259251,-0.7890365961960777,-1.3287338539173836,-0.9866410314332188,-0.7521969066052021,-0.22685584736380796,0.31928948616947084,-0.5269232593904501,0.06359153785326743,0.6812412780472428,0.9695415440133762,-0.238329299583003,0.2567915787361466,0.1594738848824238,0.12955447154404823,15.914643813926924,3.6510208933997843,7,8
Benin,BEN,2005,-0.9063898658348003,-0.9159061149363408,-1.3287338539173836,-1.0100431890270944,-0.6634561965775317,-0.22524093254947963,0.3033188250415913,-0.43424212153242636,-0.0052744382244353455,-0.11992685589802819,0.9515713005098225,0.05719999417295166,-0.21588980260788965,0.797422318900073,0.12955447154404823,15.946849930012956,3.6645568652125595,7,9
Benin,BEN,2006,-0.9034280739469381,-1.0226419879052615,-1.3287338539173836,-0.9903606917332164,-0.6705478180527414,-0.22362572746774412,0.2844564479051997,-0.4722222406996608,0.0023200212374607228,-0.051478348695809785,1.1544484193128908,-0.4700314530402132,0.2061389163774616,0.996873453783818,0.12955447154404823,15.978056615196333,3.6634818626039984,7,10
Benin,BEN,2007,-0.8918905905214749,-0.6712385356869531,-1.3287338539173836,-0.719551442397998,-0.35275359273264595,-0.22204904933707428,0.2651323814685989,-0.6091298151908596,0.0023200212374607228,-0.051478348695809785,1.1544484193128908,-0.4700314530402132,0.2061389163774616,0.996873453783818,0.12955447154404823,16.00760756731954,3.710555887701563,7,11
Benin,BEN,2008,-0.8846184720672957,-0.8183585475142275,-1.3287338539173836,-0.7583622917369209,-0.5575520833645756,-0.22038910074396934,0.22982416682512086,-0.7630667323291863,0.0023200212374607228,-0.051478348695809785,0.885245806966087,-0.4700314530402132,-0.06492227311825187,0.10646192509310348,0.12955447154404823,16.03780350384402,3.680474638000927,7,12
Benin,BEN,2009,-0.8875504754518078,-0.7309283265614415,-1.3287338539173836,-0.8474634961297424,-0.6734824234323438,-0.21869008699564788,0.18021695046668268,-0.7415315238580278,-0.6042661977638185,-0.051478348695809785,0.885245806966087,-0.2569802229106366,-0.4715140573618222,0.5429379900568794,0.12955447154404823,16.067793864863926,3.663036674241036,7,13
Benin,BEN,2010,-0.8912251242388908,-0.5993420609887293,-1.3287338539173836,-0.6523622555040207,-0.5459568037228327,-0.2169481136710636,0.13906803763517178,-0.7340827785839177,-0.6042661977638185,-0.051478348695809785,0.6160431946192833,-0.2569802229106366,-0.6070446521096794,0.5621431191877636,0.12955447154404823,16.097636278051944,3.6822021600694033,7,14
Benin,BEN,2011,-0.8914593418045715,-0.5294102626916988,-0.6394997032627284,-0.774552426530518,-0.38579527386128354,-0.21515729076074577,0.09926361923565748,-0.7234022643783898,-0.6042661977638185,-0.051478348695809785,0.6160431946192833,-0.2569802229106366,-0.6070446521096794,0.5429379900568794,0.12955447154404823,16.127414495337156,3.705763457237834,7,15
Benin,BEN,2012,-0.8843024710034054,-0.7747951206202474,-0.6394997032627284,-0.6724900266725896,-0.2135752479388039,-0.21331872490918427,-0.11159465681869662,-0.8216231898122448,-0.6042661977638185,-0.051478348695809785,0.6160431946192833,-0.2569802229106366,-0.6070446521096794,0.5324625603075769,0.12955447154404823,16.157091146444312,3.7304941984983224,7,16
Benin,BEN,2013,-0.8673049766791012,-0.22825331851988412,-0.4109647295186923,-0.42707178688102326,-0.15413283846779946,-0.21143696363909162,-0.27639617843948994,-0.7977472824702624,-0.6042661977638185,-0.051478348695809785,0.6160431946192833,-0.2569802229106366,-0.6070446521096794,0.5097659704412506,0.12955447154404823,16.18657965966323,3.738890080485947,7,17
Benin,BEN,2014,-0.8531550759365637,-0.11548031006967072,-0.3907710040978346,-0.25111311922345964,-0.12444838784140824,-0.2094947723231664,-0.2306719908347082,-0.8669674877060486,-0.6042661977638185,-0.051478348695809785,0.6160431946192833,-0.2569802229106366,-0.6070446521096794,0.4713557121794834,0.12955447154404823,16.216129844538738,3.74305658646922,7,18
Benin,BEN,2015,-0.8584619347036049,-0.25404083553061146,-0.2988249054301969,-0.49793792751545757,-0.41849871808415373,-0.20749508991890636,-0.19170667305581132,-0.8691703747786168,0.0023200212374607228,-0.051478348695809785,0.6160431946192833,-0.4700314530402132,-0.4715140573618222,0.4835773960679943,0.12955447154404823,16.245669004666507,3.7009973611886022,7,19
Benin,BEN,2016,-0.8568627405437143,-0.347866208937105,-0.29298212452446876,-0.4332558749760891,-0.4523352560359232,-0.20545619722572625,-0.14928311617133097,-0.9259874296634331,0.0023200212374607228,-0.051478348695809785,0.6160431946192833,-0.4700314530402132,-0.4715140573618222,0.4748476966864135,0.12955447154404823,16.27491502379742,3.6960421045811005,7,20
Benin,BEN,2017,-0.8449957940771078,0.10302653019745159,-0.29298212452446876,-0.36106194392415414,-0.37340828094641815,-0.20338841687829393,-0.10018938518138353,-0.9754389682669792,0.0023200212374607228,-0.051478348695809785,0.6160431946192833,-0.6830826831697902,-0.4715140573618222,0.464372266937111,0.12955447154404823,16.30372680831075,3.707562783318775,7,21
Burkina Faso,BFA,1996,-1.1091499032301333,-0.004518545222531126,-1.959257792364722,-1.0365941827383982,-0.5347737523641117,-0.2117568141328548,-1.503212204498213,-0.6938911253158981,1.2154924592400194,-0.051478348695809785,0.3169293723335809,0.8663798325200677,1.5162681796475364,0.3578722390763645,0.41760146952155225,16.1816283226489,3.683865444017611,8,0
Burkina Faso,BFA,1997,-1.1022131896624676,0.19858940575139494,-1.959257792364722,-1.058744691680413,-0.5733736909344095,-0.21007398279248368,-1.46630992344991,-0.594854761893325,0.8111015656943373,-0.051478348695809785,0.7084966322690402,1.4086918919744795,1.5162681796475364,0.5761102715582523,0.12955447154404823,16.207408244782933,3.6781126321548108,8,1
Burkina Faso,BFA,1998,-1.093490846365205,-0.02639283444491595,-1.959257792364722,-0.9565762533080797,-0.6142657549838064,-0.20822086123989958,-1.4316420859596406,-0.7468195814035179,0.40671067214865514,-0.051478348695809785,1.1000638922044996,1.951003951428892,1.5162681796475364,0.7943483040401405,-0.15849252643345632,16.235048564380783,3.6719818908669284,8,2
Burkina Faso,BFA,1999,-1.0845700598948136,-0.6671349767518813,-1.959257792364722,-1.1214255707919716,-0.6012960514918629,-0.2061994873941904,-1.389010353693898,-0.3634486062309756,0.40671067214865514,-0.051478348695809785,1.1000638922044996,1.679847921701686,1.5162681796475364,1.0125863365220285,-0.15849252643345632,16.26435202400847,3.673930446305114,8,3
Burkina Faso,BFA,2000,-1.086968918186991,-0.7399828856288233,-1.9390988231915944,-1.125249569191823,-0.5092151073890511,-0.20407921702395945,-1.3490241852847795,-0.4128502969492891,0.40671067214865514,-0.051478348695809785,1.1000638922044996,1.4086918919744795,1.5162681796475364,1.230824369003916,-0.15849252643345632,16.294193463707646,3.6876564921562593,8,4
Burkina Faso,BFA,2001,-1.0796625129375936,-1.0829785610116762,-1.9324424144190213,-1.2257189440333107,-0.6076188525054121,-0.20184503483812286,-1.3051898560331756,-0.5153190623066797,0.40671067214865514,-0.051478348695809785,1.1000638922044996,1.6677428669706973,1.467864240916908,1.3399435161877322,-0.15849252643345632,16.32470339630017,3.672980989232341,8,5
Burkina Faso,BFA,2002,-1.0770536314980135,-1.1199353571872162,-1.9324424144190213,-1.2357418382169485,-0.5706969861640377,-0.199511430018089,-1.2578078296304085,-0.5157441450482831,0.40671067214865514,-0.051478348695809785,1.1000638922044996,1.926793841966915,1.419460302186279,1.449062663371548,-0.398531691414711,16.355607324654997,3.678512629377238,8,6
Burkina Faso,BFA,2003,-1.066980687412113,-0.9937876879767554,-1.8873330543864042,-1.2631236953575686,-0.5369698221064791,-0.19708264772468792,-1.2002387695929053,-0.3501028493624512,0.40671067214865514,-0.051478348695809785,0.9695415440133762,1.926793841966915,1.419460302186279,1.0125865984077718,-0.44653952441096145,16.386788539678978,3.6835390351456967,8,7
Burkina Faso,BFA,2004,-1.064067313636196,-0.8438503015072523,-1.8481033389934398,-1.1148684506486644,-0.5963326513204976,-0.19455489633991332,-1.1443147703888537,-0.34726612500267606,0.40671067214865514,-0.051478348695809785,0.9042803699178147,1.926793841966915,1.419460302186279,1.0125865984077718,-0.44653952441096145,16.41823979818191,3.6746751392465726,8,8
Burkina Faso,BFA,2005,-1.0515068284020237,-0.8677611458573861,-1.8117083998256436,-1.1528194964668719,-0.49743284572371366,-0.19194496904271818,-1.0867786257322363,-0.5546728523336025,0.40671067214865514,-0.051478348695809785,1.1000638922044996,1.926793841966915,1.419460302186279,0.7943483040401405,-0.44653952441096145,16.449707810801662,3.68939929669177,8,9
Burkina Faso,BFA,2006,-1.0440423274212793,-0.8122690863534215,-1.783374008019149,-1.1257251154804044,-0.42430906465681467,-0.18927460565245285,-1.024142921478038,-0.5265549045192413,0.0023200212374607228,-0.051478348695809785,0.885245806966087,0.3821728709348875,0.612730700621032,0.5708722947978575,-0.44653952441096145,16.480911262347526,3.700148198173447,8,10
Burkina Faso,BFA,2007,-1.041466891910282,-0.5346404888615479,-1.7426216511252182,-1.1641996002051078,-0.592692936777118,-0.18659809826873552,-0.9630198065830309,-0.3564863692649316,0.0023200212374607228,0.5431056263060834,0.7506445007926851,0.3821728709348875,0.5449654032471035,0.35263452420171326,-0.44653952441096145,16.511239023988956,3.6752208783347835,8,11
Burkina Faso,BFA,2008,-1.0343576203916414,-0.6415804145858001,-1.644251416302791,-1.1176413745904068,-0.581457776726268,-0.18392651333646495,-0.9203954715950826,-0.5228889019535478,0.0023200212374607228,1.1376896013079765,0.07763796992567584,0.5952241010644648,0.4772001058731751,0.1134453703354765,-0.44653952441096145,16.540620674315917,3.6769036029585025,8,12
Burkina Faso,BFA,2009,-1.0343582282977695,-0.46082390201095375,-1.592062111870438,-0.9752447802435723,-0.5394772421397007,-0.18119332519425782,-0.8513202771469948,-0.3225849804394166,0.0023200212374607228,1.1376896013079765,0.07763796992567584,0.5952241010644648,0.7482612953688889,0.5499214352992524,-0.44653952441096145,16.5698122750222,3.683166218965998,8,13
Burkina Faso,BFA,2010,-1.0201614173968332,-0.29929625061887905,-1.5289300585872923,-0.7207271599921768,-0.5758238636118532,-0.17837270004287498,-0.7655083103210216,-0.06474133161890323,0.0023200212374607228,1.1376896013079765,0.34684058227247955,0.5952241010644648,0.7482612953688889,0.5481757049315307,-0.44653952441096145,16.599070067936722,3.677746346768529,8,14
Burkina Faso,BFA,2011,-1.0102774600556572,-0.17905163106754848,-1.4565329981567423,-0.47645259209077234,-0.4395088140992953,-0.17543731041537786,-0.685296188378942,0.12797303799044762,0.0023200212374607228,1.1376896013079765,-0.7299698671147353,0.5952241010644648,0.07060832162960441,0.11169963996775474,-0.6385708563959646,16.62863577397285,3.69792338836845,8,15
Burkina Faso,BFA,2012,-1.000708061584554,-0.052700306724905485,-1.381777042987209,-0.36796300684158356,-0.19761445660897062,-0.1723509273110076,-0.6188001390391018,0.0028007610600408054,-0.6042661977638185,-0.051478348695809785,-0.46076725476793157,0.5952241010644648,0.07060832162960441,0.09947795607924385,-0.7345865223884667,16.65880747967442,3.7327554956276,8,16
Burkina Faso,BFA,2013,-0.9926984174535909,0.10838144899733215,-1.2962475135953155,-0.28685020744461853,-0.02411107705776765,-0.16918748425726837,-0.5692288431667099,-0.22776573350380758,-0.6042661977638185,-0.051478348695809785,-0.46076725476793157,0.5952241010644648,0.07060832162960441,0.20946996844692042,-0.7345865223884667,16.688815841880388,3.7570127788256356,8,17
Burkina Faso,BFA,2014,-0.9887783644597911,-0.4766357220303155,-1.2250253245022718,-0.43799306063386656,-0.20757423165491984,-0.1659579448960189,-0.5031174514079424,-0.1584077867749003,-0.6042661977638185,-0.051478348695809785,-0.46076725476793157,0.3821728709348875,0.07060832162960441,0.1989945386976179,-0.7105826058903416,16.718549634425617,3.7313450120114124,8,18
Burkina Faso,BFA,2015,-0.9860028201970078,-0.4176706228533769,-1.1045242276389438,-0.4302908040535804,-0.30946135993313756,-0.16264390143585378,-0.4381296687017276,-0.2056700009666445,0.0023200212374607228,-0.051478348695809785,-0.7299698671147353,0.16912164080531122,-0.06492227311825187,0.30549509032985184,-0.44653952441096145,16.74816926347939,3.716800517719099,8,19
Burkina Faso,BFA,2016,-0.9768496411511767,-0.28444652578085566,-1.0306028455128624,-0.46497194805477815,-0.12620782827372606,-0.15927335863432837,-0.35785935409490627,-0.1624024477307274,0.60890624023874,-0.051478348695809785,-0.7299698671147353,0.16912164080531122,-0.06492227311825187,0.30549509032985184,-0.3505238584184605,16.77742008708204,3.74281011500205,8,20
Burkina Faso,BFA,2017,-0.9664156681122928,-0.20698999371256682,-0.9498479517627686,-0.4250829021240637,-0.6377474923982404,-0.1558896207602515,-0.2705613515780318,-0.14088104776744068,0.60890624023874,-0.051478348695809785,-0.46076725476793157,0.16912164080531122,-0.06492227311825187,0.3142242659399452,-0.15849252643345632,16.805949245180287,3.668444328675499,8,21
Bangladesh,BGD,1996,-0.9392282548193555,-0.22562172306487296,-0.777148263856407,-1.3875848720646087,-0.635904955173498,0.47887544207381594,-0.7062967529644777,-0.4283922614730854,0.0023200212374607228,-0.051478348695809785,-0.7299698671147353,-1.3222363735585203,-0.6070446521096794,-0.5150804146226747,-0.7345865223884667,18.642721127000158,3.668722362830311,9,0
Bangladesh,BGD,1997,-0.9299206352461068,-0.09381490708360314,-0.777148263856407,-1.3803521748162815,-0.5919864462014274,0.4930011240271632,-0.6925411335578251,-0.4135227955897608,0.0023200212374607228,-0.051478348695809785,-0.7299698671147353,-1.3222363735585203,-0.6070446521096794,-0.5150804146226747,-0.37452777491658545,18.661256035799212,3.6753267750804977,9,1
Bangladesh,BGD,1998,-0.918001196138782,-0.05678226837606363,-0.777148263856407,-1.3352742574219065,-0.5765434445268631,0.5076612185133194,-0.681682739728816,-0.34713580431836344,0.0023200212374607228,-0.051478348695809785,-0.7299698671147353,-1.3222363735585203,-0.6070446521096794,-0.5150804146226747,0.2735779705328008,18.68013564956749,3.6776387484609403,9,2
Bangladesh,BGD,1999,-0.9076508723490874,0.016016325940064094,-0.6634824815673633,-1.3205471375357007,-0.5816040974410582,0.5226930366977972,-0.6497309271131905,-0.37083305134018785,0.0023200212374607228,-0.051478348695809785,-0.5953685609413335,-1.3222363735585203,-0.6070446521096794,-0.5150804146226747,0.12955447154404823,18.69913082743166,3.6768817062414025,9,3
Bangladesh,BGD,2000,-0.8943208572500472,0.14793578971382634,-0.6035792939782106,-1.293470119690107,-0.5520066622637039,0.5374255529020451,-0.6301596329943376,-0.37885889891283986,0.0023200212374607228,-0.051478348695809785,-0.46076725476793157,-1.3222363735585203,-0.6070446521096794,-0.5150804146226747,-0.398531691414711,18.717404107968648,3.6813011945885528,9,4
Bangladesh,BGD,2001,-0.8807283484956976,0.1923150356753696,-0.540545003785375,-1.2129645436416272,-0.616240326551803,0.5511014171300638,-0.45145120178953907,-0.3535352048757439,-0.30097308826317887,-0.051478348695809785,-0.7299698671147353,-1.4287619886233087,-0.8103405442314645,-0.8424375942883786,-0.5425551904034636,18.73407304032073,3.671684899873238,9,5
Bangladesh,BGD,2002,-0.8712966738895053,0.2125920224084045,-0.49855848915643397,-1.3037448760222998,-0.6246710415159666,0.5639690196683109,-0.2707158951684776,-0.3322864289925026,-0.6042661977638185,-0.051478348695809785,-0.999172479461539,-1.535287603688097,-1.0136364363532497,-1.1697947739540824,-1.3106805183434769,18.749507103782477,3.6704158612559565,9,6
Bangladesh,BGD,2003,-0.8574250404051651,0.2535772261769115,-0.501965568804717,-1.3417168576010554,-0.5654312284874543,0.5762853862586078,-0.07978628389691278,-0.3626574394097147,-0.6042661977638185,-0.051478348695809785,-0.7299698671147353,-1.535287603688097,-1.0136364363532497,-1.1697947739540824,-1.5027118503284804,18.764060156729165,3.6792990587660506,9,7
Bangladesh,BGD,2004,-0.8404871638199609,0.2915134522764101,-0.618525586068776,-1.3649046548403245,-0.524260155526664,0.5879717032526672,-0.014577396073886256,-0.3372387467319616,-1.2108524167650978,-0.051478348695809785,-0.46076725476793157,-1.535287603688097,-0.7425752468575356,-1.1697947739540824,-1.550719683324731,18.777675635702337,3.685426639246202,9,8
Bangladesh,BGD,2005,-0.8165215355779287,0.3932690225700072,-0.6597854670970589,-1.1463018917814516,-0.442906028862927,0.5989349218047745,0.06401349209639536,-0.2939726383383042,-1.2108524167650978,-0.051478348695809785,-0.7299698671147353,-1.535287603688097,-0.7425752468575356,-1.1697947739540824,-0.7345865223884667,18.79028228724006,3.6974254555115884,9,9
Bangladesh,BGD,2006,-0.7901503249862032,0.4313344934637488,-0.6405386594076065,-1.038576832118625,-0.5333238603588998,0.6091558842660557,0.12328635109140366,-0.22780159178895823,-1.2108524167650978,-0.051478348695809785,-0.7299698671147353,-0.8961339132993669,-0.4715140573618222,-0.32128496426057823,-0.44653952441096145,18.801893964669873,3.6840808877283973,9,10
Bangladesh,BGD,2007,-0.7599280697592816,0.4355026685060374,-0.6128215537623409,-0.9854982924871252,-0.5025707775644703,0.6187305058728713,0.16030226160650973,-0.1940936553672819,-1.2108524167650978,-0.051478348695809785,-0.05696333624772602,-0.8961339132993669,-0.4037487599878938,-0.32128496426057823,-0.062476860440955385,18.812650389915355,3.6886396792908043,9,11
Bangladesh,BGD,2008,-0.7330754952199096,0.43838743633788785,-0.6813968051987032,-0.907827831410026,-0.39573378498214584,0.6277105691212149,0.1979751579951132,-0.1752557403898105,-1.2108524167650978,-0.051478348695809785,-0.46076725476793157,-0.8961339132993669,-0.33598346261396533,-0.4242935313858821,0.1295544715440488,18.822634795508918,3.704317451389403,9,12
Bangladesh,BGD,2009,-0.7099465229674184,0.4388467813512319,-0.5526953181261205,-0.9811366891800384,-0.49212883141020236,0.6361733758499615,0.22501419494548944,-0.1279596357073321,-1.2108524167650978,-0.051478348695809785,-0.7299698671147353,-0.8961339132993669,-0.33598346261396533,-0.4242935313858821,0.29758188703092575,18.83195372036144,3.6901828637229124,9,13
Bangladesh,BGD,2010,-0.6824482561596019,0.4437730667989768,-0.5027912271813735,-1.0475394013575674,-0.46009798469850954,0.6442057220610958,0.2629864931763796,-0.15616701452944415,-1.2108524167650978,-0.051478348695809785,-0.46076725476793157,-0.8961339132993669,-0.33598346261396533,-0.3631866832577887,0.32158580352905125,18.8407190256461,3.6949018057258955,9,14
Bangladesh,BGD,2011,-0.6484049554527804,0.5862642329547014,-0.4937909779298583,-0.7686421456126108,-0.47456521897942994,0.6526059096439807,0.31292699141096314,-0.1487783561840622,-1.2108524167650978,-0.051478348695809785,-0.999172479461539,-0.8961339132993669,-0.33598346261396533,-0.36493241362550954,0.12955447154404823,18.849804284542497,3.692773178677682,9,15
Bangladesh,BGD,2012,-0.6124627983884033,0.6883547091584282,-0.4242239270872248,-0.7486318213842846,-0.4398877077081465,0.6615499253086949,0.36715809704462793,-0.1267628474773628,-1.2108524167650978,-0.051478348695809785,-0.999172479461539,-0.8961339132993669,-0.33598346261396533,-0.36493241362550954,0.12955447154404823,18.859387843607575,3.6978678658703434,9,16
Bangladesh,BGD,2013,-0.5778622244522509,0.7037995090833681,-0.28114150842483315,-0.8012481947280975,-0.3474362010514849,0.6703912286419306,0.4154877082377496,-0.043819001138143576,-1.2108524167650978,-0.051478348695809785,-0.999172479461539,-0.8961339132993669,-0.06492227311825187,-0.36493241362550954,0.12955447154404823,18.868771927048552,3.7113249917002067,9,17
Bangladesh,BGD,2014,-0.5409763771995072,0.7266422884086022,-0.28114150842483315,-0.852930924095595,-0.39251377912142726,0.6790556381794399,0.38123811032738875,-0.043488209271560996,-1.2108524167650978,-0.051478348695809785,-0.7299698671147353,-0.8961339132993669,-0.06492227311825187,-0.3788998278817425,0.12955447154404823,18.87788360432871,3.7047861758645397,9,18
Bangladesh,BGD,2015,-0.49836697637055066,0.7641135960506155,-0.14346696560034267,-0.9233390577108503,-0.3955436564959189,0.6876321329759991,0.37348540425929083,-0.00020348121473022507,-1.2108524167650978,-0.051478348695809785,-0.7299698671147353,-0.8961339132993669,-0.06492227311825187,-0.3876295272633232,0.12955447154404823,18.886821798050054,3.704345133801832,9,19
Bangladesh,BGD,2016,-0.44889491421889655,0.9282951212714574,0.028420724723015416,-1.235114703151985,-0.4921269381825692,0.6962721419095922,0.37075791287785465,0.3523108406580611,-1.2108524167650978,-0.051478348695809785,-0.7299698671147353,-1.1091851434289437,-0.06492227311825187,-0.3876295272633232,0.12955447154404823,18.895746122154705,3.6901831433016263,9,20
Bangladesh,BGD,2017,-0.4004207027998706,1.0140954610779656,-0.03771532158789433,-1.2738094056652518,-0.5366245104033232,0.7045823465962509,0.3652985386570596,0.3672125037736036,-1.2108524167650978,-0.051478348695809785,-0.46076725476793157,-1.1091851434289437,-0.20045286786610875,-0.4400066760098359,-0.014469027444703762,18.90425529525891,3.6835903669887693,9,21
Bosnia and Herzegovina,BIH,1996,-0.6159197068818126,1.3888399416581991,0.6378707578543112,0.9734986078418184,-0.18489287930750728,-0.252761294274614,1.670541285807042,-0.09431771092661452,0.0023200212374607228,-1.240646298699596,0.07763796992567584,0.16912164080531122,0.612730700621032,1.449062663371548,0.12955447154404823,15.170119960673638,3.7345542115797214,10,0
Bosnia and Herzegovina,BIH,1997,-0.39812907001321896,1.4108375475692125,0.6378707578543112,0.7743131438635387,-0.18489287930750728,-0.25189665418823515,1.6949305697311339,-0.13444371305404026,0.0023200212374607228,-1.240646298699596,0.07763796992567584,0.16912164080531122,0.612730700621032,1.449062663371548,0.12955447154404823,15.20635156739618,3.7345542115797214,10,1
Bosnia and Herzegovina,BIH,1998,-0.26638218139799014,1.210641153205417,0.6378707578543112,1.5002818785077203,-0.36674996633335366,-0.25146652022145605,1.7328446505630006,0.04960593970458207,0.0023200212374607228,-1.240646298699596,0.07763796992567584,0.16912164080531122,0.612730700621032,1.449062663371548,0.12955447154404823,15.223898302945834,3.70852862932931,10,2
Bosnia and Herzegovina,BIH,1999,-0.17908354471181234,0.15863791616363296,0.6378707578543112,1.3887558990848616,-0.0030357922816609656,-0.25121889188694213,1.709206279290322,-0.2060467327348562,0.0023200212374607228,-1.240646298699596,0.07763796992567584,0.16912164080531122,0.612730700621032,1.449062663371548,0.12955447154404823,15.233862054202223,3.759919608294406,10,3
Bosnia and Herzegovina,BIH,2000,-0.12670530744637662,1.0335287586807125,0.6378707578543112,0.3314293402037918,-0.19725406961881997,-0.2510407039823587,1.7333673776041887,-0.44058081466866195,0.0023200212374607228,-1.240646298699596,0.07763796992567584,0.16912164080531122,0.612730700621032,1.449062663371548,0.12955447154404823,15.240970823043142,3.732806495642143,10,4
Bosnia and Herzegovina,BIH,2001,-0.10390338622054028,0.7794738446180547,0.6378707578543112,0.3510893167778037,-0.2954491271541654,-0.25092177295950385,1.7258467318673043,-0.49047278302203906,0.0023200212374607228,-1.240646298699596,0.07763796992567584,0.16912164080531122,0.612730700621032,1.449062663371548,0.12955447154404823,15.245687584967584,3.7188133686544678,10,5
Bosnia and Herzegovina,BIH,2002,-0.04627906847191874,0.7739959799497497,0.6378707578543112,0.13916886275142865,0.032042883111036764,-0.2508699844162726,1.7251047412157827,-0.5838238319530366,0.0023200212374607228,-1.240646298699596,0.07763796992567584,0.16912164080531122,0.612730700621032,1.449062663371548,0.12955447154404823,15.247734567304686,3.7647392110872104,10,6
Bosnia and Herzegovina,BIH,2003,0.005209286964075915,0.627827224723689,0.6378707578543112,0.19258147223667657,0.11867062580407857,-0.25092730618195325,1.7331996675406331,-0.583434309295674,0.0023200212374607228,-1.240646298699596,0.07763796992567584,0.16912164080531122,0.612730700621032,1.449062663371548,0.12955447154404823,15.24546863209506,3.7765427784616854,10,7
Bosnia and Herzegovina,BIH,2004,0.1004376798486504,0.5252050497218343,0.6378707578543112,0.22863188553840919,0.8400503783575952,-0.251154295294369,1.7382673832181563,-0.5490445390250978,0.0023200212374607228,-1.240646298699596,0.07763796992567584,0.16912164080531122,0.612730700621032,1.449062663371548,0.12955447154404823,15.236444964672744,3.8697731984276036,10,8
Bosnia and Herzegovina,BIH,2005,0.17088166141281855,0.8237454692769824,0.6378707578543112,0.30236581136473534,0.29894838005810503,-0.25142336108635077,1.7627081495043442,-0.44927765073030845,0.0023200212374607228,-1.240646298699596,0.07763796992567584,0.16912164080531122,0.612730700621032,1.449062663371548,0.12955447154404823,15.225642043897976,3.800668947695476,10,9
Bosnia and Herzegovina,BIH,2006,0.26327046918945984,0.08215180586029562,0.6378707578543112,0.17113761557590126,0.4709506922066651,-0.25162425636830843,1.7809589019276688,-0.48278092363675756,0.0023200212374607228,-1.240646298699596,0.34684058227247955,0.16912164080531122,0.612730700621032,1.367004955744849,0.12955447154404823,15.21749936444285,3.823157404757468,10,10
Bosnia and Herzegovina,BIH,2007,0.3755078002159259,0.5876311674685468,0.6378707578543112,0.27906338211132736,1.3328799970673217,-0.2519256990706662,2.0133543241614795,-0.4210287282040208,0.0023200212374607228,-1.240646298699596,0.07763796992567584,-0.04392958932426608,0.4772001058731751,1.1487671851487047,0.12955447154404823,15.20515554944756,3.9288096662174214,10,11
Bosnia and Herzegovina,BIH,2008,0.4962602454357203,0.8248221484969299,0.7914184706900496,0.35477621599156184,0.24806474467588518,-0.25232409108702253,1.9895653261797328,-0.30216077262021596,0.0023200212374607228,-1.240646298699596,0.07763796992567584,-0.2569802229106366,0.34166951112531785,0.9165614765248407,0.12955447154404823,15.188604424666972,3.793918056992153,10,12
Bosnia and Herzegovina,BIH,2009,0.4727004203066557,0.19189986992394392,0.8556499512371105,-0.005237757630883541,-0.5078772387716849,-0.2527337914377836,1.8567877339582353,-0.32659724893952724,0.0023200212374607228,-1.240646298699596,-0.46076725476793157,-0.2569802229106366,0.34166951112531785,0.9165614765248407,0.12955447154404823,15.171292875152089,3.6878545394802167,10,13
Bosnia and Herzegovina,BIH,2010,0.5201308476818837,-0.16975352523172213,0.8019409765138347,0.204144439998957,-0.2039437504004255,-0.2531469508084802,1.782298313317559,-0.3643326985006476,0.0023200212374607228,-1.240646298699596,-0.46076725476793157,-0.2569802229106366,0.2061389163774616,0.4137408485583192,0.12955447154404823,15.15352628656011,3.7318593840290224,10,14
Bosnia and Herzegovina,BIH,2011,0.571847526985461,-0.01655416515961914,0.8819895209882395,0.40330244275446836,-0.2131577055724652,-0.2535682860444792,1.5172932397485583,-0.38602296835844285,0.0023200212374607228,-1.240646298699596,-0.7299698671147353,-0.2569802229106366,0.07060832162960441,-0.03670263066168875,0.12955447154404823,15.135077069782364,3.7305534203560864,10,15
Bosnia and Herzegovina,BIH,2012,0.5927385415056973,-0.03345373653044923,0.9927473869164813,0.4122557150608588,-0.2561238223600883,-0.25400178227539144,1.7065539808737902,-0.4334428520075096,0.0023200212374607228,-1.240646298699596,-0.7299698671147353,-0.2569802229106366,0.07060832162960441,-0.05939922052801556,0.12955447154404823,15.115733282218619,3.724440885234138,10,16
Bosnia and Herzegovina,BIH,2013,0.6690551161901825,-0.1371992856363322,1.0475622045595894,0.40605401569774924,-0.3494550614274202,-0.2543601052950814,1.6422475409391835,-0.37517448951243854,0.0023200212374607228,-1.240646298699596,-0.7299698671147353,-0.2569802229106366,0.07060832162960441,-0.07511236515196935,0.12955447154404823,15.099456529084296,3.7110330547307324,10,17
Bosnia and Herzegovina,BIH,2014,0.7175240415119964,0.09857574311462129,0.9746898924197426,0.4820573762565563,-0.14445089864468352,-0.254638459644093,1.6696244923803005,-0.38909167711411596,0.0023200212374607228,-1.240646298699596,-0.7299698671147353,-0.2569802229106366,0.07060832162960441,-0.1170140841491789,0.12955447154404823,15.086626924859026,3.740250945004446,10,18
Bosnia and Herzegovina,BIH,2015,0.8317065098503469,-0.14995302235867985,0.8091069823580054,0.41651496201711996,-0.2459973535218116,-0.25491837418041813,1.5996882308650895,-0.4248539674379482,0.0023200212374607228,-1.240646298699596,-0.7299698671147353,-0.2569802229106366,0.07060832162960441,-0.10828438476759782,0.12955447154404823,15.073557257222427,3.725884886889557,10,19
Bosnia and Herzegovina,BIH,2016,0.9297364751346713,-0.18178246120068278,0.7168643154691754,0.41512428746216534,-0.331469543984963,-0.255193753288506,1.840518906122725,-0.37345455717336173,0.0023200212374607228,-1.240646298699596,-0.7299698671147353,-0.2569802229106366,0.07060832162960441,-0.10130093952522569,0.12955447154404823,15.060530483467558,3.7136308499712767,10,20
Bosnia and Herzegovina,BIH,2017,1.031886305710755,-0.04941878495975159,0.7349102015173722,0.6587560347952447,-0.1708504168933383,-0.2554617729083744,1.6009837079030944,-0.30884342811261234,0.0023200212374607228,-1.240646298699596,-0.7299698671147353,0.3821728709348875,0.07060832162960441,-0.10130093952522569,0.12955447154404823,15.047686780394104,3.7365359392335824,10,21
Belarus,BLR,1996,-0.05405927473363156,-0.183251945128424,1.106530635649147,0.6624972635226861,-0.5189858461402357,-0.2147584996267046,2.295432541039672,0.6143983527738947,0.0023200212374607228,0.5431056263060834,0.885245806966087,-0.39901477402582486,0.9515571874906739,0.46699112437443663,0.9936954654765636,16.133926676384327,3.686208920010353,11,0
Belarus,BLR,1997,0.09390662637018157,0.32053782191889807,1.0776731381300437,1.4959198016554984,-0.2200768865045094,-0.21501330603230856,2.3230833283961863,0.7563386660825601,1.0132971337844219,0.2458136388051368,1.1775617248848074,-0.3086292319356882,1.233912683569105,1.067146041056808,0.9936954654765636,16.129770632360252,3.7295715899206363,11,1
Belarus,BLR,1998,0.21792702599779576,0.40591440370744736,0.7687355622309484,1.4217304779379685,-0.41513467397020787,-0.21528827392823632,2.3200479761336306,0.7046671510444623,2.024274246331383,-0.051478348695809785,1.4698776428035276,-0.21824368984555087,1.5162681796475364,1.6673009577391795,0.9936954654765636,16.125266280434644,3.7014886757577043,11,2
Belarus,BLR,1999,0.2766640943180358,0.4535184677671516,0.7687355622309484,1.3601811672713915,-0.022400163868601955,-0.21556176025093993,2.277402653958226,0.5964223802583375,1.6198833527857013,-0.051478348695809785,1.2740939051547533,-0.4893997195727564,1.5162681796475364,1.23082463088966,0.9936954654765636,16.120765982447526,3.7572490736057973,11,3
Belarus,BLR,2000,0.37606683140951247,0.31696008132987974,0.7687355622309484,1.9625746687085515,-0.48313265138083406,-0.21584675446689075,2.266433392602245,0.5527676677477434,1.2154924592400194,-0.051478348695809785,1.0783101675059787,-0.7605557492999624,1.5162681796475364,0.7943483040401405,0.6096328015065564,16.116054669572076,3.69151047565672,11,4
Belarus,BLR,2001,0.4643588877394949,0.009666887074620099,0.7687355622309484,1.830223680746742,-0.5097311708686248,-0.2161555324685175,2.2192741762005737,0.4683364805130022,0.8111015656943373,-0.051478348695809785,1.176202144011411,-0.40224266931211405,1.193576067960248,0.7943483040401405,0.32158580352905125,16.110925003203995,3.687580087779876,11,5
Belarus,BLR,2002,0.5652824472966136,-0.07336576565815237,0.7687355622309484,1.6549960642627648,-0.3545817181621066,-0.21653651448768055,2.196430325571938,0.4143854279588902,0.40671067214865514,-0.051478348695809785,1.2740941205168432,-0.04392958932426608,0.8708839562729593,0.7943483040401405,-0.15849252643345632,16.104559347182825,3.710291332153878,11,6
Belarus,BLR,2003,0.7107769794180951,0.14061744834976164,0.7687355622309484,1.7460419444192656,-0.47788048171624864,-0.21695255839073607,2.1893792239450445,0.4913864883723651,0.40671067214865514,-0.051478348695809785,1.4698776428035276,-0.04392958932426608,0.8708839562729593,1.230824369003916,-0.15849252643345632,16.09756125598547,3.69228475087404,11,7
Belarus,BLR,2004,0.9564979405204888,0.33101168505007666,0.7687355622309484,1.9778662891644205,-0.5211585361855712,-0.21735532255991302,2.215255347988826,0.6808710433362103,0.40671067214865514,-0.051478348695809785,1.4698776428035276,-0.04392958932426608,0.8708839562729593,0.7943483040401405,-0.15849252643345632,16.090739561961733,3.6858867427209465,11,8
Belarus,BLR,2005,1.185653919693229,0.4765311772197064,0.7687355622309484,1.303614010170409,-0.46924057570711514,-0.21775583715668434,2.227600789735013,0.9154372815283253,0.40671067214865514,-0.051478348695809785,1.2740941205168432,-0.04392958932426608,0.8708839562729593,-0.07860434965889887,-0.15849252643345632,16.083909507065975,3.69355714361565,11,9
Belarus,BLR,2006,1.4511453149329847,0.8580398456546455,0.7687355622309484,1.4605117867481454,-0.47748496791912354,-0.2181125697528725,2.2494541129420083,0.8628856371653475,-0.6042661977638185,-0.051478348695809785,0.34684058227247955,-1.535287603688097,-1.149167031101106,-1.2413770518314788,-0.15849252643345632,16.0777865457212,3.6923430332801934,11,10
Belarus,BLR,2007,1.7015982654431816,1.066204937105241,0.7687355622309484,1.572406224515428,0.03406625107478227,-0.21837847283956346,2.2548839663948104,0.8495965287528072,-0.6042661977638185,-0.051478348695809785,0.4814418884458814,-1.535287603688097,-1.149167031101106,-1.2413770518314788,-0.15849252643345632,16.073198070843794,3.7650165025978013,11,11
Belarus,BLR,2008,2.0193386126438355,1.3000776025244674,1.895829405477567,1.614324890613535,-0.0319410070194262,-0.2185778381703958,2.290784593594403,0.9974120940213825,-0.6042661977638185,-0.051478348695809785,0.6160431946192833,-1.535287603688097,-1.149167031101106,-1.2413770518314788,-0.15849252643345632,16.06974392066271,3.7559306715967486,11,12
Belarus,BLR,2009,2.0341718639092385,1.571112067501523,1.8229382987067526,1.0064280993780435,-0.017193104191157195,-0.218719355625872,2.2141611043421747,0.7719594087434032,-0.6042661977638185,-0.051478348695809785,0.34684058227247955,-1.535287603688097,-1.0136364363532497,-1.2413770518314788,-0.15849252643345632,16.067284766508173,3.757967878959646,11,13
Belarus,BLR,2010,2.3005296012722742,1.9702770611845395,1.7261196636425618,1.21759672347121,-0.22919783320373596,-0.21884481766538844,2.201625255741237,0.7118861076806529,-0.6042661977638185,-0.051478348695809785,-0.1915646424211279,-1.535287603688097,-1.0136364363532497,-1.2413770518314788,-0.15849252643345632,16.065099539178743,3.728275854666176,11,14
Belarus,BLR,2011,2.5093444779966934,1.8318045011042283,1.6522476453680381,2.437119797120294,0.45481212457754056,-0.21897902401054622,2.1509937288411383,0.769805744430998,-0.6042661977638185,-0.051478348695809785,-0.1915646424211279,-1.535287603688097,-1.0136364363532497,-1.2728033410793869,-0.15849252643345632,16.06275671028449,3.8210687354937436,11,15
Belarus,BLR,2012,2.580498522366043,1.3137116766324908,1.6039900737599162,2.2953518935980584,-0.2641071860060519,-0.219068565458424,2.1031269419831085,0.7858251283824005,0.0023200212374607228,-0.051478348695809785,-0.1915646424211279,-1.535287603688097,-1.0136364363532497,-1.2937542005779914,-0.590563023399714,16.061190534447658,3.72330101170549,11,16
Belarus,BLR,2013,2.620771258580337,1.7712512163438545,1.490430023967179,1.3306283860399517,-0.13802972886323908,-0.21909048669490386,2.0611835918996775,0.7544689853628228,0.0023200212374607228,-0.051478348695809785,-0.1915646424211279,-1.535287603688097,-1.0136364363532497,-1.2937542005779914,-0.7345865223884667,16.060806734485627,3.741152465103053,11,17
Belarus,BLR,2014,2.683290681799746,1.2904452742338213,1.4537400916581642,1.0648804764702542,-0.2413885717082604,-0.2190584121464103,1.9967580836925662,0.7108262185038636,0.0023200212374607228,-0.051478348695809785,-0.1915646424211279,-1.535287603688097,-1.0136364363532497,-1.180270203703385,-0.7105826058903405,16.06136825010128,3.726541394430769,11,18
Belarus,BLR,2015,2.525612465480812,0.7359173769062987,1.4314741211039888,1.2175054748015806,-0.1459953377663197,-0.21898245279429357,1.9637307991851665,0.4873316141032253,0.0023200212374607228,-0.051478348695809785,-0.1915646424211279,-1.535287603688097,-1.0136364363532497,-1.192491363820409,-0.3385219001693969,16.062696782328022,3.740033987367266,11,19
Belarus,BLR,2016,2.425658162347492,0.3459032453907987,1.434128667142865,1.4870217662839758,-0.19908597337057715,-0.21893224258008886,1.8763463664369802,0.3430988467607055,0.0023200212374607228,-0.051478348695809785,0.34684058227247955,-1.3222363735585203,-1.0136364363532497,-1.2064587780766411,-0.014469027444703762,16.06357399311405,3.732547227550527,11,20
Belarus,BLR,2017,2.5242276626789417,0.4330139384698599,1.4164441594039965,1.7235951237075773,-0.24652213838376072,-0.2189950733792683,1.771279921182847,0.3926829290314197,0.0023200212374607228,-0.051478348695809785,0.34684058227247955,-1.3222363735585203,-1.0136364363532497,-1.278041055954038,-0.014469027444703762,16.062476170000544,3.7258101054752455,11,21
Belize,BLZ,1996,0.16610188572596576,-0.5406966721897234,0.05048657812064502,0.1637131156936829,-0.3111718280332698,-0.2749240332372247,-0.10409122892697606,-0.4437570753932894,1.2154924592400194,1.1376896013079765,1.1544484193128908,1.3409031082463807,0.9515571874906739,1.7764198430372518,0.12955447154404823,12.256342666552065,3.7165545320412012,12,0
Belize,BLZ,1997,0.17804483494022727,-0.5944164835951167,0.05048657812064502,0.3341257612206948,-0.40927824098003024,-0.2748808801493571,0.06998547484884635,-0.5237282714247694,1.2154924592400194,1.1376896013079765,1.1544484193128908,1.3409031082463807,0.9515571874906739,1.7764198430372518,0.12955447154404823,12.28971042165561,3.7023434252191647,12,1
Belize,BLZ,1998,0.18289460907175967,-0.73944582558689,0.05048657812064502,0.32928429039708806,-0.3196278355308833,-0.27483415314403853,0.03466633356160583,-0.5186521932722976,1.2154924592400194,1.1376896013079765,1.1544484193128908,1.3409031082463807,0.9515571874906739,1.7764198430372518,0.12955447154404823,12.324628715651741,3.715337567702977,12,2
Belize,BLZ,1999,0.2677972297357289,-0.15240650694684063,0.05048657812064502,0.5623807930085492,0.35142675756259206,-0.2747864646279337,-0.10048369057274475,-0.5536386346732237,1.2154924592400194,1.1376896013079765,1.1544484193128908,1.4651830422005674,0.9515571874906739,1.9400984328701036,0.12955447154404823,12.359051210127255,3.8075840049571057,12,3
Belize,BLZ,2000,0.4032507763798753,0.2682268178439865,0.15654053486302533,0.6574791154173649,-0.20164291220138167,-0.27473965900852576,-0.03222266051474756,-0.34014157935619993,1.2154924592400194,1.1376896013079765,1.1544484193128908,1.589462976154754,0.9515571874906739,2.1037770227029555,0.12955447154404823,12.391721992416803,3.7321852333091976,12,4
Belize,BLZ,2001,0.433750763691567,-0.05515890778426939,0.214039668036605,0.5577442880664055,0.24164220332694503,-0.2746938209471417,-0.025449091791452227,-0.4926520015645395,1.2154924592400194,1.1376896013079765,1.2890497254862925,1.589462976154754,0.9515571874906739,2.1037770227029555,0.12955447154404823,12.422715110502024,3.7930627099874674,12,5
Belize,BLZ,2002,0.4729235223651193,-0.3084053025599224,0.214039668036605,0.5553390525039079,-0.294762893060275,-0.27464768052387517,-0.012533850511529167,-0.5753300108230235,1.2154924592400194,1.1376896013079765,1.4236510316596944,1.589462976154754,0.9515571874906739,2.1037770227029555,0.12955447154404823,12.45297178519878,3.7189118418806175,12,6
Belize,BLZ,2003,0.5870821083359659,-0.6842399822594024,0.4294195056615753,0.5925619903108283,-0.7820142482655476,-0.2746006874401001,-0.018146899749192532,-0.7894594182438179,1.2154924592400194,1.1376896013079765,1.4236510316596944,1.589462976154754,1.2903836743603156,1.7764198430372518,0.12955447154404823,12.482874492410676,3.6464312989168266,12,7
Belize,BLZ,2004,0.6197657632886376,-0.8269882841015206,0.48039330879407943,0.3612273802340845,0.7054691655492084,-0.27455286588476696,0.003512907564754652,-0.7739646781389808,1.2890179880176023,1.2578074559378591,1.187079221722761,1.2078357945999587,0.9686698225059169,1.6408478787647534,0.12955447154404823,12.512413308764906,3.853026776083004,12,8
Belize,BLZ,2005,0.6059367808794472,-0.7334566459350402,0.4305129109579651,0.5529516427925735,0.8145538670390645,-0.27450422795235113,0.02070424514929214,-0.8091373764740468,1.2154924592400194,1.1376896013079765,1.4236510316596944,1.589462976154754,1.2903836743603156,1.7764198430372518,0.12955447154404823,12.541587280940522,3.8666220338591426,12,9
Belize,BLZ,2006,0.635569884228439,-0.7077948222020184,0.46047459304711147,0.7235708610619713,0.5160585234104699,-0.27445496110721973,0.013049111441476014,-0.6499293992860793,0.0023200212374607228,-0.051478348695809785,0.07763796992567584,-0.2569802229106366,0.4772001058731751,0.7943483040401405,0.12955447154404823,12.570295531946122,3.8289722729070914,12,10
Belize,BLZ,2007,0.6446711004572607,-0.605521857651053,0.4386128441268301,0.6387382787827792,0.7501814347388788,-0.27440524071926464,-0.0030915521158057686,-0.5556217040782223,0.0023200212374607228,-0.051478348695809785,0.07763796992567584,-0.2569802229106366,0.4772001058731751,0.7943483040401405,0.12955447154404823,12.5984558913214,3.8586216505885886,12,11
Belize,BLZ,2008,0.5610449124837281,-0.06624538694310093,0.4357256571384344,0.9143969871214193,1.0092704181584229,-0.27435528448904123,0.00016779141003420446,-0.548192744321146,0.60890624023874,-0.051478348695809785,0.34684058227247955,-0.2569802229106366,0.2061389163774616,0.7943483040401405,0.12955447154404823,12.625973061434594,3.8904394957131574,12,12
Belize,BLZ,2009,0.5037810103478552,-0.7351194992567441,0.4249215082415875,0.45388948039640703,0.4493179050981114,-0.274305376636719,-0.04452128860291911,-0.6196205805968038,1.2154924592400194,-0.051478348695809785,0.34684058227247955,-0.2569802229106366,0.2061389163774616,1.449062663371548,0.12955447154404823,12.652727680463201,3.8203566716489843,12,13
Belize,BLZ,2010,0.48574466919178855,-1.0571810529291399,0.44343410785937487,0.6069167577153859,0.2915371420801405,-0.27425923016621484,-0.08888226829181685,-0.7170233744743673,1.2154924592400194,-0.051478348695809785,0.34684058227247955,-0.2569802229106366,0.2061389163774616,1.449062663371548,0.12955447154404823,12.676844729438978,3.799688506673797,12,14
Belize,BLZ,2011,0.4449621831440769,-1.0125397417282267,0.46172794631555175,0.9565327093922014,0.2393288422169049,-0.27421657899907215,-0.09942820609682386,-0.6622256427156011,1.2154924592400194,-0.051478348695809785,0.34684058227247955,-0.2569802229106366,0.2061389163774616,1.449062663371548,0.12955447154404823,12.698629405183658,3.792754439784717,12,15
Belize,BLZ,2012,0.47520776486252847,-1.0970597151352177,0.5588987559063172,1.0798207517496836,1.071879639766739,-0.2741735468559575,-0.11324894943150059,-0.8923106140685751,1.2154924592400194,-0.051478348695809785,0.34684058227247955,-0.2569802229106366,0.07060832162960441,1.449062663371548,0.12955447154404823,12.720138015645993,3.897978797294949,12,16
Belize,BLZ,2013,0.5084140001557624,-0.9620532341164459,0.6262773940615709,1.0075001114132511,0.12551185450798497,-0.2741299281307909,-0.11031221843015464,-0.9171568486998459,1.2154924592400194,-0.051478348695809785,0.34684058227247955,-0.2569802229106366,0.07060832162960441,1.449062663371548,0.12955447154404823,12.741477704750539,3.7774690293881044,12,17
Belize,BLZ,2014,0.5395377931302721,-0.7430880971776845,0.615006132632594,0.9622613574060876,0.47483357464653675,-0.2740858074848993,-0.114154692639871,-0.914682606634936,1.2154924592400194,-0.051478348695809785,0.34684058227247955,-0.2569802229106366,-0.06492227311825187,1.449062663371548,0.12955447154404823,12.762609412427334,3.8236592808127146,12,18
Belize,BLZ,2015,0.5510122356621593,-0.7558504624252613,0.6488900371427532,0.8740640467378061,-0.1850628328091026,-0.2740409974539157,-0.31345920414028006,-1.021521745699194,1.2154924592400194,-0.051478348695809785,0.34684058227247955,-0.2569802229106366,-0.06492227311825187,1.449062663371548,0.12955447154404823,12.783623772244713,3.7345302030022967,12,19
Belize,BLZ,2016,0.5081534251158335,-0.5537200832113001,0.8821118170250161,0.6545211224175006,-0.3937196530771978,-0.2739903699803132,-0.27481746883954894,-0.9474779559886513,1.2154924592400194,-0.051478348695809785,0.34684058227247955,-0.2569802229106366,-0.06492227311825187,1.449062663371548,0.12955447154404823,12.806846828539697,3.7046106669350736,12,20
Belize,BLZ,2017,0.43454187177821707,-0.8702189412119495,0.8311227725419364,0.6895332091383882,-0.40332957876294356,-0.27393898660200444,-0.2762430556972166,-1.0600146200462108,1.2154924592400194,-0.051478348695809785,0.34684058227247955,-0.2569802229106366,-0.06492227311825187,1.449062663371548,0.12955447154404823,12.829877786508225,3.7032108882842087,12,21
Bolivia,BOL,1996,-0.2387399361861405,-0.7781514771112854,0.22836007127639302,-0.6980206593269374,0.44282138574950297,-0.22768648383288306,0.5704633195124312,0.09325323255316965,-0.6042661977638185,1.1376896013079765,-0.1915646424211279,1.021326561323618,0.2061389163774616,-0.5150804146226747,-0.15849252643345632,15.897665539933016,3.819514052628532,13,0
Bolivia,BOL,1997,-0.20605653825583414,-0.43930064995118706,0.22836007127639302,-0.6802344790253916,0.9176900513680558,-0.2268025953890655,0.6493935221238634,-0.033168154098636195,-0.30097308826317887,1.1376896013079765,0.2122392760990777,0.9148009462588297,0.2739042137513894,-0.187723234956971,0.2015662210384248,15.915722518283058,3.8793081349222067,13,1
Bolivia,BOL,1998,-0.17110656533173044,0.06841630407355775,0.22836007127639302,-0.6277056741925648,1.2479657500364219,-0.22592275859447314,0.6900181191959176,-0.05826608540850582,0.0023200212374607228,1.1376896013079765,0.6160431946192833,0.8082753311940414,0.34166951112531785,0.13963394470873283,0.7056484674990585,15.93337862732327,3.9188830474513914,13,2
Bolivia,BOL,1999,-0.18592476326102172,-0.42372412319325437,0.43012154040698347,-0.862958914507709,1.421284899796478,-0.22503737043571848,0.6895115187014343,-0.14057666219524634,0.0023200212374607228,1.1376896013079765,0.34684058227247955,0.8082753311940414,0.34166951112531785,0.13963394470873283,0.7056484674990585,15.950836918083409,3.9390407075563147,13,3
Bolivia,BOL,2000,-0.17741877685068622,-0.5705260653300203,0.33965524253734275,-0.8215065856032476,0.841647994155424,-0.22415132917529762,0.5784089133624413,-0.09107160919759233,0.0023200212374607228,1.1376896013079765,0.07763796992567584,0.8082753311940414,0.34166951112531785,0.13963394470873283,0.7056484674990585,15.96800818840528,3.8699703207370533,13,4
Bolivia,BOL,2001,-0.17761095683160674,-1.051116474478369,0.44937415232071076,-0.8322342509525025,0.8247907562603761,-0.22326595311101824,0.1832433698151661,-0.11755293706959852,-0.30097308826317887,1.1376896013079765,-0.32616594859452974,0.8082753311940414,0.2739042137513894,-0.187723234956971,0.6576406345028081,15.984877009422076,3.8678884246748755,13,5
Bolivia,BOL,2002,-0.16878179168613666,-0.8420636818086024,0.6248742705320409,-0.7126942455201055,0.8060723854386541,-0.22237326593642048,0.5381373418556757,-0.11315309518635627,-0.6042661977638185,1.1376896013079765,-0.7299698671147353,0.8082753311940414,0.2061389163774616,-0.5150804146226747,0.12955447154404823,16.001601833902388,3.8655715858141564,13,6
Bolivia,BOL,2003,-0.15739871025436045,-1.2043502419159058,0.727724295475696,-0.6367913302382268,-0.22789801107447058,-0.22146409399198988,0.8723347383957967,-0.10292799150649896,-0.6042661977638185,1.1376896013079765,-0.999172479461539,0.8082753311940414,0.2061389163774616,-0.5150804146226747,0.12955447154404823,16.018352771239886,3.728460611945986,13,7
Bolivia,BOL,2004,-0.12954584087317425,-1.3228749531249788,0.8331914727832351,-0.4774091299102825,-0.5147413354538262,-0.22053531690309924,0.8722932963848892,0.0004831745572150477,-0.6042661977638185,-0.051478348695809785,-0.7299698671147353,0.5952241010644648,0.07060832162960441,-0.5150804146226747,0.12955447154404823,16.035180020391003,3.6868380178706506,13,8
Bolivia,BOL,2005,-0.09819100773058038,-1.1646813892395036,0.8710328039105029,-0.18228295102945308,-1.0633204237216907,-0.21958912376977774,0.7202557349998304,-0.04696758420815322,-1.2108524167650978,-0.051478348695809785,-0.7299698671147353,0.3821728709348875,-0.06492227311825187,0.13963394470873283,0.12955447154404823,16.0520365075939,3.6020621943371056,13,9
Bolivia,BOL,2006,-0.06178966938370831,-1.00623217746623,0.8407858856570786,0.017680463925215193,-0.22631826757184131,-0.21861591157863777,0.4672702459316643,0.06807847540760686,0.0023200212374607228,-0.051478348695809785,-0.7299698671147353,-0.2569802229106366,-0.4715140573618222,0.5289705758006473,0.12955447154404823,16.06908291202096,3.728685111427094,13,10
Bolivia,BOL,2007,-0.027196338652853803,-0.7826137472317942,0.8211858494618671,0.06187433750817167,-0.16880554889272595,-0.2176225258026987,0.7540258860865411,0.12111196492170448,0.0023200212374607228,-0.051478348695809785,-0.7299698671147353,-0.2569802229106366,-0.4715140573618222,0.5289705758006473,0.12955447154404823,16.086188075507305,3.736824191763798,13,11
Bolivia,BOL,2008,0.02850049347571332,-0.648033161957968,0.7965071170277294,0.2592048569928627,-0.12133731875643049,-0.21662534840875333,0.8113544296589507,0.2414669500931642,0.0023200212374607228,-0.051478348695809785,-0.7299698671147353,-0.2569802229106366,-0.4715140573618222,0.5586511346808332,0.12955447154404823,16.10306921746769,3.7434922524117793,13,12
Bolivia,BOL,2009,0.05044237274278417,-0.7413986796780084,0.7379640526598967,-0.15371666277275856,-0.22834872782149776,-0.2156250324984678,0.8941927701971754,0.1992131038120618,0.0023200212374607228,-0.051478348695809785,-0.46076725476793157,-0.6830826831697902,-0.6070446521096794,0.5586511346808332,0.10555055504592271,16.119721927852904,3.7283965507385695,13,13
Bolivia,BOL,2010,0.08326759949478592,-0.7301159726479329,0.8831557041582111,0.04591749442185482,-0.10564437241385552,-0.2146207677419971,0.54894754022494,0.27534803170326594,0.0023200212374607228,-0.051478348695809785,-0.46076725476793157,-0.6830826831697902,-0.7425752468575356,0.5184951460513448,-0.15849252643345632,16.136165994403104,3.7456869626163325,13,14
Bolivia,BOL,2011,0.1318731004423429,-0.43970419111852943,0.7940447634124927,0.24799372133391742,-0.03480409529420221,-0.21361339470537447,0.286241379805256,0.29407818941415614,0.0023200212374607228,-0.051478348695809785,-0.46076725476793157,-0.6830826831697902,-0.7425752468575356,0.5045282555665994,-0.15849252643345632,16.15239369068889,3.7555346962577603,13,15
Bolivia,BOL,2012,0.1813740227235016,-0.5128414330614572,0.8560093406835722,0.3195699242225497,0.020842290421735417,-0.21260424378088286,0.2986179887643789,0.207991957913426,0.0023200212374607228,-0.051478348695809785,-0.999172479461539,-0.6830826831697902,-0.7425752468575356,0.5045282555665994,-0.3505238584184605,16.168390206772496,3.763202838677985,13,16
Bolivia,BOL,2013,0.257409873750971,-0.4282429149060909,0.9195592647218166,0.21176181385416,0.32400120147020905,-0.2115955584936903,0.1529371852371631,0.14011144044158413,0.0023200212374607228,-0.051478348695809785,-0.46076725476793157,-0.6830826831697902,-0.7425752468575356,0.49579855618501856,0.1415564297931107,16.184127650052286,3.8039761147639273,13,17
Bolivia,BOL,2014,0.31732756169755094,-0.19503213236954398,0.9446077051039672,0.3287246486055005,-0.30440648533490755,-0.21059002381731315,0.7628990202978179,0.06585349941857727,0.0023200212374607228,-0.051478348695809785,-0.46076725476793157,-0.6830826831697902,-0.6070446521096794,0.49579855618501856,0.2735779705328008,16.199573236394517,3.7175271154319267,13,18
Bolivia,BOL,2015,0.3703950220088741,-0.14782981889434058,0.9865378397572676,-0.17384749467709998,-0.3566662408141239,-0.2095872890119678,0.7547457706003857,-0.13570873305985556,0.0023200212374607228,-0.051478348695809785,-0.46076725476793157,-0.6830826831697902,-0.6070446521096794,0.48881511094264557,0.2735779705328008,16.214741846986296,3.709989586882939,13,19
Bolivia,BOL,2016,0.4159006141711668,-0.23283735359083405,0.9865879088120777,-0.5082400876009158,-0.47377382756345,-0.20858758991992254,0.7632022391666453,-0.12539866100126484,0.0023200212374607228,-0.051478348695809785,-0.46076725476793157,-0.6830826831697902,-0.6070446521096794,0.4678642514440405,0.2735779705328008,16.229638904043668,3.692889736760169,13,20
Bolivia,BOL,2017,0.46198422589068766,0.06410266294379116,0.9425622921428668,-0.8221347464504835,-0.37854826732815783,-0.20759241416163918,0.652323311914944,0.2787320669986724,0.0023200212374607228,-0.051478348695809785,-0.46076725476793157,-0.6830826831697902,-0.6070446521096794,0.44342140743850594,0.2735779705328008,16.24425135997914,3.7068165453753696,13,21
Brazil,BRA,1996,0.7449313542002073,-0.47913614117484427,1.1303251912523593,-1.6903321773467987,-0.39128591467279317,0.7167760086873995,0.9103045129320647,-0.3738069671100734,0.60890624023874,-0.051478348695809785,0.34684058227247955,1.447428425039566,0.34166951112531785,0.13963394470873283,1.569789461431574,18.91661128470367,3.7049648537548863,14,0
Brazil,BRA,1997,0.7831794503884795,-0.42062044738951365,1.1303251912523593,-1.6630567018317515,-0.2772488083211989,0.7316468312639317,0.9154463457754753,-0.352675434973952,0.60890624023874,-0.051478348695809785,0.2122392760990777,1.447428425039566,0.34166951112531785,0.13963394470873283,1.0176993819746887,18.931476327267145,3.7214218018435647,14,1
Brazil,BRA,1998,0.7593418539830935,-0.4910644645271868,1.1303251912523593,-1.6670474505111403,-0.07597919687081962,0.7467528067237067,0.9057993646877551,-0.3922176385980315,0.60890624023874,-0.051478348695809785,0.07763796992567584,1.447428425039566,0.34166951112531785,0.13963394470873283,0.12955447154404823,18.946353536988816,3.7498226220799946,14,2
Brazil,BRA,1999,0.7390491567294687,-0.6762352645751207,1.1303251912523593,-1.5352953731190608,0.1595187679699195,0.7617613732794216,0.7992111534528255,-0.4231687375037625,0.60890624023874,-0.051478348695809785,0.7506445007926851,1.2343774931815923,0.34166951112531785,0.13963394470873283,0.12955447154404823,18.960918813619266,3.7820606205600233,14,3
Brazil,BRA,2000,0.799487263012291,-0.5199263562751749,1.1303251912523593,-1.4872294217566122,0.21026538291270716,0.7761340788435178,0.7834992609344441,-0.31836436983311617,0.60890624023874,-0.051478348695809785,1.4236510316596944,1.021326561323618,0.34166951112531785,0.13963394470873283,0.12955447154404823,18.974670926371488,3.7888734290590778,14,4
Brazil,BRA,2001,0.8011048402818031,-0.5061423644550687,1.1303251912523593,-1.362641381932738,0.06041251227174916,0.7899394446658029,0.7460414123090031,-0.34890051164968255,0.3056131307381003,-0.051478348695809785,1.2890497254862925,0.8082753311940414,0.2739042137513894,0.13963394470873283,0.03353880555154671,18.98770447661307,3.7686201122103666,14,5
Brazil,BRA,2002,0.8385696776646077,-0.5658215037711974,1.1303251912523593,-1.3428630523354979,-0.0907403131012248,0.8032571612440235,0.8103218141012638,-0.36089567865988226,0.0023200212374607228,-0.051478348695809785,1.1544484193128908,0.5952241010644648,0.2061389163774616,0.13963394470873283,-0.4945473574072131,19.000118682802906,3.7477668941802107,14,6
Brazil,BRA,2003,0.8375889385481011,-0.7261707607856284,1.1303251912523593,-1.3277256145320089,-0.3342349517827644,0.8160724914600274,0.7315452179836015,-0.3119426182713557,0.0023200212374607228,-0.051478348695809785,1.1544484193128908,0.8082753311940414,0.07060832162960441,0.13963394470873283,0.41760146952155225,19.011920822285454,3.713231858311101,14,7
Brazil,BRA,2004,0.9353700219241836,-0.63935541845411,1.1303251912523593,-1.2831314392235025,-0.18204759667445952,0.8284841746101574,0.7455786344638842,-0.21022454250654615,0.0023200212374607228,-0.051478348695809785,1.1544484193128908,0.8082753311940414,0.07060832162960441,0.13963394470873283,-0.20650035942970796,19.02321996392645,3.734956066458975,14,8
Brazil,BRA,2005,0.9818314793253127,-0.6713951204026268,1.1303251912523593,-1.3582769771730818,-0.3476773917320821,0.8406570100148408,0.7964814689246543,-0.2213749669521678,0.0023200212374607228,-0.051478348695809785,1.1544484193128908,0.8082753311940414,0.07060832162960441,0.13963394470873283,-0.25450819242595846,19.034179025119446,3.711290118844329,14,9
Brazil,BRA,2006,1.0472992656418456,-0.6526947342597109,1.1303251912523593,-1.3885820300797571,-0.3444258152313272,0.8525398622325125,0.7903003667952068,-0.273660936108371,0.0023200212374607228,-0.051478348695809785,1.1544484193128908,0.5952241010644648,0.07060832162960441,0.7733974445415354,-0.18249644293158243,19.04476240931544,3.711760149810612,14,10
Brazil,BRA,2007,1.1647611676543175,-0.5573871258768562,1.1303251912523593,-1.4103036535690792,-0.10135029240609784,0.8640248606379788,0.8680316736694569,-0.30848526810588683,0.0023200212374607228,-0.051478348695809785,1.1544484193128908,0.7017494178576501,0.13837361900353315,0.7733974445415354,-0.4465395244109626,19.05488609132504,3.7462866654579754,14,11
Brazil,BRA,2008,1.2656756052902982,-0.3887774892919058,1.1303251912523593,-1.3533249680842525,-0.13520156035849876,0.875000488121743,0.9692133321262785,-0.31181984391744116,0.0023200212374607228,-0.051478348695809785,1.1544484193128908,0.8082753311940414,0.34166951112531785,0.7733974445415354,-0.25450819242595846,19.064465937633432,3.7415492769451593,14,12
Brazil,BRA,2009,1.2395873520167082,-0.42316167271853644,1.1303251912523593,-1.5027078237882452,-0.3215406928879397,0.8853572836351098,0.8924496696319323,-0.41219829275878617,0.0023200212374607228,-0.051478348695809785,1.1544484193128908,0.8082753311940414,0.34166951112531785,0.7733974445415354,0.12955447154404823,19.073422259981363,3.7150620692352234,14,13
Brazil,BRA,2010,1.4079896134847174,-0.24931654844415962,1.1303251912523593,-1.4833896794128336,-0.01018889156491693,0.8951657700635487,0.8763986265676741,-0.29662345744387864,0.0023200212374607228,-0.051478348695809785,1.1544484193128908,0.8082753311940414,0.612730700621032,1.1644803297726585,0.12955447154404823,19.081831092189226,3.7589339569640297,14,14
Brazil,BRA,2011,1.492834775490991,-0.24030216252068057,1.1303251912523593,-1.4496881097479337,0.02111777612215162,0.9047373680515395,0.8392217805577743,-0.31042590861147945,0.0023200212374607228,-0.051478348695809785,1.1544484193128908,0.3821728709348875,0.612730700621032,1.1644803297726585,0.12955447154404823,19.08996923098976,3.7632406550625612,14,15
Brazil,BRA,2012,1.5234951685796714,-0.22722799624547071,1.1303251912523593,-1.4154749861046743,-0.0059705634215851885,0.9143608029606628,0.827166403736318,-0.3909817724166151,0.0023200212374607228,-0.051478348695809785,1.1544484193128908,0.3821728709348875,0.612730700621032,1.1644803297726585,-0.062476860440955385,19.098085215782188,3.7595153331234097,14,16
Brazil,BRA,2013,1.5848861869906912,-0.2035414041107856,1.4746022012254132,-1.395997900839955,-0.12659572580242012,0.924049614556016,0.8047892023307694,-0.4665826713641262,0.0023200212374607228,1.1376896013079765,0.34684058227247955,0.3821728709348875,0.4772001058731751,0.7280037410373948,-0.15849252643345632,19.106190332216418,3.7427557681469175,14,17
Brazil,BRA,2014,1.5761364787949952,-0.3296002503006159,1.4272927983506312,-1.427911039605334,-0.03701385425437998,0.9337664853340633,0.793668026753103,-0.5291660597497614,0.0023200212374607228,1.1376896013079765,0.34684058227247955,0.3821728709348875,0.4772001058731751,0.7733974445415354,-0.18249644293158243,19.1142534739533,3.755228971451941,14,18
Brazil,BRA,2015,1.4522248540361045,-0.5767959140661795,1.3659208656287438,-1.362138540463816,-0.03349763640327644,0.9433840423281912,0.691294957289023,-0.6217017074436284,0.0023200212374607228,1.1376896013079765,0.07763796992567584,0.3821728709348875,0.4772001058731751,0.7000694362964176,-0.4465395244109626,19.122170691649817,3.7557154036408478,14,19
Brazil,BRA,2016,1.3418070812876632,-0.8572699152538099,1.424126179422214,-1.432310634338091,0.05868548503718162,0.9527124022762017,0.49435248258587544,-0.7053255787093988,0.0023200212374607228,1.1376896013079765,0.34684058227247955,0.3821728709348875,0.612730700621032,1.1260700715108907,-0.4465395244109626,19.129790418317146,3.768384288831086,14,20
Brazil,BRA,2017,1.357339496100198,-0.97440397260087,1.4348706277265433,-1.4385145626769857,-0.0764233245214416,0.9616945518215344,0.4366162243928905,-0.7191554458319278,0.0023200212374607228,1.1376896013079765,0.34684058227247955,0.3821728709348875,0.4772001058731751,1.1190866262685184,-0.4465395244109626,19.137072884881615,3.749760831632428,14,21
Bhutan,BTN,1996,-0.6087322092207953,1.840477026927508,-1.4341151425252625,0.31031193020197073,-0.5628167660176039,-0.2728772005210106,-1.723019906233496,0.602795297419814,1.8220786782412985,1.7322735763098698,1.1544484193128908,0.8437839689728384,1.6292101612299577,1.1217054837058442,0.12955447154404823,13.21546202265876,3.6796892933686527,15,0
Bhutan,BTN,1997,-0.5844651796249115,1.2241762497779083,-1.4341151425252625,0.32718684850122925,-0.6744313485203155,-0.27281725425419007,-1.717106272326782,0.576694200396577,1.8220786782412985,1.7322735763098698,1.1544484193128908,0.8437839689728384,1.6292101612299577,1.1217054837058442,0.12955447154404823,13.233364355702154,3.6628926770679517,15,1
Bhutan,BTN,1998,-0.5563903680761942,1.405346634521005,-1.4341151425252625,0.33796512225690195,-0.6112031672772528,-0.27275231901630853,-1.7024133506615604,0.5068087352941321,1.8220786782412985,1.7322735763098698,1.1544484193128908,0.8437839689728384,1.6292101612299577,1.1217054837058442,0.12955447154404823,13.25240167627428,3.672442353564936,15,2
Bhutan,BTN,1999,-0.5150681512483826,2.116769515526169,-1.3130351547064656,0.3461734436965814,-0.5963613872938389,-0.27267283412464205,-1.6925131298127467,0.7726524020021419,1.5187855687406588,1.7322735763098698,1.2890497254862925,0.8437839689728384,1.6292101612299577,1.1217054837058442,0.12955447154404823,13.275221794047642,3.6746708293872365,15,3
Bhutan,BTN,2000,-0.5081372145452955,3.611612550120437,-1.1905477115993661,0.002852602214060123,-0.40790926089159063,-0.27258645538205506,-1.6738947657632628,0.5394058867815694,1.2154924592400194,1.7322735763098698,1.4236510316596944,0.8437839689728384,1.6292101612299577,1.1217054837058442,0.12955447154404823,13.299444560727938,3.7025431232723305,15,4
Bhutan,BTN,2001,-0.4694300108829662,4.810978770553356,-1.0691919540296932,-0.08216554053318298,-0.40790926089159063,-0.2725022113143583,-1.6592456457695988,0.7146472611223709,1.2154924592400194,1.7322735763098698,1.4236510316596944,0.8437839689728384,1.6292101612299577,1.1217054837058442,0.12955447154404823,13.322516666307516,3.7025431232723305,15,5
Bhutan,BTN,2002,-0.40258846590111935,5.50220366971455,-1.0691919540296932,-0.10568990422431151,-0.5675184070270093,-0.2724198781737589,-1.642864074990865,0.7399849329599716,1.2154924592400194,1.7322735763098698,1.4236510316596944,0.8437839689728384,1.6292101612299577,1.1217054837058442,0.12955447154404823,13.344562482869929,3.678987417201223,15,6
Bhutan,BTN,2003,-0.3527471128402396,5.3298905536401735,-1.0691919540296932,-0.03126564241826326,-0.5534255480078388,-0.27233972808595097,-1.6387254315461703,0.7745063089402549,2.428664897242578,1.7322735763098698,1.692853644006498,1.3409031082463807,1.6292101612299577,0.7943483040401405,0.12955447154404823,13.36556677783231,3.681089771738406,15,7
Bhutan,BTN,2004,-0.323579691703704,5.623490417411598,-1.0691919540296932,0.43880118531316387,-0.4371225723423102,-0.27226183361778633,-1.6150086926240665,0.6439014765108287,1.9262397226922972,1.6421850664206628,1.7309227699099536,-0.09773003142083837,1.2150888392645756,0.4769108325755387,0.12955447154404823,13.385565752097767,3.6982729938109244,15,8
Bhutan,BTN,2005,-0.2736601365498903,4.746954634997686,-0.7063229081435237,0.6905816498615439,-0.5187830876309989,-0.2721933728403551,-1.6022736244943052,0.5996709054666423,2.428664897242578,1.7322735763098698,2.2312588687001056,1.589462976154754,1.6292101612299577,0.46699112437443663,0.12955447154404823,13.402818397511647,3.6862389807562526,15,9
Bhutan,BTN,2006,-0.2301537642843562,3.116646507893801,-0.6141066366555569,0.9925716908863043,-0.5310417314385134,-0.2721393468191935,-1.617494498771828,0.7292107394099171,2.428664897242578,1.7322735763098698,2.2312588687001056,1.589462976154754,1.6292101612299577,-0.4522278361268596,0.12955447154404823,13.41622630893119,3.684419901967777,15,10
Bhutan,BTN,2007,-0.07202657852577438,2.1398704735540512,-0.47664132371392676,0.9569404768882156,0.3535382873753984,-0.2720919243815452,-1.6178060633789535,1.2301305211822386,2.428664897242578,1.7322735763098698,1.1544484193128908,1.589462976154754,1.6292101612299577,-0.4522278361268596,0.12955447154404823,13.427849021547885,3.8078612422669402,15,11
Bhutan,BTN,2008,-0.03078329011729875,2.7464966354552485,-0.35784695649637077,0.8126845673792309,-0.6004850280630726,-0.27204530017926676,-1.6037556314820665,1.1630632537131598,2.428664897242578,1.7322735763098698,1.692853644006498,1.589462976154754,1.6292101612299577,0.31771625044687557,0.12955447154404823,13.439145894640738,3.674052167619303,15,12
Bhutan,BTN,2009,0.05157668375213239,3.298659062252861,-0.17491217977451992,0.801235692649011,-0.4084359999983807,-0.27199911742533667,-1.554798160363231,1.0502060832831608,0.60890624023874,1.1376896013079765,1.692853644006498,-1.3222363735585203,0.2061389163774616,0.1989945386976179,0.12955447154404823,13.450211389219234,3.70246629066289,15,13
Bhutan,BTN,2010,0.19649698145856864,4.87148434707039,-0.016175490438665757,0.9013131377656244,0.10391123830610123,-0.27195289234074305,-1.4923623377195174,1.0390610954978041,0.60890624023874,1.1376896013079765,1.692853644006498,-1.3222363735585203,0.2061389163774616,0.30200310582292145,0.12955447154404823,13.46116575428176,3.774541541478535,15,14
Bhutan,BTN,2011,0.3059038152661394,5.484678547213527,0.13056939515742091,0.8370819566196469,-0.374606972418324,-0.2719060564851468,-1.1575165722814709,0.8804248746652494,0.60890624023874,1.1376896013079765,1.692853644006498,-1.3222363735585203,0.2061389163774616,0.28279797669203816,0.12955447154404823,13.472143808717853,3.7073888036418867,15,15
Bhutan,BTN,2012,0.3702904697336344,5.6502449445150535,0.3169256238924245,0.5833380391173828,-0.4319464727752585,-0.27185827121323963,-1.0632427140424452,0.946540377022602,0.60890624023874,1.1376896013079765,1.692853644006498,-1.3222363735585203,0.2061389163774616,0.2967653909482702,0.12955447154404823,13.483221559389266,3.6990309181614722,15,16
Bhutan,BTN,2013,0.3805703775721843,4.94594629429458,0.4817802420037072,0.6125532481285467,-0.46308905590870314,-0.2718099295954686,-0.9195715842270783,0.999095655571302,0.60890624023874,1.1376896013079765,1.692853644006498,-1.7483382372744682,0.34166951112531785,0.7629220147922329,0.12955447154404823,13.494304793473349,3.6944620878198946,15,17
Bhutan,BTN,2014,0.46037377087217773,3.887558684089827,0.7520216074576055,0.4061415348926156,-0.45035911846958876,-0.2717623620241168,-0.9380255474316762,0.8993137068172541,1.2154924592400194,1.1376896013079765,1.692853644006498,-1.7483382372744682,0.34166951112531785,0.7716517141738136,0.12955447154404823,13.505091958538623,3.696332179965557,15,18
Bhutan,BTN,2015,0.5587375646747794,4.072371089990696,0.7915414649663114,0.4555793353408034,-0.5909785023845094,-0.2717171347337354,-1.0957020426438726,0.9677859006059087,1.2154924592400194,1.1376896013079765,1.692853644006498,0.3821728709348875,1.0193224848646019,0.7821271439231161,0.12955447154404823,13.515241602006995,3.675477837615399,15,19
Bhutan,BTN,2016,0.6968348243299103,4.166351438780075,0.8076736153541916,0.0712359006238397,-0.555601631222327,-0.271673304355251,-0.9437332124436099,0.9661972289158486,1.2154924592400194,1.1376896013079765,1.692853644006498,0.3821728709348875,1.0193224848646019,0.7821271439231161,0.12955447154404823,13.524980433660359,3.6807654348584995,15,20
Bhutan,BTN,2017,0.7210390507686973,3.84341074444476,0.839677831604188,0.08294066965634418,-0.7488353711958886,-0.27163418477489565,-0.814798735624564,1.0152661630388333,2.428664897242578,1.1376896013079765,1.692853644006498,1.021326561323618,1.2903836743603156,0.808315718296373,0.12955447154404823,13.533593171071674,3.6515369944848075,15,21
Botswana,BWA,1996,0.47363633034557173,0.05146133234346528,0.3993398043455445,0.49375194981006826,-0.39257253692766403,-0.2669077908199512,0.5609742924949828,1.5466401844295836,1.8220786782412985,1.1376896013079765,1.1544484193128908,1.6604796551691425,1.1548530796124588,0.7943483040401405,1.569789461431574,14.244636852616853,3.704777624673271,16,0
Botswana,BWA,1997,0.5776450522528666,0.43487862778292835,0.3993398043455445,1.0055225197467808,-0.3036815486667676,-0.2666914387985611,0.41133104861600167,1.5688922093184492,1.8220786782412985,1.1376896013079765,1.1544484193128908,1.6604796551691425,1.1548530796124588,0.7943483040401405,1.2817424634540677,14.267663304021562,3.7176312759953327,16,1
Botswana,BWA,1998,0.5446308348468663,0.6701770871975264,0.3993398043455445,0.8094021669173487,-0.30442080345939965,-0.26647852765539365,0.2962936521440292,1.3901259915851254,1.8220786782412985,1.1376896013079765,1.1544484193128908,1.6604796551691425,1.1548530796124588,0.7943483040401405,1.2817424634540677,14.289817415029844,3.7175250580616925,16,2
Botswana,BWA,1999,0.6798060805220065,0.4963445324622685,0.4237379992731487,0.7249629359960278,-0.5277666441031278,-0.26626628170836764,0.2004017949112631,1.4946510619928686,1.8220786782412985,1.1376896013079765,0.885245806966087,1.6604796551691425,1.1548530796124588,0.7943483040401405,1.2817424634540677,14.311424350966972,3.6849062211833647,16,3
Botswana,BWA,2000,0.6765616540995676,0.30979252544638186,0.46424733882459934,0.521854913559744,-0.47383807169016434,-0.2660523002041362,0.11767641089647873,1.6193206709365981,1.8220786782412985,1.1376896013079765,0.6160431946192833,1.6604796551691425,1.1548530796124588,0.7943483040401405,1.2817424634540677,14.332745398748768,3.69288027523316,16,4
Botswana,BWA,2001,0.6411362508517744,0.40395462077921906,0.43176524144278494,0.3942760680937938,-0.5463389451078574,-0.26584142093281904,0.5498452695314967,1.4918212381513065,1.8220786782412985,1.1376896013079765,0.885245806966087,1.6604796551691425,1.1548530796124588,0.7943483040401405,1.1857267974615666,14.353321773190213,3.682145274287707,16,5
Botswana,BWA,2002,0.7206420949446777,0.592503901861001,0.4527541455890516,0.5192754310288304,0.6274685837655598,-0.26564483128406785,0.41716819296173746,1.4250497307335428,1.8220786782412985,1.1376896013079765,1.1544484193128908,1.6604796551691425,1.1548530796124588,0.7943483040401405,0.9936954654765636,14.372129860919422,3.843190945692412,16,6
Botswana,BWA,2003,0.7772747130047448,0.6584466623884535,0.4775807475463358,0.34524078658581064,0.3001043713058855,-0.26545753019234647,0.2876181406034334,1.0633078418141795,3.035251116243857,1.1376896013079765,1.692853644006498,1.6604796551691425,1.4259142691081725,2.1037770227029555,0.9936954654765636,14.389726105982914,3.8008217884556057,16,7
Botswana,BWA,2004,0.7964115091347999,0.6373239559752315,0.5440194916669517,0.49497702096091817,0.09697327964201041,-0.2652675864577722,-0.029881787705691554,0.9972214872968147,2.428664897242578,1.1376896013079765,1.1544484193128908,1.6604796551691425,1.2903836743603156,1.449062663371548,1.0657072149709397,14.40725991656998,3.773599432616691,16,8
Botswana,BWA,2005,0.8529771343729318,0.3337370310181791,0.5862170313069623,0.4227018331208745,0.07653454082228868,-0.26506965432226287,-0.31445892144832527,1.332703068555633,3.035251116243857,1.1376896013079765,1.4236510316596944,1.6604796551691425,1.2903836743603156,1.449062663371548,1.2817424634540677,14.425209823039111,3.7708188761592316,16,9
Botswana,BWA,2006,0.990016577816192,-0.28245952022124704,0.6634250989787849,0.36781211775530476,0.18911401687011087,-0.26486018405731804,-0.5741168539480185,1.6462568038036733,1.8220786782412985,1.1376896013079765,1.962056256353302,1.447428425039566,1.1548530796124588,1.2482837677670788,1.3777581294465697,14.44386158420207,3.7860394657441026,16,10
Botswana,BWA,2007,1.0762115659276743,0.2400762226930853,0.6921123392525473,0.712419926597451,0.15056530837072502,-0.2646383411441421,-0.48353671116977615,1.5514333048100435,1.8220786782412985,1.1376896013079765,1.962056256353302,1.5539543383759573,1.1548530796124588,1.2482837677670788,1.785824709914702,14.463242921456144,3.7808537734868013,16,11
Botswana,BWA,2008,1.1047228082907095,0.339311098990388,0.5225618273127278,0.7272578140502756,0.1799148369793816,-0.26440389578770435,-0.3886605319627038,1.1875225346997678,1.8220786782412985,1.1376896013079765,1.962056256353302,1.6604796551691425,1.1548530796124588,1.2255866541292648,1.2817424634540688,14.483325058634472,3.7848044041703064,16,12
Botswana,BWA,2009,0.7221802729138838,0.6971844109986942,0.5225618273127278,0.42198955756109796,-0.29210897411021863,-0.2641577550736523,-0.2953281277415679,0.5058454254445088,1.8220786782412985,1.1376896013079765,1.962056256353302,1.6604796551691425,1.1548530796124588,1.2255866541292648,1.2817424634540688,14.503983832824327,3.719292582724614,16,13
Botswana,BWA,2010,0.880435590208678,0.5066558461108459,0.5225618273127278,0.6005617714383585,-0.34866345958431144,-0.26390112240227814,-0.26105072090981163,0.8688668719557067,1.8220786782412985,1.1376896013079765,1.692853644006498,1.6604796551691425,1.1548530796124588,1.25352148264173,1.2817424634540688,14.525078182091555,3.711147534341345,16,14
Botswana,BWA,2011,0.9841871630801129,0.9232629515620563,0.5225618273127278,0.725902062737542,-0.3127615960644328,-0.2636566688675303,-0.2320070355469132,1.2143538555978586,1.8220786782412985,1.1376896013079765,1.692853644006498,1.6604796551691425,1.1548530796124588,1.25352148264173,1.2817424634540688,14.544765920466252,3.7163258502027365,16,15
Botswana,BWA,2012,0.9423234945446981,1.0770656867539725,0.5225618273127278,1.1003691327626255,-0.4632370832782171,-0.26344451967630667,-0.23085087384510278,0.8935223594273426,1.8220786782412985,1.1376896013079765,1.692853644006498,1.6604796551691425,1.1548530796124588,1.29193121713201,1.2817424634540688,14.561543314558246,3.694440321268144,16,16
Botswana,BWA,2013,1.1540877395763738,0.606743946812226,0.5225618273127278,1.503658071222733,-0.5612962160093772,-0.26325061500107194,-0.2108712106490904,1.020868660196549,1.8220786782412985,1.1376896013079765,1.692853644006498,1.447428425039566,1.1548530796124588,1.3146278069983364,1.2817424634540688,14.576635494956179,3.6799161806063165,16,17
Botswana,BWA,2014,1.2564995603867732,0.34534011782354057,0.5225618273127278,1.321394932243675,-0.07778655070122002,-0.2630609615339049,-0.19736591673040071,1.2430930055378318,1.8220786782412985,1.1376896013079765,1.692853644006498,1.2343777914531946,1.1548530796124588,1.2954232016389402,1.3057463799521938,14.591179678053388,3.7495711452940266,16,18
Botswana,BWA,2015,1.0979203710009782,0.5477161391428131,0.5225618273127278,1.1301091734738569,-0.1678116034207142,-0.2628721123493452,-0.202851322501245,0.8909157986705921,1.8220786782412985,1.1376896013079765,1.692853644006498,1.2343777914531946,1.1548530796124588,1.2954232016389402,1.569789461431574,14.605454993901557,3.736964272172015,16,19
Botswana,BWA,2016,1.2345097069605833,0.2341608787902916,0.5225618273127278,0.7694916005129973,-0.4810668200897492,-0.26268160622166953,-0.18813774679364306,1.1239282332853824,1.8220786782412985,1.1376896013079765,1.692853644006498,1.2343777914531946,1.1548530796124588,1.2954232016389402,1.569789461431574,14.619652004765468,3.691815092180292,16,20
Botswana,BWA,2017,1.3016036458916311,0.192905925790165,0.5225618273127278,0.2318582875269515,-0.36727839728126555,-0.2624882699867739,-0.18203796890924784,0.8540656656640954,1.8220786782412985,1.1376896013079765,1.692853644006498,1.2343777914531946,1.1548530796124588,1.2849477718896376,1.3777581294465697,14.63385676318741,3.7084520099294114,16,21
Central African Republic,CAF,1996,-1.1140588475423077,-1.9284937517392269,-1.898381257094348,-0.7783981721574902,-0.4575375721368675,-0.25541773087657227,-0.0974640132889956,-0.18800958771300005,-0.6042661977638185,-0.051478348695809785,-1.2683750918083427,-0.8961339132993669,-1.0814017337271775,-0.8424375942883786,0.12955447154404823,15.049808666810318,3.6952780588916827,17,0
Central African Republic,CAF,1997,-1.109481066439751,-1.7898548598982724,-1.898381257094348,-0.5251318344449233,-0.6138327769348222,-0.2548387985801869,-0.11286736355603484,-0.18800958771300005,-0.6042661977638185,-0.051478348695809785,-1.2683750918083427,-0.8961339132993669,-1.0814017337271775,-0.8424375942883786,0.12955447154404823,15.077290182535949,3.672047002359553,17,1
Central African Republic,CAF,1998,-1.1058417066463393,-1.7399411956447175,-1.898381257094348,-0.6634197803277315,-0.513230436709162,-0.25425144852899323,-0.1289457860511323,-0.18800958771300005,-0.6042661977638185,-0.051478348695809785,-1.2683750918083427,-0.8961339132993669,-1.0814017337271775,-0.8424375942883786,0.12955447154404823,15.10442028909513,3.6870618594337627,17,2
Central African Republic,CAF,1999,-1.1042691143866161,-1.1681859808496757,-1.898381257094348,-0.8906778996642052,-0.5397243392148872,-0.25364295733497655,-0.14379662577166508,-0.18800958771300005,-0.6042661977638185,-0.051478348695809785,-1.2683750918083427,-0.8961339132993669,-1.0814017337271775,-0.8424375942883786,0.12955447154404823,15.13177159580063,3.683129471770203,17,3
Central African Republic,CAF,2000,-1.114382050839594,-1.39747757651672,-1.898381257094348,-0.8197085442839214,-0.6244346133650354,-0.2530142502254972,-0.16305030478459634,-0.18800958771300005,-0.6042661977638185,-0.051478348695809785,-1.2683750918083427,-0.8961339132993669,-1.0814017337271775,-0.8424375942883786,0.12955447154404823,15.15926713051414,3.6704514717076115,17,4
Central African Republic,CAF,2001,-1.1103257126229966,-1.4983674074571594,-1.898381257094348,-0.9916423473606742,-0.5468561192094865,-0.2524937584337576,-0.17744615084403798,-0.18800958771300005,-0.30097308826317887,-0.051478348695809785,-1.2683750918083427,-0.6475743436625957,-0.9119884902923566,-0.6787590044555267,0.12955447154404823,15.181471590991226,3.6820682823062265,17,5
Central African Republic,CAF,2002,-1.1076968897121668,-1.5730983429767726,-1.8977874987707979,-1.096669064734663,-0.5450248319785239,-0.2519701281256779,-0.19389818048859706,-0.18800958771300005,0.0023200212374607228,-0.051478348695809785,-1.2683750918083427,-0.39901477402582486,-0.7425752468575356,-0.5150804146226747,0.12955447154404823,15.203323265812157,3.6823408803398836,17,6
Central African Republic,CAF,2003,-1.1224729209237465,-1.963830526913398,-1.8977874987707979,-1.0931122074919761,-0.47358131181234175,-0.2513834916485269,-0.22021989483686502,-0.18800958771300005,0.0023200212374607228,-0.051478348695809785,-0.7299698671147353,-0.8961339132993669,-1.4202282205968195,-0.8424375942883786,0.12955447154404823,15.227250175196597,3.6929180889011906,17,7
Central African Republic,CAF,2004,-1.1158113028130359,-1.9144033887622005,-1.8977874987707979,-1.1797353190244884,-0.44018077132720373,-0.2508408125418509,-0.22884506615190361,-0.18800958771300005,-0.13247702415592966,-0.23165536847422397,-0.4444518535629967,-0.8810694077246748,-1.1395839338076745,-0.4754005342752922,0.12955447154404823,15.24888576606012,3.6978249186550682,17,8
Central African Republic,CAF,2005,-1.1183149338373424,-1.5439925318506638,-1.8977874987707979,-1.126757582314071,-0.5131951718868922,-0.25026037448329075,-0.24543428492585656,-0.18800958771300005,0.0023200212374607228,-0.051478348695809785,-0.46076725476793157,-0.8961339132993669,-0.7425752468575356,-0.5150804146226747,0.12955447154404823,15.271520096312171,3.687067083363523,17,9
Central African Republic,CAF,2006,-1.1134735557250097,-1.4991704563891057,-1.8977874987707979,-1.0883379520638545,-0.23985268601528265,-0.24972356724437253,-0.2569444788828743,-0.18800958771300005,0.0023200212374607228,-0.051478348695809785,-0.999172479461539,-0.39901477402582486,-1.0814017337271775,-0.981237038466637,0.12955447154404823,15.292006618246427,3.7267600811586497,17,10
Central African Republic,CAF,2007,-1.1085714089817864,-1.444200035669145,-1.8977874987707979,-1.053975191477462,-0.07636489225460588,-0.2492083970217646,-0.26856811749722614,-0.18800958771300005,0.32259754487013614,-0.09111712180687646,-0.999172479461539,-0.39901477402582486,1.9843003194693423,-0.981237038466637,0.12955447154404823,15.31128043151746,3.749768961395998,17,11
Central African Republic,CAF,2008,-1.1087634043354235,-1.1965281319376082,-1.8977874987707979,-1.1451249756688175,0.3524462329460262,-0.24862656809854503,-0.2876989833851141,-0.18800958771300005,0.31774485511812595,-0.043550403806724966,-0.999172479461539,-0.39901477402582486,1.981589707574385,-0.8502941666003555,0.12955447154404823,15.332610568994948,3.807717868506552,17,12
Central African Republic,CAF,2009,-1.0908526488518993,-1.1730665034087124,-1.8615863792349792,-1.2304723241937185,-0.2950611697952873,-0.24880760425206142,-0.2939005381453062,-0.18800958771300005,-0.6042661977638185,-1.240646298699596,-1.2683750918083427,-0.04392958932426608,-0.878105841605393,-1.4997708110571117,0.12955447154404823,15.326022320848274,3.7188690409544414,17,13
Central African Republic,CAF,2010,-1.079343209191972,-0.7829984487534315,-1.8615863792349792,-1.1453291132074694,-0.15537522407754456,-0.24902561926380515,-0.3068476374522171,-0.19331312699410977,-0.6042661977638185,-1.240646298699596,-0.999172479461539,-0.04392958932426608,-0.878105841605393,-1.5067542562994842,0.12955447154404823,15.318030297778142,3.7387153203338563,17,14
Central African Republic,CAF,2011,-1.0736831816006913,-1.1134091399694803,-1.7194511187292743,-1.144020275330618,-0.3848733350089444,-0.24859006092485433,-0.31610793066033993,-0.016261306494493182,-0.6042661977638185,-1.240646298699596,-0.999172479461539,-0.04392958932426608,-0.878105841605393,-1.5067542562994842,0.12955447154404823,15.333933891276702,3.7058974890148457,17,15
Central African Republic,CAF,2012,-1.0645586495836388,-1.4342065152281553,-1.730290300265482,-1.185085523769143,-0.1691012682177341,-0.24831293416508568,-0.32654404197380354,0.05733340042741235,-0.6042661977638185,-1.240646298699596,-1.2683750918083427,-0.2569802229106366,-1.0136364363532497,-1.4770742211907857,0.12955447154404823,15.343922562875568,3.7367825111587636,17,16
Central African Republic,CAF,2013,-1.151718513324063,-1.9704974070820034,-1.730290300265482,-1.0302440465793683,-0.6223119580144376,-0.24812201682524984,-0.3729687213869713,-0.219836948330715,-0.6042661977638185,-1.240646298699596,-2.0759829288487537,-0.2569802229106366,-1.8268200048403904,-1.5643691199206482,0.12955447154404823,15.350746339965747,3.6707711260690505,17,17
Central African Republic,CAF,2014,-1.1509745932128101,-0.17393649912050402,-1.730290300265482,-0.6041038430361725,-0.6098236937118281,-0.24823834753591537,-0.3982990019872353,-0.6115062685862602,-0.6042661977638185,-1.240646298699596,-2.0759829288487537,-0.2569802229106366,-1.8268200048403904,-1.5643691199206482,0.12955447154404823,15.346593986872179,3.6726496893636065,17,18
Central African Republic,CAF,2015,-1.1446649327477512,-0.24469330187042884,-1.730290300265482,-0.6026523558856276,-0.6109211296652157,-0.24820122959122207,-0.4079041698337813,-0.3916801881588213,-1.2108524167650978,-1.240646298699596,-2.0759829288487537,-0.6830826831697902,-1.6912894100925329,-1.1139256407006397,0.12955447154404823,15.347920763040102,3.6724847475026836,17,19
Central African Republic,CAF,2016,-1.1401616164817243,-0.2077013433212822,-1.7909059909331044,-0.6784661819641926,-0.5736093876774323,-0.24769118742614102,-0.4195880540751037,-0.4321920431226233,-1.2108524167650978,-1.240646298699596,-1.8067803165019503,-0.6830826831697902,-1.6912894100925329,-1.1069421954582679,0.12955447154404823,15.365976082890791,3.6780774028076677,17,20
Central African Republic,CAF,2017,-1.135673561319354,0.20004686715818012,-1.7234911697639035,-0.48670918883824466,-0.5846291076577518,-0.24720832759429498,-0.4314365284671721,-0.5071420647896098,-1.2108524167650978,-1.240646298699596,-1.8067803165019503,-0.6830826831697902,-1.6912894100925329,-1.1226553400822217,0.12955447154404823,15.382773894886062,3.6764289096865683,17,21
China,CHN,1996,-0.8428672896432329,1.1309100578495492,-0.4011862699683855,-1.1685772242412336,0.14133841204918765,7.086618372495214,0.7836176821668013,1.664636263126865,0.0023200212374607228,1.1376896013079765,-0.1915646424211279,-0.04392958932426608,-0.4715140573618222,-1.1697947739540824,1.7138129604203258,20.92010648066089,3.779608543805638,18,0
China,CHN,1997,-0.8053953526661989,1.0509051120253845,-0.31321689410268644,-1.148719073255463,0.15301574722518071,7.162360024056578,0.810807987111463,1.6608401854415535,0.0023200212374607228,0.5431056263060834,-0.1915646424211279,-0.04392958932426608,-0.33598346261396594,-1.1697947739540824,1.2817424634540688,20.930340980894513,3.7811842157337407,18,1
China,CHN,1998,-0.7712301467085906,1.2717018428831213,-0.31321689410268644,-1.21082677188178,0.10325212800166893,7.234080262580951,0.7837249106911142,1.5478323512499288,0.0023200212374607228,-0.051478348695809785,-0.1915646424211279,-0.04392958932426608,-0.20045286786610875,-1.1697947739540824,1.2817424634540688,20.939936484949733,3.7744520787069757,18,2
China,CHN,1999,-0.735145521489125,1.2237915670176522,-0.17191111943371826,-1.1802693596872287,-0.012631705203245296,7.2993904291967375,0.7158372558679035,1.5074386813267433,0.0023200212374607228,-0.051478348695809785,-0.32616594859452974,0.06259602574052224,-0.20045286786610875,-1.1697947739540824,1.2817424634540688,20.948594998872725,3.758597130207362,18,3
China,CHN,2000,-0.6913621183275125,1.220409881089142,-0.14090426238797069,-1.0125076411425478,-0.05924777588279711,7.359318554304372,0.9394368582477922,1.5172787340218232,0.0023200212374607228,-0.051478348695809785,-0.46076725476793157,0.16912164080531122,-0.20045286786610875,-1.1697947739540824,0.6096328015065564,20.956474564796,3.752147648899147,18,4
China,CHN,2001,-0.645445455930589,1.3190229023159414,-0.04246199299644083,-1.0394258031059376,-0.05373515421555867,7.414983376869031,0.620695669345684,1.4509569891486465,-0.30097308826317887,-0.051478348695809785,-0.32616594859452974,-0.043929291052662696,-0.33598346261396594,-1.1697947739540824,0.12955447154404823,20.963738371168652,3.752912509788917,18,5
China,CHN,2002,-0.5896110014931544,1.5044276494141642,-0.019709157454430883,-0.9201944041334508,-0.03852509579288854,7.466687258773196,0.49849285458837356,1.4176216933856645,-0.6042661977638185,-0.051478348695809785,-0.1915646424211279,-0.2569802229106366,-0.4715140573618222,-1.1697947739540824,0.41760146952155225,20.970438366840987,3.7550198341705308,18,6
China,CHN,2003,-0.5224720053379776,1.8801941321686637,0.024351538177232724,-0.6626093534835398,-0.05947634072306231,7.515065159970074,0.5256434483040382,1.5097032015124017,-0.6042661977638185,-0.051478348695809785,-0.1915646424211279,-0.04392958932426608,-0.4715140573618222,-1.1697947739540824,0.9456876324803126,20.976666976197475,3.7521159235304378,18,7
China,CHN,2004,-0.4486499426488692,2.0337925946742335,0.024351538177232724,-0.4433062104175927,-0.06040712234286045,7.5614777089308305,0.6477899205211581,1.530505114196546,-0.6042661977638185,-0.051478348695809785,-0.1915646424211279,0.16912164080531122,-0.4715140573618222,-1.1697947739540824,0.9936954654765636,20.982606304344,3.751986718328936,18,8
China,CHN,2005,-0.35652969449469657,2.0240601788901675,0.024351538177232724,-0.36444078015328635,0.11867346628367176,7.607708840762099,0.8244107790277742,1.6260661934365068,-0.6042661977638185,-0.051478348695809785,-0.1915646424211279,0.3821728709348875,-0.4715140573618222,-1.1697947739540824,0.9936954654765636,20.988487554235046,3.776543163219354,18,9
China,CHN,2006,-0.2427167897930096,1.9332063903920083,0.3867479543725974,-0.3003708695622456,0.11069533867571968,7.651853675604251,1.0144513415473644,1.6680643209617345,-1.2108524167650978,-0.051478348695809785,-0.1915646424211279,0.3821728709348875,-0.20045286786610875,-0.8694992957312392,0.9216837159821877,20.994071297904505,3.7754619003789305,18,10
China,CHN,2007,-0.09922897554142106,1.8299967178625378,0.5353935852222935,-0.36715525456401243,0.09216121459262691,7.693367962068822,1.2318155959744783,1.6097300284437135,-1.2108524167650978,-0.051478348695809785,-0.1915646424211279,0.3821728709348875,-0.06492227311825187,-0.8694992957312392,1.0657072149709397,20.999294016564452,3.7729454782267795,18,11
China,CHN,2008,0.01027193794880327,1.9673645524700445,0.6990876348705982,-0.4992480356584914,-0.019454918313024715,7.734307760956682,1.286117202717915,1.6139876362419328,-1.2108524167650978,-0.051478348695809785,-0.1915646424211279,0.3821728709348875,0.07060832162960441,-0.8572776118427281,1.2817424634540688,21.00441788587695,3.7576557116894467,18,12
China,CHN,2009,0.12647133997633153,2.526337871776417,0.9022587013246456,-0.855665836559051,-0.21385724876026263,7.774249765632355,1.3676412199951449,1.5260153364302258,-1.2108524167650978,-0.051478348695809785,-0.46076725476793157,0.3821728709348875,0.07060832162960441,-0.8572776118427281,1.2817424634540688,21.009391699882055,3.7304541991056044,18,13
China,CHN,2010,0.2701488181111074,2.5397356236395203,0.9926607493861868,-0.6980850085835508,0.024539872711949854,7.813224212284091,1.4898240283645008,1.5699167868675068,-1.2108524167650978,-0.051478348695809785,-0.46076725476793157,0.3821728709348875,0.2061389163774616,-0.8398187368510529,0.7536563004953095,21.014221296765218,3.7637102928271684,18,14
China,CHN,2011,0.4094501408355799,2.5391542538098713,1.0379456668447964,-0.6954243518713749,-0.023599773350701965,7.8575504642557314,1.5985093808395083,1.5777015538108514,-1.2108524167650978,-0.051478348695809785,-0.46076725476793157,0.3821728709348875,0.2061389163774616,-0.8398187368510529,0.48961321901592997,21.019685872709946,3.7570834009978427,18,15
China,CHN,2012,0.5313718311710977,2.5826322578565764,1.046182420925221,-0.7669207655794027,-0.17064209329656432,7.91291292493791,1.7070791824200868,1.484690356467338,-1.2108524167650978,-0.051478348695809785,-0.1915646424211279,0.3821728709348875,0.2061389163774616,-0.864261580856588,0.41760146952155336,21.026469327293388,3.736565309137894,18,16
China,CHN,2013,0.6608139029896838,2.607122892875801,1.046182420925221,-0.8122776869096342,-0.1359829862640833,7.96764042566688,1.6799603782131871,1.377532570411766,-0.6042661977638185,-0.051478348695809785,-0.1915646424211279,0.16912164080531122,0.2061389163774616,-0.864261580856588,0.41760146952155336,21.03313005706539,3.741439653161385,18,17
China,CHN,2014,0.7939725825816479,2.522768123663167,1.046182420925221,-0.8658528557632754,-0.21619568970097897,8.019767614206517,1.6528750754252608,1.285102048020477,0.0023200212374607228,1.1376896013079765,-0.1915646424211279,1.021326561323618,0.34166951112531785,-0.4277849921213247,0.41760146952155336,21.039433320956196,3.730122449700646,18,18
China,CHN,2015,0.9271982508999719,2.3087643623708827,1.046182420925221,-1.0216057987556784,-0.2773975154041627,8.068145515403396,1.5713057539999449,1.0991749512578253,0.0023200212374607228,1.1376896013079765,-0.1915646424211279,1.021326561323618,0.34166951112531785,-0.403342671887277,0.41760146952155336,21.045247882418547,3.7214005169880235,18,19
China,CHN,2016,1.0645914957917675,2.243715305996787,1.046182420925221,-1.094679671227775,-0.382928787626052,8.116100109964803,1.6181081509843196,0.9963231873656695,0.0023200212374607228,1.1376896013079765,-0.1915646424211279,1.2343777914531946,0.34166951112531785,-0.403342671887277,0.41760146952155336,21.050978391475102,3.706180129069235,18,20
China,CHN,2017,1.2123681424416997,2.2847171315382306,1.046182420925221,-1.0722449026304217,-0.41686245332238164,8.167048087162765,1.6624015697035954,1.0228413284858886,0.0023200212374607228,1.1376896013079765,0.07763796992567584,1.021326561323618,0.34166951112531785,-0.41032611712965006,0.41760146952155336,21.057030841605584,3.7012363658271545,18,21
Cote d'Ivoire,CIV,1996,-0.5801574414999795,-0.4120533713018297,-1.535339777378736,-0.6125362189267082,-0.3889744726476127,-0.18281249726389148,-0.556996272383456,-1.0912004730529654,1.2154924592400194,1.1376896013079765,1.692853644006498,-0.4700314530402132,-0.4715140573618222,-0.5150804146226747,1.569789461431574,16.552621897040634,3.7053011264267233,19,0
Cote d'Ivoire,CIV,1997,-0.540382788819883,-0.5535163375737864,-1.535339777378736,-0.5776814556801854,-0.2516232110468177,-0.17915477719362374,-0.5274304056510746,-0.9543566073081596,0.60890624023874,0.5431056263060834,1.0198471131394888,-0.4700314530402132,-0.7425752468575363,-0.8424375942883786,0.6336367180046819,16.59104313032214,3.7250829152674183,19,1
Cote d'Ivoire,CIV,1998,-0.5373026879975712,-0.5319027262305612,-1.535339777378736,-0.5879017810639685,0.014184498933353214,-0.17542497405057264,-0.5317510662082283,-1.0141556087206576,0.0023200212374607228,-0.051478348695809785,0.34684058227247955,-0.4700314530402132,-1.0136364363532497,-1.1697947739540824,0.12955447154404823,16.62875820142858,3.762288477281492,19,2
Cote d'Ivoire,CIV,1999,-0.5531683764573823,-0.4032163168884062,-1.535339777378736,-0.5229554536063832,-0.42997300426053575,-0.1720869774820774,-0.5459067213372478,-1.0370050657774685,-0.6042661977638185,-0.646062323697703,-0.8645711732881372,-0.6830826831697902,-1.42022822059682,-1.4971519536197861,0.12955447154404823,16.66134602446462,3.699319737422061,19,3
Cote d'Ivoire,CIV,2000,-0.5755201951612053,-0.7556187991235138,-1.535339777378736,-0.5499106027957452,-0.4014612771934817,-0.16916574443791801,-0.5741153200482068,-1.0728296246033069,-1.2108524167650978,-1.240646298699596,-2.0759829288487537,-0.8961339132993669,-1.8268200048403904,-1.82450913328549,-1.4066961843359784,16.689018981274685,3.703483177963289,19,4
Cote d'Ivoire,CIV,2001,-0.6098984369590011,-0.8795428984643067,-1.535339777378736,-0.6035525240590954,-0.36658243818281794,-0.16626362066473138,-0.6160216730564525,-1.0527145649638905,-1.2108524167650978,-1.240646298699596,-1.941381622675352,-0.8961339132993669,-1.8268200048403904,-1.82450913328549,-1.1186491863584727,16.715772908955746,3.7085529187067627,19,5
Cote d'Ivoire,CIV,2002,-0.6459297856925312,-0.8652132143575059,-1.535339777378736,-0.5227122947977568,-0.44175747810463545,-0.16338599425126332,-0.6564419407623265,-1.025936570026227,-1.2108524167650978,-1.240646298699596,-1.8067803165019503,-0.8961339132993669,-1.8268200048403904,-1.82450913328549,-1.3106805183434764,16.74161254263829,3.697593827384219,19,6
Cote d'Ivoire,CIV,2003,-0.6922674731021818,-1.1825178364883575,-1.535339777378736,-0.5993201797621217,-0.5092512674126056,-0.16053913013571883,-0.7104705171075987,-0.9667258107148909,-1.2108524167650978,-1.240646298699596,-2.0759829288487537,-0.8961339132993669,-1.8268200048403904,-1.82450913328549,-1.3106805183434764,16.76653532943069,3.6876511387723983,19,7
Cote d'Ivoire,CIV,2004,-0.6879258917843676,-1.1037101322056448,-1.535339777378736,-0.4584439504731536,-0.43733067377127854,-0.15770020604320825,-0.7104049949204535,-0.9406272857940222,-1.2108524167650978,-1.240646298699596,-2.0759829288487537,-0.6830826831697902,-1.4202282205968195,-1.82450913328549,-1.5987275163209815,16.790785040649293,3.698242509982266,19,8
Cote d'Ivoire,CIV,2005,-0.6964305161570158,-1.074085993852115,-1.535339777378736,-0.32207959818705134,-0.39530718706764956,-0.15483709300009926,-0.7259961556564787,-0.8825562904383372,-1.2108524167650978,-1.240646298699596,-2.0759829288487537,-0.8961339132993669,-1.4202282205968195,-1.82450913328549,-2.174821512275992,16.814659936559117,3.70437956231427,19,9
Cote d'Ivoire,CIV,2006,-0.6938784296527908,-1.012668086082719,-1.535339777378736,-0.29686806416753153,-0.40611924333994737,-0.15194443315383427,-0.7323215437115784,-0.8526284552514831,-0.6042661977638185,-1.240646298699596,-1.8067803165019503,-0.6830826831697902,-1.2846976258489626,-0.7979170178538434,-2.174821512275992,16.838215915027817,3.7028041794271878,19,10
Cote d'Ivoire,CIV,2007,-0.7013135998969492,-0.7149604398386065,-1.535339777378736,-0.36238580918394814,-0.3799324966114886,-0.14901904565740956,-0.7526151260773979,-0.8610120542631546,-0.6042661977638185,-1.240646298699596,-1.8067803165019503,-0.6830826831697902,-1.2846976258489626,-0.7979170178538434,-2.1508175957778666,16.861487128400267,3.706615483789148,19,11
Cote d'Ivoire,CIV,2008,-0.6867591843803815,-0.7852601909764142,-1.535339777378736,-0.34760644193944845,-0.408454638670181,-0.1460929022562787,-0.7508231605573304,-0.784011339329693,0.0023200212374607228,-1.240646298699596,-1.8067803165019503,-0.6830826831697902,-1.149167031101106,-0.8171221469847272,-1.646735349317233,16.884234895563782,3.702463571831622,19,12
Cote d'Ivoire,CIV,2009,-0.6786099217575184,-0.7864278038456818,-1.535339777378736,-0.21038252787036515,-0.4424429208528892,-0.14316905680545466,-0.7568582819416427,-0.7334793599602896,0.0023200212374607228,-0.051478348695809785,-0.7299698671147353,-0.6830826831697902,-0.7425752468575356,-0.38064555824946333,-1.5987275163209815,16.906459416033595,3.6974933482711294,19,13
Cote d'Ivoire,CIV,2010,-0.6504709824126752,-0.22887078892419505,-1.535339777378736,-0.18718354971213214,-0.4673520801569846,-0.1402051544524396,-0.7554556187279662,-0.9031524507525677,0.0023200212374607228,-0.051478348695809785,-0.46076725476793157,-0.4700314530402132,-0.7425752468575356,-0.4242935313858821,-1.81476276480411,16.928495326462812,3.6938350455159994,19,14
Cote d'Ivoire,CIV,2011,-0.6986561545943091,-0.5754305789491694,-1.535339777378736,-0.2671304707030974,-0.5016920485640581,-0.13721821212397953,-0.8503773690230435,-0.8377845426773469,0.0023200212374607228,-0.051478348695809785,-1.2683750918083427,-0.4700314530402132,-0.878105841605393,-0.41381810163657956,-1.8867745142984866,16.95022190231203,3.6887696358681645,19,15
Cote d'Ivoire,CIV,2012,-0.6661412749048876,-0.6645894161471937,-1.535339777378736,-0.10517455889327172,-0.48701947036461424,-0.13428483017938206,-0.8442700701008657,-0.7570913534147563,0.0023200212374607228,-0.051478348695809785,-0.7299698671147353,-0.4700314530402132,-0.878105841605393,-0.3841375427563937,-2.078805846283491,16.97110910332852,3.6909370942948394,19,16
Cote d'Ivoire,CIV,2013,-0.6116921313365375,-0.22546985193437852,-1.535339777378736,-0.4516474530090764,-0.4796704809538586,-0.13142631908412442,-0.8158271359225681,-0.6533544879860004,0.0023200212374607228,-0.051478348695809785,0.07763796992567584,-0.4700314530402132,-0.878105841605393,-0.3841375427563937,-2.174821512275992,16.991051901325182,3.692020936398144,19,17
Cote d'Ivoire,CIV,2014,-0.5651353844868254,-0.013748291044059379,-0.8302894433298831,-0.5871309208001537,-0.4887453928666422,-0.12787284129646065,-1.0352016668503532,-0.5813153997212607,0.0023200212374607228,-0.051478348695809785,0.07763796992567584,-0.4700314530402132,-0.7425752468575356,-0.3352523785168106,-2.126813679279741,17.015301254872075,3.6906823817290295,19,18
Cote d'Ivoire,CIV,2015,-0.5346431652407532,0.11797776366228128,-0.702640262574449,-0.6151150730323119,-0.4583778620424112,-0.12352519792998658,-1.2448969623017787,-0.5583557990641338,0.0023200212374607228,-0.051478348695809785,-0.1915646424211279,-0.4700314530402132,-0.4715140573618222,-0.3736621130070912,-1.8867745142984866,17.044191871513355,3.6951545937184838,19,19
Cote d'Ivoire,CIV,2016,-0.5031465554594317,0.08580248456141822,-0.6209137820265422,-0.7644240653122218,-0.43899938641286945,-0.11903171938035449,-1.4109157753472146,-0.5001970788411341,0.0023200212374607228,-0.051478348695809785,-0.1915646424211279,-0.4700314530402132,-0.4715140573618222,-0.28636669050574054,-1.8867745142984866,17.073199551412287,3.6979980342750167,19,20
Cote d'Ivoire,CIV,2017,-0.46785759390655896,-0.08232353279835534,-0.5178890990045701,-0.7327214584325676,-0.3269083245253637,-0.11453277412788716,-1.2775882946638142,-0.584392047547159,0.0023200212374607228,-0.051478348695809785,-0.7299698671147353,-0.4700314530402132,-0.4715140573618222,-0.2654158310071355,-1.8867745142984866,17.101423267958054,3.7142885928147815,19,21
Cameroon,CMR,1996,-0.7646264303553109,-0.6157234101547517,-1.4077555343808106,-0.8354880594005106,-0.48169284650238775,-0.19507360419654626,-0.587470567245065,0.24895264544170795,-1.2108524167650978,-1.240646298699596,-1.8067803165019503,-1.1091851434289437,-1.8268200048403904,-1.82450913328549,1.569789461431574,16.411866002171134,3.691722791445013,20,0
Cameroon,CMR,1997,-0.7550094157024783,-0.5374573767212193,-1.4077555343808106,-0.7382300888731029,-0.40638280781338687,-0.19289383505508084,-0.5892651726616276,0.13090219154004928,-0.9075593072644581,-0.646062323697703,-1.1337737856349408,-0.8961339132993669,-1.4879935179707482,-1.82450913328549,0.561624968510306,16.43838152086693,3.702765745463357,20,1
Cameroon,CMR,1998,-0.7441460668319891,-0.4883005177723875,-1.3752973448751706,-0.917288530738233,-0.558179379925825,-0.19065849784685313,-0.5922279932899626,0.059092082941455445,-0.6042661977638185,-0.051478348695809785,-0.46076725476793157,-0.6830826831697902,-1.149167031101106,-1.82450913328549,-0.7345865223884667,16.4648619358756,3.6803810951122786,20,2
Cameroon,CMR,1999,-0.7342568732777225,-0.6163963676221235,-1.3198679704381968,-1.063907358875489,-0.5896526013110094,-0.18835885431345947,-0.60120560698848,0.052132563609100895,-0.6042661977638185,-0.051478348695809785,-0.05696333624772602,-0.6830826831697902,-1.149167031101106,-1.82450913328549,-0.7345865223884667,16.491391568056166,3.6756765182869047,20,3
Cameroon,CMR,2000,-0.7278247650443405,-0.6187289007395749,-1.2651011067432507,-0.7539377232703167,-0.3852873420266865,-0.18601560414937449,-0.6190883577445039,0.13715907462956964,-0.6042661977638185,-0.051478348695809785,0.34684058227247955,-0.6830826831697902,-1.149167031101106,-1.82450913328549,-1.1666570193547243,16.517719196983666,3.7058373027591456,20,4
Cameroon,CMR,2001,-0.7185357403024762,-0.4074327510945749,-1.0795222294733873,-0.6482617544100167,-0.658841592840228,-0.18361570346298794,-0.6434961589248518,-0.05402890842423002,-0.9075593072644581,-0.051478348695809785,-0.05696333624772602,-0.7896082982345785,-1.2846976258489626,-1.82450913328549,-1.3106805183434769,16.543983520836914,3.66525576225029,20,5
Cameroon,CMR,2002,-0.7085541095660423,-0.3730554497272954,-1.2331762148916536,-0.7378795839637149,0.047121957854259953,-0.18109982280571957,-0.7183869199046977,0.05338321821287936,-1.2108524167650978,-0.051478348695809785,-0.46076725476793157,-0.8961339132993669,-1.4202282205968195,-1.82450913328549,-1.3106805183434769,16.570796000684467,3.766803869454518,20,6
Cameroon,CMR,2003,-0.6930503054762213,-0.512787327510039,-1.1754373119772685,-0.976775584727489,-0.28629562748543486,-0.17847041130881738,-0.7837915280413652,0.13222544452969456,-0.6042661977638185,-0.051478348695809785,-0.46076725476793157,-0.8961339132993669,-1.2846976258489626,-1.1697947739540824,-1.3106805183434769,16.59807071231974,3.7201260803236464,20,7
Cameroon,CMR,2004,-0.6678233469425681,-0.44875634635650924,-1.299553876461583,-0.9305377761784719,-0.5797757912361596,-0.17574826542255842,-0.8340156867030014,0.07012796774432917,-0.6042661977638185,-0.051478348695809785,-0.46076725476793157,-0.8961339132993669,-1.2846976258489626,-1.1697947739540824,-1.3106805183434769,16.62554486104953,3.677155275614486,20,8
Cameroon,CMR,2005,-0.6713097880119032,-0.48646141447284763,-1.2815026007765633,-0.8389077453239611,-0.4297257159788231,-0.17294170009871093,-0.8996565725912484,0.09415620067714038,-1.2108524167650978,-0.051478348695809785,-0.46076725476793157,-0.8961339132993669,-1.4202282205968195,-1.82450913328549,-1.3106805183434769,16.65310224425257,3.699355922450181,20,9
Cameroon,CMR,2006,-0.6650407760936905,-0.5743847560571792,-1.4119165413034183,-0.7778173787388226,-0.5930274268362065,-0.1700643458109371,-0.8949063259134442,0.15561465503300434,0.0023200212374607228,-0.051478348695809785,0.07763796992567584,-0.8961339132993669,-1.0136364363532497,-0.8171221469847272,-0.8306021883809687,16.68058775546917,3.6751707372945353,20,10
Cameroon,CMR,2007,-0.6558757942221864,-0.4861256662011188,-1.084360741384061,-0.6006067894727266,-0.5068764177641457,-0.16704381712457111,-0.8909481156970543,0.024234539551350184,0.0023200212374607228,-0.051478348695809785,0.07763796992567584,-0.7896085965061812,-0.8103405442314641,-0.38064555824946333,-0.5185512739053381,16.70865053635569,3.6880026673420745,20,11
Cameroon,CMR,2008,-0.6562287119695868,-0.3268359412101368,-0.9249940173229513,-0.4930633484598401,-0.6280228503356793,-0.1638740970381516,-0.8466311455625692,0.06373623061660494,0.0023200212374607228,-0.051478348695809785,-0.1915646424211279,-0.6830826831697902,-0.6070446521096794,0.08900252632994105,-0.038472943942829865,16.73727638011924,3.6699108803943545,20,12
Cameroon,CMR,2009,-0.6582820301640051,-0.48416088367030197,-0.7827822308841199,-0.9207260709656171,-0.1891254015763685,-0.1606090845808495,-0.8057946273058058,-0.02683420337878487,0.0023200212374607228,-0.051478348695809785,-0.46076725476793157,-0.6830826831697902,-0.7425752468575356,-0.34747353863383457,0.12955447154404823,16.765930300865584,3.7339561302925386,20,13
Cameroon,CMR,2010,-0.6582811530199754,-0.4930681002058815,-0.7827822308841199,-0.7739273414969662,-0.3112202687376456,-0.15725835857710185,-0.7599969325232456,-0.08229654708885324,0.0023200212374607228,-0.051478348695809785,-0.7299698671147353,-0.8961339132993669,-0.7425752468575356,-0.35620323801541565,-0.4465395244109626,16.794506914056875,3.716547564810017,20,14
Cameroon,CMR,2011,-0.6550909152257992,-0.44343356269901035,-0.4893822555527714,-0.6497197899327309,-0.2802495860297269,-0.15384627730016126,-0.704563174182333,-0.08793244199081328,0.0023200212374607228,-0.051478348695809785,-0.7299698671147353,-1.1091851434289437,-0.7425752468575356,-0.35620323801541565,-0.590563023399714,16.82279114234682,3.720992204548723,20,15
Cameroon,CMR,2012,-0.6439523804312111,-0.5330104104436341,-0.37241031552380477,-0.6928092062889969,-0.34515028334094805,-0.1503556605478652,-0.6354026279132319,-0.01738289954947384,-0.6042661977638185,-0.051478348695809785,-0.7299698671147353,-1.1091851434289437,-0.7425752468575356,-0.3509655231407644,-0.7825943553847182,16.850921612819235,3.711655443600087,20,16
Cameroon,CMR,2013,-0.6302336486320288,-0.5091203699540734,-0.3072307006375365,-0.7032910835556968,-0.36643182939743885,-0.1467705738490069,-0.5599293669993191,-0.007644215286880456,-0.6042661977638185,-0.051478348695809785,-0.7299698671147353,-1.3222363735585203,-0.878105841605393,-0.7734741738483079,-0.8786100213772203,16.87901254859009,3.7085747544953014,20,17
Cameroon,CMR,2014,-0.6129970685845493,-0.38251825407159673,-0.1542041698421043,-0.6697163514644536,-0.3035580090480152,-0.14279441229134837,-0.4959077089991078,-0.09366856929899345,-0.6042661977638185,-0.051478348695809785,-0.7299698671147353,-1.3222363735585203,-0.878105841605393,-0.7926793029791921,-0.8786100213772203,16.909271766701025,3.717649025369204,20,18
Cameroon,CMR,2015,-0.5964705499169611,-0.48263947711084076,-0.10454638218948233,-0.8231776537217546,-0.27637169199098693,-0.13854005361285718,-0.47111222545420894,-0.1449362113366411,-0.6042661977638185,-0.051478348695809785,-0.7299698671147353,-1.3222363735585203,-0.7425752468575356,-0.3125552648789969,-0.8786100213772203,16.94066519990367,3.721547336710751,20,19
Cameroon,CMR,2016,-0.586201112974341,-0.38000641741606805,-0.0716659866316996,-0.9653088814325229,-0.3088827473816419,-0.1343629423481021,-0.45619295086223055,-0.22057920328834218,-0.6042661977638185,-0.051478348695809785,-0.7299698671147353,-1.3222363735585203,-0.7425752468575356,-0.34747353863383457,-0.8786100213772203,16.97055852111667,3.7168837153984677,20,20
Cameroon,CMR,2017,-0.5815747225644425,-0.39959962964313345,-0.0716659866316996,-1.00705383437188,-0.2593681610695529,-0.13028444338769918,-0.44796011056478646,-0.21392024980148416,-0.6042661977638185,-0.051478348695809785,-0.7299698671147353,-1.3222363735585203,-0.7425752468575356,-0.32128496426057823,-1.0706413533622223,16.99890849974382,3.7239778116593154,20,21
"Congo, Dem. Rep.",COD,1996,-1.102867497225172,0.5467964177164368,-1.0782440563709732,-0.3947087998962703,-0.5682096271364335,-0.002279401353115785,-1.1954927058537685,0.459186410513335,-1.2108524167650978,-0.051478348695809785,-1.3146017029521764,-1.302867808754375,-1.1943437153095986,-0.5150804146226747,-3.0389625062085073,17.628732045955584,3.6788841880801293,21,0
"Congo, Dem. Rep.",COD,1997,-1.1169954520765148,-2.437636443213781,-1.0782440563709732,-1.1650613122718514,-0.7639396833663544,0.002157928594939665,-1.2336059843094622,-0.46448723554426286,-0.8064615232194157,-0.646062323697703,-1.1732024924117936,-1.845179868208787,-1.1943437153095986,-0.9515567414721944,-2.534880259747873,17.644801808469893,3.6492159156685346,21,1
"Congo, Dem. Rep.",COD,1998,-1.1248462438015523,-2.486172280278588,-1.0782440563709732,-0.3261864808546521,-0.47406451995871507,0.00982399966887483,-1.2462736683008742,-0.5313964303874825,-0.4020706296737337,-1.240646298699596,-1.03180328187141,-2.3874919276631985,-1.1943437153095986,-1.3880330683217141,-2.558884176245998,17.67197013335985,3.692846924444804,21,2
"Congo, Dem. Rep.",COD,1999,-1.1379558373669463,-2.3685929257730476,-1.0782440563709732,-0.949678430360997,-0.6007811224985162,0.019592531998162816,-1.2613421601240273,-0.6754050106410611,-0.4020706296737337,-1.240646298699596,-0.7054969806694226,-2.3874919276631985,-1.1943437153095986,-1.3880330683217141,-3.327009504186012,17.705553195339245,3.6740077304182623,21,3
"Congo, Dem. Rep.",COD,2000,-1.1540395811366395,-0.9914734611455944,-1.0782440563709732,-1.3603761655577218,-0.5574017287724665,0.029234677060573956,-1.274441496454578,-0.36835077156056384,-0.4020706296737337,-1.240646298699596,-0.37919067946743473,-2.3874919276631985,-1.1943437153095986,-1.3880330683217141,-3.327009504186012,17.73763126952393,3.680497057679722,21,4
"Congo, Dem. Rep.",COD,2001,-1.1616239788230291,-1.932525471291348,-1.0782440563709732,-1.417572545241139,-0.4084773006543348,0.039062671877670554,-1.2893571902093635,0.26472747445803296,-0.4020706296737337,-1.240646298699596,-0.24866811591422178,-1.0026595283641557,-0.8393828532576039,-1.3880330683217141,-3.327009504186012,17.76930193235908,3.702460266108051,21,5
"Congo, Dem. Rep.",COD,2002,-1.1618347249902488,-1.8395616852919099,-1.0782440563709732,-1.2936112999078986,-0.2774301679207775,0.04884636463174612,-1.2919365378731205,0.4811785728660976,-0.4020706296737337,-1.240646298699596,-0.11814555236100883,0.3821728709348875,-0.4844219912056085,-1.3880330683217141,-3.327009504186012,17.799863992366205,3.721395843282467,21,6
"Congo, Dem. Rep.",COD,2003,-1.1582960617351439,-1.5973860459001787,-1.0782440563709732,-0.5769546113600463,0.09930745355689398,0.058481688410088495,-1.3017105674136689,0.16837289293522129,-0.4020706296737337,-1.240646298699596,-0.00937692886840621,0.3821728709348875,-0.4844219912056085,-1.3880330683217141,-3.327009504186012,17.82907642507385,3.7739164903384825,21,7
"Congo, Dem. Rep.",COD,2004,-1.153090885080252,-1.2676664189102897,-1.0782440563709732,-0.713095736265819,0.03075207315905761,0.06848305753059941,-1.2938755169843814,0.4116437994037578,-1.2108524167650978,-1.240646298699596,-0.7299698671147353,-1.7483382372744682,-1.4202282205968195,-1.82450913328549,-3.327009504186012,17.85852221097908,3.7645622724634706,21,8
"Congo, Dem. Rep.",COD,2005,-1.148757976939248,-0.673591701158845,-1.0782440563709732,-0.6640535755267524,-0.3994852723165627,0.07923494326856576,-1.2923697901739446,0.405286776931185,-1.2108524167650978,-1.240646298699596,-1.2683750918083427,-1.7483382372744682,-1.2846976258489626,-1.1697947739540824,-3.327009504186012,17.88923948749085,3.703771083865674,21,9
"Congo, Dem. Rep.",COD,2006,-1.1458331588388013,-0.8559304619023768,-1.0782440563709732,-0.8456053444027738,-0.3611918434736672,0.09036297323557549,-1.3040726512097522,0.2046751839962526,-0.4020706296737337,-1.240646298699596,-0.3356832300703941,0.3821728709348875,-0.4844219912056085,-0.3788998278817425,-3.327009504186012,17.920067941338424,3.7093341692613775,21,10
"Congo, Dem. Rep.",COD,2007,-1.1376028031434815,-0.6883495469933301,-1.0782440563709732,-0.026962354385619523,1.022766548069676,0.10162198637007579,-1.3121671747378338,0.6263374909318287,-0.4829489539635627,-0.22113313478541047,-0.07463810296396817,0.3821728709348875,1.0464286038141732,-0.3788998278817425,-3.327009504186012,17.95032109934068,3.8920694905613105,21,11
"Congo, Dem. Rep.",COD,2008,-1.1307116244218414,0.08759239245528047,-0.9978530626644593,-0.02828445798662773,0.6439813149736265,0.11318981983686635,-1.2938951104347307,0.5089248482974486,-0.5072124027236139,-0.2258898065854251,-0.07463810296396817,0.3821728709348875,1.3988081501586012,-0.630310141865003,-3.327009504186012,17.980479227151672,3.8452812796967635,21,12
"Congo, Dem. Rep.",COD,2009,-1.1349672372344517,-0.05971288015855421,-0.9414762177128215,-0.3143932990581205,-0.8618112796926259,0.1254135850770348,-1.3169354072135948,0.7567777801114587,-1.2108524167650978,-1.240646298699596,-1.5375777041551464,-1.535287603688097,-1.2846976258489626,-0.9899667378482188,-3.2069899216953854,18.011388998597972,3.634044011458041,21,13
"Congo, Dem. Rep.",COD,2010,-1.1275515990838125,0.6352848280189815,-0.9543386550935461,0.20499404740732985,1.278107981069104,0.1384211569779198,-1.2752805316518618,0.1887562218990493,-1.2108524167650978,-1.240646298699596,-1.5375777041551464,-1.535287603688097,-1.2846976258489626,-1.0126633277145445,-3.0389625062085073,18.043264157409112,3.9224180168649734,21,14
"Congo, Dem. Rep.",COD,2011,-1.1203929828053572,0.8351203905879959,-0.885103795027293,0.2750473838190641,0.38159908878036003,0.15224679314080636,-1.265457908461751,0.981788292167956,-1.2108524167650978,-1.240646298699596,-1.5375777041551464,-1.535287603688097,-1.2846976258489626,-1.0126633277145445,-3.0389625062085073,18.0760658133975,3.8115382592002014,21,15
"Congo, Dem. Rep.",COD,2012,-1.1111685103250473,0.5972620208807772,-0.8904903915443235,-0.2094322538982727,0.9872118059253807,0.16679225619007657,-1.2594214380052937,1.0263917732776242,-1.2108524167650978,-1.240646298699596,-1.8067803165019503,-1.535287603688097,-1.4202282205968195,-1.0528193163440334,-3.0389625062085073,18.109451861893856,3.8877696338666037,21,16
"Congo, Dem. Rep.",COD,2013,-1.0998433768565186,0.925230190906894,-0.9008944635537732,-0.03979511753202802,0.18176890441274393,0.1821206550978418,-1.2532585291411205,1.0936859560448717,-1.2108524167650978,-1.240646298699596,-1.8067803165019503,-1.3222363735585203,-1.4202282205968195,-1.0685324609679872,-3.0389625062085073,18.143468946367356,3.785053449935257,21,17
"Congo, Dem. Rep.",COD,2014,-1.0923410868263357,1.0495816187868379,-0.8043725632217277,0.005365976355608311,0.020229104039568305,0.19792720908656167,-1.245343869968782,1.229960514038956,-1.2108524167650978,-1.240646298699596,-1.8067803165019503,-1.3222363735585203,-1.4202282205968195,-1.0824993514527321,-3.0389625062085073,18.177375849261054,3.7631186604194276,21,18
"Congo, Dem. Rep.",COD,2015,-1.086272671459849,0.4446612064791187,-0.7680703188975332,-0.4690098131104112,-0.15030543257381096,0.21384528623201565,-1.254379496395918,1.1399390182613351,-1.2108524167650978,-1.240646298699596,-1.8067803165019503,-1.3222363735585203,-1.4202282205968195,-1.0196467729569172,-3.0389625062085073,18.210398283117286,3.739428270583928,21,19
"Congo, Dem. Rep.",COD,2016,-1.0929345851984837,0.6901850503763391,-0.7680703188975332,-0.1716585067496104,-0.23244260506790812,0.23150856592695881,-1.269941094827527,0.9833378336605048,-1.2108524167650978,-1.240646298699596,-2.0759829288487537,-1.3222363735585203,-1.4202282205968195,-1.0510730622048252,-3.0389625062085073,18.245808365011783,3.727814492369483,21,20
"Congo, Dem. Rep.",COD,2017,-1.0918969202647446,0.5993865453582835,-0.7680703188975332,-0.23225965595009548,-0.1688115218917335,0.2504181752542489,-1.2712145176993308,1.0364403110803257,-1.2108524167650978,-1.240646298699596,-2.0759829288487537,-1.535287603688097,-1.5557588153446769,-1.1069421954582679,-3.230993838193511,18.282376826641887,3.7368233499076595,21,21
"Congo, Rep.",COG,1996,-0.129478199212706,1.108019885295611,-0.552278657740807,1.5797653406265741,-0.22540224648450544,-0.25910158710796166,0.8926794593911099,2.0803442772901697,1.2154924592400194,-0.051478348695809785,0.7084964169069503,-0.21824368984555087,0.612730700621032,0.3578722390763645,-0.15849252643345632,14.854650935189996,3.728815265338407,22,0
"Congo, Rep.",COG,1997,-0.1614271333860972,-0.1201684307489084,-0.552278657740807,1.7929112418603408,-0.9989669609795842,-0.25873223997403644,0.8395597903078238,2.49800208083399,1.6198833527857013,-0.051478348695809785,0.7737578063646018,-0.4893997195727564,-0.2908065073442834,-0.5150804146226747,-0.3025160254222089,14.876027340196522,3.612387419863677,22,1
"Congo, Rep.",COG,1998,-0.1445400728824232,0.21202623885062802,-0.552278657740807,2.1740381485187736,-2.112279341985587,-0.2583440133641691,0.812680056939286,1.5990515408087915,2.024274246331383,-0.051478348695809785,0.8390191958222533,-0.7605557492999624,-1.1943437153095986,-1.3880330683217141,-0.7345865223884667,14.898014467191974,3.416728937814705,22,2
"Congo, Rep.",COG,1999,-0.2044339956517332,0.48485766590621304,-0.552278657740807,1.6663668754307932,-1.1312142105970804,-0.2578553179479912,0.7753606918325002,2.8646235211716524,2.024274246331383,-0.051478348695809785,1.0348029334710276,-0.21824368984555087,-0.7425752468575356,-1.3880330683217141,-0.7345865223884667,14.925021572501281,3.5910521188632534,22,3
"Congo, Rep.",COG,2000,-0.16569680218515825,-0.20357215003555137,-0.552278657740807,1.4493414210969162,-1.1548772219871493,-0.25713889565640424,0.8664549718799847,3.7698099709576547,2.024274246331383,-0.051478348695809785,1.2305866711198021,0.3240683696088616,-0.2908067784054728,-1.3880330683217141,-0.30251602542221007,14.963340221121792,3.5871861130815064,22,4
"Congo, Rep.",COG,2001,-0.16616833095923406,0.44645507008682167,-0.552278657740807,1.6471790248158935,-1.4598615287910015,-0.25640601883117276,0.8562198091958427,3.21545243963361,1.2154924592400194,-0.051478348695809785,1.1653252816621507,1.1520625841219863,0.031885333281815684,-0.9515567414721944,-0.15849252643345632,15.00107638861627,3.535972770989076,22,5
"Congo, Rep.",COG,2002,-0.14187664095778396,-0.005633434911762398,-0.9567721452179294,1.7841508801079942,0.4741278117397873,-0.2559329192408932,0.8536989373399573,3.0349817460012507,0.40671067214865514,-0.051478348695809785,1.1000638922044996,1.9800567986351105,0.35457744496910415,-0.5150804146226747,-0.7345865223884667,15.024701325013437,3.8235680772316383,22,6
"Congo, Rep.",COG,2003,-0.16466580812657255,0.3507507042149282,-0.9182962189034761,2.4048608288255027,0.42096818403858405,-0.2553585405144579,0.8159982960946635,2.856421651311698,0.40671067214865514,-0.051478348695809785,1.2958478452153637,1.1811148347849993,0.35457744496910415,-0.5150804146226747,-1.3106805183434769,15.052653306406334,3.8166744010350677,22,7
"Congo, Rep.",COG,2004,-0.16466735785074868,-0.08298469119378507,-0.7499256228408793,1.6656131869990136,-0.31931937834740814,-0.254634075396797,0.8095731217412412,3.246732208314511,0.40671067214865514,-0.051478348695809785,1.3611090193109256,1.1811148347849993,0.35457744496910415,-0.5150804146226747,-1.3106805183434769,15.08683027993803,3.715381986012199,22,8
"Congo, Rep.",COG,2005,-0.11986796380313143,0.1011919708217576,-0.7499256228408793,1.3229999523049205,1.3964649661358004,-0.25384286086995966,0.771685542467764,2.901179002460328,-1.2108524167650978,-1.240646298699596,-1.2683750918083427,-1.535287603688097,-1.149167031101106,-1.1697947739540824,-1.3106805183434769,15.122868307793754,3.9361788655775527,22,9
"Congo, Rep.",COG,2006,-0.07240020882096321,0.3355892653572078,-0.7499256228408793,1.4983725129394059,2.4778745310415333,-0.2529901036055623,0.8226543728330739,2.9776068136636584,-1.2108524167650978,-1.240646298699596,-1.2683750918083427,-1.535287603688097,-0.7425752468575356,-0.8310890374694717,-1.3106805183434769,15.16030821783384,4.053846011198384,22,10
"Congo, Rep.",COG,2007,-0.19490961400798928,4.379989541713146,-0.7499256228408793,2.164902890817865,2.1009403671164373,-0.25212522162967743,0.6651254666310634,2.5152049552188522,-1.2108524167650978,-1.240646298699596,-0.8645711732881372,-1.535287603688097,-0.7425752468575356,-0.8310890374694717,-1.3106805183434769,15.19690066285481,4.014384778039786,22,11
"Congo, Rep.",COG,2008,-0.1631910613116427,2.0574639818871243,-0.7499256228408793,1.7160770224890738,2.1862283766614214,-0.2513204129126038,0.7208554481210625,3.0868101860836177,-1.2108524167650978,-0.051478348695809785,-0.7299698671147353,-1.535287603688097,-0.7425752468575356,-0.8747370106058905,-1.3106805183434769,15.22978918141721,4.023450868364806,22,12
"Congo, Rep.",COG,2009,-0.0805193703141818,3.669288632102009,-0.7499256228408793,1.786943173972224,1.4267357940596206,-0.25030627906428893,0.7703563871774707,2.401037208287862,-1.2108524167650978,-0.051478348695809785,-0.1915646424211279,-1.535287603688097,-0.7425752468575356,-0.8747370106058905,-1.3106805183434769,15.269748573668851,3.939668123064965,22,13
"Congo, Rep.",COG,2010,-0.013739768037109735,1.9645410373231234,-0.7499256228408793,1.4538322491411921,1.3165697608177807,-0.2492112996958364,0.8598241600910467,3.2729090820178994,-1.2108524167650978,-0.051478348695809785,-0.1915646424211279,-1.535287603688097,-0.7425752468575356,-0.8834661862159848,-1.3106805183434769,15.311172869239357,3.9269106022731384,22,14
"Congo, Rep.",COG,2011,-0.027425456398345156,1.3686307752938693,-0.7499256228408793,1.4691135429787165,-0.31826873860291616,-0.24831973126020382,0.8317467591535722,3.247515064758574,-1.2108524167650978,-0.051478348695809785,-0.1915646424211279,-1.535287603688097,-0.7425752468575356,-0.8834661862159848,-1.3106805183434769,15.343678760265108,3.7155332649493404,22,15
"Congo, Rep.",COG,2012,0.06066158847614893,1.8882992699459706,-0.4659405452874674,0.6819120519751908,-0.7070056908683694,-0.24752920007122092,0.9027121675112475,3.2006261294791463,-1.2108524167650978,-0.051478348695809785,-0.1915646424211279,-1.535287603688097,-0.7425752468575356,-0.8834661862159848,-1.5027118503284804,15.37164283682433,3.657936981334199,22,16
"Congo, Rep.",COG,2013,0.01848401455773297,2.969487648223761,-0.4659405452874674,0.5531179938995658,1.1280212427207472,-0.24682379584663158,0.8368271879286858,2.924378857619615,-1.2108524167650978,-0.051478348695809785,-0.1915646424211279,-1.535287603688097,-0.7425752468575356,-0.8834661862159848,-1.5987275163209826,15.395952109956783,3.904691278734835,22,17
"Congo, Rep.",COG,2014,0.07259672218203574,3.911576575642049,-0.4659405452874674,0.8777368959406646,2.0869817771823675,-0.24610549891137326,0.8515754251352944,2.5926492658436535,-1.2108524167650978,-0.051478348695809785,-0.1915646424211279,-1.535287603688097,-0.7425752468575356,-0.8834661862159848,-1.5987275163209826,15.420112998324193,4.012893125597638,22,18
"Congo, Rep.",COG,2015,0.04536511119695383,6.723613866981597,-0.4659405452874674,1.2582727928238353,5.178344933639943,-0.2453695440421781,0.7835024265215325,1.8171680894754259,-1.2108524167650978,-0.051478348695809785,-0.46076725476793157,-1.535287603688097,-0.7425752468575356,-0.8799747254805418,-1.5987275163209826,15.444276867618186,4.298521503661278,22,19
"Congo, Rep.",COG,2016,-0.10101244354574798,6.701842222301781,-0.4659405452874674,1.4014937843424558,-0.5625555476981671,-0.24461391146167108,0.5884718113187373,0.9660687099207784,-1.2108524167650978,-0.051478348695809785,-0.46076725476793157,-1.535287603688097,-0.7425752468575356,-0.8799747254805418,-1.5987275163209826,15.468493857117297,3.679728274442156,22,20
"Congo, Rep.",COG,2017,-0.19536771053129587,1.7078648671429753,-0.4659405452874674,0.5999265302288747,5.66941877848139,-0.24383699260463745,0.47026915293685195,1.591591989808555,-1.2108524167650978,-0.051478348695809785,-0.46076725476793157,-1.535287603688097,-0.7425752468575356,-0.8206136077201692,-1.7907588483059858,15.49279625986241,4.337230975753385,22,21
Colombia,COL,1996,0.3941676654553058,-0.12055740011982738,0.47177016626574536,-1.0985381677134118,-0.09935504278572176,-0.055696943415189194,0.8074769071549538,0.14017874082869927,0.0023200212374607228,1.1376896013079765,0.6160431946192833,0.5952241010644648,-0.20045286786610875,-0.5150804146226747,0.6576406345028081,17.41180163979288,3.7465651957989086,23,0
Colombia,COL,1997,0.4212229268721002,-0.28924369992418975,0.47177016626574536,-1.1115011417898428,0.24086928442487895,-0.05171541795773544,0.5801065018160773,0.020365931855275694,0.0023200212374607228,1.1376896013079765,0.07763796992567584,0.8082753311940414,-0.06492227311825247,-0.5150804146226747,-0.6865786893922161,17.429697446005832,3.792959724158159,23,1
Colombia,COL,1998,0.40027982556334485,-0.44324305709572825,0.47177016626574536,-1.1024581568562721,-0.15499364658215023,-0.04765762473904481,0.42386034391137234,-0.03672992497373267,0.0023200212374607228,1.1376896013079765,-0.46076725476793157,1.021326561323618,0.07060832162960441,-0.5150804146226747,-0.7345865223884667,17.447612390433594,3.738768998175876,23,2
Colombia,COL,1999,0.3006573869004628,-1.13349622017919,0.47177016626574536,-1.0954884488542147,-0.34502302662889156,-0.04365013244312363,0.13943704784348798,-0.009404257067137569,-0.30097308826317887,1.1376896013079765,-0.5953685609413335,1.1278521763884064,-0.33598346261396594,-0.5150804146226747,-0.4465395244109626,17.464995747865814,3.7116738366017494,23,3
Colombia,COL,2000,0.32072449428225164,-1.0265402464353042,0.47177016626574536,-1.196463036485575,-0.22837758276938264,-0.03980970718174822,0.2664652025370627,0.039257220038214136,-0.6042661977638185,1.1376896013079765,-0.7299698671147353,1.2343777914531946,-0.7425752468575356,-0.5150804146226747,-0.9266178543734708,17.481375574938387,3.728392449391518,23,4
Colombia,COL,2001,0.3222178863774027,-0.8724123683747922,0.47177016626574536,-1.1606794744816986,-0.20318379184130814,-0.036064483582690626,0.24566746423155555,0.032356489573882236,-0.30097308826317887,0.5431056263060834,-0.7299698671147353,0.8082753311940414,-0.4715140573618222,-0.187723234956971,-1.0226335203659718,17.497095043378415,3.73196702261481,23,5
Colombia,COL,2002,0.33747211370572905,-0.7115447654408021,0.5351937540723212,-1.1873127965195818,-0.27251560733500924,-0.032342904682843,0.377712922526282,0.057827297906596103,0.0023200212374607228,-0.051478348695809785,-0.7299698671147353,0.3821728709348875,-0.20045286786610875,0.13963394470873283,-0.6865786893922161,17.5124742712189,3.722099041386284,23,6
Colombia,COL,2003,0.37619227963911783,-0.5435557281806863,0.5351937540723212,-1.0848491788268446,-0.33348448740513803,-0.028637465860282187,0.30001576004671315,0.17218619942279972,0.0023200212374607228,-0.051478348695809785,-0.999172479461539,0.3821728709348875,-0.06492227311825187,0.13963394470873283,-0.4465395244109626,17.52755536143462,3.7133401506776287,23,7
Colombia,COL,2004,0.43988735739437224,-0.45594743958073164,0.708912804606722,-1.1037774262972146,-0.19095723538722179,-0.02497440003193219,0.421847771480486,0.24057291168683226,0.0023200212374607228,-0.051478348695809785,-0.999172479461539,0.3821728709348875,-0.06492227311825187,0.13963394470873283,-0.4465395244109626,17.542243733631764,3.7336971700204087,23,8
Colombia,COL,2005,0.4985829667335729,-0.19817425757954957,0.8542268107236841,-1.0585626252457954,0.5477129971986545,-0.021431891933364814,0.40199264914502936,0.2923349096074804,0.0023200212374607228,-0.051478348695809785,-0.7299698671147353,0.8082753311940414,0.07060832162960441,0.13963394470873283,-0.4465395244109626,17.556246375412684,3.833032767431639,23,9
Colombia,COL,2006,0.5941853911724617,-0.001429489192596215,0.9747191899327394,-0.994227285616109,0.06460412715788054,-0.018032697319855545,0.42295732012090653,0.33935978217271084,0.0023200212374607228,-0.051478348695809785,-0.1915646424211279,1.021326561323618,0.07060832162960441,0.6022985840457651,-0.37452777491658545,17.56950067419941,3.769192240729426,23,10
Colombia,COL,2007,0.6964339485559581,0.1805534778713707,1.073443516984779,-1.0679519967123583,0.08764728755586004,-0.014741246339549376,0.4045438618382398,0.3115409146158849,0.0023200212374607228,-0.051478348695809785,-0.1915646424211279,1.021326561323618,0.07060832162960441,0.6022985840457651,-0.44653952441096145,17.582169583867444,3.7723316514905143,23,11
Colombia,COL,2008,0.7373462900931909,-0.08197622630022826,1.117595145463384,-1.0079635464588748,0.09569539229400353,-0.01157591654766347,0.39478286702488247,0.4406474318700866,0.0023200212374607228,-0.051478348695809785,-0.1915646424211279,1.021326561323618,0.07060832162960441,0.6267414280512996,-0.13448860993533196,17.594203499071423,3.7734258108205965,23,12
Colombia,COL,2009,0.7366999516167267,0.006956852424408955,1.2638997391896138,-1.12428724571386,-0.05647103315035512,-0.00847529824586604,0.3504438057145551,0.3671078889935022,0.0023200212374607228,-0.051478348695809785,-0.1915646424211279,1.021326561323618,0.07060832162960441,0.6267414280512996,0.12955447154404823,17.60585263581619,3.7525329873354036,23,13
Colombia,COL,2010,0.8042446741830578,-0.06630009997236519,1.3249167850559314,-1.1501391676479944,-0.2613756929937819,-0.005416738481921647,0.35052697094645857,0.3774494935655663,0.0023200212374607228,1.1376896013079765,0.07763796992567584,1.2343777914531946,0.2061389163774616,0.6284871584190208,0.12955447154404823,17.617212319197417,3.723691163555586,23,14
Colombia,COL,2011,0.9265366505000475,-0.08172815938818062,1.3702533044611556,-0.9991838819421435,0.09847105576819626,-0.002500185999703042,0.4467329084119218,0.5380614392384392,0.0023200212374607228,1.1376896013079765,0.6160431946192833,1.6604796551691425,0.2061389163774616,0.6424545726752537,0.12955447154404823,17.627925691726062,3.7738028915184545,23,15
Colombia,COL,2012,0.9906009772463088,-0.17766117231867315,1.2263179398048434,-1.0176051373921295,0.04514310594115372,0.0002585396270983939,0.43908297137539903,0.5466581459541365,0.0023200212374607228,1.1376896013079765,0.6160431946192833,1.6604796551691425,0.2061389163774616,0.6424545726752537,-0.062476860440955385,17.637954769771113,3.766533163801091,23,16
Colombia,COL,2013,1.0855131880446711,-0.1517930749958589,1.257792589687835,-1.0422095005231713,0.07646277445510649,0.0028937685666194962,0.29350656055612934,0.4919275006164684,0.0023200212374607228,1.1376896013079765,0.07763796992567584,1.447428425039566,0.07060832162960441,0.6284871584190208,-0.15849252643345632,17.647441862852087,3.7708090991811973,23,17
Colombia,COL,2014,1.1707278896659001,0.009844943193896689,1.2310492117622789,-1.056684517035562,0.07621727922092904,0.005396387631722304,0.3191177041746448,0.3453817095769563,0.0023200212374607228,1.1376896013079765,0.07763796992567584,1.447428425039566,0.07060832162960441,0.6284871584190208,-0.15849252643345632,17.65636897829878,3.770775653801724,23,18
Colombia,COL,2015,1.2218788172066661,0.09530102137812317,1.2423096832436409,-1.0313611267947123,0.028593988053517788,0.007842561780603653,0.28680432850829707,0.14603872813349766,0.60890624023874,1.1376896013079765,0.34684058227247955,1.2343777914531946,0.34166951112531785,1.0771849072713082,-0.15849252643345632,17.66501840188146,3.764266381583235,23,19
Colombia,COL,2016,1.2491575865012907,-0.055781836734456955,1.269172462354239,-1.0939407508910932,0.1879019430465055,0.01067008078290705,0.22280817104140085,0.07114920682948617,0.60890624023874,1.1376896013079765,0.34684058227247955,1.2343777914531946,0.4772001058731751,1.0859146066528895,-0.15849252643345632,17.67492388716488,3.7858768226136355,23,20
Colombia,COL,2017,1.2465760261001695,-0.10515076543608877,1.2982883860493124,-1.120610768021426,0.10193483553425356,0.014864239210596387,0.25264416276605295,-0.0015790080928987584,0.60890624023874,1.1376896013079765,0.6160431946192833,1.2343777914531946,0.34166951112531785,1.0859146066528895,-0.15849252643345632,17.689438659478032,3.7742732551567637,23,21
Comoros,COM,1996,-0.8674495818170571,-0.6640775634542346,-1.1396922731832875,-1.1068398961406432,-0.618861569544984,-0.2731776091457303,-0.4734803183693577,-1.2167512049908953,0.0023200212374607228,-0.646062323697703,0.6160431946192833,-1.1446937812077407,-0.4037487599878938,-0.5150804146226747,0.12955447154404823,13.120577784181174,3.6712905081307734,24,0
Comoros,COM,1997,-0.8560507515257887,-0.6640848341573139,-1.1396922731832875,-1.1068622594351019,-0.639898872316097,-0.2731251795953082,-0.47479377294995123,-1.216796788015271,0.0023200212374607228,-0.646062323697703,0.6160431946192833,-1.1446937812077407,-0.4037487599878938,-0.5150804146226747,0.12955447154404823,13.137799623170833,3.668119593092917,24,1
Comoros,COM,1998,-0.8635421505134804,-0.6640873398560218,-1.1396922731832875,-1.1068562803464383,-0.6229811203846545,-0.27307184295923864,-0.4796929564793906,-1.2167633366455686,0.0023200212374607228,-0.646062323697703,0.6160431946192833,-1.1446937812077407,-0.4037487599878938,-0.5150804146226747,0.12955447154404823,13.155020288169096,3.670670366771838,24,2
Comoros,COM,1999,-0.8596742145265764,-0.6640873691417077,-1.1396922731832875,-1.1068589772977255,-0.6285114476288982,-0.2730156701687114,-0.4832333202142851,-1.2167943037074953,0.0023200212374607228,-0.34877033619675635,0.4814418884458814,-1.0204138472535538,-0.4037487599878938,-0.6787590044555267,0.12955447154404823,13.172841639743476,3.6698372474129908,24,3
Comoros,COM,2000,-0.8724332811727883,-0.664085202226192,-1.1396922731832875,-1.1068496551268439,-0.636167620445503,-0.2729540246281113,-0.4748111343629085,-1.2167824321495027,0.0023200212374607228,-0.051478348695809785,0.34684058227247955,-0.8961339132993669,-0.4037487599878938,-0.8424375942883786,0.12955447154404823,13.192040548038538,3.668682732036762,24,4
Comoros,COM,2001,-0.8583959114956967,-0.6640800333121886,-1.1396922731832875,-1.1068568951901696,-0.5888540673263817,-0.27288665840069465,-0.4753934872583555,-1.2167740924222876,0.3056131307381003,0.2458136388051368,0.4814418884458814,-0.6475743436625957,-0.2343355165530728,-0.5150804146226747,0.12955447154404823,13.212608021747075,3.6757961561863617,24,5
Comoros,COM,2002,-0.8477339506777344,-0.6640832987426863,-1.0266525179408343,-1.1068600796082257,-0.6238025777097528,-0.27281588757848124,-0.47490344657137984,-1.216778875004147,0.60890624023874,0.5431056263060834,0.6160431946192833,-0.39901477402582486,-0.06492227311825187,-0.187723234956971,0.12955447154404823,13.233768785828047,3.6705466617394706,24,6
Comoros,COM,2003,-0.8477841226028375,-0.664082161896528,-0.8861152502047808,-1.1068647167546264,-0.6163048607760289,-0.27275012386904174,-0.4729331634576396,-1.2167818394287577,0.60890624023874,-0.051478348695809785,-0.1915646424211279,-0.8961339132993669,-0.06492227311825187,-0.8424375942883786,0.12955447154404823,13.25303894604265,3.6716751919329966,24,7
Comoros,COM,2004,-0.8425052603661208,-0.6640807350900794,-0.754557255614961,-1.1068617008029111,-0.6225692544481632,-0.2726841726952351,-0.4688559140566894,-1.2167805933202855,0.99491587290727,0.20076938386053325,0.07763796992567584,-0.4994428227130852,0.06513234347941253,0.23883312180570287,0.12955447154404823,13.271998161620989,3.6707323847932343,24,8
Comoros,COM,2005,-0.8263088790236183,-0.6640831325500751,-0.754557255614961,-1.1068516619445263,-0.6264133623413997,-0.2726117691188563,-0.4142361608664736,-1.2167635682840496,0.60890624023874,-0.051478348695809785,-0.1915646424211279,-0.8961339132993669,-0.06492227311825187,-0.187723234956971,0.12955447154404823,13.292406528814716,3.6701533964064557,24,9
Comoros,COM,2006,-0.8439588669400423,-0.6640816777437756,-0.754557255614961,-1.1068555693403508,-0.6217154601139048,-0.2725387426769996,-0.35514671558379235,-1.2167690760288936,1.2154924592400194,-0.051478348695809785,0.07763796992567584,-0.8961339132993669,-0.06492227311825187,0.21819966782850123,0.12955447154404823,13.31257704275383,3.670860935337109,24,10
Comoros,COM,2007,-0.8493804300422725,-0.7982486452735116,-0.754557255614961,-1.182280586783663,-0.4773849030230437,-0.2724651236058533,-0.290814863325929,-1.199815372102711,1.2154924592400194,-0.051478348695809785,-0.1915646424211279,-0.8961339132993669,-0.06492227311825187,0.21819966782850123,0.12955447154404823,13.332507602399195,3.6923577781766133,24,11
Comoros,COM,2008,-0.8407073956473362,-0.4726028663906466,-0.754557255614961,-1.093480464339155,-0.5549600982089442,-0.2723902588037511,-0.22563921575781326,-1.2226581052425467,1.2154924592400194,-0.051478348695809785,-0.1915646424211279,-1.1446937812077407,-0.06492227311825187,0.050592791839661304,0.12955447154404823,13.352376081971961,3.6808610638356796,24,12
Comoros,COM,2009,-0.8351450557536256,-0.7213947801071315,-0.754557255614961,-1.044811335447665,-0.38237653321962,-0.27231382171986,-0.16369761395351887,-1.2278412265134988,-0.36163171016330686,0.36869416841646807,-0.1915646424211279,-1.1446937812077407,1.0870877822385308,0.050592791839661304,0.12955447154404823,13.372262582506938,3.7062603847101303,24,13
Comoros,COM,2010,-0.827057035939445,-0.5735643946593354,-0.754557255614961,-0.9968733034569917,-0.48534011670690247,-0.2722358788737942,-0.09675594565709882,-1.2526303721592118,-0.16752412008289747,0.3528387543054771,-0.1915646424211279,-1.1446937812077407,1.5411152746438508,-0.038448361029410495,0.12955447154404823,13.392141628686023,3.691184871944994,24,14
Comoros,COM,2011,-0.817181090336653,-0.7113124026070385,-0.754557255614961,-0.9838000327662042,-0.2587820236307028,-0.27215593439206637,-0.02861611981763631,-1.2591192715518704,-0.14326067132284628,0.07536639119365404,-0.1915646424211279,-1.1446937812077407,1.5343387449064576,0.019166502591753714,0.12955447154404823,13.41212877821976,3.724061488574555,24,15
Comoros,COM,2012,-0.8117892670292571,-0.7150912530496732,-0.754557255614961,-0.9603268115808581,-0.4681508131576133,-0.27207384918821054,0.03825736526491134,-1.2986029279732882,0.1721641625578188,0.5034668531950167,0.07763796992567584,-0.8961339132993669,1.724081577553457,0.019166502591753714,0.12955447154404823,13.432243734683661,3.6937175172427605,24,16
Comoros,COM,2013,-0.8006243059407694,-0.7732948088407542,-0.15879689248633092,-1.005768993840239,-0.5767350177296281,-0.27198578931355694,0.10881844103031185,-1.263201805009787,1.2154924592400194,-0.051478348695809785,0.07763796992567584,-0.8961339132993669,-0.06492227311825187,0.019166502591753714,0.12955447154404823,13.453382199726912,3.677610100735243,24,17
Comoros,COM,2014,-0.8010778119731735,-0.8920738917275127,-0.06789209321036316,-1.0059866483115285,-0.571934046325299,-0.27189320005790374,0.1769338687475622,-1.2663058380641887,1.2154924592400194,0.34491080941639235,0.556220344017307,-0.06760161681465984,0.9139100410039928,0.019166502591753714,0.12955447154404823,13.47513631842175,3.678327787399973,24,18
Comoros,COM,2015,-0.8059059754099503,-1.1033459864269362,-0.06789209321036316,-1.0474782342118925,-0.5544298497046096,-0.27180140903762035,0.0751277383223712,-1.366336231674995,1.2154924592400194,0.34491080941639235,0.556220344017307,-0.06760161681465984,0.9139100410039928,0.11868308521012776,0.12955447154404823,13.496245622908777,3.680940097483119,24,19
Comoros,COM,2016,-0.7998491044522474,-1.2272022132722284,-0.06789209321036316,-1.0669665889648454,-0.5812398978804004,-0.27171034368585484,-0.02027449279615499,-1.412411126648253,1.2154924592400194,0.34491080941639235,0.556220344017307,-0.06760161681465984,0.9139100410039928,0.11868308521012776,0.12955447154404823,13.516756752789885,3.67693620737443,24,20
Comoros,COM,2017,-0.7909865420287429,-1.124346543520722,-0.23300347874772623,-0.9790615565839028,-0.5793263131607503,-0.2716200705222215,-0.11675710621915719,-1.4720681595927452,1.2154924592400194,0.34491080941639235,0.556220344017307,-0.06760161681465984,0.9139100410039928,0.11868308521012776,0.12955447154404823,13.536682506066116,3.6772225195385797,24,21
Cabo Verde,CPV,1996,-0.8478293614202262,-0.09153061916490066,0.06061522586875644,0.04528945718730593,0.32002506462950625,-0.2736222383411555,-0.043961834899287136,0.17443445159408408,1.2154924592400194,1.1376896013079765,1.692853644006498,0.5952241010644648,1.2903836743603156,0.46699112437443663,0.12955447154404823,12.961212922882105,3.8034519634444743,25,0
Cabo Verde,CPV,1997,-0.805817825835014,-0.09153061916490066,0.06061522586875644,0.3494542151721606,-0.24188053168892376,-0.2735785954270383,0.034079198901162545,-0.052113896024715535,1.2154924592400194,1.1376896013079765,1.692853644006498,0.5952241010644648,1.2903836743603156,0.46699112437443663,0.12955447154404823,12.978028695975695,3.7264713367093334,25,1
Cabo Verde,CPV,1998,-0.7526584374268526,-0.09153061916490066,0.06061522586875644,0.23062480673655564,-0.42074822496739356,-0.27353634942481814,0.12277191220214557,-0.0379267691997345,1.2154924592400194,1.1376896013079765,1.692853644006498,0.5952241010644648,1.2903836743603156,0.46699112437443663,0.12955447154404823,12.994041250109156,3.700668688704583,25,2
Cabo Verde,CPV,1999,-0.7002953286187117,-0.09153061916490066,0.06061522586875644,0.20416775395263131,0.8984441031415569,-0.273495621279248,0.19457651894055222,-0.28755100161260144,1.2154924592400194,1.1376896013079765,1.692853644006498,0.5952241010644648,1.2903836743603156,0.46699112437443663,0.12955447154404823,13.009239471128668,3.8769529994634833,25,3
Cabo Verde,CPV,2000,-0.6247493098268462,-0.09153061916490066,0.06061522586875644,0.39414682066562734,0.43156539293805346,-0.27345451215770594,0.2882843387416757,-0.42312884809055606,1.2154924592400194,1.1376896013079765,1.692853644006498,0.5952241010644648,1.2903836743603156,0.46699112437443663,0.12955447154404823,13.024349144942684,3.8180524320042384,25,4
Cabo Verde,CPV,2001,-0.6201337189483762,-0.09153061916490066,-0.006306789020496082,0.5287850849571302,-0.3702929241498223,-0.27341232662786225,0.28579003137684905,-0.6380035287144045,1.2154924592400194,1.1376896013079765,1.692853644006498,0.5952241010644648,1.2903836743603156,0.46699112437443663,0.12955447154404823,13.039620694743189,3.7080148088432963,25,5
Cabo Verde,CPV,2002,-0.5947344643434858,-0.09153061916490066,0.10933533163352312,0.7876153423405122,-0.23868467382461256,-0.27337148963201446,0.31406435455717807,-0.6472001869487659,1.2154924592400194,1.1376896013079765,1.692853644006498,0.5952241010644648,1.2903836743603156,0.46699112437443663,0.12955447154404823,13.054185173985214,3.7269263562955617,25,6
Cabo Verde,CPV,2003,-0.575081434856465,-0.09153061916490066,0.14293322203392603,0.7203030414616023,0.17445873299659223,-0.27333316828702886,0.3315394762286351,-0.6910812834620902,1.2154924592400194,1.1376896013079765,1.692853644006498,0.5952241010644648,1.2903836743603156,0.46699112437443663,0.12955447154404823,13.067662177434242,3.784071158398849,25,7
Cabo Verde,CPV,2004,-0.5110278062747418,-0.09153061916490066,0.12889998969983568,0.8014606668247807,0.5955479718564468,-0.27329696347522064,0.3989482931282284,-0.7166947738604492,1.0929499112773806,1.113666030382,1.6439078711158719,0.6052669059331905,1.5162681796475364,0.9266136989122714,0.12955447154404823,13.08023010687067,3.839137710331103,25,8
Cabo Verde,CPV,2005,-0.4664092624872807,-0.09153061916490066,0.24930337080336978,0.8819768894575949,0.7592957448782633,-0.2732622220949236,0.442143070368217,-0.6340933335750369,1.2154924592400194,1.1376896013079765,1.692853644006498,0.5952241010644648,1.2903836743603156,0.7943483040401405,0.12955447154404823,13.09214331657951,3.859758299269557,25,9
Cabo Verde,CPV,2006,-0.41006914800262984,-0.09153061916490066,0.6593911631090105,1.2726548006650735,1.367145476014824,-0.2732282789499964,0.4911861122980629,-0.64397559161439,1.8220786782412985,2.326857551311763,1.4236510316596944,0.5952241010644648,1.9680366480995994,2.5280319275497076,0.12955447154404823,13.103647319577679,3.9327876200994045,25,10
Cabo Verde,CPV,2007,-0.2861693863814834,-0.09153061916490066,0.6190904992397583,0.5880118525904003,1.3245926022718377,-0.2731952489379542,0.57678860353335,-1.0666123060521013,1.8220786782412985,2.326857551311763,1.4236510316596944,0.5952241010644648,1.9002713507256708,2.5280319275497076,0.12955447154404823,13.114716212227703,3.9278451834518995,25,11
Cabo Verde,CPV,2008,-0.22591139624631051,-0.09153061916490066,0.678424872850152,0.49406549773046765,1.1788062420545204,-0.273164014955494,0.6217765196680749,-0.9443343653144132,1.8220786782412985,1.1376896013079765,1.1544484193128908,0.3821728709348875,1.6969754586038857,2.594376490552453,0.12955447154404823,13.125071706567704,3.9107247347636,25,12
Cabo Verde,CPV,2009,-0.25209536764257656,-0.09153061916490066,0.646429224740746,0.1894352209109515,0.5092701043881546,-0.27313507287610295,0.5884905286882922,-0.9037446839740273,1.8220786782412985,1.1376896013079765,0.6160431946192833,0.3821728709348875,1.2903836743603156,2.1578999018171894,0.12955447154404823,13.13457254131076,3.828099333621812,25,13
Cabo Verde,CPV,2010,-0.24046362589911746,-0.09153061916490066,0.7305285145431032,0.33695934112825393,0.43582553542676455,-0.27311304278934545,0.5809471194969777,-0.9892581984512451,1.8220786782412985,1.1376896013079765,0.6160431946192833,0.3821728709348875,1.1548530796124588,1.7441204267197394,0.12955447154404823,13.141744347188022,3.8186058741419826,25,14
Cabo Verde,CPV,2011,-0.20241539449172744,-0.09153061916490066,0.844748625527255,0.48217835554147725,0.2037501962726151,-0.2731029862331341,0.597453572397197,-1.0201593985011586,1.8220786782412985,1.1376896013079765,0.885245806966087,0.5952241010644648,1.1548530796124588,1.740628965984297,0.12955447154404823,13.145001197426827,3.7880013481515107,25,15
Cabo Verde,CPV,2012,-0.19161006869181774,-0.09153061916490066,0.9629722269905966,0.4848886398745257,0.49048267700849046,-0.2730999142364081,0.5811394713415805,-1.067006279013663,1.8220786782412985,1.1376896013079765,0.885245806966087,0.5952241010644648,1.1548530796124588,1.740628965984297,0.12955447154404823,13.145993962828806,3.8256794323328527,25,16
Cabo Verde,CPV,2013,-0.1851842394530497,-0.09153061916490066,1.1364715883658918,0.3549786233287823,0.1032988754618005,-0.27309828148224274,0.5694854852140877,-1.0194689497338862,1.8220786782412985,1.1376896013079765,0.885245806966087,0.3821728709348875,1.1548530796124588,1.740628965984297,0.12955447154404823,13.146521212880565,3.774458424126139,25,17
Cabo Verde,CPV,2014,-0.17763054551903384,-0.09153061916490066,1.0949862674956083,0.5038510832365636,0.8544574653007961,-0.27309767071124014,0.5592208497711796,-0.9464817372418733,1.8220786782412985,1.1376896013079765,0.885245806966087,0.3821728709348875,1.1548530796124588,1.7214238368534132,0.12955447154404823,13.14671837203256,3.8715494180205012,25,18
Cabo Verde,CPV,2015,-0.16726369766080582,-0.09153061916490066,1.2034418997399425,0.5822784701390179,0.287417833688443,-0.2730972594990799,0.5477220752655567,-1.0163402038980398,1.8220786782412985,1.1376896013079765,0.885245806966087,0.16912164080531122,1.1548530796124588,1.7214238368534132,0.12955447154404823,13.146851090955545,3.7991431428099744,25,19
Cabo Verde,CPV,2016,-0.11909019410223426,-0.09153061916490066,1.263275372113599,0.6219948493234243,0.5136714886898764,-0.273096291941056,0.551401932422821,-1.1784696449064822,1.8220786782412985,1.1376896013079765,0.885245806966087,0.16912164080531122,1.1548530796124588,1.7441204267197394,0.12955447154404823,13.147163301309806,3.828665405174625,25,20
Cabo Verde,CPV,2017,-0.06610337752458939,-0.09153061916490066,1.3071079867312663,0.7575285508159794,0.30507771255682015,-0.27309424192749276,0.5671111397571974,-1.1907846878342674,1.8220786782412985,1.1376896013079765,0.885245806966087,0.16912164080531122,1.1548530796124588,1.7336449969704368,0.12955447154404823,13.147824475122155,3.8014790783840824,25,21
Cuba,CUB,1996,-0.31491317941001196,-1.3252079817553593,0.6986628209321379,-1.1976737319515276,-0.23253124307546041,-0.20990594819991398,0.4018762153723845,-0.012342923819997603,0.0023200212374607228,-0.051478348695809785,0.07763796992567584,-1.3222363735585203,-1.0136364363532497,-0.5150804146226747,0.9936954654765636,16.209946308054217,3.727801886266728,26,0
Cuba,CUB,1997,-0.31491317941001196,-1.3159600054063259,0.6820702020852646,-1.1939369720642634,-0.23253124307546041,-0.2096887072345894,0.4018750600096008,0.06199731777332478,0.0023200212374607228,-0.051478348695809785,-0.05696333624772602,-1.2157107584937326,-0.878105841605393,-0.5150804146226747,1.1617228809634417,16.21321808586695,3.727801886266728,26,1
Cuba,CUB,1998,-0.31491317941001196,-1.2690499081851476,0.6820702020852646,-1.2011737371203317,-0.23253124307546041,-0.20946630192831206,0.3717586079679295,-0.07610019892741579,0.0023200212374607228,-0.051478348695809785,-0.1915646424211279,-1.1091851434289437,-0.7425752468575356,-0.5150804146226747,1.2817424634540688,16.21655658917889,3.727801886266728,26,2
Cuba,CUB,1999,-0.31491317941001196,-1.333144748913332,0.5891771856862213,-1.219607409301747,-0.23253124307546041,-0.20923942166617399,0.35905666943083975,-0.11983369665522835,0.0023200212374607228,0.5431056263060834,-0.1915646424211279,-1.1091851434289437,-0.7425752468575356,-0.5150804146226747,0.8016641334915606,16.219950820061257,3.727801886266728,26,3
Cuba,CUB,2000,-0.31491317941001196,-1.2998559803675893,0.6702420221916708,-1.24260073873444,-0.23253124307546041,-0.20901640558889403,0.3590548874292534,-0.10803619419906714,0.0023200212374607228,1.1376896013079765,-0.1915646424211279,-1.1091851434289437,-0.7425752468575356,-0.5150804146226747,0.7056484674990585,16.223276050396194,3.727801886266728,26,4
Cuba,CUB,2001,-0.31491317941001196,-1.4322026916897244,0.7602752143738878,-1.2923281432882225,-0.23253124307546041,-0.20880461318469173,0.3364326074188415,-0.16399402768457796,0.0023200212374607228,1.1376896013079765,-0.1915646424211279,-1.1091851434289437,-0.7425752468575356,-0.5150804146226747,0.8736758829859366,16.226423729043926,3.727801886266728,26,5
Cuba,CUB,2002,-0.31491317941001196,-1.6305225451983685,0.9135686469081414,-1.4266378350221072,-0.23253124307546041,-0.20860332483228683,0.33643257655100883,-0.26057419574883284,0.0023200212374607228,1.1376896013079765,-0.1915646424211279,-1.1091851434289437,-0.7425752468575356,-0.5150804146226747,0.9936954654765636,16.229406140363054,3.727801886266728,26,6
Cuba,CUB,2003,-0.31491317941001196,-1.7456622637591899,1.0290406485126364,-1.3727658680975128,-0.23253124307546041,-0.20841002488081703,0.3364333530190155,-0.36001349971796864,0.0023200212374607228,1.1376896013079765,-0.46076725476793157,-1.1091851434289437,-0.7425752468575356,-0.5150804146226747,0.9936954654765636,16.232261842601822,3.727801886266728,26,7
Cuba,CUB,2004,-0.31491317941001196,-1.7126972728583332,1.005007843322599,-1.2357739533924543,-0.23253124307546041,-0.20823239936933505,0.22536365778868647,-0.3988024972917941,0.0023200212374607228,1.1376896013079765,0.07763796992567584,-1.535287603688097,-0.7425752468575356,-0.5150804146226747,0.9936954654765636,16.234878809125995,3.727801886266728,26,8
Cuba,CUB,2005,-0.31491317941001196,-1.6536084775796118,1.0503319251043666,-1.002346023554395,-0.23253124307546041,-0.20808848720774964,0.18786143221060433,-0.44145938043247845,0.0023200212374607228,-1.240646298699596,0.07763796992567584,-1.1091851434289437,-0.878105841605393,-1.1697947739540824,0.9936954654765636,16.236994064349627,3.727801886266728,26,9
Cuba,CUB,2006,-0.31491317941001196,-1.4788814212648713,1.078558420527501,-1.0653678294018931,-0.23253124307546041,-0.20799175559430647,0.054943546598052256,-0.38506824324517513,2.428664897242578,1.1376896013079765,0.6160431946192833,-0.8961339132993669,0.34166951112531785,-0.336998108884532,0.9936954654765636,16.238413338336013,3.727801886266728,26,10
Cuba,CUB,2007,-0.31491317941001196,-1.565394851677141,1.0782657217891596,-1.0427615860055004,-0.23253124307546041,-0.20793901158752656,0.04096795483985749,-0.3582611327858196,2.428664897242578,1.1376896013079765,0.6160431946192833,-0.8961339132993669,0.4094348084992463,-0.11875981451690035,0.9936954654765636,16.23918636576318,3.727801886266728,26,11
Cuba,CUB,2008,-0.31491317941001196,-1.4272413057993836,1.079103741217534,-0.8412408939655484,-0.23253124307546041,-0.20791185949047983,0.04806147458542849,-0.36994875360128854,2.428664897242578,1.1376896013079765,0.6160431946192833,-0.8961339132993669,0.4772001058731751,0.09947795607924385,0.46560930251780386,16.23958407982495,3.727801886266728,26,12
Cuba,CUB,2009,-0.31491317941001196,-1.688255025662692,1.0403779568677054,-1.1893036788159328,-0.23253124307546041,-0.20789397780874994,-0.02157360390298791,-0.35179734302220833,2.428664897242578,1.1376896013079765,0.6160431946192833,-0.8961339132993669,0.4772001058731751,0.09947795607924385,0.41760146952155336,16.239845917847003,3.727801886266728,26,13
Cuba,CUB,2010,-0.31491317941001196,-1.6918453930339852,1.0515308112093864,-0.9753619985664447,-0.23253124307546041,-0.20787771073947248,-0.0878743973015093,-0.3277650867992799,2.428664897242578,1.1376896013079765,0.6160431946192833,-0.8961339132993669,0.4772001058731751,0.09947795607924385,0.6336367180046825,16.240084053871602,3.727801886266728,26,14
Cuba,CUB,2011,-0.31491317941001196,-1.8053039939509077,1.0447772448401726,-0.7819931539930983,-0.23253124307546041,-0.2078525421363748,-0.07986154559052297,-0.3806127856841046,2.428664897242578,1.1376896013079765,0.6160431946192833,-0.8961339132993669,0.4772001058731751,0.09947795607924385,0.7056484674990585,16.240452389051217,3.727801886266728,26,15
Cuba,CUB,2012,-0.31491317941001196,-1.799181439651939,0.9978752678078989,-0.8137228522342987,-0.23253124307546041,-0.20784284236718484,0.1979849972481392,-0.28837012936367656,2.428664897242578,1.1376896013079765,0.6160431946192833,-0.8961339132993669,0.4772001058731751,0.09947795607924385,0.5136171355140543,16.240594306138963,3.727801886266728,26,16
Cuba,CUB,2013,-0.31491317941001196,-1.740674603259373,1.0125163946001436,-0.8584457455735071,-0.23253124307546041,-0.20787312693333407,-0.07116304310147606,-0.3064116453230359,1.8220786782412985,1.1376896013079765,0.6160431946192833,-1.1091851434289437,0.4772001058731751,0.09947795607924385,0.41760146952155336,16.240151146645264,3.727801886266728,26,17
Cuba,CUB,2014,-0.31491317941001196,-1.8547393439262347,1.1811828327664617,-1.0048752230745144,-0.23253124307546041,-0.20794806430228804,-0.11436599861075693,-0.3894488602573053,1.8220786782412985,1.1376896013079765,0.6160431946192833,-1.1091851434289437,0.4772001058731751,0.09947795607924385,0.41760146952155336,16.23905372971546,3.727801886266728,26,18
Cuba,CUB,2015,-0.31491317941001196,-1.6922317380540615,1.185026933574959,-1.2270052206840636,-0.23253124307546041,-0.20801283021751535,-0.11004347367250249,-0.3726677766015828,1.8220786782412985,1.1376896013079765,0.6160431946192833,-1.1091851434289437,0.34166951112531785,0.09947795607924385,0.41760146952155336,16.238104296994422,3.727801886266728,26,19
Cuba,CUB,2016,-0.31491317941001196,-1.6718153712198498,1.246890470899311,-1.3529902270934342,-0.23253124307546041,-0.2080699947550171,-0.1007852477223643,-0.3236729651881315,0.60890624023874,1.1376896013079765,0.6160431946192833,-0.8961339132993669,0.34166951112531785,0.08900252632994105,0.41760146952155336,16.237265546701742,3.727801886266728,26,20
Cuba,CUB,2017,-0.31491317941001196,-1.5427571817143626,1.2864170322386796,-1.3833411407314868,-0.23253124307546041,-0.20817753278214013,-0.08309162830878694,-0.20606517885490874,0.60890624023874,1.1376896013079765,0.6160431946192833,-0.8961339132993669,0.34166951112531785,0.06281395195668471,0.6096328015065564,16.23568577912036,3.727801886266728,26,21
Djibouti,DJI,2013,-0.6309083601903109,0.2956435049021459,0.17424341889584308,7.939263335691569,1.7243860095534755,-0.27024036301627474,-1.7306084271919309,-1.2849677995104614,-0.6042661977638185,-0.051478348695809785,-0.1915646424211279,-0.8961339132993669,-0.7425752468575356,-0.8712450260989606,0.12955447154404823,13.800219239395316,3.97334441174381,27,0
Djibouti,DJI,2014,-0.5955132068694423,0.6614873030014052,0.17424341889584308,6.513873204861494,0.524049392662688,-0.27013215979301025,-1.7099224579745878,-1.2661368042829042,-0.6042661977638185,-0.051478348695809785,-0.1915646424211279,-0.8961339132993669,-0.7425752468575356,-0.8660073112243093,0.12955447154404823,13.818224870881757,3.8299988626929133,27,1
Djibouti,DJI,2015,-0.5569915901576017,0.9399225534137936,0.17424341889584308,5.638120248215555,0.36222677939098746,-0.2700257525993277,-1.6856439573441337,-1.2842549594470436,-0.6042661977638185,-0.051478348695809785,-0.1915646424211279,-0.8961339132993669,-0.7425752468575356,-0.8817204558482631,0.12955447154404823,13.835620981023732,3.8090012061743703,27,2
Djibouti,DJI,2016,-0.5172980370927815,0.6228971238888028,0.17424341889584308,4.034811419319136,0.3976221092963147,-0.26992089349848347,-1.6622593747839833,-1.288950071024693,-0.6042661977638185,-0.051478348695809785,-0.1915646424211279,-0.8961339132993669,-0.7425752468575356,-0.8939416159652873,0.12955447154404823,13.852472953806734,3.8136318270832352,27,3
Djibouti,DJI,2017,-0.48798053181975715,0.427442224388386,0.17424341889584308,6.728553484995092,0.3685541105269625,-0.269816953577762,-1.642431929761694,-1.2001578309423067,-0.6042661977638185,-0.051478348695809785,-0.46076725476793157,-0.8961339132993669,-0.7425752468575356,-0.9061632998537981,0.12955447154404823,13.868901550643526,3.809830559590184,27,4
Djibouti,DJI,2018,-0.46269916699283914,0.7164355619647477,0.17424341889584308,6.5670650223367275,0.3457025065290758,-0.269713902600975,-1.6211637688438114,-1.0682700638511817,-0.6042661977638185,-0.051478348695809785,-0.46076725476793157,-0.8961339132993669,-0.7425752468575356,-0.8869581707229144,0.12955447154404823,13.88492747286544,3.8068320417199213,27,5
Djibouti,DJI,2019,-0.42988016461827955,0.8743531477414503,0.17424341889584308,7.162681299843493,0.31704933430327853,-0.26961214573304504,-1.6031657643732973,-1.0168013986225564,-0.6042661977638185,-0.051478348695809785,-0.46076725476793157,-0.6830826831697902,-0.6070446521096794,-0.9044170457145899,0.12955447154404823,13.90050406709392,3.8030595101562095,27,6
Djibouti,DJI,2020,-0.4325541109030759,0.9074767942371532,0.17424341889584308,4.402291850791097,0.21003308012608085,-0.2695124933038171,-1.6089181675424145,-1.0221795370461064,-0.6042661977638185,-0.051478348695809785,-0.1915646424211279,-0.6830826831697902,-0.7425752468575356,-0.9148924754638924,0.12955447154404823,13.915526919032175,3.78884234757626,27,7
Dominica,DMA,1999,0.7479386055273977,-0.09153061916490066,1.3844178228204502,-0.15371666277275856,0.2742266829914896,-0.27577935453038555,-0.020669513802807814,-0.9795826249237691,2.428664897242578,2.326857551311763,1.4236510316596944,2.33514198333667,1.9680366480995994,2.1037770227029555,0.12955447154404823,11.139990468543681,3.7973947348727224,28,0
Dominica,DMA,2000,0.8068831707603851,-0.09153061916490066,1.5762510281361637,-0.15371666277275856,0.24800397316673073,-0.2757815254887017,-0.020669513802807814,-0.9128378341516099,2.428664897242578,2.326857551311763,1.4236510316596944,2.33514198333667,1.9680366480995994,2.1037770227029555,0.12955447154404823,11.13476419138941,3.7939099669369503,28,1
Dominica,DMA,2001,0.8124171459201688,-0.09153061916490066,1.6568722560721603,-0.15371666277275856,0.01465758939610539,-0.2757828740226976,-0.020669513802807814,-0.5070883911259383,2.428664897242578,2.326857551311763,1.4236510316596944,2.33514198333667,1.9680366480995994,2.1037770227029555,0.12955447154404823,11.131503978415498,3.7623534777275696,28,2
Dominica,DMA,2002,0.7447924145036926,-0.09153061916490066,1.7694493317225792,-0.15371666277275856,0.2629031723374269,-0.27578239629092327,-0.020669513802807814,-0.4077550921464871,2.428664897242578,2.326857551311763,1.4236510316596944,2.33514198333667,1.9680366480995994,2.1037770227029555,0.12955447154404823,11.132660157883807,3.795891429201963,28,3
Dominica,DMA,2003,0.8583835826381885,-0.09153061916490066,1.9713332423461556,-0.15371666277275856,0.778636331725298,-0.2757814045439487,-0.020669513802807814,-0.7650639440577754,2.428664897242578,2.326857551311763,1.4236510316596944,2.33514198333667,1.9680366480995994,2.1037770227029555,0.12955447154404823,11.135056068452863,3.8621659992560553,28,4
Dominica,DMA,2004,0.9430174802933481,-0.09153061916490066,1.8634136420874483,-0.15371666277275856,0.4576995568746459,-0.2757806909699061,-0.020669513802807814,-0.8323904209417857,2.2203423230716046,2.026562676903467,1.2305866711198021,1.951003951428892,1.762687196406195,1.9318317474834414,0.12955447154404823,11.136776411196116,3.821442750397336,28,5
Dominica,DMA,2005,0.9607581636826403,-0.09153061916490066,1.8463179904702207,-0.15371666277275856,0.17593162992395045,-0.27578017695470586,-0.020669513802807814,-0.8947410864786338,2.428664897242578,2.326857551311763,1.4236510316596944,2.33514198333667,1.9680366480995994,2.1037770227029555,0.12955447154404823,11.138013809905521,3.7842691539909747,28,6
Dominica,DMA,2006,1.0578327945300736,-0.09153061916490066,1.8087207131540683,-0.15371666277275856,0.42134397136364027,-0.2757797415535951,-0.020669513802807814,-0.8622614098011633,2.428664897242578,2.326857551311763,1.4236510316596944,2.832261122610212,1.9680366480995994,1.7764198430372518,0.12955447154404823,11.139060762931893,3.816723299841844,28,7
Dominica,DMA,2007,1.1827507216089863,-0.09153061916490066,1.790951218737909,-0.15371666277275856,0.894776322562217,-0.27577949361685145,-0.020669513802807814,-0.8882760872884797,2.428664897242578,2.326857551311763,1.4236510316596944,2.832261122610212,1.9680366480995994,1.7764198430372518,0.12955447154404823,11.13965645507838,3.87650354155026,28,8
Dominica,DMA,2008,1.3593735232351276,-0.09153061916490066,1.7199973409161526,-0.15371666277275856,1.3392246380233428,-0.2757794512861879,-0.020669513802807814,-1.017709965107696,2.428664897242578,2.326857551311763,1.4236510316596944,2.832261122610212,1.9680366480995994,1.7764198430372518,0.12955447154404823,11.139758123161226,3.9295474241090824,28,9
Dominica,DMA,2009,1.328773502157876,-0.09153061916490066,1.753795891641388,-0.15371666277275856,1.220671337421428,-0.2757793908138114,-0.020669513802807814,-1.1370862425148467,2.428664897242578,2.326857551311763,1.4236510316596944,2.832261122610212,1.9680366480995994,1.7764198430372518,0.12955447154404823,11.139903345351431,3.915671242956912,28,10
Dominica,DMA,2010,1.3261866834963831,-0.09153061916490066,1.6401472456335338,-0.15371666277275856,1.2170560413491716,-0.27577942104999964,-0.020669513802807814,-1.1056011395481498,2.428664897242578,2.326857551311763,1.4236510316596944,2.832261122610212,1.9680366480995994,1.7764198430372518,0.12955447154404823,11.139830736892515,3.9152450469431415,28,11
Dominica,DMA,2011,1.3199248543088744,-0.09153061916490066,1.6590576847067962,-0.15371666277275856,0.9628388961256421,-0.27577824788589567,-0.020669513802807814,-1.0022977162120517,2.428664897242578,2.326857551311763,1.4236510316596944,2.832261122610212,1.9680366480995994,1.7764198430372518,0.12955447154404823,11.142644086196546,3.8848113483221662,28,12
Dominica,DMA,2012,1.3133382172092474,-0.09153061916490066,1.4274047123437352,-0.15371666277275856,1.189080821650722,-0.2757778548154484,-0.020669513802807814,-0.982576659674813,2.428664897242578,2.326857551311763,1.4236510316596944,2.832261122610212,1.9680366480995994,1.7764198430372518,0.12955447154404823,11.143584935780687,3.9119409799688123,28,13
Dominica,DMA,2014,1.3267966645484268,-0.09153061916490066,1.0870066071527502,-0.15371666277275856,-0.2760420010479451,-0.27577026553219813,-0.020669513802807814,-1.1057575633216137,2.024274246331383,1.5340787594201784,1.513385092200569,2.252288694033879,1.2150888392645756,1.7764198430372518,0.12955447154404823,11.16157915574956,3.7215945187472963,28,14
Dominica,DMA,2015,1.2368082213075056,-0.09153061916490066,1.179685972820217,-0.15371666277275856,-0.43324035473173167,-0.2757700417844051,-0.020669513802807814,-1.2387991579729067,2.024274246331383,1.5340787594201784,1.513385092200569,2.252288694033879,2.4198051165516623,1.7764198430372518,0.12955447154404823,11.162104779940375,3.6988415118473754,28,15
Dominican Republic,DOM,1996,0.05424133560559119,-0.4124548915957292,-0.3653151965901874,-0.03727998823049436,-0.5164476876735219,-0.22761900875518873,1.3210489069558287,0.5581680601767753,0.0023200212374607228,-0.051478348695809785,0.07763796992567584,-0.2569802229106366,-0.06492227311825187,-0.5150804146226747,1.473773795439072,15.899055543988734,3.686585159366096,29,0
Dominican Republic,DOM,1997,0.14937801860874853,-0.29719192325490407,-0.3653151965901874,0.008847527571895721,-0.2956326882147744,-0.2267652355548662,1.2550565825284838,0.43905263752307694,-0.6042661977638185,-0.646062323697703,-0.1915646424211279,-0.1504549061174517,-0.33598346261396594,-0.8424375942883786,1.4977777119371969,15.916478607850456,3.7187870263638274,29,1
Dominican Republic,DOM,1998,0.22127041566216774,0.3267549123214486,-0.3653151965901874,0.05750707494642931,-0.11899911941829473,-0.22594109381902677,1.3135577939233283,0.5059642674105599,-1.2108524167650978,-1.240646298699596,-0.46076725476793157,-0.04392958932426608,-0.6070446521096794,-1.1697947739540824,0.9936954654765636,15.933013848188056,3.7438195628174102,29,2
Dominican Republic,DOM,1999,0.2860130998864011,0.06803621801642294,-0.30064922839754427,0.06885812587195018,0.38636223608852754,-0.22511960077327786,1.1849664452561541,0.526109421031717,-1.2108524167650978,-1.240646298699596,0.2122392760990777,0.06259602574052224,-0.6070446521096794,-1.1697947739540824,0.9936954654765636,15.949228259611491,3.812161069971075,29,3
Dominican Republic,DOM,2000,0.3331477290861203,0.2978865937457407,-0.14280265831270855,0.15578190370910977,0.04712302423905736,-0.22428519082790938,1.147689854299282,0.40232725520765195,-1.2108524167650978,-1.240646298699596,0.885245806966087,0.16912164080531122,-0.6070446521096794,-1.1697947739540824,0.9936954654765636,15.965432813744103,3.7668040153155093,29,4
Dominican Republic,DOM,2001,0.3473699672446534,0.11999095633439372,-0.14280265831270855,-0.09910022616663018,0.07760943741734522,-0.22346220411446102,1.0106601877143107,0.2411452644144014,-0.6042661977638185,-1.240646298699596,0.6160431946192833,0.16912164080531122,-0.47151405736182284,-0.8424375942883786,0.41760146952155225,15.98116236416215,3.770965301567826,29,5
Dominican Republic,DOM,2002,0.395658339385981,0.26244207501591776,0.1606435686408112,-0.1509268516547046,-0.06391204092957596,-0.2226642590121197,0.7191399993387363,0.353887793584993,0.0023200212374607228,-1.240646298699596,0.34684058227247955,0.16912164080531122,-0.33598346261396533,-0.5150804146226747,-1.3106805183434769,15.996180640439352,3.751500037916504,29,6
Dominican Republic,DOM,2003,0.34882973055677274,-0.30767522432071925,0.1606435686408112,0.30509273796189107,-0.15380865441688174,-0.22188788440647453,0.8104185165629268,0.41995218710161913,-1.2108524167650978,-1.240646298699596,-0.46076725476793157,-0.04392958932426608,-0.878105841605393,-1.1697947739540824,-1.3106805183434769,16.01057959156221,3.7389356768063826,29,7
Dominican Republic,DOM,2004,0.3683894879161565,-0.26088173061786235,0.19951666973052054,0.21525644813326514,0.06695515921507407,-0.2211363820892822,0.9375588543733948,0.41418266513512786,0.0023200212374607228,-1.240646298699596,-0.1915646424211279,-0.04392958932426608,-0.4715140573618222,-0.5150804146226747,-1.3106805183434769,16.02432251929006,3.769512998281132,29,8
Dominican Republic,DOM,2005,0.5020708204685657,0.0028205979735024126,0.25870206825124104,-0.35593051148512317,-0.11231376569448212,-0.22040985486358278,0.854187580184705,0.28578065395250374,-0.6042661977638185,-1.240646298699596,-0.1915646424211279,-0.04392958932426608,-0.4715140573618222,-0.5150804146226747,-1.3106805183434769,16.03743154192161,3.744754814491299,29,9
Dominican Republic,DOM,2006,0.6429779003882671,0.39930014506024664,0.25870206825124104,-0.29466119997128065,0.041487178020079764,-0.21970747425781825,0.8178839326236316,0.35569725906435573,-0.6042661977638185,-1.240646298699596,0.885245806966087,0.16912164080531122,-0.20045286786610875,0.11868308521012776,-1.19066093585285,16.049943568766107,3.7660328424017924,29,10
Dominican Republic,DOM,2007,0.7619245657063359,0.5397252372837338,0.5991836683329707,-0.36823409861947665,0.22553816967054527,-0.21901521672787916,0.8425961418836431,0.3088716829078359,-0.6042661977638185,-1.240646298699596,0.885245806966087,0.16912164080531122,-0.20045286786610875,0.11868308521012776,-1.0226335203659718,16.062123956218045,3.790914769794667,29,11
Dominican Republic,DOM,2008,0.8032062333364217,0.6584753895906297,0.5570010538410871,-0.36245646182407754,0.3183774421064618,-0.21830483562670416,0.7055285859298657,0.2114260945990145,-0.6042661977638185,-1.240646298699596,0.885245806966087,0.16912164080531122,-0.20045286786610875,0.13090424532715145,-1.0226335203659718,16.074470878155346,3.8032346862803097,29,12
Dominican Republic,DOM,2009,0.7975467955122855,0.048937525466977175,0.6278194997631688,-0.6749779779810446,-0.04645945485039409,-0.21756625625636908,0.2516608579535621,0.04344958635043841,-0.6042661977638185,-1.240646298699596,0.34684058227247955,0.16912164080531122,-0.20045286786610875,0.13090424532715145,-1.0226335203659718,16.087148283105613,3.7539210980398567,29,13
Dominican Republic,DOM,2010,0.9449307266623604,0.2828034290470602,0.5285507859595817,-0.518204700567836,-0.06882439241237495,-0.2168108958015563,0.30488170908130335,0.03653072585437503,-0.6042661977638185,-1.240646298699596,0.6160431946192833,0.3821728709348875,-0.20045286786610875,0.13090424532715145,-1.0226335203659718,16.099949602776967,3.750817527555452,29,14
Dominican Republic,DOM,2011,0.9873921010663211,0.21701216334709567,0.5088211781563248,-0.4308685329959351,0.0003212567733740921,-0.21605229402736334,0.26202955013199786,0.05901191976594604,-0.6042661977638185,-1.240646298699596,0.6160431946192833,0.3821728709348875,-0.20045286786610875,0.13090424532715145,-1.0226335203659718,16.11264301230637,3.7603818534345685,29,15
Dominican Republic,DOM,2012,1.0217697844971332,0.1279892353231182,0.5290680687338046,-0.44719419323665316,0.3127997090341721,-0.21529765924106853,0.32883506706154564,0.04402055486578804,0.0023200212374607228,-0.051478348695809785,0.6160431946192833,0.3821728709348875,-0.06492227311825187,0.18153566370594293,-1.2146648523509749,16.125112177462572,3.8024987824510976,29,16
Dominican Republic,DOM,2013,1.106890600500496,-0.09308171965902043,0.5720114853781653,-0.49627195068515917,-0.20841609239846587,-0.21455129707587836,0.10151517223234954,0.10056767134566677,0.0023200212374607228,-0.051478348695809785,0.6160431946192833,0.3821728709348875,0.7482612953688889,0.6616597018061376,-1.3106805183434764,16.137293585660856,3.731225698122295,29,17
Dominican Republic,DOM,2014,1.247709094102572,-0.04742712783316879,0.6061754212231434,-0.5297251456100538,-0.03903673667066798,-0.2138153784901091,0.18749283046585077,0.129115143118341,0.0023200212374607228,-0.051478348695809785,0.885245806966087,0.3821728709348875,0.7482612953688889,0.6494380179176259,-1.19066093585285,16.149160987709564,3.754949019440649,29,18
Dominican Republic,DOM,2015,1.3946443738140133,-0.0014546426041819023,0.5997757188403285,-0.6257929789664648,-0.11019547359994761,-0.213093936991273,0.17566112419331092,0.008378502538269663,0.0023200212374607228,-0.051478348695809785,0.885245806966087,0.5952241010644648,0.612730700621032,0.6494380179176259,-1.1186491863584738,16.16065980703347,3.7450509718757563,29,19
Dominican Republic,DOM,2016,1.5440078713057186,-0.051067441799910254,0.6054482914691216,-0.6436689151866734,-0.07777776302819615,-0.21238882303409082,0.2698025102663878,-0.0793817935229336,0.0023200212374607228,-0.051478348695809785,0.885245806966087,0.8082753311940414,0.612730700621032,0.6494380179176259,-1.0706413533622234,16.17177204849853,3.749572368171513,29,20
Dominican Republic,DOM,2017,1.6239401976696675,-0.19724103673323065,0.5998768098243138,-0.6718289214392577,0.1284916690468022,-0.2116908931952364,0.32170488752022686,-0.08732975153352629,0.0023200212374607228,-0.051478348695809785,0.885245806966087,0.8082753311940414,0.612730700621032,0.6476922875499049,-0.9506217708715952,16.1826507969577,3.777872205796777,29,21
Algeria,DZA,1996,0.3200322124798007,0.27786810122606237,-0.1612346634708775,-0.5864138058015096,-0.5435832655914913,-0.10062611102773349,0.8319582105288664,1.4478380313774828,-0.6042661977638185,1.1376896013079765,-2.0759829288487537,-0.4700314530402132,-1.149167031101106,0.13963394470873283,-0.15849252643345632,17.183945221991646,3.6825554138408965,30,0
Algeria,DZA,1997,0.307595879076825,0.04395063314819081,-0.16807618553902037,-0.6287858696643096,-0.5495876317456583,-0.09732276513097053,0.8405837023233453,1.4478380313774828,-0.9075593072644581,0.5431056263060834,-2.0759829288487537,-0.4700314530402132,-1.2169323284750349,-0.187723234956971,-0.08648077693908034,17.202585417943496,3.681661542231231,30,1
Algeria,DZA,1998,0.36293215318379324,0.3832783471832763,-0.16807618553902037,-0.8361016892635831,-0.42799830274889306,-0.09445134318333097,0.8801292921326109,1.4478380313774828,-1.2108524167650978,-0.051478348695809785,-2.0759829288487537,-0.4700314530402132,-1.2846976258489626,-0.5150804146226747,-0.398531691414711,17.218510780198983,3.699608653662448,30,2
Algeria,DZA,1999,0.39250368026915344,0.2184965655041366,0.049401464573215106,-0.6669117215386386,-0.5394722781649496,-0.09191016693097424,0.9021653354092725,1.4478380313774828,-1.2108524167650978,-0.646062323697703,-1.5375777041551464,-0.4700314530402132,-1.2846976258489626,-0.5150804146226747,-0.4465395244109626,17.232396068218378,3.6831669571727663,30,3
Algeria,DZA,2000,0.43242989015827965,-0.23201727125703414,0.043960971687934856,-0.3209948749568635,-0.5543975368452408,-0.08931264251819845,0.9452279009240688,2.2041420344852116,-1.2108524167650978,-1.240646298699596,-0.999172479461539,-0.4700314530402132,-1.2846976258489626,-0.5150804146226747,-0.4465395244109626,17.24639275334567,3.680944913519467,30,4
Algeria,DZA,2001,0.46008514456690885,0.3075970239870783,0.19495150914394815,-0.5625054088212013,-0.32407509142455376,-0.08672848854786597,0.986835661721295,1.1629772246484917,-1.2108524167650978,-0.646062323697703,-1.1337737856349408,-0.3635058379754249,-0.33598346261396594,0.13963394470873283,-0.4705434409090864,17.26012566631711,3.7146969366252365,30,5
Algeria,DZA,2002,0.5306626589867947,0.5501317448594071,0.33333112560439776,-0.5027720242270012,-0.34813466430712237,-0.08419098296876255,0.9569709755102036,1.0758105373366889,-1.2108524167650978,-0.051478348695809785,-1.2683750918083427,-0.2569802229106366,0.612730700621032,0.7943483040401405,-0.7345865223884667,17.273429613664987,3.71122400017917,30,6
Algeria,DZA,2003,0.6239679646735842,0.4282965511600138,0.43668003744390355,-0.4685687136174213,-0.49406985489758964,-0.08162100977071839,0.9440293907532157,1.264920383453812,-1.2108524167650978,-1.240646298699596,-0.46076725476793157,-0.4700314530402132,0.34166951112531785,0.13963394470873283,-0.7345865223884667,17.286725765667956,3.6898961857206656,30,7
Algeria,DZA,2004,0.6827036439171794,0.42615253823534033,0.5886166634564228,-0.36450101849703337,-0.47808403556098045,-0.0788848282458747,1.229720700617797,1.5095951609889164,-1.2108524167650978,-1.240646298699596,-0.1915646424211279,-0.4700314530402132,0.07060832162960441,0.13963394470873283,-0.4945473574072131,17.30069016948995,3.692254754116389,30,8
Algeria,DZA,2005,0.7594608003555016,0.2722873207255295,0.6692768626125523,-0.2055238248321289,-0.4582490656263139,-0.07597633068420538,1.3413398372216219,1.8028504120556446,0.0023200212374607228,-1.240646298699596,-0.1915646424211279,-0.4700314530402132,-0.06492227311825187,0.13963394470873283,-0.15849252643345632,17.315323257500037,3.6951735189762283,30,9
Algeria,DZA,2006,0.7867896957380847,0.31275946154270867,0.7281397120986686,-0.23235130399051662,-0.3879453929929075,-0.07286649639222995,1.4305713850345194,2.0012071086094525,0.0023200212374607228,-1.240646298699596,-0.1915646424211279,-0.4700314530402132,-0.06492227311825187,0.03837163172263761,-0.15849252643345632,17.330735993413512,3.7054508023827624,30,10
Algeria,DZA,2007,0.8158858430478229,0.6563560891642126,0.36719462836319994,-0.18508027181674672,-0.44067994114885195,-0.0694443041339392,1.5123358935800613,1.9579790065835312,0.0023200212374607228,-1.240646298699596,0.07763796992567584,-0.15045490611745102,-0.06492227311825187,0.03837163172263761,-0.15849252643345632,17.347426709700578,3.697751763213963,30,11
Algeria,DZA,2008,0.8297007344657075,0.9040276462667644,0.6103993643699395,-0.08408176098708162,-0.393516311439848,-0.06564939038311476,1.5761865021820542,2.0614979243789673,0.0023200212374607228,-1.240646298699596,0.34684058227247955,-0.4700314530402132,-0.20045286786610875,0.06456020609589394,-0.15849252643345632,17.365615239790287,3.704640264453719,30,12
Algeria,DZA,2009,0.8143489396945647,1.9638180444331073,1.195896894823231,-0.2796326539529971,-0.33186437934133534,-0.06157667258190489,1.6378402996723704,1.2626559963653026,0.0023200212374607228,-1.240646298699596,-0.7299698671147353,-1.1091851434289437,-0.33598346261396533,0.06456020609589394,-0.15849252643345632,17.384774091463974,3.7135738930637303,30,13
Algeria,DZA,2010,0.8731460198483347,1.7273140744210171,1.3533699216173427,-0.3026432184728199,-0.4220673531447684,-0.057356964575145955,1.7185355156033308,1.531367066901785,0.0023200212374607228,-1.240646298699596,-1.2683750918083427,-1.1091851434289437,-0.33598346261396533,0.085511065594499,0.08154663854779776,17.404244679238634,3.7004759023671925,30,14
Algeria,DZA,2011,0.8949767722085002,1.209230008228659,1.4419271824844067,-0.339502575707322,-0.4417188675822249,-0.05303234304240394,1.7828291511045269,1.5100545273253365,0.0023200212374607228,-1.240646298699596,-0.7299698671147353,-1.3222363735585203,-0.33598346261396533,0.085511065594499,0.12955447154404823,17.423813622438452,3.697599487003756,30,15
Algeria,DZA,2012,0.9033128359486792,1.1870534399257637,1.4419271824844067,-0.38190984984822357,-0.5291497927260476,-0.0485405153886502,1.7467973206914365,1.360994234358506,0.0023200212374607228,-1.240646298699596,-0.46076725476793157,-1.3222363735585203,-0.33598346261396533,0.15360135896496488,0.12955447154404823,17.443741700918686,3.6847008656611484,30,16
Algeria,DZA,2013,0.915410224342468,1.5724273728705653,1.4419271824844067,-0.42849798588597016,-0.5162990910165622,-0.04389620663756155,1.7176157483909373,1.0739089324095257,0.0023200212374607228,-1.240646298699596,-0.46076725476793157,-1.3222363735585203,-0.20045286786610875,0.15360135896496488,0.12955447154404823,17.463937011971144,3.686607181938624,30,17
Algeria,DZA,2014,0.9597445462504892,1.9426261308400081,1.4419271824844067,-0.4930887266786473,-0.5345369428992409,-0.03911368826999107,1.8117053899041833,0.9755485810701803,0.0023200212374607228,-1.240646298699596,-0.46076725476793157,-1.3222363735585203,-0.20045286786610875,0.15360135896496488,0.12955447154404823,17.484315663869246,3.683900635402995,30,18
Algeria,DZA,2015,0.9846068889700584,2.4534399037609345,1.4419271824844067,-0.6009277405912633,-0.6893262832811197,-0.03418822529885911,1.8213627817754556,0.4926716364803852,0.0023200212374607228,-1.240646298699596,-0.46076725476793157,-1.3222363735585203,-0.20045286786610875,0.17455221846356994,0.12955447154404823,17.504878142922962,3.6606296840095753,30,19
Algeria,DZA,2016,1.0254309046253907,2.5235381639862866,1.4419271824844067,-0.7007858107514183,-0.48760047111251215,-0.029161809742404562,1.8490878587485153,0.4468091276975641,0.0023200212374607228,-0.051478348695809785,-0.46076725476793157,-1.1091851434289437,-0.20045286786610875,0.10646192509310348,0.12955447154404823,17.5254350535327,3.6908513571376025,30,20
Algeria,DZA,2017,1.0128280510035683,2.2955224216237,1.4419271824844067,-0.6990493481237405,-0.5312884325595808,-0.024090729288669996,1.7998221538985455,0.552580388425119,0.0023200212374607228,-0.051478348695809785,-0.46076725476793157,-1.1091851434289437,-0.20045286786610875,0.10646192509310348,0.12955447154404823,17.54575505911875,3.6843832596251596,30,21
Ecuador,ECU,1996,0.1250978723557685,-1.1448452968524665,-0.2688301945410198,-0.8615830979078076,-0.30593528567375017,-0.20477220626965417,0.049506612252586686,-0.0037150576383034335,-0.6042661977638185,-1.240646298699596,-1.5375777041551464,0.3821728709348875,-0.33598346261396533,-0.5150804146226747,1.521781628435323,16.284537709910413,3.7173074183202606,31,0
Ecuador,ECU,1997,0.15959549155991148,-1.117943507983849,-0.2688301945410198,-0.838342151789154,-0.20620369613627118,-0.203440743625676,0.1152065112546559,-0.07989716075161025,-0.6042661977638185,-0.646062323697703,-0.8645711732881372,0.5952241010644641,-0.33598346261396533,-0.5150804146226747,1.521781628435323,16.303007849141178,3.731539222623592,31,1
Ecuador,ECU,1998,0.18021742694306844,-0.934796087821376,-0.2688301945410198,-0.8853782163043826,-0.115171111295938,-0.2021100066502158,-0.01647204462804422,-0.0846422808442917,-0.6042661977638185,-0.051478348695809785,-0.1915646424211279,0.8082753311940414,-0.33598346261396533,-0.5150804146226747,0.8976797994840615,16.32113322497039,3.744355191396946,31,2
Ecuador,ECU,1999,0.08515284909257241,-1.1891571579441464,-0.2688301945410198,-0.7170151365800349,-0.08279224586640975,-0.20078196674274731,0.18690670142284632,0.16191697085400042,-0.6042661977638185,-0.646062323697703,-0.5953685609413335,0.48869848599967647,-0.2682181652400369,-0.5150804146226747,0.7056484674990585,16.338900148818645,3.748874318197987,31,3
Ecuador,ECU,2000,0.07616584534408205,-0.9195714640572493,-0.2688301945410198,-0.24716887927852133,-0.6634253546526524,-0.19946118352045838,0.18681549087267502,0.6537503547089367,-0.6042661977638185,-1.240646298699596,-0.999172479461539,0.16912164080531122,-0.20045286786610875,-0.5150804146226747,0.7056484674990585,16.356262347588256,3.664561537946128,31,4
Ecuador,ECU,2001,0.10947457766047769,-0.8848514126485876,-0.25702910102736853,-0.5161432655242514,-0.24710559836943846,-0.19812151477498968,0.17915096642102993,0.13558764512360794,-0.6042661977638185,-1.240646298699596,-0.8645711732881372,-0.043929291052662696,-0.20045286786610875,-0.187723234956971,0.561624968510306,16.37357015854204,3.7257269563380837,31,5
Ecuador,ECU,2002,0.15333894273378143,-0.7123084626587224,-0.22237456541764,-0.5547632517390771,-0.15134013564180124,-0.19674436525056874,0.08290400596508679,0.09542337682019837,-0.6042661977638185,-1.240646298699596,-0.7299698671147353,-0.2569802229106366,-0.20045286786610875,0.13963394470873283,-0.08648077693908034,16.391055354222164,3.739282804534492,31,6
Ecuador,ECU,2003,0.1691272780873168,-0.8679187481170051,-0.2378450342383918,-0.6254908599000621,-0.1649780035044891,-0.19533031548200985,-0.017027353823256697,0.05931230900471449,-0.6042661977638185,-1.240646298699596,-0.7299698671147353,-0.2569802229106366,-0.06492227311825187,0.13963394470873283,0.7056484674990585,16.408696484679165,3.737363514202045,31,7
Ecuador,ECU,2004,0.24230236028879756,-0.8274649691773159,-0.21636083628749134,-0.5177073861735462,-0.238774994001303,-0.19390077873783032,-0.10220011107708817,0.23540270614802983,-1.2108524167650978,-1.240646298699596,-0.999172479461539,-0.2569802229106366,-0.06492227311825187,0.13963394470873283,0.7056484674990585,16.42621999902884,3.7269134995395214,31,8
Ecuador,ECU,2005,0.2977317827775356,-0.763723504329746,-0.12716980940813108,-0.347098132110374,-0.43371809584701926,-0.19246478959107866,-0.1575263513552372,0.44009691437874354,-1.2108524167650978,-1.240646298699596,-0.7299698671147353,-0.4700314530402132,-0.20045286786610875,0.13963394470873283,0.48961321901592997,16.443518784726013,3.6987715681263955,31,9
Ecuador,ECU,2006,0.3387232520707916,-0.7294985768153541,-0.05176105126095488,-0.2344662689535091,-0.5403923690254548,-0.19101364606677707,-0.14403001077107164,0.6621051299913584,-1.2108524167650978,-1.240646298699596,-0.7299698671147353,-0.8961339132993669,-0.4715140573618222,0.4696099818117623,0.41760146952155336,16.46070132525026,3.6830301185391416,31,10
Ecuador,ECU,2007,0.34162310090782194,-0.7429695372082511,0.002363754672737951,-0.14723540815791136,-0.5750749547592242,-0.1895463322290004,-0.13924425630204415,0.7154994696155076,-1.2108524167650978,-1.240646298699596,-0.7299698671147353,-0.8961339132993669,-0.6748099494836072,0.4696099818117623,0.41760146952155336,16.477780241364155,3.677858318163647,31,11
Ecuador,ECU,2008,0.41987607302850355,-0.6252671382079179,0.002363754672737951,0.0192013179249339,-0.34842093123911716,-0.1880561175022447,-0.12204288393651189,1.0053907118221228,-1.2108524167650978,-1.240646298699596,-0.7299698671147353,-0.8961339132993669,-0.878105841605393,0.4696099818117623,0.41760146952155336,16.49483221806267,3.711182605601912,31,12
Ecuador,ECU,2009,0.409226724915515,-0.5397455443433067,0.8183398448266449,-0.4807995073779234,-0.5540003472301953,-0.18653976056712973,-0.11729057704052162,0.3541799851295566,-1.2108524167650978,-0.051478348695809785,-0.46076725476793157,-1.7483382372744682,-0.878105841605393,0.4696099818117623,0.41760146952155336,16.51188991898578,3.681004110335739,31,13
Ecuador,ECU,2010,0.44855098772547575,-0.349045775286922,1.0207538746005067,-0.2363502507910945,-0.5996754367590065,-0.1850234701516289,-0.1548223949557668,0.5883063512580854,-1.2108524167650978,-0.051478348695809785,-0.46076725476793157,-1.535287603688097,-0.878105841605393,0.4923065716780885,0.2015662210384248,16.528660798395343,3.6741736592199996,31,14
Ecuador,ECU,2011,0.5660543674278637,-0.2000109187591835,1.1705382389742485,-0.11287063178190831,-0.5025353355786087,-0.18351449084644644,-0.22393339393267928,0.8794115117062181,-1.2108524167650978,-0.051478348695809785,-0.46076725476793157,-1.535287603688097,-0.878105841605393,0.4835773960679943,0.1295544715440488,16.54507616708198,3.6886449211872256,31,15
Ecuador,ECU,2012,0.6428441615019346,-0.0545763687287377,1.2742143985061012,-0.20081264905811946,-0.5314850795490756,-0.18202706994348483,-0.20601158597602426,0.8532958255818696,-1.2108524167650978,-0.051478348695809785,-0.46076725476793157,-1.535287603688097,-0.878105841605393,0.4940528258172968,0.1295544715440488,16.56099751011032,3.6843540508255184,31,16
Ecuador,ECU,2013,0.7520594951948117,0.16210630023640218,1.3504512259828918,-0.30432262232141816,-0.5135357370625742,-0.1806063682135114,0.002248183500362421,0.8317131293308738,-1.2108524167650978,-0.051478348695809785,0.34684058227247955,-1.535287603688097,-0.4715140573618222,0.5097659704412506,0.1295544715440488,16.575971598767588,3.6870166328387963,31,17
Ecuador,ECU,2014,0.8084047859892537,0.10854006395141427,1.4204106467125837,-0.3625182034129612,-0.513696334197933,-0.17922762221835092,0.11684431351023948,0.7385220437015,-1.2108524167650978,-0.051478348695809785,0.34684058227247955,-1.535287603688097,-0.4715140573618222,0.5097659704412506,0.10555055504592271,16.590292186526465,3.686992841473457,31,18
Ecuador,ECU,2015,0.7809212845180815,-0.005808503222524524,1.3552540833730464,-0.7568346956962952,-0.41077917429088545,-0.17783009955028845,0.07362024784532653,0.10449608491561672,-0.6042661977638185,-0.051478348695809785,0.07763796992567584,-1.9613894674040449,-0.4715140573618222,0.5097659704412506,-0.15849252643345632,16.604601491624386,3.702124432834341,31,19
Ecuador,ECU,2016,0.7366645878614592,-0.22745599181711898,1.2570272910560638,-0.9683286633500973,-0.5081601126364603,-0.17638532981446953,-0.059625901091905,0.05823914478262365,-0.6042661977638185,-0.051478348695809785,0.07763796992567584,-1.535287603688097,-0.06492227311825187,0.4992905406919481,-0.15849252643345632,16.619182405511555,3.6878126683751,31,20
Ecuador,ECU,2017,0.8255574211423522,-0.1368887491856943,1.187593822032832,-0.8789229481795304,-0.5384948150757243,-0.17484703350116176,-0.06891248115647518,0.13593690807563855,-0.6042661977638185,-0.051478348695809785,0.34684058227247955,-1.535287603688097,-0.06492227311825187,0.5359545448145072,-0.15849252643345632,16.63447701298995,3.6833123078642367,31,21
"Egypt, Arab Rep.",EGY,1996,-0.0019396900170710028,0.16229434962765357,0.09864809639703655,-0.782337283111909,-0.48183268763485837,0.12913870765814509,0.8775768993693059,0.2233415130050631,0.0023200212374607228,1.1376896013079765,0.07763796992567584,-0.2569802229106366,0.34166951112531785,-0.5150804146226747,0.7536563004953095,18.02062173154026,3.6917021722381116,32,0
"Egypt, Arab Rep.",EGY,1997,0.04130733339796495,0.3840360776602321,0.24818343191030257,-0.875428060674888,-0.44887018847553534,0.1376271667690013,0.7044964631075356,0.1801588866601504,0.0023200212374607228,1.1376896013079765,0.4814418884458814,-0.2569802229106366,0.34166951112531785,-0.5150804146226747,0.7056484674990585,18.041347324662613,3.6965506830366066,32,1
"Egypt, Arab Rep.",EGY,1998,0.0855296513242003,-0.15086226710136155,0.24818343191030257,-0.9279313567366281,-0.42637322940616773,0.14676789302721974,0.6972818649150775,0.15066760004304872,0.0023200212374607228,1.1376896013079765,0.885245806966087,-0.2569802229106366,0.34166951112531785,-0.5150804146226747,0.7056484674990585,18.0631954002999,3.6998463536230553,32,2
"Egypt, Arab Rep.",EGY,1999,0.13703509079899498,-0.21542178372050408,0.4604629845985659,-1.0313395430371168,-0.44227350534690996,0.1563083779775033,0.7410219013809564,0.1303499718211375,0.0023200212374607228,1.1376896013079765,0.885245806966087,-0.1504549061174517,0.34166951112531785,-0.5150804146226747,0.7056484674990585,18.085501041648662,3.6975181838444517,32,3
"Egypt, Arab Rep.",EGY,2000,0.1959484782439712,-0.4416055504011296,0.5235557316215781,-1.0123048499981508,-0.4316888331205246,0.1657561587746183,0.5606147008029184,0.3259178062094418,0.0023200212374607228,1.1376896013079765,0.885245806966087,-0.04392958932426608,0.34166951112531785,-0.5150804146226747,0.7056484674990585,18.107110239202743,3.699068628739333,32,4
"Egypt, Arab Rep.",EGY,2001,0.21630364773686053,-0.5901659295651067,0.5799177896209055,-0.9893246774266176,-0.5516646908647961,0.17524273260125559,0.5602120054535024,0.3381450399464289,0.0023200212374607228,0.5431056263060834,0.4814418884458814,0.06259602574052224,0.6127307006210313,-0.187723234956971,0.681644551000933,18.12834827514973,3.681352143781643,32,5
"Egypt, Arab Rep.",EGY,2002,0.22022949780729162,-0.5793537779260943,0.5591839949510198,-0.9552051326504785,-0.5123775982939764,0.18484035185285266,0.4674919637658537,0.4782811012546349,0.0023200212374607228,-0.051478348695809785,0.07763796992567584,0.16912164080531122,0.8837918901167451,0.13963394470873283,0.41760146952155225,18.149385510845462,3.687188186405773,32,6
"Egypt, Arab Rep.",EGY,2003,0.2362595203670823,-0.7617696007892744,0.5479243526445581,-0.8046339899353255,-0.5908389073193143,0.19460307883399702,0.3478813053332595,0.5437538707248355,0.0023200212374607228,-0.051478348695809785,-0.46076725476793157,-0.2569802229106366,0.8837918901167451,0.13963394470873283,0.41760146952155225,18.17034004287379,3.67549875720517,32,7
"Egypt, Arab Rep.",EGY,2004,0.26647534276736495,-0.7507461196657269,0.5217528290057156,-0.46709651797531976,-0.3718644420162863,0.20442315781701026,0.37172865415862044,0.6516712023994716,0.0023200212374607228,-0.051478348695809785,-0.46076725476793157,-0.04392958932426608,0.8837918901167451,0.13963394470873283,0.41760146952155225,18.19098381609706,3.707786813569732,32,8
"Egypt, Arab Rep.",EGY,2005,0.3037922528402095,-0.5665619496952878,0.5217528290057156,-0.3182603441044309,0.37284516998353906,0.21424121702264856,0.5826011663494731,0.6084782709822946,0.0023200212374607228,-0.051478348695809785,-0.7299698671147353,0.5952241010644648,0.7482612953688889,-0.5150804146226747,0.41760146952155225,18.211205911117368,3.810392618027761,32,9
"Egypt, Arab Rep.",EGY,2006,0.3804732700881684,-0.46820081478541364,0.5217528290057156,-0.3598458058492247,0.9397534643162517,0.22391316287219698,0.6620563959608411,0.7753509911695645,0.0023200212374607228,-0.051478348695809785,-0.7299698671147353,0.5952241010644648,0.8837918901167451,-0.27065354588178675,0.561624968510306,18.230735045108954,3.882001238330481,32,10
"Egypt, Arab Rep.",EGY,2007,0.46599666653758426,-0.21090509618102984,0.5217528290057156,-0.2566342741543882,0.8599122202312144,0.23344253299968054,0.6653410214880252,0.684734414181803,0.0023200212374607228,-0.051478348695809785,-0.05696333624772602,0.9148006479872267,0.8837918901167451,-0.27065354588178675,0.681644551000933,18.249610366590566,3.8722211008037086,32,11
"Egypt, Arab Rep.",EGY,2008,0.5574305719128864,-0.037775134242782296,0.5217528290057156,-0.06517159296389727,0.3450998258120776,0.24304895702929544,0.7327733104189752,0.7801603961452941,0.0023200212374607228,-0.051478348695809785,0.07763796992567584,1.2343777914531946,1.0193224848646019,-0.272399800020996,0.41760146952155336,18.268284407697465,3.8067528379725957,32,12
"Egypt, Arab Rep.",EGY,2009,0.6079034764787127,-0.4462211624017873,-0.006029706409364906,-0.5038205891221804,-0.040902760812094804,0.25294735983434646,0.8489043378258991,0.7472106693012425,0.0023200212374607228,-0.051478348695809785,0.07763796992567584,1.2343777914531946,1.2903836743603156,0.1640767887142674,0.41760146952155336,18.28716805972427,3.754690705946657,32,13
"Egypt, Arab Rep.",EGY,2010,0.6680375265901641,-0.4099298217151464,0.0488232532789649,-0.7536939760489207,-0.14781306506977115,0.26319401700840084,1.0788918747142717,0.7445548064255691,0.0023200212374607228,-0.051478348695809785,-0.1915646424211279,1.2343777914531946,1.1548530796124588,0.020912232959474586,0.41760146952155336,18.306347571917446,3.7397785788053763,32,14
"Egypt, Arab Rep.",EGY,2011,0.6610535281646611,-0.7134965456940261,0.3320881924350692,-0.8314277829114143,-0.6754134130980108,0.2746655482156214,0.8287896174530822,0.7584631286155405,0.0023200212374607228,-0.051478348695809785,-1.2683750918083427,1.2343777914531946,0.34166951112531785,0.17455221846356994,0.15355838804217317,18.327392179306386,3.6627436292171915,32,15
"Egypt, Arab Rep.",EGY,2012,0.6602103856183629,-0.9578796114747984,0.34909650429654976,-0.9631880765609128,-0.47136275962221336,0.28717088493523096,1.0023826315693039,1.0329374354802396,0.0023200212374607228,-0.051478348695809785,-1.2683750918083427,1.021326561323618,0.07060832162960441,-0.1554238186394595,0.057542722049672236,18.349839758611708,3.693244761078763,32,16
"Egypt, Arab Rep.",EGY,2013,0.6574009123217893,-1.1652143589014374,0.3808749028626187,-0.973010403046629,-0.39509531845750107,0.3003088231853662,0.9037974622245006,1.0858125934571803,0.0023200212374607228,-0.051478348695809785,-1.5375777041551464,0.3821728709348875,0.2061389163774616,-0.38064555824946333,0.12955447154404823,18.372892394798654,3.7044104080902813,32,17
"Egypt, Arab Rep.",EGY,2014,0.6691441609754007,-1.2307917499116632,0.36192428921251685,-1.0731341029270967,-0.3856583392592479,0.31358312059726257,0.945131997152957,1.0860928846671891,0.0023200212374607228,-0.051478348695809785,-0.46076725476793157,0.5952241010644648,0.2061389163774616,-0.836326752344123,0.12955447154404823,18.39565679022458,3.7057833659718304,32,18
"Egypt, Arab Rep.",EGY,2015,0.7125747338575975,-1.0841655413715061,0.36192428921251685,-1.1332818218738387,-0.2853424899364814,0.32609296855615877,1.0295477092181706,0.814902277340859,0.0023200212374607228,-0.051478348695809785,0.07763796992567584,0.16912164080531122,0.4772001058731751,-0.3963587028734171,0.12955447154404823,18.41664604549217,3.720262671634638,32,19
"Egypt, Arab Rep.",EGY,2016,0.7577845308310568,-0.9854262894655469,0.448147445855536,-1.2666523129957272,-0.22853730507571834,0.33847315769260966,1.055632895587996,0.46767083086382244,0.60890624023874,-0.051478348695809785,0.07763796992567584,-0.4700314530402132,0.4772001058731751,-0.3736621130070912,0.12955447154404823,18.43699287478265,3.7283697466858277,32,20
"Egypt, Arab Rep.",EGY,2017,0.8014392120975442,-0.7615294398026433,0.4728310918085049,-0.9017029899373386,-0.13648539720055122,0.35087887221917957,1.1988454000206539,0.6290410301463126,0.60890624023874,-0.051478348695809785,0.07763796992567584,-0.4700314530402132,0.34166951112531785,-0.36493241362550954,0.12955447154404823,18.45697465897674,3.7413691651629124,32,21
Eritrea,ERI,1996,-0.31491317941001196,0.6066837434745548,-1.2469403799719385,1.237881780678569,0.253110801699011,-0.2633245001506749,-0.6625314012002942,-0.6594519585217409,1.8220786782412985,-0.051478348695809785,-1.2683750918083427,-0.8961339132993669,0.612730700621032,-1.1697947739540824,0.12955447154404823,14.570911620610332,3.794589572481966,33,0
Eritrea,ERI,1997,-0.31491317941001196,1.0546052006924065,-1.1281203083326055,1.2030053353286907,0.363939829755351,-0.26318135598827097,-0.656633611985381,-0.4868966123190478,1.8220786782412985,-0.051478348695809785,-1.2683750918083427,-0.8961339132993669,0.612730700621032,-1.1697947739540824,0.12955447154404823,14.581971395292987,3.8092258117518623,33,1
Eritrea,ERI,1998,-0.31491317941001196,1.176688788006567,-1.1281203083326055,0.608929366836048,-0.6397991582353353,-0.2630103159185894,-0.6741981867597103,-0.6283308178759259,1.8220786782412985,-0.051478348695809785,-1.2683750918083427,-0.8961339132993669,0.612730700621032,-1.1697947739540824,0.12955447154404823,14.59502807675907,3.668134646558942,33,2
Eritrea,ERI,1999,-0.31491317941001196,2.781686456856766,-0.8402060473379649,0.6475443567182807,1.4015814227724175,-0.26281462126101035,-0.6777453584021268,-0.49574704914444107,1.8220786782412985,-0.051478348695809785,-1.2683750918083427,-0.8961339132993669,0.44331745718621096,-1.1697947739540824,0.12955447154404823,14.609760653449404,3.936769484915945,33,3
Eritrea,ERI,2000,-0.31491317941001196,-0.07190798397632152,-0.6563786638404066,-0.17534037577015027,0.02625009881183823,-0.2626074973242736,-0.674772087552912,-0.6382856027444631,1.8220786782412985,-0.051478348695809785,-1.2683750918083427,-0.8961339132993669,0.27390421375139,-1.1697947739540824,0.12955447154404823,14.625120792276563,3.7639449162430054,33,4
Eritrea,ERI,2001,-0.31491317941001196,1.5375239511856444,-0.6363755104498475,-0.0540921015199465,-0.36820985758943126,-0.26221413660964177,-0.6738229168498583,-0.6904562269995449,1.8220786782412985,0.5431056263060834,-0.5953685609413335,-0.7718539793451801,0.44331745718621096,-1.1697947739540824,0.12955447154404823,14.653658110251891,3.7083169393313993,33,5
Eritrea,ERI,2002,-0.31491317941001196,0.8444698995718195,-0.6104893611711002,0.07719228114634936,-0.1130623693816316,-0.26172492113102597,-0.6584146971651044,-0.637190525529123,1.8220786782412985,1.1376896013079765,0.07763796992567584,-0.647574045390993,0.612730700621032,-1.1697947739540824,0.12955447154404823,14.688049591256517,3.744650131596167,33,6
Eritrea,ERI,2003,-0.31491317941001196,0.4798478402220081,-0.581438389509557,0.00231113886868322,-0.15513343647411884,-0.26111460367123907,-0.6672466770272611,-0.5937054751946533,1.8220786782412985,1.1376896013079765,0.07763796992567584,-0.647574045390993,0.612730700621032,-1.1697947739540824,0.12955447154404823,14.729359912099552,3.738749333776855,33,7
Eritrea,ERI,2004,-0.31491317941001196,-0.2822908130064982,-0.5787912486535969,-0.24233757899394637,-0.27337692597143093,-0.26048338695813517,-0.6628647053148191,-0.6006814906748811,1.68115462676702,1.017571746678094,0.012376795830113883,-0.4994428227130852,0.612730700621032,-0.8192910847143202,0.12955447154404823,14.770362169965155,3.721975835656148,33,8
Eritrea,ERI,2005,-0.31491317941001196,-0.2730061533426533,-0.4268217320368646,-0.3718073947375683,-0.6187960840154643,-0.26010282824560754,-0.6802949544009258,-0.5300041605832388,1.8220786782412985,1.1376896013079765,0.07763796992567584,-0.647574045390993,0.612730700621032,-1.1697947739540824,0.12955447154404823,14.794293719157062,3.6713003629662517,33,9
Eritrea,ERI,2006,-0.31491317941001196,-1.080924354765193,-0.37178828861280594,-0.8312766515825097,-0.4261947663629718,-0.2598471087071185,-0.6912170769522445,-0.7221163916195674,0.0023200212374607228,-0.051478348695809785,0.07763796992567584,-1.9613894674040449,-1.0136364363532497,-0.9847290229735675,0.12955447154404823,14.810058897476228,3.6998724540225867,33,10
Eritrea,ERI,2007,-0.31491317941001196,-1.203178981963174,-0.47994130160479265,-1.141586198302301,-0.5483844711077603,-0.259606912427676,-0.6921505757363615,-0.6354134349880349,0.0023200212374607228,-0.051478348695809785,0.07763796992567584,-1.9613894674040449,-1.0136364363532497,-0.9847290229735675,0.12955447154404823,14.82464406446432,3.6818407211032746,33,11
Ethiopia,ETH,1996,-1.177203410088163,1.154945650201289,-1.8950903655783888,-0.7450937707056152,-0.5985107515891086,0.08341909351794499,-1.518637114204102,-1.4381144620456425,-1.2108524167650978,-1.240646298699596,-0.7299698671147353,-1.7483382372744682,-1.2846976258489626,-1.1697947739540824,0.41760146952155336,17.900942789757654,3.6743484122183596,34,0
Ethiopia,ETH,1997,-1.1773513715094257,1.154945650201289,-1.8950903655783888,-0.7450937707056152,-0.08678459679233941,0.095132012310425,-1.5207356689930627,-1.2418323824221027,-1.2108524167650978,-1.240646298699596,-0.7299698671147353,-1.7483382372744682,-1.2846976258489626,-1.1697947739540824,0.41760146952155336,17.93299433175192,3.7483182072883383,34,1
Ethiopia,ETH,1998,-1.1853339042293936,1.154945650201289,-1.8950903655783888,-0.7450937707056152,-0.09084229569125399,0.10697846015744604,-1.5243821843106926,-1.29310820865332,-1.2108524167650978,-1.240646298699596,-0.7299698671147353,-1.7483382372744682,-1.2846976258489626,-1.1697947739540824,0.41760146952155336,17.964398938392602,3.747752676719821,34,2
Ethiopia,ETH,1999,-1.1831000353739451,1.154945650201289,-1.8144823007938564,-0.7450937707056152,-0.49092939526338963,0.11913967881860457,-1.5226264007314279,-1.2424314581621354,-1.2108524167650978,-1.240646298699596,-0.7299698671147353,-1.7483382372744682,-1.2846976258489626,-1.1697947739540824,0.41760146952155336,17.995643780518122,3.6903599724666276,34,3
Ethiopia,ETH,2000,-1.1797114670370858,1.154945650201289,-1.7726196096160738,-0.7450937707056152,-0.3646486694280162,0.1314574967459374,-1.5070943320801058,-1.2829807743771904,-1.2108524167650978,-1.240646298699596,-0.7299698671147353,-1.7483382372744682,-1.2846976258489626,-1.1697947739540824,0.41760146952155336,18.02632611030214,3.7088332470305754,34,4
Ethiopia,ETH,2001,-1.173555260278979,1.154945650201289,-1.667861411393699,-0.7450937707056152,0.07684065196109943,0.14401318276621763,-1.48724826505736,-1.2399360913774038,-1.2108524167650978,-1.240646298699596,-0.7299698671147353,-1.7483382372744682,-1.2846976258489626,-1.1697947739540824,0.41760146952155336,18.05666122309009,3.770860577654865,34,5
Ethiopia,ETH,2002,-1.1755075056165922,1.154945650201289,-1.6008084559687583,-0.7450937707056152,-0.09167155235781568,0.15700116766435554,-1.4703768345324457,-1.1723614042294035,-1.2108524167650978,-1.240646298699596,-0.7299698671147353,-1.7483382372744682,-1.2846976258489626,-1.1697947739540824,0.41760146952155336,18.08710157038558,3.7476370619940074,34,6
Ethiopia,ETH,2003,-1.181886189726343,1.154945650201289,-1.5873011278125537,-0.7450937707056152,0.2708280106138838,0.17028783167724532,-1.4561285109333453,-1.1591166036816973,-1.2108524167650978,-1.240646298699596,-0.7299698671147353,-1.7483382372744682,-1.2846976258489626,-1.1697947739540824,0.41760146952155336,18.11731179327751,3.7969437655189764,34,7
Ethiopia,ETH,2004,-1.169685222967353,1.154945650201289,-1.51809701631537,-0.7450937707056152,0.26884872885626515,0.18386111661301366,-1.4302777568516107,-1.1769148486945076,-1.2108524167650978,-1.240646298699596,-0.46076725476793157,-1.535287603688097,-1.2846976258489626,-1.1697947739540824,0.41760146952155336,18.147259264171065,3.7966810411673446,34,8
Ethiopia,ETH,2005,-1.1584354038596762,1.154945650201289,-1.4319549346270626,-0.7450937707056152,-0.27938782001914725,0.19771088730135983,-1.4079442349005342,-1.2515066732546392,-1.2108524167650978,-1.240646298699596,-0.46076725476793157,-1.535287603688097,-1.149167031101106,-0.5150804146226747,0.41760146952155336,18.176919488507085,3.721115595572824,34,9
Ethiopia,ETH,2006,-1.1475437311343306,1.154945650201289,-1.3007149977078267,-0.7450937707056152,-0.03754091010823926,0.21183735539560153,-1.3948814585100822,-1.267853819281033,0.0023200212374607228,-0.051478348695809785,-0.999172479461539,-0.4700314530402132,-0.33598346261396533,-0.12748951389848143,0.41760146952155336,18.206292391288425,3.75515603835729,34,10
Ethiopia,ETH,2007,-1.1348820049959312,1.154945650201289,-1.2002286740014678,-0.7450937707056152,-0.4503757724350356,0.22634907485878694,-1.3798116338318587,-1.2680883473975628,0.0023200212374607228,-0.051478348695809785,-0.999172479461539,-0.4700314530402132,-0.33598346261396533,-0.12748951389848143,0.39359755302342786,18.235593983504305,3.6963297356970912,34,11
Ethiopia,ETH,2008,-1.1221918101357249,1.154945650201289,-1.1618430586527835,-0.7450937707056152,-0.5730333387896925,0.24110706202801507,-1.3658157624097318,-1.383102325701327,0.0023200212374607228,-0.051478348695809785,-0.999172479461539,-0.2569802229106366,-0.33598346261396533,-0.16240778765331912,0.561624968510306,18.264537552057362,3.678163502046063,34,12
Ethiopia,ETH,2009,-1.1118846323427711,1.154945650201289,-1.149595039870108,-0.7450937707056152,-0.5254002051537618,0.25600726208504904,-1.3513225541588318,-1.4266387521977677,0.0023200212374607228,-0.051478348695809785,-0.999172479461539,-0.2569802229106366,-0.33598346261396533,-0.16240778765331912,0.561624968510306,18.292934152767867,3.68525746765959,34,13
Ethiopia,ETH,2010,-1.0940762268497686,1.154945650201289,-1.0989189796232302,-0.7450937707056152,-0.4780090097334718,0.27131208281321845,-1.3297586168111948,-1.4472977360494077,0.0023200212374607228,-0.051478348695809785,-0.999172479461539,-0.2569802229106366,-0.33598346261396533,-0.30906380414355483,0.561624968510306,18.321285898247123,3.69226581041887,34,14
Ethiopia,ETH,2011,-1.0773752285005085,1.154945650201289,-1.0482356640960093,-0.7450937707056152,-0.30820523986122306,0.2871041778567181,-1.3072072354114457,-1.4282057966271258,0.0023200212374607228,-0.051478348695809785,-0.999172479461539,-0.6830826831697902,-0.33598346261396533,-0.28985867501267065,0.561624968510306,18.349721343686003,3.716981124214443,34,15
Ethiopia,ETH,2012,-1.0647404100964415,1.7604660576955042,-0.9840247747255368,-0.8273023213896026,-0.5320881106918383,0.3031220828012918,-1.2885913723365388,-1.443886367055025,0.0023200212374607228,-0.051478348695809785,-0.7299698671147353,-1.1091851434289437,-0.4715140573618222,-0.30207983512969433,0.36959363652530175,18.377760382733136,3.6842644747683164,34,16
Ethiopia,ETH,2013,-1.0467265213092463,1.3944034872260291,-0.9840247747255368,-0.9411495318272999,-0.1639777550844959,0.3190866934404596,-1.265816866776754,-1.3217371281359949,0.0023200212374607228,-0.051478348695809785,-0.7299698671147353,-1.535287603688097,-0.20045286786610875,-0.2828752297702985,0.46560930251780386,18.4049451056335,3.737504406843703,34,17
Ethiopia,ETH,2014,-1.0280481440911502,1.8691576132744065,-0.9840247747255368,-0.9623380211577499,-0.07685770075327578,0.33527429596795666,-1.3017748993260738,-1.1115500335071553,0.0023200212374607228,-0.051478348695809785,-0.7299698671147353,-1.3222363735585203,0.07060832162960441,-0.30207983512969433,0.561624968510306,18.431775083544263,3.7497003941836287,34,18
Ethiopia,ETH,2015,-1.0076453521900415,2.1940501499209746,-1.067634506432382,-0.993799046583927,0.07422088866749103,0.35191342154179955,-1.3378243901714164,-0.8764325042880781,0.0023200212374607228,-0.051478348695809785,-0.7299698671147353,-1.3222363735585203,0.07060832162960441,-0.2828752297702985,0.561624968510306,18.458623101896155,3.7705036312572164,34,19
Ethiopia,ETH,2016,-0.988532055885512,1.7908981484132687,-1.067634506432382,-1.1317426940485722,0.38209327700400825,0.3691542593562539,-1.370112227802255,-0.40770890661265907,0.60890624023874,-0.051478348695809785,-0.999172479461539,-1.3222363735585203,0.07060832162960441,-0.3230306946282994,0.561624968510306,18.485701926715073,3.811602895383928,34,20
Ethiopia,ETH,2017,-0.9678345586513596,1.9237922017410212,-1.067634506432382,-1.2417986237728789,0.24855697583958622,0.3869834450161141,-1.4038036948579309,-0.27050950350031755,0.0023200212374607228,-0.051478348695809785,-0.999172479461539,-0.8961339132993669,0.2061389163774616,-0.354456983876207,0.561624968510306,18.512954336169543,3.793983581623201,34,21
Fiji,FJI,1996,0.042161706129647904,-0.09153061916490066,0.4834493710696578,-0.15371666277275856,-1.2141781566155743,-0.27133512468417187,0.17314643591569615,-0.5042525948045593,1.8220786782412985,1.7322735763098698,1.692853644006498,0.5952241010644648,1.2903836743603156,1.1217054837058442,0.12955447154404823,13.597093320014151,3.577431495364466,35,0
Fiji,FJI,1997,-0.0009016917773907311,-0.09153061916490066,0.4834493710696578,-0.15371666277275856,-1.1277207213541187,-0.2712846302497976,0.1949656883506473,-0.456051957933258,1.8220786782412985,1.7322735763098698,1.692853644006498,0.5952241010644648,1.2903836743603156,1.1217054837058442,0.12955447154404823,13.60742801807537,3.5916216126691602,35,1
Fiji,FJI,1998,-0.0002077417877259114,-0.09153061916490066,0.4834493710696578,-0.15371666277275856,-0.4328684865557761,-0.2712234382520212,0.4897119187980741,-0.4886896890968869,1.8220786782412985,1.7322735763098698,1.692853644006498,0.5952241010644648,1.2903836743603156,1.1217054837058442,0.12955447154404823,13.619810709567563,3.698895951847534,35,2
Fiji,FJI,1999,0.09799841647648859,-0.09153061916490066,0.4600354067437856,-0.15371666277275856,-1.9250201381259413,-0.2711655661877145,0.5105296404208132,-0.6496430035886177,1.8220786782412985,1.7322735763098698,1.4236510316596944,0.47094416711027803,0.9515571874906739,0.30331253454158474,0.12955447154404823,13.631382169833245,3.452433831537571,35,3
Fiji,FJI,2000,0.0593576200747419,-0.09153061916490066,0.44470119899763466,-0.15371666277275856,-0.6348730574296633,-0.27111065122261835,0.46594784173831205,-0.6027932182353106,1.8220786782412985,1.7322735763098698,1.1544484193128908,0.34666423315609096,0.612730700621032,-0.5150804146226747,0.12955447154404823,13.642239917770734,3.6688780397979817,35,4
Fiji,FJI,2001,0.07237949486068276,-0.09153061916490066,0.4105881145950916,-0.15371666277275856,-0.21824874724001972,-0.2710581188691562,0.45202048779580983,-0.5165315464711693,1.8220786782412985,1.7322735763098698,1.1544484193128908,0.8437836707012359,0.9515571874906739,-0.024044645124119083,0.12955447154404823,13.652517398390131,3.7298310962451438,35,5
Fiji,FJI,2002,0.10237035820234777,-0.09153061916490066,0.4601481745296606,-0.15371666277275856,-0.35795617284338493,-0.271007001569304,0.4446048601854876,-0.5767356954962739,1.8220786782412985,1.7322735763098698,1.1544484193128908,1.3409031082463807,1.2903836743603156,0.46699112437443663,0.12955447154404823,13.662417651830449,3.7098028170369046,35,6
Fiji,FJI,2003,0.10292689617740361,-0.09153061916490066,0.521117128251999,-0.15371666277275856,-0.34457297956871635,-0.2709571904727842,0.4232672776375017,-0.6802812835719723,1.2154924592400194,1.7322735763098698,1.1544484193128908,0.5952241010644648,1.2903836743603156,0.13963394470873283,0.12955447154404823,13.671971541416795,3.711738881272961,35,7
Fiji,FJI,2004,0.16368449162539478,-0.09153061916490066,0.622364910904657,-0.15371666277275856,0.9237153746424194,-0.27090832879257537,0.43477860741157837,-0.5882962039946191,1.2890179880176023,1.3058545977898117,1.1435713416015403,-0.09773003142083837,1.3246084022684232,0.5033639115499643,0.12955447154404823,13.681255474967603,3.8800443178642103,35,8
Fiji,FJI,2005,0.16054265666620351,-0.09153061916490066,0.622364910904657,-0.15371666277275856,0.34029089558821823,-0.270859872277289,0.42415052913488616,-0.8636940998144478,0.60890624023874,1.7322735763098698,1.4236510316596944,0.5952241010644648,1.6292101612299577,0.7943483040401405,0.12955447154404823,13.690378081206722,3.80612062794001,35,9
Fiji,FJI,2006,0.17426789014951422,-0.09153061916490066,0.5943155825176655,-0.15371666277275856,2.56867109667529,-0.27081157903741926,0.28970012809799167,-0.887736406343902,0.60890624023874,1.7322735763098698,1.4236510316596944,0.5952241010644648,1.6292101612299577,1.1400374857671234,0.12955447154404823,13.699387893129048,4.063123229426467,35,10
Fiji,FJI,2007,0.14954931023009682,-0.09153061916490066,0.5761599689915489,-0.15371666277275856,1.6824731346999917,-0.2707664243138896,0.14505257725841572,-0.9443910083676849,0.60890624023874,1.1376896013079765,1.1544484193128908,0.34666423315609096,0.9515571874906739,1.1400374857671234,0.12955447154404823,13.707739361170393,3.9686704211874546,35,11
Fiji,FJI,2008,0.15550050470168675,-0.09153061916490066,0.5758299573828813,-0.15371666277275856,2.6186454685457647,-0.2707327593418942,0.028103164981069587,-0.8940425915408997,0.60890624023874,0.5431056263060834,0.885245806966087,-0.39901477402582486,0.9515571874906739,0.8519631676613043,0.12955447154404823,13.71392070220264,4.068192919331687,35,12
Fiji,FJI,2009,0.12922901208767348,-0.09153061916490066,0.5780839311422499,-0.15371666277275856,1.1754104654824724,-0.27070953794931973,-0.10560694801405146,-0.8448209987263855,0.60890624023874,0.5431056263060834,0.6160431946192833,-0.647574045390993,0.27390421375139,0.8519631676613043,0.12955447154404823,13.718162302694372,3.9103224369484395,35,13
Fiji,FJI,2010,0.16635078809223913,-0.09153061916490066,0.5780839311422499,-0.15371666277275856,0.3180478410357336,-0.270690307733594,-0.2011881553740069,-0.820300918202829,0.60890624023874,1.1376896013079765,0.6160431946192833,-0.39901477402582486,0.27390421375139,0.07154365133826637,0.12955447154404823,13.721661310478456,3.803191215083227,35,14
Fiji,FJI,2011,0.20180849769721051,-0.09153061916490066,0.74441669170174,-0.15371666277275856,0.3306299154262742,-0.2706747663328345,-0.3078934410354465,-0.7836366662523538,1.2154924592400194,1.1376896013079765,0.885245806966087,-0.15045490611745102,0.27390421375139,0.0977322257115227,0.12955447154404823,13.724480206614603,3.804849329782317,35,15
Fiji,FJI,2012,0.21980760527923807,-0.09153061916490066,0.6798107004932525,-0.15371666277275856,0.5395756091041396,-0.27066310121140835,-0.4360044120864686,-0.8410647174960876,1.2154924592400194,1.1376896013079765,0.885245806966087,-0.15045490611745102,0.27390421375139,0.0977322257115227,0.12955447154404823,13.726590815748962,3.8319905130341194,35,16
Fiji,FJI,2013,0.2893247367137284,-0.09153061916490066,0.6798107004932525,-0.15371666277275856,0.3428741525826054,-0.2706544294726188,-0.524936798935625,-0.8731533243036104,1.2154924592400194,1.1376896013079765,0.885245806966087,-0.15045490611745102,0.27390421375139,0.0663059364636151,0.12955447154404823,13.728156940598906,3.806460287664785,35,17
Fiji,FJI,2014,0.3761956325927874,-0.09153061916490066,0.8985443338611628,-0.15371666277275856,0.6745055235874814,-0.2706469732285969,-0.6248229110231597,-0.9833265014009499,2.024274246331383,1.9304683931995605,1.513385092200569,1.2580498189435894,1.5162681796475364,1.113848911393867,0.12955447154404823,13.72950158748823,3.849133849464282,35,18
Fiji,FJI,2015,0.44980577185798165,-0.09153061916490066,0.8859300624178155,-0.15371666277275856,0.10071920606647873,-0.2706409683216108,-0.7206655896933477,-0.9701414316556306,2.024274246331383,1.9304683931995605,1.513385092200569,1.2580498189435894,1.5162681796475364,1.1557506303910772,0.12955447154404823,13.73058318973727,3.774108204067438,35,19
Fiji,FJI,2016,0.49148289268829143,-0.09153061916490066,0.9346648219983308,-0.15371666277275856,0.7021547347312291,-0.2706374125458728,-0.8114984936595425,-0.8843439530861477,2.024274246331383,1.9304683931995605,1.513385092200569,1.2580498189435894,1.5162681796475364,1.1295620560178208,0.12955447154404823,13.731223104088945,3.852610790382704,35,20
Fiji,FJI,2017,0.5882909992855208,-0.09153061916490066,0.9346648219983308,-0.15371666277275856,0.583289013428046,-0.2706398737715962,-0.7970194326226473,-0.9266545290695769,2.024274246331383,1.9304683931995605,1.2740941205168432,1.2580498189435894,1.5162681796475364,1.2395540683854973,0.12955447154404823,13.73078021380369,3.837576707982288,35,21
"Micronesia, Fed. Sts.",FSM,2004,-0.7633484052974351,-0.09153061916490066,0.7966726756153264,0.6262807574824267,0.44735351675874313,-0.27551899071338154,-0.020669513802807814,-1.7289365334553672,1.68115462676702,1.3058545977898117,1.6439078711158719,1.248007014074863,2.0912464275401184,1.5085819601211348,0.12955447154404823,11.625593217623642,3.8201019591722045,36,0
"Micronesia, Fed. Sts.",FSM,2005,-0.7483665927587281,-0.09153061916490066,0.8647462762395182,0.5920468482485812,0.44735351675874313,-0.2755220929462958,-0.020669513802807814,-1.8024478871863985,1.2154924592400194,1.1376896013079765,2.2312588687001056,1.8380222475199222,2.6456896218388835,2.1037770227029555,0.12955447154404823,11.620999296255672,3.8201019591722045,36,1
Gabon,GAB,1996,2.388030626489957,0.10587917541599755,-0.6428130861477461,0.6304841585357434,-1.4874116099562964,-0.2692293193063988,-1.018358842748101,2.373421952145186,-1.2108524167650978,-1.240646298699596,-1.2683750918083427,-0.2569802229106366,-1.149167031101106,-1.82450913328549,0.41760146952155225,13.957024009030413,3.531214714508021,37,0
Gabon,GAB,1997,2.50258014990028,0.9174280205549191,-0.6282068939604186,0.7135722711214265,-1.004925651297369,-0.2690513853857967,-0.9972053003533512,2.230861846762357,-0.9075593072644581,-1.240646298699596,-0.999172479461539,-0.2569802229106366,-0.9458711389793208,-1.82450913328549,0.057542722049672236,13.982244591416515,3.611435840769142,37,1
Gabon,GAB,1998,2.5364562968559574,1.9199229148068384,-0.6282068939604186,0.6392959411351938,-0.14076660443296726,-0.26886817222672643,-0.9889126610272618,1.356562349753284,-0.6042661977638185,-1.240646298699596,-0.7299698671147353,-0.2569802229106366,-0.7425752468575356,-1.82450913328549,-0.4465395244109626,14.007565425364536,3.740768312323159,37,2
Gabon,GAB,1999,2.105700947308636,0.4342995621761653,-0.6896023199710101,0.6902348093592663,-0.3164899148920318,-0.26867901463304666,-0.9768996422982107,1.8285466419029197,-0.30097308826317887,-1.240646298699596,-0.32616594859452974,-0.2569802229106366,-0.4037487599878938,-1.4971519536197861,-0.4465395244109626,14.033052046988223,3.715789341075841,37,3
Gabon,GAB,2000,1.9562321309982187,-0.08339888354707112,-0.6896023199710101,0.8053683267729917,0.28452333355820325,-0.26848214076412596,-0.9500414634620923,2.4473914591492285,0.0023200212374607228,-1.240646298699596,0.07763796992567584,-0.2569802229106366,-0.06492227311825187,-1.1697947739540824,-0.4465395244109626,14.058906047384149,3.79875975588011,37,4
Gabon,GAB,2001,1.9393661202831534,0.018906899085916598,-0.5348737238873359,0.2815790332883347,-0.9794809402263512,-0.2682764318809992,-0.935657179412869,1.7365724568442549,0.0023200212374607228,-1.240646298699596,0.07763796992567584,-0.1504549061174517,-0.06492227311825187,-1.1697947739540824,-0.4465395244109626,14.085224669090543,3.615492952440313,37,5
Gabon,GAB,2002,1.8458739958895087,0.30542008105594437,-0.5052630591708936,0.31406970701391823,-0.6371527620692495,-0.26806147677150616,-0.9212133309142598,1.703763973219721,0.0023200212374607228,-1.240646298699596,0.07763796992567584,-0.04392958932426608,-0.06492227311825187,-1.1697947739540824,-0.4465395244109626,14.112005681147911,3.6685340804102826,37,6
Gabon,GAB,2003,1.829970761102843,0.0059988358048615525,-0.5052630591708936,0.18484354183344273,-0.38206179856267974,-0.2678364288223759,-0.8974532345229159,1.6807636547232625,0.0023200212374607228,-1.240646298699596,0.07763796992567584,-0.04392958932426608,-0.06492227311825187,-1.1697947739540824,-0.4465395244109626,14.139296230801866,3.706306120226489,37,7
Gabon,GAB,2004,1.7644942026567694,-0.13266806008191062,-0.5052630591708936,0.227322680513141,0.04233884280070115,-0.2675990203194899,-0.8699448699012363,2.051879020282293,0.0023200212374607228,-1.240646298699596,-0.1915646424211279,-0.04392958932426608,-0.06492227311825187,-1.1697947739540824,-1.0226335203659718,14.167300590125356,3.766149416878773,37,8
Gabon,GAB,2005,1.7564483503280859,-0.19509857868157757,-0.5052630591708936,0.29059683782239965,-0.06537222892491526,-0.26734572572329834,-0.8355863800867014,2.7524415312954527,0.0023200212374607228,-1.240646298699596,0.07763796992567584,-0.04392958932426608,-0.06492227311825187,-1.1697947739540824,-1.3106805183434769,14.196338651936443,3.751297211538805,37,9
Gabon,GAB,2006,1.5822794022858966,0.07040644332335479,-0.5052630591708936,0.42687911816082574,-0.20240925364608353,-0.2670745554926145,-0.8165173105743323,2.714506119751328,0.0023200212374607228,-0.051478348695809785,0.34684058227247955,-0.6830826831697902,-0.6070446521096794,-0.9131467450961707,-1.3106805183434769,14.226518940365919,3.7320767143026385,37,10
Gabon,GAB,2007,1.6614392964771103,0.12808031114562304,-0.5052630591708936,0.3248972694619367,0.24802012248719885,-0.2667848928091982,-0.7797501445548012,2.5278313332256666,0.0023200212374607228,-0.051478348695809785,0.4814418884458814,-0.4700314530402132,-0.33598346261396533,-0.694908450728539,-1.3106805183434769,14.257781928322053,3.793912116781243,37,11
Gabon,GAB,2008,1.4726276646369416,0.29564490126370335,-0.5052630591708936,0.43701264835800063,0.11217771962044575,-0.26647685861780235,-0.7510386002012769,2.9038067338719302,0.0023200212374607228,-0.051478348695809785,0.6160431946192833,-0.2569802229106366,0.07060832162960441,0.008691072842451183,-0.7825943553847182,14.289989159568977,3.7756628935451975,37,12
Gabon,GAB,2009,1.3853384923098384,0.841993678083865,-0.5052630591708936,0.27769234227144735,0.24638834170641416,-0.26614800378717896,-0.7307359137318027,1.9642208436015949,0.0023200212374607228,-0.051478348695809785,-0.1915646424211279,-0.2569802229106366,-0.06492227311825187,-0.4277849921213247,-0.6985806476412786,14.323265672538021,3.79369486603599,37,13
Gabon,GAB,2010,1.4782500839110584,1.069949555564683,-0.5052630591708936,0.44161715018566094,-0.02449378167920165,-0.26579531074574075,-0.6732652331370009,2.358988824411763,0.0023200212374607228,-0.051478348695809785,0.34684058227247955,-0.2569802229106366,-0.06492227311825187,-0.37715409751402074,-0.08648077693908034,14.357765078913914,3.7569599157227382,37,14
Gabon,GAB,2011,1.5716238831775033,0.7390603384114821,-0.5052630591708936,0.48049439560479945,0.40230932046589424,-0.26541974100427407,-0.6161361579244353,2.832202657348647,0.0023200212374607228,-0.051478348695809785,0.34684058227247955,-0.2569802229106366,-0.06492227311825187,-0.34398155412690445,-0.13448860993533196,14.39323903064084,3.814243430397963,37,15
Gabon,GAB,2012,1.6162197025895384,0.6246450207411735,-0.5052630591708936,0.5339781272469634,0.026112878830519538,-0.26502725109186376,-0.566514148613412,2.661125328173265,0.0023200212374607228,-0.051478348695809785,0.34684058227247955,-0.2569802229106366,0.07060832162960441,0.10646192509310348,-0.30251602542221007,14.42901370137103,3.7639260932656513,37,16
Gabon,GAB,2013,1.6741257838812806,0.8925746554152642,-0.5052630591708936,0.4844571466975029,-0.3294775830859262,-0.2646271053765891,-0.514499497151525,2.4767904450756553,0.0023200212374607228,-0.051478348695809785,0.34684058227247955,-0.2569802229106366,0.07060832162960441,0.141379675076454,-0.30251602542221007,14.46421461227973,3.713918150495945,37,17
Gabon,GAB,2014,1.7000051374802578,1.5902477803603057,-0.5052630591708936,-0.01182495936373422,0.5323025974019742,-0.2642319788685636,-0.4645836459689798,2.1535054920819254,0.0023200212374607228,-0.051478348695809785,0.34684058227247955,-0.6830826831697902,0.07060832162960441,0.141379675076454,-0.30251602542221007,14.497798995189344,3.831058049618198,37,18
Gabon,GAB,2015,1.7208127242781188,0.8058868180481602,-0.5052630591708936,0.0006280473409555961,-0.5918037773673059,-0.2638534822640745,-0.4167299535866309,1.7759645592407862,0.0023200212374607228,-0.051478348695809785,-0.1915646424211279,-0.6830826831697902,0.07060832162960441,0.141379675076454,-0.30251602542221007,14.528945542220939,3.6753541537133514,37,19
Gabon,GAB,2016,1.6968830792087348,0.5330310594444976,-0.5052630591708936,-0.11003766319027958,0.8585288286913768,-0.2634947782684126,-0.36923849599694875,1.5142857160880037,0.0023200212374607228,-0.051478348695809785,-0.1915646424211279,-0.6830826831697902,0.07060832162960441,0.13788821434101106,-0.30251602542221007,14.557594082485055,3.87205079665686,37,20
Gabon,GAB,2017,1.6320149783544546,-0.15688080556445025,-0.5052630591708936,0.03307495503924623,0.8472713888424033,-0.2631525409008706,-0.31511168221430763,1.5500098369073707,0.0023200212374607228,-0.051478348695809785,-0.1915646424211279,-0.6830826831697902,0.07060832162960441,0.11519110070319766,-0.30251602542221007,14.584183027238714,3.870663856062118,37,21
Georgia,GEO,1996,-0.6504181563531369,-0.48825987391223524,0.5275846924419776,-0.8186423950363658,0.32789651524708613,-0.24903345648379904,-0.9227450127356884,-0.31559272845570735,-0.6042661977638185,-0.051478348695809785,-0.999172479461539,-0.39901477402582486,-1.0814017337271775,0.46699112437443663,0.12955447154404823,15.317741807213967,3.8044893453654547,38,0
Georgia,GEO,1997,-0.5584998326227653,-0.5012301263882014,0.5550032951246268,-0.4690346838177345,0.5270885464460328,-0.24989087012118663,-0.9383553354320965,-0.3837963708371833,-0.6042661977638185,-0.051478348695809785,-0.999172479461539,-0.39901477402582486,-1.0814017337271775,0.46699112437443663,0.12955447154404823,15.285666632754493,3.8303890273822874,38,1
Georgia,GEO,1998,-0.5162798520173847,0.3596553348330445,0.5550032951246268,-0.590429324646265,0.600484489839147,-0.2505337277667661,-0.9682989792037879,-0.418765439529699,-0.6042661977638185,-0.051478348695809785,-0.999172479461539,-0.39901477402582486,-1.0814017337271775,0.46699112437443663,0.12955447154404823,15.260924408757294,3.8397656174818575,38,2
Georgia,GEO,1999,-0.4769875964133957,0.4390318205285776,0.6580045062910137,-0.4864676805888833,-0.1438834905439213,-0.2510562998082571,-1.0708147281732745,-0.46609959596274214,-0.6042661977638185,0.2458136388051368,-0.999172479461539,-0.2747348400716378,-1.0814017337271775,0.46699112437443663,0.12955447154404823,15.240350644869334,3.740330640773063,38,3
Georgia,GEO,2000,-0.4453345025247329,0.34678958350812816,0.7267328786915317,-0.32670585586088224,0.08615395164249542,-0.2515404477017225,-1.020072663694785,-0.48549115749542765,-0.6042661977638185,0.5431056263060834,-0.999172479461539,-0.15045490611745102,-1.0814017337271775,0.46699112437443663,0.12955447154404823,15.220904358024884,3.7721284971119973,38,4
Georgia,GEO,2001,-0.3901641415528212,0.5636879376039832,0.8388212939364657,-0.3073202364377011,-0.06383212831980577,-0.25191996024213675,-1.0992969343642756,-0.5238466639511311,-0.6042661977638185,0.5431056263060834,-0.999172479461539,-0.15045490611745102,-1.0814017337271775,0.46699112437443663,0.12955447154404823,15.205391977889382,3.7515111369336522,38,5
Georgia,GEO,2002,-0.33163015195063045,0.2299864380229044,0.9640076322326309,-0.06666495391982546,0.15778053930326522,-0.25213680208977646,-1.255810666545155,-0.3407597088381873,-0.6042661977638185,0.5431056263060834,-0.999172479461539,-0.15045490611745102,-1.0814017337271775,0.46699112437443663,0.12955447154404823,15.196419443407827,3.781826436632412,38,6
Georgia,GEO,2003,-0.21712203213913658,0.5779621455922755,1.1104714275389216,0.107442748240171,0.7777473817401462,-0.25229874106679534,-1.2698777476190954,-0.22862462767433334,0.60890624023874,0.5431056263060834,-0.7299698671147353,0.34666423315609096,-0.7425752468575356,1.1217054837058442,0.12955447154404823,15.189665787052444,3.862055461324907,38,7
Georgia,GEO,2004,-0.1471975194239985,0.6761561813811181,0.989345005925942,0.14825280878600178,0.9845659185906173,-0.25244626947649523,-1.2031312169603456,-0.22110961247474284,0.2527799563320642,-0.15529461339986084,0.6298483353046069,0.007087978717503425,-0.4632456068374449,0.6958515045078609,0.12955447154404823,15.183473164524123,3.887448909855417,38,8
Georgia,GEO,2005,-0.028450565690673404,0.7520084862135106,1.1741816334679336,0.30741526630294347,0.5541304519285548,-0.2525966703240787,-1.1325847235951618,-0.25585661478696686,0.7537017675971717,-0.12205879619879502,1.0283353945499183,0.12175789989873319,-0.04896761150453431,0.7290470938404258,0.12955447154404823,15.17712024396229,3.833853963544688,38,9
Georgia,GEO,2006,0.09940573541254975,0.43973632717551103,1.2771234204334303,0.4406808716089678,1.9162256246564024,-0.25273044731536337,-1.2125922146009684,-0.4258529306064598,0.60890624023874,-0.051478348695809785,-0.1915646424211279,1.447428425039566,0.2061389163774616,0.3404128403132015,0.12955447154404823,15.171435398299133,3.9944632564147833,38,10
Georgia,GEO,2007,0.28379273864760596,0.45983553777362546,1.6139884360097898,0.4194559218500475,2.503796716119531,-0.2528525349962713,-1.0657557232952077,-0.4935548283075223,0.3056131307381003,0.5431056263060834,-0.46076725476793157,1.6604796551691425,0.5449654032471035,0.7768894290484649,0.12955447154404823,15.166218932302503,4.05650342300568,38,11
Georgia,GEO,2008,0.3271156278692048,-0.06685676707739473,1.7206645503159061,0.35870085609454894,1.4763254464375972,-0.2529233421019106,-1.0774517646204842,-0.6563313795791669,0.60890624023874,1.1376896013079765,-1.5375777041551464,1.6604796551691425,0.612730700621032,0.7280037410373948,0.12955447154404823,15.163181027797277,3.9453580433891933,38,12
Georgia,GEO,2009,0.2816650445566043,-0.8343360935821471,1.5676013520111673,0.12367150861455721,0.39682116733753564,-0.2531291295991268,-1.0913613248223326,-0.6577750938616478,0.60890624023874,1.1376896013079765,-1.8067803165019503,1.6604796551691425,0.612730700621032,0.7280037410373948,0.12955447154404823,15.154299179687957,3.813527280011585,38,13
Georgia,GEO,2010,0.39285336298429224,-0.47921832025425715,1.5676013520111673,0.22459257240341718,0.612106792473999,-0.25329678321572463,-1.0380057062880286,-0.8281759551161507,0.60890624023874,1.1376896013079765,-0.7299698671147353,1.6604796551691425,0.612730700621032,0.7227660261627435,0.12955447154404823,15.14700442903804,3.8412423771762283,38,14
Georgia,GEO,2011,0.5419957797039041,-0.3347108948458093,1.5676013520111673,0.33456662633541706,0.6375261616889634,-0.2534797363435759,-0.9955505954254593,-0.7614517358191542,0.60890624023874,1.1376896013079765,-0.7299698671147353,1.6604796551691425,0.612730700621032,0.7489546005360002,0.12955447154404823,15.13898279076799,3.844464646896065,38,15
Georgia,GEO,2012,0.6777829972826879,-0.12197583527731465,1.5676013520111673,0.4583549564323984,0.3281014012795443,-0.2536464405438627,-1.010354442989935,-0.6644001099932493,0.60890624023874,1.1376896013079765,-0.1915646424211279,1.6604796551691425,0.612730700621032,0.8868814414161414,0.12955447154404823,15.131617137547895,3.804516333020287,38,16
Georgia,GEO,2013,0.7856358976899926,-0.503739286123977,1.5815670965874462,0.5766363513310123,0.3692625966820132,-0.25371420588896426,-1.006841718856196,-0.7320308098617899,0.60890624023874,1.1376896013079765,0.07763796992567584,1.6604796551691425,0.7482612953688889,0.9602094496612592,0.12955447154404823,15.128607416942188,3.8099233814373155,38,17
Georgia,GEO,2014,0.8699799808494261,-0.1391586515933527,1.5351331178003984,0.6096001424819728,1.0877966176992542,-0.253703647412028,-0.9773635149478423,-0.7205873461909271,1.2154924592400194,1.1376896013079765,0.07763796992567584,1.8735308852987191,1.0193224848646019,0.9375123360234457,0.12955447154404823,15.129076955818467,3.8998864662179957,38,18
Georgia,GEO,2015,0.9392072679270016,0.16147396333897102,1.5716163262610465,0.6694975771904178,1.2863656570035928,-0.253668198504926,-0.9881914614722119,-0.5876087592088736,1.2154924592400194,1.1376896013079765,0.34684058227247955,1.8735308852987191,1.0193224848646019,0.9479877657727482,0.12955447154404823,15.130651769447157,3.9233842699258354,38,19
Georgia,GEO,2016,1.0151218152471022,0.4141400780762957,1.6084139726062496,0.6088912980001421,1.1761879955778016,-0.253654719212205,-0.8824286072813536,-0.641489879795146,1.2154924592400194,1.1376896013079765,0.34684058227247955,1.8735308852987191,1.0193224848646019,0.9567174651543296,0.12955447154404823,15.131249935277683,3.9104145652637152,38,20
Georgia,GEO,2017,1.134318205103414,0.3089423983207149,1.6715689252479615,0.8309541516597083,1.3404212091309968,-0.25365170164061784,-0.7146529675144778,-0.4630324197811009,1.8220786782412985,1.1376896013079765,0.07763796992567584,2.299633345557873,1.0193224848646019,0.9567174651543296,0.12955447154404823,15.131383795988436,3.9296865009870094,38,21
Ghana,GHA,1996,-0.8353351620518471,-0.27795452064460585,-1.1192271311797557,-0.04996770857380427,-0.3481912135746216,-0.16849343069774733,-0.8837624567952428,-0.2707894947611096,0.0023200212374607228,-0.051478348695809785,0.07763796992567584,-0.2569802229106366,0.07060832162960441,-0.5150804146226747,1.569789461431574,16.695280874191734,3.7112158232160537,39,0
Ghana,GHA,1997,-0.8271964971678473,0.15120483287600858,-1.1192271311797557,0.3327079760352785,-0.4401454888895172,-0.16590051428006056,-0.812133764187909,-0.0969957469454562,-0.30097308826317887,-0.051478348695809785,-0.05696333624772602,-0.2569802229106366,-0.2682181652400375,-0.5150804146226747,1.209730713959693,16.71907046861335,3.69783008924251,39,1
Ghana,GHA,1998,-0.8168412390745186,-0.027401167811914682,-1.1192271311797557,0.19345388769313898,-0.2625569931335404,-0.16318483289084904,-0.7377107288619406,-0.1303750187874881,-0.6042661977638185,-0.051478348695809785,-0.1915646424211279,-0.2569802229106366,-0.6070446521096794,-0.5150804146226747,0.17756230454029986,16.743394144488267,3.7235224516427805,39,2
Ghana,GHA,1999,-0.807723572637032,-0.2574741903871599,-1.1192271311797557,0.2255122823569188,-0.10698340875135069,-0.160392049221605,-0.6629972434684446,-0.11820951535460285,0.0023200212374607228,-0.051478348695809785,-0.1915646424211279,-0.2569802229106366,-0.06492227311825247,-0.5150804146226747,-0.014469027444704338,16.767806223957724,3.7454998818280734,39,3
Ghana,GHA,2000,-0.8021612478647665,0.06173230538245849,-1.115955483431177,1.221379643061908,-0.07791806221725904,-0.15744569595224914,-0.6169975989604087,-0.1189466202447635,0.60890624023874,-0.051478348695809785,-0.1915646424211279,-0.2569802229106366,0.4772001058731751,-0.5150804146226747,-0.4465395244109626,16.792930581058577,3.7495528441986563,39,4
Ghana,GHA,2001,-0.7958381934650859,0.5500987174873787,-1.1751580182330827,1.047320511507197,-0.3566934388314305,-0.15424076884823357,-0.6105276497914328,-0.13458046777952493,0.60890624023874,-0.051478348695809785,-0.32616594859452974,-0.2569802229106366,0.4772001058731751,-0.5150804146226747,0.08154663854779776,16.819561634132963,3.709985649229601,39,5
Ghana,GHA,2002,-0.7874217826051304,-0.462841207707533,-1.1271863810079075,0.6832113685766857,-0.47924938330491285,-0.1508402922203426,-0.5990176567613427,-0.12961482073793848,0.60890624023874,-0.051478348695809785,-0.46076725476793157,-0.2569802229106366,0.4772001058731751,-0.5150804146226747,-0.15849252643345632,16.847063009785597,3.6920830050628846,39,6
Ghana,GHA,2003,-0.7751022458877397,0.04217200552906363,-1.0769316107061802,0.6773510665186117,-0.337913908014937,-0.14740959149867885,-0.580706723269346,-0.13508495042217886,0.60890624023874,-0.051478348695809785,-0.46076725476793157,-0.2569802229106366,0.4772001058731751,-0.5150804146226747,-0.15849252643345632,16.874062970833112,3.712700813452236,39,7
Ghana,GHA,2004,-0.7601605946903907,0.7023295928509536,-0.9867345182861588,0.7464573541669579,-0.3757075774721814,-0.14395303278882537,-0.5582447955973134,-0.17610796556530292,0.0023200212374607228,-0.051478348695809785,-0.1915646424211279,-0.2569802229106366,0.07060832162960441,-0.5150804146226747,-0.15849252643345632,16.900548611850326,3.707229033698979,39,8
Ghana,GHA,2005,-0.7430697412421745,0.7781224202425272,-0.9148909358007994,0.7029954558175647,-0.4127117018121704,-0.14043874110113108,-0.529168784684953,-0.14211228006284465,0.0023200212374607228,-0.051478348695809785,-0.1915646424211279,-0.2569802229106366,0.2061389163774616,0.13963394470873283,-0.37452777491658545,16.92677618297617,3.701842398422976,39,9
Ghana,GHA,2006,-0.722587336824678,-0.014993773581870172,-0.8525874250831075,-0.27283857571675313,-0.12595647081141395,-0.13686322717947214,-0.5086739074276818,-0.6198674305204891,0.60890624023874,-0.051478348695809785,0.6160431946192833,-0.2569802229106366,0.612730700621032,0.8554551521682344,-0.15849252643345632,16.952772905479257,3.7428453301680786,39,10
Ghana,GHA,2007,-0.7127980276870736,-0.8742310465329162,-0.7108654046162703,-0.24861796945729847,0.30110316537505544,-0.13322534809593276,-0.4907813173031443,-0.6106579597604045,0.60890624023874,-0.051478348695809785,0.4814418884458814,-0.2569802229106366,0.612730700621032,0.8554551521682344,-0.014469027444703762,16.978547192551996,3.8009538263947684,39,11
Ghana,GHA,2008,-0.6750508897273464,-0.7398572853024246,-0.6275406519313607,-0.12799156506095083,0.9596823305970278,-0.12955064133510727,-0.42230166914573924,-0.6184142209504105,0.60890624023874,-0.051478348695809785,0.34684058227247955,-0.2569802229106366,0.612730700621032,0.8554551521682344,-0.014469027444703762,17.00392498977837,3.884427576226324,39,12
Ghana,GHA,2009,-0.660894515811652,-0.8627905915054682,-0.5598632587117147,-0.06766208795099045,0.8990948458981436,-0.1258453899769136,-0.3978542051723577,-0.6920715221758608,0.60890624023874,-0.051478348695809785,0.885245806966087,-0.2569802229106366,0.34166951112531785,0.8554551521682344,-0.014469027444703762,17.028877838623096,3.8770327218187335,39,13
Ghana,GHA,2010,-0.6269162267544852,-1.3135353035538795,-0.5598632587117147,0.04203733823833199,0.6863000113985076,-0.12214247889969032,-0.34858109931563713,-0.7335928514260159,0.60890624023874,-0.051478348695809785,0.885245806966087,-0.2569802229106366,0.34166951112531785,0.9724306097782834,0.41760146952155336,17.053207980056367,3.8506185075556267,39,14
Ghana,GHA,2011,-0.5504669261347082,-1.2877084096222824,-0.28166692749996397,0.35862051839990594,0.7550102005423869,-0.11839262916383077,-0.21493629054455998,-0.24707207473141274,0.60890624023874,-0.051478348695809785,0.885245806966087,-0.2569802229106366,0.34166951112531785,0.9724306097782834,0.561624968510306,17.077257693668894,3.859224008513937,39,15
Ghana,GHA,2012,-0.5003166316661427,-0.7862156287457895,-0.24088697830667333,0.5579075457714707,0.7087918946081762,-0.11452735580295312,-0.13368679162676605,0.025179237049290436,0.60890624023874,-0.051478348695809785,0.885245806966087,-0.2569802229106366,0.34166951112531785,0.9724306097782834,0.561624968510306,17.10145678355615,3.853443629652049,39,16
Ghana,GHA,2013,-0.46220859961950006,0.1758968489311225,0.1745137299119898,-0.3818610597176258,0.22732131265535416,-0.11058501039823118,-0.04231248412521293,0.6035828791495186,0.60890624023874,-0.051478348695809785,0.6160431946192833,-0.04392958932426608,0.34166951112531785,1.0265534888925172,0.561624968510306,17.12554957576071,3.791152830925331,39,17
Ghana,GHA,2014,-0.4584140924588618,0.4651560565528068,0.021469280955137306,-0.29262906734971117,0.39916810712767936,-0.10662165688991451,-0.04327890778744879,0.5876431960503117,0.60890624023874,-0.051478348695809785,0.6160431946192833,-0.04392958932426608,0.4772001058731751,1.0265534888925172,0.5856288850084309,17.149199430214516,3.813833595502474,39,18
Ghana,GHA,2015,-0.4601699335843631,0.5367154748304127,0.13283484598684725,0.07519457061454668,0.450932956272286,-0.10266388498194842,-0.05137324342355214,0.3564890259861878,0.60890624023874,-0.051478348695809785,0.6160431946192833,-0.2569802229106366,0.34166951112531785,0.6826105613047427,0.8496719664878116,17.172270702707674,3.8205660387241367,39,19
Ghana,GHA,2016,-0.4513634732113321,0.2714117099741473,0.14065099140633364,-0.17546687642846012,0.4087410461298966,-0.09866863229503006,-0.0594993695314477,0.07148962457896776,1.2154924592400194,-0.051478348695809785,0.6160431946192833,-0.2569802229106366,0.2061389163774616,0.6634054321738588,0.8496719664878116,17.195032822314534,3.815082055588276,39,20
Ghana,GHA,2017,-0.4022320957382079,-0.4493143340296072,0.11788345748464364,-0.09800419723503637,0.27052975078831554,-0.09472817967569246,-0.030658565990816244,0.25939962276740447,0.60890624023874,-0.051478348695809785,1.1544484193128908,0.3821728709348875,0.34166951112531785,0.6529300024245562,0.6576406345028081,17.2169864008525,3.7969041797565586,39,21
Guinea,GIN,1996,-0.9704601670227642,-1.150735964836801,-1.801085494741515,-1.2778199250278375,-0.5695783786305235,-0.22920857959652755,-1.702972960839738,-0.5378006067365972,2.024274246331383,-0.051478348695809785,0.07763796992567584,0.3240683696088616,0.612730700621032,-0.5150804146226747,0.41760146952155225,15.86578535553773,3.678679742709214,40,0
Guinea,GIN,1997,-0.960397380417422,-1.1071158777041892,-1.801085494741515,-1.3001953971697473,-0.5878099289949668,-0.22823294851032772,-1.699440098832011,-0.5896596358832901,1.6198833527857013,0.5431056263060834,0.2734217075744503,0.8663801307916706,0.612730700621032,-0.2968423821407867,0.4416053860196783,15.886336466435633,3.6759525694114785,40,1
Guinea,GIN,1998,-0.9545601131296567,-1.2531225802731079,-1.801085494741515,-1.1849354612993286,-0.583279058834975,-0.22732211357554347,-1.697302927781907,-0.4718857051302151,1.2154924592400194,1.1376896013079765,0.4692054452232247,1.4086918919744795,0.612730700621032,-0.07860434965889887,0.7056484674990585,15.90514881103419,3.676631016140468,40,2
Guinea,GIN,1999,-0.9493188547383047,-1.1672863617989075,-1.7904853919670332,-1.1956275070761453,-0.4282597921928187,-0.22621466480305746,-1.6906834720453088,-0.585834999669208,1.2154924592400194,1.1376896013079765,0.34955974401927215,1.4086918919744795,0.612730700621032,-0.07860434965889887,0.7056484674990585,15.92755529214952,3.6995704002460004,40,3
Guinea,GIN,2000,-0.9475162909988828,-1.110418342289239,-1.7904853919670332,-1.0801077557789527,-0.6023435613895607,-0.22522467757467748,-1.6833637753599242,-0.441770514199185,1.2154924592400194,1.1376896013079765,0.22991404281531913,1.4086918919744795,0.612730700621032,-0.07860434965889887,0.7056484674990585,15.947168886231443,3.6737732103213436,40,4
Guinea,GIN,2001,-0.9393469554196592,-1.4511363226847545,-1.6259983056284646,-0.9783795602754197,-0.6339581898974987,-0.22455266014915162,-1.6742987295262948,-0.41703910691813634,1.2154924592400194,1.1376896013079765,0.2951754322729706,0.6823811513251066,0.7902112671776242,-0.07860434965889887,0.7056484674990585,15.960266999009594,3.669016040769764,40,5
Guinea,GIN,2002,-0.9265403380541415,-1.5510316618574245,-1.527236458412375,-1.0409987292287421,-0.5229175247320146,-0.22374168929691304,-1.6581163790289826,-0.4452298748798218,1.2154924592400194,1.1376896013079765,0.3604368217306221,-0.04392958932426608,0.9676918337342166,-0.07860434965889887,0.4416053860196783,15.975848327580957,3.685625835093075,40,6
Guinea,GIN,2003,-0.9302748584786447,-1.092138420074805,-1.4753362596271469,-1.1266360796019848,-0.3751488461213745,-0.22255210694267002,-1.6078616388259557,-0.42228196964799314,1.2154924592400194,1.1376896013079765,0.42569799582618356,-0.41676909291522396,0.5804614081339461,-0.2968421202550431,0.41760146952155336,15.998273512744674,3.707310145435378,40,7
Guinea,GIN,2004,-0.9296345823134572,-1.0977038727480304,-1.4033118479165212,-1.140555735230437,-0.32857075646170186,-0.22139136991201566,-1.5487543248965385,-0.4916349072490543,0.8111018083288247,1.1376896013079765,0.42569799582618356,-0.41676909291522396,0.5804614081339461,-0.2968421202550431,0.15355838804217317,16.019680626107228,3.7140489147654003,40,8
Guinea,GIN,2005,-0.9260768783028892,-1.1968881738654507,-1.2445718418810852,-0.7536548203553738,-0.22628964798103435,-0.2202840118480944,-1.4772194750756862,-0.4031011673649482,0.8111018083288247,1.1376896013079765,0.22991404281531913,-0.7896085965061812,0.5804614081339461,-0.2968421202550431,0.1295544715440488,16.039684819383734,3.728689178130993,40,9
Guinea,GIN,2006,-0.9294680322301332,-0.3199259432990472,-1.126117298175136,-0.13170125815790773,-0.14002647082755257,-0.21910282305970905,-1.409097528261836,0.6190196791260112,-0.6042661977638185,-1.240646298699596,-0.999172479461539,-0.8961339132993669,-0.6070446521096794,-0.5988838526170954,0.1295544715440488,16.060590682957766,3.7408722133666594,40,10
Guinea,GIN,2007,-0.9132097935269465,0.2524572446804359,-1.126117298175136,-0.08139834176063891,0.3977853858054239,-0.21776571834300382,-1.3344369958211306,0.32712636376934856,-1.2108524167650978,-1.240646298699596,-0.999172479461539,-0.8961339132993669,-1.0136364363532497,-1.4718365063161343,-0.15849252643345632,16.0837404101744,3.8136531382488514,40,11
Guinea,GIN,2008,-0.9068297669529737,1.2213570741637055e-05,-1.0920274306696884,-0.2825472218513234,0.2862754531609218,-0.21633500843472026,-1.2410941877903854,0.5073400560587502,-1.2108524167650978,-1.240646298699596,-1.2683750918083427,-1.1091851434289437,-1.2846976258489626,-1.4596148224276229,-0.15849252643345632,16.107931268197678,3.7989918479668,40,12
Guinea,GIN,2009,-0.9206643219136694,-0.20066793274945968,-1.0920274306696884,-0.11925987192191206,-0.411697717974972,-0.2148554670824161,-1.155847926191888,0.4537601869320612,-1.2108524167650978,-1.240646298699596,-1.5375777041551464,-1.1091851434289437,-1.5557588153446769,-1.023138757463847,-0.15849252643345632,16.1323471147031,3.7019903898484703,40,13
Guinea,GIN,2010,-0.9120359885319773,-0.4188867333871082,-1.0920274306696884,-0.011063924834981368,0.2893339881320517,-0.2133282251195318,-1.0412147774669782,0.4558490230196533,-1.2108524167650978,-1.240646298699596,-1.5375777041551464,-1.1091851434289437,-1.5557588153446769,-0.9009255849791469,-0.37452777491658545,16.15694004331181,3.7993968635069173,40,14
Guinea,GIN,2011,-0.9002496281015162,0.12289446569189107,-0.9649283240839199,0.34873876554859407,1.7414838290892631,-0.21175156513057491,-0.9189806584820827,0.48085113283428366,-1.2108524167650978,-1.240646298699596,-1.2683750918083427,-1.1091851434289437,-1.5557588153446769,-0.9009255849791469,-0.44653952441096145,16.18170977622365,3.975244850242405,40,15
Guinea,GIN,2012,-0.8868258367392424,0.30679588265991226,-0.9602111480997159,0.3696069968165663,0.6996098385495018,-0.21015043197085007,-0.796257473068967,0.3945357078080903,-1.2108524167650978,-1.240646298699596,-1.2683750918083427,-1.1091851434289437,-1.5557588153446769,-0.9009255849791469,-0.44653952441096145,16.206251389583,3.8522912695141978,40,16
Guinea,GIN,2013,-0.8808775411563721,0.10192671671352392,-0.9602111480997159,0.18843456641611375,-0.6404473775595809,-0.2085159120120617,-0.6755122400228321,0.23348743535620348,-1.2108524167650978,-1.240646298699596,-1.2683750918083427,-1.1091851434289437,-1.6912894100925329,-0.8921958855975656,-0.44653952441096145,16.230698537222622,3.6680367832328025,40,17
Guinea,GIN,2014,-0.8760167542460842,0.014802972323723686,-0.8994150773432247,0.08246407439182546,-0.7828890704747945,-0.2068163298234012,-0.537294693920485,0.23793370766584035,-1.2108524167650978,-1.240646298699596,-0.46076725476793157,-1.1091851434289437,-1.6912894100925329,-0.8625153267173793,-0.44653952441096145,16.25550046967284,3.646296324487146,40,18
Guinea,GIN,2015,-0.8707841358606516,0.16742433495058362,-0.8994150773432247,-0.04307251355604039,-0.5384122481919154,-0.20503755905771903,-0.5674799406715495,-0.04235733455448562,-1.2108524167650978,-1.240646298699596,0.07763796992567584,-1.1091851434289437,-1.5557588153446769,-0.403342671887277,-0.44653952441096145,16.280815595251266,3.68332458475528,40,19
Guinea,GIN,2016,-0.8362946535748932,3.61943190828718,-0.8994150773432247,1.0993306427110376,2.5424651282429767,-0.2031873462264444,-0.5160488030619342,0.27201247420805147,-1.2108524167650978,-1.240646298699596,0.34684058227247955,-1.1091851434289437,-1.2846976258489626,-0.403342671887277,-0.44653952441096145,16.306484680024308,4.060454435799751,40,20
Guinea,GIN,2017,-0.8013492083162402,0.3854291051459042,-0.8994150773432247,0.7923109350105919,0.3050058587610963,-0.2012968043672845,-0.4869165325876307,0.40095990827581857,-1.2108524167650978,-1.240646298699596,0.07763796992567584,-1.1091851434289437,-1.2846976258489626,-0.403342671887277,-0.44653952441096145,16.332049909756208,3.801469585071664,40,21
"Gambia, The",GMB,1996,-0.9354029958999713,-1.918400005704486,-1.5683003086756258,-0.6661785209157822,-0.4284515385098467,-0.26832589223773534,-0.21459353830156846,-0.5099337234782709,1.2154924592400194,1.1376896013079765,1.4698776428035276,-0.21824368984555087,2.4198051165516623,-0.07860434965889887,2.3379147893715873,14.078959618443138,3.6995423486551453,41,0
"Gambia, The",GMB,1997,-0.9282193534814204,-2.113032476792973,-1.5683003086756258,-0.7426416721810449,-0.3953857731002415,-0.2680992478178656,-0.22137168136636373,-0.9366119086010816,1.2154924592400194,1.1376896013079765,1.535139032261179,0.8663801307916706,2.4198051165516623,0.13963394470873283,1.857836459409079,14.107351470439893,3.7043681207967603,41,1
"Gambia, The",GMB,1998,-0.925845410637806,-2.148314084687643,-1.5683003086756258,-0.5816056185667081,-0.16396722544826287,-0.2678688601578908,-0.21948044205616024,-0.8954886550381611,1.2154924592400194,1.1376896013079765,1.6004004217188306,1.951003951428892,2.4198051165516623,0.3578722390763645,1.857836459409079,14.135409063075869,3.7375058899179368,41,2
"Gambia, The",GMB,1999,-0.9127638801854085,-2.1640099472747467,-1.5683003086756258,-0.623874114606442,0.3859831262560372,-0.2676342757149871,-0.22425732791359948,-0.9349597966084757,1.2154924592400194,1.1376896013079765,1.4046166840700562,1.951003951428892,2.4198051165516623,0.3578722390763645,1.857836459409079,14.163191173933425,3.8121115132371184,41,3
"Gambia, The",GMB,2000,-0.9024682114537174,-2.187373859414544,-1.5683003086756258,-0.5094352045869577,0.29899525757055095,-0.2673965890391692,-0.22575941505679234,-0.9991391815313216,1.2154924592400194,1.1376896013079765,1.2088329464212817,1.951003951428892,2.4198051165516623,0.3578722390763645,1.857836459409079,14.190574876125378,3.8006751461161006,41,4
"Gambia, The",GMB,2001,-0.8906068270902292,-1.3852897186372168,-1.5683003086756258,-0.7828968831120237,0.23181889020880933,-0.2671551409815332,-0.2265806183879021,-1.0037849114835857,1.2154924592400194,1.1376896013079765,1.2414635334690625,1.7524791449024242,2.0325749620125815,0.6852294187420678,1.857836459409079,14.217644791530562,3.791753035015874,41,5
"Gambia, The",GMB,2002,-0.9144769148157955,-1.8578361337442164,-1.5683003086756258,-0.41423292204900874,0.6114036204713017,-0.2669091393539471,-0.22834335764752506,-0.9172607054584114,1.2154924592400194,1.1376896013079765,1.2740941205168432,1.5539543383759573,1.6453448074735004,1.0125865984077718,1.6177972944278238,14.244491651749431,3.8411530922849204,41,6
"Gambia, The",GMB,2003,-0.8988889908100434,-1.522871113162264,-1.5683003086756258,-0.14699740940018147,-0.006505085957877078,-0.26665563915167545,-0.22924461936921128,-0.9969471373006732,1.3985888110041422,0.7052648489732196,1.258948996908302,1.2748854612961398,1.411905826835034,1.3013093456150733,1.2817424634540677,14.27142286929245,3.7594416831434034,41,7
"Gambia, The",GMB,2004,-0.8821324830008929,-1.0035994902906233,-1.5683003086756258,-0.6957586242151926,0.33514995269263276,-0.2663913688191498,-0.22967770036746765,-1.2795538078757878,1.1992854460062554,0.6500593917294238,0.8783430212613351,1.0268457790631762,0.9046717335436,0.7579446143468517,1.2097307139596916,14.298746872762969,3.8054443272569354,41,8
"Gambia, The",GMB,2005,-0.9032144849351269,-1.0626343382642671,-1.5683003086756258,-0.6933105520639448,0.24179733421173344,-0.26611485887762143,-0.23386776495137404,-1.2760255384623207,0.8243195646753503,0.3331423277159744,0.7679010343303847,0.5676602256997862,0.5216465512371662,-0.18477387771105494,0.9936954654765636,14.326558956914031,3.793083378773087,41,9
"Gambia, The",GMB,2006,-0.916557439773887,-0.8370841056282866,-1.5683003086756258,-0.6829948645557153,0.6777302998777075,-0.26582315222787956,-0.23367473141997547,-1.2236350758055037,0.0023200212374607228,-1.240646298699596,0.07763796992567584,0.16912164080531122,0.07060832162960441,-0.18510437751964534,0.8736758829859366,14.355084558578467,3.8495399945368955,41,10
"Gambia, The",GMB,2007,-0.9161868392723002,-1.2161689353480583,-1.5683003086756258,-0.859317188939908,0.3909456616337799,-0.2655177727738119,-0.23230276945499032,-1.2439613317483742,0.0023200212374607228,-1.240646298699596,-0.05696333624772602,0.16912164080531122,0.07060832162960441,-0.18510437751964534,0.7296523839971835,14.384100245460619,3.8127600150240513,41,11
"Gambia, The",GMB,2008,-0.9038191447037542,-1.4641975096519555,-0.6553737038662728,-1.0102412915251187,0.12554692596033032,-0.2652028447314955,-0.23763577635358862,-1.303645087339185,0.0023200212374607228,-1.240646298699596,-0.1915646424211279,-0.04392958932426608,0.07060832162960441,-0.22002265127448303,0.9216837159821877,14.41316669236456,3.7774737755893506,41,12
"Gambia, The",GMB,2009,-0.8894624687102304,-1.1767465610085517,-0.6219294872132909,-0.932287711659683,-0.18091362284132506,-0.2648788942106059,-0.23845318855071254,-1.3827568403755468,-0.6042661977638185,-1.240646298699596,0.6160431946192833,-0.2569802229106366,-0.33598346261396533,-0.6564987162382588,0.7056484674990585,14.442209662012399,3.7351161788115483,41,13
"Gambia, The",GMB,2010,-0.8776297658056513,-1.0571910610652386,-0.646539674522682,-0.9544672298675678,-0.23394185270542212,-0.26454503831444626,-0.23789294831292307,-1.4146031824525844,-0.6042661977638185,-1.240646298699596,0.34684058227247955,-0.2569802229106366,-0.33598346261396533,-0.7979170178538434,0.7056484674990585,14.471283439698373,3.7276012478894347,41,14
"Gambia, The",GMB,2011,-0.9232842326236731,-1.176169654288179,-0.646539674522682,-0.9072830277362652,-0.20813779684157785,-0.26419941449382045,-0.24122263619489864,-1.2744799160869547,-0.6042661977638185,-1.240646298699596,0.34684058227247955,-0.2569802229106366,-0.33598346261396533,-0.7979170178538434,0.7056484674990585,14.50051719401935,3.731265141523767,41,15
"Gambia, The",GMB,2012,-0.9150202049600672,-0.20775834581740973,-0.646539674522682,-0.7605279964825516,-0.1487488140304172,-0.2638407528288221,-0.24639693129736367,-1.237404016724164,-0.6042661977638185,-1.240646298699596,0.34684058227247955,-0.04392958932426608,-0.4715140573618222,-0.8101381779708666,0.5136171355140543,14.529976372963395,3.739647071435185,41,16
"Gambia, The",GMB,2013,-0.9153933642154175,-0.9558940293932088,-0.646539674522682,-0.825446047278597,0.19912116605914051,-0.26347352827531184,-0.22576169828389409,-1.2427005638826825,-0.6042661977638185,-1.240646298699596,0.34684058227247955,-0.4700314530402132,-0.33598346261396533,-0.3736621130070912,0.41760146952155336,14.559265773174937,3.787381273530012,41,17
"Gambia, The",GMB,2014,-0.9314934905770313,-0.7203642912835262,-0.646539674522682,-0.45439491305012086,-0.3243470959128429,-0.26310641257207934,-0.20273700085910373,-1.1328859637733053,-0.6042661977638185,-1.240646298699596,0.34684058227247955,-0.6830826831697902,-0.33598346261396533,-0.41905581651123086,0.41760146952155336,14.587713343787819,3.714657740820645,41,18
"Gambia, The",GMB,2015,-0.9268664815565749,-0.2717473373243961,-0.646539674522682,-0.852690451986278,0.2421590800990126,-0.2627435722658651,-0.17114627394009516,-0.8060870147634176,-0.6042661977638185,-1.240646298699596,0.34684058227247955,-0.6830826831697902,-0.33598346261396533,-0.8694992957312392,0.41760146952155336,14.615056215313965,3.793131574145424,41,19
"Gambia, The",GMB,2016,-0.9294909271350126,0.28278916582661684,-0.646539674522682,-1.038514095535386,0.15443519172985817,-0.26238533390750224,-0.14115081409107566,-0.4906409506759213,-0.6042661977638185,-1.240646298699596,0.34684058227247955,-0.6830826831697902,-0.33598346261396533,-0.8799747254805418,0.41760146952155336,14.641338144162006,3.7813755782210183,41,20
"Gambia, The",GMB,2017,-0.9212822453997476,0.04493839116773879,-0.646539674522682,-0.5275945479335605,0.08199432553892128,-0.262032054284012,-0.11305178169042587,-0.7437569428252901,0.0023200212374607228,-1.240646298699596,0.34684058227247955,-0.6830826831697902,0.34166951112531785,0.6302334125582301,0.22557013753655034,14.666596947090836,3.771562401214161,41,21
Guinea-Bissau,GNB,1996,-0.9733935148510567,0.056143958440170116,-1.6466358469124889,-0.9153886893630112,-0.6160580165848669,-0.2692805998816675,-1.459411012054274,-1.324998758388538,0.40671067214865514,-0.051478348695809785,-0.31392950537187325,0.3240683696088616,-1.1943437153095986,-0.5150804146226747,-1.8867745142984866,13.949635774240628,3.671712324413106,42,0
Guinea-Bissau,GNB,1997,-0.9586765500434906,3.7944663100971847,-1.6466358469124889,-0.12868376128647663,-0.3628219687365155,-0.2691475001809996,-1.4603811388869916,-1.6359381048245116,0.40671067214865514,-0.051478348695809785,0.14289914402123732,0.052912339881655036,-1.1943437153095986,-0.5150804146226747,-1.8867745142984866,13.968700204718575,3.7090979820998307,42,1
Guinea-Bissau,GNB,1998,-1.0404753092279144,0.9617752955828623,-1.6466358469124889,-0.8823076996251811,-0.5147593788012579,-0.2690148963538189,-1.4735655994520394,-1.5223830567246333,0.40671067214865514,-0.051478348695809785,0.5997277934143477,-0.21824368984555087,-1.1943437153095986,-0.5150804146226747,-1.8867745142984866,13.987338919914398,3.686835344423094,42,2
Guinea-Bissau,GNB,1999,-1.0023484296127692,-0.08836168403247527,-1.6466358469124889,-0.7199659580970444,-0.6195020987231326,-0.26887742450033036,-1.4712535408927838,-1.5751706123709894,0.40671067214865514,-0.051478348695809785,0.6649891828719992,-0.21824368984555087,-1.1943437153095986,-0.5150804146226747,-1.8867745142984866,14.006301977321536,3.671194110574375,42,3
Guinea-Bissau,GNB,2000,-1.0050643568701034,-0.3210353919467419,-1.6466358469124889,-0.6144775460335711,-0.6104908216709873,-0.2687290555245972,-1.4756289910406464,-1.4933817278131605,0.40671067214865514,-0.051478348695809785,0.7302505723296506,-0.21824368984555087,-1.1943437153095986,-0.5150804146226747,-1.8867745142984866,14.026372599337542,3.6725494249532895,42,4
Guinea-Bissau,GNB,2001,-0.997417761651816,-0.46368043026844913,-1.6466358469124889,-0.7639339110317684,-0.6246201189486998,-0.2685686102152777,-1.476804175909613,-1.4028243031245315,0.40671067214865514,-0.051478348695809785,0.43657485817544395,0.45480409413562606,-0.8393828532576039,-0.5150804146226747,-1.8867745142984866,14.047632879210239,3.670423531243419,42,5
Guinea-Bissau,GNB,2002,-0.9931637084464634,0.10788216094813126,-1.6466358469124889,-0.9932208554187354,-0.512416524549947,-0.26839908195500856,-1.4785099311618162,-0.9159045264784098,0.40671067214865514,-0.051478348695809785,0.14289914402123732,1.1278518781168039,-0.4844219912056085,-0.5150804146226747,-1.8867745142984866,14.069616198297076,3.687182420788809,42,6
Guinea-Bissau,GNB,2003,-1.0009161358292837,0.599435112374268,-1.6466358469124889,-1.040851780106694,-0.5185039454472433,-0.2682206944915827,-1.4823704938269613,-0.8384373089693954,0.40671067214865514,-0.051478348695809785,0.926034094616335,1.1278518781168039,-0.4844219912056085,-0.07860434965889887,-1.8867745142984866,14.092238098021253,3.6862803645804814,42,7
Guinea-Bissau,GNB,2004,-1.0043214521815766,-0.2128829959317878,-1.6466358469124889,-0.8912640028964934,-0.5851975092610989,-0.26803469960319365,-1.4860643451434978,-1.1973032856448536,0.40671067214865514,-0.051478348695809785,0.5344666193187861,1.1278518781168039,1.1935763390214373,0.5761100096725087,-1.1186491863584738,14.11529213528788,3.67634380600079,42,8
Guinea-Bissau,GNB,2005,-0.9921772723027463,-0.5404760519419197,-1.1322682557505988,-0.8160998301549129,-0.4111167200466396,-0.26784105495917787,-1.4865360410120716,-1.1973319297300469,0.40671067214865514,-0.051478348695809785,0.5344666193187861,1.1278518781168039,0.806345913421167,1.0125865984077718,-0.7345865223884667,14.138742672584343,3.7020751769048728,42,9
Guinea-Bissau,GNB,2006,-0.9914954893455159,-0.3190025146818696,-1.0500563939721403,-0.7297956681217268,-0.16441240367685878,-0.2676371542001083,-1.4886317108978993,-1.226254277470545,0.40671067214865514,0.5431056263060834,0.40394427112766323,1.1278518781168039,0.806345913421167,-0.7769661583552383,-0.3385219001693975,14.162854906973854,3.737443185703291,42,10
Guinea-Bissau,GNB,2007,-0.991378866456332,0.18913056911723378,-1.0500563939721403,-0.8027524134817863,-0.21947346477994062,-0.2674213706190573,-1.490858207002915,-1.1841121306579572,0.40671067214865514,0.5431056263060834,0.40394427112766323,1.1278518781168039,0.806345913421167,-0.7769661583552383,-0.30251602542221007,14.187754572487803,3.729657253725932,42,11
Guinea-Bissau,GNB,2008,-0.9854268102562982,-0.6502076324651312,-1.0500563939721403,-0.8348130788884174,-0.5231652409437552,-0.26719721161386156,-1.4910616743464562,-1.2022165428236338,0.40671067214865514,0.5431056263060834,0.5997277934143477,1.1278518781168039,0.5804614081339461,-0.7822038732298896,-0.5425551904034636,14.212980456057675,3.6855890863210954,42,12
Guinea-Bissau,GNB,2009,-0.9858191444785909,-0.5256447806297728,-1.0500563939721403,-0.8795601924808146,-0.2820433944520558,-0.26696546332541554,-1.4928057233479728,-1.1710201678784218,0.40671067214865514,0.5431056263060834,0.5344666193187861,0.755012374525846,0.5804614081339461,-0.7822038732298896,-0.590563023399714,14.238408166574388,3.7207353112097765,42,13
Guinea-Bissau,GNB,2010,-0.9766384916404542,-0.3910680369379152,-1.0500563939721403,-0.8819136152975636,-0.16892007600513845,-0.26672375523656067,-1.492059382335575,-1.0884089917906459,0.40671067214865514,0.5431056263060834,0.2734214922123603,0.755012374525846,0.5804614081339461,-0.7822038732298896,-0.590563023399714,14.264257353067407,3.736808049773809,42,14
Guinea-Bissau,GNB,2011,-0.9594982104548556,-0.8329550224909588,-1.0500563939721403,-0.7339435492263865,-0.275178060827031,-0.26647141005668007,-1.4892185960015942,-1.212673186800457,0.40671067214865514,0.5431056263060834,0.2081603181167988,0.755012374525846,0.5804614081339461,-0.7822038732298896,-0.590563023399714,14.29054961314671,3.721718146583449,42,15
Guinea-Bissau,GNB,2012,-0.974167451202879,-0.41007115411521416,-1.0500563939721403,-0.86412431809789,-0.5340958421558156,-0.2662093167297083,-1.491613328977581,-1.2301351801042268,0.0023200212374607228,0.5431056263060834,0.2081603181167988,-0.04392958932426608,0.1932309825336753,-1.0755159062103596,-0.7825943553847182,14.31714487074862,3.683966182463805,42,16
Guinea-Bissau,GNB,2013,-0.9723902084874345,-0.5994107748282876,-1.0500563939721403,-0.9850610369122174,-0.341598422684713,-0.2659398760089923,-1.490069445215871,-1.1379022046918799,0.0023200212374607228,0.5431056263060834,0.2081603181167988,-0.04392958932426608,0.1932309825336753,-1.1645570590794312,-0.8786100213772192,14.343767765027797,3.7121686834533296,42,17
Guinea-Bissau,GNB,2014,-0.9778281499789938,-0.50395105253728,-1.0500563939721403,-0.7846252700289499,-0.2111285427408277,-0.2656668492763501,-1.4891059677292326,-1.0108185706618231,-0.4020706296737337,0.5431056263060834,0.5344666193187861,-0.04392958932426608,0.1932309825336753,-0.8136301624777966,-0.9026139378753447,14.370040865307068,3.7308411754569946,42,18
Guinea-Bissau,GNB,2015,-0.9667001714117728,-0.775962379051684,-1.0500563939721403,-0.5671239279464015,-0.3682999188982266,-0.265392697757505,-1.4769770550483807,-1.1568419069798652,-0.4020706296737337,0.5431056263060834,0.2081603181167988,-0.04392958932426608,0.1932309825336753,-0.8136301624777966,-1.1666570193547237,14.395745446513494,3.7083038786182865,42,19
Guinea-Bissau,GNB,2016,-0.9572737547406706,-0.5603894693840333,-1.0500563939721403,-0.5691451208248729,-0.31494681640428707,-0.26511793546765733,-1.4654010348160158,-1.2320532363907182,-0.4020706296737337,0.5431056263060834,0.2734214922123603,-0.04392958932426608,0.1932309825336753,-0.7874415881045409,-1.1666570193547237,14.420860962280234,3.716011429537537,42,20
Guinea-Bissau,GNB,2017,-0.9498970740896242,-0.5594677652950458,-1.0500563939721403,-0.49337273808912685,-0.4603555995361752,-0.2648447273178856,-1.451827156447758,-1.2584060218490518,-0.4020706296737337,0.5431056263060834,0.2734214922123603,0.3821728709348875,0.5804614081339461,-0.7874415881045409,-1.1666570193547237,14.445224206661072,3.6948639413316187,42,21
Equatorial Guinea,GNQ,1999,0.27257162899061615,1.9675761144998407,-1.4860932146528214,1.6556459985118999,3.5592120330916446,-0.27216102616616733,-1.8346954576082621,4.665057335186812,-1.2108524167650978,-1.240646298699596,-1.2683750918083427,-1.9613894674040449,-1.5557588153446769,-1.82450913328549,0.12955447154404823,13.410867611788346,4.15910714690646,43,0
Equatorial Guinea,GNQ,2000,0.46381645708996777,1.9675761144998407,-1.5080813436468574,1.6556459985118999,1.856458606215893,-0.27194293254033414,-1.7608966663734487,4.665057335186812,-1.2108524167650978,-1.240646298699596,-1.2683750918083427,-1.9613894674040449,-1.5557588153446769,-1.82450913328549,0.12955447154404823,13.46351038452506,3.9879314513401622,43,1
Equatorial Guinea,GNQ,2001,1.4034607867646807,1.9675761144998407,-1.6187242306561669,1.6556459985118999,10.244741022822268,-0.2716613912970813,-1.652071802426182,4.665057335186812,-1.2108524167650978,-1.240646298699596,-1.2683750918083427,-1.9613894674040449,-1.5557588153446769,-1.82450913328549,0.12955447154404823,13.52761112855885,4.640119810063315,43,2
Equatorial Guinea,GNQ,2002,1.7350201761673898,1.9675761144998407,-1.639754178959793,1.6556459985118999,2.3854198891976073,-0.2713703921741444,-1.5681686313119017,4.665057335186812,-1.2108524167650978,-1.240646298699596,-1.2683750918083427,-1.9613894674040449,-1.5557588153446769,-1.82450913328549,0.12955447154404823,13.589811243467908,4.044310099902364,43,3
Equatorial Guinea,GNQ,2005,3.394046636999116,1.9675761144998407,-1.6527742286686924,1.6556459985118999,0.941687335021682,-0.2704668743969162,-1.2454543373957696,4.665057335186812,-1.2108524167650978,-1.240646298699596,-2.0759829288487537,-1.9613894674040449,-1.5557588153446769,-1.82450913328549,0.12955447154404823,13.761442892249455,3.8822369450252343,43,4
Equatorial Guinea,GNQ,2006,3.53636363406346,0.5521935299561237,-1.6527742286686924,1.2934194118697673,0.14616425665593186,-0.27020698831168655,-1.1779942663163256,4.665057335186812,-1.2108524167650978,-1.240646298699596,0.07763796992567584,-1.9613894674040449,-1.0136364363532497,-1.4596148224276229,0.12955447154404823,13.805807636502879,3.780260016338371,43,5
Equatorial Guinea,GNQ,2007,4.029649960339538,0.9231488094279383,-1.6527742286686924,1.7443582849968078,0.9665436662444792,-0.2699306235038617,-1.0580391722030107,4.530864304466097,-1.2108524167650978,-1.240646298699596,0.07763796992567584,-1.8548641506108596,-0.8103405442314641,-1.4596148224276229,0.12955447154404823,13.850921137151673,3.8852615827971166,43,6
Equatorial Guinea,GNQ,2008,4.697754016519229,0.6795820494637722,-1.6527742286686924,1.5878945688724906,-1.320438933225488,-0.2696374171391827,-0.9231483341368801,4.7843677524007235,-1.2108524167650978,-1.240646298699596,0.07763796992567584,-1.7483382372744682,-0.6070446521096794,-1.442155947435948,0.12955447154404823,13.896658193441732,3.5597106695149674,43,7
Equatorial Guinea,GNQ,2009,4.504558531154532,3.7643614128643765,-1.6527742286686924,1.4001094141742,1.200021443131964,-0.26932814326406873,-0.8988740252195676,4.033675250457615,-1.2108524167650978,-1.240646298699596,0.34684058227247955,-1.7483382372744682,-0.7425752468575356,-1.442155947435948,0.12955447154404823,13.942736865247953,3.913234443216469,43,8
Equatorial Guinea,GNQ,2010,3.748922805055139,2.3943068352047137,-1.6527742286686924,2.0512794449194645,2.192510244871691,-0.2690051482067278,-0.9168945833067698,3.9854141991025416,-1.2108524167650978,-1.240646298699596,0.34684058227247955,-1.7483382372744682,-0.7425752468575356,-1.5032627955640419,0.12955447154404823,13.988695502746067,4.024115390401257,43,9
Equatorial Guinea,GNQ,2011,3.8498786342980145,1.889401365148136,-1.6527742286686924,1.1729225560929761,0.9226496687717892,-0.26868615642071086,-0.8445970399471895,4.261611666548837,-1.2108524167650978,-1.240646298699596,-0.1915646424211279,-1.7483382372744682,-0.7425752468575356,-1.5154839556810655,0.12955447154404823,14.032101487668275,3.8799141477844397,43,10
Equatorial Guinea,GNQ,2012,4.055305772762745,2.908530752049365,-1.6527742286686924,1.2395607934256407,0.10321534309621687,-0.2683738286905838,-0.7726450044812095,4.1989432456992555,-1.2108524167650978,-1.240646298699596,-0.1915646424211279,-1.7483382372744682,-0.7425752468575356,-1.5050085259317632,0.12955447154404823,14.07284991099171,3.7744470855593986,43,11
Equatorial Guinea,GNQ,2013,3.632750775431233,0.9198465779653128,-1.6527742286686924,0.9559041824230454,-0.19178418569924613,-0.2680549276131316,-0.816971331368116,3.794481234403301,-1.2108524167650978,-1.240646298699596,-0.1915646424211279,-1.7483382372744682,-0.7425752468575356,-1.5154839556810655,0.12955447154404823,14.112810480260963,3.7335802448232345,43,12
Equatorial Guinea,GNQ,2014,3.4634856987264504,0.7265463089450326,-1.6527742286686924,0.8830022033417909,-0.5104267260083974,-0.26773073520273605,-0.8213941782636442,3.6066253491167406,-1.2108524167650978,-1.240646298699596,-0.1915646424211279,-1.7483382372744682,-0.7425752468575356,-1.5346890848119499,0.12955447154404823,14.151860644268298,3.6874771000162365,43,13
Equatorial Guinea,GNQ,2015,2.8682887511737976,0.23559219001688592,-1.6527742286686924,0.7234834293747826,0.8821081357750724,-0.2674036098820804,-0.8923350468991008,2.6840829694477772,-1.2108524167650978,-1.240646298699596,-0.1915646424211279,-1.7483382372744682,-0.7425752468575356,-1.5154839556810655,0.12955447154404823,14.189776666108399,3.8749495983669453,43,14
Equatorial Guinea,GNQ,2016,2.3638952806077738,-0.7327626547188081,-1.6527742286686924,0.5414571897898653,1.9993092260542846,-0.2670754686254996,-0.9505763475706419,2.120898346437695,-1.2108524167650978,-1.240646298699596,-0.1915646424211279,-1.7483382372744682,-0.878105841605393,-1.5277051157980892,0.12955447154404823,14.226418825167055,4.003472979466726,43,15
Equatorial Guinea,GNQ,2017,2.036211822334571,-1.047503005830177,-1.6527742286686924,0.8264299925066559,-0.10755393871057994,-0.26674764787251426,-0.9798373357747965,2.4978868873088436,-1.2108524167650978,-1.240646298699596,-0.1915646424211279,-1.7483382372744682,-0.878105841605393,-1.5085005104386933,0.12955447154404823,14.261731738419876,3.7454201607397346,43,16
Equatorial Guinea,GNQ,2018,1.7234778300239721,-1.2023820203661622,-1.6527742286686924,0.8617321119035002,-0.827325076521687,-0.2664209398112564,-0.9656736584420699,2.533893454707905,-1.2108524167650978,-1.240646298699596,-0.1915646424211279,-1.7483382372744682,-0.878105841605393,-1.4892953813078094,0.12955447154404823,14.295726241236423,3.639416313261624,43,17
Grenada,GRD,2002,0.4503517642584151,-0.09153061916490066,1.6930331260765803,-0.15371666277275856,1.7952270714664489,-0.27554028303714584,-0.020669513802807814,-0.8498666110264544,2.428664897242578,2.326857551311763,1.4236510316596944,1.589462976154754,1.2903836743603156,1.1217054837058442,0.12955447154404823,11.59362949238519,3.981195051220752,44,0
Grenada,GRD,2003,0.6076702583620478,-0.09153061916490066,1.8344121445280277,-0.15371666277275856,2.1937747138726396,-0.275537380363074,-0.020669513802807814,-0.8172951876291908,2.428664897242578,2.326857551311763,1.4236510316596944,1.589462976154754,1.2903836743603156,1.449062663371548,0.12955447154404823,11.598047558387051,4.024249097796261,44,1
Grenada,GRD,2004,0.5876950920928812,-0.09153061916490066,1.5860460711843947,-0.15371666277275856,2.925310821976861,-0.2755347256257458,-0.020669513802807814,-0.8419909077986665,2.2203423230716046,2.1707041024593257,1.2305866711198021,1.388606282237028,1.1877089485136132,1.2969573283257252,0.12955447154404823,11.602071229200641,4.098752371243873,44,2
Grenada,GRD,2005,0.830460601713194,-0.09153061916490066,1.3939080058985287,-0.15371666277275856,1.342926541131432,-0.27553224021107187,-0.020669513802807814,-0.3315715106354853,2.428664897242578,2.326857551311763,1.4236510316596944,1.589462976154754,1.2903836743603156,1.449062663371548,0.12955447154404823,11.605823647336958,3.929977631876114,44,3
Grenada,GRD,2007,0.8551257890412456,-0.09153061916490066,1.917290386531376,-0.15371666277275856,3.041179133909088,-0.27552747498780394,-0.020669513802807814,-0.666746166508364,1.8220786782412985,2.326857551311763,1.4236510316596944,1.8380222475199222,1.2903836743603156,1.449062663371548,0.12955447154404823,11.612978923077202,4.110059928813282,44,4
Grenada,GRD,2008,0.8682170082091679,-0.09153061916490066,1.930638996792867,-0.15371666277275856,2.315527254489123,-0.275525213320923,-0.020669513802807814,-0.771853758266319,1.8220786782412985,2.326857551311763,1.4236510316596944,1.8380222475199222,1.2903836743603156,1.449062663371548,0.12955447154404823,11.616357121574907,4.037040427011489,44,5
Grenada,GRD,2009,0.7182248048615737,-0.09153061916490066,1.6163452274562835,-0.15371666277275856,1.7419955702881382,-0.27552304840984443,-0.020669513802807814,-1.0071916750168932,1.8220786782412985,2.326857551311763,1.4236510316596944,1.8380222475199222,1.2903836743603156,1.449062663371548,0.12955447154404823,11.619580142838768,3.9753016751219725,44,6
Grenada,GRD,2010,0.7019245526342813,-0.09153061916490066,1.9428895031002464,-0.15371666277275856,0.5795835448499442,-0.2755210407269448,-0.020669513802807814,-1.0085675816955801,1.8220786782412985,2.326857551311763,1.692853644006498,1.8380222475199222,1.2903836743603156,1.449062663371548,0.12955447154404823,11.62255983468896,3.8371043897731716,44,7
Grenada,GRD,2011,0.7083655793633222,-0.09153061916490066,1.62884346838722,-0.15371666277275856,1.224848800128541,-0.27551805943878355,-0.020669513802807814,-1.1222215526763106,1.8220786782412985,2.326857551311763,1.692853644006498,1.8380222475199222,1.2903836743603156,1.449062663371548,0.12955447154404823,11.626968181010888,3.9161634849474236,44,8
Grenada,GRD,2013,0.7066359640667796,-0.09153061916490066,1.57232844512726,-0.15371666277275856,1.975213414682216,-0.27550954492817287,-0.020669513802807814,-1.1176636542108764,1.8220786782412985,2.326857551311763,1.692853644006498,1.8380222475199222,1.2903836743603156,1.449062663371548,0.12955447154404823,11.639452383441869,4.000868336602342,44,9
Grenada,GRD,2014,0.8418769221067925,-0.09153061916490066,1.5799375705560177,-0.15371666277275856,0.9123934939044283,-0.2755056444598889,-0.020669513802807814,-1.1665253497846466,1.2154924592400194,1.9304683931995605,1.7526764946084743,1.2580498189435894,0.612730700621032,1.449062663371548,0.12955447154404823,11.645119714016602,3.8786605457625365,44,10
Grenada,GRD,2015,0.9691843060868665,-0.09153061916490066,1.5222932165239604,-0.15371666277275856,1.9752576283531096,-0.2755023547626075,-0.020669513802807814,-1.2069652478431587,1.2154924592400194,1.5340787594201784,1.7526764946084743,1.2580498189435894,0.612730700621032,1.449062663371548,0.12955447154404823,11.649874759906268,4.000873122108478,44,11
Grenada,GRD,2016,1.0448015266608552,-0.09153061916490066,1.5158289703955983,-0.15371666277275856,1.1016847597474222,-0.2754996093167146,-0.020669513802807814,-1.2210316457418453,1.2154924592400194,1.5340787594201784,1.7526764946084743,1.2580498189435894,1.8174469779081186,1.449062663371548,0.12955447154404823,11.653825889463395,3.9015480089381596,44,12
Guatemala,GTM,1996,-0.06797750977817729,-1.1235360725451238,-1.3595034287470114,-0.9724329225838383,-0.5578847727347364,-0.21219473089448893,0.5480991199757256,-0.5946339821954649,-1.2108524167650978,-0.051478348695809785,-1.5375777041551464,0.3821728709348875,-1.149167031101106,-1.1697947739540824,-0.15849252643345632,16.174809293680035,3.6804250282261726,45,0
Guatemala,GTM,1997,-0.046663797035266456,-0.9072343333188444,-1.3670607360442533,-0.9388249815875914,-0.04076268033086136,-0.21053640900831172,0.540047767012325,-0.5706093345630026,-1.2108524167650978,-0.051478348695809785,-1.5375777041551464,0.2756472558700992,-1.149167031101106,-1.1697947739540824,0.7296523839971835,16.200390129184857,3.754710099587244,45,1
Guatemala,GTM,1998,-0.017290981829284822,-0.7211301405130391,-1.3586777778441688,-0.8555505564986239,0.532751727948381,-0.20883477075885035,0.5324295864320954,-0.5689359579229734,-1.2108524167650978,-0.051478348695809785,-1.5375777041551464,0.16912164080531122,-1.149167031101106,-1.1697947739540824,0.7056484674990585,16.225976128842607,3.8311156572599407,45,2
Guatemala,GTM,1999,-0.0010253938940494346,-0.5699982453918944,-1.3028535088629072,-0.7993893412169611,0.2125416944252783,-0.20711844376913804,0.4897494380000137,-0.558495934888816,-0.9075593072644581,-0.646062323697703,-1.2683750918083427,0.16912164080531122,-0.9458711389793208,-1.1697947739540824,0.7056484674990585,16.251136448260635,3.78917794226387,45,3
Guatemala,GTM,2000,0.014270687413304088,-0.7843102134778549,-1.1738078451105156,-0.718629216099091,-1.332058793858326,-0.20545770903513863,0.4427025582572939,-0.5858433100473126,-0.6042661977638185,-1.240646298699596,-0.999172479461539,0.16912164080531122,-0.7425752468575356,-1.1697947739540824,0.7056484674990585,16.27489365210766,3.557753671029168,45,4
Guatemala,GTM,2001,0.01438335170961365,-0.48383405975133553,-1.1058152272345163,-0.09450514157469142,-1.5011048499083943,-0.20381388842484519,0.4166756556770729,0.04227690705775444,-0.30097308826317887,-0.646062323697703,-0.8645711732881372,0.16912164080531122,-0.7425752468575356,-1.1697947739540824,0.6096328015065564,16.29786587252937,3.52884136443579,45,5
Guatemala,GTM,2002,0.03393990161506116,-0.360327244306711,-1.0099456111541076,-0.19785832282167146,-1.4818811188263499,-0.202135822307742,0.39779932748122526,0.0290186811689016,0.0023200212374607228,-0.051478348695809785,-0.7299698671147353,0.16912164080531122,-0.7425752468575356,-1.1697947739540824,-0.7825943553847182,16.320784708157333,3.532171679829482,45,6
Guatemala,GTM,2003,0.037632370847596436,-0.44019364318022086,-1.0099456111541076,-0.200829754785697,-0.6255595839440281,-0.20044908445184925,0.37962285737302237,0.05063052202906918,0.0023200212374607228,-0.051478348695809785,-0.7299698671147353,0.16912164080531122,-0.7425752468575356,-1.1697947739540824,-1.0226335203659718,16.343304508059518,3.670282018995611,45,7
Guatemala,GTM,2004,0.04928754290839326,-0.479184079953527,-0.8971330498332041,-0.10767462708744546,-0.4103555362231114,-0.1987464242192251,0.3649539106281682,0.08730297438052922,0.0023200212374607228,-1.240646298699596,-0.46076725476793157,-0.04392958932426608,-0.7425752468575356,-1.1697947739540824,-1.0226335203659718,16.36553392107952,3.7021862482404484,45,8
Guatemala,GTM,2005,0.06366700187928659,-0.48529560758293544,-0.8255336593547626,-0.19789056550858558,-0.29995140376865165,-0.19705182495438786,0.5303344577600969,0.062163229389177635,0.0023200212374607228,-1.240646298699596,-0.46076725476793157,-0.04392958932426608,-0.7425752468575356,-1.1697947739540824,-0.5425551904034636,16.387178067253906,3.718167060301043,45,9
Guatemala,GTM,2006,0.10660731958087911,-0.26118807772456226,-0.7588863777477658,-0.17445416247552592,-0.2797134040859415,-0.1953596264428975,0.7119087531220711,0.11938630487464369,-0.6042661977638185,-1.240646298699596,-0.46076725476793157,-0.04392958932426608,-0.7425752468575356,-0.32826840950295066,-0.7345865223884667,16.408333953468397,3.721068978963655,45,10
Guatemala,GTM,2007,0.164626116985642,-0.32561354488877675,-0.6933507432848754,-0.14286321227079457,-0.2080746216211094,-0.19363869750533388,0.7108168554336292,0.08738688511750345,-0.30097308826317887,-1.240646298699596,-0.46076725476793157,-0.04392958932426608,-0.7425752468575356,-0.32826840950295066,-1.0226335203659718,16.429399592227195,3.7312740952609866,45,11
Guatemala,GTM,2008,0.18214056825770814,-0.5293474772289968,-0.6575458657025559,-0.2537096750732005,-0.3196741876920959,-0.19192651892064924,0.694918523264918,0.10672324137985129,0.0023200212374607228,-1.240646298699596,-0.46076725476793157,-0.04392958932426608,-0.7425752468575356,-0.32826840950295066,-1.19066093585285,16.449926777125754,3.7153308927498925,45,12
Guatemala,GTM,2009,0.15981186525563137,-0.8750733585946054,-0.5476184184328076,-0.46069441969303887,-0.4132124333364727,-0.1902306497359056,0.6550101032102444,0.05757456306907997,0.0023200212374607228,-1.240646298699596,-0.1915646424211279,-0.04392958932426608,-0.7425752468575356,-0.32826840950295066,-0.9506217708715964,16.469851355253386,3.7017693083387306,45,13
Guatemala,GTM,2010,0.17245771217008568,-0.9149654715897692,-0.4055136005046763,-0.3132569480251352,-0.18259285709902748,-0.18851020457735393,0.6363850067318689,0.054733991398365434,-0.6042661977638185,-1.240646298699596,-0.1915646424211279,-0.04392958932426608,-0.7425752468575356,-0.3317603940098808,-0.7345865223884667,16.489667000463886,3.7348790688443265,45,14
Guatemala,GTM,2011,0.20351737057408548,-0.9153201080922053,-0.3844786029773991,-0.25752803835525434,-0.3246008965651679,-0.18674432652234074,0.3407859849998746,0.09231616410843935,-0.6042661977638185,-1.240646298699596,-0.1915646424211279,-0.04392958932426608,-0.7425752468575356,-0.36144095289006695,-0.7345865223884667,16.509605637734253,3.7146211668004163,45,15
Guatemala,GTM,2012,0.21772787959658288,-0.9176245223147435,-0.37183935268156276,-0.3470613475979023,-0.16361348643499493,-0.18494514632959114,0.24998712687967323,0.10727400229012839,-0.6042661977638185,-1.240646298699596,-0.1915646424211279,-0.04392958932426608,-0.7425752468575356,-0.36144095289006695,-0.7345865223884667,16.52951950376553,3.737555711939007,45,16
Guatemala,GTM,2013,0.2433787478546829,-0.9099012271952786,-0.3643958757032174,-0.4999986039131077,-0.1552275154590005,-0.18314494415367877,0.23720805976864318,-0.32282792133068716,-0.6042661977638185,-1.240646298699596,-0.1915646424211279,-0.04392958932426608,-0.878105841605393,-0.3736621130070912,-0.20650035942970796,16.54905552139343,3.7387360993640946,45,17
Guatemala,GTM,2014,0.28173623002686315,-0.9000483454810043,-0.37731136180217506,-0.5464517352645176,-0.22947423721950336,-0.18136470995648543,0.23482052758080355,-0.3028841472905181,-0.6042661977638185,-1.240646298699596,-0.1915646424211279,-0.04392958932426608,-0.878105841605393,-0.3736621130070912,-0.15849252643345632,16.568006643359173,3.7282365620782345,45,18
Guatemala,GTM,2015,0.3165942606868014,-0.9795495201237058,-0.3077690249775116,-0.6969431041680829,-0.3136609833835708,-0.17961090218782086,0.15823725099078625,-0.3407499116444646,-0.6042661977638185,-1.240646298699596,-0.1915646424211279,0.3821728709348875,-0.878105841605393,-0.354456983876207,-0.13448860993533196,16.58633171898771,3.7161964537317935,45,19
Guatemala,GTM,2016,0.32958917898752504,-1.0577970883736731,-0.3244756783571927,-0.7990347720223381,-0.4243407091718694,-0.17781476980284666,0.445920287378007,-0.3509874875013311,-0.6042661977638185,-1.240646298699596,0.07763796992567584,0.5952241010644648,-0.878105841605393,-0.354456983876207,-0.08648077693908034,16.604757323867695,3.7001435714569544,45,20
Guatemala,GTM,2017,0.34951835748853877,-1.089623464894656,-0.33827021164389076,-0.807830587740929,-0.4052641576399108,-0.1760090827823861,0.17292391627414366,-0.4100098162625987,-0.6042661977638185,-1.240646298699596,0.07763796992567584,0.5952241010644648,-0.878105841605393,-0.36493241362550954,-0.13448860993533196,16.622944931910354,3.702928861074095,45,21
Honduras,HND,1996,-0.8431390872998945,0.08152007798104369,-0.2080612101644675,1.4149861161014954,-0.32057232259256246,-0.24049321487694922,1.1394334569364457,0.06891162183786699,-1.2108524167650978,-1.240646298699596,-0.7299698671147353,0.16912164080531122,-1.2846976258489626,-1.82450913328549,-0.7345865223884667,15.591133023282179,3.7152015478413265,46,0
Honduras,HND,1997,-0.7558684073268689,0.29055336631685663,-0.2080612101644675,1.3784806290402234,-0.2719741168227455,-0.23948030257063957,1.0800860986562546,0.029454722628692583,-1.2108524167650978,-1.240646298699596,-0.46076725476793157,0.16912164080531122,-1.2846976258489626,-1.82450913328549,-0.5665591069015885,15.619108837771034,3.7221764901237906,46,1
Honduras,HND,1998,-0.7086417632054959,0.5621127946949293,-0.2080612101644675,1.414162424581397,-0.36927087869371794,-0.23849474192021908,1.1862100613611377,0.09294448717209364,-1.2108524167650978,-1.240646298699596,-0.1915646424211279,0.16912164080531122,-1.2846976258489626,-1.82450913328549,-0.4465395244109626,15.645598034309813,3.7081630589562016,46,2
Honduras,HND,1999,-0.6571945572936407,0.8560831984261347,-0.2080612101644675,1.3795220823222878,-0.013362889670003429,-0.23749070695877905,1.046668945081798,0.23453034386517072,-1.2108524167650978,-1.240646298699596,-0.32616594859452974,0.16912164080531122,-1.1491670311011064,-1.82450913328549,-0.4465395244109626,15.671881045701902,3.758496288951795,46,3
Honduras,HND,2000,-0.6143165597470535,0.3862330421740519,-0.2080612101644675,1.3473366723104379,0.1825250064713708,-0.23641847125112672,1.0681156843653683,0.21187784613507776,-1.2108524167650978,-1.240646298699596,-0.46076725476793157,0.16912164080531122,-1.0136364363532497,-1.82450913328549,-0.4465395244109626,15.699206948193526,3.785154994791,46,4
Honduras,HND,2001,-0.6144278155648392,0.1635750417431443,-0.2080612101644675,1.2183245220683012,0.04381192530361028,-0.23532863808191404,1.0745618180095768,0.07163985991021846,-1.2108524167650978,-1.240646298699596,-0.32616594859452974,0.06259602574052224,-0.9458711389793213,-1.82450913328549,-0.6145669398978396,15.72623665841934,3.766351017918353,46,5
Honduras,HND,2002,-0.6072168079676938,-0.13004418967911913,-0.2080612101644675,1.277896291032707,-0.022665568155579924,-0.23423489839717967,1.044188926022688,0.03564835582283444,-1.2108524167650978,-1.240646298699596,-0.1915646424211279,-0.04392958932426608,-0.878105841605393,-1.82450913328549,-0.37452777491658545,15.75264805386031,3.7572124221916194,46,6
Honduras,HND,2003,-0.5940405922044583,0.04087924373684856,-0.2080612101644675,1.4011591221374786,0.160666044451466,-0.23314425489812193,0.9700631134664898,0.044737882507247924,-1.2108524167650978,-1.240646298699596,-0.46076725476793157,-0.04392958932426608,-0.878105841605393,-1.82450913328549,-0.44653952441096145,15.778307884035947,3.782215158051819,46,7
Honduras,HND,2004,-0.5684700667123924,0.5449334129771621,-0.2080612101644675,1.7843158077706756,0.4879070281254979,-0.23205707646623744,1.0773254488766986,-0.02462270035719174,-1.2108524167650978,-1.240646298699596,-0.46076725476793157,-0.04392958932426608,-0.878105841605393,-1.82450913328549,-0.4945473574072131,15.803247225408189,3.8253472207942454,46,8
Honduras,HND,2005,-0.5427709522062594,0.28212014368201693,-0.2080612101644675,1.8141254098242692,0.4007026788968848,-0.23097243787416574,1.0771844312879617,-0.049394454909657944,-1.2108524167650978,-1.240646298699596,-0.46076725476793157,-0.04392958932426608,-1.149167031101106,-1.82450913328549,-0.7345865223884667,15.8275235396979,3.8140338324523446,46,9
Honduras,HND,2006,-0.5118007068549243,0.5747837964226574,-0.2080612101644675,1.7167540668127552,0.4704602917304058,-0.22989314504017633,0.88616535219368,-0.004072507640207269,-1.2108524167650978,-1.240646298699596,-0.46076725476793157,-0.04392958932426608,-1.149167031101106,-0.7333187089903065,-0.7345865223884667,15.851109009749019,3.823094000872307,46,10
Honduras,HND,2007,-0.4819889676282077,1.1653577186963957,-0.14020222764256582,1.772974231570663,0.6816924953702619,-0.22881694234462585,0.9010830056010212,-0.05632997776288997,-1.2108524167650978,-1.240646298699596,-0.46076725476793157,-0.04392958932426608,-1.149167031101106,-0.7333187089903065,-0.7345865223884667,15.874085779327041,3.8500387882716365,46,11
Honduras,HND,2008,-0.4662687345221857,1.3357067362703297,-0.1405753563458342,1.7926437597805012,0.821679491060595,-0.22774181001013935,0.8926366341836433,-0.07354015293339551,-1.2108524167650978,-1.240646298699596,-0.46076725476793157,-0.04392958932426608,-1.149167031101106,-0.7455398691073303,-0.7345865223884667,15.896524362990066,3.8675037041522518,46,12
Honduras,HND,2009,-0.5042101301548737,-0.07055406045739639,-0.1405753563458342,0.6662700067483881,-0.06769720949901147,-0.2266695622080117,0.7148538875117617,-0.06753568261926439,-1.2108524167650978,-1.240646298699596,-0.1915646424211279,-0.04392958932426608,-1.149167031101106,-0.7455398691073303,-0.7345865223884667,15.9184122457425,3.750974176837727,46,13
Honduras,HND,2010,-0.49186304058675734,-0.12540504663242238,0.1009380010685731,1.0298056168534626,0.007494974572695746,-0.22560537537367104,0.4811232491598545,-0.10370657779916638,-1.2108524167650978,-1.240646298699596,0.07763796992567584,-0.04392958932426608,-1.149167031101106,-0.8188678773524479,-0.7345865223884667,15.939671967575837,3.761368914969429,46,14
Honduras,HND,2011,-0.47800926421388645,0.22464851983400552,0.09128916919369891,1.400249340764964,0.354466698952812,-0.22454889272009593,0.5791952330629504,-0.0848166715287872,-1.2108524167650978,-1.240646298699596,0.07763796992567584,-0.04392958932426608,-1.149167031101106,-0.8049004630962154,-0.4945473574072131,15.960339947501609,3.807983115502531,46,15
Honduras,HND,2012,-0.46118369085446126,0.2161836324652554,0.041692072780435144,1.3704200926088634,0.3458940044922879,-0.22349369208090256,0.6096412233848362,-0.05991500458300174,-1.2108524167650978,-1.240646298699596,0.07763796992567584,-0.04392958932426608,-1.149167031101106,-0.8049004630962154,-0.9266178543734708,15.980565072238592,3.806857206893433,46,16
Honduras,HND,2013,-0.4546549846774819,0.12085979513581693,-0.052936268480433694,1.2288499281692193,0.3361742458140751,-0.2224402511878652,0.45700621887042525,-0.11849763988911378,-1.2108524167650978,-1.240646298699596,0.07763796992567584,-0.04392958932426608,-1.149167031101106,-0.8049004630962154,-1.0226335203659718,16.00035650183891,3.805579111430238,46,17
Honduras,HND,2014,-0.44550098264125965,-0.03687927413208757,-0.5037486576650658,1.132260962752671,0.8180940092141712,-0.22138897520590642,0.8729204463242742,-0.19324203330021741,-1.2108524167650978,-1.240646298699596,0.07763796992567584,-0.04392958932426608,-1.149167031101106,-0.8049004630962154,-0.9506217708715964,16.019724320609836,3.867060161177436,46,18
Honduras,HND,2015,-0.42939562935227027,0.13270104015964068,-0.47207063662150317,0.9666657120408237,0.42025767477567144,-0.22033564921038443,0.8144992248094565,-0.09847926417339659,-0.6042661977638185,-1.240646298699596,0.07763796992567584,-0.04392958932426608,-1.0136364363532497,-0.8049004630962154,-0.44653952441096145,16.038760842664882,3.8165819404634904,46,19
Honduras,HND,2016,-0.41230286603528765,-0.06732361176711976,-0.4468731611481219,0.7506730724982922,0.2521365913027176,-0.21927692907887897,0.7783370745566746,-0.08367858850407289,-0.6042661977638185,-0.051478348695809785,0.07763796992567584,-0.04392958932426608,-1.0136364363532497,-0.7909335726114703,-0.44653952441096145,16.05753650824808,3.7944599623432445,46,20
Honduras,HND,2017,-0.3863361250381585,0.11439579913396372,-0.44812696640601196,0.8085923203922696,0.053366794646887414,-0.21821408473129647,0.6689489421903547,-0.024532569469498722,-0.6042661977638185,-0.051478348695809785,-0.1915646424211279,0.8082753311940414,-0.7425752468575356,-0.38937525763104497,-0.3505238584184605,16.076037267424073,3.767657678843117,46,21
Haiti,HTI,1996,-0.8157106661038525,-1.731149305470484,0.17424341889584308,-0.9773501026861565,-0.6169893409454023,-0.22958639891039986,-0.8913376424245056,0.6726916502271812,1.2154924592400194,-1.240646298699596,0.055884245227155266,-0.7605557492999624,0.612730700621032,0.3578722390763645,-1.1666570193547243,15.857711963851981,3.671572219176393,47,0
Haiti,HTI,1997,-0.8118948610358946,-1.731149305470484,0.17424341889584308,-1.0738920656516573,-0.6205763113359658,-0.22869902121045846,-0.9240248346462789,0.4312124556072568,0.8111015656943373,-1.240646298699596,-0.07463831832605769,-0.7605557492999624,0.16096196110777972,0.3578722390763645,-1.0226335203659718,15.87657158316882,3.671032424209823,47,1
Haiti,HTI,1998,-0.8104563492094939,-1.731149305470484,0.17424341889584308,-1.0847156983488462,-0.5919784102246349,-0.22780496736015188,-0.928274534767886,0.6671244546189006,0.40671067214865514,-1.240646298699596,-0.20516088187927065,-0.7605557492999624,-0.2908067784054728,0.3578722390763645,-1.6947431823134835,15.895220063738526,3.6753279795384923,47,2
Haiti,HTI,1999,-0.8063786122001726,-1.731149305470484,0.17424341889584308,-0.927326688058506,-0.5187195192876983,-0.22690300372299962,-0.9455907287401476,0.525222802076436,0.40671067214865514,-1.240646298699596,0.25166776751383996,-0.7605557492999624,-0.2908067784054728,0.3578722390763645,-2.174821512275992,15.913687613659738,3.6862484051404447,47,3
Haiti,HTI,2000,-0.8112022899991284,-1.731149305470484,0.17424341889584308,-1.3563420713879746,-0.6079522174928642,-0.2259847004497181,-0.9753559391120126,-0.3148815939923448,0.40671067214865514,-1.240646298699596,0.7084964169069503,-0.7605557492999624,-0.2908067784054728,0.3578722390763645,-2.174821512275992,15.932145759712759,3.6729309047869845,47,4
Haiti,HTI,2001,-0.8217048756884877,-1.7644308360346739,0.17424341889584308,-1.3442672339773432,-0.6290822625967167,-0.22506088209570016,-0.9885950964941815,-0.2691300701978497,0.0872797002432173,-1.0683030417086274,0.48878379745189293,-0.6626370596076707,-0.8148575078932205,-0.06184916166063334,-2.6548998422384997,15.95037722748917,3.6697512171299964,47,5
Haiti,HTI,2002,-0.8252025433566518,-1.5887497356144622,0.17424341889584308,-1.4205377920479252,-0.6253017670292155,-0.2241433770577884,-1.0047499993776055,-0.3013054365421724,-0.23215127166221985,-0.8959597847176587,0.2690711779968361,-0.5647183699153787,-1.3389082373809684,-0.4815705623976309,-2.750915508231002,15.968160971299517,3.670320856125689,47,6
Haiti,HTI,2003,-0.8171954384655672,-0.7171310332298545,0.17424341889584308,-1.0650973080730826,-0.5948288481656729,-0.22322255813364464,-0.9935279345031882,-0.12677008595528977,-0.2618817606968853,-0.8706828307723781,0.40666343287445583,-0.3283369315523004,-1.2835683849335235,-0.40450649213242457,-2.750915508231002,15.985696531356407,3.6749006557184174,47,7
Haiti,HTI,2004,-0.8316347846011544,-1.35678496721638,0.17424341889584308,-1.1641632646115765,-0.6244440165042531,-0.22231334990578813,-1.0191741392451787,-0.10156547570659984,0.8111018083288247,-1.240646298699596,0.49095916992174504,-0.41676909291522396,0.5804614081339461,-1.82450913328549,-2.366852844260995,16.002714428637674,3.670450055445173,47,8
Haiti,HTI,2005,-0.8252741926308842,-1.5499247788872523,0.17424341889584308,-1.1298264462449297,-0.5783018843520396,-0.22140015654832054,-1.0295320752366899,-0.14949364157695197,0.0023200212374607228,-1.240646298699596,0.42569799582618356,-1.2157104602221298,0.35457744496910415,-1.82450913328549,-2.078805846283491,16.019520286234908,3.677375761760867,47,9
Haiti,HTI,2006,-0.8250168889487279,-0.9994260514108797,0.17424341889584308,-1.0691648620775451,-0.2853661708972012,-0.22046108706095027,-1.0248290798988595,-0.028211747902278556,-0.6042661977638185,-1.240646298699596,-0.999172479461539,0.8082753311940414,-1.0136364363532497,-0.22002265127448303,-2.5828880927441245,16.03651274946165,3.720259278212501,47,10
Haiti,HTI,2007,-0.8109409324946706,-1.6216680486788448,0.17424341889584308,-1.149618786226363,-0.5043438705054355,-0.2195132793151763,-1.0292841604748761,-0.1278981541839251,-0.6042661977638185,-1.240646298699596,-0.999172479461539,0.8082753311940414,-0.878105841605393,-0.22002265127448303,-2.966950756714131,16.05337545998645,3.6883774024295803,47,11
Haiti,HTI,2008,-0.8062251439876369,-1.2100241537033303,0.17424341889584308,-1.0956114317452281,-0.592538199602488,-0.21856097242459105,-1.0281955097847673,-0.011033474853132302,-0.6042661977638185,-1.240646298699596,-0.999172479461539,0.5952241010644648,-0.4715140573618222,0.21645393746078034,-2.9189429237178803,16.07003659446453,3.6752440730402816,47,12
Haiti,HTI,2009,-0.785657465451212,-1.2112664099202255,0.17424341889584308,-1.1840111342132007,-0.559961322266862,-0.21760062875516945,-1.026615530354564,-0.05060092553252937,-0.6042661977638185,-1.240646298699596,-0.7299698671147353,0.8082753311940414,-0.4715140573618222,0.21645393746078034,-3.0389625062085073,16.086561845681608,3.6801153229188586,47,13
Haiti,HTI,2010,-0.8204387225099784,0.2910746543727321,0.17424341889584308,-0.846915588320395,-0.3870650677683117,-0.21691297922031935,-1.0755669308526097,-0.274555411120761,-1.2108524167650978,-1.240646298699596,-0.999172479461539,-0.04392958932426608,-0.7425752468575356,-0.2531946708901118,-3.0389625062085073,16.09822911161981,3.705578824761849,47,14
Haiti,HTI,2011,-0.8016143335136995,-0.19324845656381986,0.17424341889584308,-0.8630947988178352,-0.4861686855316897,-0.2162380470262464,-1.0619293472828633,-0.1864374443978049,-1.2108524167650978,-1.240646298699596,-1.2683750918083427,-0.04392958932426608,-0.7425752468575356,-0.2531946708901118,-3.0389625062085073,16.10954973844787,3.691062629706146,47,15
Haiti,HTI,2012,-0.8068267252450089,-0.6164221033152918,0.17424341889584308,-0.9763392053974972,-0.4484358630144319,-0.21530152947316428,-1.0712471643778334,-0.12149536483168706,-1.2108524167650978,-1.240646298699596,-0.46076725476793157,-0.04392958932426608,-0.6070446521096794,-0.2601781161324842,-3.0389625062085073,16.12504862292899,3.696614412061118,47,16
Haiti,HTI,2013,-0.7931435623858378,-0.571329289790822,0.17424341889584308,-0.974185618606122,-0.45713029357389046,-0.21437877543297265,-1.070860434214053,-0.09515619014613826,-1.2108524167650978,-1.240646298699596,-0.46076725476793157,-0.2569802229106366,-0.6070446521096794,-0.2636701006394143,-3.0389625062085073,16.140088329321397,3.695337895514237,47,17
Haiti,HTI,2014,-0.7860691607804042,-0.7319820563070838,0.17424341889584308,-0.915639388171807,-0.5303252100718946,-0.21346641054706306,-1.0664890302051688,-0.02272685299869778,-1.2108524167650978,-1.240646298699596,-0.46076725476793157,-0.04392958932426608,-0.33598346261396533,-0.2846209601380194,-3.0389625062085073,16.154739585528915,3.6845263187661312,47,18
Haiti,HTI,2015,-0.7863032555995922,-1.0454189223469594,0.17424341889584308,-0.9274061813436264,-0.5205075503599418,-0.212559282568958,-1.0799364689467186,-0.06472977666773498,-1.2108524167650978,-1.240646298699596,-0.46076725476793157,-0.04392958932426608,-0.20045286786610875,-0.2636701006394143,-3.0389625062085073,16.16909698773039,3.6859832850293572,47,19
Haiti,HTI,2016,-0.7842516995184331,-1.0917100679712504,0.17424341889584308,-0.9429150349458311,-0.5147711596098152,-0.21166299124072108,-1.0985814525075515,-0.19840784659954466,-1.2108524167650978,-1.240646298699596,-0.46076725476793157,-0.2569802229106366,-0.20045286786610875,-0.2497026863831817,-3.0389625062085073,16.183083258741387,3.686833598879837,47,20
Haiti,HTI,2017,-0.7784409466245883,-0.6931396134019485,0.17424341889584308,-0.9236710350941728,-0.22092120864406917,-0.2107782985142961,-1.1111528210620525,-0.26023611388146206,-1.2108524167650978,-1.240646298699596,-0.46076725476793157,-0.2569802229106366,-0.20045286786610875,-0.24795695601546053,-2.822927257725378,16.1966993237176,3.729451714752274,47,21
Indonesia,IDN,1996,-0.29696859646300094,0.8509528688339223,-0.47382074710885397,-0.6281817913241733,-0.18024430361772645,0.9526291560027171,0.08655905729827473,1.3826827752699062,0.0023200212374607228,1.1376896013079765,-0.999172479461539,1.021326561323618,-0.20045286786610875,-1.1697947739540824,1.7138129604203258,19.129722675998625,3.7352106718507785,48,0
Indonesia,IDN,1997,-0.26673066376582555,0.6938564952544115,-0.34059776932756153,-0.5200471263887311,-0.27431633992030935,0.972777021900092,0.17837441850355426,1.4553169379899635,-0.30097308826317887,0.5431056263060834,-1.2683750918083427,0.8082753311940414,-0.4037487599878944,-1.4971519536197861,0.9456876324803126,19.145985754121266,3.721841441617782,48,1
Indonesia,IDN,1998,-0.41662347109546066,0.3446204807286361,-0.3300317318217272,0.6454262754696147,-0.6834862123454952,0.9926766245029996,-0.1578786961457637,1.5300840268191889,-0.6042661977638185,-0.051478348695809785,-1.5375777041551464,0.5952241010644648,-0.6070446521096794,-1.82450913328549,-0.590563023399714,19.161792934049565,3.66151757861202,48,2
Indonesia,IDN,1999,-0.4229273664490871,-0.29735663177742644,-0.3182505385055851,-0.31851358944888364,-0.8661322249905412,1.011894020084942,-0.1802705688496261,1.374720187429911,-0.6042661977638185,-0.051478348695809785,-1.8067803165019503,0.7017497161292531,-0.6070446521096794,-1.82450913328549,-0.25450819242595846,19.17682464362125,3.633368850233631,48,3
Indonesia,IDN,2000,-0.3928197251401484,-0.3322908898821665,-0.28200384889943353,-0.07223969411996088,-1.1070377493873513,1.0304779191451865,-0.19426858311501763,1.259012065980527,-0.6042661977638185,-0.051478348695809785,-2.0759829288487537,0.8082753311940414,-0.6070446521096794,-1.82450913328549,0.36959363652530175,19.191149044330846,3.594986635145874,48,4
Indonesia,IDN,2001,-0.3726997285954046,-0.3539131488728425,-0.2591918655481607,-0.11990181330495825,-0.9545761158676075,1.048741254137625,-0.023847289084279088,1.7518306220401305,-0.9075593072644581,-0.646062323697703,-1.6721790103285483,0.3821728709348875,-0.6070446521096794,-1.4971519536197861,-0.7345865223884667,19.205029233547734,3.6194481036819144,48,5
Indonesia,IDN,2002,-0.3439861370358297,-0.3834586296240605,-0.20777542121692802,-0.4305726456081507,-0.628293878294214,1.0668260807218848,-0.028126263740117157,1.7395052525529573,-1.2108524167650978,-1.240646298699596,-1.2683750918083427,-0.04392958932426608,-0.6070446521096794,-1.1697947739540824,-1.0226335203659718,19.218586491035104,3.6698700363910732,48,6
Indonesia,IDN,2003,-0.31141581180800243,-0.3741282010765064,-0.09627281803612454,-0.5889845455605898,-0.6838185870868598,1.0847229591599947,-0.16163137470125585,1.407120794765922,-1.2108524167650978,-1.240646298699596,-1.8067803165019503,-0.04392958932426608,-0.6070446521096794,-0.5150804146226747,-1.0226335203659718,19.231824310741175,3.6614670672028304,48,7
Indonesia,IDN,2004,-0.2747487819980113,-0.017079451249514446,-0.014710891180431073,-0.4108012554512732,-0.5160142184981116,1.1021307853949054,-0.12723543714805152,1.4801606581145637,-1.2108524167650978,-1.240646298699596,-0.999172479461539,-0.04392958932426608,-0.6070446521096794,-0.5150804146226747,-0.6385708563959646,19.244534424632466,3.6866493997402894,48,8
Indonesia,IDN,2005,-0.23015399338909817,0.12754457433064834,-0.06316801030730501,-0.28823963071064723,-0.1477964524204525,1.1199399063202442,-0.028263441337653742,1.639328844587093,-1.2108524167650978,-1.240646298699596,-0.1915646424211279,-0.04392958932426608,-0.6070446521096794,-0.5150804146226747,-0.4465395244109626,19.257372490693577,3.7397809133413698,48,9
Indonesia,IDN,2006,-0.18611039604304508,0.18705918683174652,0.045656081567300756,-0.500814074927612,-0.4129310267070786,1.138565410375518,-0.05273168500215013,1.6728104679538711,-1.2108524167650978,-0.051478348695809785,0.07763796992567584,0.16912164080531122,-0.4715140573618222,0.6040448381849737,0.32158580352905125,19.270625040863848,3.701810384968589,48,10
Indonesia,IDN,2007,-0.13091571324564227,0.2860664814956042,0.3069373830933921,-0.5538177611228431,-0.36980608948495824,1.1573764618235949,-0.02800897218513062,1.660797239278592,-1.2108524167650978,-0.051478348695809785,0.34684058227247955,0.16912164080531122,-0.4715140573618222,0.6040448381849737,0.7296523839971835,19.283833694049065,3.7080854281050364,48,11
Indonesia,IDN,2008,-0.07652781488978792,0.6199502693513316,0.24585593797680563,-0.44559510351461273,-0.3320491116306885,1.1760960850856472,0.048273335332881875,1.7657426763971775,-1.2108524167650978,-0.051478348695809785,0.34684058227247955,0.16912164080531122,-0.4715140573618222,0.5918231542964625,1.0417032984728147,19.29680719829635,3.713547243424556,48,12
Indonesia,IDN,2009,-0.035969971117350036,1.034467582424381,0.40290636196551977,-0.8239903193329725,-0.4880030808156773,1.194613482673459,0.029026625520577203,1.7317517730143157,-1.2108524167650978,-0.051478348695809785,0.6160431946192833,0.16912164080531122,-0.4715140573618222,0.5918231542964625,1.1857267974615666,19.309477060750737,3.6907919404898606,48,13
Indonesia,IDN,2010,0.025943414907053743,1.0204701225663813,0.44450661928867125,-0.7895079816483778,-0.2984290521719201,1.2132709887103743,0.07716692486885116,1.3261243748544957,-1.2108524167650978,-0.051478348695809785,0.6160431946192833,0.16912164080531122,-0.4715140573618222,0.6249956976835788,0.7056484674990585,19.322082474712694,3.718385642831017,48,14
Indonesia,IDN,2011,0.08995310817955804,1.0578482020355657,0.5343922183393764,-0.6886335666173429,-0.25145988001271585,1.2324087421724712,0.25369976909318764,1.4207511335152185,-1.2108524167650978,-0.051478348695809785,0.6160431946192833,0.16912164080531122,-0.4715140573618222,0.6249956976835788,0.7056484674990585,19.334849357725844,3.725106207337225,48,15
Indonesia,IDN,2012,0.15499738746289207,1.22920081903431,0.6053834090314879,-0.7059483491803015,-0.2503108600719927,1.2519322065935732,0.3975787347617697,1.3941588963821574,-1.2108524167650978,-0.051478348695809785,0.6160431946192833,0.16912164080531122,-0.4715140573618222,0.6651511625415797,0.7056484674990585,19.34770773933785,3.7252700497371625,48,16
Indonesia,IDN,2013,0.21697577213236072,1.1377291517775259,0.6704842595166178,-0.7333661392944785,-0.20946703288845184,1.2710048434006591,0.4532945908052091,1.3144628756696417,-1.2108524167650978,-0.051478348695809785,0.34684058227247955,-0.04392958932426608,-0.33598346261396533,0.6756265922908822,0.7056484674990585,19.360111539445967,3.7310767321333387,48,17
Indonesia,IDN,2014,0.27435987134082274,1.204582639288392,0.7308495570734354,-0.7495234093589866,-0.16405144602530444,1.289297326078569,0.5118254445827582,1.2556237648332822,-1.2108524167650978,1.1376896013079765,0.6160431946192833,0.16912164080531122,-0.06492227311825187,1.1347997708924722,0.7056484674990585,19.37186514852068,3.7374940275882986,48,18
Indonesia,IDN,2015,0.33274929650851,1.2404002832483199,0.8861311586560766,-0.9276409987298488,-0.2523674435387271,1.3069664474050817,0.5965129811736204,1.0991975930068423,0.0023200212374607228,-0.051478348695809785,0.6160431946192833,0.16912164080531122,0.07060832162960441,1.1487671851487047,0.4416053860196783,19.383088546653692,3.72497677599569,48,19
Indonesia,IDN,2016,0.3966474682800476,1.2119831476617953,0.8852928024605086,-1.058601936814789,-0.5584296566319772,1.3240690574613412,0.5542563995504121,1.0376896745478248,0.0023200212374607228,-0.051478348695809785,0.6160431946192833,0.16912164080531122,0.07060832162960441,1.138291755399402,0.41760146952155336,19.393833428615125,3.68034377123796,48,20
Indonesia,IDN,2017,0.4645819500526681,1.1613732988457897,0.998552082181574,-1.0025164518260956,-0.2993910650384647,1.3405129479676665,0.5965331021802852,1.0435716967479778,0.0023200212374607228,-0.051478348695809785,0.6160431946192833,0.3821728709348875,0.07060832162960441,1.0370289186418198,0.41760146952155336,19.404056722553793,3.718247520502669,48,21
India,IND,1996,-0.8992191376547918,0.23484218277625407,-0.6701725410211401,-1.50782551023123,-0.5364321792700569,5.648152627942053,-0.3338296990208031,0.08970826864907433,0.60890624023874,-0.051478348695809785,1.4236510316596944,-0.2569802229106366,0.7482612953688889,0.13963394470873283,2.1458834573865833,20.70273497273008,3.6836189565701494,49,0
India,IND,1997,-0.8910830945020961,0.3349795022325188,-0.653056298227346,-1.4878202291648837,-0.4953933114665079,5.765803474775458,-0.30648565095035024,0.08344952335291095,0.60890624023874,-0.051478348695809785,1.2890497254862925,-0.1504549061174517,0.816026592742817,0.13963394470873283,2.1458834573865833,20.722399224546336,3.689700671667034,49,1
India,IND,1998,-0.8740674150740279,0.3481710119250907,-0.653056298227346,-1.4565006180807574,-0.5351122562753781,5.883913996331562,-0.26271583270754484,0.0390297585842759,0.60890624023874,-0.051478348695809785,1.1544484193128908,-0.04392958932426608,0.8837918901167451,0.13963394470873283,2.1458834573865833,20.741758862971416,3.683815138043344,49,2
India,IND,1999,-0.8450402998097855,0.6001113923651934,-0.741960292396822,-1.4241358026645534,-0.560919801682834,6.002202457855505,-0.19284205916072802,-0.02616538858738096,0.60890624023874,-0.051478348695809785,0.885245806966087,0.16912164080531056,0.9515571874906739,0.13963394470873283,2.1458834573865833,20.76077915486813,3.679972338917964,49,3
India,IND,2000,-0.8363375402630605,0.4164872718025479,-0.5871887174143645,-1.3636667915130303,-0.5114547233676645,6.121314353588483,-0.18850566136454625,0.04092556988560362,0.60890624023874,-0.051478348695809785,0.6160431946192833,0.3821728709348875,1.0193224848646019,0.13963394470873283,2.1458834573865833,20.779573137469935,3.6873248695834038,49,4
India,IND,2001,-0.8229418520783593,0.8909887452793946,-0.5998268629856806,-1.3899868132990782,-0.46222617511552433,6.2421130174135415,-0.1326257109808515,-0.02878702174141017,0.3056131307381003,-0.051478348695809785,0.07763796992567584,-0.043929291052662696,0.5449654032471029,0.13963394470873283,1.7138129604203258,20.798279219663684,3.6945889599225317,49,5
India,IND,2002,-0.81365933402451,0.696871510630084,-0.528011610642608,-1.2880490960699962,-0.46980243355539825,6.361254514374814,-0.09135588632767463,0.06877777954280183,0.0023200212374607228,-0.051478348695809785,-0.46076725476793157,-0.4700314530402132,0.07060832162960441,0.13963394470873283,1.2817424634540677,20.816392162056825,3.6934744484148,49,6
India,IND,2003,-0.7843757220304455,0.6971507005215787,-0.433145848969806,-1.2566224849697512,-0.5383919806092053,6.477377357293392,-0.004837856143922035,0.053260016221318124,0.0023200212374607228,-0.051478348695809785,-0.7299698671147353,-0.6830826831697902,0.07060832162960441,0.13963394470873283,1.2817424634540677,20.833735982483084,3.683327598324291,49,7
India,IND,2004,-0.7528466789725842,0.9851278555961895,-0.36714712032741587,-1.0562104553165672,-0.5113896033170446,6.593414819263595,0.0935756703353509,0.19841634995117396,0.0023200212374607228,-0.051478348695809785,-0.7299698671147353,-0.6830826831697902,0.07060832162960441,0.13963394470873283,1.6898090439222009,20.85077168714705,3.6873345135384055,49,8
India,IND,2005,-0.7189717567268236,1.2335337309498728,-0.2699122677804951,-0.9257843130146666,-0.4910161263175795,6.706406299724164,0.17271580673590675,0.22459090954527142,0.0023200212374607228,-0.051478348695809785,0.07763796992567584,-0.6830826831697902,0.07060832162960441,0.13963394470873283,1.857836459409078,20.86708590181881,3.6903471668110326,49,9
India,IND,2006,-0.6818011064035727,1.3341915384296936,-0.23895433205362662,-0.8178324554709123,-0.28067826683137986,6.816481554253349,0.2436951205748403,0.3405060533250413,0.0023200212374607228,-0.051478348695809785,0.07763796992567584,-0.6830826831697902,0.07060832162960441,0.825774593288048,1.857836459409078,20.88272715405806,3.720930818685681,49,10
India,IND,2007,-0.644314643602682,1.6045345112932055,-0.15338970158257972,-0.8189404991154281,-0.290277245048361,6.924105034891588,0.3520699142636844,0.3385094921125367,0.0023200212374607228,-0.051478348695809785,0.34684058227247955,-0.6830826831697902,0.13837361900353315,1.0440128876556793,1.857836459409078,20.89778706848453,3.7195552846938016,49,11
India,IND,2008,-0.6337108518791895,1.471677517388896,-0.042386538080892135,-0.5961838273984068,-0.028700461074441082,7.028449775843061,0.4104022756108074,0.35793141780382826,0.0023200212374607228,-0.051478348695809785,0.6160431946192833,-0.6830826831697902,0.07060832162960441,0.8467254527866531,1.857836459409078,20.912174786647206,3.7563786615955577,49,12
India,IND,2009,-0.5915664814331851,1.3786910556434795,-0.07323764844197421,-0.8019305929942078,-0.1925202341834797,7.134843599083153,0.5206901523277429,0.3566547793733196,0.0023200212374607228,-0.051478348695809785,0.6160431946192833,-0.6830826831697902,0.07060832162960441,0.8467254527866531,1.857836459409078,20.92663495983085,3.7334761610303655,49,13
India,IND,2010,-0.5423798745952966,1.291130919780937,0.05671920942337571,-0.7154505613016511,-0.3643917969500994,7.243432702629282,0.63127960789086,0.3236893959658973,0.0023200212374607228,-0.051478348695809785,0.6160431946192833,-0.6830826831697902,0.07060832162960441,0.7559385695498598,1.857836459409078,20.941180996007372,3.7088704785757654,49,14
India,IND,2011,-0.513840797297495,1.422590471409554,0.1356066326515362,-0.5307755516104959,-0.3023372752101988,7.350731198668994,0.790101565912815,0.27682355417502597,0.0023200212374607228,-0.051478348695809785,0.6160431946192833,-0.6830826831697902,0.07060832162960441,0.7594300302853028,1.569789461431574,20.955349272150496,3.717824395581537,49,15
India,IND,2012,-0.48220853564692,1.3162384662881128,0.23283291705786216,-0.525850582490145,-0.41884993055913944,7.4562527623032695,0.9455504968982011,0.21334137202677605,0.0023200212374607228,-0.051478348695809785,0.6160431946192833,-0.6830826831697902,0.07060832162960441,0.7978402885470706,1.857836459409078,20.969089833800005,3.700946053112853,49,16
India,IND,2013,-0.441439197151598,1.0564342088891543,0.22081153941346682,-0.5823836283414084,-0.3844704294044799,7.559993178607466,0.9540567044301184,0.13068722599595067,0.0023200212374607228,-0.051478348695809785,0.6160431946192833,-0.4700314530402132,0.07060832162960441,0.8275203236557692,1.857836459409078,20.9824168768404,3.7059560579251967,49,17
India,IND,2014,-0.38930054316710744,0.9089381976587579,0.41685778237652116,-0.7251072991046627,-0.3541417013079133,7.659456208352202,0.9732514377722351,0.06842400068874713,0.0023200212374607228,-0.051478348695809785,0.6160431946192833,-0.4700314530402132,0.07060832162960441,0.8676763122852581,1.857836459409078,20.995029779543263,3.7103550151980262,49,18
India,IND,2015,-0.32805717034798937,0.745482494420161,0.40681067015986405,-0.9280680254194277,-0.2871120130259203,7.754683916122567,0.9803207584081729,0.042719278799016554,0.0023200212374607228,1.1376896013079765,0.6160431946192833,-0.4700314530402132,0.2061389163774616,0.8362500230373505,2.073871707892207,21.00695833587266,3.720009071701014,49,19
India,IND,2016,-0.26018734273142646,0.6793880623349215,0.4548450482855114,-0.9814356672141031,-0.31327614544234833,7.850954717962352,1.0131049335626525,-0.01787137713597036,0.0023200212374607228,1.1376896013079765,0.6160431946192833,-0.2569802229106366,0.34166951112531785,0.8484711831543742,2.145883457386584,21.018874632503948,3.716251823107849,49,20
India,IND,2017,-0.2022920206346191,0.6780989178826342,0.40909338864896366,-0.9622970534878579,-0.385985424953185,7.9459755920633866,1.0234592282892125,-0.02776890535075322,0.0023200212374607228,1.1376896013079765,0.885245806966087,-0.04392958932426608,0.4772001058731751,0.7472088701682791,2.145883457386584,21.030498593930048,3.7057358107739993,49,21
"Iran, Islamic Rep.",IRN,1996,0.3502008508491338,1.0769063894321238,0.286069538481964,-1.122397466019115,-0.6371799257860409,0.10406233702910056,2.6554634915963993,1.2684502772942274,-1.2108524167650978,-0.051478348695809785,-0.1915646424211279,-1.9613894674040449,-1.2846976258489626,-1.1697947739540824,3.2980714492966037,17.956759396074748,3.6685299812645367,50,0
"Iran, Islamic Rep.",IRN,1997,0.3525573870819777,1.220780489631601,0.286069538481964,-1.196971284386566,-0.6329649114528102,0.10864818713383043,2.6232758870452377,0.9880286912246231,-0.9075593072644581,-0.051478348695809785,-0.46076725476793157,-1.8548638523392564,-1.0814017337271782,-1.1697947739540824,2.9380127018247224,17.968747088884772,3.6691658478858584,50,1
"Iran, Islamic Rep.",IRN,1998,0.3639251715582232,1.2193389774344905,0.286069538481964,-1.2961812238884998,-0.6371512822939549,0.1139710927050077,2.592543460561042,0.47163040346942403,-0.6042661977638185,-0.051478348695809785,-0.7299698671147353,-1.7483382372744682,-0.878105841605393,-1.1697947739540824,2.4339304553640884,17.98248364134912,3.6685343037155667,50,2
"Iran, Islamic Rep.",IRN,1999,0.37325295655807716,1.1229856547002262,0.40144977806461424,-1.1321372602115265,-0.6356331429527351,0.11956800466132644,2.5896714522636013,0.8838357172749253,-0.6042661977638185,-0.051478348695809785,-0.5953685609413335,-1.7483382372744682,-0.6748099494836078,-1.1697947739540824,2.4339304553640884,17.996726642952414,3.6687633720569943,50,3
"Iran, Islamic Rep.",IRN,2000,0.4451646872550987,1.057605509262106,0.42042212886344155,-0.9473706241381038,-0.6348141546002314,0.12545358755408698,2.5974141514786777,1.1206630850890207,-0.6042661977638185,-0.051478348695809785,-0.46076725476793157,-1.7483382372744682,-0.4715140573618222,-1.1697947739540824,2.4339304553640884,18.011488599063174,3.6688869254259076,50,4
"Iran, Islamic Rep.",IRN,2001,0.45954732386533304,1.6028987831109256,0.40449119158369656,-0.968297500422253,-0.5864469791398522,0.13170247639036076,2.609978702119613,1.088333703095864,-0.6042661977638185,-0.051478348695809785,-0.32616594859452974,-1.5352873054164944,-0.4715140573618222,-0.8424375942883786,1.4497698789409457,18.026926880724353,3.6761567041970595,50,5
"Iran, Islamic Rep.",IRN,2002,0.5861486958133149,1.2930442745275486,0.4103990627187723,-0.7468408313308244,-0.17822945223791029,0.13508476897463936,2.644249435841836,1.5529733471371723,-0.6042661977638185,-0.051478348695809785,-0.1915646424211279,-1.3222363735585203,-0.4715140573618222,-0.5150804146226747,0.7056484674990585,18.035184690467055,3.7354950703233456,50,6
"Iran, Islamic Rep.",IRN,2003,0.7266050240398509,1.2217329297353803,0.40464707646417186,-0.6741611762700689,-0.3205763282104147,0.1396687141995096,2.668441231501859,1.5161239742393608,-0.6042661977638185,-0.051478348695809785,-0.999172479461539,-1.3222363735585203,-0.6070446521096794,-1.1697947739540824,0.7056484674990585,18.046268578583245,3.7152009709347475,50,7
"Iran, Islamic Rep.",IRN,2004,0.7697654237696947,1.0494419712021628,0.40413547555324836,-0.6557550280220351,-0.3673230408068735,0.14866081145077592,2.652736106935933,1.7166413574885666,-0.6042661977638185,-0.051478348695809785,-0.7299698671147353,-1.3222363735585203,-0.6070446521096794,-1.1697947739540824,0.7056484674990585,18.0676607838436,3.7084455366101055,50,8
"Iran, Islamic Rep.",IRN,2005,0.7890516620478433,0.7241297168263477,0.4005515052604529,-0.565090639299836,-0.4236989646147178,0.15816790960199598,2.6425753238089875,1.8968828992303441,-0.6042661977638185,-0.051478348695809785,-0.7299698671147353,-1.3222363735585203,-0.7425752468575356,-1.1697947739540824,0.7056484674990585,18.089791278622965,3.7002373961751194,50,9
"Iran, Islamic Rep.",IRN,2006,0.8467822138381861,0.5651660421459281,0.4552040810155452,-0.6020082963223051,-0.4933050885099144,0.16762755507937954,2.6360519888878677,1.782309314595055,-0.6042661977638185,-0.051478348695809785,-0.999172479461539,-1.3222363735585203,-0.7425752468575356,-0.8764827409736118,0.7056484674990585,18.111335687613675,3.6900091471279084,50,10
"Iran, Islamic Rep.",IRN,2007,0.9842928948340861,0.6980362727488548,0.44471280744618025,-0.6971212888322663,-0.5432852258450627,0.1749441139588802,2.5897962151373974,1.7802931181090136,-0.6042661977638185,-0.051478348695809785,-0.7299698671147353,-1.3222363735585203,-0.7425752468575356,-0.8764827409736118,0.7056484674990585,18.127686573926923,3.682599762290664,50,11
"Iran, Islamic Rep.",IRN,2008,0.9623676198740954,1.132501051349624,0.5603575538207057,-0.7451962080296898,-0.5583917682383603,0.180456509721808,2.5747184122190054,1.7331381369966337,-0.6042661977638185,-0.051478348695809785,-0.1915646424211279,-1.3222363735585203,-0.7425752468575356,-0.8939416159652873,0.7056484674990585,18.139831342217434,3.6803494216401043,50,12
"Iran, Islamic Rep.",IRN,2009,0.9569526134022773,1.0029350428435688,0.6159222219615665,-0.8765493102360171,-0.5190090847719785,0.18616281015997055,2.35895421817624,1.3527974635274302,-0.6042661977638185,-0.051478348695809785,-0.46076725476793157,-1.3222363735585203,-0.7425752468575356,-0.8939416159652873,0.7056484674990585,18.152249852660642,3.6862054746195287,50,13
"Iran, Islamic Rep.",IRN,2010,1.0581639611570661,0.5779961472806322,0.5667574020608305,-0.8744886527257227,-0.5141671627471103,0.1919864028195849,2.5693056037674595,1.445369991383775,-1.2108524167650978,-0.051478348695809785,-0.46076725476793157,-1.1091851434289437,-0.7425752468575356,-1.0493273318371035,0.46560930251780386,18.164766591713757,3.6869230881871484,50,14
"Iran, Islamic Rep.",IRN,2011,1.090840864466238,0.7843820985082353,0.6489211716953134,-0.9484676734750594,-0.5258896344993288,0.19780841715017275,2.354009101763979,1.6136440391305806,-1.2108524167650978,-0.051478348695809785,-0.46076725476793157,-1.1091851434289437,-0.7425752468575356,-1.0423438865947308,0.41760146952155225,18.17712526700744,3.6851848326197305,50,15
"Iran, Islamic Rep.",IRN,2012,0.9725739216359136,0.905750408790165,0.7000541764078785,-0.8652470941735386,-0.5184478272093743,0.20377693186006002,2.4802446894430545,1.2694174565867744,-1.2108524167650978,-0.051478348695809785,-0.1915646424211279,-0.8961339132993669,-0.7425752468575356,-1.0423438865947308,0.41760146952155225,18.189638341186416,3.68628868410262,50,16
"Iran, Islamic Rep.",IRN,2013,0.9088928053776797,0.5892531911453303,0.659429857937495,-0.7783311043430082,-0.5377809975864891,0.2100908889734436,2.4124771896243127,1.326374104567817,-0.6042661977638185,-0.051478348695809785,-0.1915646424211279,-1.3222363735585203,-0.7425752468575356,-1.0423438865947308,0.41760146952155225,18.20270739159566,3.6834184405882873,50,17
"Iran, Islamic Rep.",IRN,2014,0.9881069425936352,0.7257853499683992,0.6957432961227903,-0.8286502380194009,-0.5638262092305224,0.21666640725688577,2.329034804554349,1.0310169775130391,-0.6042661977638185,-0.051478348695809785,-0.46076725476793157,-1.3222363735585203,-0.7425752468575356,-1.0423438865947308,0.41760146952155225,18.21613868219046,3.67953864194708,50,18
"Iran, Islamic Rep.",IRN,2015,0.924966932671311,0.3367949554343846,0.700944986637976,-1.0005709697512253,-0.5561276985638064,0.22342308868583494,2.1639182364902054,0.4442782990829967,-0.6042661977638185,-0.051478348695809785,-0.46076725476793157,-1.1091851434289437,-0.6070446521096794,-1.0109175973468238,0.41760146952155225,18.229754629905592,3.6806870107415643,50,19
"Iran, Islamic Rep.",IRN,2016,1.086731850335574,0.14884373028045925,0.7225742901957026,-0.9873872089911917,-0.521714598048571,0.2306366328719745,2.095872460480842,0.6229199372430765,0.0023200212374607228,-0.051478348695809785,0.07763796992567584,-1.1091851434289437,-0.6070446521096794,-0.9794913080989163,0.41760146952155225,18.24408948559304,3.6858042704165657,50,20
"Iran, Islamic Rep.",IRN,2017,1.1238700611926862,0.16805623788956783,0.7018838890120523,-0.8923206247205611,-0.4745220054378019,0.23798116022560462,2.1034630954640012,0.7742411320368736,-0.6042661977638185,-0.051478348695809785,0.07763796992567584,-0.8961339132993669,-0.6070446521096794,-0.9602861789680325,0.41760146952155225,18.258476529632457,3.692779543625511,50,21
Iraq,IRQ,1996,-0.3383732749050611,-2.6518657688668985,-0.8914381384506218,-2.1429440704925606,-0.6440620383980487,-0.14617222991976628,0.7711763078000989,2.6296741539937707,-1.2108524167650978,-1.240646298699596,-2.0759829288487537,-1.3222363735585203,-1.4202282205968195,-1.1697947739540824,-1.8867745142984866,16.88362497957965,3.667490892984035,51,0
Iraq,IRQ,1997,-0.16942463881642975,-2.537710304636139,-0.8914381384506218,0.9354576771081563,-0.639892071044755,-0.1420886996576389,0.8191596182135396,4.008349243577242,-1.2108524167650978,-1.240646298699596,-2.0759829288487537,-1.3222363735585203,-1.4202282205968195,-1.1697947739540824,-2.2468332617703677,16.914547966327323,3.668120619862901,51,1
Iraq,IRQ,1998,0.17946493515209277,-2.449030175443985,-0.8914381384506218,1.690984809387505,-0.6347723654136506,-0.13780842856581912,0.9464462648722973,3.6029771627194687,-1.2108524167650978,-1.240646298699596,-2.0759829288487537,-1.3222363735585203,-1.4202282205968195,-1.1697947739540824,-2.750915508231002,16.945966013679424,3.6688932293733876,51,2
Iraq,IRQ,1999,0.38437640452437305,-2.4753465254215157,-1.0575224229328988,1.8670408391604743,-0.6395754916188181,-0.13326013180689333,1.0405958634611008,4.387155992912412,-1.2108524167650978,-1.240646298699596,-2.0759829288487537,-1.3222363735585203,-1.2846976258489626,-1.1697947739540824,-2.750915508231002,16.97830387000341,3.6681684118567075,51,3
Iraq,IRQ,2000,0.6040160101644179,-2.3869124058249547,-0.9604441462455363,1.4907123455957927,-0.6408420574219943,-0.12849775678793368,1.1366771634873902,4.821533183771182,-1.2108524167650978,-1.240646298699596,-2.0759829288487537,-1.3222363735585203,-1.149167031101106,-1.1697947739540824,-2.750915508231002,17.01107914716419,3.6679771927152363,51,4
Iraq,IRQ,2001,0.5781334620776233,-1.9975091824932947,-0.9649710265910689,1.532574750042049,-0.643941585802636,-0.12381850105046795,1.1141339189681239,4.20793323336959,-1.2108524167650978,-1.240646298699596,-2.0759829288487537,-1.3222363735585203,-1.2846976258489626,-1.1697947739540824,-2.750915508231002,17.042268874208197,3.667509088674393,51,5
Iraq,IRQ,2002,0.370306367749807,-2.090531898366691,-0.9649710265910689,1.3290649187449435,-0.640998256719437,-0.11892798506571309,1.0237267760007036,3.936609621506405,-1.2108524167650978,-1.240646298699596,-2.0759829288487537,-1.3222363735585203,-1.4202282205968195,-1.1697947739540824,-2.750915508231002,17.073859371853832,3.667953608071147,51,6
Iraq,IRQ,2003,-0.2738809907626039,-1.4486030071944227,-0.8321864059382131,2.328677335350438,0.13042942004844343,-0.11411377917285864,0.9458855908897809,3.6604695217883574,-1.2108524167650978,-1.240646298699596,-2.0759829288487537,-1.3222363735585203,-1.4202282205968195,-1.1697947739540824,-1.9347823472947383,17.104011694287102,3.7781343011897004,51,7
Iraq,IRQ,2004,0.23028769222657655,-2.089604201940801,-0.6605929452500919,1.3427496462825887,-0.5023743384313801,-0.10942584564936571,0.8692159067500819,2.911547916692873,-0.6042661977638185,-0.051478348695809785,-2.0759829288487537,-1.7483382372744682,-1.6912894100925329,-1.82450913328549,-2.822927257725378,17.1325245238189,3.6886687324407434,51,8
Iraq,IRQ,2005,0.21047042001263874,-1.0607689299205292,-0.6605929452500919,1.212509630857773,-0.4668114855492736,-0.10440923871237884,0.8663346205244931,3.0590645642799057,-0.6042661977638185,-1.240646298699596,-2.0759829288487537,-1.7483382372744682,-1.6912894100925329,-1.82450913328549,-3.0389625062085073,17.162161957472154,3.6939145825962956,51,9
Iraq,IRQ,2006,0.2840385881780767,-0.5942792019427597,-0.6605929452500919,0.45590872843128627,-0.5414331050365161,-0.10314496087868784,0.872309887173544,2.879033810774221,-1.2108524167650978,-1.240646298699596,-1.8067803165019503,-1.7483382372744682,-1.8268200048403904,-1.1244010704499423,-3.0389625062085073,17.169494591628702,3.6828753146299364,51,10
Iraq,IRQ,2007,0.3267725841574513,-1.9211662017560651,-0.46398714742795233,0.0047767539230156465,-0.4558804403183756,-0.10450503300398631,0.820801555483968,2.7678597049016807,-1.2108524167650978,-1.240646298699596,-1.8067803165019503,-1.535287603688097,-1.8268200048403904,-0.9061632998537981,-3.0389625062085073,17.161604166507043,3.6955214993217207,51,11
Iraq,IRQ,2008,0.4254878544509334,-0.945106796175286,-0.46398714742795233,0.2066767052585049,-0.4024470024827267,-0.10100108813991049,0.8555896040947891,2.990888796677121,-1.2108524167650978,-1.240646298699596,-1.8067803165019503,-1.1091851434289437,-1.8268200048403904,-0.6896707358538877,-1.9227803890456754,17.181807164755558,3.703339525800879,51,12
Iraq,IRQ,2009,0.41927490765715003,-1.4897951604116277,-0.46398714742795233,0.1380060800171454,-0.3988156372490937,-0.0944267127843841,0.8417547377326035,2.0925773003889536,-1.2108524167650978,-1.240646298699596,-1.5375777041551464,-1.1091851434289437,-1.8268200048403904,-0.6896707358538877,-1.574723599822856,17.218646293138203,3.703868631568428,51,13
Iraq,IRQ,2010,0.4712217424001768,-0.7754100640254378,-0.46398714742795233,-0.012487532569436839,-0.47041185913075456,-0.0884571216661952,0.893017899976719,2.4089852096255524,-1.2108524167650978,-1.240646298699596,-1.8067803165019503,-1.1091851434289437,-1.8268200048403904,-0.6896707358538877,-1.454704017332229,17.25096014426062,3.693384744382257,51,14
Iraq,IRQ,2011,0.5388311812065052,-0.6609231810879019,-0.46398714742795233,-0.05094248263884761,-0.4513238503555038,-0.08170805370944688,0.936335495603385,2.970855580186227,-1.2108524167650978,-1.240646298699596,-0.7299698671147353,-1.1091851434289437,-1.5557588153446769,-0.6844330209792364,-1.454704017332229,17.286278310994888,3.6961905783867164,51,15
Iraq,IRQ,2012,0.7022404256679524,-0.9206029406747956,-0.46398714742795233,-0.009262876908884827,-0.3771430283744449,-0.07267700015324177,1.0552046911838302,2.806896202768007,-1.2108524167650978,-1.240646298699596,-0.7299698671147353,-1.3222363735585203,-1.4202282205968195,-0.23573579589843685,-1.646735349317233,17.331667526433154,3.7070206173084754,51,16
Iraq,IRQ,2013,0.7556263323780122,-0.30003801356575016,-0.46398714742795233,-0.18900811495318207,-0.809105076282703,-0.06283725555339198,1.1109740968265995,2.5668714228896254,-1.2108524167650978,-1.240646298699596,-1.2683750918083427,-1.3222363735585203,-1.4202282205968195,-0.23573579589843685,-1.742751015309734,17.378883193407802,3.6422430370914487,51,17
Iraq,IRQ,2014,0.7292108277599297,-0.19706622053735354,-0.46398714742795233,-0.1434106094418473,-1.3940839527094493,-0.05516893490705115,1.1083354462088326,2.3685661160479583,-1.2108524167650978,-1.240646298699596,-1.5375777041551464,-1.1091851434289437,-1.4202282205968195,-0.21303868226062342,-1.742751015309734,17.41419338574558,3.547242211639978,51,18
Iraq,IRQ,2015,0.7260915912485092,0.4159331241029285,-0.46398714742795233,-0.12574301960316941,-1.4086886107307266,-0.049058346395823946,1.0949289027150049,1.539443767713597,-1.2108524167650978,-1.240646298699596,-1.5375777041551464,-0.8961339132993669,-1.4202282205968195,-0.23922725663387917,-1.742751015309734,17.441464482703047,3.544750992645851,51,19
Iraq,IRQ,2016,0.9510941890605503,-0.9723675189584109,-0.46398714742795233,-0.5608040999740743,-1.275158094313111,-0.043560851026464786,1.182202536851086,1.6095025888501797,-1.2108524167650978,-1.240646298699596,-1.5375777041551464,-0.8961339132993669,-1.5557588153446769,-0.23922725663387917,-1.742751015309734,17.465379604809097,3.5673004637498265,51,20
Iraq,IRQ,2017,0.8613278282077734,-0.971229335210158,-0.46398714742795233,-0.41023239723206295,-1.0952964094243174,-0.03831350568971939,1.1512694733018916,2.0376665088442016,-1.2108524167650978,-1.240646298699596,-1.5375777041551464,-1.3222363735585203,-1.5557588153446769,-0.237481526266158,-1.742751015309734,17.48768510887667,3.5968918695118353,51,21
Jamaica,JAM,1996,0.2208231439794449,-0.09153061916490066,0.6374686080296771,-0.15371666277275856,-0.3305325926066457,-0.260929800088667,0.4886092430379887,-0.11219075929711592,0.0023200212374607228,-0.051478348695809785,0.07763796992567584,0.8082753311940414,-0.20045286786610875,0.13963394470873283,1.569789461431574,14.741539320929874,3.713765996752062,52,0
Jamaica,JAM,1997,0.18965377443861733,-0.09153061916490066,0.6374686080296771,-0.15371666277275856,-0.3274447306070519,-0.2607883854362309,0.24352907861851306,-0.20979532297780817,0.0023200212374607228,-0.051478348695809785,0.07763796992567584,0.8082753311940414,-0.20045286786610875,0.13963394470873283,1.569789461431574,14.750760031751714,3.7142112637373943,52,1
Jamaica,JAM,1998,0.14244541545453424,-0.09153061916490066,0.6374686080296771,-0.15371666277275856,-0.021085850166128753,-0.2606560234985562,0.19272850519024834,-0.32146765864472676,0.0023200212374607228,-0.051478348695809785,0.07763796992567584,0.8082753311940414,-0.20045286786610875,0.13963394470873283,1.569789461431574,14.759314117004507,3.757430555987748,52,2
Jamaica,JAM,1999,0.14627147997943013,-0.09153061916490066,0.6374686080296771,-0.15371666277275856,0.2622649519503518,-0.2605347219585427,0.15514894388906778,-0.3228672279240466,0.0023200212374607228,-0.051478348695809785,0.07763796992567584,0.5952241010644641,-0.20045286786610875,0.13963394470873283,1.0417032984728147,14.767089666094872,3.7958066319518795,52,3
Jamaica,JAM,2000,0.1488945188503935,-0.09153061916490066,0.603770111075211,-0.15371666277275856,0.146978729809733,-0.2604256842164826,-0.019162181513130174,-0.355221103427417,0.0023200212374607228,-0.051478348695809785,0.07763796992567584,0.3821728709348875,-0.20045286786610875,0.13963394470873283,0.8976797994840615,14.774027865472632,3.7803699255836785,52,4
Jamaica,JAM,2001,0.15911492078706643,-0.09153061916490066,0.5988193841619279,-0.15371666277275856,0.41923548061086835,-0.260325439157965,0.009505211006683544,-0.37570467308055544,-0.30097308826317887,-0.051478348695809785,-0.1915646424211279,0.3821728709348875,-0.2682181652400369,-0.187723234956971,0.41760146952155225,14.780364380609601,3.8164489044590644,52,5
Jamaica,JAM,2002,0.17916178560613874,-0.09153061916490066,0.6200813632406571,-0.15371666277275856,0.13120576152284716,-0.26022766137240844,0.012114198842588327,-0.45842263730327154,-0.6042661977638185,-0.051478348695809785,-0.46076725476793157,0.3821728709348875,-0.33598346261396533,-0.5150804146226747,-0.13448860993533196,14.786506497026087,3.7782392879405284,52,6
Jamaica,JAM,2003,0.2241659248455591,-0.09153061916490066,0.6334852518285674,-0.15371666277275856,0.5845994682731043,-0.26013059716089454,0.033995665739371135,-0.44431221707354007,-0.6042661977638185,-0.051478348695809785,-0.46076725476793157,0.5952241010644648,-0.33598346261396533,-0.5150804146226747,-0.4465395244109626,14.792566701743475,3.8377436919576127,52,7
Jamaica,JAM,2004,0.23533406773789772,-0.09153061916490066,0.8069710278255208,-0.15371666277275856,0.2886671759812167,-0.2600362481590853,0.13222909409823058,-0.3806093496736044,-0.6042661977638185,-0.051478348695809785,0.34684058227247955,0.8082753311940414,-0.06492227311825187,-0.5150804146226747,-0.15849252643345632,14.798422390900239,3.799308577277827,52,8
Jamaica,JAM,2005,0.2405054190140352,-0.09153061916490066,0.7720702272716334,-0.15371666277275856,0.3183730040592715,-0.2599465011051275,0.06880161799975795,-0.41036341816434513,-0.6042661977638185,-1.240646298699596,0.34684058227247955,0.5952241010644648,0.07060832162960441,0.13963394470873283,0.41760146952155336,14.803960822158363,3.8032341009573103,52,9
Jamaica,JAM,2006,0.27703725720194217,-0.09153061916490066,0.7720702272716334,-0.15371666277275856,0.5529222365097204,-0.2598624324073226,0.060899164813996015,-0.46697322957039383,0.0023200212374607228,1.1376896013079765,0.34684058227247955,1.447428425039566,0.34166951112531785,1.2028900642629385,0.22557013753655034,14.809121155478234,3.8336994083175875,52,10
Jamaica,JAM,2007,0.2920679113090947,-0.09153061916490066,0.8339009701027071,-0.15371666277275856,0.4316265436970143,-0.25978483425380283,0.09670955225114383,-0.4590470432456478,0.0023200212374607228,1.1376896013079765,0.34684058227247955,1.447428425039566,0.34166951112531785,1.2028900642629385,0.41760146952155336,14.813860793180915,3.818060378367362,52,11
Jamaica,JAM,2008,0.272272188366294,-0.09153061916490066,0.8936623687846194,-0.15371666277275856,1.0568760336715322,-0.2597132651962197,0.06878763567672272,-0.5944107350035652,0.0023200212374607228,1.1376896013079765,0.34684058227247955,1.447428425039566,0.2061389163774616,0.7437168856613486,0.22557013753655034,14.818212353342636,3.896177259011094,52,12
Jamaica,JAM,2009,0.19765081096811238,-0.09153061916490066,0.9706114574972061,-0.15371666277275856,0.035941658534033305,-0.25964456857652013,-0.14175048148964126,-0.7272777964871597,0.0023200212374607228,1.1376896013079765,0.07763796992567584,1.447428425039566,0.2061389163774616,0.7437168856613486,0.12955447154404823,14.8223715265676,3.765273448286646,52,13
Jamaica,JAM,2010,0.16959041031345068,-0.09153061916490066,0.9459649011105018,-0.15371666277275856,-0.40324979733012845,-0.25957458389520116,-0.23871589953224517,-0.7359729471546638,0.0023200212374607228,1.1376896013079765,-0.1915646424211279,1.447428425039566,0.07060832162960441,0.307240820697573,0.34558972002717625,14.826590970570248,3.7032225172913225,52,14
Jamaica,JAM,2011,0.1885771206932798,-0.09153061916490066,1.0199932448291043,-0.15371666277275856,-0.43862148219194735,-0.25950246453899195,-0.22266438443268913,-0.7141210368397555,0.0023200212374607228,1.1376896013079765,-0.1915646424211279,1.447428425039566,0.07060832162960441,0.2932734064413407,0.41760146952155225,14.83092056943852,3.698053404585988,52,15
Jamaica,JAM,2012,0.17306030613955728,-0.09153061916490066,1.0199932448291043,-0.15371666277275856,-0.1688726534667502,-0.2594302847104062,-0.3041468079301999,-0.7353465610613017,0.0023200212374607228,1.1376896013079765,0.07763796992567584,1.2343777914531946,0.07060832162960441,0.3386671099454806,0.41760146952155225,14.835235110611123,3.736814733761066,52,16
Jamaica,JAM,2013,0.17469974905989943,-0.09153061916490066,0.7977174448305289,-0.15371666277275856,0.004853590199023201,-0.25936221095618456,-0.3368687471599498,-0.7265951335048443,0.0023200212374607228,1.1376896013079765,0.885245806966087,1.2343777914531946,0.2061389163774616,0.7751431749092565,0.7056484674990585,14.839287225190734,3.7610055892713214,52,17
Jamaica,JAM,2014,0.17952870671308818,-0.09153061916490066,0.8328134454592654,-0.15371666277275856,0.06730439397020735,-0.2593013636509542,-0.375743111165818,-0.7044546713784231,0.0023200212374607228,1.1376896013079765,1.1544484193128908,1.021326561323618,0.2061389163774616,0.7751431749092565,0.7056484674990585,14.842895337344016,3.769560636531433,52,18
Jamaica,JAM,2015,0.18848936562722401,-0.09153061916490066,0.7960161557367991,-0.15371666277275856,0.404293940360424,-0.25924823866820235,-0.37980846042517286,-0.7983535927574451,0.0023200212374607228,1.1376896013079765,1.1544484193128908,1.2343777914531946,0.2061389163774616,0.7751431749092565,1.1377189644653156,14.846034922699708,3.814502277698845,52,19
Jamaica,JAM,2016,0.22559142330452361,-0.09153061916490066,0.8896634584173203,-0.15371666277275856,0.41222783768496146,-0.25920360400711057,-0.2746516961328007,-0.811055128257611,0.0023200212374607228,1.1376896013079765,1.1544484193128908,1.2343777914531946,0.2061389163774616,0.7751431749092565,0.7056484674990585,14.848665147624683,3.8155364004502004,52,20
Jamaica,JAM,2017,0.25735804246006333,-0.09153061916490066,0.7555184102898054,-0.15371666277275856,0.31128163711635637,-0.259168233714098,-0.2722152508875177,-0.7922486803848828,0.0023200212374607228,1.1376896013079765,0.885245806966087,1.021326561323618,0.34166951112531785,0.7576842999175816,0.7056484674990585,14.850744541073237,3.802298400314325,52,21
Jordan,JOR,1996,-0.14156320239493278,0.8283491950064338,0.7859895862533185,1.656650801730661,-0.6029654916012562,-0.24648867607780314,0.49011010840026303,-0.45435089997606964,0.60890624023874,1.1376896013079765,-0.46076725476793157,0.16912164080531122,0.612730700621032,-0.5150804146226747,3.1060401173116006,15.407296995713462,3.6736798440792757,53,0
Jordan,JOR,1997,-0.13495378874845904,0.38857594724414674,0.7859895862533185,1.3573392779957,0.2013550450972632,-0.2456797431446525,0.4650845465754105,-0.42558752339185085,0.60890624023874,1.1376896013079765,-0.5953685609413335,0.16912164080531122,0.612730700621032,-0.5150804146226747,2.361918705869712,15.434163085134244,3.7876805573638066,53,1
Jordan,JOR,1998,-0.12727441546569135,-0.17243105886797608,0.7859895862533185,1.0185130033520742,0.0216188572173151,-0.24496617514923616,0.44633146968053866,-0.43969793179948796,0.60890624023874,1.1376896013079765,-0.7299698671147353,0.16912164080531122,0.612730700621032,-0.5150804146226747,1.857836459409078,15.457277219201139,3.763309435639692,53,2
Jordan,JOR,1999,-0.11328292062626226,0.099574307678215,0.8233486139826596,0.8856460408758154,-0.3131202227266534,-0.24428791697445593,0.43644854110797116,-0.46648649679247695,0.60890624023874,0.5431056263060834,-0.32616594859452974,0.16912164080531122,0.612730700621032,-0.5150804146226747,1.3777581294465697,15.478763133462722,3.716274255947019,53,3
Jordan,JOR,2000,-0.08824837201614039,-0.17895157797760294,0.7685006293437041,1.0555282398086425,1.1841370962431923,-0.24361969116693638,0.4352359202527193,-0.4489891123792112,0.60890624023874,-0.051478348695809785,0.07763796992567584,0.16912164080531122,0.612730700621032,-0.5150804146226747,1.2817424634540677,15.499489177480259,3.911355955038531,53,4
Jordan,JOR,2001,-0.05032000611395697,-0.3846288236852938,0.7685006293437041,1.0252715921290139,-0.12541291034343544,-0.2429427089593002,0.4464871500989423,-0.44695324673241776,0.3056131307381003,0.5431056263060834,-0.5953685609413335,0.16912164080531122,0.4094348084992469,-0.5150804146226747,1.2817424634540677,15.520057720926856,3.7429214787181877,53,5
Jordan,JOR,2002,-0.0055772468997575195,-0.4418913137579278,0.7337758902594363,1.1631072584335989,-0.22051405067085927,-0.24223414202942012,0.4739541430563896,-0.33706020463987935,0.0023200212374607228,1.1376896013079765,-1.2683750918083427,0.16912164080531122,0.2061389163774616,-0.5150804146226747,1.2817424634540677,15.54114215481605,3.7295095240208074,53,6
Jordan,JOR,2003,0.018784443249162015,-0.2385567668612301,0.7383985403054788,1.2114742769005487,0.26619613834775485,-0.24147362932812988,0.7467027447029086,-0.31592413877879083,0.0023200212374607228,1.1376896013079765,-1.2683750918083427,-0.04392958932426608,0.2061389163774616,-0.5150804146226747,1.2817424634540677,15.563288358655432,3.796328835412612,53,7
Jordan,JOR,2004,0.09770768829811712,0.2665219380044355,0.734658961523839,1.7599537299507149,0.7471217903297535,-0.24062560705081212,1.0975888444612174,-0.1695362542640318,0.0023200212374607228,-0.051478348695809785,-0.46076725476793157,-0.04392958932426608,0.34166951112531785,-0.5150804146226747,1.2817424634540677,15.587417938672964,3.8582397914697135,53,8
Jordan,JOR,2005,0.1746582429194823,0.9753589814649272,0.7611961512918819,2.116252954004968,2.0243659928009174,-0.23973348226931576,1.0706120798656669,-0.15907037769524793,0.0023200212374607228,-0.051478348695809785,-0.7299698671147353,-0.04392958932426608,0.4772001058731751,0.13963394470873283,1.2817424634540677,15.612189241327647,4.006174320836763,53,9
Jordan,JOR,2006,0.19536818900689215,0.34734662090398194,0.8474488587309167,1.9665825705414888,3.3386745368691755,-0.23732798788810336,1.0184767763846316,-0.16505294715388322,0.0023200212374607228,-0.051478348695809785,-0.7299698671147353,-0.04392958932426608,0.4772001058731751,0.16931450358891867,1.2817424634540677,15.676076303493703,4.138520040753473,53,10
Jordan,JOR,2007,0.2229137787983227,0.5938453519658479,0.8815249066547604,2.089730622147996,1.9501736797693934,-0.23490996363048094,0.9845563631264229,0.05911152525917826,0.0023200212374607228,-0.051478348695809785,0.07763796992567584,-0.04392958932426608,0.4772001058731751,0.16931450358891867,1.2817424634540677,15.736429292649554,3.9981544528037363,53,11
Jordan,JOR,2008,0.29493959168228456,1.083290519215166,0.9080253363357426,1.942385515137843,1.4683988173159503,-0.23392644694638604,0.9644390084245753,0.23384278368758085,0.0023200212374607228,-0.051478348695809785,0.07763796992567584,-0.04392958932426608,0.4772001058731751,0.1710602339566404,1.2817424634540677,15.759972086847286,3.944450712482842,53,12
Jordan,JOR,2009,0.33947517485302287,0.9886525661139064,0.9080253363357426,1.1083932242916479,1.0218569433864322,-0.23300795016149975,0.9181677750452435,0.07698729372748418,0.0023200212374607228,-0.051478348695809785,0.07763796992567584,-0.04392958932426608,0.4772001058731751,0.1710602339566404,1.2817424634540677,15.781468962410022,3.8919597165319897,53,13
Jordan,JOR,2010,0.3417303394539586,1.0028115316088584,0.8688189069377806,1.1684375580226702,0.4112177789742514,-0.23206887462689182,0.8533756849781883,-0.04716645952888223,0.0023200212374607228,-0.051478348695809785,0.07763796992567584,-0.04392958932426608,0.4772001058731751,0.13788821434101106,1.2817424634540677,15.802979892604869,3.815404806424518,53,14
Jordan,JOR,2011,0.34532188761934757,0.7107030464546924,0.8771004294089011,1.2982589957408985,0.210170970504932,-0.2309599261394687,0.7818303166702655,-0.003258453640300631,0.0023200212374607228,-0.051478348695809785,-0.1915646424211279,-0.04392958932426608,0.612730700621032,0.1640767887142674,1.2817424634540677,15.827800166518387,3.7888607970515022,53,15
Jordan,JOR,2012,0.3616035564281328,0.21031589766297193,0.8640121800647926,1.2737825228900543,0.186745683850542,-0.23031466774054238,0.7242214324844443,-0.08535002409815956,0.0023200212374607228,-0.051478348695809785,-0.1915646424211279,0.16912164080531122,0.4772001058731751,-0.2950963898873219,1.0897111314690657,15.841963685141389,3.7857216443576913,53,16
Jordan,JOR,2013,0.31860349991223064,-0.028749387998527824,0.8665855378556258,1.0880814060294195,0.3143893647548147,-0.22786745951402296,0.6526554012995386,-0.09925373753500563,0.60890624023874,1.1376896013079765,-0.1915646424211279,0.3821728709348875,0.612730700621032,-0.2950963898873219,0.9936954654765636,15.893927825254153,3.802708570462739,53,17
Jordan,JOR,2014,0.221053234675366,-0.04350158090489978,0.9233720946238104,1.0442163790760102,0.35873319259223074,-0.22303026807086235,0.5621536690157825,-0.11022273980009502,0.60890624023874,1.1376896013079765,-0.1915646424211279,0.3821728709348875,0.612730700621032,-0.2950963898873219,1.0176993819746887,15.98931990373371,3.808542990213421,53,18
Jordan,JOR,2015,0.1359596009681373,-0.09201713473621823,0.9233720946238104,0.6214083004061083,0.06034641022164148,-0.21847658322319075,0.4649090931164334,-0.13318076773415183,0.60890624023874,1.1376896013079765,-0.1915646424211279,0.3821728709348875,0.612730700621032,-0.27763751489564725,1.2817424634540677,16.07149972768061,3.7686110870827103,53,19
Jordan,JOR,2016,0.0969931289532751,-0.3093707816961363,0.9233720946238104,0.42894688370181405,0.01734270940242766,-0.21568494852910014,0.38379262047162743,-0.18005458116525028,0.60890624023874,1.1376896013079765,0.07763796992567584,0.5952241010644648,0.612730700621032,-0.2601781161324842,1.2817424634540677,16.118732248287237,3.7627223208027267,53,20
Jordan,JOR,2017,0.09967892671189264,-0.29628467704889067,0.923572267306962,0.45825985690320387,0.18392799910297142,-0.21430703100549767,0.3286112402686928,-0.19297658784623845,0.60890624023874,1.1376896013079765,0.07763796992567584,0.8082753311940414,0.612730700621032,-0.27589126075643805,1.209730713959693,16.14124824906659,3.7853433900356697,53,21
Kazakhstan,KAZ,1996,0.32731546009603396,-0.6507985931526095,0.8655677121699726,-0.07697504672357013,0.27303650664084617,-0.17692421125590158,-0.17447352015552933,-0.10365385100900312,-1.2108524167650978,-1.240646298699596,-1.8067803165019503,-0.2569802229106366,-1.5557588153446769,-1.82450913328549,1.2817424634540677,16.6137687326042,3.7972368336806874,54,0
Kazakhstan,KAZ,1997,0.39348513665839435,-0.76891199866494,0.8655677121699726,-0.045484519233346746,0.367077195321874,-0.17917847631797254,-0.19701627383986764,-0.10210515524833468,-1.2108524167650978,-1.240646298699596,-1.4029763979817447,-0.4700314530402139,-1.4879935179707482,-1.82450913328549,1.2817424634540677,16.590798882995173,3.809637034811633,54,1
Kazakhstan,KAZ,1998,0.40330236016029875,-0.8336973440726688,0.8198906782740775,-0.25297162660426453,0.23862590251480736,-0.18156995320231317,-0.22910368493977568,0.20636249720330213,-1.2108524167650978,-1.240646298699596,-0.999172479461539,-0.6830826831697902,-1.4202282205968195,-1.82450913328549,1.2817424634540677,16.5658399952941,3.7926607497334044,54,2
Kazakhstan,KAZ,1999,0.47106157695455525,-0.7777351082566553,0.9479166641979283,0.25085738714218037,0.9495949708138686,-0.18273048462688746,-0.2411087909802851,0.5101539907505601,-1.2108524167650978,-1.240646298699596,-0.5953685609413335,-0.6830826831697902,-1.4202282205968195,-1.82450913328549,1.2817424634540677,16.553499747927614,3.8832001767539666,54,3
Kazakhstan,KAZ,2000,0.6390699250255026,-0.6395916815577006,0.9308503100937192,0.9212931025096776,0.625938058658353,-0.18245697411523326,-0.22413904022229555,0.9102004032979261,-1.2108524167650978,-1.240646298699596,-0.1915646424211279,-0.6830826831697902,-1.4202282205968195,-1.82450913328549,1.0897111314690657,16.556421805159488,3.8429969762395477,54,4
Kazakhstan,KAZ,2001,0.890486651256283,0.13847325380166103,0.9308503100937192,0.5486583412382419,1.5090070941279756,-0.18200677541393276,-0.18963575828466928,0.7742774621591715,-1.2108524167650978,-1.240646298699596,-0.05696333624772602,-1.0026595283641557,-1.2846976258489626,-1.4971519536197861,0.6576406345028081,16.561212999219094,3.9490903163251727,54,5
Kazakhstan,KAZ,2002,1.092806964201846,0.17379778419683672,0.9308503100937192,0.5829511703111486,1.1355600267532617,-0.18151618116513285,-0.19645178836818117,0.746752002136501,-1.2108524167650978,-1.240646298699596,0.07763796992567584,-1.3222363735585203,-1.149167031101106,-1.1697947739540824,0.41760146952155225,16.566408093201105,3.905589219751521,54,6
Kazakhstan,KAZ,2003,1.3003822087855685,0.05483287326321761,0.9308503100937192,0.5084755898832874,0.7208272566659577,-0.18096767856860027,-0.10431071162554685,0.6855562094666551,-1.2108524167650978,-1.240646298699596,0.07763796992567584,-1.3222363735585203,-1.149167031101106,-1.1697947739540824,0.41760146952155225,16.57218462369463,3.8549520752181543,54,7
Kazakhstan,KAZ,2004,1.531649155875188,0.3026135660043844,0.9308503100937192,0.6518929098000298,1.5592839043194648,-0.18034614953021103,-0.043476776410342914,0.7085629620884184,-1.2108524167650978,-1.240646298699596,0.07763796992567584,-1.3222363735585203,-1.149167031101106,-1.1697947739540824,0.41760146952155225,16.578690152873836,3.954804911465379,54,8
Kazakhstan,KAZ,2005,1.7834834118012124,0.6522276494545084,0.9308503100937192,0.6911351952972951,0.11274348211614296,-0.17963282947153833,0.037472221289689855,0.8979048227278651,-1.2108524167650978,-1.240646298699596,0.07763796992567584,-1.3222363735585203,-1.149167031101106,-1.1697947739540824,0.41760146952155225,16.586104667285635,3.775739593537986,54,9
Kazakhstan,KAZ,2006,2.0847958875524237,0.9232815020512476,1.2701743820204217,0.5081912521185245,0.9477824898827872,-0.1788128300934889,0.09667095281167482,1.0416834943309314,-1.2108524167650978,-1.240646298699596,0.6160431946192833,-0.8961339132993669,-0.878105841605393,-0.7560152988566329,0.41760146952155225,16.59456067287363,3.882979479797569,54,10
Kazakhstan,KAZ,2007,2.351337956709603,0.9013304169753419,1.2701743820204217,0.5287244977655573,1.289811443180384,-0.17788459120874908,0.16182691596346396,0.906462755391708,-1.2108524167650978,-1.240646298699596,0.6160431946192833,-0.8961339132993669,-0.878105841605393,-0.7560152988566329,0.41760146952155225,16.604047368201186,3.9237871947940195,54,11
Kazakhstan,KAZ,2008,2.432983092473844,0.5159123150627939,1.2701743820204217,0.5905809386594263,1.4901451573924498,-0.17686072735505598,0.16217270086784674,1.1160326720039437,-1.2108524167650978,-1.240646298699596,0.6160431946192833,-0.8961339132993669,-0.878105841605393,-0.7856958577368192,0.41760146952155225,16.614408025173073,3.9469379666567295,54,12
Kazakhstan,KAZ,2009,2.4338362890822336,0.6312512384031607,1.2701743820204217,0.05329562948256385,1.4523835970409027,-0.17569166932539573,0.12349874503037105,0.9647402119798508,-1.2108524167650978,-1.240646298699596,0.34684058227247955,-0.8961339132993669,-0.878105841605393,-0.7856958577368192,0.41760146952155225,16.62610814157303,3.9426149956869927,54,13
Kazakhstan,KAZ,2010,2.6548524896129284,0.21088492339429343,1.273089446880662,0.006093607026725277,0.210669320754886,-0.17437963645598578,0.13392240904831387,1.1453281906059503,-1.2108524167650978,-1.240646298699596,0.34684058227247955,-0.8961339132993669,-0.878105841605393,-0.8118844321100759,0.41760146952155225,16.639078178299272,3.7889274725465545,54,14
Kazakhstan,KAZ,2011,2.8905429552177453,-0.1364672462885545,1.2843671215433534,-0.02349560222363991,0.5669392945444189,-0.17299365796459637,0.1676337814196931,0.8677979662198771,-1.2108524167650978,-1.240646298699596,0.34684058227247955,-0.8961339132993669,-0.878105841605393,-0.8223598618593784,0.2735779705328008,16.65259891386677,3.835491006685963,54,15
Kazakhstan,KAZ,2012,3.0308007213596277,0.025940214136750857,1.2909954479656978,-0.005926786339432793,0.46856248122841365,-0.17154169201597444,0.22448046574211752,0.7876720675941715,-1.2108524167650978,-1.240646298699596,0.34684058227247955,-0.8961339132993669,-0.878105841605393,-0.8729907564666819,0.1295544715440488,16.666570002956473,3.822848595034794,54,16
Kazakhstan,KAZ,2013,3.2252316032577886,-0.08580972736603588,1.2414370864190867,-0.24707278340378247,0.07446307320687039,-0.17002748789746272,0.2845530228800241,0.571057316702344,-1.2108524167650978,-1.240646298699596,0.34684058227247955,-0.6830826831697902,-0.4715140573618222,-0.8537861511072861,0.1295544715440488,16.680934980553214,3.7705366345833697,54,17
Kazakhstan,KAZ,2014,3.346570136339096,-0.1254000668685896,1.2730401643696905,-0.2597033190700755,-0.08278537633897236,-0.1684565183591341,0.311608389754902,0.5303478248371388,-1.2108524167650978,-0.051478348695809785,0.34684058227247955,-0.4700314530402132,-0.4715140573618222,-0.8345810219764017,0.1295544715440488,16.695623540776573,3.74887527481612,54,18
Kazakhstan,KAZ,2015,3.3326688122069417,0.03544894116881908,1.2617978220002217,-0.6054192584610084,-0.037686523987912696,-0.166836560148606,0.38462723396309184,0.3344791470548818,-1.2108524167650978,-0.051478348695809785,0.34684058227247955,0.3821728709348875,-0.06492227311825187,-0.4173095623720222,0.1295544715440488,16.71054752792754,3.7551358876178895,54,19
Kazakhstan,KAZ,2016,3.31235394228079,0.015760780921227353,1.2195656030571487,-0.3948439323593825,1.48045583656046,-0.1651467744849379,0.3433101215762407,0.42806160120341746,-1.2108524167650978,-0.051478348695809785,0.34684058227247955,0.3821728709348875,-0.06492227311825187,-0.4173095623720222,0.1295544715440488,16.72588105682268,3.945830507290423,54,20
Kazakhstan,KAZ,2017,3.427268135976619,-0.10821469404300021,1.199998224994748,-0.4959349389366923,-0.158626797229321,-0.1634031684061882,0.2884528417478204,0.45679632494818084,-1.2108524167650978,-0.051478348695809785,0.34684058227247955,0.8082753311940414,-0.06492227311825187,-0.4173095623720222,0.1295544715440488,16.741460291182065,3.738257793230022,54,21
Kenya,KEN,1996,-0.7100555870991336,-0.7984528738289528,-0.8350259153700819,-0.4818212413762528,-0.48830061690664794,-0.11083888552923711,-1.003375926183869,-0.868591577495578,-1.2108524167650978,-0.051478348695809785,-0.7299698671147353,-0.4700314530402132,-1.5557588153446769,-1.82450913328549,2.1458834573865833,17.124015437379427,3.6907480282086893,55,0
Kenya,KEN,1997,-0.7232608388272281,-0.8738238582151179,-0.8350259153700819,-0.5762076183943177,-0.5607832737177194,-0.10625775831711158,-1.03263982133577,-0.9073279810335373,-1.2108524167650978,-0.646062323697703,-0.7299698671147353,-0.4700314530402132,-1.5557588153446769,-1.82450913328549,1.5937933779297,17.151343086059125,3.679992707129555,55,1
Kenya,KEN,1998,-0.7204933709858873,-0.8389614745965396,-0.8350259153700819,-0.725830604795597,-0.6089834536070055,-0.10150288187283747,-1.0428015293736093,-0.9392889958161593,-1.2108524167650978,-1.240646298699596,-0.7299698671147353,-0.4700314530402132,-1.5557588153446769,-1.82450913328549,-0.3505238584184605,17.1789388496915,3.672775956949562,55,2
Kenya,KEN,1999,-0.7239968184999563,-0.8491275245430232,-0.8350259153700819,-0.746272817480717,-0.5727176084814077,-0.0963908434785021,-1.0632083474289151,-0.9914338970973692,-0.9075593072644581,-1.240646298699596,-0.8645711732881372,-0.5765570681050022,-1.3524629232228915,-1.82450913328549,-0.4465395244109626,17.20778185372194,3.6782106895818494,55,3
Kenya,KEN,2000,-0.7377706543776308,-0.713545696531187,-0.8122194598514529,-0.5978997794145905,-0.49324820694546906,-0.09089098968645959,-1.0997596398818574,-0.9830694387019787,-0.6042661977638185,-1.240646298699596,-0.999172479461539,-0.6830826831697902,-1.149167031101106,-1.82450913328549,-0.4465395244109626,17.23791125217153,3.6900175484276794,55,4
Kenya,KEN,2001,-0.7345274084922979,-0.5384829011457873,-0.7859937634527296,-0.5214106650177234,-0.6339270785477003,-0.08498719251389844,-1.1086206272649968,-0.95863258203389,-0.6042661977638185,-1.240646298699596,-0.5953685609413335,-0.7896082982345785,-1.149167031101106,-1.4971519536197861,-0.4465395244109626,17.269274171818104,3.6690207333509837,55,5
Kenya,KEN,2002,-0.7490771880217877,-0.6494694947338912,-0.7796428365314771,-0.5438594057765687,-0.6053151309323906,-0.078875624350172,-1.142804732365688,-0.9466592926855136,-0.6042661977638185,-1.240646298699596,-0.1915646424211279,-0.8961339132993669,-1.149167031101106,-1.1697947739540824,-0.590563023399714,17.30073681504333,3.6733270296706437,55,6
Kenya,KEN,2003,-0.7501528062021369,-0.8191836263147279,-0.7173279937568704,-0.574028491326021,-0.5481094694823058,-0.0726928378686461,-1.1567351933296601,-0.932552181625865,-0.6042661977638185,-1.240646298699596,0.07763796992567584,-0.8961339132993669,-1.149167031101106,-1.1697947739540824,0.3695936365253029,17.33158970399584,3.6818816707956996,55,7
Kenya,KEN,2004,-0.7397308470843569,-0.7680979171039404,-0.589199328341715,-0.4190449710722859,-0.5924433311217928,-0.06627531576327529,-1.1506561382353895,-0.8841450340642998,-0.6042661977638185,-1.240646298699596,0.07763796992567584,-0.8961339132993669,-1.149167031101106,-1.1697947739540824,-0.15849252643345632,17.3626379507293,3.675258293316124,55,8
Kenya,KEN,2005,-0.7245561710081064,-0.47204287451844634,-0.5839227356942429,-0.27400392577478305,-0.6216915298103447,-0.05972598201885593,-1.1366685033284432,-0.8169697540971278,-0.6042661977638185,-1.240646298699596,0.07763796992567584,-0.8961339132993669,-1.149167031101106,-1.1697947739540824,-0.8546061048790943,17.39336026219299,3.670864538137168,55,9
Kenya,KEN,2006,-0.7056570809112648,-0.38403208382704723,-0.5277880098122786,-0.5420089983365158,-0.6076555544468493,-0.05302852118820938,-1.118448301167637,-0.6197001333932132,-0.6042661977638185,-1.240646298699596,0.07763796992567584,-0.8961339132993669,-1.149167031101106,-0.5011130003664427,-1.0226335203659718,17.423830748095767,3.672975475289709,55,10
Kenya,KEN,2007,-0.6838001564712672,-0.31847338537917735,-0.45322335170938627,-0.5809147108807874,-0.25513570250529394,-0.04618098606081246,-1.0949920970594893,-0.6265160669291513,-0.6042661977638185,-1.240646298699596,0.07763796992567584,-0.8961339132993669,-1.149167031101106,-0.5011130003664427,-1.19066093585285,17.454052839407947,3.724581879765434,55,11
Kenya,KEN,2008,-0.7008347124891044,-0.45192330804043934,-0.22991922779771903,-0.4740937823654468,-0.5958083675272358,-0.03910570591629359,-1.1281243898191515,-0.6863584658297862,-0.6042661977638185,-1.240646298699596,0.07763796992567584,-0.8961339132993669,-1.149167031101106,-0.5517444187452336,-1.3106805183434769,17.484349332449824,3.6747537687633574,55,12
Kenya,KEN,2009,-0.6994381602934036,-0.5221100326309115,-0.20436599223977284,-0.8114323999712455,-0.5944147203655132,-0.0318336607531317,-1.1366695639695903,-0.7026747989907125,-0.6042661977638185,-1.240646298699596,0.07763796992567584,-0.8961339132993669,-1.149167031101106,-0.5517444187452336,-1.1666570193547243,17.514560417723047,3.6749627510869627,55,13
Kenya,KEN,2010,-0.6695395561411867,-0.2114120025878699,-0.20436599223977284,-0.6824201716906847,-0.5745267290377881,-0.0246394072550944,-1.098478577157358,-0.6870321709413165,-0.6042661977638185,-1.240646298699596,0.07763796992567584,-0.8961339132993669,-1.149167031101106,-0.5657118330014661,-0.6625747728940906,17.54357630156208,3.6779402769316567,55,14
Kenya,KEN,2011,-0.655202787682226,-0.2282076572738431,-0.20436599223977284,-0.4502113065631225,-0.11760077119024588,-0.01762525258873778,-1.0806212336155216,-0.5965088072067832,-0.6042661977638185,-1.240646298699596,0.07763796992567584,-0.8961339132993669,-1.149167031101106,-0.5657118330014661,-0.4465395244109626,17.571077675279675,3.744015257960678,55,15
Kenya,KEN,2012,-0.643078404216987,-0.12186574106801504,-0.20436599223977284,-0.6467706256243554,-0.2270669455730916,-0.010792829508227237,-1.0631241980662725,-0.6298946361317735,-0.6042661977638185,-1.240646298699596,0.07763796992567584,-0.8961339132993669,-1.149167031101106,-0.5657118330014661,-0.6385708563959646,17.597158418858097,3.728578722068797,55,16
Kenya,KEN,2013,-0.634763670534032,-0.21884673540709404,-0.20436599223977284,-0.7673722715899572,-0.33410480354179667,-0.004150011516982562,-1.0493598422259023,-0.6449753833473043,-0.6042661977638185,-1.240646298699596,0.34684058227247955,-0.8961339132993669,-1.149167031101106,-0.49238382475634856,-0.7345865223884667,17.621879493540668,3.713250639604713,55,17
Kenya,KEN,2014,-0.6174871676086408,0.15717835987652062,-0.20436599223977284,-0.8048993555279838,-0.43757065466517375,0.002288173999436963,-1.0200697182262122,-0.6486543130380613,0.0023200212374607228,-1.240646298699596,0.34684058227247955,-0.2569802229106366,-0.4715140573618222,-0.05590723602108517,-0.7345865223884667,17.645269612249837,3.6982073551225323,55,18
Kenya,KEN,2015,-0.5993272018857223,-0.06046808600230541,0.3330419317515051,-0.974334232176389,-0.49140472935675733,0.00855967950452029,-0.9908356825104468,-0.6604653944657186,-0.6042661977638185,-1.240646298699596,0.07763796992567584,-0.2569802229106366,-0.4715140573618222,-0.020989486037734956,-0.7345865223884667,17.66753994120384,3.6902897883857264,55,19
Kenya,KEN,2016,-0.5857243377282225,-0.3879998822491268,0.40168427526841416,-1.13272864958275,-0.5347225339735235,0.014916299879521878,-0.966208918121714,-0.7213467686338878,-0.6042661977638185,-1.240646298699596,0.07763796992567584,-0.2569802229106366,-0.4715140573618222,-0.020989486037734956,-0.6625747728940906,17.689617509201398,3.683873055499605,55,20
Kenya,KEN,2017,-0.5742419549952259,-0.3268466570122635,0.40168427526841416,-1.099960470481284,-0.36341070222703714,0.021314755044583467,-0.9420632598417957,-0.7761360381640917,-0.6042661977638185,-1.240646298699596,0.07763796992567584,-0.2569802229106366,-0.4715140573618222,-0.05939922052801556,-0.44653952441096145,17.71135879425369,3.70901266740046,55,21
Kyrgyz Republic,KGZ,1996,-0.8304632261939219,-0.02191203899332938,0.4082061715100828,0.3876272018223707,-0.20382229632621968,-0.24820656325482904,0.32005514455592543,-0.8156669956629208,0.60890624023874,1.1376896013079765,-0.1915646424211279,0.09810496179092285,0.27390421375139,-0.5150804146226747,0.12955447154404823,15.347730220186827,3.731876587251205,56,0
Kyrgyz Republic,KGZ,1997,-0.7912742512029448,-1.2375713892737121,0.4082061715100828,0.30589396858967216,0.16079442235250693,-0.2477954538976956,0.1325796863626041,-0.48035390269955025,0.60890624023874,1.1376896013079765,-0.1915646424211279,0.09810496179092285,0.27390421375139,-0.5150804146226747,0.12955447154404823,15.362311500166367,3.7822324489967407,56,1
Kyrgyz Republic,KGZ,1998,-0.7883809874978323,-1.17772835553593,0.4082061715100828,0.5968005887343273,0.4811572530040293,-0.24735646072775982,0.06784693673874226,-0.5051400981514199,0.60890624023874,1.1376896013079765,-0.1915646424211279,0.09810496179092285,0.27390421375139,-0.5150804146226747,0.12955447154404823,15.377650552275782,3.824476099467448,56,2
Kyrgyz Republic,KGZ,1999,-0.7774741694178577,-0.8333918529759908,0.6467929561285273,0.7328041249716162,-0.03966135181745199,-0.2469246456289141,-0.1908311689002476,-0.3085149836769088,0.60890624023874,1.1376896013079765,-0.1915646424211279,0.09810496179092285,0.27390421375139,-0.5150804146226747,0.12955447154404823,15.392512671568161,3.754862561471412,56,3
Kyrgyz Republic,KGZ,2000,-0.7554960545338213,-0.5536398192868902,0.690208553690983,0.44954123940668583,-0.6699639108409793,-0.24657426867949572,-0.3943377914852282,0.19679539235519591,0.60890624023874,1.1376896013079765,-0.1915646424211279,0.09810496179092285,0.27390421375139,-0.5150804146226747,0.12955447154404823,15.404411625630502,3.6635704194285945,56,4
Kyrgyz Republic,KGZ,2001,-0.7318826854406232,-0.7027805305253265,0.7321435212805494,-0.005254629965829614,-0.5853268999417125,-0.2462917961616448,-0.4230857805224701,-0.00011246498288207259,0.60890624023874,1.1376896013079765,-0.32616594859452974,0.09810496179092285,0.44331745718621096,-0.5150804146226747,0.12955447154404823,15.4139024875377,3.67632443202469,56,5
Kyrgyz Republic,KGZ,2002,-0.7371862463993331,-0.7682680030642858,0.7012363034181591,0.26076225328517094,-0.5917409342803842,-0.24601585466045545,-0.17939229457293152,-0.4591881659016023,0.60890624023874,1.1376896013079765,-0.46076725476793157,0.09810496179092285,0.612730700621032,-0.5150804146226747,0.12955447154404823,15.42308774031339,3.67536357254036,56,6
Kyrgyz Republic,KGZ,2003,-0.703828080690815,-1.0870359342884377,0.8880568700950071,0.2901091875240958,-0.2395643118351422,-0.24569774577113537,0.2328228417005335,-0.5482314653748765,0.60890624023874,1.1376896013079765,-0.7299698671147353,0.09810496179092285,0.612730700621032,-0.187723234956971,0.12955447154404823,15.4335729722335,3.7268011359172712,56,7
Kyrgyz Republic,KGZ,2004,-0.6695398781058717,-0.9740703318666678,0.840117847082414,0.5766890792617481,0.7005560283868575,-0.2453264151432611,0.5636782548018628,-0.4279386596662448,0.5537622149727961,0.9695246048261407,-0.5097130276585582,0.103126065953683,0.5853508098700698,-0.07860434965889887,0.12955447154404823,15.445674984505162,3.8524100789743576,56,8
Kyrgyz Republic,KGZ,2005,-0.6777242172994303,-0.7988150455387931,0.7989147645345183,0.6134656907125785,-0.3483152132589098,-0.24497611680793213,0.5623260534581684,-0.5711749114733783,0.10275322942096535,0.06467577132311993,0.40666343287445583,-0.43756160635148406,-0.5583701943119341,0.040434767611762755,0.12955447154404823,15.456958828227117,3.7111978927613283,56,9
Kyrgyz Republic,KGZ,2006,-0.6652428600760348,0.053831794273044284,0.8039287851315424,1.3577124423029099,0.44502685312266055,-0.2446390861120064,0.8129884999450893,-0.7718972289229401,-1.2108524167650978,-1.240646298699596,-0.999172479461539,-0.8961339132993669,-1.5557588153446769,-0.23922725663387917,0.12955447154404823,15.467696417081536,3.8198001883042814,56,10
Kyrgyz Republic,KGZ,2007,-0.6174629994330144,0.2465223671371078,0.7817530553172518,1.8306139094337424,0.2836342085548825,-0.24433665166267413,0.9017215584689126,-0.8444476566750532,-1.2108524167650978,-1.240646298699596,-0.999172479461539,-0.8961339132993669,-1.6912894100925329,-0.23922725663387917,0.12955447154404823,15.477234611750221,3.798641958566547,56,11
Kyrgyz Republic,KGZ,2008,-0.5670300828507671,0.5084028895590228,0.7817530553172518,2.0929735743183255,0.5992364951127559,-0.24403220953044216,0.929650518347601,-0.5327887851094606,-1.2108524167650978,-1.240646298699596,-0.1915646424211279,-0.8961339132993669,-1.6912894100925329,-0.24446497150853044,0.12955447154404823,15.48674511101473,3.8396069143212053,56,12
Kyrgyz Republic,KGZ,2009,-0.5557776574645464,0.6821925345139526,0.8454032842621115,1.7239256490398909,0.04185708248802957,-0.24360337571975774,0.9357327746099222,-0.26603230911877845,-1.2108524167650978,-1.240646298699596,0.07763796992567584,-0.8961339132993669,-1.6912894100925329,-0.24446497150853044,0.12955447154404823,15.499989892466422,3.7660834759874953,56,13
Kyrgyz Republic,KGZ,2010,-0.5697994647592126,0.627973255834353,0.8834678361703713,1.7196832510004916,1.0263785461252075,-0.24313522276987554,0.9331756498711988,-0.04729579816443098,-1.2108524167650978,-1.240646298699596,-0.46076725476793157,-0.8961339132993669,-1.6912894100925329,-0.6355478567396543,0.12955447154404823,15.514251552757464,3.8925052792514787,56,14
Kyrgyz Republic,KGZ,2011,-0.5373446921964199,0.1337014419263115,0.8745300663579202,1.805138313528898,1.2298947665435873,-0.24265429805407734,0.8622620581790598,0.05117882890311039,-1.2108524167650978,-1.240646298699596,-0.46076725476793157,-0.8961339132993669,-1.6912894100925329,-0.630310141865003,0.12955447154404823,15.528693521896344,3.9167577422126456,56,15
Kyrgyz Republic,KGZ,2012,-0.5522628204313457,1.068034652739158,0.8660158404179216,1.90651606876354,0.02706729767205324,-0.24201638100165765,0.9617067995650913,-0.38070999298064734,-1.2108524167650978,-1.240646298699596,-0.1915646424211279,-0.8961339132993669,-1.6912894100925329,-0.5692032937369091,0.12955447154404823,15.547533646189864,3.764057007125478,56,16
Kyrgyz Republic,KGZ,2013,-0.48849289631260306,0.8457533239653878,0.8818459991721386,1.7427053106873132,0.7698666771054593,-0.24126002879987035,0.787075035126805,-0.16555701621453037,-1.2108524167650978,-1.240646298699596,-0.1915646424211279,-0.8961339132993669,-1.5557588153446769,-0.1327272287731327,0.12955447154404823,15.569421212555786,3.8610749876252513,56,17
Kyrgyz Republic,KGZ,2014,-0.47421127156645837,1.2014625890161525,0.9431559751901524,1.4846108690881137,0.1357201930209666,-0.24048176140884087,0.778401056856284,-0.24502833670352062,-1.2108524167650978,-1.240646298699596,-0.1915646424211279,-0.8961339132993669,-1.4202282205968195,-0.03670263066168875,0.12955447154404823,15.591453773739381,3.7788495683792402,56,18
Kyrgyz Republic,KGZ,2015,-0.4612427029236915,1.2132295275046097,0.9265915701974548,1.0738739159207777,2.2555867522637403,-0.239670294683115,0.819238181826689,-0.14605301635936824,-1.2108524167650978,-1.240646298699596,-0.1915646424211279,-1.1091851434289437,-1.4202282205968195,-0.020989486037734956,0.12955447154404823,15.613920695720049,4.0307635202056025,56,19
Kyrgyz Republic,KGZ,2016,-0.4440238370927952,1.1169735848196547,0.981922371613142,0.9248853412273567,0.8958143632401029,-0.2388520913346475,0.96021176604767,-0.023908547437962863,-1.2108524167650978,-1.240646298699596,-0.1915646424211279,-0.04392958932426608,-1.2846976258489626,-0.09082550977592316,0.12955447154404823,15.636074337756856,3.8766307658392947,56,20
Kyrgyz Republic,KGZ,2017,-0.4220927939596812,1.0770544523630758,0.9613545243900573,0.7739211295870778,-0.8761530333742286,-0.23805773829147003,0.957791939770768,0.03945030619513273,-1.2108524167650978,-1.240646298699596,0.07763796992567584,0.16912164080531122,-0.7425752468575356,-0.05939922052801556,0.12955447154404823,15.657122642633489,3.6318013109204896,56,21
Cambodia,KHM,1996,-1.0548036700829637,-1.2028738770849978,-1.683154713178304,-0.13821775575212433,0.7747366326047482,-0.2108779811797123,-1.734758010998218,-0.9853395539736535,-0.6042661977638185,-1.240646298699596,-1.2683750918083427,0.3821728709348875,-1.2846976258489626,-1.82450913328549,0.12955447154404823,16.195174370355275,3.8616809940325343,57,0
Cambodia,KHM,1997,-1.0619801152096966,-1.1126549708640079,-1.683154713178304,0.14517614207723278,0.35934064365624097,-0.20622334979395576,-1.3755584400846954,-0.8691170080247986,-0.6042661977638185,-1.240646298699596,-1.2683750918083427,0.3821728709348875,-1.2846976258489626,-1.82450913328549,0.12955447154404823,16.26401105666718,3.8086226780748884,57,1
Cambodia,KHM,1998,-1.0608982886728944,-1.238035301857488,-1.683154713178304,0.049044770374768086,-0.013009203291842263,-0.20327719003620465,-1.8333339212678461,-0.8422198331159099,-0.6042661977638185,-1.240646298699596,-1.2683750918083427,0.3821728709348875,-1.2846976258489626,-1.82450913328549,0.12955447154404823,16.305253328181145,3.758545068854146,57,2
Cambodia,KHM,1999,-1.034944808443543,-0.8021087764390639,-1.695403837527507,0.5871616640018692,-0.14943566147904383,-0.20202203748412692,-1.4704865094582196,-0.7315229278806498,-0.6042661977638185,-1.240646298699596,-1.2683750918083427,0.3821728709348875,-1.2846976258489626,-1.82450913328549,0.12955447154404823,16.32231991591584,3.7395505329347034,57,3
Cambodia,KHM,2000,-1.01295259660575,-0.509607383907382,-1.6394077911469254,1.0575064633476925,-0.09936379964659117,-0.20083312032602538,-1.2485021728264014,-0.431579706525882,-0.6042661977638185,-1.240646298699596,-1.2683750918083427,0.3821728709348875,-1.2846976258489626,-1.82450913328549,0.12955447154404823,16.338221613928983,3.7465639735391645,57,4
Cambodia,KHM,2001,-0.996445750436757,-0.6309286865612359,-1.5652097665439477,1.0973667594436822,-0.043434533065758084,-0.19964696675552968,-0.9137517968861265,-0.2969022545684873,-0.6042661977638185,-1.240646298699596,-1.2683750918083427,0.3821728709348875,-1.2846976258489626,-1.82450913328549,0.12955447154404823,16.353838299273043,3.754340126307098,57,5
Cambodia,KHM,2002,-0.9823071109262949,-0.20477463596337056,-1.430467394863371,1.2857867061404544,-0.14894058216281467,-0.1984571304173054,-0.9228430748771532,-0.12099431977032518,-0.6042661977638185,-1.240646298699596,-1.2683750918083427,0.3821728709348875,-1.2846976258489626,-1.82450913328549,0.12955447154404823,16.369262223864713,3.7396201187779754,57,6
Cambodia,KHM,2003,-0.9547833118410846,-0.1598076313123438,-1.2876134124674696,1.338138825983543,-0.3675225511082975,-0.1972735227338602,-0.8367044112852513,-0.04084064295580095,-0.6042661977638185,-1.240646298699596,-1.2683750918083427,0.3821728709348875,-1.2846976258489626,-1.82450913328549,0.12955447154404823,16.384372941849932,3.708416607068143,57,7
Cambodia,KHM,2004,-0.9275636768537608,-0.10215888202572677,-1.1739219257566453,1.6651284181993766,-0.26317100608471317,-0.19610179182515883,-0.7650344452582398,0.07040938912160105,-0.6042661977638185,-1.240646298699596,-0.999172479461539,0.5952241010644648,-1.2846976258489626,-1.82450913328549,0.12955447154404823,16.39911044643301,3.723434747783147,57,8
Cambodia,KHM,2005,-0.8839779100762714,-0.06565396624014215,-1.1739219257566453,1.7289367515458451,0.26641792947643383,-0.19492577947220155,-0.6192506160592518,0.04869652312362887,-0.6042661977638185,-1.240646298699596,-0.999172479461539,0.5952241010644648,-1.2846976258489626,-1.82450913328549,0.12955447154404823,16.41368659070569,3.796358289155699,57,9
Cambodia,KHM,2006,-0.8450969790170526,0.05945822412074213,-0.8780895281891233,1.92602542119189,0.33751830003228245,-0.1937173841616306,-0.5040454072715915,0.1860149422717235,-0.6042661977638185,-1.240646298699596,-0.999172479461539,0.3821728709348875,-1.2846976258489626,-0.9917124682159395,0.12955447154404823,16.428446020162344,3.805755944613156,57,10
Cambodia,KHM,2007,-0.8050403346727606,0.19078534962141153,-0.7841516132251138,1.7332300657108648,0.8069942674075021,-0.1924913551060734,-0.4086413549614509,0.1086546900769919,-0.6042661977638185,-1.240646298699596,-0.999172479461539,0.3821728709348875,-1.2846976258489626,-0.9917124682159395,0.12955447154404823,16.44320146239505,3.8656858161596523,57,11
Cambodia,KHM,2008,-0.7759760214795265,-0.08855325199010967,-0.6930786357231227,1.6373497625172444,0.49126213190273316,-0.19121110047051212,-0.2790973639220991,-0.0652367221263993,-0.6042661977638185,-1.240646298699596,-0.999172479461539,0.3821728709348875,-1.2846976258489626,-0.974253593224265,0.12955447154404823,16.45838060990745,3.8257799459908925,57,12
Cambodia,KHM,2009,-0.7631239498044445,0.32115686700500234,-0.6930786357231227,0.8223613886355053,0.6146033540124813,-0.1898605648389871,-0.28599526431159594,-0.10542137086324241,-0.6042661977638185,-1.240646298699596,-0.7299698671147353,0.16912164080531122,-1.2846976258489626,-0.974253593224265,0.12955447154404823,16.474147170608507,3.841559312370178,57,13
Cambodia,KHM,2010,-0.7445352475320542,-0.15807471531244133,-0.6930786357231227,1.0459444815776096,1.0786024368714493,-0.18850649157343705,-0.2384945073557195,-0.06862216662029139,-0.6042661977638185,-1.240646298699596,-0.7299698671147353,0.16912164080531122,-1.2846976258489626,-0.974253593224265,0.12955447154404823,16.489709344064973,3.898784976579859,57,14
Cambodia,KHM,2011,-0.7129700065964031,-0.14607771508531153,-0.6930786357231227,1.039916053134239,0.9820019561165584,-0.1871648635229699,-0.17079030848415522,-0.014403201131620472,-0.6042661977638185,-1.240646298699596,-0.46076725476793157,0.16912164080531122,-1.149167031101106,-0.974253593224265,0.12955447154404823,16.50489326726017,3.887138018285675,57,15
Cambodia,KHM,2012,-0.6773934704432822,0.13171813010284916,-0.6930786357231227,1.2414401427159267,1.2447471496288136,-0.18581934709869405,0.0038913612986482206,0.06464981465858584,-0.6042661977638185,-1.240646298699596,-0.7299698671147353,0.16912164080531122,-1.149167031101106,-0.9585404486003107,0.12955447154404823,16.519893108116538,3.918504842433474,57,16
Cambodia,KHM,2013,-0.6383594087076483,0.40172729670306856,-0.6930786357231227,1.4776912672544176,1.1248017255861633,-0.18445797481730092,0.21093441677496508,0.17670640071077115,-0.6042661977638185,-1.240646298699596,-0.46076725476793157,0.16912164080531122,-1.149167031101106,-1.0213930270961258,0.12955447154404823,16.534844128421636,3.9043075577326807,57,17
Cambodia,KHM,2014,-0.59586099326895,0.7917975863895064,-0.6930786357231227,1.4651457066482148,0.780902024608068,-0.1830878884664547,0.8200782316389109,0.2564693729146884,-0.6042661977638185,-1.240646298699596,-0.46076725476793157,0.3821728709348875,-1.149167031101106,-0.9899667378482188,0.12955447154404823,16.549668499971595,3.862447675276264,57,18
Cambodia,KHM,2015,-0.5559859348945201,0.7789814906843084,-0.6930786357231227,1.397137751472018,0.6340248777882682,-0.18171831613080872,0.9766969103966227,0.38514811252795106,-0.6042661977638185,-1.240646298699596,-0.46076725476793157,0.16912164080531122,-1.2846976258489626,-1.0790078907172898,0.12955447154404823,16.5642708753286,3.8440214250385405,57,19
Cambodia,KHM,2016,-0.5087139009326389,0.8399094634377685,-0.6930786357231227,1.4143900127993179,0.935462037097159,-0.18033016063386545,1.0910493137292387,0.517602646010008,-0.6042661977638185,-1.240646298699596,-0.1915646424211279,-0.04392958932426608,-1.4202282205968195,-1.0790078907172898,0.12955447154404823,16.578856951158446,3.881477986162325,57,20
Cambodia,KHM,2017,-0.45647031589508386,0.8724406685917404,-0.5231025455752106,1.3694700068316827,0.9649511238900383,-0.17899632747272864,1.0540400029766723,0.6209067100902113,-0.6042661977638185,-1.240646298699596,-0.1915646424211279,-0.04392958932426608,-1.149167031101106,-0.7542695684889116,0.12955447154404823,16.592674609901806,3.8850680686458587,57,21
Kiribati,KIR,1996,-0.9329347405697815,-0.8345208535232799,-0.7339939945820549,0.3698766961006888,-0.5290802270362819,-0.27569618687099046,-0.020669513802807814,-1.5436104975715808,1.8772227035072417,1.209760314085906,1.6004004217188306,0.38432519882121735,1.5984078519004223,0.8472544619889929,0.12955447154404823,11.322055474206314,3.6847111950584734,58,0
Kiribati,KIR,1997,-0.9353483077384942,-0.8345208535232799,-0.7339939945820549,0.5767023887843431,-0.5328811359426325,-0.27568697088081245,-0.020669513802807814,-1.516635384029404,1.8772227035072417,1.209760314085906,1.6004004217188306,0.38432519882121735,1.5984078519004223,0.8472544619889929,0.12955447154404823,11.34033243225392,3.684146664200138,58,1
Kiribati,KIR,1998,-0.9258308162959441,-0.8345208535232799,-0.6498200286076695,0.3214800862937703,-0.541573318069136,-0.2756778395519615,-0.020669513802807814,-1.3494654150738286,1.8772227035072417,1.209760314085906,1.6004004217188306,0.38432519882121735,1.5984078519004223,0.8472544619889929,0.12955447154404823,11.358117902776314,3.682854456860185,58,2
Kiribati,KIR,1999,-0.9466075394910475,-0.8345208535232799,-0.24467453327053737,0.7739114924254625,-0.5420799374516058,-0.27566895615985426,-0.020669513802807814,-1.239291481782576,1.8772227035072417,1.209760314085906,1.6004004217188306,0.38432519882121735,1.5984078519004223,0.8472544619889929,0.12955447154404823,11.375122103323024,3.6827790896946255,58,3
Kiribati,KIR,2000,-0.9290477384321025,-0.8345208535232799,-0.04630093456980317,0.5868611364632483,-0.4779190278310562,-0.2756599639174693,-0.020669513802807814,-1.265060113247922,1.8772227035072417,1.209760314085906,1.6004004217188306,0.38432519882121735,1.5984078519004223,0.8472544619889929,0.12955447154404823,11.392045137654366,3.6922790705863116,58,4
Kiribati,KIR,2001,-0.9476221525343028,-0.8345208535232799,0.4675985873632084,1.0687460826463326,-0.712036389875248,-0.2756495505742366,-0.020669513802807814,-1.2104667706563468,1.8772227035072417,1.209760314085906,1.6004004217188306,0.38432519882121735,1.5984078519004223,0.8472544619889929,0.12955447154404823,11.411291331053215,3.657169442196732,58,5
Kiribati,KIR,2002,-0.9500050297157586,-0.8345208535232799,0.659806303340349,1.4990897096512892,-0.5843277951492056,-0.27563788545281054,-0.020669513802807814,-1.2660644445000644,1.8772227035072417,1.209760314085906,1.6004004217188306,0.38432519882121735,1.5984078519004223,0.8472544619889929,0.12955447154404823,11.432420150310579,3.6764740206352764,58,6
Kiribati,KIR,2003,-0.9625538900109243,-0.8345208535232799,0.8846381819981747,0.8699466017891239,-0.5228284300919324,-0.27562632918166213,-0.020669513802807814,-1.3848638138597151,1.8772227035072417,1.209760314085906,1.6004004217188306,0.38432519882121735,1.5984078519004223,0.8472544619889929,0.12955447154404823,11.4529206510332,3.685639051978617,58,7
Kiribati,KIR,2004,-0.9713080740343697,-0.8345208535232799,0.8793508100770534,0.7954446366911901,-0.32348565542470803,-0.2756147789577514,-0.020669513802807814,-1.48739242379352,1.8772227035072417,1.209760314085906,1.6004004217188306,0.38432519882121735,1.5984078519004223,0.8472544619889929,0.12955447154404823,11.472998902764106,3.7147818689899963,58,8
Kiribati,KIR,2005,-0.9736914388956492,-0.8345208535232799,0.8137426228107516,1.4401893811839688,-0.25397959448773333,-0.27560298684433465,-0.020669513802807814,-1.5317273800531703,1.8220786782412985,1.1376896013079765,2.2312588687001056,0.09810496179092285,2.6456896218388835,0.13963394470873283,0.12955447154404823,11.493090037136117,3.72474681924596,58,9
Kiribati,KIR,2006,-0.9616347548411075,-0.8345208535232799,0.748555656391694,0.5833896833190543,-0.5552801360809356,-0.2755910012193131,-0.020669513802807814,-1.419826172215083,1.8220786782412985,1.1376896013079765,2.2312588687001056,0.09810496179092285,2.6456896218388835,0.13963394470873283,0.12955447154404823,11.513105448772173,3.680813359102831,58,10
Kiribati,KIR,2007,-0.9582921262466086,-0.8725091168784758,0.7361462248958995,0.6446389941072724,-0.49962043712052384,-0.2755785983348938,-0.020669513802807814,-1.2893409618922749,1.8220786782412985,1.1376896013079765,2.2312588687001056,0.09810496179092285,2.6456896218388835,0.13963394470873283,0.12955447154404823,11.53340433415155,3.6890759428330004,58,11
Kiribati,KIR,2008,-0.9754049040281584,-1.0661085119940206,0.7082146393441645,0.6238444458611384,-0.7866155219205261,-0.27556557258499653,-0.020669513802807814,-1.3158740735871908,1.8220786782412985,1.1376896013079765,2.2312588687001056,0.09810496179092285,2.6456896218388835,0.13963394470873283,0.12955447154404823,11.554288113310864,3.6457211741695286,58,12
Kiribati,KIR,2009,-0.9805635010072601,-0.6004667428026038,0.7082146393441645,0.6874678778149377,-0.0383019657456484,-0.27555199653647316,-0.020669513802807814,-1.352198698695614,1.8220786782412985,1.1376896013079765,2.2312588687001056,0.09810496179092285,2.6456896218388835,0.13963394470873283,0.12955447154404823,11.57559974949805,3.7550507153829003,58,13
Kiribati,KIR,2010,-0.9833122777475873,-0.8413492711424246,0.7082146393441645,0.341274115929354,-1.3154990118160401,-0.275538468865851,-0.020669513802807814,-1.2358031944829535,1.8220786782412985,1.1376896013079765,2.2312588687001056,0.09810496179092285,2.6456896218388835,0.13963394470873283,0.12955447154404823,11.59639307021149,3.5605414844613543,58,14
Kiribati,KIR,2011,-0.9787009981780361,-0.38184939725420175,0.7082146393441645,0.5655442665616786,-0.6709180492384271,-0.2755267190830978,-0.020669513802807814,-1.1328190953189772,1.8220786782412985,1.1376896013079765,2.2312588687001056,0.09810496179092285,2.6456896218388835,1.449062663371548,0.12955447154404823,11.614109270304544,3.663425708355708,58,15
Kiribati,KIR,2012,-0.9649568179188138,0.3208408600516847,0.7082146393441645,0.6437594142232702,-0.8357072674978,-0.27551681975506537,-0.020669513802807814,-1.1097452365091005,1.8220786782412985,1.1376896013079765,2.2312588687001056,0.09810496179092285,2.6456896218388835,1.449062663371548,0.12955447154404823,11.628795561012641,3.6381131781261793,58,16
Kiribati,KIR,2013,-0.9439040022338944,0.8878377342239029,0.7082146393441645,0.662685761075291,-0.5705858118019503,-0.2755074223477579,-0.020669513802807814,-1.0362136174753935,1.8220786782412985,1.1376896013079765,2.2312588687001056,0.09810496179092285,2.6456896218388835,1.449062663371548,0.12955447154404823,11.642540448466544,3.678529239417556,58,17
Kiribati,KIR,2014,-0.944057293064784,0.6701023324857461,0.7082146393441645,0.8774573592455794,-0.4186385934383829,-0.27549842405813524,-0.020669513802807814,-1.0580005597299804,2.024274246331383,1.5340787594201784,1.7526764946084743,1.589462976154754,2.4198051165516623,1.449062663371548,0.12955447154404823,11.655526850569164,3.7009769273344686,58,18
Kiribati,KIR,2015,-0.9088844484582465,1.9374252131891712,0.7082146393441645,1.0427754110662448,-0.713189439237403,-0.275489419721275,-0.020669513802807814,-1.0071165291476496,2.024274246331383,1.5340787594201784,1.7526764946084743,1.589462976154754,2.4198051165516623,1.449062663371548,0.12955447154404823,11.668355326295867,3.656993437201401,58,19
Kiribati,KIR,2016,-0.8869713106902071,0.9662461152022739,0.7082146393441645,1.0828116985248941,-0.4928622154861232,-0.27547936316506366,-0.020669513802807814,-1.0134497207781128,2.024274246331383,1.5340787594201784,1.7526764946084743,1.589462976154754,2.4198051165516623,1.449062663371548,0.12955447154404823,11.682491008662982,3.6900745567736326,58,20
Kiribati,KIR,2017,-0.8778611993633127,0.34803247055514663,0.7082146393441645,0.772291712445605,-0.5812965641284771,-0.2754684962790073,-0.020669513802807814,-1.1992732944937714,2.024274246331383,1.5340787594201784,1.7526764946084743,1.589462976154754,2.7209844569346235,1.449062663371548,0.12955447154404823,11.697544380812866,3.6769277276726573,58,21
Lao PDR,LAO,1996,-0.9301940598532431,-1.1131349908955805,-1.421330578486869,-0.2949311375508145,0.8011381448788526,-0.2456834138179058,-2.0797072426271734,-0.5175539259767051,0.60890624023874,0.5431056263060834,0.34684058227247955,-0.15045490611745102,0.612730700621032,0.13963394470873283,0.12955447154404823,15.434042791415285,3.8649599624049693,59,0
Lao PDR,LAO,1997,-0.9128793930183836,-1.1131349908955805,-1.3578901998886412,-0.25434065152734736,0.23984917397980252,-0.24504039289690982,-2.058793867582828,-0.516467983428621,0.60890624023874,0.5431056263060834,0.34684058227247955,-0.15045490611745102,0.612730700621032,0.13963394470873283,0.12955447154404823,15.45489787595616,3.792823785612813,59,1
Lao PDR,LAO,1998,-0.9048758629570139,-1.1131349908955805,-1.2766173786800763,0.2998742872123786,-0.03463217612381644,-0.24445831603694662,-2.05141294288263,-0.38030801515417195,0.60890624023874,0.5431056263060834,0.34684058227247955,-0.15045490611745102,0.612730700621032,0.13963394470873283,0.12955447154404823,15.473408484836286,3.755558477718738,59,2
Lao PDR,LAO,1999,-0.8832834158776739,-1.1131349908955805,-1.1678636975737342,0.17776376607394398,0.27635341120109286,-0.24389883770408002,-2.0251851914433816,-0.3630161347958064,0.60890624023874,0.5431056263060834,0.2122392760990777,-0.2747348400716378,0.44331745718621096,0.13963394470873283,0.12955447154404823,15.490883203877704,3.7976768267231744,59,3
Lao PDR,LAO,2000,-0.8664090674878366,-1.1131349908955805,-1.0909775570553435,-0.14762061196959247,-0.3098541585188548,-0.2433519980979011,-2.006105401804824,-0.8615195961631346,0.60890624023874,0.5431056263060834,0.07763796992567584,-0.39901477402582486,0.27390421375139,0.13963394470873283,0.12955447154404823,15.507673055544556,3.716744033957761,59,4
Lao PDR,LAO,2001,-0.8489176770198041,-1.0976096854511967,-1.0213278331493871,-0.2328110604070995,-0.4123162155019252,-0.2428061139552708,-1.9873355965905597,-0.8185428708133591,0.60890624023874,0.5431056263060834,0.34684058227247955,-0.39901477402582486,0.27390421375139,0.13963394470873283,0.12955447154404823,15.524157041591089,3.701900122444194,59,5
Lao PDR,LAO,2002,-0.8297796799979612,0.7827676084813899,-0.921477348392558,-0.19350606369545412,-0.5980256558203534,-0.24226544857873214,-1.9660922232609146,-0.7030021233307282,0.60890624023874,0.5431056263060834,0.6160431946192833,-0.39901477402582486,0.27390421375139,0.13963394470873283,0.12955447154404823,15.54021991019234,3.6744211884940796,59,6
Lao PDR,LAO,2003,-0.8088160262935292,0.628799614569497,-0.8223988254640461,-0.3872901285789802,-0.47801931198805087,-0.2417390002579077,-1.9430164171698254,-0.5584733948807028,0.60890624023874,-0.051478348695809785,-0.1915646424211279,-0.647574045390993,-0.06492227311825187,-0.187723234956971,0.12955447154404823,15.555616316985606,3.692264292217693,59,7
Lao PDR,LAO,2004,-0.7850890883873388,1.1120614533507698,-0.7562096629871744,-0.2275824006677549,-0.5199618773485258,-0.2412329613641507,-1.9171354590653724,-0.6217461454622635,0.06359153785326743,0.20076938386053325,0.18640659341827845,-0.5998708714003462,0.2841714694871087,-0.05215127068447261,0.12955447154404823,15.570195688927551,3.68606420208772,59,8
Lao PDR,LAO,2005,-0.7566816702370467,1.3916088529429256,-0.7388770055454874,-0.061923276760522755,-0.4695062425379087,-0.24070142731646293,-1.8836816081341416,-0.2998832621369123,0.0023200212374607228,-0.051478348695809785,0.6160431946192833,-0.647574045390993,0.27390421375139,-0.187723234956971,0.12955447154404823,15.585284098226676,3.693518043168563,59,9
Lao PDR,LAO,2006,-0.7190360767131506,0.9076403469566938,-0.7661651513778109,0.23294348759449812,0.27577626910189484,-0.24013494023516044,-1.8370756052885908,-0.05476761322446416,-1.2108524167650978,-0.051478348695809785,0.34684058227247955,-1.1091851434289437,-0.33598346261396533,-0.5849164383608629,0.12955447154404823,15.601117975402314,3.797600281750894,59,10
Lao PDR,LAO,2007,-0.6844298261039624,1.1797688865498894,-0.7371367056342798,0.1532369698102466,0.6543695033345439,-0.23957232943319132,-1.7972927621388362,-0.11985347491575651,-1.2108524167650978,-0.051478348695809785,0.34684058227247955,-1.1091851434289437,-0.33598346261396533,-0.5849164383608629,0.12955447154404823,15.616599208076082,3.8465940769427327,59,11
Lao PDR,LAO,2008,-0.6461945585172643,1.1032937317392635,-0.6975570093372315,0.22969017231689784,0.06623025421185734,-0.23901155094423004,-1.7536744137499602,0.009639565002222558,-1.2108524167650978,-0.051478348695809785,0.34684058227247955,-1.1091851434289437,-0.33598346261396533,-0.5849164383608629,0.12955447154404823,15.631795146081616,3.7694141085354733,59,12
Lao PDR,LAO,2009,-0.6075094567898661,1.3770946662066692,-0.6408201642848468,0.08707061163905261,0.28214520440827695,-0.23845113528952774,-1.7103108177017952,-0.13897974279063455,-1.2108524167650978,-0.051478348695809785,0.34684058227247955,-1.1091851434289437,-0.4715140573618222,-0.5849164383608629,0.12955447154404823,15.646754006969962,3.7984446541107872,59,13
Lao PDR,LAO,2010,-0.559355897606598,0.5913015697640067,-0.580450427620795,0.31294624179403646,0.020132192515384117,-0.23789145135058104,-1.6740799108631088,0.30213993886326623,-1.2108524167650978,-0.051478348695809785,0.34684058227247955,-1.1091851434289437,-0.4715140573618222,-0.5849164383608629,0.12955447154404823,15.661473291839863,3.763105355751851,59,14
Lao PDR,LAO,2011,-0.5112414678444581,0.6647502173044864,-0.6187190021419311,0.5153005191252311,-0.05972450823680822,-0.2373327107807077,-1.6467514420110576,0.3312501700218805,-1.2108524167650978,-0.051478348695809785,0.34684058227247955,-1.1091851434289437,-0.4715140573618222,-0.5849164383608629,0.12955447154404823,15.67595478455033,3.752081476122139,59,15
Lao PDR,LAO,2012,-0.4599294601872985,1.2030675732856946,-0.5197488828024656,0.7033901776884858,0.3838619314085368,-0.23677401858873554,-1.6168182257894388,0.46606465443468253,-1.2108524167650978,-0.051478348695809785,0.34684058227247955,-1.1091851434289437,-0.4715140573618222,-0.5465067038705824,0.12955447154404823,15.69022832654852,3.811834188141275,59,16
Lao PDR,LAO,2013,-0.4051055790574785,0.9777480561860439,-0.38784863938253106,0.7032167785551776,0.32055621083768443,-0.23621521149924804,-1.590612411894062,0.29895285899130136,-1.2108524167650978,-0.051478348695809785,0.34684058227247955,-1.535287603688097,-0.4715140573618222,-0.5657118330014661,0.12955447154404823,15.704303872147154,3.803521997304142,59,17
Lao PDR,LAO,2014,-0.3500965316161404,0.8750983263338948,-0.1940764845618043,0.7287516526765387,0.46386271760391384,-0.2356601536971033,-1.5709741809306008,0.16480114195168422,-1.2108524167650978,-0.051478348695809785,0.34684058227247955,-1.535287603688097,-0.4715140573618222,-0.5657118330014661,0.12955447154404823,15.718091554346142,3.8222406093341,59,18
Lao PDR,LAO,2015,-0.29571891323259425,1.0880857326151094,-0.03931186414443679,0.34420497572454345,0.6222677807621072,-0.23506466406403326,-1.55544684990436,0.07149707794781286,-1.2108524167650978,-0.051478348695809785,0.34684058227247955,-1.535287603688097,-0.4715140573618222,-0.5657118330014661,0.12955447154404823,15.732675199678354,3.8425316741675335,59,19
Lao PDR,LAO,2016,-0.24179349103484762,0.7787914212001795,0.05003199386921674,0.03374625874758259,0.35293324295285805,-0.234416660219214,-1.5418544280585855,0.16018476009355234,-1.2108524167650978,-0.051478348695809785,0.34684058227247955,-1.535287603688097,-0.4715140573618222,-0.5377770044890011,0.12955447154404823,15.74830695353134,3.8077818096686586,59,20
Lao PDR,LAO,2017,-0.18641461947098084,0.7787914212001795,0.09633415182906639,0.03374625874758259,1.0292644871085146,-0.23375542501841742,-1.5229614035918642,0.3392778767660261,-1.2108524167650978,-0.051478348695809785,0.34684058227247955,-1.535287603688097,-0.4715140573618222,-0.5377770044890011,0.12955447154404823,15.764009923532175,3.8928533324946906,59,21
Lebanon,LBN,1996,0.4622882466347415,1.480722088195544,-0.2702176805339132,-0.16909866008405758,-0.5420319364257548,-0.25179654821618347,1.0793537737811003,-0.37660960917030156,0.0023200212374607228,1.1376896013079765,-0.999172479461539,-0.2569802229106366,0.07060832162960441,0.13963394470873283,-0.30251602542221007,15.210462830965199,3.6827862308045027,60,0
Lebanon,LBN,1997,0.4489563987174827,0.834154238477908,-0.23988577185363552,-0.3433734980526171,1.2907662569839025,-0.2513513263914686,1.0020299715440908,-0.37945930018476376,-0.30097308826317887,1.1376896013079765,-1.1337737856349408,-0.3635058379754249,-0.1326875704921809,0.13963394470873283,-0.37452777491658545,15.22854567669527,3.923898814971214,60,1
Lebanon,LBN,1998,0.48149134880161143,0.7058403515743163,-0.033579456921426803,-0.5570669894399299,0.4717032392773532,-0.25091062790051566,0.9835490304686962,-0.26205804093640084,-0.6042661977638185,1.1376896013079765,-1.2683750918083427,-0.4700314530402132,-0.33598346261396533,0.13963394470873283,0.12955447154404823,15.246128456043142,3.823254693762716,60,2
Lebanon,LBN,1999,0.44128400472564483,0.039048343621010034,-0.06278258217640832,-0.6702446419366715,0.2065955712740391,-0.2504631565033951,0.9123509459063573,-0.46619627183716533,-0.30097308826317887,1.1376896013079765,-0.999172479461539,-0.4700314530402132,0.00284302425567597,0.13963394470873283,0.12955447154404823,15.263670652755497,3.7883823052638377,60,3
Lebanon,LBN,2000,0.43445664612401685,-0.18968298247917967,-0.02915898735422862,-0.6905101992001862,0.3323186825413634,-0.25001527994135203,0.8668657931170903,-0.5713447272852008,0.0023200212374607228,1.1376896013079765,-0.7299698671147353,-0.4700314530402132,0.34166951112531785,0.13963394470873283,0.12955447154404823,15.28092589440061,3.8050716729541674,60,4
Lebanon,LBN,2001,0.47138516015900306,-0.2204310123143329,-0.09694804279322543,-0.5327204555962123,0.7519110725601117,-0.24957638352721867,0.8423308838733192,-0.5326389183860973,0.0023200212374607228,1.1376896013079765,-0.5953685609413335,-0.5765570681050022,0.34166951112531785,0.13963394470873283,0.12955447154404823,15.297551140172306,3.8588374536516126,60,5
Lebanon,LBN,2002,0.5067695868260362,-0.38706798837129736,-0.029950849380051638,-0.6636227424267777,0.5385383077882737,-0.2492039583493298,0.8135749323067738,-0.6420517241923085,0.0023200212374607228,1.1376896013079765,-0.46076725476793157,-0.6830826831697902,0.34166951112531785,0.13963394470873283,0.12955447154404823,15.31144488979808,3.8318575751246557,60,6
Lebanon,LBN,2003,0.5395450346314996,-0.33984427788530835,0.05339919313919034,-0.5752299081926513,1.766938596210681,-0.24882900542610337,0.7926305599499166,-0.7088708511056521,0.0023200212374607228,1.1376896013079765,-0.46076725476793157,-0.6830826831697902,-0.20045286786610875,0.13963394470873283,0.12955447154404823,15.325240614977911,3.978067497024502,60,7
Lebanon,LBN,2004,0.631001895443077,-0.026949773227441957,0.09549667900839978,0.49425133594075354,0.8763426775090302,-0.248382894657454,0.793715922089569,-1.0197278480263012,0.0023200212374607228,1.1376896013079765,-0.46076725476793157,-0.6830826831697902,0.2061389163774616,0.13963394470873283,0.12955447154404823,15.341410327469386,3.8742415780436987,60,8
Lebanon,LBN,2005,0.652389581453896,-0.0731428129676604,0.11020458331632177,0.5461526106206753,1.4225027870382194,-0.24794856390774608,0.7644996890122969,-1.0043494333043095,0.0023200212374607228,1.1376896013079765,-0.7299698671147353,-0.4700314530402132,0.2061389163774616,0.13963394470873283,0.12955447154404823,15.356905790193814,3.939180924460252,60,9
Lebanon,LBN,2006,0.6492420679340508,-0.08163172880146578,0.13971519426196255,0.4970524854105792,1.4124579508787463,-0.2474645792896972,0.7262613667673372,-0.9837103439482525,-0.6042661977638185,1.1376896013079765,-1.5375777041551464,0.3821728709348875,0.34166951112531785,0.9375123360234457,0.12955447154404823,15.373894515787827,3.938023861659675,60,10
Lebanon,LBN,2007,0.7899197018907194,0.23003983627345423,0.16887478783489848,0.6970856062439258,1.658185820554293,-0.24690229503856118,0.7534462847090898,-0.941974677948763,-0.6042661977638185,1.1376896013079765,-1.4029763979817447,0.3821728709348875,0.34166951112531785,0.9375123360234457,0.12955447154404823,15.393275949827357,3.965951945925044,60,11
Lebanon,LBN,2008,0.9419518726289822,0.5738195837676938,0.1998820594680905,0.948144135943031,1.8750533856146752,-0.24641104164085745,0.7729095382918665,-0.8835688598548551,-0.6042661977638185,1.1376896013079765,-0.999172479461539,0.3821728709348875,0.34166951112531785,0.9025945860400952,0.12955447154404823,15.409906911208875,3.989968209379894,60,12
Lebanon,LBN,2009,1.1383270373199388,0.6616776860793554,0.2793040241126352,0.4775790407667027,1.6534233933213391,-0.24600628188325613,0.8118791815355637,-0.9478275639858001,-0.6042661977638185,1.1376896013079765,-0.999172479461539,0.3821728709348875,-0.06492227311825187,-0.40683413262271967,0.12955447154404823,15.423404879674957,3.965418020469968,60,13
Lebanon,LBN,2010,1.3072828492976682,0.29689571448014407,0.26012923946197086,0.6138324589255668,1.2414168275428166,-0.2457099611911876,0.7930636863747598,-1.083429478561216,-0.6042661977638185,1.1376896013079765,-0.999172479461539,0.5952241010644648,0.07060832162960441,0.06456020609589394,0.6096328015065564,15.433172361316334,3.9181133588114214,60,14
Lebanon,LBN,2011,1.3016486803717515,0.3696067668660559,0.3784537747661244,0.8180678413015929,0.6875605036498628,-0.24537898378014913,0.7770001315473055,-1.0254634229262733,-0.6042661977638185,1.1376896013079765,-0.999172479461539,0.5952241010644648,-0.06492227311825187,-0.02273521640545641,0.7056484674990585,15.443970597104766,3.850777044603909,60,15
Lebanon,LBN,2012,1.2971646162901713,0.3285577145227773,0.3198983904560782,0.4238660750654606,0.5542523183078145,-0.24453405164127034,0.761827279548048,-0.944000846124914,-0.6042661977638185,1.1376896013079765,-1.2683750918083427,0.5952241010644648,-0.33598346261396533,-0.0698746502773181,0.5136171355140543,15.471019321537632,3.8338695513971404,60,16
Lebanon,LBN,2013,1.1581483558256445,0.5367084980311003,0.2840639438897196,0.35510820001120147,0.3188860509908328,-0.2414639053699893,0.7178472162488527,-0.8726058164552266,-0.6042661977638185,1.1376896013079765,-1.2683750918083427,0.5952241010644648,-0.33598346261396533,-0.0698746502773181,0.41760146952155225,15.563568369586047,3.803301763170966,60,17
Lebanon,LBN,2014,0.9795604668922635,0.21671856614617876,-0.14924396146101335,0.17076670446359118,0.3654464446965794,-0.23781407089761664,0.6382395209006477,-0.8837846145868913,-0.6042661977638185,1.1376896013079765,-1.2683750918083427,0.5952241010644648,-0.33598346261396533,-0.057653490160293815,0.41760146952155225,15.663491400294848,3.8094233089855183,60,18
Lebanon,LBN,2015,0.9456836282349964,-0.10558636114534742,-0.19107802481904082,-0.060577902657913615,0.09035497103014406,-0.23705526956458126,0.5797371854427907,-0.9257282000508825,-0.6042661977638185,1.1376896013079765,-1.2683750918083427,0.3821728709348875,-0.6070446521096794,-0.10304666989294656,0.6336367180046819,15.683068355602883,3.7726999012663667,60,19
Lebanon,LBN,2016,1.034531910721493,0.000345630894928257,-0.14193273823864438,-0.17991454646927107,0.2082066335041001,-0.23795878129457182,0.56614344906756,-0.9050386992957468,-0.6042661977638185,1.1376896013079765,-0.999172479461539,0.3821728709348875,-0.6070446521096794,-0.10304666989294656,0.7056484674990585,15.659713984313525,3.7885979403089727,60,20
Lebanon,LBN,2017,1.1179626630197719,-0.14503933877285743,-0.008762306304034706,-0.15869391242383796,0.16340900691126808,-0.23894406981929806,0.5326347294408965,-0.9904708553867483,-0.6042661977638185,1.1376896013079765,-1.2683750918083427,0.3821728709348875,-0.6070446521096794,-0.12748951389848143,0.5136171355140543,15.633608276848873,3.7825845367643076,60,21
Liberia,LBR,1999,-1.075158188101305,-0.09153061916490066,-1.2137816758748687,-0.15371666277275856,9.165978343366765,-0.2591324340672123,-1.3814454252169284,-1.8788553799755043,2.833055548153772,-1.240646298699596,0.7302505723296506,-1.302867808754375,-0.2908067784054728,-0.07860434965889887,-2.7029076752347523,14.852844782202151,4.576526595070908,61,0
Liberia,LBR,2000,-1.021030145825133,-0.09153061916490066,-1.0593618092441943,-0.15371666277275856,-0.23846186636704064,-0.25848880842245137,-1.3706492949475795,-1.8788553799755043,2.833055548153772,-1.240646298699596,0.7302505723296506,-1.302867808754375,-0.2908067784054728,-0.07860434965889887,-1.8867745142984866,14.889870453797743,3.7269580714381987,61,1
Liberia,LBR,2001,-1.0211892377811138,-0.09153061916490066,-1.0593618092441943,-0.15371666277275856,-0.4859411807152859,-0.25796136230741473,-1.3595075571343125,-1.8839271208813435,1.6198831101512134,-1.240646298699596,0.7628811593774314,-0.8864496308972946,-0.3553450923184551,-0.07860434965889887,-1.454704017332229,14.919222819633712,3.691096195935514,61,2
Liberia,LBR,2002,-1.0181102994022786,-0.09153061916490066,-1.0593618092441943,-0.15371666277275856,-0.5897626281600501,-0.2574809455595791,-1.3580858270535616,-1.9623768778977153,0.40671067214865514,-1.240646298699596,0.795511746425212,-0.4700314530402132,-0.41988340623143716,-0.07860434965889887,-2.174821512275992,14.945228348557174,3.6756600327304763,61,3
Liberia,LBR,2003,-1.1050318113537536,-0.09153061916490066,-1.0593618092441943,-0.15371666277275856,7.77255335843376,-0.2573312764277513,-1.3724512775931197,-1.8870168794766697,0.40671067214865514,-1.240646298699596,0.14289914402123732,-0.4700314530402132,-0.03265298063116664,-0.9515564795864507,-2.2228293452722423,14.953193869095394,4.487902227503124,61,4
Liberia,LBR,2004,-1.1022741857199474,-0.09153061916490066,-1.0593618092441943,-0.15371666277275856,0.7794472941370167,-0.25710535162916187,-1.3732889604818541,-1.589387816528196,0.8111018083288247,-1.240646298699596,0.5344666193187861,-0.4700314530402132,-0.03265298063116664,-0.07860434965889887,-2.078805846283491,14.965098874029419,3.8622668290389592,61,5
Liberia,LBR,2005,-1.1009119838312005,-0.09153061916490066,-1.0593618092441943,-0.15371666277275856,0.8343586378544389,-0.2562338055973871,-1.3708993331613861,-1.6317121291990775,0.40671067214865514,-1.240646298699596,0.6649889675099091,-0.4700314530402132,-0.03265298063116664,1.8855387283353235,-2.174821512275992,15.009740857839638,3.869070605317928,61,6
Liberia,LBR,2006,-1.0965641939808626,-0.09153061916490066,-1.0593618092441943,-0.15371666277275856,0.9888011269153011,-0.2550862092141454,-1.358445191472782,-1.5913616213033013,0.8111018083288247,-1.240646298699596,0.7302505723296506,-0.4700314530402132,0.1932309825336753,0.9095780312824683,-1.9347823472947383,15.06563805665796,3.887962235639472,61,7
Liberia,LBR,2007,-1.087939958828073,-0.09153061916490066,-1.0593618092441943,-0.15371666277275856,0.9801662289608797,-0.25400821048901295,-1.3446262131219222,-1.5725575430622027,0.4002405809022994,-0.28455526689655236,0.7302505723296506,-0.4700314530402132,1.045073297866695,0.9095780312824683,-1.5987275163209815,15.11544360348611,3.8869153690178493,61,8
Liberia,LBR,2008,-1.081786571099112,-0.09153061916490066,-1.0593618092441943,-0.15371666277275856,2.1365801315849264,-0.2530893145864418,-1.3184786025756947,-1.6419627600150764,-0.4344220564434603,-0.3289507118076333,0.8607729205207736,-0.4700314530402132,0.612730700621032,0.9252911759064221,-1.5987275163209815,15.156023773274864,4.018183276522005,61,9
Liberia,LBR,2009,-1.077305599339559,-0.09153061916490066,-1.0593618092441943,-0.15371666277275856,0.5813425832130432,-0.25235140041224813,-1.303135878925258,-1.8154200535862908,0.0023200212374607228,-1.240646298699596,0.07763796992567584,-0.4700314530402132,-0.6070446521096794,-0.4714329652577435,-1.3826922678378528,15.187459767638703,3.8373286337243857,61,10
Liberia,LBR,2010,-1.0704279181881362,-0.09153061916490066,-1.0593618092441943,-0.15371666277275856,16.830665096557055,-0.251650755363689,-1.2842926157013377,-1.8162623104543185,0.0023200212374607228,-1.240646298699596,0.07763796992567584,-0.4700314530402132,-0.6070446521096794,-0.502859254505651,-1.5267157668266054,15.21642034155556,4.959412455704904,61,11
Liberia,LBR,2011,-1.0611007779988924,-0.09153061916490066,-0.7149073558433736,-0.15371666277275856,14.066680233906634,-0.25066936126000916,-1.280726602614031,-1.541712731385822,0.0023200212374607228,-1.240646298699596,-0.1915646424211279,-0.4700314530402132,-0.6070446521096794,-0.502859254505651,-1.5987275163209815,15.25562503087804,4.837567588008574,61,12
Liberia,LBR,2012,-1.050910227699642,-0.09153061916490066,-0.7149073558433736,-0.15371666277275856,13.349426422197318,-0.24975099751435115,-1.2698616588103517,-1.0185832668633077,0.0023200212374607228,-1.240646298699596,0.34684058227247955,-0.4700314530402132,-0.6070446521096794,-0.5238101140042566,-1.5987275163209815,15.290969892086949,4.803363541874165,61,13
Liberia,LBR,2013,-1.0350785772455615,-0.09153061916490066,-0.7149073558433736,-0.15371666277275856,9.99497940479374,-0.24916323020375966,-1.2606893246796336,-0.608541123602311,-0.6042661977638185,-1.240646298699596,0.34684058227247955,-0.4700314530402132,-0.6070446521096794,-0.5238101140042566,-1.6947431823134835,15.312952656423594,4.62575199097692,61,14
Liberia,LBR,2014,-1.0387349706680382,-0.09153061916490066,-0.9640921012011519,-0.15371666277275856,1.989722135943686,-0.24859446331386326,-1.2540568514145793,-0.6886844389607167,-0.6042661977638185,-1.240646298699596,-0.1915646424211279,-0.4700314530402132,-0.6070446521096794,-0.5238101140042566,-1.8867745142984866,15.33377440506732,4.0024374730182,61,15
Liberia,LBR,2015,-1.0441428046524703,-0.09153061916490066,-0.9784639132845007,-0.15371666277275856,0.5782210566878894,-0.24801914121835467,-1.2664611231122669,-0.8325901269024125,-0.6042661977638185,-1.240646298699596,-0.7299698671147353,-0.6830826831697902,-0.6070446521096794,-0.08733352526899275,-1.8867745142984866,15.354404110260814,3.836930663868457,61,16
Liberia,LBR,2016,-1.0532595122995192,-0.09153061916490066,-0.9784639132845007,-0.15371666277275856,0.909884475012906,-0.24743753604292815,-1.2930318313032059,-1.086668188620941,-0.6042661977638185,-1.240646298699596,-0.46076725476793157,-0.6830826831697902,-0.4715140573618222,0.4119951181905983,-1.8867745142984866,15.374835321470414,3.8783536314887237,61,17
Liberia,LBR,2017,-1.0520606894427942,-0.09153061916490066,-0.9784639132845007,-0.15371666277275856,0.5950011449745516,-0.2468732259671795,-1.292145585237523,-0.9476499956853953,-0.6042661977638185,-1.240646298699596,-0.46076725476793157,-0.6830826831697902,-0.4715140573618222,0.39802770393436543,-1.8867745142984866,15.394267795092508,3.83906813167664,61,18
Liberia,LBR,2018,-1.0540598965554235,-0.09153061916490066,-0.9784639132845007,-0.15371666277275856,-0.002974122691203,-0.2462938945531092,-1.2681238179568726,-0.8243532727476199,-0.6042661977638185,-1.240646298699596,0.07763796992567584,-0.6830826831697902,-0.4715140573618222,0.41897856343297074,-2.0307980132872405,15.41383231423489,3.7599281017469695,61,19
Libya,LBY,1996,1.37003988819492,-1.1071847076278285,1.7100870425573398,-0.6200505610468284,-0.7085708999942386,-0.24603587706431332,0.7097943442414254,3.243895785446604,-1.2108524167650978,-1.240646298699596,-2.0759829288487537,-1.7483382372744682,-1.5557588153446769,-1.82450913328549,1.857836459409078,15.422424086821573,3.6576982388270376,62,0
Libya,LBY,1997,1.4664190216554032,-1.2959560307901405,1.7100870425573398,-0.7335099806552523,-0.6782325498129501,-0.24556875214483154,0.7167499980628497,3.243895785446604,-1.2108524167650978,-1.240646298699596,-1.8067803165019503,-1.7483382372744682,-1.5557588153446769,-1.82450913328549,1.4977777119371969,15.437793617127056,3.662315645637577,62,1
Libya,LBY,1998,1.3286073288270344,-1.41064947196214,1.7100870425573398,-0.9764996746508113,-0.7201788358129608,-0.24510876901301396,0.660185025638341,3.243895785446604,-1.2108524167650978,-1.240646298699596,-1.5375777041551464,-1.7483382372744682,-1.5557588153446769,-1.82450913328549,0.9936954654765636,15.452700787558912,3.6559258907267336,62,2
Libya,LBY,1999,1.3090542902602418,-1.6240154486942893,1.7100870425573398,-1.1345667795903582,-0.7010184725578334,-0.24464111193661903,0.6377219359552907,3.243895785446604,-1.2108524167650978,-1.240646298699596,-0.999172479461539,-1.8548638523392564,-1.42022822059682,-1.82450913328549,0.9936954654765636,15.467632218778897,3.6588496905261376,62,3
Libya,LBY,2000,1.3607202281097162,-1.3290090726513692,1.7100870425573398,-0.8306895204572363,-0.578540281597944,-0.24411510506414302,0.6364265925149148,3.243895785446604,-1.2108524167650978,-1.240646298699596,-0.46076725476793157,-1.9613894674040449,-1.2846976258489626,-1.82450913328549,0.9936954654765636,15.484164477052724,3.6773401024981296,62,4
Libya,LBY,2001,1.2660687239518014,-1.4723282781292373,1.7100870425573398,-0.891805733039893,-0.706750670403004,-0.2435187385816138,0.5880569407516227,3.243895785446604,-1.2108524167650978,-1.240646298699596,-0.32616594859452974,-1.8548638523392564,-1.2846976258489626,-1.82450913328549,0.22557013753655034,15.50258335852269,3.6579758743953157,62,5
Libya,LBY,2002,1.1930881739785535,-1.1708291143679035,1.7100870425573398,0.14300460108613974,-0.5211373632450528,-0.2428851634458265,0.5617769984480353,3.243895785446604,-1.2108524167650978,-1.240646298699596,-0.1915646424211279,-1.7483382372744682,-1.2846976258489626,-1.82450913328549,-0.15849252643345632,15.521786754783227,3.685889882850788,62,6
Libya,LBY,2003,1.4620742230905353,-1.6551749276824697,1.5713077637969595,0.4838103412859456,-0.5487814809624806,-0.2422139926335716,0.6331073286271178,3.6650928493873183,-1.2108524167650978,-1.240646298699596,-0.1915646424211279,-1.7483382372744682,-0.878105841605393,-1.82450913328549,-0.15849252643345632,15.541735276649659,3.6817816005621684,62,7
Libya,LBY,2004,1.5263427321031453,-1.0469219838800394,1.5713077637969595,0.6437774748326511,-0.4586007156392605,-0.2415046818934606,0.6387239084414902,4.1432938157266985,-1.2108524167650978,-1.240646298699596,0.34684058227247955,-1.7483382372744682,-0.878105841605393,-1.82450913328549,-0.15849252643345632,15.562393644179965,3.6951218469165634,62,8
Libya,LBY,2005,1.796072964383519,-0.9005131996386029,1.0978008059508406,0.4910063133550458,-0.27007296446863965,-0.240766283940255,0.70799487174841,4.503629453759222,-1.2108524167650978,-1.240646298699596,0.34684058227247955,-1.7483382372744682,-0.878105841605393,-1.82450913328549,-0.4465395244109626,15.583455191742859,3.722448362171055,62,9
Libya,LBY,2006,1.9304441322177675,-0.1946987721913901,1.2399691989034403,0.6904276033708927,-0.0601339506761432,-0.24003207067550292,0.7444075380739368,4.977385062663439,-1.2108524167650978,-1.240646298699596,0.34684058227247955,-1.7483382372744682,-0.878105841605393,-1.5032627955640419,-0.4465395244109626,15.603966576803442,3.7520246400180692,62,10
Libya,LBY,2007,2.0619469320635373,-0.22952578342977198,1.2399691989034403,0.8352468639132822,0.5244573721138559,-0.2392811912237885,0.7439606812027105,4.815837439059107,-1.2108524167650978,-1.240646298699596,0.34684058227247955,-1.4287616903517057,-0.878105841605393,-1.5032627955640419,-0.4465395244109626,15.624517268085002,3.8300512476902493,62,11
Libya,LBY,2008,1.9859272209006518,-0.06441450176398412,1.2399691989034403,0.8500309750215311,0.16080797582934028,-0.23848870072980713,0.7297470393744798,4.915066619975819,-1.2108524167650978,-1.240646298699596,0.34684058227247955,-1.3222363735585203,-0.7425752468575356,-1.4753279670515766,-0.4465395244109626,15.645758260609353,3.7822342744680992,62,12
Libya,LBY,2009,1.7764988523238336,0.29712067806042736,1.2399691989034403,0.9770040163633263,-0.2596375017805203,-0.23769496450486993,0.6355809745485095,3.906613242197066,-1.2108524167650978,-1.240646298699596,0.34684058227247955,-1.3222363735585203,-1.0136364363532497,-1.4753279670515766,-0.4465395244109626,15.666589798060926,3.7239393582614304,62,13
Libya,LBY,2010,1.865980277486523,-0.09591817915465595,1.2399691989034403,0.7002609702918673,-0.2406958352499774,-0.23690185114541065,0.6273447191701973,4.06863378376387,-1.2108524167650978,-1.240646298699596,0.6160431946192833,-1.535287603688097,-1.0136364363532497,-1.4858033968008793,-0.4465395244109626,15.686980371947122,3.7266400354712763,62,14
Libya,LBY,2011,0.3099888021052586,-0.6303496596677839,1.2399691989034403,-0.3167295986060219,-0.3681652122745702,-0.2378369717865957,0.5201852755223397,2.251385580994547,-1.2108524167650978,-1.240646298699596,-1.2683750918083427,-1.535287603688097,-1.0136364363532497,-0.7682364589736566,-0.398531691414711,15.662894561536671,3.7083234137426824,62,15
Libya,LBY,2012,1.7888042256967494,-0.8072978376403377,1.2399691989034403,0.7045266580901371,-0.3804832683228565,-0.23882796285642555,0.4331177694821001,3.901595193931228,-0.6042661977638185,-1.240646298699596,-0.7299698671147353,-1.7483382372744682,-1.0136364363532497,-0.48889184024941845,-0.5425551904034636,15.636720247487288,3.706535472045853,62,16
Libya,LBY,2013,1.1822981920536295,-0.7073974470632122,1.2399691989034403,0.9396968362110796,-0.4833165332508769,-0.23807024397892942,0.2959518538164786,3.1851155897854153,-0.6042661977638185,-1.240646298699596,-0.999172479461539,-1.7483382372744682,-1.149167031101106,-0.5465067038705824,-0.6265688981469032,15.656794683461149,3.6914833569137486,62,17
Libya,LBY,2014,0.5735547959726404,0.0743984972679246,1.2399691989034403,0.0752993009445003,-0.3681652122745702,-0.23732870750938365,0.1510808875480747,1.6583130296407402,-0.6042661977638185,-1.240646298699596,-1.5375777041551464,-1.7483382372744682,-1.149167031101106,-0.7245890096087253,-0.30251602542221007,15.67605778875679,3.7083234137426824,62,18
Libya,LBY,2015,0.5279960953978065,-0.6667521545619653,1.2399691989034403,-0.4936290827293916,-0.3681652122745702,-0.2366963660100769,0.11515930837510427,0.6650682295087571,-1.2108524167650978,-1.240646298699596,-1.8067803165019503,-1.9613894674040449,-1.6912894100925329,-0.9952044527228701,-0.30251602542221007,15.692196176048588,3.7083234137426824,62,19
Libya,LBY,2016,0.47346938394505456,-0.38293434785713093,1.2399691989034403,-0.9516353132565526,-0.3681652122745702,-0.23608978574315748,0.08062972699112407,-0.06295085587252147,-1.2108524167650978,-1.240646298699596,-1.8067803165019503,-2.1744406975336217,-1.6912894100925329,-0.9952044527228701,-0.30251602542221007,15.707436125191721,3.7083234137426824,62,20
Libya,LBY,2017,1.0128958866104647,-0.7773289389926309,1.2399691989034403,-0.7649271036488898,-0.3681652122745702,-0.23544488413125247,0.19376725601728675,1.0103696700788924,-1.2108524167650978,-1.240646298699596,-1.8067803165019503,-2.1744406975336217,-1.6912894100925329,-0.9829827688343583,-0.30251602542221007,15.723388122048112,3.7083234137426824,62,21
St. Lucia,LCA,1997,1.3866716897289548,-0.09153061916490066,0.11673820510635778,-0.15371666277275856,0.3624923789334397,-0.2752732067863508,0.10129338601864754,-0.9368211243065763,1.6321376075819651,1.6902322082726158,1.6439078711158719,1.248007014074863,1.8722067594100427,1.2969573283257252,0.12955447154404823,11.935378786107249,3.8090360334047153,63,0
St. Lucia,LCA,1999,1.554580703586503,-0.09153061916490066,0.11107190025769709,-0.15371666277275856,0.8842167652410458,-0.275248213553145,-0.07969460418124187,-0.9368211243065763,1.6321376075819651,1.6902322082726158,1.6439078711158719,1.248007014074863,1.8722067594100427,1.2969573283257252,0.12955447154404823,11.962107573023648,3.875208420983184,63,1
St. Lucia,LCA,2000,1.521495138951726,-0.09153061916490066,0.2758187256324833,-0.15371666277275856,1.1011618830154175,-0.2752366391402836,0.08646258502152306,-0.9368211243065763,1.6321376075819651,1.6902322082726158,1.6439078711158719,1.248007014074863,1.8722067594100427,1.2969573283257252,0.12955447154404823,11.974247770332745,3.9014855032556435,63,2
St. Lucia,LCA,2001,1.3977118126656802,-0.09153061916490066,0.35913532476424637,-0.15371666277275856,1.344678724123558,-0.27522683656805363,0.030101627497064055,-0.9368211243065763,1.6321376075819651,1.6902322082726158,1.6439078711158719,1.248007014074863,1.8722067594100427,1.2969573283257252,0.12955447154404823,11.984415488983725,3.9301811930943384,63,3
St. Lucia,LCA,2002,1.385411079110124,-0.09153061916490066,0.3786466392455706,-0.15371666277275856,1.2360453720343427,-0.2752183462463936,-0.024450704513104923,-0.9368211243065763,1.6321376075819651,1.6902322082726158,1.6439078711158719,1.248007014074863,1.8722067594100427,1.2969573283257252,0.12955447154404823,11.99313929229082,3.9174816142238047,63,4
St. Lucia,LCA,2003,1.4770406526584847,-0.09153061916490066,0.44271698347114724,-0.15371666277275856,2.1646598588648143,-0.2752102731841313,-0.2737492443549656,-0.9368211243065763,1.6321376075819651,1.6902322082726158,1.6439078711158719,1.248007014074863,1.8722067594100427,1.2969573283257252,0.12955447154404823,12.001364365538274,4.021165894400621,63,5
St. Lucia,LCA,2004,1.6560325008026457,-0.09153061916490066,0.42067889668961883,-0.15371666277275856,1.2858717160858821,-0.27520263552297985,-0.27239180821022624,-0.9368211243065763,1.6321376075819651,1.6902322082726158,1.6439078711158719,1.248007014074863,1.8722067594100427,1.2969573283257252,0.12955447154404823,12.009084051692815,3.923326498804921,63,6
St. Lucia,LCA,2005,1.6223418364313054,-0.09153061916490066,0.5688601895974705,-0.15371666277275856,1.0786114834248406,-0.2751953123181862,-0.01358759392345994,-0.9368211243065763,3.035251116243857,2.921441526313656,1.692853644006498,3.0808209905185855,2.3068631349692414,2.758491382034363,0.12955447154404823,12.016430357453585,3.8987860609798304,63,7
St. Lucia,LCA,2006,1.7813130560526687,-0.09153061916490066,0.7349762591174297,-0.15371666277275856,3.2105561707811896,-0.2751881221526208,0.054581952196048826,-0.9368211243065763,3.035251116243857,2.921441526313656,1.692853644006498,3.0808209905185855,2.3068631349692414,2.758491382034363,0.12955447154404823,12.023591075934853,4.126362671069217,63,8
St. Lucia,LCA,2007,1.812548731524963,-0.09153061916490066,0.9045566213535116,-0.15371666277275856,1.9279565283720377,-0.2751813552936909,-0.01792042159575271,-1.122584768199383,3.035251116243857,2.921441526313656,1.692853644006498,2.832261122610212,2.3068631349692414,2.758491382034363,0.12955447154404823,12.030283704661516,3.995740307193021,63,9
St. Lucia,LCA,2008,1.9463338991982688,-0.09153061916490066,1.1287414672007097,-0.15371666277275856,1.6596329986737148,-0.2751750056941588,-0.006258108723500024,-1.1563171848803488,3.035251116243857,2.921441526313656,1.692853644006498,2.832261122610212,2.3068631349692414,2.758491382034363,0.12955447154404823,12.036523177258209,3.9661141355637315,63,10
St. Lucia,LCA,2009,1.8347525233377373,-0.09153061916490066,1.2128736980386525,-0.15371666277275856,0.9874932842081416,-0.27516858957501256,-0.034584495715214714,-1.1346101814225484,3.035251116243857,2.921441526313656,1.692853644006498,2.832261122610212,2.3068631349692414,2.758491382034363,0.12955447154404823,12.042788717613357,3.887803747499378,63,11
St. Lucia,LCA,2010,1.8260109153565547,-0.09153061916490066,1.2190317036007343,-0.15371666277275856,1.34627946078443,-0.2751623185895699,-0.07382448790503593,-1.2589491737098524,3.035251116243857,2.921441526313656,1.962056256353302,2.832261122610212,2.3068631349692414,2.758491382034363,0.12955447154404823,12.048874827890371,3.9303671237048574,63,12
St. Lucia,LCA,2011,1.9443292002194856,-0.09153061916490066,1.203473065849361,-0.15371666277275856,0.40662878553985826,-0.2751569063118735,-0.08300070039979433,-1.311224110243512,3.035251116243857,2.921441526313656,1.962056256353302,2.832261122610212,1.9680366480995994,2.758491382034363,0.12955447154404823,12.05409792990807,3.8148067179501344,63,13
St. Lucia,LCA,2012,1.9260344212712746,-0.09153061916490066,1.085591205605018,-0.15371666277275856,0.6070796413388797,-0.27515215318308095,-0.10820195288329142,-1.3269133356439735,3.035251116243857,2.921441526313656,1.962056256353302,2.832261122610212,1.9680366480995994,2.758491382034363,0.12955447154404823,12.058662530301403,3.8406038820334336,63,14
St. Lucia,LCA,2013,1.8530451228882845,-0.09153061916490066,1.0181328527537719,-0.15371666277275856,0.6383685366964711,-0.27514742424323896,-0.1545301616603427,-1.3805777053676773,3.035251116243857,2.921441526313656,1.962056256353302,2.832261122610212,1.9680366480995994,2.758491382034363,0.12955447154404823,12.063183317979933,3.844571252473224,63,15
St. Lucia,LCA,2014,1.8808225095276432,-0.09153061916490066,0.9914157320332657,-0.15371666277275856,0.00928256834058957,-0.27514277391748637,-0.1727839316089879,-1.4017183965369668,1.2154924592400194,1.9304683931995605,1.7526764946084743,2.252288694033879,1.2150888392645756,2.758491382034363,0.12955447154404823,12.067609109860088,3.761614725833442,63,16
St. Lucia,LCA,2015,1.870097248862022,-0.09153061916490066,0.9987050085453256,-0.15371666277275856,0.7831028435061238,-0.27513813568620915,-0.16283980720539848,-1.3284921276053627,1.2154924592400194,1.9304683931995605,1.7526764946084743,2.252288694033879,2.11862631829108,2.758491382034363,0.12955447154404823,12.072003965735604,3.8627212100719794,63,17
St. Lucia,LCA,2016,1.9649693069693543,-0.09153061916490066,0.952423229758507,-0.15371666277275856,0.8215000130628548,-0.2751336546831108,-0.16868347248202725,-1.317896300376996,1.2154924592400194,1.9304683931995605,1.7526764946084743,2.252288694033879,2.11862631829108,2.758491382034363,0.12955447154404823,12.076231578128818,3.8674815064560955,63,18
St. Lucia,LCA,2017,2.062034721179682,-0.09153061916490066,0.9245433294419639,-0.15371666277275856,0.12006907577119715,-0.27512944580570664,-0.1883553669309565,-1.3268150352208123,1.2154924592400194,1.9304683931995605,1.9919674662922,2.252288694033879,2.11862631829108,2.758491382034363,0.12955447154404823,12.080186241085622,3.77673218784809,63,19
Sri Lanka,LKA,1996,-0.4576713757926079,0.15786825197479765,1.0494212146767599,0.14341655792551877,-0.4949982272438609,-0.16791992882077128,0.24000245271567908,-0.0215957318241533,0.0023200212374607228,-0.051478348695809785,-1.5375777041551464,0.16912164080531122,0.4772001058731751,0.13963394470873283,1.6177972944278238,16.700591622570208,3.689759041406417,64,0
Sri Lanka,LKA,1997,-0.4205176976111426,0.21488101633517478,1.0494212146767599,0.18005737804969865,-0.15904566246937885,-0.16584462570970288,0.33698273917404353,0.013294630603640403,0.0023200212374607228,-0.646062323697703,-1.2683750918083427,0.06259602574052224,0.34166951112531785,0.13963394470873283,1.809828626412828,16.71957705779144,3.738198839705371,64,1
Sri Lanka,LKA,1998,-0.39638358999205964,0.3070163988193276,1.0494212146767599,0.1324272780258502,-0.43333640995901,-0.1637413783134556,0.24572023240338234,0.06512273171869219,0.0023200212374607228,-1.240646298699596,-0.999172479461539,-0.04392958932426608,0.2061389163774616,0.13963394470873283,1.2817424634540677,16.73845727689261,3.6988274492681104,64,2
Sri Lanka,LKA,1999,-0.37484226905980145,0.569389209808151,1.0494212146767599,0.13986480011224722,-0.45100010263767976,-0.16163253722238244,0.25838981168765696,0.04387822209268731,0.0023200212374607228,-1.240646298699596,-1.2683750918083427,0.2756472558700992,0.2739042137513894,0.13963394470873283,1.2817424634540677,16.75703645612206,3.69623809971903,64,3
Sri Lanka,LKA,2000,-0.3369867788322528,0.6609026104373026,1.0494212146767599,0.42650309281376986,-0.46464492933158746,-0.15952614526255737,0.2704514474627219,0.04028076093261607,0.0023200212374607228,-1.240646298699596,-1.5375777041551464,0.5952241010644648,0.34166951112531785,0.13963394470873283,1.2817424634540677,16.77525574455594,3.6942332821240957,64,4
Sri Lanka,LKA,2001,-0.366773269713514,-0.07137271224200327,1.0494212146767599,0.20212580213214532,-0.45641566551350565,-0.15766778075493104,0.21467118902603957,-0.001101905082607281,0.0023200212374607228,-0.646062323697703,-0.8645711732881372,0.5952241010644648,0.6804959979949601,0.13963394470873283,1.1857267974615666,16.79105864443741,3.6954428787115132,64,5
Sri Lanka,LKA,2002,-0.3397992841784034,-0.30530400029931926,1.0494212146767599,0.06979701840759221,-0.43992591979485873,-0.15642573861407766,0.22612415358627116,0.09788885769263805,0.0023200212374607228,-0.051478348695809785,-0.1915646424211279,0.5952241010644648,1.0193224848646019,0.13963394470873283,0.7056484674990585,16.80148300901723,3.6978622661576455,64,6
Sri Lanka,LKA,2003,-0.29012840368693565,-0.3095303791986489,1.0494212146767599,0.04083196070652094,-0.43602888645200516,-0.15554423882913168,0.28591627553184956,0.13232353024589977,0.0023200212374607228,-0.051478348695809785,-0.1915646424211279,0.5952241010644648,1.0193224848646019,0.13963394470873283,0.7056484674990585,16.808815989116972,3.698433187592382,64,7
Sri Lanka,LKA,2004,-0.242295146052677,0.005891005802155807,1.0494212146767599,0.16107543245849387,-0.45034087147594676,-0.15472130654082217,0.46360127146514607,0.1484222571201807,0.0023200212374607228,-0.051478348695809785,-0.1915646424211279,0.8082753311940414,1.0193224848646019,0.13963394470873283,0.7056484674990585,16.815613565927485,3.6963348580326554,64,8
Sri Lanka,LKA,2005,-0.18337230967507923,0.09495748512876193,1.0494212146767599,-0.009399502049084251,-0.45212438340352723,-0.1539417027102721,0.6557650097759841,0.2790203404597749,0.0023200212374607228,-0.051478348695809785,-0.1915646424211279,1.021326561323618,1.0193224848646019,0.13963394470873283,0.41760146952155336,16.822010897242052,3.6960730623882174,64,9
Sri Lanka,LKA,2006,-0.10568638677946193,0.27697908712951935,1.0494212146767599,-0.07733446375048507,-0.3539138529993959,-0.15311996172777959,0.7223632439285488,0.3168031556082984,0.0023200212374607228,-0.051478348695809785,-0.1915646424211279,1.021326561323618,1.0193224848646019,0.6337248732936721,0.41760146952155336,16.828709988627775,3.710387989781877,64,10
Sri Lanka,LKA,2007,-0.03315740929805974,0.25865240189325533,1.0494212146767599,-0.154312914754004,-0.32568440729169995,-0.15227253812698915,0.7428761109824312,0.25670462856573406,0.0023200212374607228,-0.051478348695809785,-0.05696333624772602,1.021326561323618,1.0193224848646019,0.6337248732936721,0.41760146952155336,16.835571768230484,3.714465012110611,64,11
Sri Lanka,LKA,2008,0.03338349753226696,0.3272760776854903,1.0494212146767599,-0.3061859006744897,-0.32846467631125636,-0.15144507645768007,0.7812453670218528,0.21106770312155718,0.0023200212374607228,-0.051478348695809785,0.07763796992567584,1.021326561323618,0.8837918901167451,0.20248652320454744,0.41760146952155336,16.84222678280086,3.7140642103908466,64,12
Sri Lanka,LKA,2009,0.07215609925235894,0.13846570323168167,1.0494212146767599,-0.7185261701680532,-0.47845538995753223,-0.1506767325836336,0.8057465509599928,0.2360432538851915,0.0023200212374607228,-0.051478348695809785,0.6160431946192833,1.021326561323618,0.612730700621032,-0.2339895417592279,0.41760146952155336,16.84836692522332,3.6922000270747692,64,13
Sri Lanka,LKA,2010,0.17353295964302357,0.13846570323168167,1.0494212146767599,-0.7293091972681947,-0.5031305513092529,-0.14993501469695833,0.8734819957366416,0.07897151367606102,0.0023200212374607228,-0.051478348695809785,0.34684058227247955,1.021326561323618,0.612730700621032,-0.22875182688457663,0.32158580352905125,16.854258737653495,3.6885568846876855,64,14
Sri Lanka,LKA,2011,0.2914751776682364,0.2758253661229834,1.1131424762710556,-0.740092224368336,-0.40228944993720417,-0.14914912173925268,0.9614473255460656,0.18627507414669467,0.0023200212374607228,-0.051478348695809785,0.34684058227247955,1.021326561323618,0.612730700621032,-0.23922725663387917,0.1295544715440488,16.860463807636805,3.7033624877051152,64,15
Sri Lanka,LKA,2012,0.4158514113191091,0.41318502901428517,1.1336407852704313,-0.7508752514684773,-0.4149641722985635,-0.14817908434787877,1.1327230693919945,0.3440508530121024,0.0023200212374607228,-0.051478348695809785,0.34684058227247955,1.021326561323618,0.612730700621032,-0.3841375427563937,0.1295544715440488,16.868070087753807,3.7015135708942415,64,16
Sri Lanka,LKA,2013,0.5361518822449163,0.550544691905587,1.1506601310045073,-0.761658278568619,-0.43600308673870214,-0.15171344077009447,1.100736441857567,0.3295624072333879,0.0023200212374607228,-0.051478348695809785,-0.1915646424211279,1.021326561323618,0.612730700621032,-0.39461297250569627,0.1295544715440488,16.840073261765202,3.698436966204545,64,17
Sri Lanka,LKA,2014,0.6351853389442265,0.6879043547968887,1.0908259831671805,-0.7724413056687601,-0.457763015170177,-0.15054632390371975,1.1700698883162357,0.3064550638178256,0.0023200212374607228,-0.051478348695809785,-0.1915646424211279,1.021326561323618,0.612730700621032,-0.39461297250569627,0.1295544715440488,16.84940534074044,3.6952449356734816,64,18
Sri Lanka,LKA,2015,0.6981552985051611,0.6879043547968887,1.1255702301259194,-0.7832243327689017,-0.5057849458497308,-0.14938525427499466,1.0921648308324912,0.22472846973687396,0.60890624023874,-0.051478348695809785,0.885245806966087,1.021326561323618,0.8837918901167451,0.6057905685526945,0.6576406345028081,16.858603450565273,3.6881641871044897,64,19
Sri Lanka,LKA,2016,0.7755281461310048,0.9100136528842094,1.1057187813082732,-0.7961697543101074,-0.4684832667994084,-0.14793996447673788,1.1763278353988762,0.30352883551985543,0.60890624023874,-0.051478348695809785,0.885245806966087,1.021326561323618,0.8837918901167451,1.0527420632657736,0.7056484674990585,16.869936225007276,3.6936685948188535,64,20
Sri Lanka,LKA,2017,0.8845553617243096,1.0933684099746002,1.1107233508958045,-0.7767741790873999,-0.39489347213414056,-0.14646443849023308,1.4497191434236831,0.35722929383439733,0.60890624023874,-0.051478348695809785,0.885245806966087,0.8082753311940414,0.8837918901167451,1.0527420632657736,0.5136171355140543,16.88137510031217,3.7044397938448466,64,21
Lesotho,LSO,1996,-1.0333293758268753,0.11411189655322498,-1.2680376987358768,2.642267562254613,-0.12127886778768769,-0.26426814739694593,-0.24882835824134544,0.46959791775112736,0.60890624023874,1.7322735763098698,0.6160431946192833,0.34666423315609096,1.2903836743603156,-0.5150804146226747,0.12955447154404823,14.494771266220209,3.7435004359156454,65,0
Lesotho,LSO,1997,-1.0256024787001112,0.11411189655322498,-1.2361052061143951,2.642267562254613,-0.08719907162496951,-0.2641731331989952,-0.16176984272615988,0.23384868741557802,0.60890624023874,1.7322735763098698,0.6160431946192833,0.34666423315609096,1.2903836743603156,-0.5150804146226747,0.12955447154404823,14.502705559399885,3.748260455667781,65,1
Lesotho,LSO,1998,-1.02275343684948,0.11411189655322498,-1.2548538869849866,2.642267562254613,-0.12456598834275025,-0.26411315064874874,-0.09993882222176526,0.2889042303758436,0.60890624023874,1.7322735763098698,0.6160431946192833,0.34666423315609096,1.2903836743603156,-0.5150804146226747,0.12955447154404823,14.50768226290254,3.7430401142803613,65,2
Lesotho,LSO,1999,-1.0221519953788212,0.11411189655322498,-1.2513561508813926,2.642267562254613,-0.23261988108301274,-0.2640817957215355,-0.04266443070811464,0.4502321946506056,0.60890624023874,1.7322735763098698,0.6160431946192833,0.34666423315609096,1.1209704309254949,-0.5150804146226747,0.12955447154404823,14.510273931780011,3.727789280005057,65,3
Lesotho,LSO,2000,-1.011433723553987,0.11411189655322498,-1.2543401440389153,2.642267562254613,-0.02337793096968451,-0.26407768964717143,0.08777664835363448,0.6929630907754428,0.60890624023874,1.7322735763098698,0.6160431946192833,0.34666423315609096,0.9515571874906739,-0.5150804146226747,0.12955447154404823,14.510612826094397,3.7571140407084624,65,4
Lesotho,LSO,2001,-1.0006527297956755,0.11411189655322498,-1.1993802207889814,2.642267562254613,-0.032788847149340855,-0.26409619419437924,0.19694786533541933,0.9281870875553401,0.60890624023874,1.7322735763098698,0.4814418884458814,0.34666423315609096,0.9515571874906739,-0.5150804146226747,0.12955447154404823,14.509084647385663,3.755813428617366,65,5
Lesotho,LSO,2002,-0.9975397628355677,0.11411189655322498,-1.1646684030135106,2.642267562254613,-0.022073802930990042,-0.26413352983962796,0.2731420502425477,0.9870880405999487,0.60890624023874,1.7322735763098698,0.34684058227247955,0.34666423315609096,0.9515571874906739,-0.5150804146226747,0.12955447154404823,14.505994194437978,3.757294141081149,65,6
Lesotho,LSO,2003,-0.9821523882938973,0.11411189655322498,-1.135720663626541,2.642267562254613,0.0009252648216859902,-0.2641917042658172,0.425848007256047,0.8015999945879371,0.60890624023874,1.7322735763098698,0.885245806966087,0.34666423315609096,0.9515571874906739,-0.187723234956971,0.12955447154404823,14.501159698346862,3.760464998975989,65,7
Lesotho,LSO,2004,-0.9744588733877497,0.11411189655322498,-1.0481642168591254,2.642267562254613,-0.01799657096411323,-0.26427594228627627,0.5244448632220527,0.6514541745660194,1.0929499112773806,1.6421850664206628,0.9477878193148559,0.2638109438532991,0.9686698225059169,0.21238004283127662,0.12955447154404823,14.494117540327158,3.757856998588905,65,8
Lesotho,LSO,2005,-0.9600066218705376,0.11411189655322498,-0.9641327307710632,2.642267562254613,-0.3650813207884147,-0.2643851130675647,0.6761283817837067,0.5769876393566441,1.2154924592400194,1.7322735763098698,0.885245806966087,0.34666423315609096,0.9515571874906739,-0.187723234956971,0.12955447154404823,14.48491663560491,3.7087705346536497,65,9
Lesotho,LSO,2006,-0.9441065106500123,0.11411189655322498,-0.9047139195170781,2.642267562254613,-0.412385594893798,-0.26443356958285097,0.843193929472747,0.7193334591944719,1.2154924592400194,-0.051478348695809785,0.07763796992567584,-0.04392958932426608,0.7482612953688889,1.489218652001037,0.12955447154404823,14.480805439377649,3.7018899962727563,65,10
Lesotho,LSO,2007,-0.9307127788490446,0.11411189655322498,-0.7906837148611743,2.642267562254613,0.11921993403881395,-0.2643839519979359,0.9917297866970235,1.0225017175054218,1.2154924592400194,-0.051478348695809785,0.34684058227247955,-0.04392958932426608,0.7482612953688889,1.489218652001037,0.12955447154404823,14.485014937189128,3.776617182352609,65,11
Lesotho,LSO,2008,-0.9128855833362887,0.45857722906169235,-0.6749512141434716,2.5285293490854293,-0.5354780336100616,-0.26430368701261264,1.1685733548321913,1.142118774620947,1.2154924592400194,-0.051478348695809785,0.34684058227247955,-0.04392958932426608,0.612730700621032,1.0195700436501443,0.12955447154404823,14.491787228368109,3.6837607760475595,65,12
Lesotho,LSO,2009,-0.920531282141035,0.7023349937236377,-0.5139992458767371,2.4638114019660864,0.24632675095294046,-0.26421695753024194,1.1887946564733274,0.5379089812111603,1.2154924592400194,-0.051478348695809785,0.34684058227247955,-0.04392958932426608,0.612730700621032,1.0195700436501443,0.12955447154404823,14.499053767681497,3.793686665090308,65,13
Lesotho,LSO,2010,-0.9035541255548174,0.8205760756020054,-0.33108920620595284,2.2088574510211054,-0.5688921735217637,-0.26412402358204273,1.3729820638770522,0.38510210837277836,1.2154924592400194,-0.051478348695809785,0.34684058227247955,-0.04392958932426608,0.2061389163774616,0.5359545448145072,0.12955447154404823,14.506781980389379,3.678782243864396,65,14
Lesotho,LSO,2011,-0.8888633613127269,0.6603826567559634,-0.2329880040883707,2.19998920957678,-0.23985859407626786,-0.26401663673586095,1.5333152551989182,0.5295346227495141,1.2154924592400194,-0.051478348695809785,0.34684058227247955,-0.04392958932426608,0.2061389163774616,0.5900774239287407,0.12955447154404823,14.515638317491614,3.726759240032379,65,15
Lesotho,LSO,2012,-0.8671279299491061,1.6208591587744987,-0.155948673507918,2.211935231924042,-0.25424663161910754,-0.26389360568587966,1.7221701346925193,0.3314140115578817,1.2154924592400194,-0.051478348695809785,0.6160431946192833,0.3821728709348875,0.2061389163774616,0.6476922875499049,0.12955447154404823,14.52568937330156,3.72470872404052,65,16
Lesotho,LSO,2013,-0.8641058093648636,1.0196560676418605,-0.20370085577724228,1.723529445516174,-0.2806495498489352,-0.2637596593719408,1.8033519724072726,0.18212375045864776,1.2154924592400194,-0.051478348695809785,0.6160431946192833,0.3821728709348875,0.2061389163774616,0.6476922875499049,0.12955447154404823,14.536518497965002,3.7209349309930833,65,17
Lesotho,LSO,2014,-0.8616695744832067,0.825122471195674,-0.18564189929033634,1.5184303776236137,0.013416875833356804,-0.2636170352719748,1.9114783453884823,0.4431248645067176,1.2154924592400194,-0.051478348695809785,0.6160431946192833,0.3821728709348875,0.2061389163774616,0.6476922875499049,0.12955447154404823,14.547921719972184,3.762183000420152,65,18
Lesotho,LSO,2015,-0.8532186283165234,0.6977317959610511,-0.14430859082099234,1.6179001123343733,0.17039437436000823,-0.263468744910331,2.035784276077276,0.5743638931989504,1.2154924592400194,-0.051478348695809785,0.34684058227247955,0.16912164080531122,0.34166951112531785,0.6354711274328813,0.12955447154404823,14.559641685068659,3.783524599635802,65,19
Lesotho,LSO,2016,-0.8426736253092818,0.4904188089706639,-0.2370433603096297,1.809064774557894,-0.007260708035899412,-0.26331265965935696,2.1350191353511123,0.3121741549064883,1.2154924592400194,-0.051478348695809785,0.07763796992567584,0.16912164080531122,0.34166951112531785,0.6354711274328813,0.12955447154404823,14.571831109518213,3.7593375593804947,65,20
Lesotho,LSO,2017,-0.8625599880237288,0.5821694893814477,-0.14575253754791614,2.100532881892807,-0.33175539780954383,-0.26315127098096414,2.110933156851949,0.14467565856755776,1.2154924592400194,-0.051478348695809785,0.34684058227247955,0.16912164080531122,0.07060832162960441,0.6442003030429746,0.12955447154404823,14.584280384408867,3.713589614500304,65,21
Morocco,MAR,1996,-0.5637996051991446,-0.09420264101722958,-0.913423710822062,-0.7780751869125322,-0.500832692888919,-0.11408083382214357,0.5001059944580355,-0.10088948598046077,0.60890624023874,1.1376896013079765,-0.46076725476793157,0.16912164080531122,0.612730700621032,0.7943483040401405,2.4339304553640884,17.104214937039334,3.6888967109625783,66,0
Morocco,MAR,1997,-0.5863543346066535,0.02053734054889748,-0.9025287672740873,-0.6605019809888716,-0.17468314537601237,-0.11163031170939215,0.7179409977289934,0.04063997449490236,0.60890624023874,1.1376896013079765,-0.05696333624772602,0.16912164080531122,0.612730700621032,0.7943483040401405,2.4339304553640884,17.11921777872236,3.7359954390310963,66,1
Morocco,MAR,1998,-0.5461836596742445,-0.09796313374168937,-0.9369366233522123,-0.8193438264945494,-0.5285784436656131,-0.1091611580574423,0.5971641552550679,-0.30718460551916366,0.60890624023874,1.1376896013079765,0.34684058227247955,0.16912164080531122,0.612730700621032,0.7943483040401405,2.4339304553640884,17.134110407276946,3.684785698739491,66,2
Morocco,MAR,1999,-0.5447224511080836,0.12557420401140873,-0.919715628129869,-0.7350623770082291,-0.33862805354708064,-0.10670881572615834,0.45407570962034266,-0.27838220301267647,0.3056131307381003,1.1376896013079765,0.07763796992567584,0.16912164080531122,0.5449654032471035,0.46699112437443663,2.4339304553640884,17.148685311586757,3.71259769627345,66,3
Morocco,MAR,2000,-0.5362551169623051,0.21537789260724258,-0.8582025974798417,-0.5940935378198372,-0.47318178530826877,-0.10431256152407452,0.3953795863431591,-0.20639749497591517,0.0023200212374607228,1.1376896013079765,-0.1915646424211279,0.16912164080531122,0.4772001058731751,0.13963394470873283,2.4339304553640884,17.16272457409942,3.692976925323241,66,4
Morocco,MAR,2001,-0.48863719273748285,0.08328225817573486,-0.7993997249778809,-0.592606980599957,0.44869327869795567,-0.10194683377764593,0.34984741120380836,-0.32975441711349196,0.3056131307381003,1.1376896013079765,-0.05696333624772602,0.06259602574052224,0.4094348084992463,-0.187723234956971,2.4339304553640884,17.1763942881002,3.82027568648163,66,5
Morocco,MAR,2002,-0.46966381953651504,0.1252425630795567,-0.7348700178598383,-0.5688709542182449,-0.4683166065096162,-0.09962772418625819,0.3696853166343273,-0.3491837928452213,0.60890624023874,1.1376896013079765,0.07763796992567584,-0.04392958932426608,0.34166951112531785,-0.5150804146226747,2.4339304553640884,17.189615669325796,3.693693120117367,66,6
Morocco,MAR,2003,-0.42976786734139594,0.08163504158186531,-0.6785537026756182,-0.6262356417543996,0.03302728496018878,-0.09737045364707535,0.3805038789414221,-0.29189660271411355,0.0023200212374607228,1.1376896013079765,0.6160431946192833,0.16912164080531122,0.34166951112531785,-0.5150804146226747,1.95385212540158,17.202318777053467,3.7648741275798203,66,7
Morocco,MAR,2004,-0.40181821616595675,0.24571023449438573,-0.5791100664011671,-0.5328703688271811,-0.4123825836147701,-0.09506280961827127,0.285323427530876,-0.23548222878067998,0.0023200212374607228,-0.051478348695809785,0.34684058227247955,0.16912164080531122,0.34166951112531785,-0.5150804146226747,1.857836459409079,17.21514067878118,3.7018904357818747,66,8
Morocco,MAR,2005,-0.3857638910634757,0.3888010347790337,-0.5154099487667216,-0.36056229752909513,-0.23060135819703198,-0.09261291641823541,0.2943273834246714,-0.2622492962457662,0.0023200212374607228,-0.051478348695809785,0.34684058227247955,-0.2569802229106366,-0.06492227311825187,-1.1697947739540824,1.569789461431574,17.228575408493263,3.728076318679969,66,9
Morocco,MAR,2006,-0.3279780030048264,0.4605687193828386,-0.4041551306840525,-0.2683978105084556,-0.09255710639850039,-0.09011520166286643,0.41367611548414823,-0.339454656607959,0.0023200212374607228,-0.051478348695809785,0.34684058227247955,0.16912164080531122,-0.06492227311825187,-0.7071301346170501,1.809828626412828,17.242089063106253,3.7475135835439595,66,10
Morocco,MAR,2007,-0.30819115461242214,0.8059220574152185,-0.29112477275709087,-0.07476911281456129,-0.09134682798344464,-0.08760384433935994,0.4531382362580096,-0.36691726052433793,0.0023200212374607228,-0.051478348695809785,0.34684058227247955,0.16912164080531122,-0.06492227311825187,-0.7071301346170501,1.857836459409079,17.255494872813347,3.7476823365651386,66,11
Morocco,MAR,2008,-0.2659884395984065,1.053095567516762,-0.20705224251166898,0.11327398460131574,-0.2313147738922717,-0.08506219640246655,0.4903362048391848,-0.20947929831961637,0.0023200212374607228,-0.051478348695809785,0.34684058227247955,0.16912164080531122,-0.06492227311825187,-0.7106215953524928,1.857836459409079,17.268881832839664,3.7279748787134044,66,12
Morocco,MAR,2009,-0.241722753681746,0.7872493566707214,-0.09564416526902722,-0.3351278515285615,-0.31150708708483726,-0.08249810111941781,0.5020117819064318,-0.3805065960927773,0.0023200212374607228,-0.051478348695809785,0.07763796992567584,0.3821728709348875,-0.06492227311825187,-0.7106215953524928,1.857836459409079,17.2822078422387,3.7165063107048164,66,13
Morocco,MAR,2010,-0.21968700196456925,0.6967718969425836,-0.011090703067546885,-0.1271867710922484,-0.4328748331775491,-0.07986006626162728,0.5270222547763006,-0.25969505870613474,0.0023200212374607228,-0.051478348695809785,0.07763796992567584,0.16912164080531122,0.07060832162960441,-0.726334739976447,1.857836459409079,17.29573527044085,3.6988950227525788,66,14
Morocco,MAR,2011,-0.17571495826821618,0.7782553779120521,0.09576977289929399,0.08402719681074769,-0.2535759708845816,-0.0771655864876153,0.5595386759491365,-0.1935963652893191,0.0023200212374607228,-0.051478348695809785,-0.1915646424211279,0.16912164080531122,0.2061389163774616,-0.2828752297702985,1.857836459409079,17.30936578692281,3.7248043969636377,66,15
Morocco,MAR,2012,-0.15698789073653813,0.8936656346227034,0.19395796327465512,0.12451425630890382,-0.19150634205612244,-0.07448875860030255,0.4963740870189346,-0.21360564185505626,0.0023200212374607228,-0.051478348695809785,-0.1915646424211279,0.3821728709348875,0.2061389163774616,-0.2409735107730884,1.2337346304578178,17.3227254993835,3.7336195315656684,66,16
Morocco,MAR,2013,-0.12543066348253712,0.7076462439442834,0.19395796327465512,-0.0020404368099859885,-0.14986795956021065,-0.07187435634724669,0.526870991751643,-0.22299284946976183,0.0023200212374607228,-0.051478348695809785,-0.1915646424211279,0.3821728709348875,0.07060832162960441,-0.2409735107730884,0.9936954654765636,17.335603600530163,3.739489767343804,66,17
Morocco,MAR,2014,-0.10851628263385651,0.5371150844019901,0.19395796327465512,-0.05899684465446002,-0.14050275165228507,-0.0693513943746906,0.568842558836819,-0.08489557216604968,0.0023200212374607228,-0.051478348695809785,-0.1915646424211279,0.5952241010644648,0.07060832162960441,-0.2531946708901118,1.0176993819746887,17.347875987584015,3.7408053536026458,66,18
Morocco,MAR,2015,-0.07146591895164645,0.3980429150379474,0.19395796327465512,-0.1925267321951585,-0.14272491549570443,-0.06691551867152654,0.5943222114763093,-0.10074929504819484,0.0023200212374607228,-0.051478348695809785,-0.1915646424211279,0.5952241010644648,0.07060832162960441,-0.13796494364778397,1.2817424634540688,17.359583551237606,3.7404933496565054,66,19
Morocco,MAR,2016,-0.07999587318283759,0.7394707618231454,0.19395796327465512,-0.08135112948420646,-0.31452030159192473,-0.06440065999742092,0.605314598810763,-0.0955567009942857,0.0023200212374607228,-0.051478348695809785,-0.1915646424211279,0.3821728709348875,0.2061389163774616,-0.11875981451690035,1.0657072149709397,17.371528623522256,3.7160728064327664,66,20
Morocco,MAR,2017,-0.03378708397946462,0.6729608758616935,0.5373865070894827,0.007111183490768269,-0.2585714578763917,-0.061843071542083156,0.6434442557912947,-0.11881913916719271,0.0023200212374607228,-0.051478348695809785,-0.1915646424211279,0.3821728709348875,0.2061389163774616,-0.10130093952522569,1.2817424634540677,17.383532056823462,3.72409154720869,66,21
Moldova,MDA,1996,-0.3918059764961928,-0.34472225653789934,0.8911600088704499,1.6038294969469233,-0.40404688553436685,-0.25837284659328247,-0.3624898563347568,0.037729007916598487,0.60890624023874,-1.240646298699596,-0.7299698671147353,0.5952241010644648,0.612730700621032,0.13963394470873283,1.2817424634540688,14.896398019214196,3.7031063269863242,67,0
Moldova,MDA,1997,-0.37340170869603234,-0.32668686617989257,0.8911600088704499,1.5551969099714709,0.04892031077496152,-0.2584386405389102,-0.4028473335863348,-0.11631535419016747,0.60890624023874,-1.240646298699596,-0.999172479461539,0.5952241010644648,0.612730700621032,0.13963394470873283,1.2817424634540688,14.892699666950213,3.7670498194195017,67,1
Moldova,MDA,1998,-0.4337528337991535,-0.06525448543874844,0.8911600088704499,1.2432638195239412,0.11071574645288398,-0.25844581256276267,-0.4227756077160501,-0.5415579839523874,0.60890624023874,-1.240646298699596,-1.2683750918083427,0.5952241010644648,0.612730700621032,0.13963394470873283,1.2817424634540688,14.892295691361738,3.7754646677042487,67,2
Moldova,MDA,1999,-0.4616550707199127,-0.5036257461508712,0.8911600088704499,1.2642814506725728,-0.09395151519249188,-0.2584736600921391,-0.5546181579564577,-0.526239825978405,0.3056131307381003,-1.240646298699596,-1.2683750918083427,0.4886984859996758,0.27390421375139,0.13963394470873283,1.2817424634540688,14.890725586377473,3.747319121317894,67,3
Moldova,MDA,2000,-0.44221357245412646,-0.8682230618041491,0.8911600088704499,1.5146788315894104,1.0327950956984642,-0.2585096653451049,-0.5208030141415572,-0.6393679164166043,0.0023200212374607228,-1.240646298699596,-1.2683750918083427,0.3821728709348875,-0.06492227311825187,0.13963394470873283,1.2817424634540688,14.888691869851584,3.893278969919461,67,4
Moldova,MDA,2001,-0.38777197037041083,-0.7092902053956479,0.8911600088704499,1.4664746888556124,0.5403102694657498,-0.2585491719486698,-0.5203050932375963,-0.4046664093130773,-0.6042661977638185,-1.240646298699596,-1.1337737856349408,0.3821728709348875,-0.33598346261396594,-0.187723234956971,1.2337346304578178,14.886455614244033,3.832084654556012,67,5
Moldova,MDA,2002,-0.31423775059990494,-0.7603655952838807,0.8911600088704499,1.6212856295844609,0.214288670666195,-0.25858999080280465,-0.44596865743447034,-0.5364613639621046,-1.2108524167650978,-1.240646298699596,-0.999172479461539,0.3821728709348875,-0.6070446521096794,-0.5150804146226747,0.9936954654765636,14.884139814418027,3.789411580853626,67,6
Moldova,MDA,2003,-0.2461279942963095,-0.4884004465858276,0.8911600088704499,1.9175522518494617,-0.01136750620850948,-0.25863949953744203,-0.47466789866678266,-0.5124944319190592,-1.2108524167650978,-1.240646298699596,-1.2683750918083427,0.3821728709348875,-0.6070446521096794,-0.5150804146226747,0.9936954654765636,14.881323790433433,3.7587714581383516,67,7
Moldova,MDA,2004,-0.1652415587399832,-0.17007710821552308,0.8911600088704499,1.7042049922418914,0.34181596943264375,-0.258682888467578,-0.48679325664606393,-0.5087801349936325,-1.2108524167650978,-1.240646298699596,-0.7299698671147353,0.3821728709348875,0.07060832162960441,-0.5150804146226747,0.561624968510306,14.878849319746223,3.806321166329769,67,8
Moldova,MDA,2005,-0.07706601341803107,0.242531175947524,0.8911600088704499,2.003588672227544,0.43809815959090825,-0.2587254489261559,-0.496271036889597,-0.6377108319481604,-1.2108524167650978,-1.240646298699596,-0.46076725476793157,0.3821728709348875,0.07060832162960441,-0.5150804146226747,0.1295544715440488,14.876416133469167,3.8189009892608956,67,9
Moldova,MDA,2006,-0.014734719195153153,0.7000048686611545,0.8911600088704499,1.833408562866633,0.6423956612063854,-0.25877393567763046,-0.504312651475743,-0.6701265759322739,-1.2108524167650978,-1.240646298699596,0.07763796992567584,0.3821728709348875,0.07060832162960441,1.4927101127364792,0.1295544715440488,14.873636906750553,3.845080742540655,67,10
Moldova,MDA,2007,0.02693476935558766,1.3971692222958336,0.8911600088704499,1.9948016044407002,1.418305717545162,-0.25881425865827806,-0.5155512163928867,-0.6148516617502954,-1.2108524167650978,-1.240646298699596,0.07763796992567584,0.3821728709348875,0.07060832162960441,1.4927101127364792,0.1295544715440488,14.871319724307074,3.93869762762911,67,11
Moldova,MDA,2008,0.13326102409095408,1.3841556574210945,0.8911600088704499,1.7541539418248555,1.388124270480132,-0.2588473128592709,-0.4599197030610916,-0.6415252584193526,-1.2108524167650978,-1.240646298699596,0.07763796992567584,0.3821728709348875,0.07060832162960441,1.4927101127364792,0.1295544715440488,14.869416233408062,3.935215307016271,67,12
Moldova,MDA,2009,0.04889412499636327,0.0008508732337466108,0.8911600088704499,1.0565263958873161,0.17962835442915012,-0.2588692038595624,-0.6268531525786875,-0.8044714928248028,-1.2108524167650978,-1.240646298699596,0.07763796992567584,0.3821728709348875,-0.06492227311825187,1.056234047772703,-0.13448860993533082,14.868153599931352,3.784765917153686,67,13
Moldova,MDA,2010,0.146198541521713,-0.007898625751657708,0.8911600088704499,0.4062458006852981,0.07921316703878739,-0.25888649291200266,-0.8209483332180587,-0.53237455910839,-1.2108524167650978,-1.240646298699596,0.07763796992567584,0.5952241010644648,-0.06492227311825187,1.0265534888925172,0.08154663854779776,14.86715527053979,3.7711837262344807,67,14
Moldova,MDA,2011,0.2312995114988799,0.06948773144178115,0.8816770927423485,0.715930688666899,0.10840925651360704,-0.25889650109031276,-0.8053835995833114,-0.4927099529925651,-1.2108524167650978,-1.240646298699596,0.07763796992567584,0.5952241010644648,0.07060832162960441,1.4630300776277807,0.12955447154404823,14.866576908093112,3.775151855707031,67,15
Moldova,MDA,2012,0.22246129538261356,0.12674368718855472,0.8989392095933693,0.6489122703163875,-0.15317096844979405,-0.25889876880443136,-0.8191861551764212,-0.4591209706276861,-1.2108524167650978,-1.240646298699596,-0.1915646424211279,0.5952241010644648,0.07060832162960441,1.4612838234885717,0.12955447154404823,14.86644581270355,3.739025360944,67,16
Moldova,MDA,2013,0.36070861191582204,0.05393374912640939,0.904017566816672,0.6309595994724729,-0.21020606865330851,-0.258903400988471,-0.9342541481316808,-0.43510181748638155,-1.2108524167650978,-1.240646298699596,-0.1915646424211279,0.8082753311940414,0.07060832162960441,1.4612838234885717,-0.062476860440954234,14.866177975102444,3.730971963916182,67,17
Moldova,MDA,2014,0.44486455215184484,0.41257608187902495,1.4853391198762034,0.5886522435146292,-0.018818864458841764,-0.2589139413236943,-0.9661280472923108,-0.4747707193409744,-1.2108524167650978,-1.240646298699596,-0.1915646424211279,0.8082753311940414,0.07060832162960441,1.4612838234885717,-0.15849252643345632,14.86556825471363,3.757743507353337,67,18
Moldova,MDA,2015,0.45235815033765686,0.17456887658537865,1.5102311437283904,0.43607147555845605,-0.1510898609984344,-0.2590459948522488,-0.9789916319416049,-0.47632721807861644,-1.2108524167650978,-1.240646298699596,-0.46076725476793157,0.8082753311940414,-0.33598346261396533,1.466521538363223,-0.15849252643345632,14.857897761811254,3.7393179918962436,67,19
Moldova,MDA,2016,0.5552979269009166,-0.043654546930100076,1.5456413980076207,0.43718115588665324,-0.45559292054595185,-0.2592442958692548,-1.0175124971511582,-0.4691069238804712,-1.2108524167650978,-1.240646298699596,-0.46076725476793157,0.8082753311940414,-0.20045286786610875,1.4071609443743378,-0.15849252643345632,14.846267542156378,3.6955637312911245,67,20
Moldova,MDA,2017,0.66651269045645,-0.019871747469067634,1.1220179288326813,0.4261246352183668,-0.37513162888563373,-0.2595345451347231,-1.0651478689496268,-0.48371305504080647,-1.2108524167650978,-0.051478348695809785,-0.46076725476793157,0.8082753311940414,-0.06492227311825187,1.3949397842573141,-0.15849252643345632,14.82899696370838,3.707312644778764,67,21
Madagascar,MDG,1996,-1.0547571707010122,-1.5850903926415278,-1.5597054271916682,-1.1032255119171952,-0.6059942235566504,-0.1884461099055057,-1.2226397197036996,-0.6594018803469832,2.024274246331383,-0.051478348695809785,0.8607729205207736,-0.7605557492999624,0.612730700621032,0.7943483040401405,0.41760146952155225,16.490397693263663,3.6732250360789673,68,0
Madagascar,MDG,1997,-1.0538388557431737,-1.5091564275580371,-1.5597054271916682,-1.074480742780592,-0.5852843350942818,-0.18554281296821504,-1.2358252121759774,-0.6594018803469832,2.024274246331383,-0.051478348695809785,0.795511746425212,0.052912041610052654,0.612730700621032,1.23082463088966,0.41760146952155225,16.52294823818053,3.6763308054025363,68,1
Madagascar,MDG,1998,-1.0524228402571778,-1.254996382870565,-1.5597054271916682,-1.06118719435866,-0.5769369120359039,-0.18252796263800203,-1.2543147463750381,-0.6594018803469832,2.024274246331383,-0.051478348695809785,0.7302505723296506,0.8663798325200677,0.612730700621032,1.6673009577391795,0.41760146952155225,16.555664217362967,3.6775799087105545,68,2
Madagascar,MDG,1999,-1.0490523211340512,-1.2493159477596145,-1.5597054271916682,-0.9570219885086393,-0.41007911443385725,-0.17943696549130514,-1.278731493420145,-0.6594018803469832,2.024274246331383,-0.051478348695809785,0.6106048711256981,0.8663798325200677,0.612730700621032,1.6673009577391795,0.41760146952155225,16.588130967202016,3.702226580433844,68,3
Madagascar,MDG,2000,-1.0460398360816485,-1.2933378166384928,-1.5597054271916682,-0.9032981863517326,-0.33786609028618253,-0.17631760680003156,-1.3018219115245653,-0.6594018803469832,2.024274246331383,-0.051478348695809785,0.49095916992174504,0.8663798325200677,0.612730700621032,1.6673009577391795,0.41760146952155225,16.61986069132845,3.7127077175884726,68,4
Madagascar,MDG,2001,-1.0389810138152398,-0.9804429443995339,-1.5597054271916682,-0.9538115676588065,-0.35151898385014535,-0.17319359778300544,-1.341466107199269,-0.6594018803469832,1.6198833527857013,-0.051478348695809785,0.2897371087793854,0.9971158553184358,0.7902112671776242,1.23082463088966,0.41760146952155225,16.650659674262684,3.710734513443453,68,5
Madagascar,MDG,2002,-1.078290149595205,-1.409860620823469,-1.5597054271916682,-0.6885848871117783,-0.5945109343694743,-0.170067333146336,-1.547433130658271,-0.6594018803469832,1.2154924592400194,-0.051478348695809785,0.08851504763702576,1.1278518781168039,0.9676918337342166,0.7943483040401405,-0.038472943942829865,16.68055960757924,3.6749483248599932,68,6
Madagascar,MDG,2003,-1.0635433737951716,-1.0756522537243427,-1.5597054271916682,-1.1569245678676707,-0.6066739048276469,-0.16691103188026096,-1.7059502528264832,-0.6594018803469832,0.0935525296511539,-0.5124569261788775,1.0542800655174538,-0.2378538546480234,-0.2782414659052096,0.48754967902892976,0.12955447154404823,16.70986631363608,3.6731229436605712,68,7
Madagascar,MDG,2004,-1.0582379991208668,-0.1745287146455824,-1.5597054271916682,-0.7293642302444819,-0.46420269078507376,-0.16367724735818148,-1.836318440204771,-0.6594018803469832,0.34214320865328285,-0.19667623105845208,0.8332944407491312,0.3612222735491043,-0.09376318368059575,0.6050221957805832,0.12955447154404823,16.739027398151958,3.694298322751965,68,8
Madagascar,MDG,2005,-1.0540296158750009,-0.39584149891383735,-1.5597054271916682,-0.4291047050275826,-0.39432201034185627,-0.1603325262614199,-1.9439649841603392,-0.6594018803469832,0.4137208677644087,-0.12311477733839839,0.48531926751203497,0.12380941198329212,-0.06500575996461654,0.19303297162728938,0.12955447154404823,16.76832009030735,3.7045229853068906,68,9
Madagascar,MDG,2006,-1.0482267439524955,-0.2764244978650842,-1.4671568638640688,-0.34290255121918495,0.13816867819566617,-0.15687833202148743,-1.891542991901948,-0.6594018803469832,0.0023200212374607228,-0.051478348695809785,0.34684058227247955,-0.2569802229106366,0.2061389163774616,0.5010362710596699,0.12955447154404823,16.797696999591036,3.7791804095156274,68,10
Madagascar,MDG,2007,-1.041513832232543,0.4540517374584266,-1.3828192049456027,-0.20951748857012933,0.9247986833182781,-0.15332452768299057,-1.8326495749345784,-0.6594018803469832,0.0023200212374607228,-0.051478348695809785,0.4814418884458814,-0.2569802229106366,0.2061389163774616,0.5010362710596699,0.12955447154404823,16.82704649320707,3.880176620665222,68,11
Madagascar,MDG,2008,-1.0320964046028813,1.844543561366991,-1.3012297771225185,0.012446592531280663,1.147604852402353,-0.14966439476490065,-1.7632744480837605,-0.529487758349798,0.0023200212374607228,-0.051478348695809785,0.07763796992567584,-0.2569802229106366,0.34166951112531785,0.8938648866585145,0.12955447154404823,16.85639978451431,3.9070222021293994,68,12
Madagascar,MDG,2009,-1.0502828547688723,1.7677918032130204,-1.2612041229271598,-0.33394645138742507,1.6329460039965118,-0.14589430492462785,-1.6874831623295787,-0.6655259930284978,1.2154924592400194,-0.051478348695809785,-0.999172479461539,-0.2569802229106366,-0.06492227311825187,0.457388821694738,0.12955447154404823,16.885760194859976,3.9631190047770644,68,13
Madagascar,MDG,2010,-1.055969234515373,0.399998346926265,-1.2612041229271598,-0.4655019710238735,0.9042658644091013,-0.14204789894521697,-1.5951531807069292,-0.7342102652213944,1.2154924592400194,-0.051478348695809785,-1.2683750918083427,-0.2569802229106366,-0.20045286786610875,0.17280596432436157,-0.30251602542221007,16.914852159742033,3.8776659963730813,68,14
Madagascar,MDG,2011,-1.0590731966764582,0.25440669756182527,-1.0600852643410845,-0.5058606158011381,0.5527848527509647,-0.13818395597662225,-1.489892445661065,-0.74704123821247,1.2154924592400194,-0.051478348695809785,-1.5375777041551464,-0.4700314530402132,-0.20045286786610875,0.1710602339566404,-0.44653952441096145,16.94324872991792,3.8336818326392246,68,15
Madagascar,MDG,2012,-1.0585872944152988,0.09420244100912162,-1.0139967648580064,-0.6169606529478033,0.5488984174816638,-0.13431288936207625,-1.3635051445644928,-0.7950541915953817,1.2154924592400194,-0.051478348695809785,-0.46076725476793157,-0.4700314530402132,-0.33598346261396533,-0.2654158310071355,-0.8306021883809687,16.970911359980075,3.833184508035292,68,16
Madagascar,MDG,2013,-1.0596655383768974,-0.34394484045146706,-1.0139967648580064,-0.5092101294787638,0.12923376327429217,-0.1304012215939508,-1.2931877888224865,-0.7423545569553186,1.2154924592400194,-0.051478348695809785,-0.7299698671147353,-0.6830826831697902,-0.20045286786610875,-0.19732553763666963,-1.0226335203659718,16.998107842839854,3.777972587737324,68,17
Madagascar,MDG,2014,-1.0582022475841404,-0.5231221179881256,-0.9986779061761606,-0.34677100017269125,-0.1374160181708847,-0.12643993019367264,-1.2251622344118787,-0.6308736881210215,0.60890624023874,-0.051478348695809785,0.34684058227247955,-0.6830826831697902,-0.20045286786610875,-0.1798666626449941,-1.0226335203659718,17.024915636560234,3.741238586388005,68,18
Madagascar,MDG,2015,-1.0571188732709325,-0.4404508049737729,-0.9875960310032592,-0.3684916047642642,-0.15098136291934122,-0.12243451814750293,-1.1568008016146203,-0.6557372858721032,0.60890624023874,-0.051478348695809785,0.34684058227247955,-0.6830826831697902,-0.06492227311825187,0.33168366470310817,-1.0226335203659718,17.05131047897335,3.739333245798205,68,19
Madagascar,MDG,2016,-1.0539192262361454,-0.4382930371797139,-0.9891993788607837,-0.37967533443972185,0.13091818397454455,-0.11836321539990306,-1.1531508714660332,-0.6175507762255088,0.60890624023874,-0.051478348695809785,0.34684058227247955,-0.4700314530402132,0.2061389163774616,0.3700933991933882,-0.9146158961244072,17.07744407152502,3.778200399338516,68,20
Madagascar,MDG,2017,-1.0507970192703129,-0.5399551586431642,-1.0364962667461255,-0.2489346436863682,-0.04434839975872657,-0.11420015791544567,-1.135816980949044,-0.5591211073340299,0.0023200212374607228,-0.051478348695809785,0.34684058227247955,-0.4700314530402132,0.07060832162960441,0.37707684443576034,-0.7825943553847182,17.103478620049156,3.754213551137445,68,21
Maldives,MDV,1996,0.4229619494467804,0.502532477361262,-0.2563314885480726,2.6692439162521056,-0.29113872299845733,-0.27460935313165197,1.108334280182197,-1.20270869156223,1.8220786782412985,2.326857551311763,2.2312588687001056,2.33514198333667,1.9680366480995994,0.7943483040401405,0.12955447154404823,12.47742714568195,3.7194317422917442,69,0
Maldives,MDV,1997,0.53033902441025,0.502532477361262,0.06623703166466167,2.6692439162521056,-0.2612879219706414,-0.27457693993785004,1.0556138455656996,-1.20270869156223,1.8220786782412985,2.326857551311763,2.2312588687001056,2.33514198333667,1.9680366480995994,0.7943483040401405,0.12955447154404823,12.49765211326065,3.723703697775159,69,1
Maldives,MDV,1998,0.6313988608392682,0.502532477361262,-1.0385003216403033,2.6692439162521056,-0.28027119774332254,-0.27454660699379957,0.9981100378940463,-1.20270869156223,1.8220786782412985,2.326857551311763,2.2312588687001056,2.33514198333667,1.9680366480995994,0.7943483040401405,0.12955447154404823,12.516215573762013,3.720989109903429,69,2
Maldives,MDV,1999,0.7160682300781874,0.502532477361262,-0.8365839349999473,2.6692439162521056,-0.28726479152704465,-0.2745182514964606,0.9304612712307258,-1.20270869156223,1.8220786782412985,2.326857551311763,2.2312588687001056,2.33514198333667,1.9680366480995994,0.7943483040401405,0.12955447154404823,12.533262649499477,3.7199871731705643,69,3
Maldives,MDV,2000,0.7594285958440289,0.502532477361262,-0.4325901635935681,2.6692439162521056,-0.03660313083405324,-0.2744903918726088,0.86146749020887,-1.20270869156223,1.8220786782412985,2.326857551311763,2.2312588687001056,2.33514198333667,1.9680366480995994,0.7943483040401405,0.12955447154404823,12.54973326939122,3.7552858029743783,69,4
Maldives,MDV,2001,0.6453899294351727,0.502532477361262,-0.08528583607467738,2.6692439162521056,-0.24165869647610774,-0.27446167958824846,0.8311625875628749,-1.20270869156223,1.8220786782412985,2.326857551311763,2.2312588687001056,2.33514198333667,1.9680366480995994,0.7943483040401405,0.12955447154404823,12.566428805471379,3.726502927832738,69,5
Maldives,MDV,2002,0.7521576686103206,0.502532477361262,-0.07357166772930646,2.6692439162521056,-0.17493494893029007,-0.2744323565328855,0.8385609584935673,-1.20270869156223,1.8220786782412985,2.326857551311763,2.2312588687001056,2.33514198333667,1.9680366480995994,0.7943483040401405,0.12955447154404823,12.583196576457098,3.735959918884513,69,6
Maldives,MDV,2003,0.996096845145162,0.502532477361262,0.16621507115967968,2.6692439162521056,-0.13022624011060835,-0.2744028762493437,0.8510511885383846,-1.20270869156223,1.8220786782412985,2.326857551311763,1.962056256353302,2.086582115428296,1.9680366480995994,0.7943483040401405,0.12955447154404823,12.599775515605659,3.7422469672838403,69,7
Maldives,MDV,2004,1.0924742643893617,0.502532477361262,0.16039564534685952,2.6692439162521056,0.08866132402650162,-0.2743731117456323,0.6542850850617332,-1.312232878099926,1.4850865500267987,2.1226569606073724,0.9695415440133762,1.0672365264377945,1.3793681837703475,0.26528620078012916,0.12955447154404823,12.616240013996233,3.7724695781404862,69,8
Maldives,MDV,2005,0.7901167903469339,0.502532477361262,0.16039564534685952,2.6692439162521056,0.12929317955073655,-0.27434277880158187,0.39157553259985445,-1.2562401863158077,1.2154924592400194,1.7322735763098698,1.692853644006498,1.8380222475199222,1.6292101612299577,0.7943483040401405,0.12955447154404823,12.632744623282736,3.7779806244496417,69,9
Maldives,MDV,2006,1.2231682784468647,0.502532477361262,0.16039564534685952,2.6692439162521056,0.04424703958512958,-0.27429789620374645,0.2588827014919228,-1.4404345422899627,1.2154924592400194,1.7322735763098698,1.692853644006498,1.8380222475199222,1.6292101612299577,0.7943483040401405,0.12955447154404823,12.656676816196299,3.766410558397993,69,10
Maldives,MDV,2007,1.3146614281602047,0.502532477361262,0.16039564534685952,2.6692439162521056,0.5575636223783611,-0.27423362616200636,0.0801280183482931,-1.5046627597416846,0.60890624023874,1.7322735763098698,1.1544484193128908,1.589462976154754,1.2903836743603156,1.1217054837058442,0.12955447154404823,12.6899791799449,3.8342930052622135,69,11
Maldives,MDV,2008,1.4503375514590935,0.502532477361262,0.16039564534685952,2.6692439162521056,0.7082033175337298,-0.2741629279066448,-0.039594739318259964,-1.2797498970323438,0.60890624023874,1.7322735763098698,0.6160431946192833,1.0923432403380064,0.9515571874906739,1.1217054837058442,0.12955447154404823,12.725375238056547,3.853369802272717,69,12
Maldives,MDV,2009,1.1331759482749144,0.502532477361262,0.16039564534685952,2.6692439162521056,0.49792898311802475,-0.2740897260948963,-0.19264094011801192,-1.4318987887083778,0.60890624023874,1.7322735763098698,0.6160431946192833,1.0923432403380064,0.9515571874906739,1.1217054837058442,0.12955447154404823,12.76075054786454,3.8266392491703245,69,13
Maldives,MDV,2010,1.208174393595609,0.502532477361262,0.24144969122581855,2.6692439162521056,0.7732505074338909,-0.2740140328212361,-0.13726024314695626,-1.447578267243195,0.60890624023874,1.7322735763098698,0.6160431946192833,1.0923432403380064,0.9515571874906739,1.1217054837058442,0.12955447154404823,12.79605966565202,3.861496102860598,69,14
Maldives,MDV,2011,1.3359333314210569,0.502532477361262,0.34276555583536256,2.6692439162521056,1.9402177680970978,-0.2739361323058338,-0.07201745858462126,-1.3941136004965164,0.60890624023874,1.7322735763098698,0.34684058227247955,1.0923432403380064,0.612730700621032,0.46699112437443663,0.12955447154404823,12.831141714654015,3.9970733506330665,69,15
Maldives,MDV,2012,1.3071912169391446,0.502532477361262,0.3113388729821042,2.6692439162521056,0.6946645147044658,-0.2738566474141674,-0.05111630968430327,-1.417712158364242,0.60890624023874,1.7322735763098698,0.34684058227247955,1.0923432403380064,0.612730700621032,0.13963394470873283,0.12955447154404823,12.865712162347641,3.851670074211077,69,16
Maldives,MDV,2013,1.396699865232534,0.502532477361262,0.18132904031058855,2.6692439162521056,1.2105772826079106,-0.2737765094208347,-0.01947020545001001,-1.5618194932943144,0.60890624023874,1.7322735763098698,0.34684058227247955,1.0923432403380064,0.612730700621032,0.13963394470873283,0.12955447154404823,12.899397310338857,3.9144808315007493,69,17
Maldives,MDV,2014,1.5134664353752145,0.502532477361262,0.34521439359460204,2.6692439162521056,0.8836255296411997,-0.27369458749239545,0.031654637441517086,-1.5322468763458919,1.2154924592400194,1.5340787594201784,1.513385092200569,0.9266372582756295,1.5162681796475364,0.13963394470873283,0.12955447154404823,12.932698121538852,3.875135856838,69,18
Maldives,MDV,2015,1.5230794718275575,1.301642393363972,0.36442534648311886,2.0237980717306545,0.5791579823094917,-0.27360667879868306,0.09064120149827382,-1.3401483218288162,1.2154924592400194,1.5340787594201784,1.513385092200569,0.9266372582756295,1.2150888392645756,0.13963394470873283,0.12955447154404823,12.96724055853633,3.8370501310842173,69,19
Maldives,MDV,2016,1.6004366820141882,2.1075387613369045,0.24026398912193495,2.0429278231651913,1.1098731612228103,-0.2735150389593409,0.13973625755531183,-1.2943202681346904,0.40671067214865514,1.5340787594201784,1.513385092200569,0.9266372582756295,1.2150888392645756,0.13963394470873283,0.12955447154404823,13.002022322805423,3.9025263567493034,69,20
Maldives,MDV,2017,1.704163989289477,2.2541499941478786,0.23040418580025224,1.9713592767559789,0.9662264808404295,-0.2734244573865874,0.03960945993447437,-1.2817553611448458,0.40671067214865514,1.1376896013079765,1.2740941205168432,0.9266372582756295,0.9139100410039928,0.13963394470873283,0.12955447154404823,13.035253086431963,3.88522304372267,69,21
Mexico,MEX,1996,1.3650481761243298,-0.5914578075797172,0.2803131299612508,-0.7585808085196265,-0.28146432608380084,0.2828876325552499,0.48797800472705416,0.6245490252249679,-0.6042661977638185,-0.051478348695809785,-1.2683750918083427,1.447428425039566,-0.33598346261396533,0.13963394470873283,0.41760146952155336,18.342207752795638,3.7208182474612186,70,0
Mexico,MEX,1997,1.5093090820262076,-0.3876284408020338,0.2803131299612508,-0.7955799892301935,-0.22643283532280253,0.2923727550448513,0.4522802579261077,0.6605025191585876,-0.30097308826317887,0.5431056263060834,-0.8645711732881372,1.447428425039566,-0.1326875704921809,0.13963394470873283,0.7296523839971835,18.35903093180786,3.7286688317443195,70,1
Mexico,MEX,1998,1.6346185314719819,-0.19099080449436878,0.2803131299612508,-0.7509237359959283,-0.25393099811073055,0.3017703921473757,0.7567348648629286,0.6092391658760048,0.0023200212374607228,1.1376896013079765,-0.46076725476793157,1.447428425039566,0.07060832162960441,0.13963394470873283,1.2337346304578178,18.375424411438285,3.7247537517922957,70,2
Mexico,MEX,1999,1.6676504589683714,-0.205106456096129,0.2803131299612508,-0.7514930874112123,-0.26743721090007033,0.3110859319515691,0.8503724821340365,0.616577606986763,0.0023200212374607228,1.1376896013079765,-0.1915646424211279,1.3409031082463807,0.07060832162960441,0.13963394470873283,0.41760146952155225,18.391413691547697,3.72282516276647,70,3
Mexico,MEX,2000,1.7692285112750843,-0.16490206878343402,0.2803131299612508,-0.6964513830915349,-0.2220061508228643,0.3202163234806444,1.0347970839772582,0.6282867614157338,0.0023200212374607228,1.1376896013079765,0.07763796992567584,1.2343777914531946,0.07060832162960441,0.13963394470873283,0.8976797994840615,18.406840944212185,3.729297655732574,70,4
Mexico,MEX,2001,1.7103890702768518,-0.35381870707226215,0.3442043724092567,-0.8463766748333663,-0.0024004402014759815,0.3291272123775141,0.9051556933696141,0.5385812229330865,0.0023200212374607228,0.5431056263060834,0.34684058227247955,1.447428723311169,0.47720010587317474,0.46699112437443663,1.2337346304578178,18.42167125323604,3.7600071087876366,70,5
Mexico,MEX,2002,1.6603769017074836,-0.3908886225430426,0.42626200765703287,-0.8327560062578477,-0.22037200291608167,0.3378928345315649,0.8764134004896807,0.5016554915833726,0.0023200212374607228,-0.051478348695809785,0.6160431946192833,1.6604796551691425,0.8837918901167451,0.7943483040401405,0.41760146952155225,18.436048305770985,3.7295296915164435,70,6
Mexico,MEX,2003,1.6538776110660127,-0.3015692997008385,0.5496482072536552,-0.7315380208894104,-0.23981146607416906,0.3465397252216032,0.8420098805401162,0.3882056732470427,0.0023200212374607228,-0.051478348695809785,0.6160431946192833,1.6604796551691425,0.8837918901167451,0.7943483040401405,0.41760146952155225,18.450030941913276,3.726765949591478,70,7
Mexico,MEX,2004,1.7177397213651189,-0.21943866719972088,0.5941538934129191,-0.6346807949632854,-0.12208130409701069,0.3551002915941934,0.8554479753155881,0.513449872343169,0.0023200212374607228,-0.051478348695809785,0.6160431946192833,1.6604796551691425,0.8837918901167451,0.7943483040401405,0.9456876324803126,18.463684024936594,3.7433880839254203,70,8
Mexico,MEX,2005,1.7402436576076712,-0.2280000870142991,0.6248684663077699,-0.619543435325383,-0.1772004168616383,0.3636714829633339,0.8331986799381814,0.5173471183887711,0.0023200212374607228,-0.051478348695809785,0.6160431946192833,1.6604796551691425,0.7482612953688889,0.7943483040401405,0.9936954654765636,18.477169814387544,3.7356402885933697,70,9
Mexico,MEX,2006,1.8435259326513922,-0.11034940652475808,0.6998897233868085,-0.5638837433500796,-0.27412469626491653,0.3723925793065706,0.8482383203191672,0.6281924595238572,0.0023200212374607228,-0.051478348695809785,0.07763796992567584,1.6604796551691425,0.7482612953688889,1.0859146066528895,0.9936954654765636,18.490707306330087,3.721868859927338,70,10
Mexico,MEX,2007,1.8639917675444326,-0.02845323259017859,0.7501482249755655,-0.5413699167202166,-0.16506341577841988,0.3815885773169065,0.8262913439615075,0.5981492666685068,0.0023200212374607228,-0.051478348695809785,0.2122392760990777,1.6604796551691425,0.5449654032471035,1.0859146066528895,0.9936954654765636,18.504786212042156,3.7373514823099145,70,11
Mexico,MEX,2008,1.8475360037049287,0.1176750780011145,0.8221534965656752,-0.5092768207233548,-0.20748489190888406,0.3912637221551715,0.7567200895448835,0.6666564705175195,0.0023200212374607228,1.1376896013079765,0.34684058227247955,1.6604796551691425,0.34166951112531785,1.1051192120122857,0.9696915489784376,18.519387775191547,3.731357672976153,70,12
Mexico,MEX,2009,1.6064911634004984,0.022449205811604485,0.8172995067236087,-0.5607048725141087,-0.2886334492384034,0.4010931017896899,0.6238140440245411,0.4296856500208933,0.0023200212374607228,1.1376896013079765,0.07763796992567584,1.447428425039566,0.34166951112531785,1.1051192120122857,0.6096328015065564,18.534006947113433,3.719790975008973,70,13
Mexico,MEX,2010,1.7074142288371146,-0.004401868744668209,0.8655035893113354,-0.4249493885754086,-0.1738129067195871,0.41091486795200743,0.6953739847467904,0.47461951361807636,0.0023200212374607228,1.1376896013079765,0.07763796992567584,1.447428425039566,0.34166951112531785,1.131307786385542,0.7056484674990585,18.548404394243097,3.736118187729706,70,14
Mexico,MEX,2011,1.767294532854496,0.10710577246821534,0.9056129901712062,-0.34117580386235263,-0.3121159650886708,0.42070902847445446,0.6993331079997464,0.5813959942057682,0.0023200212374607228,1.1376896013079765,0.07763796992567584,1.447428425039566,0.34166951112531785,1.131307786385542,0.6096328015065564,18.562557882504613,3.7164187279695273,70,15
Mexico,MEX,2012,1.833492767496287,0.1333319347362763,0.9894257122825038,-0.2804104465491595,-0.39523819426854967,0.43023163779024576,0.6801425757448394,0.6041252621406424,0.0023200212374607228,1.1376896013079765,0.07763796992567584,1.447428425039566,0.34166951112531785,1.1260700715108907,0.17756230454029986,18.57612951518002,3.7043896070233937,70,16
Mexico,MEX,2013,1.8194550607057316,-0.07270530344506264,1.082482076136086,-0.32582783957830763,0.00784950819387529,0.43945588244764294,0.7260332698778212,0.44374055264944545,0.0023200212374607228,1.1376896013079765,0.07763796992567584,1.447428425039566,0.34166951112531785,1.1278163256500997,0.34558972002717625,18.58910259587221,3.7614176714623255,70,17
Mexico,MEX,2014,1.859116522095002,-0.1113979159492783,1.2294696335851112,-0.285036195490159,-0.28845744503948134,0.4481680651625841,0.7862542365668258,0.42288453138376997,0.0023200212374607228,1.1376896013079765,0.07763796992567584,1.447428425039566,0.34166951112531785,1.0876603370206106,0.1295544715440488,18.60120286606772,3.719816207506494,70,18
Mexico,MEX,2015,1.9099892328429542,0.06974703650500295,1.3621547532504201,-0.10193017380088429,-0.13567006995654127,0.4559571793809759,0.8266567059125384,0.33327016605496856,0.0023200212374607228,1.1376896013079765,0.07763796992567584,1.447428425039566,0.2061389163774616,0.6284871584190208,-0.590563023399714,18.61189850359447,3.741483552649101,70,19
Mexico,MEX,2016,1.9353886830329865,0.1381263168859048,1.430591532479134,0.05109866844841796,-0.04946981112881722,0.4630871446955602,0.8816809746083328,0.3146816443058022,0.0023200212374607228,1.1376896013079765,0.07763796992567584,1.6604796551691425,0.07060832162960441,0.17804367919901284,-0.590563023399714,18.621589745562805,3.7535039130727057,70,20
Mexico,MEX,2017,1.965276609028944,0.07719204280008578,1.5116975513377535,0.08768825122096444,-0.17028982229141976,0.470033642867093,0.9275793932090294,0.42630594180481934,0.0023200212374607228,1.1376896013079765,0.07763796992567584,1.6604796551691425,0.2061389163774616,0.1675682494497103,-0.590563023399714,18.63094213945166,3.7366149710919028,70,21
Marshall Islands,MHL,1999,-0.7434442398550879,-0.6922910776383001,0.3333786649651114,0.9879303545798873,-0.5320307084818634,-0.27589224436282844,-0.020669513802807814,-1.0852067270748265,2.833055548153772,1.9304683931995605,1.9919674662922,0.9266372582756295,1.8174469779081186,-0.05939922052801556,0.12955447154404823,10.82383006485038,3.6842730018105487,71,0
Marshall Islands,MHL,2000,-0.7354337915207235,-0.6922910776383001,0.3333786649651114,1.628349143109192,-0.5320307084818634,-0.27588919655505306,-0.020669513802807814,-1.1726037770639817,2.833055548153772,1.9304683931995605,1.9919674662922,0.9266372582756295,1.8174469779081186,-0.05939922052801556,0.12955447154404823,10.83381924711004,3.6842730018105487,71,1
Marshall Islands,MHL,2001,-0.7011576715850264,-0.6922910776383001,0.3333786649651114,1.2992646535787395,-0.53875713885193,-0.2758866748569532,-0.020669513802807814,-1.3484991758902518,2.833055548153772,1.9304683931995605,1.9919674662922,0.9266372582756295,1.8174469779081186,-0.05939922052801556,0.12955447154404823,10.842009333251605,3.6832733018747925,71,2
Marshall Islands,MHL,2002,-0.6829918773399711,-0.6922910776383001,0.5448743709848812,0.8233067814154813,-0.5333348792475674,-0.27588484859118295,-0.020669513802807814,-1.004585600053159,2.833055548153772,1.9304683931995605,1.9919674662922,0.9266372582756295,1.8174469779081186,-0.05939922052801556,0.12955447154404823,10.847899160126937,3.6840792505743956,71,3
Marshall Islands,MHL,2003,-0.6951691702808153,-0.6922910776383001,0.3693637498915285,1.2496881894886802,-0.7893655976928189,-0.27588355448232593,-0.020669513802807814,-1.2610362382515798,2.833055548153772,1.9304683931995605,1.9919674662922,0.9266372582756295,1.8174469779081186,-0.05939922052801556,0.12955447154404823,10.85205184496058,3.645296507997731,71,4
Marshall Islands,MHL,2004,-0.6994156285570787,-0.6922910776383001,0.5197547938976242,1.1626503248401956,-0.49376717724168906,-0.2758826353022032,-0.020669513802807814,-1.3753478165489885,2.833055548153772,1.9304683931995605,1.9919674662922,0.9266372582756295,1.8174469779081186,-0.05939922052801556,0.12955447154404823,10.854990976166025,3.6899408948780503,71,5
Marshall Islands,MHL,2005,-0.6899938050782739,-0.42784837860792474,0.3760568496532601,1.472282141190254,-0.23902399089426885,-0.2758819398698735,-0.020669513802807814,-1.5564665395762982,2.833055548153772,1.9304683931995605,1.9919674662922,0.9266372582756295,1.8174469779081186,-0.05939922052801556,0.12955447154404823,10.857208934818349,3.7268780548610527,71,6
Marshall Islands,MHL,2006,-0.6899311394461329,0.6300181819937292,0.5722147548356616,1.1158316784101594,-0.419246698391166,-0.27588141980743563,-0.020669513802807814,-1.2857684269448415,2.833055548153772,1.9304683931995605,1.9919674662922,0.9266372582756295,1.8174469779081186,-0.05939922052801556,0.12955447154404823,10.858864373117484,3.7008880867599134,71,7
Marshall Islands,MHL,2007,-0.667906363935631,0.312523334744235,0.6911609992550287,1.1772826351472714,0.14412682453000544,-0.2758811597762167,-0.020669513802807814,-1.129112308617496,2.833055548153772,1.9304683931995605,1.9919674662922,0.9266372582756295,1.8174469779081186,-0.05939922052801556,0.12955447154404823,10.85969106572145,3.7799850217285416,71,8
Marshall Islands,MHL,2008,-0.7157709470442528,-0.20794285815398347,0.7741652758425756,1.3953166326764974,0.01593875389321091,-0.27588119001240496,-0.020669513802807814,-1.173839538108525,2.833055548153772,1.9304683931995605,1.9919674662922,0.9266372582756295,1.8174469779081186,-0.05939922052801556,0.12955447154404823,10.859594973780606,3.762529482605848,71,9
Marshall Islands,MHL,2009,-0.6941834485013753,1.6150175681128742,0.7420540960309753,1.5929467534698996,0.9972739892668704,-0.2758812565320191,-0.020669513802807814,-1.0984860813396207,2.833055548153772,1.9304683931995605,1.9919674662922,0.9266372582756295,1.8174469779081186,-0.05939922052801556,0.12955447154404823,10.859383539002643,3.8889883934230087,71,10
Marshall Islands,MHL,2010,-0.6608647606363711,2.5496165143729557,0.7420540960309753,2.0552445750676016,-1.62280158035763,-0.27588110535107785,-0.020669513802807814,-1.0157567471579876,2.833055548153772,1.9304683931995605,1.9919674662922,0.9266372582756295,1.8174469779081186,-0.05939922052801556,0.12955447154404823,10.859864007949568,3.507497329813622,71,11
Marshall Islands,MHL,2011,-0.6624010744399466,-0.3838142439043643,0.7420540960309753,2.2998433943806096,-1.0707124234212428,-0.27588193382263587,-0.020669513802807814,-1.1060555382615305,2.833055548153772,1.9304683931995605,1.9919674662922,0.9266372582756295,1.8174469779081186,-0.05939922052801556,0.12955447154404823,10.85722819985712,3.600869325776824,71,12
Marshall Islands,MHL,2012,-0.664661753571363,-0.7603432517406935,0.7420540960309753,2.4238634908076997,1.3590146276950406,-0.2758848848746089,-0.020669513802807814,-1.1218563736161058,2.833055548153772,1.9304683931995605,1.9919674662922,0.9266372582756295,1.8174469779081186,-0.05939922052801556,0.12955447154404823,10.84778248081988,3.9318451232092793,71,13
Marshall Islands,MHL,2013,-0.6307914411936423,0.20807435688476117,0.7420540960309753,2.551528696388664,2.311418290684687,-0.2758893477359943,-0.020669513802807814,-1.0771941121144255,2.833055548153772,1.9304683931995605,1.9919674662922,0.9266372582756295,1.8174469779081186,-0.05939922052801556,0.12955447154404823,10.833326096955552,4.036611396204452,71,14
Marshall Islands,MHL,2014,-0.6274707932554711,-0.3185840353000753,0.7420540960309753,2.201638811802788,0.18159572779422367,-0.2758946995413142,-0.020669513802807814,-1.0198400777257797,2.833055548153772,1.9304683931995605,1.9919674662922,0.9266372582756295,1.8174469779081186,-0.05939922052801556,0.12955447154404823,10.815710020234329,3.7850301907840116,71,15
Marshall Islands,MHL,2015,-0.6007540535404932,-0.5636960965916898,0.716706613939582,1.8721217389632336,-1.137246326941947,-0.2759007225900132,-0.020669513802807814,-1.2922649849218777,2.833055548153772,1.9304683931995605,1.9919674662922,0.9266372582756295,1.8174469779081186,-0.05939922052801556,0.12955447154404823,10.795506083434564,3.5900680247143946,71,16
Marshall Islands,MHL,2016,-0.5667932141883849,-0.2797098563749064,0.7820145074115568,1.2294389666202876,-0.8968563126388742,-0.27590732012628894,-0.020669513802807814,-0.9596846029377974,2.833055548153772,1.9304683931995605,1.9919674662922,0.9266372582756295,1.8174469779081186,-0.05939922052801556,0.12955447154404823,10.772896298510153,3.62855492603075,71,17
Marshall Islands,MHL,2017,-0.5213712751967765,0.047769690598060514,0.7820145074115568,1.485163828595268,-0.17914564212172293,-0.2759144558667155,-0.020669513802807814,-1.149733032640458,2.833055548153772,1.9304683931995605,1.9919674662922,0.9266372582756295,1.8174469779081186,-0.05939922052801556,0.12955447154404823,10.747852544838695,3.7353657591480296,71,18
Marshall Islands,MHL,2018,-0.4559788942756293,-0.19005219873010204,0.7820145074115568,1.5819288202573694,0.1086247400074532,-0.27592197863035156,-0.020669513802807814,-1.217413777417843,2.024274246331383,1.9304683931995605,1.9919674662922,1.2580498189435894,1.8174469779081186,-0.05939922052801556,0.12955447154404823,10.720753212932467,3.77518108426748,71,19
North Macedonia,MKD,1996,0.2814365458554857,-0.7368191462156275,0.5279531224874985,-0.46410288667788735,-0.6000016488760642,-0.2640254415138788,2.308796855740768,-0.25094647840325884,-0.6042661977638185,-0.051478348695809785,-0.999172479461539,0.3821728709348875,-0.20045286786610875,-1.1697947739540824,0.12955447154404823,14.514915120213013,3.674124707860645,72,0
North Macedonia,MKD,1997,0.316836787997478,-0.7418833888237686,0.5543291759340571,-0.060716618430236194,-0.5728214556893721,-0.2641202863891753,2.282090207458385,0.11394253423742251,-0.6042661977638185,-0.646062323697703,-1.4029763979817447,0.3821728709348875,-0.20045286786610875,-1.1697947739540824,0.12955447154404823,14.507091512632538,3.6781951693225485,72,1
North Macedonia,MKD,1998,0.3626302251508457,-0.730468855852975,0.6040780113533144,0.07711452344524278,0.037822831074707956,-0.26405585911925633,2.2551484935282957,0.07657556473962515,-0.6042661977638185,-1.240646298699596,-1.8067803165019503,0.3821728709348875,-0.20045286786610875,-1.1697947739540824,0.12955447154404823,14.512412679899711,3.7655311175285933,72,2
North Macedonia,MKD,1999,0.42654768151504013,-0.8252453136482442,0.6521234451442454,-0.037787796021707676,-0.24118856605702507,-0.26399769074030477,2.220194258060382,-0.019920040211680656,-0.9075593072644581,-1.240646298699596,-1.5375777041551464,0.2756472558700992,-0.4037487599878944,-1.1697947739540824,0.12955447154404823,14.517192711795584,3.726569874897503,72,3
North Macedonia,MKD,2000,0.4969389646571058,-0.2781888883710247,0.7316064923394726,0.18071254684155647,0.33387924562670346,-0.26394200777602717,2.203611312043477,-0.4514825151381446,-1.2108524167650978,-1.240646298699596,-1.2683750918083427,0.16912164080531122,-0.6070446521096794,-1.1697947739540824,0.12955447154404823,14.521747196563977,3.8052770928362096,72,4
North Macedonia,MKD,2001,0.43447563788991056,-0.07220962458327336,0.7576204727480469,-0.07104109647370965,1.4993097550552146,-0.26389041274440067,2.144547558784597,-0.5196761719164485,-1.2108524167650978,-0.646062323697703,-1.1337737856349408,0.2756472558700992,-0.7425752468575363,-1.1697947739540824,0.12955447154404823,14.525948881348503,3.9479843243569395,72,5
North Macedonia,MKD,2002,0.4732422770939328,-0.15658134830375384,0.7456814598100021,-0.06943829086495965,-0.1603629148158739,-0.26397945831879116,2.1201656875975776,-0.6202024589458074,-1.2108524167650978,-0.051478348695809785,-0.999172479461539,0.3821728709348875,-0.878105841605393,-1.1697947739540824,0.12955447154404823,14.518686284140315,3.7380134193114953,72,6
North Macedonia,MKD,2003,0.5103792127899544,-0.3052431110451231,0.7345279518902436,-0.08289784793515759,-0.23392704253587118,-0.263963929012507,2.1967603437411367,-0.3614713909453143,-1.2108524167650978,-0.051478348695809785,-0.999172479461539,0.3821728709348875,-0.878105841605393,-1.1697947739540824,0.12955447154404823,14.519956664564472,3.727603354626345,72,7
North Macedonia,MKD,2004,0.60120649631126,-0.16519950719269005,0.7196497903369807,0.20131049550005425,0.27890540521660734,-0.2640034718994978,2.2751814047503247,-0.4820855300175007,-0.6042661977638185,-0.051478348695809785,-0.999172479461539,0.3821728709348875,0.2061389163774616,-1.1697947739540824,0.12955447154404823,14.516718661808152,3.798015221352745,72,8
North Macedonia,MKD,2005,0.7018657585480417,-0.4310064945686023,0.7353433072047925,0.34544263647109863,-0.24823176707394123,-0.26406912071142197,2.0835799426900827,-0.5383542237607858,-0.6042661977638185,-0.051478348695809785,-0.999172479461539,0.3821728709348875,0.34166951112531785,-0.5150804146226747,0.12955447154404823,14.511319692379196,3.7255664459909643,72,9
North Macedonia,MKD,2006,0.8164278983743118,-0.30404696711288903,0.7353433072047925,0.5400344536468688,0.41246566055923817,-0.2641359003567866,2.077539127033369,-0.4301667013720183,0.0023200212374607228,-0.051478348695809785,-0.1915646424211279,0.5952241010644648,0.07060832162960441,1.0265534888925172,0.12955447154404823,14.505797652374335,3.8155673823379113,72,10
North Macedonia,MKD,2007,0.9664258485033825,0.012811404859829574,0.7469882394463379,0.9326970099331872,0.8467160478778569,-0.26420456069306025,1.863924559234273,-0.5201438367313757,0.0023200212374607228,-0.051478348695809785,-0.1915646424211279,0.5952241010644648,0.07060832162960441,1.0265534888925172,0.12955447154404823,14.500088124043355,3.8705953870585095,72,11
North Macedonia,MKD,2008,1.1043916996564236,0.38464449424340946,0.7481029268983951,1.091518373289499,0.4028045381477919,-0.2642737410917718,1.8593658549536154,-0.6073037494279888,0.0023200212374607228,-0.051478348695809785,-0.1915646424211279,0.5952241010644648,0.07060832162960441,1.0056026293939122,0.12955447154404823,14.494302188927193,3.8143080262491567,72,12
North Macedonia,MKD,2009,1.1113195017926232,0.23878820637887485,0.7518469279461482,0.3841759294621188,-0.17411493421999655,-0.264350607529536,1.6373540972411547,-0.653922363682583,0.0023200212374607228,-0.051478348695809785,-0.1915646424211279,0.5952241010644648,0.07060832162960441,1.0056026293939122,0.12955447154404823,14.48783391998971,3.736075587924817,72,13
North Macedonia,MKD,2010,1.20834616028865,0.05739804170030628,0.7986809372138053,0.6945733043500523,-0.09905842548421119,-0.26442610124435373,1.575615187376113,-0.4817672037215397,0.0023200212374607228,-0.051478348695809785,-0.1915646424211279,0.5952241010644648,0.07060832162960441,0.996873453783818,0.12955447154404823,14.481440178435127,3.746606595984005,72,14
North Macedonia,MKD,2011,1.2788661142569775,0.11403145424111412,0.7986809372138053,1.1385479730622214,0.17744841775000367,-0.26447992165943524,1.6839241075024547,-0.436003162614072,0.0023200212374607228,-0.051478348695809785,0.07763796992567584,0.5952241010644648,0.07060832162960441,0.996873453783818,0.12955447154404823,14.476856909818617,3.7844730086958793,72,15
North Macedonia,MKD,2012,1.2771800808930927,0.09478601677828787,0.8132310218998287,1.11021532021095,-0.054582327884290405,-0.26452574157910635,1.6512687304449962,-0.4785571383313516,0.0023200212374607228,-0.051478348695809785,0.07763796992567584,0.5952241010644648,0.07060832162960441,0.996873453783818,0.12955447154404823,14.472938328648532,3.752795004841018,72,16
North Macedonia,MKD,2013,1.3624125220408276,0.13608852071037517,0.7397818804238899,0.8968638704458373,-0.01181951263090537,-0.26456870720260683,1.7185737442511262,-0.39041467274443903,0.0023200212374607228,-0.051478348695809785,0.07763796992567584,0.5952241010644648,0.07060832162960441,0.996873453783818,0.12955447154404823,14.46924984785432,3.7587091317702432,72,17
North Macedonia,MKD,2014,1.4665064544989264,0.10027768729922178,0.7358844820203474,1.1195842157533276,-0.5502405634754863,-0.26459990490164115,1.7150370207379078,-0.3336735847137262,0.0023200212374607228,-0.051478348695809785,0.07763796992567584,0.5952241010644648,0.07060832162960441,1.0125865984077718,0.12955447154404823,14.466563059484479,3.681564291923702,72,18
North Macedonia,MKD,2015,1.5809334735061178,0.15173663978709256,0.7825686870234312,1.153236137408995,-0.14256992557249268,-0.2646309090890707,1.735530155674431,-0.24220387612240435,0.0023200212374607228,-0.051478348695809785,0.07763796992567584,0.8082753311940414,0.07060832162960441,0.9724306097782834,0.12955447154404823,14.463885765600613,3.7405151142469615,72,19
North Macedonia,MKD,2016,1.672535714387051,0.21786495101562678,0.7825686870234312,1.2253516570953342,0.22947838669097828,-0.2646679000417734,1.7185554909353105,-0.23880473155441106,0.0023200212374607228,-0.051478348695809785,-0.46076725476793157,0.8082753311940414,-0.20045286786610875,0.39802770393436543,0.12955447154404823,14.460682092544765,3.791440738546238,72,20
North Macedonia,MKD,2017,1.716826276600035,-0.01194103995082589,0.7718059968713964,1.4559354163814249,-0.07151933069377542,-0.2647141976932188,1.7628352015199984,-0.21419054929796882,0.0023200212374607228,-0.051478348695809785,0.07763796992567584,1.2343777914531946,-0.06492227311825187,0.457388821694738,0.12955447154404823,14.456657878788679,3.750442901310601,72,21
Mali,MLI,1996,-0.9854669412703979,0.6182111861302826,-1.9248966810213683,-1.0130135215303688,-0.5179289495185793,-0.21326054443575737,0.20002763986569327,-1.2214079323669724,1.2154924592400194,-1.240646298699596,0.9477878193148559,-0.21824368984555087,0.612730700621032,1.230824369003916,-1.0226335203659718,16.158016023139286,3.6863656043806006,73,0
Mali,MLI,1997,-0.9798402608746242,0.5235828594385872,-1.8938100849897768,-0.8374282252850017,-0.27266792817868196,-0.21181394238693066,0.19139693201436414,-0.9607661360070744,0.8111015656943373,-1.240646298699596,1.2740941205168432,0.5952241010644641,0.612730700621032,1.230824369003916,-1.2146648523509749,16.18074138189819,3.7220772540379645,73,1
Mali,MLI,1998,-0.9670287376232117,-0.5480992301273889,-1.860076417200132,-0.9887499908945275,-0.5993414959738298,-0.21016257482405049,0.179363560650805,-0.9021815639014555,0.40671067214865514,-1.240646298699596,1.6004004217188306,1.4086918919744795,0.612730700621032,1.230824369003916,-1.5987275163209826,16.206067516531075,3.6742237678606173,73,2
Mali,MLI,1999,-0.9608959035811508,-0.7447246609277599,-1.804704221282044,-0.9681891519861354,-0.5127329317543526,-0.20830098109151926,0.1569402074702032,-0.9813657741807116,0.40671067214865514,-1.240646298699596,1.350232156961665,1.4086918919744795,0.612730700621032,1.449062663371548,-1.5987275163209826,16.233869202286115,3.687135554458923,73,3
Mali,MLI,2000,-0.9731007871327741,-0.578844025409196,-1.7290889985857278,-0.8485325749166513,-0.35117576254758465,-0.206294054096555,0.12468404098206248,-0.8847285043144204,0.40671067214865514,-1.240646298699596,1.1000638922044996,1.4086918919744795,0.612730700621032,1.6673009577391795,-1.5987275163209826,16.26300008714768,3.7107841657369787,73,4
Mali,MLI,2001,-0.932490682177349,-0.6076509411463703,-1.7290889985857278,-0.7134584252020263,0.21594538182228143,-0.20416017744161244,0.09278981614627467,-0.7213202398653952,0.8111015656943373,-1.240646298699596,1.0674333051567189,1.2949033633797393,0.7095383070210994,1.3399437780734755,-1.5987275163209826,16.293070201141386,3.7896330970771577,73,5
Mali,MLI,2002,-0.9329169986164556,-0.6027987610994741,-1.7290889985857278,-0.7996092608022386,-0.6858385078893988,-0.2018870691870253,0.038382167574962135,-0.6754707714827775,1.2154924592400194,-1.240646298699596,1.0348027181089376,1.1811148347849993,0.806345913421167,1.0125865984077718,-1.4066961843359784,16.324137884751604,3.6611600424074195,73,6
Mali,MLI,2003,-0.9094851166095355,-0.39908638558228754,-1.5800126113774797,-0.7839909123156616,-0.4221074419361111,-0.19948689032770686,-0.0266516767828218,-0.69174048998349,0.11808967011321853,-0.36981432790720387,0.8925215998105063,0.020957011707881754,0.4955943181923538,0.966174159360512,-1.0226335203659718,16.35592728234573,3.7004700429374116,73,7
Mali,MLI,2004,-0.9163638100234426,-0.15214233397572827,-1.517210559253475,-0.867487086884801,-0.4192697771109996,-0.19696244678192662,-0.11958731647988495,-0.830066065948954,0.47484777422560565,-0.20800139094710865,1.513385092200569,0.49236036646814524,0.3234016133204442,1.2167611045654778,-1.454704017332229,16.388306740716722,3.700884714938559,73,8
Mali,MLI,2005,-0.9193104113577963,-0.5019057688408535,-1.4533177275535867,-0.8413804364629662,-0.27605763229867325,-0.1943244119241361,-0.3329891437209904,-0.5170817186529932,0.7208820562663756,-0.11691397997989816,0.8945287744881644,0.47882718730260204,0.4699703618269454,1.1218249036049863,-1.5987275163209826,16.42105896817332,3.721592281810902,73,9
Mali,MLI,2006,-0.9179991606412442,-0.10859035703446401,-1.3838451706837733,-0.7222976941317358,-0.3354481458908525,-0.19159413250323842,-0.530762662766827,-0.22681428456579067,0.6359546476474693,-0.09892472289942086,1.0239260711217673,0.05721132849386082,0.3101922594339387,1.312882076630615,-1.5987275163209826,16.453863353739557,3.7130567690177934,73,10
Mali,MLI,2007,-0.9238681504466315,-0.39154228228026317,-1.2930033256840818,-0.7838094767784346,-0.28114670171536055,-0.18876622647772545,-0.839509175645436,-0.32733863942293806,0.5124546639967598,0.207568094864295,1.2740941205168432,0.6474598103323665,0.712398273631469,1.312882076630615,-1.5987275163209826,16.48674295926978,3.7208637358430243,73,11
Mali,MLI,2008,-0.9227802815723419,-0.0966094938261231,-1.1717258560441877,-0.5882153730848985,-0.2462504231754891,-0.1858453683623003,-1.1019442890101996,-0.3257374246289984,0.12138658753073427,-0.1303734585052215,1.0052274730302484,0.3002078344654518,0.28152916501190434,1.2500294981348,-1.5987275163209826,16.51960514593416,3.7258488253687028,73,12
Mali,MLI,2009,-0.9149286476978632,-0.3169013413459936,-1.0631380099170813,-0.9681288775781409,0.26218673588501007,-0.18285345520449228,-1.3100275482337072,-0.22593256489289207,0.0023200212374607228,-1.240646298699596,0.07763796992567584,-0.4700314530402132,0.07060832162960441,0.5097659704412506,-1.5987275163209826,16.55218320072916,3.7957962392676734,73,13
Mali,MLI,2010,-0.906421039697901,-0.18392519976262664,-0.965926688469375,-0.7281662464796858,-0.14610367934210813,-0.17977142611122976,-1.3091975807624634,-0.25434412991358424,0.0023200212374607228,-1.240646298699596,0.34684058227247955,-0.4700314530402132,0.07060832162960441,0.5342082906752986,-1.5987275163209826,16.584668338749797,3.7400187661384647,73,14
Mali,MLI,2011,-0.9077587591123596,-0.04985187989951714,-0.8923748459857561,-0.8915731651212495,-0.031540826045272294,-0.17660357462124396,-1.314322769042089,-0.23590332572270392,0.0023200212374607228,-1.240646298699596,0.34684058227247955,-0.4700314530402132,0.07060832162960441,0.595315138803392,-1.5987275163209826,16.61699341985878,3.755986005568006,73,15
Mali,MLI,2012,-0.9231808141541319,-0.557653065381862,-0.8923748459857561,-0.7105201577849395,-0.18619318087836456,-0.17365261940403673,-1.3217417670544873,-0.28480649595736873,0.0023200212374607228,-1.240646298699596,-1.2683750918083427,-0.4700314530402132,0.07060832162960441,0.3788230985749696,-1.7907588483059858,16.646193290958905,3.7343705090764097,73,16
Mali,MLI,2013,-0.9219807386740873,0.2695781313554872,-0.8732976577046463,-0.5603713485598573,-0.3102049761496551,-0.17061338661162048,-1.3250064050001245,-0.3448343246476279,0.0023200212374607228,-1.240646298699596,0.07763796992567584,-0.4700314530402132,-0.06492227311825187,0.07852709658063851,-1.8867745142984866,16.67540111500673,3.7166935842882602,73,17
Mali,MLI,2014,-0.9098855326392733,0.41917523041268295,-0.8023249666421991,-0.6625744969377699,-0.4980888273284323,-0.1672229907288914,-1.3218161456036788,-0.23088146204590385,0.0023200212374607228,-1.240646298699596,0.07763796992567584,-0.4700314530402132,0.07060832162960441,0.49579855618501856,-1.862770597800361,16.707007682397915,3.68930234523452,73,18
Mali,MLI,2015,-0.8982769025650252,0.14140042804735178,-0.8836799496244103,-0.5901826527449907,-0.34189477905690535,-0.1637594051288891,-1.2859040518494256,-0.37252447764964647,0.0023200212374607228,-1.240646298699596,-0.1915646424211279,-0.4700314530402132,-0.33598346261396533,0.48008541156106477,-1.5987275163209826,16.738296960786123,3.712125870363191,73,19
Mali,MLI,2016,-0.8873947681720841,0.3603666602158134,-0.843439822244189,-0.5890968927286673,-0.2808746459246268,-0.16014154240196993,-1.495448694663766,-0.41118084123336923,0.0023200212374607228,-1.240646298699596,-0.1915646424211279,-0.4700314530402132,-0.33598346261396533,0.48008541156106477,-1.5987275163209826,16.769967088236275,3.720902696503408,73,20
Mali,MLI,2017,-0.8788324806630783,0.191821854292356,-0.8996432239940785,-0.7085842077054594,-0.1229970129801763,-0.15638184171597916,-1.2887353375191684,-0.3875969027575706,0.0023200212374607228,-1.240646298699596,-0.46076725476793157,-0.4700314530402132,-0.33598346261396533,0.4696099818117623,-1.5987275163209826,16.801849451539162,3.743259856811793,73,21
Myanmar,MMR,1999,-1.1199015110169344,-0.09153061916490066,-1.0147023111416924,-0.15371666277275856,-0.13659184700128024,-0.005353816974177456,-0.6915649856349383,-1.425908337384749,-1.2108524167650978,-1.240646298699596,-2.0759829288487537,-2.1744406975336217,-1.5557588153446769,-1.82450913328549,-1.3106805183434769,17.617444664305864,3.741354229672182,74,0
Myanmar,MMR,2000,-1.0972651345813107,-0.09153061916490066,-0.8717214649866849,-0.15371666277275856,-0.15708480656619356,-0.0023113489096186737,-0.5641571843349209,-1.425908337384749,-1.2108524167650978,-1.240646298699596,-2.0759829288487537,-2.1744406975336217,-1.5557588153446769,-1.82450913328549,-1.3106805183434769,17.62861540666009,3.7384747920013397,74,1
Myanmar,MMR,2001,-1.0765086058235493,-0.09153061916490066,-0.8360550596120206,-0.15371666277275856,-0.09715206072540031,0.0005931272390136598,-0.47333892599018274,-1.3520213834823747,-1.2108524167650978,-1.240646298699596,-2.0759829288487537,-2.1744406975336217,-1.6912894100925335,-1.82450913328549,-1.3106805183434769,17.639164319464065,3.7468726348227497,74,2
Myanmar,MMR,2002,-1.0519957448989319,-0.09153061916490066,-0.7800981917452823,-0.15371666277275856,-0.2653710301086852,0.003384012075635721,-0.3701032255637549,-1.1501831822046278,-1.2108524167650978,-1.240646298699596,-2.0759829288487537,-2.1744406975336217,-1.8268200048403904,-1.82450913328549,-1.3106805183434769,17.649196902925727,3.7231204394526274,74,3
Myanmar,MMR,2003,-1.0201314452890324,-0.09153061916490066,-0.768102242131033,-0.15371666277275856,-0.23881776927340473,0.006011772676659555,-0.2545858133511143,-1.046089663038509,-1.2108524167650978,-1.240646298699596,-2.0759829288487537,-2.1744406975336217,-1.8268200048403904,-1.82450913328549,-1.3106805183434769,17.658551970413296,3.726907410573935,74,4
Myanmar,MMR,2004,-0.9847226673189415,-0.09153061916490066,-0.6649018907937563,-0.15371666277275856,-0.3026586084781725,0.008440222371989898,-0.13797773033780816,-0.8707287047711236,-1.2108524167650978,-1.240646298699596,-2.0759829288487537,-2.1744406975336217,-1.962350599588247,-1.82450913328549,-1.3106805183434769,17.667120345478605,3.717778235934595,74,5
Myanmar,MMR,2005,-0.9445741454258068,-0.09153061916490066,-0.6408118725358868,-0.15371666277275856,-0.3095058583549536,0.010675239076622167,-0.03333290729629809,-0.7754127160633244,-1.2108524167650978,-1.240646298699596,-2.0759829288487537,-2.1744406975336217,-1.962350599588247,-1.82450913328549,-1.3106805183434769,17.674941868552963,3.7167941190827816,74,6
Myanmar,MMR,2006,-0.9008618676699894,-0.09153061916490066,-0.573772667594643,-0.15371666277275856,-0.3192854572310045,0.012772239676377391,0.06566831300557403,-0.6319126459714597,-1.2108524167650978,-1.240646298699596,-0.7299698671147353,-1.7483382372744682,-1.4202282205968195,-1.5154839556810655,-1.3106805183434769,17.682225186759773,3.715386870584762,74,7
Myanmar,MMR,2007,-0.8560168424464227,-0.09153061916490066,-0.580038465893225,-0.15371666277275856,-0.046116019618681975,0.014827744131380991,0.13634548900360258,-0.5344343704554526,-1.2108524167650978,-1.240646298699596,-0.8645711732881372,-1.7483382372744682,-1.4202282205968195,-1.5154839556810655,-1.0946452698603477,17.689313264857518,3.7539686813530704,74,8
Myanmar,MMR,2008,-0.8130528547336099,-0.09153061916490066,-0.48555066977725225,-0.15371666277275856,-0.18242974587782396,0.01643479753676482,0.16431968879377165,-0.34671380660485357,-1.2108524167650978,-1.240646298699596,-1.2683750918083427,-1.7483382372744682,-1.4202282205968195,-1.5154839556810655,-1.0226335203659718,17.69482014698372,3.7349021028172062,74,9
Myanmar,MMR,2009,-0.7645391022734264,-0.09153061916490066,-0.486162186263164,-0.15371666277275856,-0.14653866789949274,0.018065531924784523,0.19710469256416802,-0.1914763406833298,-1.2108524167650978,-1.240646298699596,-1.2683750918083427,-1.7483382372744682,-1.4202282205968195,-1.5154839556810655,-1.0226335203659718,17.70037734862474,3.7399576509753585,74,10
Myanmar,MMR,2010,-0.7171981939196062,-0.09153061916490066,-0.4534034208576668,-0.15371666277275856,-0.33329297709111044,0.020266260791943505,0.19340536405751999,-0.030426837360532977,-1.2108524167650978,-1.240646298699596,-1.2683750918083427,-1.7483382372744682,-1.4202282205968195,-1.5154839556810655,-1.0226335203659718,17.70782834455188,3.713367783828927,74,11
Myanmar,MMR,2011,-0.6894757872693235,-0.09153061916490066,-0.4534034208576668,-0.15371666277275856,0.06948886625430213,0.02265756835362994,0.07693721524063882,0.37081910935062484,-1.2108524167650978,-1.240646298699596,-1.2683750918083427,-1.7483382372744682,-1.4202282205968195,-1.5154839556810655,-1.0226335203659718,17.7158621365028,3.7698585635177024,74,12
Myanmar,MMR,2012,-0.6501189485587185,-0.09153061916490066,-0.4534034208576668,-0.15371666277275856,-0.26457712386877197,0.025183052024285925,-0.004952567888520296,0.4607721542594501,-1.2108524167650978,-1.240646298699596,-0.999172479461539,-1.7483382372744682,-1.2846976258489626,-1.4142216426949703,-1.0226335203659718,17.72427720721495,3.7232338729454315,74,13
Myanmar,MMR,2013,-0.6012273516915518,-0.09153061916490066,-0.4534034208576668,-0.15371666277275856,-0.008355503103371999,0.027754410039751848,-0.06448890136550244,0.45987366557820836,-1.2108524167650978,-1.240646298699596,-0.999172479461539,-1.535287603688097,-1.149167031101106,-0.9061632998537981,-1.0226335203659718,17.732772993574855,3.759186678773996,74,14
Myanmar,MMR,2014,-0.550296029574331,-0.09153061916490066,-0.22693046688454233,-0.15371666277275856,-0.07967223095052567,0.030288057481234802,-0.12251711299152888,0.6368476179418237,-1.2108524167650978,-1.240646298699596,-0.999172479461539,-1.535287603688097,-1.2846976258489626,-0.8555318814750067,-1.0226335203659718,17.74107417414387,3.7493087026734657,74,15
Myanmar,MMR,2015,-0.5041905678744216,-0.09153061916490066,-0.22693046688454233,-0.15371666277275856,0.517524615382708,0.032751835138914165,-0.13087707416470937,0.6351096064352656,-1.2108524167650978,-1.240646298699596,-0.7299698671147353,-1.3222363735585203,-1.149167031101106,-0.6652284156198406,-1.0226335203659718,17.749080883512836,3.8291607012169893,74,16
Myanmar,MMR,2016,-0.4641262957538635,-0.09153061916490066,0.15856316882636565,-0.15371666277275856,0.2347612940937411,0.035210883856751536,-0.2061097208583229,0.6634490955638942,-1.2108524167650978,-1.240646298699596,-0.1915646424211279,-0.8961339132993669,-0.7425752468575356,0.6546757327922771,-0.9506217708715964,17.757008808745127,3.792145505519499,74,17
Myanmar,MMR,2017,-0.4195949748577823,-0.09153061916490066,0.32473341110621334,-0.15371666277275856,0.5888925214670938,0.03762519511045709,-0.2750735118242311,0.8291034308419866,-0.6042661977638185,-1.240646298699596,-0.46076725476793157,-0.8961339132993669,-0.7425752468575356,0.15360135896496488,-0.7345865223884667,17.764731828930408,3.838290536640824,74,18
Myanmar,MMR,2018,-0.37108819859365133,-0.09153061916490066,0.49403793449350447,-0.15371666277275856,-0.2002904674739344,0.03990687230079375,-0.09678163157529862,0.8426242199196209,-0.6042661977638185,-1.240646298699596,-0.46076725476793157,-0.8961339132993669,-0.878105841605393,-0.2828752297702985,-0.7345865223884667,17.77197615722557,3.7323767196831543,74,19
Montenegro,MNE,2000,0.8665245019450123,-0.6935586771313262,1.0347945695086607,0.4058789907283262,4.114975943157799,-0.27253755137118263,0.8643356892874724,-0.4637382129017529,1.4061847262729639,0.8711328486428274,1.7054923836130456,0.502848192568357,1.7697055127246175,1.616669539360388,0.12955447154404823,13.312902741997434,4.209182198831322,75,0
Montenegro,MNE,2001,0.8815659702534568,-0.6171795526735725,1.0347945695086607,0.7678879369569438,4.114975943157799,-0.27252280215855523,0.8466436931324641,-0.37595260078550663,1.4061847262729639,0.8711328486428274,1.7054923836130456,0.502848192568357,1.7697055127246175,1.616669539360388,0.12955447154404823,13.316926367842848,4.209182198831322,75,1
Montenegro,MNE,2002,0.9142290152142039,-0.9667116995426182,1.0347945695086607,0.6176817796969094,4.114975943157799,-0.27250805294592784,0.8105644850739343,-0.43575954813888557,1.4061847262729639,0.8711328486428274,1.7054923836130456,0.502848192568357,1.7697055127246175,1.616669539360388,0.12955447154404823,13.32093386898144,4.209182198831322,75,2
Montenegro,MNE,2003,0.9601871807932378,-1.127305668514262,1.0347945695086607,0.10642820074847585,4.114975943157799,-0.27249330373330044,0.7522396516561488,-0.6242435398792141,1.4061847262729639,0.8711328486428274,1.7054923836130456,0.502848192568357,1.7697055127246175,1.616669539360388,0.12955447154404823,13.324925374137251,4.209182198831322,75,3
Montenegro,MNE,2004,1.0560981488282077,-0.6621608631999005,0.980766362450367,0.7591965124136141,4.114975943157799,-0.272486736433213,0.47903353737623156,-0.6539022712774322,1.4061847262729639,0.8711328486428274,1.7054923836130456,0.502848192568357,1.7697055127246175,1.616669539360388,0.12955447154404823,13.326697536001546,4.209182198831322,75,4
Montenegro,MNE,2005,1.15101917215778,-0.5593458716134201,1.0018774316979993,0.8901338422699686,4.114975943157799,-0.2724812455414271,0.20428719936543124,-0.7896089044436008,1.4061847262729639,0.8711328486428274,1.7054923836130456,0.502848192568357,1.7697055127246175,1.616669539360388,0.12955447154404823,13.328176826212136,4.209182198831322,75,5
Montenegro,MNE,2006,1.3577834223991816,0.02049719871422428,1.0412530127747792,1.2831063977229393,4.114975943157799,-0.27247662545186285,0.08075420821947082,-0.6968517272222077,1.4061847262729639,0.8711328486428274,1.7054923836130456,0.502848192568357,1.7697055127246175,1.616669539360388,0.12955447154404823,13.329419822317796,4.209182198831322,75,6
Montenegro,MNE,2007,1.5436413389078678,1.2358373190932255,1.0556817615343288,1.5924241826021148,3.668171875685111,-0.27247148529986065,-0.025085284484483147,-0.782777546258487,0.9730918712855539,0.4416819675174404,1.7054923836130456,0.502848192568357,0.5901816623892621,1.616669539360388,0.12955447154404823,13.330800923551056,4.169124190834124,75,7
Montenegro,MNE,2008,1.7345063836823944,1.9935766831688446,1.0741087916431233,1.6978682185652083,2.99045130137721,-0.272464869621872,0.04453664564553999,-0.723618057293847,1.229160545195531,0.7094302664684925,1.9459501870997273,0.9581949904027743,1.0318064790080168,1.5433415311152707,0.12955447154404823,13.332575679339131,4.105125141065502,75,8
Montenegro,MNE,2009,1.5464140058543152,0.5644975999508123,1.1674092093078061,0.7509589606076252,5.686304652411079,-0.27245685703198624,0.044964242094447514,-0.7739233547333109,1.2098366493340509,0.8610629744421957,1.8324401518363829,0.920513742268652,1.0473057578233813,1.5433415311152707,0.12955447154404823,13.334720968824653,4.33853574012756,75,9
Montenegro,MNE,2010,1.620095681546604,-0.06525759164516771,1.2902011668955202,0.7232062165398104,2.458077480124156,-0.2724499994644916,0.10682603504665163,-0.802339261453979,-0.6042661977638185,-0.051478348695809785,0.34684058227247955,0.5952241010644648,0.4772001058731751,1.452554647878478,0.12955447154404823,13.336553364927985,4.051811750587639,75,10
Montenegro,MNE,2011,1.715241713420169,-0.3034983022570227,1.0791703516008606,0.9518284038902484,1.4473321805126804,-0.2724444541475669,0.17043626486915933,-0.9687427777447742,-0.6042661977638185,-0.051478348695809785,0.34684058227247955,0.5952241010644648,0.4772001058731751,1.4316037883798731,0.12955447154404823,13.33803266587731,3.942035286071282,75,11
Montenegro,MNE,2012,1.6351326822979886,-0.27807659918934097,1.0589617010318715,1.0106136653855489,1.92578217652912,-0.2724379654615689,-0.04135746653544302,-0.993321485866593,-0.6042661977638185,-0.051478348695809785,0.34684058227247955,0.5952241010644648,0.4772001058731751,1.4141443896167103,0.12955447154404823,13.339760851592086,3.9955037257861177,75,12
Montenegro,MNE,2013,1.728862037464817,-0.26231076801945563,1.0589617010318715,0.8658000056607493,1.0661313578639786,-0.2724308962407565,0.0065082284902145925,-0.9394196843860292,-0.6042661977638185,-0.051478348695809785,0.34684058227247955,0.5952241010644648,0.4772001058731751,1.3949397842573141,0.12955447154404823,13.341640262791692,3.8972889633726036,75,13
Montenegro,MNE,2014,1.7949311497182043,-0.3877331034345762,1.0589617010318715,0.7687301777228978,1.1939842601116977,-0.27242389958679586,-0.02295183413823044,-1.039950065194078,-0.6042661977638185,-0.051478348695809785,0.6160431946192833,0.5952241010644648,0.4772001058731751,1.3949397842573141,0.12955447154404823,13.343496909983672,3.912520899583084,75,14
Montenegro,MNE,2015,1.8684406015997561,-0.2284864871332541,1.0318040120498742,0.875634258271237,2.3092967246077745,-0.2724184147422477,-0.03607891857695501,-1.031675110460179,-0.6042661977638185,-0.051478348695809785,0.34684058227247955,0.8082753311940414,0.4772001058731751,1.4071609443743378,0.12955447154404823,13.344949973647854,4.0363898042394695,75,15
Montenegro,MNE,2016,1.9737753259726636,0.28387897946458485,0.9844951619583573,0.8759487558652099,0.23878773338049736,-0.2724141695814177,-0.03591254796223711,-0.9361232937638004,-0.6042661977638185,-0.051478348695809785,0.34684058227247955,0.8082753311940414,0.4772001058731751,1.3565295259955463,0.12955447154404823,13.346073168374602,3.792682319846487,75,16
Montenegro,MNE,2017,2.0757258506251164,0.5619891711634014,0.9861148169221714,0.9506290255027329,1.3323950945911303,-0.2724103658689361,-0.08761996146967106,-0.998389577700697,-0.6042661977638185,-0.051478348695809785,0.34684058227247955,1.021326561323618,0.4772001058731751,1.3512918111208951,0.12955447154404823,13.34707849316397,3.928753259129961,75,17
Montenegro,MNE,2018,2.232980842016301,0.8709940641951313,1.0166196085682966,1.07785713859641,0.8703684808315565,-0.2724076083285678,0.1587513602002033,-0.8922230712605865,-0.6042661977638185,-0.051478348695809785,0.6160431946192833,1.021326561323618,0.7482612953688889,1.3600215105024764,0.12955447154404823,13.347806682257023,3.873507394616219,75,18
Mongolia,MNG,1996,-0.477126148628091,0.23631711661674187,-0.05169665201069025,0.11732213980675858,-0.44106780076317564,-0.2625320519873571,-0.1883651746232636,-0.26451391087821496,2.024274246331383,1.1376896013079765,1.6004004217188306,0.3240683696088616,1.5162681796475364,2.540253087666731,1.857836459409078,14.630657648433532,3.6976949170579254,76,0
Mongolia,MNG,1997,-0.45705899045325327,0.05469431205483294,-0.13379215291205396,0.7557688460918053,-0.2829100820949499,-0.2623370709038207,-0.2746944157660278,0.14065922370301118,2.024274246331383,1.1376896013079765,1.3393552946124048,0.5952241010644648,1.5162681796475364,2.758491382034363,1.857836459409078,14.644826712171696,3.720611168239823,76,1
Mongolia,MNG,1998,-0.44089892244461054,0.7798039793610112,-0.11830579157246082,0.9691828441716009,-0.35664789691519766,-0.26214320251201184,-0.3858351136574791,-0.35178632977745394,2.024274246331383,1.1376896013079765,1.0783101675059787,0.8663798325200677,1.5162681796475364,2.976729676401994,1.857836459409078,14.658718638017964,3.7099922426528757,76,2
Mongolia,MNG,1999,-0.4269009794291059,0.891214727801965,-0.1655883844589353,1.1109838629740234,-0.15475577979347693,-0.2619436194806241,-0.4213753854689402,-0.376790685803982,1.6198833527857013,1.1376896013079765,1.4046164687079663,0.8663798325200677,1.5162681796475364,2.5402533495524753,1.4257659624428207,14.672821264930837,3.7388024582718593,76,3
Mongolia,MNG,2000,-0.42853942791393485,0.3170917136559437,-0.034242382250899144,1.3906717051943172,0.15771864962988175,-0.2617532161559885,-0.5477033611500466,-0.38578319418580354,1.2154924592400194,1.1376896013079765,1.7309227699099536,0.8663798325200677,1.5162681796475364,2.1037770227029555,1.2817424634540677,14.68609237374478,3.7818180974968763,76,4
Mongolia,MNG,2001,-0.41371572695796277,-0.12763008387771527,0.22054509788017138,1.214707244781261,0.19919878734086874,-0.26157511291273217,-0.6531856342921993,-0.4069335162378191,0.8111015656943373,1.1376896013079765,1.7309227699099536,0.9971158553184358,1.5808064935605184,2.1037770227029555,1.1857267974615666,14.698348740794254,3.787391674339636,76,5
Mongolia,MNG,2002,-0.38357995144219903,-0.053728042549842286,0.404523529404648,1.292969103762552,0.30045238162673804,-0.26138597950800296,-0.5580063906404747,-0.3617858063828098,0.40671067214865514,1.1376896013079765,1.7309227699099536,1.1278518781168039,1.6453448074735004,2.1037770227029555,0.7056484674990585,14.711201769107003,3.8008677964803073,76,6
Mongolia,MNG,2003,-0.3317105089348443,0.7924650241075307,0.6841981412604202,1.3446465519755133,0.7532526975431988,-0.26119641674940064,-0.8581121596462303,-0.1342497765266758,0.40671067214865514,1.1376896013079765,1.7309227699099536,1.1278518781168039,1.6453448074735004,2.1037770227029555,0.7056484674990585,14.723920316387554,3.8590048131501455,76,7
Mongolia,MNG,2004,-0.24068177052784204,0.6345827495727131,0.9089717012838827,1.6644857538375422,0.1478075260529662,-0.2610268643001809,-0.7887330394126613,0.12474295183786202,0.40671067214865514,1.1376896013079765,1.2088329464212817,1.1278518781168039,1.6453448074735004,2.1037770227029555,0.7056484674990585,14.735160840224083,3.7804817552620156,76,8
Mongolia,MNG,2005,-0.1763066789215115,0.6490034139213072,1.0404793925966693,1.4050210753339412,0.6162213689551587,-0.26085757188218006,-0.7269890126680528,0.4710437209520825,0.40027212338568785,-0.0245608186467045,1.384167838274103,-0.25642364809967594,-0.12360756276645331,0.2313662354803996,0.7056484674990585,14.746259464879683,3.841764663600149,76,9
Mongolia,MNG,2006,-0.09468695480263703,1.2998965016403468,1.0478117862033296,1.130952768348512,0.5747468973208092,-0.26067155280484045,-0.6472070591520764,0.9864617223986479,0.7000577087335741,-0.0871533871959234,1.237837912685976,-0.2053434430213033,-0.04704524554863111,1.6323826839843418,0.7056484674990585,14.758314293291974,3.836487549815912,76,10
Mongolia,MNG,2007,0.011230281886867305,1.519104710003642,1.0478117862033296,1.2745027819162598,0.8473249877073781,-0.26046182250867667,-0.6474037708756049,0.9067853754497724,0.11945036431968173,-0.35820804871516687,1.4268943847332487,0.12075451422666916,0.059589684276603994,1.6323826839843418,0.7056484674990585,14.771733672771612,3.8706704641161886,76,11
Mongolia,MNG,2008,0.10568541126405016,1.6533333335434939,1.0478117862033296,1.3707041973849696,1.898909036143334,-0.26021176318462763,-0.5113229411699336,0.3341670624146389,0.19107363871447722,-0.23062459769516022,1.6974555011429993,-0.04516204758733636,0.026424805619424452,1.6323826839843418,0.7056484674990585,14.787501618967106,3.992575150716403,76,12
Mongolia,MNG,2009,0.06310507481035083,0.764393301057219,1.272501875953915,0.9825954894013105,1.6593114574103702,-0.2599220158398842,-0.42848648277042833,0.26807913028609376,0.0023200212374607228,-0.051478348695809785,0.885245806966087,-0.04392958932426608,0.4772001058731751,0.6372168578006024,0.7056484674990585,14.80546653543178,3.9660781017326303,76,13
Mongolia,MNG,2010,0.12477439520317454,1.4435703730300795,1.0069622085528278,0.853159029883951,3.336822384960859,-0.2596347297208642,-0.29495735409137086,0.5290852268057709,-0.6042661977638185,-0.051478348695809785,0.885245806966087,-0.04392958932426608,0.07060832162960441,0.595315138803392,0.7056484674990585,14.822965797296767,4.1383453356842965,76,14
Mongolia,MNG,2011,0.34271405277612016,3.1333468211092703,1.0069622085528278,1.53892438900488,6.783493689431541,-0.25934630672116604,-0.15390020466107684,0.37432114121539295,-0.6042661977638185,-0.051478348695809785,0.6160431946192833,-0.04392958932426608,0.07060832162960441,0.5726185489370661,0.7056484674990585,14.840231568947438,4.419861363703742,76,15
Mongolia,MNG,2012,0.5105321239065751,2.733405263289093,1.0069622085528278,1.0340602930065974,5.23544515135769,-0.2590234567975287,0.050429620096057295,0.3275586987102685,-0.6042661977638185,-0.051478348695809785,0.6160431946192833,-0.04392958932426608,0.07060832162960441,0.5935694084356712,0.7056484674990585,14.859211083651946,4.303100247398943,76,16
Mongolia,MNG,2013,0.6802031509440887,2.023249171044874,1.0069622085528278,0.7650636936741018,2.1268964401112864,-0.25866481932148094,0.257473600709736,0.30553978452091574,-0.6042661977638185,-0.051478348695809785,0.885245806966087,-0.04392958932426608,0.07060832162960441,0.6215037131766483,0.7056484674990585,14.879880547253626,4.017152612086256,76,17
Mongolia,MNG,2014,0.790199636575781,0.7261427014546842,1.0069622085528278,1.0263396623708512,-0.17375353974340024,-0.2582771792936656,0.2867692628729761,0.387952925437452,-0.6042661977638185,-0.051478348695809785,1.1544484193128908,0.3821728709348875,0.2061389163774616,0.6407088423075326,0.7056484674990585,14.901751300334645,3.7361265609975174,76,18
Mongolia,MNG,2015,0.7948748400592206,-0.5232737778420415,1.0069622085528278,0.4559998852452307,-0.5035932362511902,-0.25789166184626533,0.22599263978990636,0.3894713952417185,-0.6042661977638185,-0.051478348695809785,1.1544484193128908,0.5952241010644648,0.2061389163774616,0.6407088423075326,0.7056484674990585,14.923037988396821,3.688488445048753,76,19
Mongolia,MNG,2016,0.7834075489419267,-0.47622325679609845,1.0069622085528278,0.7866159447634318,-6.92569910011315,-0.2575167814898907,0.05216133243851528,0.5277396428498927,-0.6042661977638185,-0.051478348695809785,0.885245806966087,0.5952241010644648,0.34166951112531785,1.0771849072713082,0.7056484674990585,14.94331167753035,0.6931471805599453,76,20
Mongolia,MNG,2017,0.8589139272885113,-0.029171815115708793,1.0069622085528278,1.2180296222222982,1.559819717963292,-0.2571535783494175,0.10914138605296134,0.8804688736918296,-0.6042661977638185,-0.051478348695809785,1.4236510316596944,0.8082753311940414,0.34166951112531785,1.056234047772703,0.7056484674990585,14.962569459731412,3.954865637932413,76,21
Mozambique,MOZ,1996,-1.2168222846349184,-0.09153061916490066,-2.112504670183452,-0.6640066679580748,-0.3366794646737849,-0.17646188179587594,-2.016451818069363,-0.8228255129191104,0.0023200212374607228,-0.051478348695809785,0.07763796992567584,0.3821728709348875,0.07060832162960441,1.449062663371548,1.2817424634540677,16.618415138039694,3.7128790326024697,77,0
Mozambique,MOZ,1997,-1.209395405809736,-0.09153061916490066,-2.112504670183452,-0.8881743194704466,-0.41742071122338253,-0.1736952584767041,-2.0084774129017604,-0.7056948977487066,0.0023200212374607228,-0.051478348695809785,0.07763796992567584,0.3821728709348875,0.07060832162960441,1.449062663371548,0.561624968510306,16.64577738884038,3.701154829069482,77,1
Mozambique,MOZ,1998,-1.2021538413659658,-0.09153061916490066,-2.112504670183452,-1.0126061284588668,0.07461233221109868,-0.17133392102480915,-1.9999588951351701,-0.422342036812076,0.0023200212374607228,-0.051478348695809785,0.07763796992567584,0.3821728709348875,0.07060832162960441,1.449062663371548,-0.4465395244109626,16.668553345566107,3.770556974082447,77,2
Mozambique,MOZ,1999,-1.1929058269709736,-0.09153061916490066,-2.112504670183452,-0.8235410982850921,0.38594183058009424,-0.16895105540688157,-1.9906924273942823,-0.5838607357829199,0.0023200212374607228,-0.051478348695809785,0.07763796992567584,0.3821728709348875,0.07060832162960441,1.449062663371548,-0.4465395244109626,16.69102284766421,3.8121061149728583,77,3
Mozambique,MOZ,2000,-1.1944551530391054,-0.09153061916490066,-2.0809261488702426,-0.7541425448339418,-0.2437135231806193,-0.16656150759135116,-1.9860686328932375,-0.6076282427758498,0.0023200212374607228,-0.051478348695809785,0.07763796992567584,0.3821728709348875,0.07060832162960441,1.449062663371548,-1.5027118503284804,16.71305949815841,3.7262102657385854,77,4
Mozambique,MOZ,2001,-1.1833834369714455,-0.09153061916490066,-2.0546389553333886,-0.6818105816328869,0.12352140600847886,-0.16409377504024897,-1.9731451901863049,-0.4525207253213148,0.0023200212374607228,-0.051478348695809785,0.07763796992567584,0.3821728709348875,0.07060832162960441,1.449062663371548,-1.5987275163209826,16.73531867263389,3.7771996261118796,77,5
Mozambique,MOZ,2002,-1.174855443404004,-0.09153061916490066,-1.9979731083814867,-0.017948233040035812,0.3457786154211877,-0.16155025245968418,-1.9600995287091925,-0.8111905978512589,0.0023200212374607228,-0.051478348695809785,0.07763796992567584,0.3821728709348875,0.07060832162960441,1.449062663371548,-1.2146648523509749,16.757754445468333,3.806842043434639,77,6
Mozambique,MOZ,2003,-1.1687665581115019,-0.09153061916490066,-1.9979731083814867,-0.10902336631790419,0.22384841854292226,-0.1589249228481955,-1.9468150058480556,-0.6618988838958841,0.0023200212374607228,-0.051478348695809785,-0.1915646424211279,0.16912164080531122,0.07060832162960441,1.449062663371548,-1.0226335203659718,16.780395713754544,3.7906891247709753,77,7
Mozambique,MOZ,2004,-1.1611325735838562,-0.09153061916490066,-1.913598482082232,-0.05440268686727568,0.3720658550031604,-0.1562167400336695,-1.9202878397246463,-0.5845501221790128,0.0023200212374607228,-0.051478348695809785,-0.46076725476793157,0.16912164080531122,0.07060832162960441,1.449062663371548,-1.0226335203659718,16.803226486308663,3.810290564016125,77,8
Mozambique,MOZ,2005,-1.1556943472738774,-0.09153061916490066,-1.826841947246926,-0.055642012299872354,-0.40745689346894826,-0.15340927367141222,-1.8925726790671047,-0.6844147327887352,0.0023200212374607228,-0.051478348695809785,0.07763796992567584,0.16912164080531122,0.07060832162960441,1.449062663371548,-1.0226335203659718,16.82635654182831,3.7026091029714214,77,9
Mozambique,MOZ,2006,-1.1449824726638742,-0.09153061916490066,-1.7449065116494693,-0.19075145992839312,-0.19433406791520388,-0.15049137265519774,-1.8579568724104902,-0.5837540780944813,0.0023200212374607228,-0.051478348695809785,1.1544484193128908,0.16912164080531122,0.7482612953688889,1.2797100570149864,-1.0226335203659718,16.84984258268378,3.7332196225791963,77,10
Mozambique,MOZ,2007,-1.1369845806890129,-0.09153061916490066,-1.647185797162359,-0.22640421978452052,0.010798768189752391,-0.1474644399441608,-1.8229220070718966,-0.6093496182134713,0.60890624023874,-0.051478348695809785,0.7506445007926851,0.16912164080531122,0.5449654032471035,0.843233468279723,-0.9266178543734708,16.87363699265845,3.7618231701463616,77,11
Mozambique,MOZ,2008,-1.1299622720894749,-0.09153061916490066,-1.5653753251315452,-0.25943126980360215,0.19848841311249987,-0.14425093180992046,-1.7863459121785585,-0.8040663458335404,0.60890624023874,-0.051478348695809785,0.6160431946192833,0.16912164080531122,0.2061389163774616,0.8798974724022818,-0.7345865223884667,16.898293403573092,3.787296484203859,77,12
Mozambique,MOZ,2009,-1.1244474662147854,-0.09153061916490066,-1.46332262094845,-0.1748413060131427,0.6414230473809787,-0.14078762438285003,-1.7430619041524136,-0.826302457322917,0.0023200212374607228,-0.051478348695809785,0.885245806966087,0.16912164080531122,0.2061389163774616,0.8798974724022818,-0.7345865223884667,16.924202966776186,3.8449577164601476,77,13
Mozambique,MOZ,2010,-1.1176195168584655,-0.09153061916490066,-1.3860911325617948,-0.002632078514650624,1.2236240758752992,-0.13711398798308852,-1.6948634526020425,-0.8289848561811234,0.0023200212374607228,-0.051478348695809785,0.6160431946192833,0.3821728709348875,0.4772001058731751,0.7768894290484649,-0.7345865223884667,16.95097155595041,3.916019197403247,77,14
Mozambique,MOZ,2011,-1.1099248517331688,-0.09153061916490066,-1.3536723483397417,0.3038374039397064,3.5965221172327855,-0.13318446876942142,-1.6415647374569418,-0.8588354214242608,0.0023200212374607228,-0.051478348695809785,0.34684058227247955,0.3821728709348875,-0.20045286786610875,-0.09606322465057442,-0.7345865223884667,16.978833080112167,4.162548496829873,77,15
Mozambique,MOZ,2012,-1.1004771986348236,-0.09153061916490066,-1.3671177623609498,0.9281044604732088,5.0682529078943945,-0.12901908914570656,-1.5789889959953591,-0.8285009256029359,0.0023200212374607228,-0.051478348695809785,0.34684058227247955,0.3821728709348875,-0.20045286786610875,-0.09955520915750393,-0.7345865223884667,17.007543186393512,4.289633840644547,77,16
Mozambique,MOZ,2013,-1.0933799336031833,-0.09153061916490066,-1.048344009615775,1.028168375698128,5.943331298550328,-0.12470278256473276,-1.5129547102638308,-0.864126987217563,-0.6042661977638185,-0.051478348695809785,-0.1915646424211279,0.3821728709348875,-0.6070446521096794,-0.11875981451690035,-0.7345865223884667,17.036448734722097,4.3581887384939755,77,17
Mozambique,MOZ,2014,-1.0837657306965724,-0.09153061916490066,-1.0660706633289498,1.2303231702116653,4.060177090145623,-0.12024679084129061,-1.437764046162274,-0.7773871991945486,-0.6042661977638185,-0.051478348695809785,-0.1915646424211279,0.3821728709348875,-0.7425752468575356,-0.13796494364778397,-0.7345865223884667,17.06543828343991,4.204354700791071,77,18
Mozambique,MOZ,2015,-1.0743654567774836,-0.09153061916490066,-1.0452773062623606,0.7200949225409561,3.3941638658807034,-0.11565635088318468,-1.3558141350796304,-0.683660056206425,-0.6042661977638185,-0.051478348695809785,-0.1915646424211279,0.3821728709348875,-0.6070446521096794,0.2880356915666894,-0.7345865223884667,17.09444888904447,4.143739992027594,77,19
Mozambique,MOZ,2016,-1.0705692590339295,-0.09153061916490066,-1.0452773062623606,1.0574262245611472,3.741317171555876,-0.11088185719997523,-1.3758513650447126,-0.5213034686325916,-0.6042661977638185,-0.051478348695809785,-0.46076725476793157,0.3821728709348875,-0.7425752468575356,-0.2497026863831817,-0.7345865223884667,17.123755531426173,4.175792830830468,77,20
Mozambique,MOZ,2017,-1.0714544072420624,-0.09153061916490066,-0.9470062614868817,0.9226254772658291,2.3150801328521453,-0.10586695558400555,-1.3970929061640227,-0.26841624539570774,-0.6042661977638185,-0.051478348695809785,-0.1915646424211279,0.3821728709348875,-0.7425752468575356,-0.2497026863831817,-0.7345865223884667,17.153640123139063,4.036993750453228,77,21
Mauritania,MRT,1996,-0.4537239142241158,1.333671084622446,-1.7226376378551789,-0.10068574785441825,-0.6442846593199242,-0.2619353045288559,-0.5284537937603192,-0.08562264137542736,1.2154924592400194,1.1376896013079765,0.885245806966087,0.5952241010644648,0.9515571874906739,0.7943483040401405,0.12955447154404823,14.673404509539155,3.6674572627719533,78,0
Mauritania,MRT,1997,-0.5059184419515251,0.7591154986991433,-1.7275899194713942,-0.3241492147876163,-0.6680026067465822,-0.2616140873593839,-0.6059061682941171,0.0016841742969993143,1.2154924592400194,1.1376896013079765,0.885245806966087,0.5952241010644648,0.9515571874906739,0.7943483040401405,0.12955447154404823,14.695679482113965,3.663867818303113,78,1
Mauritania,MRT,1998,-0.5047497452946005,0.4889597957032105,-1.6997112629171958,-0.6535177266875897,-0.6397274048378415,-0.26123102509046936,-0.6131447143149893,0.5577433510340936,1.2154924592400194,1.1376896013079765,0.885245806966087,0.5952241010644648,0.9515571874906739,0.7943483040401405,0.12955447154404823,14.721610338038364,3.6681454787638144,78,2
Mauritania,MRT,1999,-0.4972753879261712,0.7559454401340082,-1.6642401282305739,-0.722359728432945,-0.5121107199895859,-0.260825575947776,-0.6195120700122567,0.46379792656119456,1.2154924592400194,1.1376896013079765,0.885245806966087,0.5952241010644648,0.9515571874906739,0.7943483040401405,0.12955447154404823,14.7483433130202,3.6872277145646963,78,3
Mauritania,MRT,2000,-0.5499808302549895,1.1309932518878645,-1.6423338802575331,-0.4346058077540304,-0.25987859208311753,-0.26039172897708,-0.7037578167179508,0.2593690580255438,1.2154924592400194,1.1376896013079765,0.885245806966087,0.5952241010644648,0.9515571874906739,0.7943483040401405,0.12955447154404823,14.776178684426641,3.7239049368807686,78,4
Mauritania,MRT,2001,-0.5741596447493035,1.1713126011481783,-1.552154960587318,-0.38354608279383207,0.10185973719024599,-0.25999672946104513,-0.7432774918872183,0.18319688276705945,1.5187855687406588,1.1376896013079765,1.0198471131394888,0.7195040350186516,0.9515571874906739,0.7943483040401405,0.12955447154404823,14.8008649321544,3.774263059530429,78,5
Mauritania,MRT,2002,-0.5802363011416163,2.352854235617164,-1.55027114432117,-0.49709072726996784,-0.00014298913052640235,-0.25963453016202176,-0.7515837793576801,0.1319682057817784,1.8220786782412985,1.1376896013079765,1.1544484193128908,0.8437839689728384,0.9515571874906739,0.7943483040401405,0.12955447154404823,14.8229778470755,3.760317942340271,78,6
Mauritania,MRT,2003,-0.5477242916799308,3.0298007789905474,-1.5158429734580912,-0.5396445728561289,0.19958993674156755,-0.25925118972017536,-0.7090340300472087,-0.008259357146142973,1.8220786782412985,1.1376896013079765,0.885245806966087,0.5952241010644648,0.612730700621032,0.7943483040401405,0.12955447154404823,14.84586077947146,3.7874440844853647,78,7
Mauritania,MRT,2004,-0.5303888333035647,2.6921626731926613,-1.4950333783831193,0.03742642848781409,2.2511248757840767,-0.25884833484243364,-0.6751028722326355,0.0580855558529003,1.7791886651371311,1.1617131722339529,0.12114541932271698,0.5048388572459298,0.39369157461333576,-0.3695882183775875,0.12955447154404823,14.869357322722397,4.030294697785939,78,8
Mauritania,MRT,2005,-0.4843996922062464,2.2007996612780065,-1.4823806531532135,0.4148652118047105,4.034364150996309,-0.25842263954808936,-0.6037777730929613,0.5287590055257635,1.8220786782412985,1.1376896013079765,1.4236510316596944,0.8437839689728384,0.9515571874906739,0.7943483040401405,0.12955447154404823,14.893600360299848,4.202072613514443,78,9
Mauritania,MRT,2006,-0.35857279390739255,1.675363961202616,-1.4565528225088256,0.25692798988552545,0.026048802906966054,-0.2579715095721908,-0.4602737295000063,1.4171111553889202,0.5433507691098585,-0.44224274240449396,1.1070416239165286,0.42858393234189035,0.579683462520093,-0.1903420923942966,0.12955447154404823,14.918666176726653,3.7639173036105413,78,10
Mauritania,MRT,2007,-0.4008600187984648,2.380459632637407,-1.4565528225088256,0.35191057158252487,-0.09865552949847278,-0.25749136495004943,-0.5237352010753507,0.8461001702458144,0.4435503516700159,-0.29812081920301514,1.426370193406487,0.482812692460188,0.6124309069454492,-0.1903420923942966,0.12955447154404823,14.94467145012115,3.746662827208798,78,11
Mauritania,MRT,2008,-0.42927245389074137,1.7729405727983718,-1.6230374602701265,0.5855181758181718,0.4722728207792696,-0.2569458436416781,-0.5596785711313063,0.8031638839898034,0.09065741494510458,-0.28792108786224313,0.40508913599745167,0.5460993646145254,0.13681610140869083,0.2234373827031525,0.12955447154404823,14.973419528302932,3.823328322754805,78,12
Mauritania,MRT,2009,-0.4553069236877978,1.6750753841353956,-1.5713531924474364,0.23431338841551688,-0.6518476600490847,-0.25633399018352826,-0.5969335119029708,0.4924979937126352,0.0023200212374607228,-0.051478348695809785,0.34684058227247955,0.3821728709348875,-0.06492227311825187,-1.1418604692131054,0.12955447154404823,15.004709463716566,3.6663140862718056,78,13
Mauritania,MRT,2010,-0.4604102963199319,1.2970586428209399,-1.5562315989642446,0.5652354803034094,-0.24876801416854505,-0.25568985657080473,-0.5876737434748203,0.9448945395456302,0.0023200212374607228,-0.051478348695809785,0.34684058227247955,0.3821728709348875,-0.33598346261396533,-1.1505896448231987,0.12955447154404823,15.036625394516665,3.7254900068170373,78,14
Mauritania,MRT,2011,-0.453292525132065,0.8295695217337391,-1.4718979477244432,0.7120952908811103,0.8306658856389915,-0.25501349722864647,-0.5621756018156207,1.4369288224296999,0.0023200212374607228,-0.051478348695809785,-0.1915646424211279,0.3821728709348875,-0.4715140573618222,-1.0964667657089653,0.12955447154404823,15.069076632455102,3.8686145047905245,78,15
Mauritania,MRT,2012,-0.4438376117717319,1.291706443080765,-1.3157012189195643,1.0688443747324214,2.8422804638406745,-0.25431066912729583,-0.5574823560708315,0.8851077667872858,0.0023200212374607228,-0.051478348695809785,-0.1915646424211279,0.3821728709348875,-0.4715140573618222,-1.0964667657089653,0.12955447154404823,15.101717973678998,4.090570091841088,78,16
Mauritania,MRT,2013,-0.4358163527645968,1.2293398592912603,-1.1998413504971555,0.8255764808771963,1.99483864025105,-0.25361351938209825,-0.5421043954908583,0.9795710603514528,0.0023200212374607228,-0.051478348695809785,-0.1915646424211279,0.3821728709348875,-0.4715140573618222,-1.0964667657089653,0.12955447154404823,15.133076030607775,4.002990242657194,78,17
Mauritania,MRT,2014,-0.42559817822509943,1.865590771606356,-1.184017982534998,0.5127393376377493,0.6481120581698906,-0.2529229490314634,-0.543018380003613,0.1333883080524044,0.0023200212374607228,-0.051478348695809785,-0.1915646424211279,0.3821728709348875,-0.4715140573618222,-1.0964667657089653,0.12955447154404823,15.163197917571363,3.8458035047877557,78,18
Mauritania,MRT,2015,-0.4058452500171738,1.4212615280492287,-1.165995519070096,0.09913238051107544,0.7347164096536546,-0.2522127312057049,-0.5274185118871105,-0.3400012441845212,0.0023200212374607228,-0.051478348695809785,-0.1915646424211279,0.3821728709348875,-0.4715140573618222,-1.1331307698315236,0.12955447154404823,15.193258502282323,3.8566900412421115,78,19
Mauritania,MRT,2016,-0.42133390093633605,0.7780495238191021,-1.1300842342936743,-0.022468960014009224,0.07558132710292467,-0.2514828417158723,-0.5484225919475209,-0.13426600665060384,0.0023200212374607228,-0.051478348695809785,-0.1915646424211279,0.3821728709348875,-0.4715140573618222,-1.1331307698315236,0.12955447154404823,15.223238079084199,3.7706890087914515,78,20
Mauritania,MRT,2017,-0.3936837241060553,0.9324440837916648,-1.1456987883429988,0.14170618854795541,0.8216585721408339,-0.2507333289398667,-0.5221205964681912,-0.25689037563487577,0.0023200212374607228,-0.051478348695809785,-0.1915646424211279,0.3821728709348875,-0.33598346261396533,-1.1575736138370591,0.12955447154404823,15.253115950814408,3.867501116942245,78,21
Mauritius,MUS,1996,0.3991884987242572,0.232225944313977,-0.039797024880212556,1.5145660997700037,-0.5025193275470037,-0.2693382844816071,2.123066646200774,0.09328508368985283,1.2154924592400194,1.1376896013079765,1.962056256353302,0.8082753311940414,1.8325060533517425,1.449062663371548,0.12955447154404823,13.941259117763689,3.688647288778157,79,0
Mauritius,MUS,1997,0.4735386855729465,0.345898959515745,0.04746451201580676,1.5130667182929156,-0.4206024135373911,-0.2692518815500695,2.0530729843368243,0.002596376512600036,1.2154924592400194,1.1376896013079765,1.962056256353302,0.8082753311940414,1.8325060533517425,1.449062663371548,0.12955447154404823,13.953780082890491,3.7006899962947686,79,1
Mauritius,MUS,1998,0.5616128308794576,-0.004009197122160783,0.20706713633487056,1.6387799807729244,-0.5921378325519928,-0.2691784862267162,2.1286162156974227,-0.007057121745720255,1.2154924592400194,1.1376896013079765,1.962056256353302,0.8082753311940414,1.8325060533517425,1.449062663371548,0.12955447154404823,13.96429429002933,3.6753040845372826,79,2
Mauritius,MUS,1999,0.586104771807336,0.4828262520575823,0.32752220267360016,1.5956364311464637,-0.45128306885527353,-0.2690887089365701,2.161785842108105,-0.07371282544091157,1.2154924592400194,1.1376896013079765,1.8274549501799,0.8082753311940414,1.8325060533517425,1.449062663371548,0.12955447154404823,13.977006764659325,3.6961965646265136,79,3
Mauritius,MUS,2000,0.7209507824873856,-0.0419370201946875,0.39888099423634,1.3559049472274687,0.30947719428862835,-0.2690185246964087,2.135838719201097,-0.09928649951009112,1.2154924592400194,1.1376896013079765,1.692853644006498,0.8082753311940414,1.8325060533517425,1.449062663371548,0.12955447154404823,13.986833517999623,3.8020601656096127,79,4
Mauritius,MUS,2001,0.7721986207988184,-0.0700128367224836,0.6127826894131064,1.5695268111596261,-0.7409039575482992,-0.2689615960011753,2.10187976594094,-0.03713652827167419,1.2154924592400194,1.1376896013079765,1.692853644006498,0.8082753311940414,1.8325060533517425,1.449062663371548,0.12955447154404823,13.99473398717999,3.652753660548396,79,5
Mauritius,MUS,2002,0.7911065944454533,-0.1760600257101317,0.689595240659465,1.2846531484871206,-0.530310463168934,-0.2689111983226034,2.1152865634515705,-0.10063974136529198,1.2154924592400194,1.1376896013079765,1.692853644006498,0.8082753311940414,1.8325060533517425,1.449062663371548,0.12955447154404823,14.00167638274891,3.684528508837573,79,6
Mauritius,MUS,2003,0.8991070549222635,-0.047639410965568355,0.8040863283618105,1.0070061477288983,-0.4611982855661355,-0.268858291040407,2.0853529225011216,-0.15959577819421247,1.2154924592400194,1.1376896013079765,1.692853644006498,1.021326561323618,1.561444863856029,1.449062663371548,0.12955447154404823,14.008912994419005,3.6947400727814377,79,7
Mauritius,MUS,2004,0.9800319261551406,-0.14200075709403467,0.8318341134782347,0.9598018206156868,-0.605596607454712,-0.2688121324754275,2.0145953220487796,-0.22856019855762913,1.2154924592400194,1.1376896013079765,1.692853644006498,1.021326561323618,1.9680366480995994,1.449062663371548,0.12955447154404823,14.01518402909075,3.673284755696163,79,8
Mauritius,MUS,2005,1.0068757288903853,-0.16925623934842104,0.9147789658648917,1.3826143190988172,-0.5334218256637633,-0.2687682839552302,1.9750830689948886,-0.3144254996779225,1.2154924592400194,1.1376896013079765,1.692853644006498,1.021326561323618,1.9680366480995994,1.449062663371548,0.12955447154404823,14.021105020855094,3.684066332238123,79,9
Mauritius,MUS,2006,1.1079158589934697,0.030562359153892747,0.8445459174194895,1.4746386356540178,-0.3879509413421644,-0.26873356071664617,1.9345014157045355,-0.40246887100775763,1.2154924592400194,1.1376896013079765,1.4236510316596944,1.6604796551691425,1.6969754586038857,1.7615798254829023,0.12955447154404823,14.0257690523262,3.7054499954552673,79,10
Mauritius,MUS,2007,1.2343125796550152,0.12583600257425664,0.8455279368881667,1.2960661726892686,0.055202309008617174,-0.26869949057972825,1.9015462754481043,-0.38558211795001823,1.2154924592400194,1.1376896013079765,1.4236510316596944,1.767005568505534,1.6969754586038857,1.7615798254829023,0.12955447154404823,14.030324312650151,3.767908496303238,79,11
Mauritius,MUS,2008,1.3612564217110623,0.10251381680092156,0.8274284308633543,1.1472690518628585,-0.010259989252899804,-0.26867233243544386,1.8729331515833663,-0.3171748348179092,1.2154924592400194,1.1376896013079765,1.4236510316596944,1.8735308852987191,1.6969754586038857,1.7615798254829023,0.12955447154404823,14.03394061821219,3.7589241552796215,79,12
Mauritius,MUS,2009,1.4422258629156932,0.3091833276226743,0.8431794371906329,0.8272930003288437,-0.17240245698742734,-0.2686523281732989,1.5891273361649227,-0.3182732674037035,1.2154924592400194,1.1376896013079765,1.4236510316596944,1.8735308852987191,1.6969754586038857,1.7615798254829023,0.12955447154404823,14.036595992809012,3.736317102159618,79,13
Mauritius,MUS,2010,1.5555093634375468,0.1495325651456307,0.8522583495202205,1.0897248072600867,0.07571232480576565,-0.2686343618302419,1.4499311961160093,-0.3888284959751005,1.2154924592400194,1.1376896013079765,1.4236510316596944,1.8735308852987191,1.6969754586038857,1.7615798254829023,0.12955447154404823,14.038974857833166,3.7707068571285016,79,14
Mauritius,MUS,2011,1.6672371882431236,0.06674361761529024,0.9180099840435589,1.2069981720808716,-0.013445500234991758,-0.26862224316599215,1.3725497731486793,-0.4599027226931391,1.2154924592400194,1.1376896013079765,1.4236510316596944,1.8735308852987191,1.6969754586038857,1.7615798254829023,0.12955447154404823,14.040576260761135,3.7584848950820096,79,15
Mauritius,MUS,2012,1.7625107121734698,-0.038699343622861586,1.0407169191810528,1.2619530717701088,0.20081879787206444,-0.2686012108734468,1.3447997547685262,-0.5143824794599484,1.2154924592400194,1.1376896013079765,1.4236510316596944,1.8735308852987191,1.6969754586038857,1.7912598605916008,0.12955447154404823,14.043349468805042,3.7876087218379437,79,16
Mauritius,MUS,2013,1.8578060403900898,-0.27394829475829374,1.1018991410708827,1.8159333963513093,-0.24193882617924237,-0.2685827970348037,1.2139247181700608,-0.5605316751252285,1.2154924592400194,1.1376896013079765,1.4236510316596944,1.8735308852987191,1.6969754586038857,1.7842764153492285,0.12955447154404823,14.045771123146535,3.7264630349381775,79,17
Mauritius,MUS,2014,1.9727700297173274,-0.5249765371672579,1.2206181094871993,1.7737986233927523,-0.05866824803306178,-0.26856900328572497,1.1145940839470956,-0.6113142037803122,1.2154924592400194,1.1376896013079765,1.4236510316596944,1.8735308852987191,1.6969754586038857,1.7842764153492285,0.12955447154404823,14.047581342688476,3.7522280842960978,79,18
Mauritius,MUS,2015,2.0891075854981334,-0.7166146267027967,1.1080545789825038,1.7168478438241819,-0.33992679665664594,-0.26855889835161245,0.9879235660494642,-0.6559190937182215,0.60890624023874,1.1376896013079765,1.4236510316596944,1.8735308852987191,1.6969754586038857,1.8034815444801122,0.12955447154404823,14.048905384942229,3.712410140397878,79,19
Mauritius,MUS,2016,2.2176404057938055,-0.7345010031421392,1.1250109422391967,1.5189388076224812,-0.1388697617970495,-0.2685536493493326,1.099562622398242,-0.7060290821529028,0.60890624023874,1.1376896013079765,1.4236510316596944,1.8735308852987191,1.6969754586038857,1.8034815444801122,0.12955447154404823,14.049592466724071,3.741034572264307,79,20
Mauritius,MUS,2017,2.35291732324038,-0.7281124835378527,1.0563270594365974,1.5379045865340844,-0.05686024129338221,-0.26854675549841206,0.8874159605509597,-0.7740766075747981,0.60890624023874,1.1376896013079765,1.4236510316596944,1.8735308852987191,1.6969754586038857,1.7930061147308098,0.12955447154404823,14.05049413867467,3.7524789844880773,79,21
Malawi,MWI,1996,-1.121205846539128,-0.09153061916490066,-1.4212414421855302,-0.8301321917679332,-0.5603703039258305,-0.2135934448683684,-1.3743940078189183,-0.5151068388549914,-0.6042661977638185,-1.240646298699596,-0.46076725476793157,-0.04392958932426608,-0.33598346261396533,-0.5150804146226747,0.41760146952155225,16.152712416807358,3.6800543143712217,80,0
Malawi,MWI,1997,-1.1180899258216135,-0.09153061916490066,-1.4212414421855302,-0.8301321917679332,-0.5759694795151034,-0.2123246920788167,-1.3786154818258185,-0.5833262971402244,-0.6042661977638185,-1.240646298699596,-0.8645711732881372,-0.04392958932426608,-0.47151405736182284,-0.5150804146226747,0.7776602169934345,16.172776620688577,3.677724573883666,80,1
Malawi,MWI,1998,-1.1150254800171604,-0.09153061916490066,-1.1492153468655792,-0.8301321917679332,-0.5605010269372418,-0.2109287416925431,-1.3822819723167314,-0.6106666099445044,-0.6042661977638185,-1.240646298699596,-1.2683750918083427,-0.04392958932426608,-0.6070446521096794,-0.5150804146226747,1.2817424634540677,16.194396937467182,3.680034813393752,80,2
Malawi,MWI,1999,-1.1137878840702846,-0.09153061916490066,-0.9768724502671567,-0.8301321917679332,-0.2579489714383059,-0.20938713149300336,-1.3873611401109422,-0.6071031849881963,-0.6042661977638185,-1.240646298699596,-1.1337737856349408,-0.04392958932426608,-0.6070446521096794,-0.5150804146226747,1.2817424634540677,16.21774232366206,3.7241804029662484,80,3
Malawi,MWI,2000,-1.1153453573925738,-0.09153061916490066,-1.1695232220304737,-0.8301321917679332,-0.46758105308044684,-0.20776563728411226,-1.3933645905302812,-0.6479731478984675,-0.6042661977638185,-1.240646298699596,-0.999172479461539,-0.04392958932426608,-0.6070446521096794,-0.5150804146226747,1.2817424634540677,16.24172317427532,3.693801355078446,80,4
Malawi,MWI,2001,-1.1288166332420382,-0.09153061916490066,-1.1287356943013644,-0.8301321917679332,-0.5102030192158621,-0.20608985097560295,-1.406285584004652,-0.7437391094051015,-0.9075593072644581,-1.240646298699596,-0.5953685609413335,-0.1504549061174517,-0.6748099494836078,-0.8424375942883786,1.2097307139596916,16.2659171149176,3.687510224445592,80,5
Malawi,MWI,2002,-1.1301272391383341,-0.09153061916490066,-1.1613199183912213,-0.8301321917679332,-0.6212228028368164,-0.20435198372538277,-1.412884859176764,-0.5846750759741112,-1.2108524167650978,-1.240646298699596,-0.1915646424211279,-0.2569802229106366,-0.7425752468575356,-1.1697947739540824,0.15355838804217317,16.29040399242192,3.6709351041848977,80,6
Malawi,MWI,2003,-1.124835239846978,-0.09153061916490066,-1.1613199183912213,-0.8301321917679332,-0.4022882241174565,-0.20253095486300515,-1.4130753232212998,-0.46995831870577937,-1.2108524167650978,-1.240646298699596,-0.1915646424211279,-0.2569802229106366,-0.7425752468575356,-1.1697947739540824,0.12955447154404823,16.31543512223099,3.7033626663555452,80,7
Malawi,MWI,2004,-1.1200210168177702,-0.09153061916490066,-1.2486576011818684,-0.8301321917679332,-0.28050453108762324,-0.2006009003530427,-1.4145475788460375,-0.6979075206531753,-1.2108524167650978,-1.240646298699596,0.34684058227247955,-0.2569802229106366,-0.20045286786610875,-1.1697947739540824,0.12955447154404823,16.34129824052974,3.7209556976007283,80,8
Malawi,MWI,2005,-1.1190426061692422,-0.09153061916490066,-1.2559573805759467,-0.8301321917679332,-0.1969026378925115,-0.19854910890195596,-1.4175587916787844,-0.7746689931516599,-1.2108524167650978,-1.240646298699596,0.34684058227247955,-0.2569802229106366,-0.20045286786610875,-1.1697947739540824,0.12955447154404823,16.36807834843482,3.73285622585153,80,9
Malawi,MWI,2006,-1.1156630298012475,-0.09153061916490066,-1.188894613248074,-0.8301321917679332,-0.537492454430004,-0.19638014617417038,-1.4182516797831677,-0.6340327401957152,-0.6042661977638185,-1.240646298699596,0.885245806966087,-0.04392958932426608,-0.06492227311825187,0.35263452420171326,0.12955447154404823,16.395629049388226,3.683461338933885,80,10
Malawi,MWI,2007,-1.1035047003739364,-0.09153061916490066,-1.199820789050469,-0.8301321917679332,-0.3148349444159849,-0.1940964552536964,-1.4109781081012716,-0.46039760365585625,-0.6042661977638185,-1.240646298699596,0.885245806966087,0.06259632401212561,0.2061389163774616,0.35263452420171326,0.057542722049672236,16.423839424408413,3.71602752865193,80,11
Malawi,MWI,2008,-1.0944904506631976,-0.09153061916490066,-1.1118202500282564,-0.8301321917679332,-0.21414248279222906,-0.19167711269826637,-1.4094443364408888,-0.6568183098685297,-0.6042661977638185,-1.240646298699596,0.07763796992567584,-0.04392958932426608,0.2061389163774616,0.38056882894269073,-0.05047490219189234,16.452882038763207,3.7304137394821275,80,12
Malawi,MWI,2009,-1.0837962173960993,-0.09153061916490066,-1.0879179016885483,-0.8301321917679332,-0.548636740487365,-0.18914107659791182,-1.4051151644240656,-0.7291684194933875,-0.6042661977638185,-1.240646298699596,0.07763796992567584,-0.04392958932426608,0.2061389163774616,0.38056882894269073,0.2735779705328008,16.48244629122452,3.681803154928739,80,13
Malawi,MWI,2010,-1.0755991083373064,-0.09153061916490066,-1.0766710458815054,-0.8301321917679332,-0.47889089184469646,-0.18653668252316608,-1.4013742584079774,-0.7405149390830877,-0.6042661977638185,-1.240646298699596,0.885245806966087,-0.04392958932426608,0.2061389163774616,0.5045282555665994,0.681644551000933,16.51192425008032,3.692135842707443,80,14
Malawi,MWI,2011,-1.0712711823329355,-0.09153061916490066,-1.0377203374879191,-0.8301321917679332,0.5388752912750329,-0.18388461202679082,-1.398703534508924,-0.7210106727912129,-0.6042661977638185,-1.240646298699596,0.34684058227247955,-0.04392958932426608,0.2061389163774616,0.5045282555665994,0.561624968510306,16.541074690864686,3.8319007640129046,80,15
Malawi,MWI,2012,-1.0735332392161487,-0.09153061916490066,-1.0346825350975604,-0.8301321917679332,-0.6579554368940503,-0.18119628229346849,-1.4011482773902497,-0.7582503678022311,-0.6042661977638185,-1.240646298699596,0.34684058227247955,-0.04392958932426608,0.2061389163774616,0.5464299745638098,0.32158580352905125,16.5697811479996,3.665389917618538,80,16
Malawi,MWI,2013,-1.0679297114920328,-0.09153061916490066,-0.9250488089086527,-0.8301321917679332,0.3093306694521266,-0.17846148558604655,-1.3983482543273864,-0.7827545299171628,-1.2108524167650978,-1.240646298699596,0.6160431946192833,0.16912164080531122,0.2061389163774616,0.5324625603075769,0.2735779705328008,16.598162042855343,3.8020408179213705,80,17
Malawi,MWI,2014,-1.0616210960779988,-0.09153061916490066,-0.8635976857755854,-0.8301321917679332,0.5080857907759654,-0.1756814373992926,-1.3950369645533398,-0.7959823282587156,-1.2108524167650978,-1.240646298699596,0.6160431946192833,-0.04392958932426608,0.2061389163774616,0.4731019663186918,0.2735779705328008,16.626209942382506,3.827946961759794,80,18
Malawi,MWI,2015,-1.0616021051897875,-0.09153061916490066,-0.8568746329709955,-0.8301321917679332,-0.11314339122392178,-0.17287522281522877,-1.3943794068572026,-0.771755315685754,-1.2108524167650978,-1.240646298699596,0.07763796992567584,-0.04392958932426608,0.2061389163774616,0.45389683718780843,0.2735779705328008,16.653745859093828,3.7446388010441356,80,19
Malawi,MWI,2016,-1.0622164798057216,-0.09153061916490066,-0.9128376223662998,-0.8301321917679332,-0.3935237023162312,-0.17002000746449017,-1.3941847319106668,-0.763464341606285,-1.2108524167650978,-1.240646298699596,0.07763796992567584,-0.04392958932426608,0.2061389163774616,0.45389683718780843,0.2735779705328008,16.68100543629395,3.7046391886854457,80,20
Malawi,MWI,2017,-1.0592969926714333,-0.09153061916490066,-0.8609945313122218,-0.8301321917679332,-0.47031315132033574,-0.16710538405108177,-1.3924469897901748,-0.7558013922381566,-1.2108524167650978,-1.240646298699596,0.07763796992567584,-0.04392958932426608,0.2061389163774616,0.44342140743850594,0.2735779705328008,16.70808632968104,3.693399274165417,80,21
Malaysia,MYS,1996,1.3644240597958892,2.4154163117172467,0.16574409981866756,3.127047166500969,0.21050644459076534,-0.15011039668327233,2.1461467223593766,1.388707541050558,0.60890624023874,1.1376896013079765,0.6160431946192833,1.021326561323618,0.7482612953688889,-0.5150804146226747,3.2980714492966037,16.85286872682368,3.7889056814364634,81,0
Malaysia,MYS,1997,1.4893404974516076,2.4904885562419503,0.1726193416659167,3.240082785200037,0.22756554599917997,-0.14693480472909504,2.3323980788385437,1.4756621843006688,0.3056131307381003,1.1376896013079765,0.2122392760990777,0.9148009462588297,0.4094348084992463,-0.5150804146226747,3.2980714492966037,16.877742818348647,3.791185433245291,81,1
Malaysia,MYS,1998,1.2212476040610922,0.5140375430821549,0.5689970034553329,3.9310066282060134,-0.13399405800384456,-0.14372072815451561,2.0797102502170413,1.4176175771157673,0.0023200212374607228,1.1376896013079765,-0.1915646424211279,0.8082753311940414,0.07060832162960441,-0.5150804146226747,3.1060401173116006,16.902303723144577,3.7417186500254975,81,2
Malaysia,MYS,1999,1.3129627575100795,-0.08471009667494608,0.513019682607823,4.165268450487082,0.19125311545995682,-0.14052284003512422,2.067761317721394,1.6325043168246567,0.0023200212374607228,1.1376896013079765,0.07763796992567584,0.8082753311940414,0.20613891637746098,-0.8424375942883786,1.761820793416577,16.92615651005959,3.7863264379395845,81,3
Malaysia,MYS,2000,1.4786001093686632,0.3279374896522078,0.47460843193526914,4.247501311492456,0.041955789441685994,-0.13730398614280162,2.132899256991676,1.7873561503326119,0.0023200212374607228,1.1376896013079765,0.34684058227247955,0.8082753311940414,0.34166951112531785,-1.1697947739540824,1.569789461431574,16.94960453314419,3.7660969868454064,81,4
Malaysia,MYS,2001,1.4266314760029584,0.30748338839820594,0.4433048684725156,3.7533230878494503,-0.5398897146816432,-0.13392526142873626,2.0884023063796677,1.611182321880517,-0.30097308826317887,1.1376896013079765,0.6160431946192833,0.8082753311940414,0.6804959979949601,-0.8424375942883786,1.3777581294465697,16.973639661062144,3.6831048771000927,81,5
Malaysia,MYS,2002,1.504993245338141,0.10859336749199772,0.4209317950329453,3.6370897907318693,-0.10552675789819005,-0.1304424214240576,1.93572935063787,1.5207348854587677,-0.6042661977638185,1.1376896013079765,0.885245806966087,0.8082753311940414,1.0193224848646019,-0.5150804146226747,1.2817424634540688,16.99782521475187,3.7457033932215804,81,6
Malaysia,MYS,2003,1.5980108151180479,-0.021247514234595092,0.6052499118732076,3.4874311746785702,-0.14698029593442827,-0.1269524093955265,1.9411159171731591,1.642456888380067,0.0023200212374607228,1.1376896013079765,0.6160431946192833,1.2343777914531946,1.2903836743603156,0.7943483040401405,1.2817424634540688,17.02148767097257,3.7398955991555365,81,7
Malaysia,MYS,2004,1.7239318138660915,-0.19833373406041868,0.6225945923508918,3.9565841694451946,-0.04774656645152308,-0.12346212524130114,1.6834709465121982,1.8048037097243508,0.0023200212374607228,1.1376896013079765,0.6160431946192833,1.2343777914531946,1.2903836743603156,0.7943483040401405,1.6658051274240748,17.044604915340127,3.753742747224948,81,8
Malaysia,MYS,2005,1.8137908927171797,-0.03468608219214264,0.466309773182959,3.7675320655823032,-0.1785215470670379,-0.11995896651811978,1.6295952886785254,1.6249599092512104,0.0023200212374607228,1.1376896013079765,0.6160431946192833,1.2343777914531946,1.2903836743603156,0.7943483040401405,1.809828626412828,17.06728221293972,3.7354538458317648,81,9
Malaysia,MYS,2006,1.9153226814890159,-0.07697325194527406,0.44996618319656095,3.7304879448984796,0.15840204868147176,-0.11644045385854605,1.701510541053552,1.6372158319764052,0.0023200212374607228,1.1376896013079765,0.6160431946192833,1.2343777914531946,1.2903836743603156,0.9654471645359104,1.785824709914702,17.08955274719203,3.781910176165152,81,10
Malaysia,MYS,2007,2.044413463376698,-0.022470890281201684,0.39378958398234026,3.437276603569728,0.15158520910840548,-0.1129301533477005,1.4574784495478337,1.477530378918915,0.0023200212374607228,1.1376896013079765,0.7506445007926851,1.2343777914531946,1.2903836743603156,0.9654471645359104,2.049867791394082,17.111287792561058,3.780991320603405,81,11
Malaysia,MYS,2008,2.13334331868711,-0.24499081165472564,0.4149468106325281,2.979199320660847,-0.08613497497725062,-0.10947312900054801,1.48625245230849,1.5198768990747744,0.0023200212374607228,1.1376896013079765,0.885245806966087,1.021326561323618,1.4259142691081725,1.0317912037671686,1.857836459409078,17.132240959276174,3.748408716840612,81,12
Malaysia,MYS,2009,2.0146429272375914,-0.07438326923303529,0.42176926167805406,2.5700646489763455,-0.6312457671189087,-0.10611861137879407,1.2606486513516741,1.175723834729189,0.0023200212374607228,1.1376896013079765,0.6160431946192833,1.021326561323618,1.4259142691081725,1.0317912037671686,1.857836459409078,17.15216156068021,3.6694250777014226,81,13
Malaysia,MYS,2010,2.1948364340345226,-0.018683247018392638,0.5010978059509679,2.4362646582170893,0.08087929260607223,-0.10290754028132651,1.3421865049157031,1.1367194789115165,0.0023200212374607228,1.1376896013079765,0.885245806966087,1.447428425039566,1.4259142691081725,1.0021111686584694,1.857836459409078,17.170865621286968,3.7714105985818147,81,14
Malaysia,MYS,2011,2.3160098330438763,-0.04929242219402743,0.5148101476002437,2.3490671313911373,0.21712011411667617,-0.09984604760712205,1.4553147861169724,1.0805981354167697,0.0023200212374607228,1.1376896013079765,0.885245806966087,1.447428425039566,1.4259142691081725,1.0021111686584694,1.857836459409078,17.188378421505462,3.7897901389434265,81,15
Malaysia,MYS,2012,2.449586697655527,0.3366049995810926,0.6468460233218809,2.1433035749962057,-0.16251546122751911,-0.09681763937009862,1.3371108877289761,1.1064461467643758,0.0023200212374607228,1.1376896013079765,0.885245806966087,1.447428425039566,1.4259142691081725,1.0405209031487492,1.857836459409078,17.205405372246748,3.737710346403191,81,16
Malaysia,MYS,2013,2.5590822935084705,0.4717296963546671,0.636020039486101,1.994814724080637,-0.05003933321369993,-0.09372487643000803,1.3869939318786675,1.085681098925307,0.60890624023874,1.1376896013079765,0.885245806966087,1.8735308852987191,1.1548530796124588,1.054488317404982,1.857836459409078,17.222499999879854,3.753424967267418,81,17
Malaysia,MYS,2014,2.721389024704382,0.4107493419507501,0.7209825507867277,1.866972113392885,-0.10973580059346012,-0.09056899242333082,1.3603777295287132,1.0889295103481702,0.60890624023874,1.1376896013079765,0.885245806966087,1.8735308852987191,1.1548530796124588,1.054488317404982,1.857836459409078,17.239647406598586,3.7451152269545847,81,18
Malaysia,MYS,2015,2.853564258761446,0.39754114884176955,0.6567861719769341,1.6656675202481956,-0.08780464263777837,-0.08732367581905351,1.329441915492683,0.9662576047195331,0.60890624023874,1.1376896013079765,0.885245806966087,1.8735308852987191,1.1548530796124588,1.0440128876556793,1.857836459409078,17.25697935060338,3.7481760713092593,81,19
Malaysia,MYS,2016,2.9624222394714934,0.355332480153184,0.5958089265056352,1.5360183093767519,0.11514399552187167,-0.08395604778607521,1.3250901996923772,0.9025013139318736,0.60890624023874,1.1376896013079765,0.885245806966087,1.8735308852987191,1.1548530796124588,1.0632174930150762,1.857836459409078,17.274652455518293,3.7760649639023924,81,20
Malaysia,MYS,2017,3.1313431349189838,0.30014450170982987,0.5616820225214927,1.7174308160276348,-0.14446478899679877,-0.08053355921313965,1.3564142205707932,0.9383867486214651,0.60890624023874,1.1376896013079765,0.885245806966087,2.086582115428296,1.2903836743603156,1.0632174930150762,1.857836459409078,17.292299061369842,3.740248993944037,81,21
Namibia,NAM,1996,-0.17044537709993882,-0.21829143174979723,-0.18112117959271082,0.6558082635169754,-0.09538863330988027,-0.26624145175057834,-0.3665935637532043,-0.46881783162004886,1.2154924592400194,1.1376896013079765,1.1544484193128908,0.5952241010644648,0.34166951112531785,0.7943483040401405,4.594282940195376,14.313921841698251,3.7471186633330644,82,0
Namibia,NAM,1997,-0.15283585997634697,-0.6389831314775805,-0.1250197589024117,0.5484269960621678,-0.2706490775788131,-0.26598044692638356,-0.34936570103956954,-0.41884401139964883,0.9121993497393796,1.1376896013079765,0.4814418884458814,0.5952241010644648,0.13837361900353315,0.7943483040401405,3.526108656028796,14.339804081055329,3.722365983601326,82,1
Namibia,NAM,1998,-0.14480137690861403,-0.2709956810003811,-0.13638608837884658,0.5278217456788021,-0.22074887047666927,-0.2657175069861409,-0.44753405262124163,-0.34572055392722956,0.60890624023874,1.1376896013079765,-0.1915646424211279,0.5952241010644648,-0.06492227311825187,0.7943483040401405,2.4339304553640884,14.36521799130837,3.7294761841477766,82,2
Namibia,NAM,1999,-0.13519365678140732,-0.27636490382524337,-0.07517695032825447,0.49794584087081434,-0.41748901242995107,-0.2654537083381519,-0.5402719811180042,-0.4559515492955951,0.60890624023874,1.1376896013079765,-0.999172479461539,0.5952241010644648,0.07060832162960501,0.7943483040401405,2.4339304553640884,14.39008195122327,3.7011448528313546,82,3
Namibia,NAM,2000,-0.12252740521104799,-0.7358092711498843,0.012223058775419975,0.3248904588722591,0.20556183722534369,-0.26519803717756407,-0.6295212220866864,-0.27963821995027055,0.60890624023874,1.1376896013079765,-1.8067803165019503,0.5952241010644648,0.2061389163774616,0.7943483040401405,2.4339304553640884,14.413603925855032,3.78824391908288,82,4
Namibia,NAM,2001,-0.1333039936569247,-0.20877818490709363,0.14857935029344602,0.4249853724595372,1.1620688517324855,-0.2649658172045814,-0.5625043755629159,-0.029960596012075624,0.3056131307381003,0.5431056263060834,-0.999172479461539,0.5952241010644648,0.13837361900353315,0.46699112437443663,2.2418991233790853,14.434499226631848,3.908740286405246,82,5
Namibia,NAM,2002,-0.0986941437547811,-0.31236727097037026,0.09887307918552393,0.5940727554070888,0.10395724802053474,-0.26476673004668094,-0.474059144811827,0.021704247345503424,0.0023200212374607228,-0.051478348695809785,-0.1915646424211279,0.5952241010644648,0.07060832162960441,0.13963394470873283,1.6177972944278238,14.452072043002762,3.7745477861989962,82,6
Namibia,NAM,2003,-0.06568249546578962,-0.42254063402190767,0.06801588820853624,0.6386490604272649,-0.4173743229531696,-0.26460046729474257,-0.38516235446151137,-0.23189727482590403,0.0023200212374607228,-0.051478348695809785,-0.1915646424211279,0.5952241010644648,0.07060832162960441,0.13963394470873283,1.569789461431574,14.466514559123455,3.701161604594791,82,7
Namibia,NAM,2004,0.06833202424775175,-0.4895054934180899,0.04170478679551203,0.2300694148154528,-0.06893102930766348,-0.26445159639828447,-0.27833786133510996,-0.1458411105374707,0.0023200212374607228,-0.051478348695809785,0.07763796992567584,0.3821728709348875,0.2061389163774616,0.13963394470873283,1.3297502964503187,14.479271666363976,3.7508027065133986,82,8
Namibia,NAM,2005,0.08547829719063017,-0.4849196757143953,-0.008038520791105558,0.19579795233990713,0.26851770537473807,-0.264303439075869,-0.3393676669581257,-0.17055632304196316,0.0023200212374607228,-0.051478348695809785,0.34684058227247955,0.5952241010644648,0.34166951112531785,0.7943483040401405,0.9936954654765636,14.491808076930004,3.7966370952936828,82,9
Namibia,NAM,2006,0.16470005591568002,-0.12236243392521025,-0.045617279867925006,0.37423606998686276,0.6484771026996378,-0.264150407679908,-0.3787651928672502,0.273586331333464,1.2154924592400194,1.1376896013079765,1.4236510316596944,1.021326561323618,1.0193224848646019,1.0632174930150762,0.9936954654765636,14.504593992682537,3.8458496420658568,82,10
Namibia,NAM,2007,0.22303946753394963,-0.1035536755523497,-0.02261375711564726,0.900403694024954,0.6391042638004025,-0.2639888738678116,-0.4210843647584342,0.41416805842494786,1.2154924592400194,1.1376896013079765,1.4236510316596944,1.021326561323618,1.0193224848646019,1.0632174930150762,0.9936954654765636,14.51791525517962,3.8446643520791564,82,11
Namibia,NAM,2008,0.24167972706729607,0.2914701188669589,-0.02261375711564726,1.3256562864004027,0.8332017726034872,-0.26381679367325434,-0.4648395533791469,0.6119628126306357,1.2154924592400194,1.1376896013079765,1.4236510316596944,1.021326561323618,1.0193224848646019,1.0527420632657736,1.569789461431574,14.531913709883492,3.8689277405406615,82,12
Namibia,NAM,2009,0.22364692945682318,0.6076855550384492,-0.02261375711564726,1.445077639295536,0.9272706287353898,-0.2636333325774405,-0.5258415759655817,0.15955592412286396,1.2154924592400194,1.1376896013079765,0.885245806966087,1.021326561323618,1.0193224848646019,1.0527420632657736,1.569789461431574,14.54662526291823,3.8804784499832956,82,13
Namibia,NAM,2010,0.2908943297236513,0.28315795651058673,0.17091628614771492,0.9900976984183623,-0.21557106356948763,-0.26343729927455306,-0.5674830266437277,0.04951350846365841,1.2154924592400194,1.1376896013079765,0.885245806966087,1.021326561323618,1.0193224848646019,1.0090946139008417,1.785824709914702,14.562109401956585,3.7302110747910984,82,14
Namibia,NAM,2011,0.3434905852970493,-0.026309143389898173,0.3286595867197839,0.8194964083997278,0.44407488792221744,-0.2632164904390152,-0.5450226927732192,0.20754871524060886,1.2154924592400194,1.1376896013079765,0.885245806966087,1.021326561323618,1.0193224848646019,1.0108403442685634,1.857836459409079,14.579268101166765,3.819676691098997,82,15
Namibia,NAM,2012,0.38868954850706205,0.383153834372389,0.39359466694536815,0.7622051036522635,0.7094030557620264,-0.2629242334906472,-0.5221787311948933,0.26177344809111436,1.2154924592400194,1.1376896013079765,0.885245806966087,1.021326561323618,1.0193224848646019,1.0108403442685634,1.857836459409079,14.601535416739429,3.8535202840674563,82,16
Namibia,NAM,2013,0.43773295818719066,1.0328856159661322,0.46227863961559296,0.6900449278163454,0.4500793971967323,-0.26257437660366667,-0.44629893092023815,-0.02374887532880673,1.2154924592400194,1.1376896013079765,1.1544484193128908,1.021326561323618,1.0193224848646019,1.0108403442685634,1.857836459409079,14.627555264017136,3.8204553930992096,82,17
Namibia,NAM,2014,0.496099256316617,1.5226976564630135,0.48463389123960476,0.8453327853009682,-0.0350163828647083,-0.2622137737753828,-0.393493027909797,-0.016947780470232068,1.2154924592400194,1.1376896013079765,1.1544484193128908,1.021326561323618,1.0193224848646019,1.0108403442685634,1.857836459409079,14.653684060574326,3.7555053298832997,82,18
Namibia,NAM,2015,0.5236788032697081,1.0190534850409592,0.5390194947692748,0.6759558874692148,0.6104196609000474,-0.26183787143584536,-0.09862599417484845,0.06070886888904702,1.2154924592400194,1.1376896013079765,1.1544484193128908,1.021326561323618,1.1548530796124588,1.0230620281570744,1.857836459409079,14.680213636342014,3.841028141157574,82,19
Namibia,NAM,2016,0.47571366025508677,-0.09266248597814956,0.5752397609904101,0.5810519072331547,-0.0751647348381132,-0.26144532709829627,0.21784546197967258,0.05652883467297994,1.2154924592400194,1.1376896013079765,1.1544484193128908,1.021326561323618,1.1548530796124588,1.0230620281570744,1.857836459409079,14.707186414226461,3.7499359263692553,82,20
Namibia,NAM,2017,0.41000632702112094,-0.5652491300923175,0.5851243868429717,0.21143584167619686,-0.27308879849305123,-0.2610362919436766,-0.01389659471724522,-0.06295569547465173,1.2154924592400194,1.1376896013079765,1.1544484193128908,1.021326561323618,1.0193224848646019,1.0230620281570744,1.857836459409079,14.734539138508017,3.7220170520076388,82,21
Niger,NER,1996,-1.1153326238814472,-1.4098902604926606,-2.0717867413221898,-1.084158630946304,-0.5801748297270406,-0.21545222058815489,-1.3723700426714833,-0.4700417279633717,0.40671067214865514,-0.051478348695809785,0.8607729205207736,-1.302867808754375,-0.2908067784054728,-1.3880330683217141,-0.9746256873697213,16.12257092197775,3.6770955738878044,83,0
Niger,NER,1997,-1.118657134323671,-1.4746899168685197,-2.0668841238273594,-1.181753814762285,-0.5008720036821654,-0.21340149949813214,-1.378203323419761,-0.5022623621786066,-0.4020708723082213,-0.051478348695809785,0.8607729205207736,0.05291204161005232,-0.2908067784054728,-1.1697947739540824,-2.462868510253497,16.155773828861744,3.6888908983287156,83,1
Niger,NER,1998,-1.1071300933190733,-1.4929622727284415,-2.070765146026701,-1.1282436216382499,-0.6521171279889724,-0.211239950683705,-1.384821349280173,-0.6847966803658643,-1.2108524167650978,-0.051478348695809785,0.8607729205207736,1.4086918919744795,-0.2908067784054728,-0.9515564795864507,-2.462868510253497,16.189617295734603,3.6662733310407876,83,2
Niger,NER,1999,-1.1141070895614424,-1.606549301941395,-2.0641438908148277,-1.2339232986352737,-0.6301362680697526,-0.20896620142192696,-1.3922662318989847,-0.7710148852549463,-0.8064615232194157,-0.051478348695809785,0.926034094616335,1.4086918919744795,-0.2908067784054728,0.5761102715582523,-2.462868510253497,16.224023085887044,3.6695923434172295,83,3
Niger,NER,2000,-1.1226688756985663,-1.1758552637444537,-2.0678963045328813,-1.137143181824659,-0.5219150230519776,-0.2065943599182346,-1.3976416478261708,-0.7266522665792341,-0.4020706296737337,-0.051478348695809785,0.991295268711897,1.4086918919744795,-0.2908067784054728,2.1037770227029555,-1.8867745142984866,16.2586947211051,3.6857745427184043,83,4
Niger,NER,2001,-1.116294321858374,-1.1734239555479582,-2.0704054050431107,-1.1864130687888483,-0.48487499964143077,-0.20410884244120492,-1.403060118798367,-0.8006285614958494,-0.4020706296737337,-0.051478348695809785,0.991295268711897,1.2949033633797393,0.031885333281815684,1.8855389902210675,-1.8867745142984866,16.293782580540004,3.6912534860712274,83,5
Niger,NER,2002,-1.1139306940009723,-1.149922322373793,-2.0685998421577882,-1.2496065737720863,-0.5932639283932218,-0.20151761925006,-1.4086152337092568,-0.8563405236771459,-0.4020706296737337,-0.051478348695809785,0.991295268711897,1.1811148347849993,0.35457744496910415,1.6673009577391795,-1.8867745142984866,16.32909738787247,3.6751352835006514,83,6
Niger,NER,2003,-1.1165623673481453,-1.166607824195091,-2.047385920674079,-1.1757093707517647,-0.5485301325757916,-0.19880942434105872,-1.4137180152015798,-0.7923367314415326,-0.4020706296737337,-0.051478348695809785,0.991295268711897,1.1811148347849993,0.35457744496910415,1.449062663371548,-1.8867745142984866,16.364720154269325,3.681819030398262,83,7
Niger,NER,2004,-1.1224415421059515,-1.0116478662629291,-1.993624396991761,-1.0718606339214425,-0.5310759007206503,-0.19597416487456382,-1.4187779330030323,-0.7553434786892669,-0.4020706296737337,-0.051478348695809785,0.991295268711897,1.1811148347849993,0.35457744496910415,1.449062663371548,-1.8867745142984866,16.40070264194255,3.6844148269086285,83,8
Niger,NER,2005,-1.116172766845473,-0.5300460580535631,-1.9605692361098463,-1.0317387400406552,-0.4489223219402214,-0.19300886560965172,-1.4234354354820749,-0.8739624101241255,-0.4020706296737337,-0.051478348695809785,0.8607729205207736,1.1811148347849993,0.35457744496910415,1.449062663371548,-1.8867745142984866,16.43699968067722,3.69654303316635,83,9
Niger,NER,2006,-1.1122361481977845,-0.4326635118252608,-1.909291056692547,-1.0844087178900865,-0.49754246285148307,-0.18991032755760576,-1.4280259937495356,-0.8490836247254744,0.2822993533625171,0.7789057391123337,0.7302505723296506,1.1811148347849993,2.1382164525783143,0.029641932341056245,-1.8867745142984866,16.473570615209326,3.6893830963728584,83,10
Niger,NER,2007,-1.113341942274422,-0.4591813511311258,-1.9229595902681464,-1.1142345892429146,-0.34857468541498865,-0.1866748800451726,-1.4324855178652385,-0.59550347804306,0.4778836169344635,0.663607820017407,0.40394427112766323,1.1811148347849993,2.1238968320596343,0.029641932341056245,-1.7187470988116085,16.510381695460968,3.7111603718372397,83,11
Niger,NER,2008,-1.1061712826955115,0.35583630209969797,-1.9099938860638948,-0.9922007122182186,0.015006130722760634,-0.18329867702920716,-1.4348974308900848,-0.4641077409328805,0.5361158939585864,-0.01183957558474363,0.33868309703210175,1.1811148347849993,2.0019192967865638,-0.038448361029410495,-1.2386687688491003,16.547402017487798,3.762401362994339,83,12
Niger,NER,2009,-1.1096004553131402,0.7086907595349173,-1.8904080149398255,-0.7079967722014212,0.8167234531080494,-0.1797806360541701,-1.4378052131190755,-0.3738367482554621,0.0023200212374607228,-0.051478348695809785,-0.999172479461539,0.8082753311940414,0.07060832162960441,-0.7926793029791921,-1.1666570193547243,16.584572819544356,3.8668905641872993,83,13
Niger,NER,2010,-1.1007699662978074,1.1261643719710956,-1.832213340123596,-0.6374249276478193,1.0746939447239507,-0.17612108971813217,-1.4386713733143077,-0.31888655370604163,0.0023200212374607228,-0.051478348695809785,-0.46076725476793157,0.8082753311940414,0.34166951112531785,0.07503563584519647,-1.1666570193547243,16.621826324987627,3.8983163600745714,83,14
Niger,NER,2011,-1.1035392973763534,1.0888280051229884,-1.8011303582671057,-0.6867086616204717,1.415850896947461,-0.17232676254935975,-1.4396799893594503,-0.3372561724916927,0.0023200212374607228,-0.051478348695809785,0.34684058227247955,0.8082753311940414,0.612730700621032,0.6476922875499049,-1.1666570193547243,16.65904015310364,3.9384148442360845,83,15
Niger,NER,2012,-1.0907764418218873,0.7542184639123576,-1.7598507148382183,-0.8363477637255057,0.8679166249443954,-0.1683326467431195,-1.434175538847422,-0.02467253322244663,0.0023200212374607228,-0.051478348695809785,-0.7299698671147353,-0.2569802229106366,-0.4715140573618222,0.21121622258612907,-1.1666570193547243,16.69677261491226,3.8732059240624803,83,16
Niger,NER,2013,-1.0877657403033185,0.8500450753294038,-1.7179769825584195,-0.8012845451071072,0.5486211893340198,-0.16420160333477915,-1.419234983592077,-0.06549415564471738,0.0023200212374607228,-0.051478348695809785,-0.7299698671147353,-0.2569802229106366,-0.4715140573618222,0.19724880832989675,-1.1666570193547243,16.73435633360372,3.8331490233030574,83,17
Niger,NER,2014,-1.0818319974424195,0.9943640011814427,-1.6496416252483441,-0.8173360101037626,0.6400464227619918,-0.15999265941103652,-1.4047715486277341,-0.26850862697565686,0.0023200212374607228,-0.051478348695809785,-0.7299698671147353,-0.4700314530402132,-0.4715140573618222,0.1867733785805942,-1.1666570193547243,16.771249139693932,3.8447835611130063,83,18
Niger,NER,2015,-1.0805060209764528,1.2155363113762188,-1.5827571243908505,-0.8467443225339225,0.2835921502168363,-0.15561694476739293,-1.3885917994409152,-0.3573186868794228,0.0023200212374607228,-0.051478348695809785,-0.7299698671147353,-0.4700314530402132,-0.06492227311825187,0.15709281970040778,-1.1666570193547243,16.80821319680619,3.7986363860488046,83,19
Niger,NER,2016,-1.0762540707245298,0.5365037669698567,-1.4748783702265105,-1.0856632604812555,-0.1509023201187704,-0.15110416343518332,-1.3736219753462096,-0.4648869516074162,0.0023200212374607228,-0.051478348695809785,-0.7299698671147353,-0.4700314530402132,-0.06492227311825187,0.17629794883129168,-1.1666570193547243,16.844955808748235,3.7393443583934296,83,20
Niger,NER,2017,-1.073255223233936,0.38897329298306227,-1.435350467456708,-1.0107628887139697,-0.12884083469960086,-0.14657059169993433,-1.3569608297298938,-0.47928125762448853,0.0023200212374607228,-0.051478348695809785,-0.999172479461539,-0.4700314530402132,-0.06492227311825187,0.141379675076454,-1.1666570193547243,16.880556511540654,3.742441156400974,83,21
Nigeria,NGA,1996,-0.5707982104189678,-0.09153061916490066,-1.4689961119795472,-0.15371666277275856,-0.5953811313322341,0.41170635460453897,-1.1115886244872677,0.882720429363363,-1.2108524167650978,-1.240646298699596,-2.0759829288487537,-0.6830826831697902,-1.5557588153446769,-1.1697947739540824,0.12955447154404823,18.549555636890457,3.674817838984873,84,0
Nigeria,NGA,1997,-0.5686643331499474,-0.09153061916490066,-1.4689961119795472,-0.15371666277275856,-0.6013026965540496,0.4298481461674581,-1.1161889944790984,0.699995669046294,-1.2108524167650978,-0.646062323697703,-1.5375777041551464,-0.6830826831697902,-1.5557588153446769,-1.1697947739540824,-0.590563023399714,18.5755865072038,3.6739294489290755,84,1
Nigeria,NGA,1998,-0.5691394373180968,-0.09153061916490066,-1.4689961119795472,-0.15371666277275856,-0.6176419123602681,0.4485429515661964,-1.1244057903126785,0.15543786217514954,-1.2108524167650978,-0.051478348695809785,-0.999172479461539,-0.6830826831697902,-1.5557588153446769,-1.1697947739540824,-1.8867745142984866,18.601720270963884,3.6714740368778616,84,2
Nigeria,NGA,1999,-0.5840199948307255,-0.09153061916490066,-1.4689961119795472,-0.15371666277275856,-0.35356527524094894,0.46790055840028255,-1.137818024485577,0.21044369869911497,-1.2108524167650978,-0.051478348695809785,-1.2683750918083427,-0.7896082982345785,-1.4879935179707482,-1.1697947739540824,-1.742751015309734,18.62807956292679,3.7104384344272185,84,3
Nigeria,NGA,2000,-0.5679209887227834,-0.09153061916490066,-1.4280978203038937,-0.15371666277275856,-0.362145350197914,0.4880691481810826,-1.12510215477152,0.5813877652999508,-1.2108524167650978,-0.051478348695809785,-1.5375777041551464,-0.8961339132993669,-1.4202282205968195,-1.1697947739540824,-1.3106805183434769,18.654823541162504,3.7091960234312915,84,4
Nigeria,NGA,2001,-0.5453398827374084,-0.09153061916490066,-1.3397530355039653,-0.15371666277275856,-0.3671677176058661,0.5091141459727276,-1.1161573541374081,0.11998697032972118,-1.2108524167650978,-0.646062323697703,-1.4029763979817447,-0.8961339132993669,-1.4879935179707482,-1.1697947739540824,-1.550719683324731,18.68198749560408,3.7084680583216882,84,5
Nigeria,NGA,2002,-0.4530405539564326,-0.09153061916490066,-1.2501331179095694,-0.15371666277275856,-0.30749048709698595,0.5309410092618037,-1.072031588289089,-0.3155179270844299,-1.2108524167650978,-1.240646298699596,-1.2683750918083427,-0.8961339132993669,-1.5557588153446769,-1.1697947739540824,-2.174821512275992,18.709402201056726,3.7170838776906114,84,6
Nigeria,NGA,2003,-0.41547907945387236,-0.09153061916490066,-1.2501331179095694,-0.15371666277275856,-0.31712145155397853,0.5535011666355091,-1.048586279983712,-0.06916150051470443,-1.2108524167650978,-1.240646298699596,-0.999172479461539,-1.1091851434289437,-1.6912894100925329,-1.82450913328549,-2.174821512275992,18.73696955149589,3.715698433749605,84,7
Nigeria,NGA,2004,-0.3599832209439578,-0.09153061916490066,-1.0663050434329284,-0.15371666277275856,-0.40744780138283,0.5768096454794032,-1.010191232465649,0.12945115098531457,-1.2108524167650978,-1.240646298699596,-0.999172479461539,-1.1091851434289437,-1.6912894100925329,-1.82450913328549,-2.174821512275992,18.764674948081673,3.702610429045954,84,8
Nigeria,NGA,2005,-0.32673927418804066,-0.09153061916490066,-1.07265210087133,-0.15371666277275856,-0.16129194001047978,0.6007579643972895,-0.989911666641147,0.11377454103209586,-1.2108524167650978,-1.240646298699596,-0.999172479461539,-1.3222363735585203,-1.6912894100925329,-1.82450913328549,-1.8867745142984866,18.79236328640918,3.737882626259019,84,9
Nigeria,NGA,2006,-0.2958382959336222,-0.09153061916490066,-1.0960779500373863,-0.15371666277275856,-0.2966413609175355,0.6253102390809552,-0.9719002392417366,-0.09002237261630944,-1.2108524167650978,-1.240646298699596,-0.999172479461539,-1.3222363735585203,-1.6912894100925329,-1.2099507625835713,-1.5987275163209826,18.819975756107524,3.7186422624215476,84,10
Nigeria,NGA,2007,-0.2588672917537601,-0.09153061916490066,-1.1940030215874422,-0.15371666277275856,-0.2740798892042199,0.6506477233844723,-0.9488393813349726,-0.20705567868571373,-0.9075593072644581,-1.240646298699596,-0.7299698671147353,-1.3222363735585203,-1.5557588153446769,-0.7734741738483079,-1.5987275163209826,18.847693765915224,3.7218752703304285,84,11
Nigeria,NGA,2008,-0.21891711484692958,-0.09153061916490066,-1.078507872183766,-0.15371666277275856,-0.23273428953636965,0.6768186742642844,-0.9175141802204957,-0.1763165388416632,-0.6042661977638185,-1.240646298699596,-0.999172479461539,-1.3222363735585203,-1.4202282205968195,-0.3352523785168106,-1.5987275163209826,18.875539104177133,3.7277730083878904,84,12
Nigeria,NGA,2009,-0.1640734144129839,-0.09153061916490066,-0.9507394832609851,-0.15371666277275856,-0.1504789716315585,0.7037557920125892,-0.8750315817449607,-0.46558849300712635,-0.6042661977638185,-1.240646298699596,-1.2683750918083427,-1.3222363735585203,-1.4202282205968195,-0.3352523785168106,-1.5987275163209826,18.90341218609621,3.7394038746834495,84,13
Nigeria,NGA,2010,-0.1068901491886362,-0.09153061916490066,-0.7824403344352758,-0.15371666277275856,-0.3632015955806792,0.7315333064715356,-0.81965636764659,-0.12613956106583712,-0.6042661977638185,-1.240646298699596,-1.8067803165019503,-1.3222363735585203,-1.4202282205968195,-0.3457278082661131,-1.5987275163209826,18.931363679538883,3.709042970350217,84,14
Nigeria,NGA,2011,-0.07825722472621331,-0.09153061916490066,-0.7375116308831581,-0.15371666277275856,-0.28017962573089866,0.7601773296132947,-0.7753779952458197,0.12011454337501058,-1.2108524167650978,-1.240646298699596,-1.8067803165019503,-1.3222363735585203,-1.4202282205968195,-0.2828752297702985,-1.5987275163209826,18.95939153137289,3.72100222230549,84,15
Nigeria,NGA,2012,-0.061401700207242456,-0.09153061916490066,-0.6856414896879127,-0.15371666277275856,-0.38320139406085546,0.7893312255974805,-0.6638305854125267,0.01989570349759923,-1.2108524167650978,-1.240646298699596,-1.8067803165019503,-1.3222363735585203,-1.4202282205968195,-0.29335065951960104,-1.5987275163209826,18.987133824240974,3.706140510525241,84,16
Nigeria,NGA,2013,-0.014107852677780761,-0.09153061916490066,-0.3834726066619144,-0.15371666277275856,-0.46000132570967933,0.8186531803631866,-0.5280024405658681,-0.09079717998213338,-1.2108524167650978,-1.240646298699596,-1.5375777041551464,-1.3222363735585203,-1.5557588153446769,-0.7298267244833765,-1.5987275163209826,19.01428072319634,3.694916012356266,84,17
Nigeria,NGA,2014,0.03142567357257205,-0.09153061916490066,-0.7462728310317027,-0.15371666277275856,-0.5026178565798524,0.8479669955470164,-0.5014369564613571,-0.18219269520315004,-1.2108524167650978,-1.240646298699596,-1.5375777041551464,-1.3222363735585203,-1.5557588153446769,-0.7315724548510982,-1.5987275163209826,19.040702862989782,3.6886327162264547,84,18
Nigeria,NGA,2015,0.03251819401004705,-0.09153061916490066,-0.7085044672952981,-0.15371666277275856,-0.5357521219833765,0.8768423315761106,-0.5148616805402568,-0.555092893835811,-0.6042661977638185,-1.240646298699596,-0.999172479461539,-1.535287603688097,-1.149167031101106,-0.5814249776254199,-1.5987275163209826,19.066064597714888,3.6837200389704168,84,19
Nigeria,NGA,2016,-0.02108488269595765,-0.09153061916490066,-0.8721747472632456,-0.15371666277275856,-0.4965452381319542,0.9056986732317474,-0.5651212898345241,-0.7204340351316496,-0.6042661977638185,-1.240646298699596,-0.999172479461539,-1.535287603688097,-1.0136364363532497,-0.602375837124025,-1.5987275163209826,19.090782921492547,3.689530466581178,84,20
Nigeria,NGA,2017,-0.041770470873974834,-0.09153061916490066,-0.8721747472632456,-0.15371666277275856,-0.5322554882528939,0.934791201848265,-0.5820046330331767,-0.37588635261815556,-1.2108524167650978,-1.240646298699596,-0.999172479461539,-1.1091851434289437,-0.4715140573618222,-0.6128512668733275,-1.5987275163209826,19.115100015061934,3.6842396105799655,84,21
Nicaragua,NIC,1996,-0.6545447505954175,0.21396635277358633,-0.6032756777704026,-0.7378472353465432,-0.16991568745522678,-0.24759255093283825,-0.07193669441677347,-0.5676673612764574,0.0023200212374607228,-1.240646298699596,-0.999172479461539,0.16912164080531122,-0.06492227311825187,0.13963394470873283,1.521781628435323,15.369430475041886,3.736667712633042,85,0
Nicaragua,NIC,1997,-0.6400198512966633,0.21396635277358633,-0.6032756777704026,-0.461713861914936,0.1425296257813201,-0.24711119686316693,-0.10472604868476316,-0.615342702627709,-0.30097308826317887,-1.240646298699596,-0.8645711732881372,0.2756472558700992,-0.1326875704921803,-0.187723234956971,0.9936954654765636,15.386119072671224,3.7797693930453025,85,1
Nicaragua,NIC,1998,-0.6258798795504242,0.21396635277358633,-0.6032756777704026,-0.49047394068464173,0.1550445188359702,-0.24666320540360853,-0.07817260991450967,-0.6322993256189651,-0.6042661977638185,-1.240646298699596,-0.7299698671147353,0.3821728709348875,-0.20045286786610875,-0.5150804146226747,0.9936954654765636,15.401404677661702,3.7814577134550507,85,2
Nicaragua,NIC,1999,-0.5886284850222294,0.21396635277358633,-0.4160861282647682,-0.3302943173064144,0.5335471939322316,-0.24623770362086905,0.002713783977798916,-0.5467857540878949,-0.9075593072644581,-1.240646298699596,-0.1915646424211279,0.4886984859996758,-0.4037487599878944,-0.5150804146226747,0.9936954654765636,15.415709724308705,3.831217679405627,85,3
Nicaragua,NIC,2000,-0.5695342550229209,0.21396635277358633,-0.36143562544691343,-0.3662263673463957,0.24099741861513377,-0.24582277240954106,-0.08120503830770986,-0.5555466436473959,-1.2108524167650978,-1.240646298699596,0.34684058227247955,0.5952241010644648,-0.6070446521096794,-0.5150804146226747,0.9936954654765636,15.429465055255593,3.7929767978416686,85,4
Nicaragua,NIC,2001,-0.5575226445431323,0.21396635277358633,-0.25419553401558803,-0.4624503699664188,-0.16631956333651768,-0.2454285408926877,-0.07973010287954002,-0.44374607931364096,-0.9075593072644581,-1.240646298699596,0.4814418884458814,0.4886984859996758,-0.4037487599878944,-0.187723234956971,0.8016641334915595,15.442361185304119,3.7371745140648427,85,5
Nicaragua,NIC,2002,-0.560948884122483,0.21396635277358633,-0.09801201238080118,-0.45922722536604776,0.019116563539063897,-0.24505310419044932,-0.11798091402987364,-0.4468289374464163,-0.6042661977638185,-1.240646298699596,0.6160431946192833,0.3821728709348875,-0.20045286786610875,0.13963394470873283,0.20156622103842364,15.454489796759061,3.7629659127076596,85,6
Nicaragua,NIC,2003,-0.551180237437297,0.21396635277358633,-0.09801201238080118,-0.3408081570267801,-0.0013568773750322958,-0.24468389614299002,-0.13222086247806425,-0.5189927839574562,-0.6042661977638185,-1.240646298699596,0.6160431946192833,0.3821728709348875,-0.06492227311825187,0.7943483040401405,0.12955447154404823,15.466275425404621,3.760150811326124,85,7
Nicaragua,NIC,2004,-0.5206156668895018,0.21396635277358633,0.07436681512978909,-0.1952339052091858,0.08881836403937686,-0.24430927581783435,-0.1086857910515772,-0.45225991407310806,-0.6042661977638185,-1.240646298699596,0.6160431946192833,0.3821728709348875,-0.06492227311825187,0.7943483040401405,0.12955447154404823,15.4780935192299,3.77249093662072,85,8
Nicaragua,NIC,2005,-0.49772992005718225,0.21396635277358633,0.18811993717456194,-0.0661836500267954,0.004023661593165095,-0.2438908493031449,0.07108063276505756,-0.4880647176861273,-1.2108524167650978,-1.240646298699596,0.07763796992567584,0.16912164080531122,-0.06492227311825187,-0.5150804146226747,0.12955447154404823,15.4911305152107,3.7608914043022033,85,9
Nicaragua,NIC,2006,-0.47621351216403096,0.21396635277358633,0.20687172745101104,0.3880301795487672,0.07608665962740649,-0.24342672381353733,0.012547613277474792,-0.49558946849296487,-1.2108524167650978,-1.240646298699596,0.07763796992567584,0.16912164080531122,-0.06492227311825187,0.04011736209035877,0.12955447154404823,15.505395281026697,3.770757858206569,85,10
Nicaragua,NIC,2007,-0.44669364991053406,0.36571388367523205,0.31856600822864034,0.5537810728725092,0.2285165605600459,-0.2429526929486597,0.15432667965017072,-0.5079877205762249,-1.2108524167650978,-1.240646298699596,0.2122392760990777,-0.2569802229106366,-0.33598346261396533,0.04011736209035877,0.12955447154404823,15.519757433705603,3.7913123725373485,85,11
Nicaragua,NIC,2008,-0.4299108995091464,0.5288572398549363,0.267797011295487,0.6630506773995158,0.6073684491101068,-0.24247284464116317,0.05899942615168219,-0.4050743500134597,-1.2108524167650978,-1.240646298699596,0.34684058227247955,-0.2569802229106366,-0.33598346261396533,0.10820765546082523,0.12955447154404823,15.53408875372584,3.840640574357291,85,12
Nicaragua,NIC,2009,-0.47051967503399705,-0.2759507618034732,0.267797011295487,0.3788652482902375,0.2431687342803676,-0.24198901725129318,-0.059830750641660026,-0.47898965654073017,-1.2108524167650978,-1.240646298699596,0.34684058227247955,-0.2569802229106366,-0.33598346261396533,0.10820765546082523,0.12955447154404823,15.548333916538239,3.793266077994539,85,13
Nicaragua,NIC,2010,-0.44610614758642664,-0.17177321077591698,0.2901980002898959,0.766573552660203,0.30485141064527743,-0.24150010413455986,-0.05883149246770212,-0.40470166554281184,-1.2108524167650978,-1.240646298699596,-0.46076725476793157,-0.2569802229106366,-0.33598346261396533,0.048847061471940144,0.057542722049672236,15.562525593009457,3.8014491791053433,85,14
Nicaragua,NIC,2011,-0.40483871418778605,0.24563543098482166,0.2901980002898959,1.098982282975956,0.9787426648305937,-0.24100664349511405,-0.042427062775608065,-0.30584657853076136,-1.2108524167650978,-1.240646298699596,-0.46076725476793157,-0.04392958932426608,-0.33598346261396533,0.019166502591753714,-0.15849252643345632,15.57664791984222,3.8867426755051877,85,15
Nicaragua,NIC,2012,-0.35990991144544976,0.6643768350856978,0.2901980002898959,1.1961187940940774,0.6044142438882038,-0.24050934285976072,-0.028243737515956484,-0.19017121824264688,-1.2108524167650978,-1.240646298699596,-0.46076725476793157,-0.04392958932426608,-0.33598346261396533,0.019166502591753714,-0.5425551904034636,15.590681190135607,3.8402651862160573,85,16
Nicaragua,NIC,2013,-0.327156661603243,0.6983154335536966,0.2901980002898959,1.0745303349998057,0.8448461729918206,-0.24001009501388423,-0.01793718890064704,-0.1203031583960384,-1.2108524167650978,-1.240646298699596,0.07763796992567584,0.16912164080531122,-0.20045286786610875,0.001707627600078752,-0.7345865223884667,15.604574063011174,3.8703648122896275,85,17
Nicaragua,NIC,2014,-0.29444751533157676,0.5756408298847909,0.2901980002898959,0.9502472312093541,0.89157984652737,-0.23951030896385692,-0.011458357137478453,-0.14435716516936772,-1.2108524167650978,-1.240646298699596,0.07763796992567584,0.16912164080531122,-0.20045286786610875,-0.02273521640545641,-0.7345865223884667,15.618291236595546,3.8761116735238277,85,18
Nicaragua,NIC,2015,-0.26042628913211063,0.809839852811269,0.2901980002898959,0.7036522609639665,0.6407938483246152,-0.23900884178176302,-2.5437976621112154e-05,-0.09143131987117593,-1.2108524167650978,-1.240646298699596,0.07763796992567584,0.16912164080531122,-0.33598346261396533,-0.46968671111853516,-0.7345865223884667,15.631868001158265,3.844878120905958,85,19
Nicaragua,NIC,2016,-0.22746856348049302,0.6133148916292099,0.2901980002898959,0.5766309584937015,0.6178496675894869,-0.23850541529467065,0.001699058461294976,-0.08642550800002007,-1.2108524167650978,-1.240646298699596,-0.1915646424211279,0.16912164080531122,-0.20045286786610875,-0.5482524342383042,-0.7345865223884667,15.645314889046944,3.8419712774271075,85,20
Nicaragua,NIC,2017,-0.19260384232595268,0.5062266234403046,0.2901980002898959,0.6510631993228976,0.6289999772290154,-0.238000077880481,0.0005312672420770645,-0.16774136558498556,-1.2108524167650978,-0.051478348695809785,-0.1915646424211279,0.16912164080531122,-0.20045286786610875,-0.5744410086115604,-0.7345865223884667,15.658633385791992,3.843384987546602,85,21
Nepal,NPL,1996,-0.9854319885081975,-0.007160541501606051,-0.7318928653952074,-0.44860013172133406,-0.5691865544181929,-0.13867038367868156,1.126975781110496,-0.44426919281496163,1.2154924592400194,0.5431056263060834,0.885245806966087,0.5952241010644648,0.9515571874906739,0.7943483040401405,0.12955447154404823,16.939717969052275,3.678738272319243,86,0
Nepal,NPL,1997,-0.9763116316538762,-0.1112609490758663,-0.7318928653952074,-0.28685938243915865,-0.5615778601297904,-0.13578221692999023,1.1164161071322067,-0.4519735110502311,1.2154924592400194,0.5431056263060834,0.885245806966087,0.5952241010644648,0.9515571874906739,0.7943483040401405,0.12955447154404823,16.960501450418924,3.679874159265391,86,1
Nepal,NPL,1998,-0.9730253284836854,-0.10422041984706608,-0.7318928653952074,-0.49929245129275396,-0.5989665614929072,-0.13299508138071092,1.1049578969034937,-0.47896385505454697,1.2154924592400194,0.5431056263060834,0.885245806966087,0.5952241010644648,0.9515571874906739,0.7943483040401405,0.12955447154404823,16.980156486109042,3.674280024714679,86,2
Nepal,NPL,1999,-0.9648613718828636,-0.42552340201221955,-1.09525416477806,-0.6194176851280924,-0.6262162955942423,-0.13030501609018316,1.115309081681163,-0.5317730180537436,1.2154924592400194,0.5431056263060834,0.4814418884458814,0.47094416711027803,0.9515571874906739,0.7943483040401405,0.12955447154404823,16.9987674953104,3.6701830861821843,86,3
Nepal,NPL,2000,-0.9501370116293986,-0.39648333787748197,-1.049204693157979,-0.5282612158325294,-0.6423228080968227,-0.127757254396026,1.1295491579917318,-0.5072796949732336,1.2154924592400194,0.5431056263060834,0.07763796992567584,0.34666423315609096,0.9515571874906739,0.7943483040401405,0.12955447154404823,17.016080243239806,3.6677535907469436,86,4
Nepal,NPL,2001,-0.9391875714978323,-0.41185784118617835,-0.9416265747606569,-0.5256708173761832,-0.5821472281345675,-0.1253369140463838,1.1381411757331854,-0.8462271075607908,1.2154924592400194,0.5431056263060834,-0.1915646424211279,0.34666423315609096,0.7821439440558529,0.6306697142072886,0.12955447154404823,17.03225407107074,3.676800423200099,86,5
Nepal,NPL,2002,-0.9442229069222949,-0.36700336744294043,-0.8088198427772335,-0.8031528667720433,-0.6574633420807297,-0.12302546025786046,1.1349103204494353,-0.8224433813577808,1.2154924592400194,0.5431056263060834,-0.46076725476793157,0.34666423315609096,0.612730700621032,0.46699112437443663,0.12955447154404823,17.04745983167162,3.6654644082028027,86,6
Nepal,NPL,2003,-0.935335606106493,-0.3233933621276975,-0.7718941971269473,-0.8606499343552123,-0.6013620068134081,-0.12084980323799675,1.1526525164464594,-0.8204074219775345,1.2154924592400194,0.5431056263060834,-0.999172479461539,0.09810496179092285,0.27390421375139,-0.187723234956971,0.12955447154404823,17.06156406118512,3.6739205468416825,86,7
Nepal,NPL,2004,-0.9230290578384406,-0.2727968024513875,-0.7718941971269473,-0.8055721719398862,-0.6418009331897836,-0.11886692610716497,1.1802816921453967,-0.846525574351271,-1.2108524167650978,-0.051478348695809785,-1.8067803165019503,-0.4700314530402132,-0.7425752468575356,-1.1697947739540824,0.12955447154404823,17.074247544700842,3.667832402600189,86,8
Nepal,NPL,2005,-0.9142258351731453,-0.3212630506105989,-0.6623687614860158,-0.8660126025116154,-0.6357322748278419,-0.1170962828288839,1.198287370935197,-0.8623497882229233,-1.2108524167650978,-1.240646298699596,-1.8067803165019503,-0.4700314530402132,-0.6070446521096794,-0.5150804146226747,0.12955447154404823,17.08543909028131,3.6687484158914105,86,9
Nepal,NPL,2006,-0.905058585972406,-0.22672161806957827,-0.7558363960880925,-0.8457422479998841,-0.6532592842235624,-0.1155483895494262,1.2264902620360143,-0.8955504619317048,0.5673410114368714,-0.56348126891046,-1.5475481074681126,0.15034246068844193,-0.0037838797051146992,-0.03321064615475923,0.12955447154404823,17.095121153876377,3.6661005690754163,86,10
Nepal,NPL,2007,-0.894953946667451,-0.18462949508204332,-0.7710927995898196,-0.8510404433575375,-0.6314293628998778,-0.11419945038864067,1.2483994155698717,-0.9117569555996767,0.13255942041576255,-0.04225991874738046,-1.0492566563592578,0.15797105520351562,-0.2048212899960215,-0.03321064615475923,0.12955447154404823,17.10348298760561,3.6693973964940647,86,11
Nepal,NPL,2008,-0.8733703149014042,-0.08637228666479586,-0.5565596877296325,-0.8087932144767273,-0.6394897622539458,-0.11298065987655004,1.2714579021609658,-0.8970461276177569,0.2100335828445564,-0.28849474248132495,-0.5205901053699084,0.08468452929126546,-0.22228738880236787,0.2967653909482702,0.12955447154404823,17.11097839292206,3.6681813534837477,86,12
Nepal,NPL,2009,-0.8569864584316966,-0.1498581157719589,-0.5115042586142189,-0.7785419200091064,-0.5904954272456299,-0.11187402748114673,1.3221682770546495,-0.9788314172511459,-0.6042661977638185,-0.051478348695809785,-1.2683750918083427,-0.8961339132993669,-1.0136364363532497,-0.24446497150853044,0.12955447154404823,17.11773571605067,3.6755502289541693,86,13
Nepal,NPL,2010,-0.8384657855327531,-0.04630887705368791,-0.2823059449532624,-0.8102807981181249,-0.5481293973962403,-0.11085254623908758,1.380238870889848,-1.0508723492384955,-0.6042661977638185,-0.051478348695809785,-1.2683750918083427,-0.8961339132993669,-1.0136364363532497,-0.21129295189290168,0.12955447154404823,17.12393282050544,3.681878703444334,86,14
Nepal,NPL,2011,-0.8247657693920775,0.16902801378153867,-0.15898055151569174,-1.0912119237594804,-0.5671466117536249,-0.11011150564302909,1.4131075841008631,-1.1180262472896814,-0.6042661977638185,-0.051478348695809785,-1.2683750918083427,-0.8961339132993669,-1.0136364363532497,-0.21129295189290168,0.12955447154404823,17.128404637551764,3.679042937942721,86,15
Nepal,NPL,2012,-0.8037888850323641,0.17000076612961268,-0.008711258023517222,-1.044086871994358,-0.5691963468782336,-0.1096856531205059,1.4282147283692412,-1.0694723701388291,-1.2108524167650978,-1.240646298699596,-1.2683750918083427,-0.8961339132993669,-1.0136364363532497,-0.2252603661491343,0.12955447154404823,17.130965430011273,3.6787368095905606,86,16
Nepal,NPL,2013,-0.787280824567624,0.25977071179803585,0.07649696543799903,-0.9297364818656052,-0.584240266990388,-0.10935256522352774,1.4521281000851642,-1.0843477191472086,-0.6042661977638185,-1.240646298699596,-0.46076725476793157,-1.3222363735585203,-0.7425752468575356,0.31771625044687557,0.12955447154404823,17.132963837458416,3.6764871245166053,86,17
Nepal,NPL,2014,-0.7580056930172399,0.3230921709532809,0.15033885942308067,-0.8103464529618604,-0.6182180789008963,-0.10885443006937878,1.4987373092271032,-1.1037938799461458,-0.6042661977638185,-1.240646298699596,-0.1915646424211279,-1.3222363735585203,-1.0136364363532497,-0.5552364032521636,0.12955447154404823,17.13594503656333,3.6713873420220273,86,18
Nepal,NPL,2015,-0.7394767603694472,0.6023822672614658,0.1895110162586679,-0.7905386505421428,-0.6048134657094141,-0.10793973094973643,1.539798863911226,-1.1373096695921372,-0.6042661977638185,-1.240646298699596,-0.46076725476793157,-1.3222363735585203,-1.0136364363532497,-0.5552364032521636,0.12955447154404823,17.141396217615444,3.6734023685854544,86,19
Nepal,NPL,2016,-0.7397043397762955,0.7420943972159173,0.3040388640480777,-0.9224839295031417,-0.5677556081282522,-0.10714250546867542,1.5639729513838827,-1.1794205698111313,-0.6042661977638185,-1.240646298699596,-0.46076725476793157,-1.1091851434289437,-0.878105841605393,-0.10304666989294656,0.12955447154404823,17.146123194638047,3.6789519939970314,86,20
Nepal,NPL,2017,-0.6905119381721855,0.969025482199585,0.39956395795913574,-0.8492096746787413,-0.5262945104885065,-0.10680509379677777,1.6029901085559701,-1.162187458752017,-0.6042661977638185,-1.240646298699596,-0.46076725476793157,-1.3222363735585203,-0.6070446521096794,-0.047178060410991284,0.12955447154404823,17.148117094458925,3.6851247419538224,86,21
Pakistan,PAK,1996,-0.772343750629662,-0.6324585722107983,-1.577456403368465,-1.032249528561496,-0.39465230036094257,0.5616918355755479,0.6296147079202602,-0.4025662468151194,-1.2108524167650978,-0.051478348695809785,-1.5375777041551464,-0.4700314530402132,-0.6070446521096794,-1.1697947739540824,0.46560930251780386,18.746793022477483,3.7044749036545292,87,0
Pakistan,PAK,1997,-0.7818774713384941,-0.7579326594441975,-1.577456403368465,-1.075103655800961,-0.44686622669975584,0.5857278636283042,0.6972752319565622,-0.4389264801132141,-0.9075593072644581,-0.051478348695809785,-1.2683750918083427,-0.3635058379754249,-0.33598346261396594,-1.1697947739540824,1.1857267974615666,18.775075725751588,3.696844692567131,87,1
Pakistan,PAK,1998,-0.7831381517910988,-0.915469112761286,-1.577456403368465,-1.1574719732644554,-0.5032718998810715,0.6098596799254302,0.4157785974917007,-0.3976887350069204,-0.6042661977638185,-0.051478348695809785,-0.999172479461539,-0.2569802229106366,-0.06492227311825187,-1.1697947739540824,0.7056484674990585,18.80268858228659,3.6885359771230823,87,2
Pakistan,PAK,1999,-0.7785962762732731,-1.0505564339294697,-1.577456403368465,-1.2065286930803405,-0.4979993848895647,0.6343087887347937,0.4157310000155009,-0.3935167399207304,-0.9075593072644581,-0.051478348695809785,-0.8645711732881372,-0.1504549061174517,-0.33598346261396594,-1.1697947739540824,0.41760146952155336,18.829907953142147,3.689315565022666,87,3
Pakistan,PAK,2000,-0.7715080811336064,-0.9693451551261355,-1.577456403368465,-1.5214404876479295,-0.5884869089150966,0.6603950601457984,0.5686618772384616,-0.802744531410407,-1.2108524167650978,-0.051478348695809785,-0.7299698671147353,-0.04392958932426608,-0.6070446521096794,-1.1697947739540824,0.12955447154404823,18.858155551311402,3.675851159763506,87,4
Pakistan,PAK,2001,-0.7673059746392027,-1.0074177781134104,-1.577456403368465,-1.460045917721581,-0.5750437017461482,0.6869531975106021,0.5685215596622485,-0.7686507035069542,-0.9075593072644581,-0.051478348695809785,-1.1337737856349408,-0.25698052118223996,-0.47151405736182284,-0.8424375942883786,0.08154663854779776,18.886117134222577,3.677862990613942,87,5
Pakistan,PAK,2002,-0.7667134000205693,-1.1329433785100163,-1.577456403368465,-1.4730423077607864,-0.49821540975395506,0.7108497157907818,0.5669512045621891,-0.8048030999163307,-0.6042661977638185,-0.051478348695809785,-1.5375777041551464,-0.4700314530402132,-0.33598346261396533,-0.5150804146226747,-0.15849252643345632,18.91062516496874,3.689283635776406,87,6
Pakistan,PAK,2003,-0.7509487618311887,-1.0901766138936766,-1.577456403368465,-1.428933119528261,-0.5604863812465558,0.7343595555539326,0.5672261260640029,-0.7856960506624964,-0.6042661977638185,-0.051478348695809785,-1.5375777041551464,-0.4700314530402132,-0.33598346261396533,-0.5150804146226747,-0.15849252643345632,18.934164326214958,3.6800369982252814,87,7
Pakistan,PAK,2004,-0.7223196748669447,-1.0494180243789673,-1.507722310916824,-1.4243464164008315,-0.4978657002225764,0.7596113202637664,0.49861765473271596,-0.6593757157387191,-0.6042661977638185,-0.051478348695809785,-1.5375777041551464,-0.4700314530402132,-0.33598346261396533,-0.5150804146226747,-0.15849252643345632,18.958845237829987,3.6893353235831152,87,8
Pakistan,PAK,2005,-0.6949442590423457,-0.9747125061687341,-1.4772772889611303,-1.2773249530440205,-0.3845592998278945,0.7848114415640726,0.4986452225051662,-0.5740383905729799,-0.6042661977638185,-0.051478348695809785,-1.5375777041551464,-0.4700314530402132,-0.33598346261396533,-0.5150804146226747,-0.15849252643345632,18.98288297273548,3.7059431394524824,87,9
Pakistan,PAK,2006,-0.6733881450984234,-0.7301197561816242,-1.3090924971731783,-1.1853676461145557,-0.1945220965647935,0.8103881001638693,0.5567976565309134,-0.5519038811073529,-0.6042661977638185,-0.051478348695809785,-1.5375777041551464,-0.4700314530402132,-0.33598346261396533,-0.2671620851463447,-0.15849252643345632,19.00670302546737,3.7331930250983656,87,10
Pakistan,PAK,2007,-0.6625796358842542,-0.8206728152521918,-1.2432636802865915,-1.2509550783616687,-0.1275746364228019,0.8394785848140613,0.5967899081492445,-0.5730463351213992,-0.6042661977638185,-0.051478348695809785,-1.6721790103285483,-0.4700314530402132,-0.4037487599878938,-0.48539985574248895,0.10555055504592271,19.033123337845193,3.742618603550034,87,11
Pakistan,PAK,2008,-0.6662661082647158,-0.7647975861428759,-1.2391562933405993,-1.1476930147994553,-0.1861333179930969,0.8697503429139658,0.47329817871905405,-0.46901676519558533,-0.6042661977638185,-0.051478348695809785,-1.5375777041551464,-0.4700314530402132,-0.6070446521096794,-0.637293587107375,0.12955447154404823,19.059894907014083,3.7343789670570517,87,12
Pakistan,PAK,2009,-0.6607027072874939,-0.8156006738596996,-1.2434253002934312,-1.1773304955164974,-0.4298263575986555,0.8992452668181637,0.5939763018270399,-0.540413891517206,-1.2108524167650978,-0.051478348695809785,-1.2683750918083427,-0.4700314530402132,-0.4715140573618222,-0.637293587107375,0.12955447154404823,19.0853077379727,3.699341195991063,87,13
Pakistan,PAK,2010,-0.6669510668873135,-1.0117078988094492,-1.2348278396454562,-1.2161256966001162,-0.46703951797953086,0.9286500385034814,0.6580399891707521,-0.4881931047745891,-1.2108524167650978,-0.051478348695809785,-1.2683750918083427,-0.2569802229106366,-0.4715140573618222,-0.5936461377424438,0.36959363652530175,19.110015908000946,3.6938810332111824,87,14
Pakistan,PAK,2011,-0.6643583484854223,-1.173080441263914,-1.2192191319201706,-1.2052912152876794,-0.5436049398819587,0.9559050474405508,0.6946592142290792,-0.46977103772765666,-1.2108524167650978,-0.051478348695809785,-1.2683750918083427,-0.2569802229106366,-0.6070446521096794,-0.5936461377424438,0.41760146952155336,19.132385001923385,3.682552188619904,87,15
Pakistan,PAK,2012,-0.6574654678559899,-1.1078774699208593,-1.1865105281279138,-1.2355547926781894,-0.5827624531546856,0.9796166290989302,0.6894517438110676,-0.40556190461096475,-1.2108524167650978,-0.051478348695809785,-1.2683750918083427,-0.2569802229106366,-0.6070446521096794,-0.5901541532355142,0.41760146952155336,19.15144699995918,3.676708342792515,87,16
Pakistan,PAK,2013,-0.6401971218974678,-1.1305202251567912,-1.1533699184690713,-1.247985949641633,-0.5536987790089526,1.0002186788272167,0.7051546106117454,-0.49434792516555726,-0.6042661977638185,-0.051478348695809785,-1.2683750918083427,-0.4700314530402132,-0.4715140573618222,-0.57793299311849,0.41760146952155336,19.167719241364942,3.681049053477223,87,17
Pakistan,PAK,2014,-0.6232345232324951,-1.1395996098750067,-1.1130662990669633,-1.2891752754095573,-0.5232734862157461,1.0195134125314598,0.6985437857734911,-0.4964307139455231,-0.6042661977638185,-0.051478348695809785,-0.999172479461539,-0.4700314530402132,-0.4715140573618222,-0.57793299311849,0.24957405403467528,19.18272248183325,3.6855730276795446,87,18
Pakistan,PAK,2015,-0.6044773662796004,-1.0299842961309635,-1.0400031319464655,-1.3698356095122832,-0.5465334067009316,1.0378137808072647,0.8542369962896653,-0.6015236626395472,-0.6042661977638185,-0.051478348695809785,-0.999172479461539,-0.4700314530402132,-0.4715140573618222,-0.6198347121157005,0.12955447154404823,19.19674749312717,3.6821163253831064,87,19
Pakistan,PAK,2016,-0.5682796420904419,-1.014184125611787,-0.9968863102694694,-1.4274420867528361,-0.5019632878311107,1.0550362289720265,0.7963167428715348,-0.7223484155330768,-0.6042661977638185,-0.051478348695809785,-0.999172479461539,-0.6830826831697902,-0.4715140573618222,-0.6320558722327237,0.12955447154404823,19.209769132449225,3.688729523679587,87,20
Pakistan,PAK,2017,-0.5465380583096084,-0.9666498184875684,-1.0165178246389548,-1.4051008338781967,-0.5164211638735723,1.0739949116328433,0.8886833745956713,-0.7265734137717633,-0.6042661977638185,-0.051478348695809785,-0.999172479461539,-0.6830826831697902,-0.33598346261396533,-0.6442775561212352,0.12955447154404823,19.223910131420755,3.6865890903266165,87,21
Peru,PER,1996,-0.18570470113740192,-0.042820160099368516,0.22408899138632057,-1.2258339687264377,0.42134055535719894,-0.12615678038520495,-0.18436196132723506,0.1693484876089356,-0.6042661977638185,1.1376896013079765,-0.7299698671147353,1.6604796551691425,-0.20045286786610875,0.13963394470873283,-0.15849252643345632,17.026804593568784,3.8167228553494916,88,0
Peru,PER,1997,-0.13521113654892536,0.11044205989537886,0.2317312200125082,-1.1731937672519699,-0.018809979324621993,-0.12335705448713917,-0.1746336688625922,0.20943257573167604,-0.6042661977638185,1.1376896013079765,-0.46076725476793157,1.5539540401043541,-0.33598346261396594,0.13963394470873283,0.2015662210384248,17.04529261310383,3.7577447337298953,88,1
Peru,PER,1998,-0.16071298565237163,0.06835005064656373,0.5098544456375828,-1.1881716251248269,-0.14003986669170784,-0.12055145067407795,-0.20124459159327632,0.13649987609463343,-0.6042661977638185,1.1376896013079765,-0.1915646424211279,1.447428425039566,-0.4715140573618222,0.13963394470873283,0.7056484674990585,17.063482786922332,3.740870332931481,88,2
Peru,PER,1999,-0.163485107974277,-0.1640219666525561,0.5495511937908044,-1.1808423925043618,0.012724324799127305,-0.11783981488685404,-0.22212636109093248,0.14703040696669592,-0.9075593072644581,0.5431056263060834,-0.8645711732881372,1.3409031082463807,-0.4037487599878938,-0.187723234956971,0.7056484674990585,17.080754759698063,3.76208782944594,88,3
Peru,PER,2000,-0.1509203918356783,-0.35422714734110083,0.6325607218193607,-1.1132130304971777,-0.3762680990970622,-0.11534939914732814,-0.2341256071366174,0.18302955462515114,-1.2108524167650978,-0.051478348695809785,-1.5375777041551464,1.2343777914531946,-0.33598346261396533,-0.5150804146226747,0.7536563004953095,17.09635906501886,3.707147655454924,88,4
Peru,PER,2001,-0.15953447419855343,-0.5609186362622351,0.7400057576458501,-1.1269470929626064,-0.26900279301358626,-0.11313447741340552,-0.25585747214480725,0.18311463067200265,-0.30097308826317887,-0.051478348695809785,-0.999172479461539,1.1278521763884064,-0.1326875704921809,-0.187723234956971,1.0897111314690657,17.110035526770627,3.7226013682685792,88,5
Peru,PER,2002,-0.11154897492180911,-0.7108610104241065,0.788465502493227,-1.1215889552161693,0.024573835642021105,-0.11117749455418936,-0.24800282109431301,0.2171266232956416,0.60890624023874,-0.051478348695809785,-0.46076725476793157,1.021326561323618,0.07060832162960441,0.13963394470873283,0.12955447154404823,17.12196559190828,3.763714952687621,88,6
Peru,PER,2003,-0.07513017784054417,-0.687790136350759,0.5469829627457923,-1.052707676994878,-0.2565147832458321,-0.10941005026462493,-0.2503591723223675,0.2541699798093881,0.60890624023874,-1.240646298699596,-0.999172479461539,1.021326561323618,0.07060832162960441,0.13963394470873283,0.36959363652530175,17.132619232926583,3.7243850936511302,88,7
Peru,PER,2004,-0.0268906620094424,-0.7038686667151074,0.6674687085556769,-0.9276862919120752,-0.23592081441585044,-0.10776701579522592,-0.24514176092435225,0.4838205634288852,-0.6042661977638185,-1.240646298699596,-0.7299698671147353,1.021326561323618,-0.06492227311825187,0.13963394470873283,0.41760146952155336,17.14242219269735,3.727319701956548,88,8
Peru,PER,2005,0.04120238471944677,-0.67067939371762,0.7052707920711949,-0.7704844191970102,-0.06761670283977393,-0.10626131409284956,-0.2354484743601396,0.625780180925814,-0.6042661977638185,-1.240646298699596,-0.7299698671147353,0.8082753311940414,-0.4715140573618222,0.13963394470873283,0.41760146952155336,17.151322161890555,3.75098536424305,88,9
Peru,PER,2006,0.13089336934710147,-0.5828227626431671,0.8130919969089042,-0.6420914879443911,0.02035310633557478,-0.10491089940607752,-0.21308470938218432,0.8837416208796438,0.0023200212374607228,-1.240646298699596,-0.1915646424211279,0.8082753311940414,-0.6070446521096794,0.551667689438461,0.41760146952155336,17.159237430030842,3.7631356840327,88,10
Peru,PER,2007,0.2416560897068412,-0.3159623343448176,0.9245538323239824,-0.5289129534167359,0.26781244389282516,-0.10366391062482676,-0.18665714778312226,0.9038077227778933,0.0023200212374607228,-1.240646298699596,-0.05696333624772602,0.9148006479872267,-0.6070446521096794,0.551667689438461,0.41760146952155336,17.16649125846528,3.79654346005079,88,11
Peru,PER,2008,0.37142833158204375,0.10158622544132716,0.9739082568843034,-0.44929610739809217,0.3302120505241878,-0.10252496179142394,-0.1686281088600174,0.7896752381233544,0.0023200212374607228,-1.240646298699596,-0.1915646424211279,1.021326561323618,-0.6070446521096794,0.5865854394218113,0.41760146952155336,17.173070945041996,3.8047943060357174,88,12
Peru,PER,2009,0.37935503341950977,-0.05469294929164739,1.102975686477718,-0.7486026248735513,0.2590357084811556,-0.10144994435445279,-0.15537904679228567,0.5588181702522969,0.0023200212374607228,-0.051478348695809785,-0.1915646424211279,1.2343777914531946,-0.33598346261396533,0.5865854394218113,0.6336367180046825,17.179241835579223,3.795377467751098,88,13
Peru,PER,2010,0.5075471414719417,0.11211829152185375,1.186384047631323,-0.6453463625496677,0.3281020869694215,-0.1003057586132454,-0.09861709543664697,0.7435140159982533,0.0023200212374607228,1.1376896013079765,-0.1915646424211279,1.447428425039566,-0.20045286786610875,0.6022985840457651,0.7056484674990585,17.18576820433559,3.8045164233383577,88,14
Peru,PER,2011,0.6076812619492716,0.09211594212782737,1.236840445628629,-0.5202088891360338,0.11536666311990436,-0.09898705564070792,-0.1280196347087531,0.8653034540225057,0.0023200212374607228,1.1376896013079765,-0.1915646424211279,1.2343777914531946,-0.33598346261396533,0.6354711274328813,0.5856288850084309,17.19323755231435,3.776095139347052,88,15
Peru,PER,2012,0.7079979920205902,0.2979070748713019,1.197532580501703,-0.6178833161190987,0.6038353532619646,-0.097497741952362,-0.046350626394663946,0.7236784771029724,0.0023200212374607228,1.1376896013079765,-0.1915646424211279,1.2343777914531946,-0.33598346261396533,0.6145202679342763,0.22557013753655034,17.201606721367007,3.8401916106015017,88,16
Peru,PER,2013,0.8065056053628624,0.3290028994406662,1.383949062612493,-0.7000257987631731,0.16350535476089795,-0.09587978537749592,-0.04099934454948524,0.584418452549332,0.0023200212374607228,1.1376896013079765,0.07763796992567584,1.2343777914531946,-0.20045286786610875,0.6267414280512996,0.12955447154404823,17.210620113023694,3.782597508885621,88,17
Peru,PER,2014,0.8353689507860826,0.2367506582585963,1.3219828878817188,-0.7851048063391695,-0.2818852363832001,-0.09407827095101358,-0.10312099296566203,0.40490425338902597,0.0023200212374607228,1.1376896013079765,0.07763796992567584,1.2343777914531946,-0.06492227311825187,0.6267414280512996,0.12955447154404823,17.220561405480876,3.7207579638592145,88,18
Peru,PER,2015,0.8801015933488316,0.06057196053020007,1.335683621082434,-0.834120640713993,0.012720565396956212,-0.09201148235055581,-0.08938311891875013,0.2914806164136895,0.0023200212374607228,1.1376896013079765,0.07763796992567584,1.2343777914531946,-0.06492227311825187,0.6337248732936721,0.12955447154404823,17.2318461433014,3.7620873128008583,88,19
Peru,PER,2016,0.9362981904915848,-0.13862191248388275,1.4044628495432507,-0.8275651245031198,-0.04125262103671913,-0.08953880315905621,-0.1473357910069143,0.30967056085241373,0.0023200212374607228,1.1376896013079765,0.34684058227247955,1.2343777914531946,0.2061389163774616,0.6459465571821839,0.36959363652530175,17.245181849377758,3.7546422674096225,88,20
Peru,PER,2017,0.9591084416298225,-0.24046806837104293,1.3644120437093845,-0.7659540708430594,-0.04682362182775422,-0.08676830356055099,-0.22496193793702432,0.3713377870665226,0.0023200212374607228,1.1376896013079765,0.34684058227247955,1.2343777914531946,0.2061389163774616,0.6180117286697189,0.46560930251780386,17.259915502414668,3.7538706398480026,88,21
Philippines,PHL,1996,-0.6065044520738175,-0.39073699913417614,0.37437003152285775,-0.292085623843671,-0.3698451742122807,0.1603557215695354,-0.046769938542882486,0.7345320111155175,0.60890624023874,1.1376896013079765,0.885245806966087,1.447428425039566,0.8837918901167451,0.13963394470873283,1.1377189644653156,18.09481545622687,3.708079758736861,89,0
Philippines,PHL,1997,-0.587464583436149,-0.39073699913417614,0.3439185834617173,0.09570661026398404,-0.4212851167127342,0.17074831068255017,-0.035511804159837485,0.7342524272683006,0.60890624023874,1.1376896013079765,0.6160431946192833,1.447428425039566,0.8837918901167451,0.13963394470873283,1.6418012109259488,18.118342607498672,3.7005902281890943,89,1
Philippines,PHL,1998,-0.6087692374938248,-0.39073699913417614,0.25815619477794227,0.17830733267785145,-0.12175992699615514,0.182130506047973,-0.08782150385912561,0.66957645866929,0.60890624023874,1.1376896013079765,0.34684058227247955,1.447428425039566,0.8837918901167451,0.13963394470873283,2.3859226223678385,18.143490439908398,3.743433082603179,89,2
Philippines,PHL,1999,-0.6036564484859722,-0.39073699913417614,0.23783118333185835,0.09375937053080702,-0.27974641287671376,0.19399659532288,-0.10228720883159093,0.5587371242649335,0.3056131307381003,1.1376896013079765,-0.46076725476793157,1.2343774931815923,0.47720010587317474,0.13963394470873283,2.721977453341592,18.169051011682665,3.72106425269613,89,3
Philippines,PHL,2000,-0.5902049277450172,-0.39073699913417614,0.23783118333185835,0.32550300486278533,-0.3403513250038863,0.20531787081622066,-0.11191251315127008,0.6772393600562897,0.0023200212374607228,1.1376896013079765,-1.2683750918083427,1.021326561323618,0.07060832162960441,0.13963394470873283,1.2817424634540688,18.19284367027425,3.7123488251971195,89,4
Philippines,PHL,2001,-0.5845108192137389,-0.5190441622346542,0.2607158576823599,0.3181672459181515,-0.4780166486636396,0.21605831518055393,-0.1686808465751036,0.6707784852160702,0.0023200212374607228,1.1376896013079765,-0.5953685609413335,0.9148009462588297,0.20613891637746098,0.46699112437443663,0.36959363652530175,18.214904123188756,3.6922646847011538,89,5
Philippines,PHL,2002,-0.5727963944494219,-0.5151484672047553,0.41776821641249734,0.2875580330562281,-0.28607055590339486,0.22614148528475114,-0.20422303999851885,0.6612805154522635,0.0023200212374607228,1.1376896013079765,0.07763796992567584,0.8082753311940414,0.34166951112531785,0.7943483040401405,0.12955447154404823,18.23518082150135,3.7201583363462283,89,6
Philippines,PHL,2003,-0.5507645388703364,-0.4806378235653528,0.4868945927631671,0.39571372454278764,-0.5452604799360886,0.23619771494521932,-0.20286628434768564,0.6410774700467399,0.0023200212374607228,1.1376896013079765,-0.999172479461539,1.021326561323618,0.2061389163774616,0.13963394470873283,0.36959363652530175,18.255001956770283,3.6823058069005694,89,7
Philippines,PHL,2004,-0.5168554692307372,-0.49079118573483477,0.5491653510724633,0.3826834636448037,-0.5354743122620303,0.24625226952085855,-0.1702841612516586,0.5643926471951378,0.0023200212374607228,1.1376896013079765,-0.999172479461539,1.021326561323618,0.07060832162960441,0.13963394470873283,0.41760146952155225,18.27443463221471,3.6837613291308964,89,8
Philippines,PHL,2005,-0.4932513579028554,-0.5348474652367142,0.5406707306530275,0.2875832746317057,-0.37892762438785704,0.2560576113857197,-0.17052233155029467,0.5806119076046239,0.0023200212374607228,1.1376896013079765,-0.999172479461539,1.021326561323618,0.07060832162960441,0.13963394470873283,0.561624968510306,18.293028753719174,3.706761447158049,89,9
Philippines,PHL,2006,-0.46448891250146035,-0.469640193823378,0.4917980567073711,0.2007321038852996,-0.2822421118678627,0.26508628233029086,-0.1594501421047521,0.5514066912394813,0.0023200212374607228,1.1376896013079765,-0.999172479461539,1.021326561323618,0.07060832162960441,0.6162659983019971,0.7056484674990585,18.309849591611815,3.7207068486024713,89,10
Philippines,PHL,2007,-0.4252657781898356,-0.4508236551903983,0.4959162920249192,-0.00821040444752455,-0.3244605633542876,0.2745574538426346,-0.12333576247261176,0.5129985238269923,0.0023200212374607228,1.1376896013079765,-0.999172479461539,1.021326561323618,0.07060832162960441,0.6162659983019971,0.7056484674990585,18.327195932149728,3.714641389725804,89,11
Philippines,PHL,2008,-0.40322105541452624,-0.42535078268190324,0.5298939445277576,-0.18114829960473966,-0.5160891836057159,0.28437762958145024,-0.14327869878507724,0.4934026157833664,0.0023200212374607228,1.1376896013079765,-0.999172479461539,1.021326561323618,0.07060832162960441,0.553413419806182,0.7056484674990585,18.344869278600722,3.686638290164554,89,12
Philippines,PHL,2009,-0.40648049253795454,-0.482198261054811,0.6084118321438627,-0.37817059225296945,-0.4424670260577517,0.2945681623428786,-0.23245873734498718,0.39002582596896446,-0.6042661977638185,1.1376896013079765,-0.999172479461539,1.021326561323618,-0.06492227311825187,0.553413419806182,0.7056484674990585,18.3628847845705,3.6974898145032413,89,13
Philippines,PHL,2010,-0.36032216039752807,-0.2653985915184723,0.6084118321438627,-0.22687118444458707,-0.5539787289921625,0.3063776615678605,-0.18287297102552577,0.4579884162470861,-0.6042661977638185,1.1376896013079765,-0.999172479461539,1.021326561323618,-0.06492227311825187,0.553413419806182,0.7056484674990585,18.383364326875824,3.68100733219975,89,14
Philippines,PHL,2011,-0.34303165462056,-0.43958127038528566,0.6084118321438627,-0.38080222533424546,-0.4959421130235749,0.3179368898154757,-0.2204193414645527,0.37473159029409264,-0.6042661977638185,1.1376896013079765,-0.7299698671147353,1.021326561323618,-0.06492227311825187,0.553413419806182,0.7056484674990585,18.403011711922172,3.689619586076391,89,15
Philippines,PHL,2012,-0.29664663890518966,-0.32267951986411025,0.6084118321438627,-0.46645566660911486,-0.43327256768070566,0.3295892999480337,-0.22996545039079205,0.3797900688211573,-0.6042661977638185,1.1376896013079765,-0.7299698671147353,1.2343777914531946,-0.06492227311825187,0.5848397090540896,0.7056484674990585,18.422434335511554,3.6988367958621637,89,16
Philippines,PHL,2013,-0.24880081723639347,-0.21918298348609294,0.6084118321438627,-0.5249499374728611,-0.41825955465733305,0.3410840344061158,-0.18449724660937022,0.32787925047149263,-0.6042661977638185,1.1376896013079765,-0.7299698671147353,1.2343777914531946,-0.06492227311825187,0.6040448381849737,0.8496719664878116,18.441231493296232,3.701032298689248,89,17
Philippines,PHL,2014,-0.20022888866372351,-0.20957787041147413,0.6586862892237895,-0.4772958661172038,-0.31462684668022145,0.3513086675406503,-0.12903397223417332,0.35050516924770053,-0.6042661977638185,1.1376896013079765,-0.7299698671147353,1.2343777914531946,0.07060832162960441,1.1033734816445644,0.9936954654765636,18.45765982151688,3.7160574745943844,89,18
Philippines,PHL,2015,-0.14752033425210692,-0.04340693781061608,0.6747890658244209,-0.42877102696397096,-0.3297072763084674,0.36065686242815154,-0.08838352886675885,0.30346505440283905,-0.6042661977638185,1.1376896013079765,-0.7299698671147353,1.2343777914531946,0.07060832162960441,1.1155946417615883,0.9936954654765636,18.472447359805635,3.7138850260518494,89,19
Philippines,PHL,2016,-0.08151308262124403,0.29209466651812765,0.7028735516779121,-0.3523781254476709,-0.20149498350916212,0.3692604307076681,0.014795008070584623,0.287158141305113,-0.6042661977638185,1.1376896013079765,-0.999172479461539,1.021326561323618,-0.06492227311825187,1.133054040524751,0.9936954654765636,18.485866430633134,3.732206179632426,89,20
Philippines,PHL,2017,-0.013668605979652382,0.37051696074058554,0.6354548185985582,-0.16701789368713446,-0.1129213976961213,0.3776296503865493,0.12687168930024714,0.27390136147024735,-0.6042661977638185,1.1376896013079765,-0.1915646424211279,1.021326561323618,-0.20045286786610875,0.6564219869314863,0.9936954654765636,18.498749449179837,3.744669845566858,89,21
Papua New Guinea,PNG,1996,-0.6762126059420902,-0.6503707423283687,-1.57422241397975,0.9822937843536668,-0.2806267150545506,-0.24708828992695023,-1.1205255263627039,0.6635697720621416,0.0023200212374607228,-0.051478348695809785,-0.999172479461539,-0.6830826831697902,-0.6070446521096794,0.13963394470873283,1.569789461431574,15.38690635842178,3.72093820095181,90,0
Papua New Guinea,PNG,1997,-0.7216320537593104,-0.8868658971424372,-1.57422241397975,0.7330501333768017,-0.5438633995140696,-0.246032913917865,-1.2073553012065654,0.24694807528524493,-0.30097308826317887,-0.051478348695809785,-0.999172479461539,-0.7896082982345785,-0.6748099494836078,-0.187723234956971,1.4497698789409457,15.42252232969769,3.68251372799269,90,1
Papua New Guinea,PNG,1998,-0.7627502776102707,-1.0450298641801536,-1.57422241397975,0.8389764125994434,-0.1525526280103516,-0.2449534396667461,-1.2777002430092763,0.3760689057404383,-0.6042661977638185,-0.051478348695809785,-0.999172479461539,-0.8961339132993669,-0.7425752468575356,-0.5150804146226747,1.2817424634540677,15.457684936959236,3.7391123166468603,90,2
Papua New Guinea,PNG,1999,-0.771516088307317,-1.2724942117352167,-1.57422241397975,1.2201725362488545,0.8083224464528445,-0.2438471398694135,-1.2870312667050292,0.686484684563354,-0.6042661977638185,-0.051478348695809785,-0.8645711732881372,-0.7896082982345785,-0.7425752468575356,-0.5150804146226747,0.7536563004953095,15.492482625141857,3.8658503678154696,90,3
Papua New Guinea,PNG,2000,-0.8022442542155316,-0.263669658219973,-1.57422241397975,1.2032100947139093,-0.17752135052579956,-0.2427118858982146,-1.3319962904376104,1.0394057774577177,-0.6042661977638185,-0.051478348695809785,-0.7299698671147353,-0.6830826831697902,-0.7425752468575356,-0.5150804146226747,-0.3505238584184594,15.526975134945157,3.735595000448736,90,4
Papua New Guinea,PNG,2001,-0.8194995977753408,-0.1734626751879416,-1.57422241397975,1.2658018385818275,-0.29411003728112967,-0.24155461998197109,-1.3713252238874682,0.9696593921633654,-0.6042661977638185,-0.051478348695809785,-0.7299698671147353,-0.6830826831697902,-0.7425752468575356,-0.5150804146226747,-0.9266178543734708,15.560953102044278,3.7190055163849585,90,5
Papua New Guinea,PNG,2002,-0.8361437047148373,-0.38415948099709535,-1.57422241397975,1.3046219193655524,-0.5271933241924134,-0.2403719738093122,-1.409147756191892,0.6714268398257376,-0.6042661977638185,-0.051478348695809785,-0.7299698671147353,-0.6830826831697902,-0.7425752468575356,-0.5150804146226747,-1.0226335203659718,15.594523129589044,3.684991329399746,90,6
Papua New Guinea,PNG,2003,-0.8415961923204344,-0.5384368892600144,-1.57422241397975,1.4359789700233938,0.1652500311462211,-0.2391625625628161,-1.4209031040519835,0.7002305138606106,-0.6042661977638185,-0.051478348695809785,-0.7299698671147353,-0.6830826831697902,-0.7425752468575356,-0.5150804146226747,-1.0226335203659718,15.627725709175726,3.7828323802326898,90,7
Papua New Guinea,PNG,2004,-0.844312776300545,-0.5406537341426096,-1.57422241397975,1.6573405837909638,-0.5007265123659155,-0.2379286600038391,-1.429225723748347,0.8448838404506481,-1.2108524167650978,-0.051478348695809785,-0.999172479461539,-0.8961339132993669,-0.4715140573618222,-0.5150804146226747,-1.0226335203659718,15.660501425575742,3.6889124110239075,90,8
Papua New Guinea,PNG,2006,-0.8208903574969711,-0.5406537341426096,-1.57422241397975,1.6573405837909638,-0.3806970241406354,-0.23539076135428846,-1.3870595229460527,0.7097091026469117,-0.6042661977638185,-0.051478348695809785,-0.999172479461539,0.5952241010644648,0.2061389163774616,0.6267414280512996,-0.7345865223884667,15.724715376209367,3.7065044175725053,90,9
Papua New Guinea,PNG,2007,-0.7993865892069837,-0.5406537341426096,-1.57422241397975,1.6573405837909638,-0.40943554978735497,-0.23408682573609133,-1.35171032985407,0.6410137268331795,-0.6042661977638185,-0.051478348695809785,-0.8645711732881372,0.5952241010644648,0.2061389163774616,0.6267414280512996,-0.7345865223884667,15.756170663915162,3.702320475462453,90,10
Papua New Guinea,PNG,2008,-0.8161758847643122,-0.5406537341426096,-1.57422241397975,1.6573405837909638,-0.5714992887447199,-0.23275850765569098,-1.3993383897953053,0.6282191068252206,-0.6042661977638185,-0.051478348695809785,-0.7299698671147353,0.5952241010644648,0.2061389163774616,0.6267414280512996,-0.7345865223884667,15.787228098709642,3.678392752928982,90,11
Papua New Guinea,PNG,2009,-0.7988176347017548,-0.5406537341426096,-1.57422241397975,1.6573405837909638,-0.029640963705202344,-0.23140733706421274,-1.3833544696064286,0.2443785601283351,-0.6042661977638185,-0.051478348695809785,-0.7299698671147353,0.5952241010644648,0.2061389163774616,0.6267414280512996,-0.7345865223884667,15.817860314961417,3.756248662268989,90,12
Papua New Guinea,PNG,2010,-0.7643895322377939,-0.5406537341426096,-1.57422241397975,1.6573405837909638,-0.5986050811525295,-0.23003410010255107,-1.387037914509883,0.5269692181972251,-0.6042661977638185,-0.051478348695809785,-0.7299698671147353,0.5952241010644648,0.2061389163774616,0.6267414280512996,-0.3025160254222089,15.848060157710348,3.674334259852689,90,13
Papua New Guinea,PNG,2011,-0.7740400220871276,-0.5406537341426096,-1.57422241397975,1.6573405837909638,-0.6065942827008155,-0.22866849475480322,-1.4358116246076549,0.37452675507097055,-0.6042661977638185,-0.051478348695809785,-0.7299698671147353,0.5952241010644648,0.2061389163774616,0.5883316935610199,-0.15849252643345632,15.87721408207374,3.6731349039457495,90,14
Papua New Guinea,PNG,2012,-0.7646474699938285,-0.5406537341426096,-0.9535828163287181,1.6573405837909638,-0.6179678102306332,-0.22732574191813323,-1.4490783709138582,0.061501340401516565,-0.6042661977638185,-0.051478348695809785,-0.7299698671147353,0.5952241010644648,0.2061389163774616,0.5883316935610199,-0.15849252643345632,15.905074569145917,3.6714250004710034,90,15
Papua New Guinea,PNG,2013,-0.7589729299980488,-0.5406537341426096,-0.9535828163287181,1.6573405837909638,-0.619516031935922,-0.22598743984837338,-1.4541276889615804,-0.02439740583994121,-0.6042661977638185,-0.051478348695809785,-0.1915646424211279,0.8082753311940414,0.2061389163774616,0.595315138803392,-0.15849252643345632,15.932091200629925,3.671192013567932,90,16
Papua New Guinea,PNG,2014,-0.7014745308126922,-0.5406537341426096,-0.9535828163287181,1.6573405837909638,-0.6193883878789826,-0.22465255446788554,-1.3403902053482237,0.4950284678046189,-0.6042661977638185,-0.051478348695809785,-0.1915646424211279,0.8082753311940414,0.34166951112531785,0.9741763401460046,-0.014469027444704338,15.958330807833592,3.671211224364708,90,17
Papua New Guinea,PNG,2015,-0.6780894807278925,-0.5406537341426096,-0.9535828163287181,1.6573405837909638,-0.6174603318064978,-0.22332334139631305,-1.3128679764746707,0.6630685485299196,-0.6042661977638185,-0.051478348695809785,-0.46076725476793157,0.5952241010644648,0.2061389163774616,0.9741763401460046,0.12955447154404823,15.983792188936338,3.6715013574552122,90,18
Papua New Guinea,PNG,2016,-0.6599062680054207,-0.5406537341426096,-0.9535828163287181,1.6573405837909638,-0.672686982082171,-0.22200218929252746,-1.3059645659570653,0.6568331826426754,-0.6042661977638185,-0.051478348695809785,-0.46076725476793157,0.5952241010644648,0.07060832162960441,0.9741763401460046,0.12955447154404823,16.008472619228314,3.6631573646405555,90,19
Papua New Guinea,PNG,2017,-0.65293535376228,-0.5406537341426096,-0.9535828163287181,1.6573405837909638,-0.774099843685799,-0.22068996291151272,-1.3103933931430987,0.7924140993361749,-0.6042661977638185,-0.051478348695809785,-0.46076725476793157,0.5952241010644648,0.07060832162960441,0.9741763401460046,0.12955447154404823,16.032397774585302,3.6476515680740103,90,20
Paraguay,PRY,1996,0.3224934276776635,-0.3718200483793818,-0.5942718057689155,0.8440316774135629,-0.399357945222993,-0.24784914127354885,0.1526975656996978,0.3839336714337235,-0.6042661977638185,-1.240646298699596,-0.999172479461539,-0.8961339132993669,-0.4715140573618222,0.13963394470873283,0.7056484674990585,15.360419335883416,3.703789632709209,91,0
Paraguay,PRY,1997,0.35365167544268744,-0.41472869320455186,-0.4680246763889428,0.6381213617601014,-0.24908050503358836,-0.24720287903317267,0.13483228025332394,0.36141224199817157,-0.9075593072644581,-1.240646298699596,-0.999172479461539,-0.8961339132993669,-0.5392793547357506,-0.187723234956971,0.34558972002717625,15.382961839619183,3.725445460210002,91,1
Paraguay,PRY,1998,0.3190843736797465,-0.7215445539985299,-0.31691128285248443,0.8025959195800393,-0.01898366401437576,-0.24656421212328442,0.08162923654160889,0.5122621210308537,-1.2108524167650978,-1.240646298699596,-0.999172479461539,-0.8961339132993669,-0.6070446521096794,-0.5150804146226747,-0.15849252643345632,15.404751069189226,3.757720760512455,91,2
Paraguay,PRY,1999,0.26401196028402946,-0.8083144422684809,-0.07776826007454443,0.1051780263147222,-0.4739983183475672,-0.24594068144923315,0.021160427634490248,0.6900116492866439,-1.2108524167650978,-1.240646298699596,-1.4029763979817447,-0.8961339132993669,-0.6070446521096794,-0.5150804146226747,-0.6865786893922161,15.425575473790659,3.6928566745832803,91,3
Paraguay,PRY,2000,0.1984931631268671,-0.8675483826066541,0.037230282664246474,0.13676936798437545,-0.43502003839843884,-0.24534966677202383,-0.23121138706094516,0.7261723092808585,-1.2108524167650978,-1.240646298699596,-1.8067803165019503,-0.8961339132993669,-0.6070446521096794,-0.5150804146226747,-0.7345865223884667,15.444921475336322,3.698580932301204,91,4
Paraguay,PRY,2001,0.16109421917536162,-0.8458269258468823,0.17424341889584308,-0.03834685666349682,-0.443416083914397,-0.24482463955204706,-0.2686226717271066,0.9755900079144937,-1.2108524167650978,-1.240646298699596,-1.941381622675352,-0.8961339132993669,-0.7425752468575363,-0.5150804146226747,-0.8306021883809687,15.461799069356381,3.6973506748672897,91,5
Paraguay,PRY,2002,0.1403182457215258,-0.897118823502235,0.23289344682527963,0.1598755414769071,-0.42844082381878545,-0.2443793270187674,-0.29052112135852787,1.275811353498794,-1.2108524167650978,-1.240646298699596,-2.0759829288487537,-0.8961339132993669,-0.878105841605393,-0.5150804146226747,-1.7907588483059858,15.475894214397284,3.6995439161851746,91,6
Paraguay,PRY,2003,0.1842222308002012,-0.5876720151339719,0.1499474888720954,0.20875931353672578,-0.7676675515402384,-0.24398560346987663,-0.23605558812134267,1.1179573124827444,-1.2108524167650978,-1.240646298699596,-2.0759829288487537,-0.8961339132993669,-0.878105841605393,-0.5150804146226747,-1.8867745142984866,15.48819309230926,3.6486422245002346,91,7
Paraguay,PRY,2004,0.22678249739633824,-0.5200430139688565,0.19939616297894766,0.17909736981264535,-0.47573814865611413,-0.24361225306462736,-0.14741263109821268,0.9625613859159876,-1.2108524167650978,-1.240646298699596,0.07763796992567584,-0.8961339132993669,-0.6070446521096794,-0.5150804146226747,-1.8867745142984866,15.499717481160783,3.6926004017044636,91,8
Paraguay,PRY,2005,0.24221797233659442,-0.41772088215008796,0.19915321473437445,0.3216926063940312,-0.6293363124027397,-0.24324989049018744,-0.2645091458902468,1.0361045727898437,-0.6042661977638185,-0.051478348695809785,0.07763796992567584,-0.6830826831697902,-0.4715140573618222,0.13963394470873283,-1.8867745142984866,15.510777114902268,3.669712925675544,91,9
Paraguay,PRY,2006,0.2996500273256481,-0.4021033679931486,0.1915557615525764,0.3133288165475122,-0.40439649357787094,-0.24290488953503953,-0.11665012655922598,0.9542847480277961,0.0023200212374607228,-0.051478348695809785,0.34684058227247955,-0.04392958932426608,-0.06492227311825187,0.5603968650485549,-1.8867745142984866,15.521194394075993,3.7030553609073085,91,10
Paraguay,PRY,2007,0.36997936980407276,-0.5709896420757468,0.2039311968776307,0.14710426546980648,-0.5414121493522722,-0.2425768994594,0.07068211379782141,0.854075532633785,0.0023200212374607228,-0.051478348695809785,0.34684058227247955,-0.04392958932426608,-0.06492227311825187,0.5603968650485549,-1.8867745142984866,15.530998408350028,3.682878431912183,91,11
Paraguay,PRY,2008,0.46136677729965136,-0.4443836804930604,0.2590721566465548,0.19861633672321433,-0.3305768856332952,-0.24224921174564293,0.17989626507265022,0.8264354918501834,0.0023200212374607228,-0.051478348695809785,0.34684058227247955,-0.04392958932426608,-0.06492227311825187,0.6022985840457651,-1.8867745142984866,15.540698329440156,3.713759608293983,91,12
Paraguay,PRY,2009,0.43888943347586584,-0.49228594817588506,0.29483391713427676,-0.08949007837709577,-0.4953146097579655,-0.24190051592829112,-0.006233376948783901,0.8773434533355489,0.0023200212374607228,-0.051478348695809785,0.34684058227247955,-0.04392958932426608,-0.06492227311825187,0.6022985840457651,-1.8867745142984866,15.550917817694073,3.689712299328472,91,13
Paraguay,PRY,2010,0.60947769180443,-0.15746978640748985,0.35441685131795414,0.2125336043954385,-0.17389802063021298,-0.24149695352374442,0.19905456057380905,0.6463473113348923,0.0023200212374607228,-0.051478348695809785,0.34684058227247955,-0.04392958932426608,-0.06492227311825187,0.6022985840457651,-1.6707392658153581,15.5626163957625,3.7361061829271116,91,14
Paraguay,PRY,2011,0.6651094301607718,-0.19919037448691343,0.4528674661581917,0.1323441924379364,-0.30965995335039775,-0.24103340252171357,0.012321782119502354,0.5989861366311162,0.0023200212374607228,-0.051478348695809785,0.34684058227247955,-0.04392958932426608,-0.06492227311825187,0.6022985840457651,-1.5987275163209826,15.57588719742356,3.716771960725865,91,15
Paraguay,PRY,2012,0.6239109890065702,-0.37049343844326155,0.7034695478051254,0.024266036447616317,-0.19925990022761653,-0.2405352189896634,-0.1155257588703401,0.6388759268922878,0.0023200212374607228,-0.051478348695809785,0.34684058227247955,-0.04392958932426608,-0.06492227311825187,0.5778562638117174,-1.5987275163209826,15.58995583118124,3.732522608306419,91,16
Paraguay,PRY,2013,0.7537920911048511,-0.4286111218583359,0.7034695478051254,-0.016187840362087827,-0.4493790306075498,-0.24001856114659367,-0.03510414087562079,0.5323025834857116,-0.6042661977638185,-0.051478348695809785,0.07763796992567584,-0.04392958932426608,0.07060832162960441,0.5778562638117174,-1.5987275163209826,15.604340072397141,3.696476014937093,91,17
Paraguay,PRY,2014,0.8315873320811887,-0.34119623480084355,0.7034695478051254,-0.14047496700490725,-0.2158611446411463,-0.23949023818209786,0.19061544499577904,0.5635092011456111,-0.6042661977638185,-0.051478348695809785,0.07763796992567584,-0.04392958932426608,0.07060832162960441,0.5778562638117174,-1.5267157668266054,15.618838190562629,3.7301699176095964,91,18
Paraguay,PRY,2015,0.8628232126076936,-0.3870224750520975,0.7034695478051254,-0.20336046451988463,-0.2648971095959101,-0.2389502682378889,0.27272918227383647,0.6445453956933724,-0.6042661977638185,-0.051478348695809785,0.34684058227247955,0.16912164080531122,0.07060832162960441,1.0265534888925172,-1.3106805183434769,15.63344187038471,3.723188154864438,91,19
Paraguay,PRY,2016,0.9226808336735381,-0.42587235837695275,0.669593330056072,-0.17887941327868276,-0.2569813550299955,-0.23840587776295807,0.2302742158702754,0.6374353580041898,0.0023200212374607228,-0.051478348695809785,0.34684058227247955,0.3821728709348875,0.34166951112531785,1.0160780591432148,-1.2746746435962895,15.647952331956425,3.7243185080355135,91,20
Paraguay,PRY,2017,0.9967294300231457,-0.41220689437172575,0.669593330056072,-0.08258427251626005,-0.31167856521543885,-0.2378644443872379,0.24136310524006552,0.6288656061856206,0.0023200212374607228,-0.051478348695809785,0.34684058227247955,0.3821728709348875,0.34166951112531785,1.0230620281570744,-0.8786100213772203,15.662178105369644,3.716481645581142,91,21
West Bank and Gaza,PSE,1996,-0.7114328805651291,1.4608462717427282,0.14252747911807517,0.44483218458723595,0.23785349934309136,-0.2605455948918367,1.287222490899783,-0.020314551359983096,0.0023200212374607228,-0.051478348695809785,-0.999172479461539,-0.647574045390993,0.9515571874906739,-0.5150804146226747,0.12955447154404823,14.766395161805102,3.7925577912459225,92,0
West Bank and Gaza,PSE,1997,-0.6545379109814851,1.234711168752687,0.22226867609763795,0.47582217841529495,0.09215478707702483,-0.25982887023836726,1.3287538341113192,-0.2997859799227132,0.0023200212374607228,-0.051478348695809785,-0.999172479461539,-0.647574045390993,0.9515571874906739,-0.5150804146226747,0.12955447154404823,14.811173865331236,3.7729446044483663,92,1
West Bank and Gaza,PSE,1998,-0.5804923378336774,1.1550182647049552,0.22226867609763795,0.43680154470527255,0.22773631781299863,-0.2594052612410121,1.3965111744908496,-0.3205386197225325,0.0023200212374607228,-0.051478348695809785,-0.999172479461539,-0.647574045390993,0.9515571874906739,-0.5150804146226747,0.12955447154404823,14.836726550786667,3.791208228671231,92,2
West Bank and Gaza,PSE,1999,-0.5404991582566994,2.037371706799676,0.3691067056737243,0.6500396762967436,0.11016907113318926,-0.25897068860179817,1.4581705955854576,-0.17377497092465521,0.0023200212374607228,-0.051478348695809785,-0.999172479461539,-0.647574045390993,0.9515571874906739,-0.5150804146226747,0.12955447154404823,14.862279225404196,3.775390535062404,92,3
West Bank and Gaza,PSE,2000,-0.623136232649027,0.9771773544873397,0.45737541367693224,0.3975826245013037,-0.39779922258953754,-0.2585248741477936,1.2852497294530925,-0.44431601858778424,0.0023200212374607228,-0.051478348695809785,-0.999172479461539,-0.647574045390993,0.9515571874906739,-0.5150804146226747,0.12955447154404823,14.887831573531647,3.704016677489896,92,4
West Bank and Gaza,PSE,2001,-0.701790911287954,0.7843089461864713,0.5327264059730074,0.2551149925381445,-0.5598507942092887,-0.258067515517116,1.1648094863514844,-0.23383590415125455,0.0023200212374607228,-0.051478348695809785,-0.999172479461539,-0.5232944097084089,0.7821439440558529,-0.3514018247898229,0.12955447154404823,14.913384240596756,3.6801318099540135,92,5
West Bank and Gaza,PSE,2002,-0.7898885046835888,0.3387428983809311,0.6153688859142004,0.06741200590534044,-0.5959452449887325,-0.25759831639512043,0.6520426649636019,-0.5627593657987189,0.0023200212374607228,-0.051478348695809785,-0.999172479461539,-0.39901477402582486,0.612730700621032,-0.187723234956971,0.12955447154404823,14.938937077843171,3.6747332411480893,92,6
West Bank and Gaza,PSE,2003,-0.7329272622646559,0.6499790665491333,0.7128483450554874,0.07164002779034198,-0.5859846151590672,-0.2571169804671621,0.8406274325794101,-0.30306633548886586,0.0023200212374607228,-0.051478348695809785,-0.46076725476793157,-0.647574045390993,0.9515571874906739,-0.187723234956971,0.12955447154404823,14.964489545195919,3.6762259449483126,92,7
West Bank and Gaza,PSE,2004,-0.6258075856796758,0.1892374235693572,0.8507113855556351,0.20864990207963527,-0.5654606890312945,-0.2566231811824079,0.7249878394796496,-0.5694071976831159,0.7008132725279625,0.7773355617511487,-0.18340715718075007,-0.25841490932045447,0.7770100451268039,0.0801146479591453,0.12955447154404823,14.990042296117503,3.6792946606182477,92,8
West Bank and Gaza,PSE,2005,-0.5685105746668586,0.15419607685909525,0.9043700570018771,0.2873130039683764,-0.5212858235076103,-0.25611660408450004,0.9188058847732642,-0.48657674255975414,0.0023200212374607228,-0.051478348695809785,-0.46076725476793157,-0.39901477402582486,0.612730700621032,0.46699112437443663,0.12955447154404823,15.015594912057008,3.685867864704529,92,9
West Bank and Gaza,PSE,2006,-0.5941146436686556,-0.1986234729955133,0.9677516332803834,0.252548580621604,-0.5820699510048266,-0.25559691657536787,0.6371091965241482,-0.7052750876400853,-0.11892928490626702,1.0582037128610033,-0.7299698671147353,-0.39901477402582486,1.3869470546286478,1.3233575063799177,0.12955447154404823,15.041147491210783,3.676811988628399,92,10
West Bank and Gaza,PSE,2007,-0.5858424114225097,-0.31928448032397017,0.979879145311486,0.5240156186317843,-0.5838619422856512,-0.255063780009703,0.6559524543661175,-0.7707745366420686,1.6619399164249606,1.5927446953984854,-0.999172479461539,-0.8961339132993669,1.4028740680010365,1.3233575063799177,0.12955447154404823,15.066700003407036,3.676543761708939,92,11
West Bank and Gaza,PSE,2008,-0.5535510572867135,-0.5608099053924578,0.9608222186732499,0.16098768974100272,-0.5217049796807751,-0.2544742892363814,0.573467737017932,-0.789991576970547,0.5361158939585864,1.1614729603080522,-0.999172479461539,-0.647574045390993,1.439467328582958,1.229078638636195,0.12955447154404823,15.094213583663867,3.685805697022407,92,12
West Bank and Gaza,PSE,2009,-0.5106737887599437,-0.5333513236646926,0.9647276324341213,0.03546586076067404,-0.012550894784810902,-0.25388696942137595,0.6726689945279487,-0.7715901038386426,1.2154924592400194,1.1376896013079765,-0.999172479461539,1.021326561323618,0.2061389163774616,-0.3701701285001608,0.12955447154404823,15.120893083828648,3.7586082745466607,92,13
West Bank and Gaza,PSE,2010,-0.4864375098453254,-0.45381280316389877,0.934495067951563,-0.15746961591019973,-0.3265917786795575,-0.2533000124406295,0.7021093230114654,-0.6827420995053941,1.2154924592400194,2.326857551311763,-1.2683750918083427,1.6604796551691425,0.4772001058731751,-0.0017843569068513485,0.12955447154404823,15.146863399059427,3.714334223716767,92,14
West Bank and Gaza,PSE,2011,-0.4304776552474582,-0.18350470551954753,0.902017535532199,-0.19366177831161283,-0.2798349978922856,-0.252714488655206,0.8276158477977301,-0.6571241105356291,0.0023200212374607228,1.1376896013079765,-1.8067803165019503,1.447428425039566,-0.06492227311825187,-0.520318129497326,0.12955447154404823,15.17211526078134,3.7210515687983845,92,15
West Bank and Gaza,PSE,2012,-0.39991040841343345,-0.25702435945251517,0.89199365866472,-0.20294690866870543,-0.5536033510310959,-0.2521278340363421,0.9490774757000324,-0.5488304496500638,0.0023200212374607228,1.1376896013079765,-1.8067803165019503,0.8082753311940414,-0.06492227311825187,-0.5499986883775123,0.12955447154404823,15.196792126004308,3.68106327482396,92,16
West Bank and Gaza,PSE,2013,-0.37994712341874154,-0.10492088120078202,0.882496279675763,-0.22202746932486256,-0.40370026822645266,-0.2515430056832483,1.1056974620852413,-0.6883615289382656,0.0023200212374607228,1.1376896013079765,-1.8067803165019503,0.8082753311940414,-0.06492227311825187,-0.5499986883775123,0.12955447154404823,15.220800603242228,3.7031568545098623,92,17
West Bank and Gaza,PSE,2014,-0.4027127160346968,-0.1732840339484396,0.8780061949226029,-0.17944422666926743,-0.447811518996405,-0.2509582982749075,1.1116817878468164,-0.7371821884907283,0.0023200212374607228,1.1376896013079765,-1.8067803165019503,0.8082753311940414,0.07060832162960441,-0.12748951389848143,0.12955447154404823,15.244241369668607,3.6967060155903915,92,18
West Bank and Gaza,PSE,2015,-0.39037955159796167,0.12880650930966886,0.9060054432860816,-0.09125931646087758,-0.5138514746242758,-0.2503735666776161,1.2067785153337278,-0.8658311218427015,0.0023200212374607228,1.1376896013079765,-2.0759829288487537,0.8082753311940414,-0.20045286786610875,-0.5901541532355142,0.12955447154404823,15.267146164827114,3.6869698579446553,92,19
West Bank and Gaza,PSE,2016,-0.33165893174129873,0.16841112779708128,0.9158000592829089,-0.24664058132335517,-0.31545483583938594,-0.24978700881455457,1.3873814673270533,-0.7961610684122158,0.60890624023874,1.1376896013079765,-2.0759829288487537,1.021326561323618,0.07060832162960441,-0.6041215674917467,0.12955447154404823,15.28960721238368,3.71593831894088,92,20
West Bank and Gaza,PSE,2017,-0.33725950060034776,0.41393419006661286,0.9551016478923641,-0.1588901826703888,-0.4479925188322452,-0.24925656326964374,1.450235970015926,-0.6323720045960154,0.60890624023874,1.1376896013079765,-2.0759829288487537,1.021326561323618,0.07060832162960441,-0.609359282366398,0.12955447154404823,15.309494071361987,3.696679460223415,92,21
Rwanda,RWA,1996,-1.1680327981089027,-0.9972837830057976,-2.024353014036416,-1.2091354725313697,-0.6136782144024175,-0.23562633754416668,-1.7602450759360002,-0.7276974630769351,0.0023200212374607228,-0.051478348695809785,-0.999172479461539,-0.8961339132993669,-0.7425752468575356,-1.1697947739540824,0.12955447154404823,15.718925438356646,3.6720702445369264,93,0
Rwanda,RWA,1997,-1.170048176463791,-1.0653124522114275,-2.024353014036416,-1.1732542367212324,-0.6171806601828452,-0.2292980605720288,-1.7434820496606156,-0.6840880035543547,0.0023200212374607228,-0.051478348695809785,-0.999172479461539,-0.8961339132993669,-0.7425752468575356,-1.1697947739540824,0.12955447154404823,15.863879172944449,3.671543435337138,93,1
Rwanda,RWA,1998,-1.1641946260602478,-0.9442298980521748,-2.024353014036416,-1.3087590241974214,-0.5804886658745885,-0.22732398217197722,-1.733084966755144,-0.6763806963117514,0.0023200212374607228,-0.051478348695809785,-0.999172479461539,-0.8961339132993669,-0.7425752468575356,-1.1697947739540824,0.12955447154404823,15.905110577150092,3.67704861711655,93,2
Rwanda,RWA,1999,-1.1593927406298707,-1.2881362902172766,-2.024353014036416,-1.3511221220311906,-0.6271928948152963,-0.2269234675752059,-1.727325358525147,-0.7039143833629801,0.0023200212374607228,-0.051478348695809785,-0.999172479461539,-0.8961339132993669,-0.7425752468575356,-1.1697947739540824,0.12955447154404823,15.913272378804965,3.6700359445915733,93,3
Rwanda,RWA,2000,-1.1487537620526833,-1.2495796122914677,-1.9252223394618335,-1.3467340199100533,-0.5746349219453206,-0.2265242349928163,-1.7180406538682051,-0.8329940741208897,0.0023200212374607228,-0.051478348695809785,-0.999172479461539,-0.8961339132993669,-0.7425752468575356,-1.1697947739540824,0.12955447154404823,15.921342294915554,3.677924102816869,93,4
Rwanda,RWA,2001,-1.1372758097525344,-1.1897280628687292,-1.892190015438515,-1.29703114389891,-0.4817828930050939,-0.22608180094465788,-1.703498756418017,-0.8647422848612628,0.0023200212374607228,-0.051478348695809785,-0.999172479461539,-0.8961339132993669,-0.7425752468575356,-1.1697947739540824,0.12955447154404823,15.930210043503857,3.691709514373945,93,5
Rwanda,RWA,2002,-1.1181431071756323,-1.2101527646537993,-1.8576325278405905,-1.3431216886496427,-0.6279311712607936,-0.2253979430278141,-1.6821480534032611,-0.8686094658595694,0.0023200212374607228,-0.051478348695809785,-0.999172479461539,-0.8961339132993669,-0.7425752468575356,-1.1697947739540824,0.12955447154404823,15.943763811200443,3.6699246960837746,93,6
Rwanda,RWA,2003,-1.118179154796195,-1.1430655980656068,-1.8040061251173931,-1.2937917045872631,-0.603667544638206,-0.2242689539948202,-1.6265774202159073,-1.043671940888566,0.0023200212374607228,-0.051478348695809785,-0.1915646424211279,-0.647574045390993,-0.4037487599878938,-0.8424375942883786,0.12955447154404823,15.965745549117145,3.6735744390556704,93,7
Rwanda,RWA,2004,-1.1096753787134666,-0.9988885904118342,-1.740845454850803,-1.1734220565079405,-0.5860503393441701,-0.22287827679977704,-1.5547103616435032,-1.0189086840245818,0.30867663377854443,0.2968636675644392,-0.16165343248223,-0.31867233507601667,0.17465190648326062,-0.5018536132497179,0.12955447154404823,15.992174654239014,3.6762161027958338,93,8
Rwanda,RWA,2005,-1.0972103131306534,-0.9030377213351557,-1.6990138577316238,-1.1515329229333984,-0.5949583872661253,-0.22144094516626717,-1.4704539263803607,-0.988562569040911,0.0023200212374607228,-0.051478348695809785,-0.1915646424211279,-0.647574045390993,-0.4037487599878938,-0.187723234956971,0.12955447154404823,16.018775632485728,3.6748812315067343,93,9
Rwanda,RWA,2006,-1.084248463314414,-0.9602450126922467,-1.6368411493537993,-1.1803882781523636,-0.4847650694622456,-0.21996107726312994,-1.3781038490592943,-0.9150966358884162,0.60890624023874,-0.051478348695809785,-0.1915646424211279,0.3821728709348875,0.2061389163774616,-0.2846209601380194,0.12955447154404823,16.045443987103486,3.691269702296845,93,10
Rwanda,RWA,2007,-1.0738153101350796,-0.7647886380366269,-1.55765895445006,-1.1006588636655117,-0.2990600121572456,-0.21844511339846218,-1.274094860428369,-0.8401901080398715,0.60890624023874,-0.051478348695809785,0.34684058227247955,0.3821728709348875,0.2061389163774616,-0.2846209601380194,0.12955447154404823,16.072044801438267,3.7182950540311195,93,11
Rwanda,RWA,2008,-1.054989381681334,-0.23926326165049483,-1.4954774706379166,-1.0532905094892853,-0.30695251165201726,-0.216907083163611,-1.1705189226455708,-0.8792570319738259,0.60890624023874,-0.051478348695809785,0.34684058227247955,0.3821728709348875,0.34166951112531785,-0.3038260892689036,0.12955447154404823,16.09832856303061,3.717161210542727,93,12
Rwanda,RWA,2009,-1.046264629847581,-0.2804185368766822,-1.3341798746353006,-1.0764560394875935,-0.28725084691881936,-0.21535800462557397,-1.0667207347962278,-0.9271093451296313,0.60890624023874,-0.051478348695809785,0.34684058227247955,-0.04392958932426608,-0.20045286786610875,-0.7403021542326791,0.12955447154404823,16.1241207634591,3.7199891719430616,93,13
Rwanda,RWA,2010,-1.0343829093800483,-0.3299384988044126,-1.1222837462386,-1.0627329858130934,-0.0440367780380952,-0.21380313283386862,-0.9469020125140889,-0.8738381329045286,0.60890624023874,-0.051478348695809785,0.34684058227247955,-0.04392958932426608,-0.33598346261396533,-0.8206136077201692,0.12955447154404823,16.149357274421202,3.7542567141256082,93,14
Rwanda,RWA,2011,-1.0201248906415723,-0.2527594726367161,-0.9694737226688003,-0.9920598305417676,-0.3654800370833852,-0.21225395149279155,-0.8128652552940339,-0.7208738196107826,0.60890624023874,-0.051478348695809785,0.34684058227247955,0.16912164080531122,-0.33598346261396533,-0.8206136077201692,0.12955447154404823,16.17388355941799,3.7087127376476845,93,15
Rwanda,RWA,2012,-1.003055849728455,0.005594470259939415,-0.8592792810824905,-0.9681439151063421,-0.04532518183570534,-0.2107048427185663,-0.6766978226779689,-0.7160775384695254,0.60890624023874,-0.051478348695809785,0.34684058227247955,0.16912164080531122,-0.33598346261396533,-0.801409002360773,0.12955447154404823,16.197821569998098,3.7540782441520992,93,16
Rwanda,RWA,2013,-0.9963971697190654,0.1323226495567231,-1.2017525317728304,-0.905723246188121,-0.1354193850632542,-0.20911176447939073,-0.6629264502135034,-0.7667073795103959,0.60890624023874,-0.051478348695809785,0.34684058227247955,0.16912164080531122,-0.20045286786610875,-0.7979170178538434,0.12955447154404823,16.221855576354702,3.7415187202101166,93,17
Rwanda,RWA,2014,-0.9853260593882873,0.006211773197173154,-0.7810612635299997,-0.8706583867431207,0.0035247523276129952,-0.20747044137824655,-0.6476260702306114,-0.7721536553564005,0.60890624023874,-0.051478348695809785,0.34684058227247955,0.3821728709348875,-0.06492227311825187,-0.8206136077201692,0.12955447154404823,16.246027721597287,3.760822756051316,93,18
Rwanda,RWA,2015,-0.9654779578673118,0.16673718246857724,-0.8684398741764622,-0.8329837415516164,-0.3200834062609921,-0.20580584850662667,-0.6272499962210212,-0.7808647279464621,0.60890624023874,-0.051478348695809785,0.34684058227247955,0.3821728709348875,0.07060832162960441,-0.8520398969680768,0.12955447154404823,16.269959976210632,3.715271961207526,93,19
Rwanda,RWA,2016,-0.9537636440254613,0.5517313468157501,-0.901177155921186,-0.7087898395372761,-0.09688537132778077,-0.20411769559712392,-0.6122278363972242,-0.8315797871551117,0.60890624023874,-0.051478348695809785,0.34684058227247955,0.3821728709348875,0.07060832162960441,-0.8520398969680768,0.12955447154404823,16.293659760882395,3.7469098464741766,93,20
Rwanda,RWA,2017,-0.9485198773011128,0.015082112891366704,-0.8582488496859143,-0.5872802615950795,-0.14011701785528724,-0.20240707115251524,-0.5953263932364422,-0.7943771618025132,0.60890624023874,1.1376896013079765,0.34684058227247955,0.3821728709348875,0.07060832162960441,-0.8310890374694717,0.12955447154404823,16.3171154298619,3.740859502821353,93,21
Sudan,SDN,1996,-0.8626185147358295,-1.284095186439809,-1.1260777741717551,-1.5629102770472263,-0.6400809629810394,-0.1236147817085279,-0.9162495821023134,-1.0197879123507507,-1.2108524167650978,-1.240646298699596,-2.0759829288487537,-1.1091851434289437,-1.8268200048403904,-1.82450913328549,-1.4066961843359784,17.043604921238376,3.668092102953852,94,0
Sudan,SDN,1997,-0.7942362828672379,-1.6520128149319804,-1.1260777741717551,-1.6258705025086706,-0.4991312312673463,-0.12017817888291814,-0.8188649844107498,-1.0649669395541237,-1.2108524167650978,-1.240646298699596,-2.0759829288487537,-1.1091851434289437,-1.8268200048403904,-1.82450913328549,-1.8867745142984866,17.06587815064324,3.6891482627633088,94,1
Sudan,SDN,1998,-0.7850877081080502,-1.5001188390172817,-1.1260777741717551,-1.509401225902708,-0.08372962759615561,-0.11619197286352359,-0.7938009429985663,-1.0205957428079704,-1.2108524167650978,-1.240646298699596,-2.0759829288487537,-1.1091851434289437,-1.8268200048403904,-1.82450913328549,-1.8867745142984866,17.091106923041977,3.7487437742371186,94,2
Sudan,SDN,1999,-0.7823801767425128,-1.4858771093545307,-1.1260777741717551,-1.4270712045624314,-0.053938294905493074,-0.11213056339671848,-0.7794594045687214,-0.9400862052220894,-1.2108524167650978,-1.240646298699596,-2.0759829288487537,-1.1091851434289437,-1.8268200048403904,-1.82450913328549,-1.8867745142984866,17.116173316151965,3.752884334963674,94,3
Sudan,SDN,2000,-0.7648874206721905,0.27891802895266754,-1.1260777741717551,-1.2910772509290234,-0.09984562601924765,-0.10798136013371634,-0.7317724613161862,-0.5618362226394529,-1.2108524167650978,-1.240646298699596,-2.0759829288487537,-1.1091851434289437,-1.8268200048403904,-1.82450913328549,-1.8867745142984866,17.14114877140713,3.746496719171247,94,4
Sudan,SDN,2001,-0.7460335016926356,-0.24976136549797961,-1.1260777741717551,-1.5552693908029231,-0.023337228050498583,-0.10374814259804818,-0.6887580853790115,-0.6068889780242739,-1.2108524167650978,-1.240646298699596,-1.8067803165019503,-1.1091851434289437,-1.5557588153446769,-1.82450913328549,-1.8867745142984866,17.16600292830681,3.757119662281079,94,5
Sudan,SDN,2002,-0.7291193771834852,-0.12413314628567416,-1.1330276417596568,-1.4006489573233263,0.023987856254449907,-0.09944276942274487,-0.6511429261505081,-0.503933913586198,-1.2108524167650978,-1.240646298699596,-1.5375777041551464,-1.1091851434289437,-1.2846976258489626,-1.82450913328549,-1.5987275163209815,17.190662619205884,3.7636345507440963,94,6
Sudan,SDN,2003,-0.7092286014212557,-0.062436496809483974,-1.0878678748031456,-1.3770257467888563,0.42733841058231165,-0.09540739936125898,-0.6123461181769227,-0.5816679650506036,-1.2108524167650978,-1.240646298699596,-2.0759829288487537,-1.1091851434289437,-1.5557588153446769,-1.82450913328549,-1.5987275163209815,17.213236454321205,3.8175029948560626,94,7
Sudan,SDN,2004,-0.6951088707586961,0.12405243941837521,-0.9705499916840046,-1.2612649265141942,0.3179625777255184,-0.09141258207545139,-0.5711785269208951,-0.4507472930732663,-1.2108524167650978,-1.240646298699596,-1.5375777041551464,-1.1091851434289437,-1.5557588153446769,-1.82450913328549,-1.5987275163209815,17.235092503121706,3.803179969368643,94,8
Sudan,SDN,2005,-0.678419556018171,-0.16776388822952878,-0.9786156522904979,-1.103540677894871,0.10964741599833992,-0.08714439941169318,-0.5379388985878353,-0.40406673638861984,-1.2108524167650978,-1.240646298699596,-1.2683750918083427,-0.8961339132993669,-1.5557588153446769,-1.82450913328549,-1.5987275163209815,17.25792809487018,3.775319790191884,94,9
Sudan,SDN,2006,-0.6562725529445712,0.03637792086739753,-1.0406268788572965,-1.0939424723780964,0.047142682014025085,-0.0827299703526168,-0.4938126999069731,-0.3207565242459817,-0.6042661977638185,-0.051478348695809785,-1.2683750918083427,-0.4700314530402132,-0.4715140573618222,-0.8817204558482631,-1.5987275163209815,17.28101005782303,3.766806704118366,94,10
Sudan,SDN,2007,-0.6389014482916412,-0.15570882140597608,-1.0655438608782606,-1.1461162707725154,-0.21292297665003174,-0.07806331705841285,-0.4449784431708428,-0.04203441507283656,-1.2108524167650978,-0.051478348695809785,-1.1337737856349408,-0.8961339132993669,-0.4715140573618222,-0.8817204558482631,-1.5987275163209815,17.30484506050634,3.730586711444559,94,11
Sudan,SDN,2008,-0.6343079171372608,-0.23302861123422597,-0.9958293231345874,-1.0783272473285217,-0.2097285077554201,-0.07286363000158402,-0.4367170654643116,0.11425336523527609,-1.2108524167650978,-0.051478348695809785,-1.2683750918083427,-0.8961339132993669,-0.4715140573618222,-0.8974336004722169,-1.5987275163209815,17.330750090594364,3.7310396658238973,94,12
Sudan,SDN,2009,-0.673059935865643,-0.031968871852665386,-0.8654603653458502,-1.1931633386087563,-0.075423194208831,-0.06714818614009528,-0.4635078160362041,-0.09840421387996899,-1.2108524167650978,-0.051478348695809785,-1.5375777041551464,-0.8961339132993669,-0.4715140573618222,-0.8974336004722169,-1.5987275163209815,17.358471182411144,3.749899972056369,94,13
Sudan,SDN,2010,-0.6682927529890247,-0.2658350428503397,-0.8591340372798509,-1.1946876853793789,-0.049069933881575906,-0.06203654081620713,-0.4586479545005365,-0.47346724636190257,-1.2108524167650978,-0.051478348695809785,-1.5375777041551464,-0.8961339132993669,-0.4715140573618222,-0.9655238938426838,-1.5987275163209815,17.382629075052602,3.7535593393875777,94,14
Sudan,SDN,2011,-0.631125571720577,0.0816687749294673,-1.0204827657343931,-1.3459373104333434,-0.10785586371782481,-0.05764378505686695,-0.4381781724431531,-0.5410113085253241,-1.2108524167650978,-0.051478348695809785,-1.5375777041551464,-0.8961339132993669,-0.6070446521096794,-0.9725073390850557,-1.5987275163209815,17.402933172707495,3.7453779696908094,94,15
Sudan,SDN,2012,-0.6793781926239794,-0.3476673857249716,-0.8931701466128656,-1.5099514070871516,0.3976325911673385,-0.05291259564246636,-0.5329187096052908,-0.7666515875112779,-1.2108524167650978,-0.051478348695809785,-1.5375777041551464,-1.1091851434289437,-0.7425752468575356,-1.4089839278203191,-1.5987275163209815,17.424350068984186,3.813633195210947,94,16
Sudan,SDN,2013,-0.681694989304515,-0.6545455122841406,-0.812885287293059,-1.3648962353632492,0.022460414194806645,-0.047695819092039744,-0.5156574414736177,-0.5487740018123959,-1.2108524167650978,-0.051478348695809785,-1.2683750918083427,-1.535287603688097,-0.878105841605393,-1.3810490993078541,-1.5987275163209815,17.447445251883284,3.7634249407782807,94,17
Sudan,SDN,2014,-0.6701431582030016,-0.9158518412089672,-0.772905652304435,-1.5392696841730393,-0.21358752477748055,-0.041421997494936615,-0.4959369006508743,-0.7264761734642173,-1.2108524167650978,-0.051478348695809785,-1.2683750918083427,-1.535287603688097,-0.878105841605393,-1.3810490993078541,-1.5987275163209815,17.474531629216873,3.730492457167586,94,18
Sudan,SDN,2015,-0.6773888513842389,-1.1868517550800373,-0.7556585380728666,-1.6108015327846146,-0.07590049694347745,-0.034158581739900724,-0.49527247653948986,-0.8952806182029466,-1.2108524167650978,-0.051478348695809785,-0.7299698671147353,-1.535287603688097,-0.878105841605393,-1.4107296581880404,-1.5987275163209815,17.505000625615814,3.749833571019717,94,19
Sudan,SDN,2016,-0.6750839195619919,-1.6118094824735476,-0.8124436134650441,-1.7005949852196207,-0.21893994438512693,-0.02668745546607603,-0.45983907634167825,-0.788522454334223,-1.2108524167650978,-0.051478348695809785,-0.46076725476793157,-1.535287603688097,-0.878105841605393,-1.4107296581880404,-1.5987275163209815,17.535401472293305,3.729732987988214,94,20
Sudan,SDN,2017,-0.6921147884175124,-1.4343237374595192,-0.7351084056424816,-1.6266597217270855,-0.20454999780876598,-0.017892268367156305,-0.4783353119323201,-0.8498456468560017,-1.2108524167650978,-0.051478348695809785,-0.46076725476793157,-1.535287603688097,-0.7425752468575356,-1.4491393926783203,-1.5987275163209815,17.57004448062728,3.731773508388634,94,21
Senegal,SEN,1996,-0.8778913903607997,-0.7521718964462016,-1.786544600077259,-0.8019432626997754,-0.6048613160227708,-0.22136543935697414,-0.6497120926065616,-0.2169799558104513,0.0023200212374607228,-0.051478348695809785,-1.2683750918083427,0.3821728709348875,-0.06492227311825187,0.13963394470873283,0.7056484674990585,16.02015366097777,3.6733951827817077,95,0
Senegal,SEN,1997,-0.8751705193016333,-0.817988337916355,-1.7937299187867164,-0.7738479753937713,-0.14042603295664977,-0.22005632730334895,-0.6541915367620317,-0.2891133956749327,0.3056131307381003,-0.051478348695809785,-1.4029763979817447,0.3821728709348875,0.27390421375139,0.13963394470873283,0.34558972002717625,16.043748757957594,3.7408161235884934,95,1
Senegal,SEN,1998,-0.8604584550996791,-0.46647721632841443,-1.7960180269126462,-0.7489869796455778,-0.456036034456096,-0.2187292186704785,-0.6492560310839981,-0.2710585052426614,0.60890624023874,-0.051478348695809785,-1.5375777041551464,0.3821728709348875,0.612730700621032,0.13963394470873283,-0.15849252643345632,16.067113150374635,3.695498644334543,95,2
Senegal,SEN,1999,-0.8437360274879927,-0.5219239732620756,-1.767144947815282,-0.7087795437400707,-0.22618690956675794,-0.21735084155681467,-0.6416383804011369,-0.2985852943985245,0.60890624023874,-0.051478348695809785,-1.4029763979817447,0.3821728709348875,0.612730700621032,0.13963394470873283,-0.15849252643345632,16.090815714129423,3.7287037766210136,95,3
Senegal,SEN,2000,-0.8372697465470237,-0.4081923087032043,-1.7451618975174847,-0.732127455724256,-0.41127379911862505,-0.21591539061421383,-0.631276557422039,-0.23504908103059152,0.60890624023874,-0.051478348695809785,-1.2683750918083427,0.3821728709348875,0.612730700621032,0.13963394470873283,-0.15849252643345632,16.114916703454703,3.7020522545164587,95,4
Senegal,SEN,2001,-0.8288635298517056,-0.4410879370662365,-1.7327530188049554,-0.7019559931619965,-0.5237047634167559,-0.21443574041163196,-0.6165444792246607,-0.2453511654519875,1.2154924592400194,-0.051478348695809785,-0.7299698671147353,0.4886984859996758,0.8837918901167456,0.46699112437443663,-0.15849252643345632,16.139166395422563,3.685509043331452,95,5
Senegal,SEN,2002,-0.839978111847882,-0.2617623492829643,-1.682890275484339,-0.6026769547568928,-0.4412841627986613,-0.21290414443763997,-0.5224605955242906,-0.17053157556094325,1.8220786782412985,-0.051478348695809785,-0.1915646424211279,0.5952241010644648,1.1548530796124588,0.7943483040401405,-0.44653952441096145,16.163663008413018,3.6976632048244418,95,6
Senegal,SEN,2003,-0.8257580568099587,-0.6284355442390023,-1.682890275484339,-0.6700402355349818,-0.474048039978738,-0.21136232863202015,-0.4098549121010939,-0.21837718939731166,0.0023200212374607228,-0.051478348695809785,-0.1915646424211279,0.16912164080531122,0.4772001058731751,0.13963394470873283,-0.44653952441096145,16.187731502356044,3.6928493516164758,95,7
Senegal,SEN,2004,-0.8152183304208445,-0.6178229574097727,-1.5728472274144851,-0.5877460843344244,-0.40998849288189354,-0.20982313732754024,-0.28434839853321003,-0.14694236841966524,0.0023200212374607228,-0.051478348695809785,-0.1915646424211279,0.16912164080531122,0.4772001058731751,0.13963394470873283,-0.44653952441096145,16.21119475176446,3.702239802503282,95,8
Senegal,SEN,2005,-0.8059908111736297,-0.521196845064718,-1.490158659168647,-0.5516721389532339,-0.3829087957310749,-0.20825225849777637,-0.1612153216966284,-0.26219511468186685,0.0023200212374607228,-0.051478348695809785,0.07763796992567584,0.16912164080531122,0.612730700621032,0.7943483040401405,-0.44653952441096145,16.234586563293913,3.7061830344772857,95,9
Senegal,SEN,2006,-0.8061091930411539,-0.16687996162467916,-1.41869573705853,-0.5739133161379358,-0.22191886675473585,-0.2066520263764613,-0.026852837018282765,-0.2843754737704591,0.0023200212374607228,-0.051478348695809785,0.34684058227247955,-0.4700314530402132,-0.06492227311825187,0.42247054793990085,-0.44653952441096145,16.257865854168923,3.729310050725369,95,10
Senegal,SEN,2007,-0.8038009380761832,-0.18575928984163567,-1.41869573705853,-0.42500970823656875,-0.21621296242611626,-0.20501776040165423,-0.07666509635513086,-0.26606914056504544,0.0023200212374607228,-0.051478348695809785,0.34684058227247955,-0.4700314530402132,-0.06492227311825187,0.42247054793990085,-0.44653952441096145,16.281093790616563,3.7301199988481093,95,11
Senegal,SEN,2008,-0.797308349991658,-0.0008087019615162978,-1.18390070014228,-0.32379526514868656,-0.18365119427523005,-0.20333290928390815,-0.14070449863677162,-0.3953008008910814,0.60890624023874,1.1376896013079765,0.07763796992567584,-0.04392958932426608,-0.33598346261396533,0.42247054793990085,-0.6385708563959646,16.304488907122327,3.734729601430023,95,12
Senegal,SEN,2009,-0.7955450064877728,-0.3272762543188244,-1.18390070014228,-0.6269480323191369,-0.2937260994226725,-0.20158870452863117,-0.19731855873896184,-0.4020384636336984,0.60890624023874,1.1376896013079765,0.07763796992567584,-0.2569802229106366,-0.20045286786610875,0.42247054793990085,-0.7345865223884667,16.32814504677734,3.7190606013130005,95,13
Senegal,SEN,2010,-0.7907293484161172,-0.49418953999663595,-0.9511539325132442,-0.6225820576789839,-0.35547335290521415,-0.19978648257534384,-0.2647818272307957,-0.4207177108643691,0.0023200212374607228,1.1376896013079765,-0.7299698671147353,-0.4700314530402132,-0.33598346261396533,0.4050116729482253,-0.7345865223884667,16.352014064393476,3.7101622746268745,95,14
Senegal,SEN,2011,-0.7968323049105631,-0.190908136280789,-0.7515349031622094,-0.474143659305422,-0.3194124844736659,-0.19783029795149742,-0.3335231964436408,-0.2934495143421258,0.0023200212374607228,1.1376896013079765,-0.46076725476793157,-0.4700314530402132,-0.33598346261396533,0.44691339194543545,-0.7345865223884667,16.377293214408876,3.715368578794588,95,15
Senegal,SEN,2012,-0.7904981198031276,-0.2289607312257803,-0.614633408150459,-0.3466007334113991,-0.37645576903579303,-0.1957041012883699,-0.40823874335157295,-0.309615149168582,0.0023200212374607228,1.1376896013079765,1.1544484193128908,-0.4700314530402132,-0.20045286786610875,0.5481757049315307,-0.590563023399714,16.404063454891087,3.707120407479275,95,16
Senegal,SEN,2013,-0.7934504368834638,-0.05101806440830324,-0.5182041341730987,-0.3857048265811399,-0.36256859908507505,-0.19328306550639798,-0.4800043295238295,-0.2112569220451727,0.0023200212374607228,1.1376896013079765,1.1544484193128908,-0.4700314530402132,-0.20045286786610875,0.5586511346808332,-0.44653952441096145,16.43369804815788,3.709134696227936,95,17
Senegal,SEN,2014,-0.778662962014526,0.10802574190304197,-0.464976521706452,-0.44904204412868853,-0.2965773604929217,-0.19061470375179465,-0.5613856383665625,-0.3062207558653497,0.60890624023874,1.1376896013079765,1.1544484193128908,-0.4700314530402132,-0.06492227311825187,0.5586511346808332,-0.44653952441096145,16.465373792918506,3.7186514483367024,95,18
Senegal,SEN,2015,-0.762196097916985,0.051928359278653496,-0.46529821113458336,-0.45867473007844234,-0.2516348609885574,-0.18794648713089493,-0.6433377709838001,-0.26928654301588517,0.60890624023874,1.1376896013079765,0.6160431946192833,-0.2569802229106366,-0.06492227311825187,0.5464299745638098,-0.6865786893922161,16.496075270024956,3.725081253889081,95,19
Senegal,SEN,2016,-0.7447575689706711,0.16244333891887075,-0.46529821113458336,-0.5747272327788198,-0.22134489497278942,-0.18527850635226353,-0.6935082308743303,-0.2902951245230693,0.60890624023874,1.1376896013079765,0.6160431946192833,-0.2569802229106366,-0.06492227311825187,0.5691265644301358,-0.7345865223884667,16.525859581415173,3.7293915551996917,95,20
Senegal,SEN,2017,-0.7205489135301182,0.3926897797064406,-0.46529821113458336,-0.470420356265796,-0.1671148339980816,-0.18261481306512573,-0.3536864661455743,-0.2958151630349314,0.60890624023874,1.1376896013079765,0.6160431946192833,-0.2569802229106366,-0.06492227311825187,0.5586511346808332,-0.7345865223884667,16.55473657039598,3.7370624587634937,95,21
Solomon Islands,SLB,1996,-0.8575894129762852,-1.9546817125879918,-1.4259709175973592,0.721088074152153,-0.443990474182808,-0.2738010672529298,0.6185487109459153,-1.4411713991623967,1.1419669304624356,0.24881652571248636,0.556220344017307,-0.35884355455092126,-0.23604699690354922,-0.15796358658217796,0.12955447154404823,12.889194742443031,3.6972664551558037,96,0
Solomon Islands,SLB,1997,-0.8740138151958502,-1.9412183360432793,-1.4259709175973592,0.7824326614806215,0.4467703332587433,-0.273731735673277,0.46139800952154486,-1.4411713991623967,1.1419669304624356,0.24881652571248636,0.556220344017307,-0.35884355455092126,-0.23604699690354922,-0.15796358658217796,0.12955447154404823,12.917734860087833,3.820026328173788,96,1
Solomon Islands,SLB,1998,-0.8804716317604843,-1.8654414964143005,-1.4259709175973592,0.26708580391543535,-0.315506386104803,-0.2736616058582545,0.3723718958644032,-1.4411713991623967,1.1419669304624356,0.24881652571248636,0.556220344017307,-0.35884355455092126,-0.23604699690354922,-0.15796358658217796,0.12955447154404823,12.945798021850697,3.7159308998892477,96,2
Solomon Islands,SLB,1999,-0.8936320737826581,-1.9033213709561452,-1.4259709175973592,-0.13821261756107575,-0.29783577481937534,-0.2735924919791571,0.22652778913594804,-1.4411713991623967,1.1419669304624356,0.24881652571248636,0.556220344017307,-0.35884355455092126,-0.23604699690354922,-0.15796358658217796,0.12955447154404823,12.972704925727596,3.718470813938199,96,3
Solomon Islands,SLB,2000,-0.9597357642048473,-1.8152710966292471,-1.6013264829851286,-0.44585815469985973,-0.5601148655336787,-0.27353220706702813,-0.3256224652616033,-1.4411713991623967,1.1419669304624356,0.24881652571248636,0.556220344017307,-0.35884355455092126,-0.23604699690354922,-0.15796358658217796,0.12955447154404823,12.995597617612372,3.68009241902321,96,4
Solomon Islands,SLB,2001,-0.9929668436561332,-1.7809936649599867,-1.459126028603216,-0.8356488075263556,-0.9966050757147911,-0.27347986217793313,-0.724944579921011,-1.4411713991623967,1.1419669304624356,0.24881652571248636,0.556220344017307,-0.35884355455092126,-0.23604699690354922,-0.15796358658217796,0.12955447154404823,13.01505875096497,3.612764353075448,96,5
Solomon Islands,SLB,2002,-1.0071939665038074,-2.01434514014456,-1.203923477338714,-0.8351430504941393,-0.6337147055321329,-0.2734281824849795,-0.9476823610692142,-1.4411713991623967,1.1419669304624356,0.24881652571248636,0.556220344017307,-0.35884355455092126,-0.23604699690354922,-0.15796358658217796,0.12955447154404823,13.03390804932801,3.669052765369252,96,6
Solomon Islands,SLB,2003,-0.9937116700837214,-1.6446455449259985,-1.203923477338714,-0.5210692755205956,-0.6816900504323664,-0.2733768837679979,-0.93666063876254,-1.4411713991623967,1.1419669304624356,0.24881652571248636,0.556220344017307,-0.35884355455092126,-0.23604699690354922,-0.15796358658217796,0.12955447154404823,13.052273475828422,3.6617904994661767,96,7
Solomon Islands,SLB,2004,-0.9759826568306871,-1.5373774048759181,-1.203923477338714,-0.3223416875259622,-0.7494004058831288,-0.27332574227919515,-0.8970438093250898,-1.4274446069226516,1.1419669304624356,0.24881652571248636,0.556220344017307,-0.35884355455092126,-0.23604699690354922,-0.15796358658217796,0.12955447154404823,13.070252907114217,3.651450262564933,96,8
Solomon Islands,SLB,2005,-0.9581680583820111,-1.211808908972859,-1.1849679864294411,-0.21333525201807174,-0.6240683406132909,-0.2732745282235406,-0.8638405175284691,-1.5168735357766996,1.8220786782412985,1.1376896013079765,0.6160431946192833,0.09810496179092285,-0.06492227311825187,0.46699112437443663,0.12955447154404823,13.087939620437679,3.6705066366534176,96,9
Solomon Islands,SLB,2006,-0.9501616257932066,-1.3279210075847645,-1.0025146839306205,-0.12001224652318983,0.5727925619345534,-0.27322304204219183,-0.9021866412965679,-1.4564279342869855,1.2154924592400194,1.1376896013079765,0.6160431946192833,-0.15045490611745102,-0.06492227311825187,0.46699112437443663,0.12955447154404823,13.105410485751667,3.8362381964402044,96,10
Solomon Islands,SLB,2007,-0.9436118885722706,-1.1512719497736783,-0.9652876332055843,0.2847397687511368,1.4500101965203438,-0.27317126559343585,-0.9478221478979382,-1.4015920654322584,1.2154924592400194,1.1376896013079765,0.885245806966087,0.09810496179092285,-0.06492227311825187,0.46699112437443663,0.12955447154404823,13.122677328116646,3.942342661843464,96,11
Solomon Islands,SLB,2008,-0.9277926052915156,-1.1176710376030072,-0.9652876332055843,0.38927547228946596,0.9963951607538007,-0.27311905374356915,-0.9406627297951096,-1.3782527503681647,1.2154924592400194,1.1376896013079765,0.885245806966087,0.09810496179092285,-0.06492227311825187,0.46699112437443663,0.12955447154404823,13.139792602172358,3.888882006456739,96,12
Solomon Islands,SLB,2009,-0.9240265324131104,-1.1889062068293326,-0.9652876332055843,-0.05924662061417308,0.3788436165220331,-0.27306250602430765,-1.0054746450905618,-1.2487594935306385,1.2154924592400194,1.1376896013079765,0.885245806966087,0.09810496179092285,-0.06492227311825187,0.46699112437443663,0.12955447154404823,13.15800461494864,3.8111777870920354,96,13
Solomon Islands,SLB,2010,-0.8989181813334454,-0.5636820243048664,-0.450272732841432,0.644334876393589,2.4826237716963333,-0.27297284363167684,-0.9485650118725406,-1.1530398968693525,1.2154924592400194,1.1376896013079765,0.885245806966087,0.34666423315609096,-0.06492227311825187,0.46699112437443663,0.12955447154404823,13.1862185401057,4.05433340810256,96,14
Solomon Islands,SLB,2011,-0.8846396551741058,-0.9185421900454147,-0.5092838664381429,0.9661759521885807,1.267021638686032,-0.2728520379651506,-0.9473513958650344,-0.6807051055755757,1.2154924592400194,1.1376896013079765,0.885245806966087,0.5952241010644648,0.27390421375139,0.46699112437443663,0.12955447154404823,13.223015626550223,3.92111930397288,96,15
Solomon Islands,SLB,2012,-0.8897424958254119,-0.7989903870318572,-0.519211577469758,0.8958838936283928,-0.30015913748299844,-0.27272709598807204,-1.061999417417081,-0.7144324518809458,1.2154924592400194,1.1376896013079765,0.885245806966087,0.5952241010644648,0.27390421375139,0.46699112437443663,0.12955447154404823,13.259699771819305,3.71813722974073,96,16
Solomon Islands,SLB,2013,-0.883722675247615,-0.8482177759396613,-0.519211577469758,0.7446341773103572,0.0617299865130421,-0.272598053983867,-1.140160112599665,-0.9304985039670313,1.2154924592400194,1.1376896013079765,0.885245806966087,0.5952241010644648,0.27390421375139,0.46699112437443663,0.12955447154404823,13.296225924106643,3.7687999742609373,96,17
Solomon Islands,SLB,2014,-0.8937978418251553,-1.0515566460476893,-0.519211577469758,0.5661825899890626,-0.3747103205366857,-0.2724652385033686,-1.2070009925874403,-0.829607123024216,1.2154924592400194,1.1376896013079765,1.2740941205168432,0.9266372582756295,1.2150888392645756,0.46699112437443663,0.12955447154404823,13.332476804165715,3.7073738021408755,96,18
Solomon Islands,SLB,2015,-0.901552179531688,-0.8027952417657408,-0.519211577469758,0.4135135369161147,-0.22429015145595285,-0.27232913332558883,-1.2618116156983847,-0.9384525860407523,1.2154924592400194,1.1376896013079765,1.513385092200569,0.9266372582756295,1.2150888392645756,0.46699112437443663,0.12955447154404823,13.36831053875429,3.728973255877764,96,19
Solomon Islands,SLB,2016,-0.893976093060892,-0.8120364002114984,-0.519211577469758,0.33699981848017196,-0.18314060635622711,-0.2721902645602032,-1.2439735420491307,-0.9380985374771363,1.2154924592400194,1.1376896013079765,1.513385092200569,0.9266372582756295,1.2150888392645756,0.46699112437443663,0.12955447154404823,13.403594688360647,3.73480171380553,96,20
Solomon Islands,SLB,2017,-0.8957115620359489,-0.5406677877234428,-0.519211577469758,0.23979026184395738,-0.14752962428977376,-0.27204940625363083,-1.2672157049164134,-0.7679292853845168,2.024274246331383,0.7413004431957745,1.0348027181089376,0.9266372582756295,1.2150888392645756,0.46699112437443663,0.12955447154404823,13.438156116676879,3.739818409315524,96,21
Sierra Leone,SLE,1996,-0.9886308022096009,-1.4018811832222424,-1.3707936123288187,-0.7055820436623673,-0.6289108607341724,-0.2508022069766958,-1.3680436660549324,0.787701366093061,1.2154924592400194,-0.051478348695809785,0.33868309703210175,-1.845179868208787,-0.2908067784054728,1.230824369003916,-2.126813679279741,15.250407208463375,3.6697770507107634,97,0
Sierra Leone,SLE,1997,-1.0107739546412444,-3.0351560134901607,-1.3707936123288187,-1.323734431483444,-0.6050364755079132,-0.25047259624136614,-1.3874044747495047,0.021666537896859073,1.2154924592400194,-0.646062323697703,0.2190373958281492,-2.116335897935993,0.16096196110777972,-0.2968423821407873,-1.0706413533622223,15.263303746906448,3.673368878194067,97,1
Sierra Leone,SLE,1998,-1.008484370199504,-2.0962505142614702,-1.3707936123288187,-1.1191677233214379,-0.6381934547629159,-0.2502181950006847,-1.408257523740456,-0.2563065381425531,1.2154924592400194,-1.240646298699596,0.09939169462419617,-2.3874919276631985,0.612730700621032,-1.82450913328549,-1.1186491863584727,15.27314510014983,3.668377022474271,97,2
Sierra Leone,SLE,1999,-1.0157582321513037,-2.705448722484763,-1.3707936123288187,-1.1650855749669597,-0.6273633646423663,-0.2500835955850797,-1.4348420136231868,-0.21031450913937272,1.2154924592400194,-1.240646298699596,0.22991425817740913,-2.116335897935993,0.612730700621032,-1.82450913328549,-1.0226335203659718,15.278313079907706,3.6700102581394223,97,3
Sierra Leone,SLE,2000,-1.0040317349684706,-2.6078989005039483,-1.3707936123288187,-0.4755040929798511,0.3961733528598663,-0.24944520080088567,-1.4909124594005965,-0.006208003453227567,1.2154924592400194,-1.240646298699596,0.3604368217306221,-1.845179868208787,0.612730700621032,-1.82450913328549,-1.0226335203659718,15.302467114902331,3.8134427126964767,97,4
Sierra Leone,SLE,2001,-1.0388539147515727,-1.4853653392875346,-1.3707936123288187,-1.1016104016182797,-0.5419323908981124,-0.24781785891318742,-1.550209842553868,-1.565004603744454,1.0132971337844219,-1.240646298699596,0.5888511464271773,-0.5717152251755686,0.5159230942209638,-0.6241995618064906,-1.0226335203659718,15.361522290379973,3.6828010400244353,97,5
Sierra Leone,SLE,2002,-0.9878689312288687,-1.4088474768205501,-1.3707936123288187,-1.015234304334647,-0.5497893187591987,-0.2461323788827258,-1.5681535030173597,-1.4894700544119253,0.8111018083288247,-1.240646298699596,0.8172654711237329,0.7017494178576501,0.41911548782089625,0.5761100096725087,-1.1666570193547243,15.419219289941147,3.6816315031565945,97,6
Sierra Leone,SLE,2003,-0.9718164673347436,-1.4210382008611029,-1.3707936123288187,-0.796897608185104,-0.5728501690750684,-0.24488512402301846,-1.5917092639565316,-1.3617101118842936,0.8111018083288247,-1.240646298699596,0.8172654711237329,0.7017494178576501,0.806345913421167,0.5761100096725087,-1.3106805183434764,15.459869182553538,3.678190877983238,97,7
Sierra Leone,SLE,2004,-0.9621332476483937,-1.5284738514426233,-1.3707936123288187,-0.8048555748276583,-0.17870683981684776,-0.2438085343042584,-1.5244951620575917,-1.2399512062999272,0.8111018083288247,-1.240646298699596,1.7309227699099536,0.7017494178576501,1.419460302186279,1.230824369003916,-1.1666570193547243,15.493675333174812,3.735427693856521,97,8
Sierra Leone,SLE,2005,-0.9567604945629545,-1.4072283838377362,-1.3707936123288187,-0.7649555849847522,-0.038137028587141616,-0.2429256678436036,-1.573263295068408,-1.2822347462778718,0.0023200212374607228,-1.240646298699596,1.4698776428035276,0.7017494178576501,1.419460302186279,1.230824369003916,-1.550719683324731,15.520570056256256,3.7550735420828665,97,9
Sierra Leone,SLE,2006,-0.9498461738553661,-1.4853553983810186,-1.3707936123288187,-1.5032039442329599,-0.3358655600364325,-0.24218334523316337,-1.6217998537481952,-0.1319565816429793,-0.30565884548772004,0.6180336718342819,1.4698776428035276,0.7017494178576501,1.17949199961524,0.04535507696501004,-1.5987275163209815,15.542636746009611,3.712996520334029,97,10
Sierra Leone,SLE,2007,-0.9445887370377116,-1.532580837110076,-1.3707936123288187,-1.5113831614111004,-0.19652711198492268,-0.2414281299120542,-1.655825903299812,-0.2083947834375555,-0.26457791512310264,0.562132313506144,1.4698776428035276,0.7017494178576501,1.223973682933866,0.04535507696501004,-1.5987275163209815,15.564597884703357,3.7329093628341057,97,11
Sierra Leone,SLE,2008,-0.9405618616730864,-1.5064406121550078,-1.3707936123288187,-1.5273370615187691,-0.4249305691875881,-0.2405490429749304,-1.6962313226099248,-0.3658759410091589,-0.5557393002437166,-0.08318965258497074,1.3502319415995752,0.7017494178576501,1.4326907988455653,0.32819168019617806,-1.5987275163209815,15.589568101875885,3.7000573246283173,97,12
Sierra Leone,SLE,2009,-0.9447721446157553,-1.4054801086237116,-1.3707936123288187,-1.474598782857351,-0.16856192813065618,-0.2395758973034046,-1.720755050998776,-0.6181609805353686,-0.6042661977638185,-1.240646298699596,-0.1915646424211279,-0.2569802229106366,-0.4715140573618222,-0.2339895417592279,-1.550719683324731,15.616501783100667,3.736858527953434,97,13
Sierra Leone,SLE,2010,-0.9322947002698634,1.4128290818502,-1.3707936123288187,-1.3331266364449275,0.3047332188147341,-0.23856559740375957,-1.7173159253234855,-0.5464153912975801,-0.6042661977638185,-1.240646298699596,0.07763796992567584,-0.2569802229106366,-0.33598346261396533,0.2723225469427356,-1.3106805183434764,15.643716864655904,3.8014335631042004,97,14
Sierra Leone,SLE,2011,-0.9126812843686065,2.8808683830482256,-0.8317176457302559,-0.8741942363786637,2.6646331086205475,-0.2375706030626057,-1.7172807426550112,-0.5947732699651158,-0.6042661977638185,-1.240646298699596,0.07763796992567584,-0.04392958932426608,-0.33598346261396533,0.2723225469427356,-1.3106805183434764,15.669814686908651,4.072835572513523,97,15
Sierra Leone,SLE,2012,-0.8823225660720236,0.8023420552913588,-0.6821455501299254,-0.5958032574799684,1.3479760424830223,-0.23657989016570777,-1.6629586879843943,-0.27485047535983237,-0.6042661977638185,-1.240646298699596,-0.46076725476793157,-0.04392958932426608,-0.4715140573618222,-0.1292352442662029,-1.5027118503284804,15.695140632162074,3.93056414928899,97,16
Sierra Leone,SLE,2013,-0.8325538347571264,-0.6220708750577302,-0.875182302807401,-0.5963420322508461,0.3274045129559812,-0.23559436579871318,-1.610837782510863,-0.03356199827315411,-0.6042661977638185,-1.240646298699596,0.34684058227247955,-0.2569802229106366,-0.4715140573618222,-0.14145692815471406,-1.5027118503284804,15.71971320150255,3.8044245356890527,97,17
Sierra Leone,SLE,2014,-0.8793823507941985,-0.8282092091405701,-0.875182302807401,-0.6614118433085925,0.1842555688908087,-0.2346126935221014,-1.583316017334202,-0.53080903120017,-0.6042661977638185,-1.240646298699596,0.07763796992567584,-0.2569802229106366,-0.4715140573618222,-0.1554238186394595,-1.3106805183434764,15.74360378119836,3.785387371321929,97,18
Sierra Leone,SLE,2015,-0.9070351353432876,-0.5776926990212193,-0.8526279164572018,-1.0858289342682372,-0.012108090462783747,-0.23363745550634882,-1.528689974737599,-0.8477281970788341,0.0023200212374607228,-1.240646298699596,0.34684058227247955,-0.2569802229106366,-0.4715140573618222,-0.15717007277866785,-1.3106805183434764,15.7667857181471,3.7586693382503373,97,19
Sierra Leone,SLE,2016,-0.8914220764621531,-0.6266494685358369,-0.7695839776704568,-0.8948863279758251,-0.2559145393972921,-0.23262349702792579,-1.3394655297458569,-0.6087552896987504,0.0023200212374607228,-1.240646298699596,0.34684058227247955,-0.2569802229106366,-0.4715140573618222,-0.15717007277866785,-1.3106805183434764,15.79033144910746,3.7244707494178977,97,20
Sierra Leone,SLE,2017,-0.8882472383220861,-0.447919658261855,-0.79159055580593,-0.9397115170275343,0.5757128141225861,-0.2315714530467855,-1.1636746079600397,-0.6088625180328231,0.0023200212374607228,-1.240646298699596,0.34684058227247955,-0.2569802229106366,-0.4715140573618222,-0.13796494364778397,-1.2866766018453508,15.81418934112951,3.8366107680484243,97,21
El Salvador,SLV,1996,-0.24193679277822625,-0.7628191554487811,-0.4456954110230486,-0.5406933395398438,0.06772249077172961,-0.24108988372136092,1.2757502642991407,-0.11775431808763494,-1.2108524167650978,-1.240646298699596,-0.46076725476793157,0.5952241010644648,-1.149167031101106,-1.1697947739540824,-0.15849252643345632,15.574279612029818,3.7696176650988056,98,0
El Salvador,SLV,1997,-0.21604094100541682,-0.7194066091299319,-0.4456954110230486,-0.3007329632763989,-0.5431697677261819,-0.24085227565963246,1.053878013744179,-0.13449289411338183,-1.2108524167650978,-1.240646298699596,-0.46076725476793157,0.4886984859996758,-1.149167031101106,-1.1697947739540824,0.585628885008432,15.581025122920387,3.682616941982721,98,1
El Salvador,SLV,1998,-0.19411612968342237,-0.6638090675599727,-0.4456954110230486,-0.37858525619897637,1.0638326054527887,-0.24063334751500362,1.050890286363698,-0.054129012838315005,-1.2108524167650978,-1.240646298699596,-0.46076725476793157,0.3821728709348875,-1.149167031101106,-1.1697947739540824,1.2817424634540677,15.587200304229277,3.8970129637923265,98,2
El Salvador,SLV,1999,-0.1765137666146834,-0.723519739176914,-0.40268790570531515,-0.37515779563667767,-0.31749536541141793,-0.2404330690512862,1.1034111741031045,0.003352978066565759,-1.2108524167650978,-1.240646298699596,0.2122392760990777,0.3821728709348875,-1.149167031101106,-1.1697947739540824,1.2817424634540677,15.592816239315317,3.715644606361516,98,3
El Salvador,SLV,2000,-0.1694669072997957,-0.5953397910079743,-0.3094531310532415,-0.15130944337867114,-0.39206271490710176,-0.2402548811467028,1.0002879678199326,0.003650132196817265,-1.2108524167650978,-1.240646298699596,0.885245806966087,0.3821728709348875,-1.149167031101106,-1.1697947739540824,1.2817424634540677,15.597786365765376,3.70485181809207,98,4
El Salvador,SLV,2001,-0.16423575982731595,-0.6547413029683575,-0.22479271580644763,-0.23306328980602029,-0.25691756037402735,-0.24010555066018333,0.9203122334636425,0.020305598185969595,-0.9075593072644581,-1.240646298699596,0.885245806966087,0.3821728709348875,-0.8103405442314641,-0.8424375942883786,1.1377189644653156,15.601932641993123,3.7243276125906357,98,5
El Salvador,SLV,2002,-0.14993406147789923,-0.6116993455816089,-0.0972374248319813,-0.23224114838453033,-0.013360755759974913,-0.23999324740979242,1.020966875546699,0.03670874766092764,-0.6042661977638185,-1.240646298699596,0.885245806966087,0.3821728709348875,-0.4715140573618222,-0.5150804146226747,0.1295544715440488,15.605039541507573,3.758496583264646,98,6
El Salvador,SLV,2003,-0.1342444515635077,-0.5940220419651154,0.02760135098688196,-0.16502830234725824,-0.46057406303646337,-0.23992087406960189,1.0451495453095148,0.009873100115504747,-0.6042661977638185,-1.240646298699596,0.34684058227247955,0.3821728709348875,-0.4715140573618222,-0.5150804146226747,0.1295544715440488,15.607036666632538,3.69483183030258,98,7
El Salvador,SLV,2004,-0.12505565252355721,-0.7163296033428025,0.16146058230514923,-0.12021914203136905,-0.1933280465157325,-0.23988415524259346,0.9296707181552615,-0.1023098545338673,-0.6042661977638185,-1.240646298699596,0.6160431946192833,0.16912164080531122,-0.33598346261396533,-0.5150804146226747,0.34558972002717736,15.608048390855389,3.7333619167213365,98,8
El Salvador,SLV,2005,-0.09370632611516069,-0.7640202425864188,0.15385041510827843,-0.12214609218299599,-0.05286212433189118,-0.23987867039804525,0.7199713328475285,-0.19652699217037417,-0.6042661977638185,-1.240646298699596,0.885245806966087,0.16912164080531122,-0.33598346261396533,-0.5150804146226747,0.2735779705328008,15.608199428498438,3.7530335866094227,98,9
El Salvador,SLV,2006,-0.04065117240971456,-0.6917655928695214,0.14572173720967818,-0.013702875119980976,-0.386026504706906,-0.23989837834554534,0.8326744239295998,-0.1964850146956152,-0.6042661977638185,-1.240646298699596,0.885245806966087,0.16912164080531122,-0.33598346261396533,0.13439622983408156,0.009534889053421761,15.607656619122706,3.70572983800253,98,10
El Salvador,SLV,2007,-0.01896365802640611,-0.49341680586984477,0.1427123851199163,0.10708548564125239,0.9001533648891645,-0.23985299382698502,0.893610878621134,-0.19231414921333972,-0.30097308826317887,-1.240646298699596,1.1544484193128908,0.3821728709348875,-0.33598346261396533,0.13439622983408156,-0.44653952441096145,15.60890618795101,3.877162387176891,98,11
El Salvador,SLV,2008,0.004431263184168484,-0.475887193990446,0.09935814649977423,0.19538020544625134,0.20801401104868797,-0.23973523596823415,0.9051150279211376,-0.07923678959835058,0.0023200212374607228,-1.240646298699596,1.4236510316596944,0.5952241010644648,-0.33598346261396533,0.16582251908198914,-0.44653952441096145,15.61214114401583,3.788572160914222,98,12
El Salvador,SLV,2009,-0.027113842728441043,-0.9028598301881541,0.12043881266788256,-0.2278306314465644,-0.28664727012681646,-0.23962044730316925,0.5043829019969899,-0.15503949940066056,0.0023200212374607228,-1.240646298699596,1.1544484193128908,1.021326561323618,-0.4715140573618222,0.16582251908198914,-0.44653952441096145,15.615284492066161,3.7200756827495036,98,13
El Salvador,SLV,2010,-0.003949874027152818,-0.9508503784287046,0.17254584487817645,-0.011333202327062716,-0.7445409038005658,-0.23949968396730656,0.4916627681122178,-0.12959506315037683,0.0023200212374607228,-0.051478348695809785,1.1544484193128908,1.021326561323618,-0.4715140573618222,0.17804367919901284,-0.44653952441096145,15.618580818338195,3.6521959426148145,98,14
El Salvador,SLV,2011,0.04016854076808563,-0.7646612731648109,0.23050212444331444,0.1550932329067583,-0.5387228569606987,-0.2393673825020084,0.48075578574199573,-0.05310708784633742,0.0023200212374607228,-0.051478348695809785,1.1544484193128908,1.021326561323618,-0.4715140573618222,0.17804367919901284,-0.25450819242595846,15.622179657527601,3.6832783994750873,98,15
El Salvador,SLV,2012,0.07352124846251767,-0.7272083183098532,0.2698577784835339,0.10788336629462494,-0.3007858679287212,-0.23922316797854049,0.4413160760746329,-0.020337112256368924,0.0023200212374607228,-0.051478348695809785,1.1544484193128908,1.021326561323618,-0.33598346261396533,0.17804367919901284,-0.3505238584184605,15.626087856008137,3.718047225859351,98,16
El Salvador,SLV,2013,0.0978420620494537,-0.6133866695959871,0.3210941979189,0.1891521586261074,-0.452330646648686,-0.2390728094616206,0.356490997661557,-0.059243632502710315,0.0023200212374607228,-0.051478348695809785,1.1544484193128908,1.021326561323618,-0.33598346261396533,0.18851910894831536,-0.4465395244109626,15.6301463571933,3.6960427812866543,98,17
El Salvador,SLV,2014,0.11646852611472067,-0.8669230871296812,0.289958687563424,0.12110195331002542,-0.26195744043807556,-0.2389269742784626,0.42912369283501073,-0.06823656755804901,0.0023200212374607228,-0.051478348695809785,0.885245806966087,1.021326561323618,-0.33598346261396533,0.18851910894831536,-0.6385708563959646,15.634067090538723,3.7236080826189735,98,18
El Salvador,SLV,2015,0.1456290591285944,-0.8369031595613484,0.2660483877621285,0.07632546400627377,-0.28409190212658536,-0.23880166946712503,0.6040396741201327,-0.12851219806816272,0.0023200212374607228,-0.051478348695809785,0.885245806966087,1.021326561323618,-0.33598346261396533,0.20772423807919868,-0.44653952441096145,15.63742363631995,3.720441861364301,98,19
El Salvador,SLV,2016,0.17826905783428865,-0.8614013254336325,0.1780446906244304,-0.03215897379494062,-0.305732780311671,-0.23869811656961312,0.4575750515376969,-0.16628627535307028,0.0023200212374607228,-0.051478348695809785,0.885245806966087,1.021326561323618,-0.33598346261396533,0.20772423807919868,-0.4945473574072131,15.64018903521894,3.7173365222405277,98,20
El Salvador,SLV,2017,0.20842294434894904,-0.7960595483983178,0.09873728516377497,0.010918348952824715,-0.29983144489489455,-0.23862111709262063,0.5644340785990752,-0.13828274702275117,0.0023200212374607228,-0.051478348695809785,0.885245806966087,1.021326561323618,-0.4715140573618222,0.1710602339566404,-0.7345865223884667,15.64224037416944,3.7181842859894054,98,21
"Somalia, Fed. Rep.",SOM,2007,-1.1681470431340355,-0.8315816262772328,-2.078255117412586,0.4246821825508833,-0.20186089331588233,-0.20772548362611884,0.0645528513932529,-0.15404148719767002,-0.4020706296737337,-1.240646298699596,-0.61848208187534,-1.6418129204812826,-1.8719966890488824,-0.9515564795864507,-3.615056502163517,16.24230978492218,3.732154366943107,99,0
"Somalia, Fed. Rep.",SOM,2012,-1.1340329049629236,-0.8315816262772328,-2.078255117412586,0.4246821825508833,-0.22507124202912376,-0.2008402318775013,-0.011845419781520825,-0.15404148719767002,-1.2108524167650978,-1.240646298699596,-2.0759829288487537,-1.535287603688097,-2.0978811943361033,-1.82450913328549,-3.615056502163517,16.33812724515291,3.72886229232142,99,1
"Somalia, Fed. Rep.",SOM,2013,-1.1215956718416547,-0.9973889065366511,-2.078255117412586,0.2729489960092559,0.2207470301033296,-0.19837033441532054,-0.033891966021862355,-0.15404148719767002,-1.2108524167650978,-1.240646298699596,-2.0759829288487537,-1.535287603688097,-2.0978811943361033,-1.82450913328549,-3.615056502163517,16.370378110545698,3.79027484079503,99,2
"Somalia, Fed. Rep.",SOM,2014,-1.1123630648578688,-1.113772218163785,-2.078255117412586,0.22539447813098482,0.1295044453944982,-0.1955287555854818,-0.04769975699087601,-0.15404148719767002,-1.2108524167650978,-1.240646298699596,-2.0759829288487537,-1.535287603688097,-2.0978811943361033,-1.82450913328549,-3.615056502163517,16.406239516767133,3.778009199981955,99,3
"Somalia, Fed. Rep.",SOM,2015,-1.0996658404925916,-1.1456026430558608,-2.078255117412586,0.07397845752804455,0.1918687989451855,-0.19270184130694337,-0.06656472878239983,-0.15404148719767002,-1.2108524167650978,-1.240646298699596,-1.8067803165019503,-1.535287603688097,-2.0978811943361033,-1.82450913328549,-3.615056502163517,16.44068366052182,3.786409020107003,99,4
"Somalia, Fed. Rep.",SOM,2016,-1.0936315318092689,-1.1823011123259608,-2.078255117412586,0.012568630746664278,0.20277430680520211,-0.18942558703485066,-0.07213768268495636,-0.15404148719767002,-1.2108524167650978,-1.240646298699596,-1.8067803165019503,-1.535287603688097,-2.0978811943361033,-1.82450913328549,-3.615056502163517,16.47917276112931,3.787870656360166,99,5
"Somalia, Fed. Rep.",SOM,2017,-1.0721064466082497,-1.0634526062055216,-2.078255117412586,-0.15230810855632917,0.17774404272959138,-0.18599142729325135,-0.09989462337117533,-0.15404148719767002,-1.2108524167650978,-1.240646298699596,-1.5375777041551464,-1.535287603688097,-2.0978811943361033,-1.82450913328549,-3.8070878341485206,16.51798725591345,3.7845127355468096,99,6
"Somalia, Fed. Rep.",SOM,2018,-1.0755085200733285,-0.7867291074146207,-2.078255117412586,-0.0030795154473541534,0.23534749948758982,-0.1827509666208067,-0.09164367372334366,-0.15404148719767002,-1.2108524167650978,-1.240646298699596,-1.5375777041551464,-1.535287603688097,-2.0978811943361033,-1.82450913328549,-3.9031035001410226,16.553280583941895,3.792223677722549,99,7
"Somalia, Fed. Rep.",SOM,2019,-1.077561076440047,-0.7896833337233689,-2.078255117412586,-0.1052624259447543,0.23226692440645794,-0.17925273639630976,-0.08440202128865612,-0.15404148719767002,-1.2108524167650978,-1.240646298699596,-1.5375777041551464,-1.535287603688097,-2.0978811943361033,-1.82450913328549,-3.9031035001410226,16.590033159054354,3.7918128056893132,99,8
"Somalia, Fed. Rep.",SOM,2020,-1.0918465474915362,-0.7988206876957851,-2.078255117412586,0.05124675481290829,0.40558359974707936,-0.17550211866126872,0.020761683912509828,-0.15404148719767002,-1.2108524167650978,-1.240646298699596,-1.5375777041551464,-1.535287603688097,-2.0978811943361033,-1.82450913328549,-3.9031035001410226,16.627992363419764,3.814670447727706,99,9
Serbia,SRB,1996,0.20396240012223857,-1.4799641455679615,1.007345287354849,-1.3515435329429886,-0.6408301205163849,-0.23010266368302235,0.52527444392427,0.3969856710402699,-1.2108524167650978,-0.051478348695809785,-1.8067803165019503,-0.6830826831697902,-1.2846976258489626,-1.1697947739540824,0.41760146952155336,15.846573763162013,3.6679789950543085,100,0
Serbia,SRB,1997,0.34352882052615324,-1.3782391081409346,1.007345287354849,-1.1961459491180757,-0.18006534723292844,-0.23024566271172267,0.5213680622565178,0.3525214185562644,-1.2108524167650978,-0.646062323697703,-1.941381622675352,-0.6830826831697902,-1.2846976258489626,-1.1697947739540824,0.41760146952155336,15.843466549934584,3.735235935013082,100,1
Serbia,SRB,1998,0.43845345593881163,-1.376045556587552,1.007345287354849,-1.0079830860921115,-0.5498714925090219,-0.2304318753006671,0.5216221612610923,0.34225549039712216,-1.2108524167650978,-1.240646298699596,-2.0759829288487537,-0.6830826831697902,-1.2846976258489626,-1.1697947739540824,0.41760146952155336,15.839405826782757,3.6816192640166436,100,2
Serbia,SRB,1999,0.2644777889589473,-1.4699883684844217,1.007345287354849,-1.4420462141923684,-0.5501350393241913,-0.23059723096695806,0.4995416067941844,0.29192717387848477,-0.9075593072644581,-1.240646298699596,-1.8067803165019503,-0.7896082982345785,-1.2169323284750349,-1.1697947739540824,0.41760146952155336,15.835786054212777,3.6815800097607476,100,3
Serbia,SRB,2000,0.3645982018536536,-1.3322382844315088,1.007345287354849,-1.5316162574785592,-0.5259442553474335,-0.23074269726861943,0.4971416360400255,0.692090783062939,-0.6042661977638185,-1.240646298699596,-1.5375777041551464,-0.8961339132993669,-1.149167031101106,-1.1697947739540824,0.41760146952155336,15.832590806624337,3.6851767261429003,100,4
Serbia,SRB,2001,0.4805791416197592,-1.305582490946743,0.9552523745041742,-0.5809063070486158,-0.41994397240927295,-0.23082078524838884,0.4862407327562613,0.47414242209310853,-0.9075593072644581,-1.240646298699596,-0.8645711732881372,-0.8961339132993669,-1.3524629232228915,-1.1697947739540824,0.41760146952155336,15.830871340384249,3.7007862093923456,100,5
Serbia,SRB,2002,0.597990389978835,-0.9616151910095798,0.9175602948582147,-0.5690810411368044,-0.1104099251176207,-0.2308413579508728,0.519141917325625,0.35432282755390404,-1.2108524167650978,-1.240646298699596,-0.1915646424211279,-0.8961339132993669,-1.5557588153446769,-1.1697947739540824,0.41760146952155336,15.830417845164103,3.7450209935036414,100,6
Serbia,SRB,2003,0.6897504300694036,-0.7263309131351586,0.9025080065767555,-0.453329512205302,0.44586392782405326,-0.23095891625078122,0.5301906712712571,0.16430158405793446,-1.2108524167650978,-1.240646298699596,-0.1915646424211279,-0.8961339132993669,-1.5557588153446769,-1.1697947739540824,0.41760146952155336,15.827822491203936,3.8199087683146087,100,7
Serbia,SRB,2004,0.8278478853553686,-0.3880627351763375,0.8979345542412195,-0.04757043168156381,0.037134541375110665,-0.23106434379196453,0.5644099874882599,0.24895655052015372,-1.2108524167650978,-0.051478348695809785,-0.46076725476793157,-0.6830826831697902,-1.4202282205968195,-1.1697947739540824,0.41760146952155336,15.825489207000233,3.7654368483466185,100,8
Serbia,SRB,2005,0.9603232627773497,-0.40468052894751655,0.9132322782919373,-0.05612662060033255,0.6788757139926648,-0.23119972934846397,0.6407540174944317,0.17428713876204144,-1.2108524167650978,-0.051478348695809785,-0.7299698671147353,-0.6830826831697902,-1.4202282205968195,-1.1697947739540824,0.41760146952155336,15.822484896077732,3.8496842142474765,100,9
Serbia,SRB,2006,1.0577972856470712,-0.17056828278638658,0.9264976946721925,0.046428113020804275,2.0236476068697242,-0.2313763086878326,0.8685951270263599,0.18917907159308484,0.0023200212374607228,-0.051478348695809785,-0.7299698671147353,0.16912164080531122,-0.06492227311825187,0.6407088423075326,0.41760146952155336,15.818552850673209,4.0060969739929275,100,10
Serbia,SRB,2007,1.25289441017831,0.12264403133952881,0.9439153425407364,-0.035131375947603724,1.0251804133570797,-0.2315576653449444,0.8790679782771434,0.11690126280632965,0.0023200212374607228,-0.051478348695809785,-0.46076725476793157,0.16912164080531122,-0.06492227311825187,0.6407088423075326,0.41760146952155336,15.814498265803124,3.8923607452085287,100,11
Serbia,SRB,2008,1.3961696359385745,0.10697158376743218,0.9811005199335162,0.05263387456132494,0.6238597658351134,-0.23174728857592322,0.8797335493700537,0.0558514533818304,0.0023200212374607228,-0.051478348695809785,-0.46076725476793157,0.16912164080531122,-0.06492227311825187,0.6180117286697189,0.41760146952155336,15.810241210864822,3.8427335257879998,100,12
Serbia,SRB,2009,1.321897912941453,-0.4843001228071719,1.0180756396859363,-0.30233855366575896,0.4138829862787115,-0.2319251680713865,0.7851286771473542,-0.2085675309868717,0.0023200212374607228,-0.051478348695809785,-0.46076725476793157,0.16912164080531122,0.07060832162960441,1.054488317404982,0.41760146952155336,15.806231262359454,3.815752001638896,100,13
Serbia,SRB,2010,1.374892733275291,-0.6120709446586571,1.0160167984187969,-0.006358003936279065,0.016734570994943222,-0.23210278148839317,0.8313489618224276,-0.14999890739565633,0.0023200212374607228,-0.051478348695809785,-0.46076725476793157,0.16912164080531122,0.07060832162960441,1.0265534888925172,0.41760146952155336,15.80221120390094,3.7626387954318576,100,14
Serbia,SRB,2011,1.396665048707426,-0.6387886453450676,1.0958406364963407,0.05281119427908638,0.9857034146589237,-0.2324348776383968,0.9925961641813636,-0.046128060216029276,0.0023200212374607228,-0.051478348695809785,-0.46076725476793157,0.16912164080531122,0.07060832162960441,1.0265534888925172,0.41760146952155336,15.794650985822992,3.8875868052411056,100,15
Serbia,SRB,2012,1.397749622123815,-0.32040023409746293,1.1153513981944034,0.23628706299453103,-0.16276197891557226,-0.23264666399536144,0.9688290115384222,-0.021207031898917508,0.0023200212374607228,-0.051478348695809785,-0.46076725476793157,0.16912164080531122,0.07060832162960441,1.0265534888925172,0.41760146952155336,15.789799617901284,3.737675631494303,100,16
Serbia,SRB,2013,1.423157424532853,-0.7542245861587762,1.1240312010073072,0.30169288466040917,0.04922284788375783,-0.2328579786677894,0.9257385926714005,0.08688142070874552,0.0023200212374607228,-0.051478348695809785,0.07763796992567584,-0.04392958932426608,0.4772001058731751,1.5223906716166657,0.41760146952155336,15.784935483375975,3.7670911896654666,100,17
Serbia,SRB,2014,1.3870430748297768,-0.8151551492353339,1.1216838068763049,0.41911051224587276,0.04749546979312905,-0.23306821693191576,0.8909566624716205,-0.02394109748389497,0.0023200212374607228,-0.051478348695809785,0.07763796992567584,0.8082753311940414,0.612730700621032,1.5293741168590382,0.41760146952155336,15.780072532341089,3.7668549574241865,100,18
Serbia,SRB,2015,1.4358477308258746,-0.7022520278893654,1.205919131793004,0.5683498780213373,0.31845485695918996,-0.23328836057131214,0.8635495323570731,-0.016128500256189185,0.0023200212374607228,-0.051478348695809785,0.885245806966087,1.021326561323618,1.0193224848646019,1.5293741168590382,0.41760146952155336,15.774954989733269,3.8032448962774645,100,19
Serbia,SRB,2016,1.532080959927026,-0.6790287072836892,1.1901648087661396,0.6890529211390948,0.30220529639141314,-0.23351247724584434,0.8717388538860483,-0.025114840166889266,0.0023200212374607228,-0.051478348695809785,0.6160431946192833,1.021326561323618,0.8837918901167451,1.5049317966249902,0.41760146952155336,15.769718045842655,3.8010995049754412,100,20
Serbia,SRB,2017,1.6145201994076324,-0.583917549268018,1.1633694692137613,0.8354826031376448,0.4237098674304922,-0.23373903095714932,1.002409492982793,-0.019196351759297403,0.0023200212374607228,-0.051478348695809785,0.6160431946192833,1.021326561323618,0.7482612953688889,1.4769969681125255,0.41760146952155336,15.764396133188413,3.81703110389728,100,21
Sao Tome and Principe,STP,2003,-0.6770222636434641,-0.09153061916490066,-0.9869226027917685,-0.15371666277275856,-0.07772983262294227,-0.2752656779754771,0.6643733590890938,-0.9331122858101749,0.60890624023874,0.5431056263060834,0.885245806966087,0.34666423315609096,0.612730700621032,0.13963394470873283,0.12955447154404823,11.943505860556789,3.749579038058071,101,0
Sao Tome and Principe,STP,2004,-0.6708839276164916,-0.09153061916490066,-0.8587967012929331,-0.15371666277275856,-0.12423937520075874,-0.27524214817378245,0.6852992872312659,-0.9331122858101749,0.30867663377854443,0.5851469943433368,0.926034094616335,-0.05755881194593377,0.7770100451268039,0.18592696385685006,0.12955447154404823,11.968487819151903,3.743085861998659,101,1
Sao Tome and Principe,STP,2005,-0.6455444286971093,-0.09153061916490066,-0.7382750245708803,-0.15371666277275856,1.300053408429312,-0.2752183583408689,0.3824590758555484,-0.9331122858101749,0.0023200212374607228,0.5431056263060834,1.1544484193128908,0.09810496179092285,0.612730700621032,0.13963394470873283,0.12955447154404823,11.99312691919241,3.9249838572812252,101,2
Sao Tome and Principe,STP,2007,-0.5965579384695849,-0.09153061916490066,-0.61250895482649,-0.15371666277275856,3.4433488700961186,-0.2751696115581754,0.47665388198881814,-0.9331122858101749,-0.30097308826317887,-0.646062323697703,0.4814418884458814,-0.5765573663766046,0.27390421375139,0.7943483040401405,0.12955447154404823,12.04179334395687,4.148344216676408,101,3
Sao Tome and Principe,STP,2008,-0.5702941997263878,-0.09153061916490066,-0.7161028878478063,-0.15371666277275856,6.475899608233688,-0.2751448602144755,0.5431199416746778,-0.9331122858101749,0.0023200212374607228,-0.051478348695809785,0.6160431946192833,-0.4700314530402132,0.4772001058731751,0.7943483040401405,0.12955447154404823,12.06562596877793,4.397721100265938,101,4
Sao Tome and Principe,STP,2009,-0.5633923204450662,-0.09153061916490066,-0.5132945854108256,-0.15371666277275856,0.6651176306163198,-0.2751203084296181,0.5586421920507196,-0.8767618779620597,0.0023200212374607228,-0.051478348695809785,0.6160431946192833,-0.4700314530402132,-0.20045286786610875,0.7943483040401405,0.12955447154404823,12.088718267986772,3.8479505495104394,101,5
Sao Tome and Principe,STP,2010,-0.5689642438638359,-0.09153061916490066,-0.4746880640502254,-0.15371666277275856,3.861330877829326,-0.27509642788813976,0.5477850624989435,-1.0102359818598432,0.0023200212374607228,-0.051478348695809785,0.07763796992567584,-0.4700314530402132,-0.20045286786610875,0.7943483040401405,0.12955447154404823,12.110678962239529,4.186639018116116,101,6
Sao Tome and Principe,STP,2011,-0.5698004383698585,-0.09153061916490066,-0.5269217984374344,-0.15371666277275856,1.7596784733899808,-0.27507316416490174,0.5446400715924541,-1.2350634593589624,0.0023200212374607228,-0.051478348695809785,-0.1915646424211279,-0.4700314530402132,-0.20045286786610875,0.7943483040401405,0.12955447154404823,12.131618459605226,3.977263243044315,101,7
Sao Tome and Principe,STP,2012,-0.5633386752999149,-0.09153061916490066,-0.25515875885328304,-0.15371666277275856,1.0416578475446694,-0.2750502451342097,0.5553557266531018,-1.2088332431258633,0.0023200212374607228,-0.051478348695809785,-0.1915646424211279,-0.4700314530402132,-0.20045286786610875,0.7943483040401405,0.12955447154404823,12.151827630677777,3.8943466337718924,101,8
Sao Tome and Principe,STP,2013,-0.5404555419239934,-0.09153061916490066,-0.002799655601411386,-0.15371666277275856,0.12920466378134698,-0.2750278159297673,0.5869990368983169,-1.122165748311531,0.0023200212374607228,-0.051478348695809785,0.07763796992567584,-0.2569802229106366,-0.20045286786610875,0.7943483040401405,0.12955447154404823,12.171217190757702,3.7779686516836466,101,9
Sao Tome and Principe,STP,2014,-0.5178087007363517,-0.09153061916490066,0.39486225990632845,-0.15371666277275856,0.887122492822131,-0.2750059309767134,0.6267395881320367,-1.166033633586947,0.0023200212374607228,-0.051478348695809785,0.07763796992567584,-0.2569802229106366,-0.20045286786610875,0.7943483040401405,0.12955447154404823,12.189780648753196,3.8755649732644493,101,10
Sao Tome and Principe,STP,2015,-0.519742432440017,-0.09153061916490066,0.689004315350142,-0.15371666277275856,1.1750126199394892,-0.2749846205112361,0.6101998983910067,-1.2606048909068608,0.0023200212374607228,-0.051478348695809785,0.07763796992567584,-0.2569802229106366,-0.20045286786610875,0.7943483040401405,0.12955447154404823,12.207531580766418,3.91027529357446,101,11
Sao Tome and Principe,STP,2016,-0.4929974764962315,-0.09153061916490066,0.7425554704515149,-0.15371666277275856,0.7088385408276987,-0.2749640719977028,0.6412684462672638,-1.3728984457467583,0.0023200212374607228,-0.051478348695809785,0.07763796992567584,-0.2569802229106366,-0.20045286786610875,0.7943483040401405,0.12955447154404823,12.224354509208187,3.8534494804252097,101,12
Sao Tome and Principe,STP,2017,-0.47309410301056387,-0.09153061916490066,0.9803672529336873,-0.15371666277275856,1.1553364850155097,-0.27494423101097437,0.6596931861876044,-1.47727940631793,0.60890624023874,-0.051478348695809785,0.07763796992567584,-0.4700314530402132,-0.20045286786610875,0.7943483040401405,0.12955447154404823,12.2403339658147,3.9079409596121204,101,13
Sao Tome and Principe,STP,2018,-0.4500666386786085,-0.09153061916490066,0.9803672529336873,-0.15371666277275856,0.4033573541045868,-0.2749247770474556,0.6746745235265174,-1.5343804413930873,0.60890624023874,-0.051478348695809785,0.07763796992567584,-0.4700314530402132,-0.20045286786610875,0.7943483040401405,0.12955447154404823,12.255757647308222,3.814380130250932,101,14
Sao Tome and Principe,STP,2019,-0.44596281679364574,-0.09153061916490066,0.9803672529336873,-0.15371666277275856,0.3495811218148833,-0.2749053956507886,0.6684905488441647,-1.6060976155660471,0.60890624023874,-0.051478348695809785,0.34684058227247955,-0.4700314530402132,-0.20045286786610875,0.7943483040401405,0.12955447154404823,12.270890815062488,3.807341615744699,101,15
Suriname,SUR,1996,1.1263498136533143,1.8728152367709192,0.20389526596546262,0.7028991571072256,-0.2659314007240004,-0.27354211848953586,0.946920840068511,-0.047707224277227546,1.2154924592400194,-0.051478348695809785,1.2305866711198021,-0.21824368984555087,0.612730700621032,0.7943483040401405,-0.15849252643345632,12.991869652107505,3.7230403658325963,102,0
Suriname,SUR,1997,1.2118247862907587,1.8728152367709192,0.20389526596546262,0.7028991571072256,-0.8087311233342848,-0.2734862601553664,0.7508945133284262,0.027657885415429975,1.2154924592400194,0.5431056263060834,1.1653252816621507,0.052912339881655036,0.612730700621032,1.0125863365220285,0.2015662210384248,13.012700285593121,3.6423009700506594,102,1
Suriname,SUR,1998,1.2171351816389075,1.8728152367709192,0.20389526596546262,0.7028991571072256,-0.5023280593903648,-0.27342978500295667,0.15223286283832946,-0.4721113200822098,1.2154924592400194,1.1376896013079765,1.1000638922044996,0.3240683696088616,0.612730700621032,1.230824369003916,0.7056484674990585,13.033328864345275,3.6886755769414483,102,2
Suriname,SUR,1999,1.1313022627186786,1.8728152367709192,0.20389526596546262,0.7028991571072256,-1.8140294838280997,-0.2733722757729089,-0.3602260102013728,-0.411508783905467,1.2154924592400194,1.1376896013079765,0.9042801545557247,0.052912339881655036,0.612730700621032,1.449062663371548,0.7056484674990585,13.053906790662433,3.47301002845784,102,3
Suriname,SUR,2000,1.1317015136407842,1.8728152367709192,0.20389526596546262,0.7028991571072256,-2.3749576539889583,-0.27331345429229115,-0.1908592726324557,-0.16165513452327113,1.2154924592400194,1.1376896013079765,0.7084964169069503,-0.21824368984555087,0.612730700621032,1.6673009577391795,0.7056484674990585,13.074525159989774,3.3643929867745337,102,4
Suriname,SUR,2001,1.1822146626004593,1.8728152367709192,0.20389526596546262,0.7028991571072256,-1.183951016337742,-0.27325348383652,0.05067715279223207,-0.17182608165928487,0.8111015656943373,1.1376896013079765,0.9042801545557247,-0.1044551612508108,0.5159230942209638,1.6673009577391795,0.6096328015065564,13.095117558154065,3.5824155519443277,102,5
Suriname,SUR,2002,1.200383258151313,1.8728152367709192,0.2552847621125704,0.7028991571072256,-1.7787255545252736,-0.27319306588516273,0.27241427938331453,0.1521589229170934,0.40671067214865514,1.1376896013079765,1.1000638922044996,0.009333367343929604,0.41911548782089625,1.6673009577391795,0.12955447154404823,13.115443490115156,3.4794671422317918,102,6
Suriname,SUR,2003,1.3061943561899834,1.8728152367709192,0.2552847621125704,0.7028991571072256,-1.6506020581153908,-0.2731334219802246,0.5758090405328684,-0.0028960862849657337,0.40671067214865514,1.1376896013079765,1.1653254970242406,0.009333367343929604,0.41911548782089625,1.6673009577391795,0.12955447154404823,13.135111770226496,3.5025568939237566,102,7
Suriname,SUR,2004,1.4864909716173293,1.8728152367709192,0.2552847621125704,0.7028991571072256,-1.0657638776527603,-0.2730880132727137,0.8651703114846025,0.348961721433244,0.40671067214865514,1.1376896013079765,1.1000638922044996,0.009333367343929604,0.806345913421167,1.6673009577391795,0.12955447154404823,13.149830673582768,3.6016680444646547,102,8
Suriname,SUR,2005,1.5817029861213856,1.8728152367709192,0.18154540942297992,0.7028991571072256,-0.37686306392060326,-0.2730554186617823,0.8948324569849837,0.5831045428306912,0.40671067214865514,1.1376896013079765,0.7737580217266917,0.8082753311940414,0.806345913421167,1.8855387283353235,0.12955447154404823,13.160263988837393,3.7070612693959895,102,9
Suriname,SUR,2006,1.7157067563038644,1.8728152367709192,0.2342947523997766,0.7028991571072256,-1.692712895978236,-0.2730210461629819,0.9406851279726088,0.8442553088801712,0.9078392079971982,0.18107010326795073,0.699794927027542,-0.20985987163200315,0.34063731011571863,1.590480964987132,0.12955447154404823,13.171149732042695,3.4950265588694664,102,10
Suriname,SUR,2007,1.8339732681754244,2.3919757550875187,0.2506071101317504,0.7959462412797483,-2.061180274528909,-0.2729846478395689,0.9592762318129612,0.8512670456359985,0.7063050615203126,0.14392477751445237,1.0243990062711383,0.011711188562031787,0.4274533300097843,1.590480964987132,0.12955447154404823,13.182549314777518,3.4265992018608253,102,11
Suriname,SUR,2008,1.9260212699115349,2.7754741621673067,0.2722441526551755,1.021831338456398,-1.7482095045534136,-0.2729469795962495,1.0114240145749351,1.1010488691532998,0.7708589374843792,0.5543242367464191,1.3063062590239922,0.08074018561487617,0.5312421173453141,1.6219072542350392,0.12955447154404823,13.194211369153635,3.485015149609566,102,12
Suriname,SUR,2009,1.9846092012669332,2.971259968381388,0.18760253203936383,0.40574733189949186,-1.0483067028258986,-0.272908742912591,0.9775504835209814,0.6204141984597208,0.0023200212374607228,-0.051478348695809785,0.6160431946192833,0.3821728709348875,0.7482612953688889,1.0702014620289357,0.12955447154404823,13.20591193240711,3.60448063103761,102,13
Suriname,SUR,2010,2.1145148200270625,1.813928547204623,0.2632292436609635,0.49392068198850114,-1.6304858842569796,-0.27287031271732776,0.9975678473674545,0.69347952201055,0.0023200212374607228,-0.051478348695809785,0.6160431946192833,0.3821728709348875,0.7482612953688889,1.0824226221459594,0.12955447154404823,13.217535365842485,3.506134187656503,102,14
Suriname,SUR,2011,2.2730684689640857,1.813928547204623,0.17533122964490352,0.49392068198850114,-0.08536327087759904,-0.2728319369472033,1.0534579222387908,0.6883895894401234,0.0023200212374607228,-0.051478348695809785,0.6160431946192833,0.3821728709348875,0.7482612953688889,1.0824226221459594,0.12955447154404823,13.229009066872399,3.748516225048965,102,15
Suriname,SUR,2012,2.327712929634487,1.813928547204623,0.18455584391955782,0.49392068198850114,-0.06557002337434421,-0.2727934523268012,1.0307529573922931,0.7011112576162849,0.0023200212374607228,-0.051478348695809785,0.6160431946192833,0.3821728709348875,0.7482612953688889,1.0824226221459594,0.12955447154404823,13.240384606912526,3.7512697338771415,102,16
Suriname,SUR,2013,2.3922379965616685,1.813928547204623,0.18567176103457822,0.49392068198850114,-0.02718352896305321,-0.2727548286199331,1.0350040093275494,0.45084616069837846,0.0023200212374607228,-0.051478348695809785,0.6160431946192833,0.3821728709348875,0.7482612953688889,1.1033734816445644,0.12955447154404823,13.251672619281557,3.7565883012719086,102,17
Suriname,SUR,2014,2.3607890169925447,1.813928547204623,0.14209934848002928,0.49392068198850114,-0.8333482666949115,-0.27271641051914514,1.0395588288583866,0.28396116593208204,0.0023200212374607228,-0.051478348695809785,0.6160431946192833,0.3821728709348875,0.7482612953688889,1.1033734816445644,0.12955447154404823,13.262775543121073,3.638480091310959,102,18
Suriname,SUR,2015,2.197769650363842,1.813928547204623,0.24540624879146136,0.49392068198850114,-0.03506848900113308,-0.2726785910948845,1.0414389230514824,0.03544267407319062,0.0023200212374607228,-0.051478348695809785,0.6160431946192833,0.3821728709348875,0.7482612953688889,1.1033734816445644,0.12955447154404823,13.273586347096252,3.755498121753812,102,19
Suriname,SUR,2016,1.9912092425790597,1.813928547204623,0.2986241243388553,0.49392068198850114,0.5398589722269058,-0.2726415215280924,1.063594216244836,-0.006528375311401067,0.0023200212374607228,-0.051478348695809785,0.6160431946192833,0.3821728709348875,0.7482612953688889,1.1033734816445644,0.12955447154404823,13.284070577538948,3.8320268250612486,102,20
Suriname,SUR,2017,2.0092239028925998,1.813928547204623,0.2986241243388553,0.49392068198850114,-0.1885711093087732,-0.2726055041806513,1.073950267445632,0.9516148327414348,0.0023200212374607228,-0.051478348695809785,0.6160431946192833,0.16912164080531122,0.7482612953688889,1.1016277512768433,0.24957405403467528,13.294153000913871,3.734034475538515,102,21
Eswatini,SWZ,1996,-0.43177790425581136,-0.7504205271638663,-0.6016153932366771,0.3269553882799457,-0.41175160841959524,-0.2702100240249867,1.1017211580744548,0.7919130417813555,1.2154924592400194,1.1376896013079765,0.6160431946192833,-0.15045490611745102,-0.4037487599878938,-0.8424375942883786,0.12955447154404823,13.805300613414387,3.701982525063375,103,0
Eswatini,SWZ,1997,-0.4197556562320796,-0.7504205271638663,-0.6016153932366771,0.3269553882799457,-0.791651688964806,-0.2701084667158991,1.1016739394189237,0.899696896972194,1.2154924592400194,1.1376896013079765,0.6160431946192833,-0.15045490611745102,-0.4037487599878938,-0.8424375942883786,0.12955447154404823,13.82212463664276,3.644943352903341,103,1
Eswatini,SWZ,1998,-0.40834839559132685,-0.7504205271638663,-0.6537793387367913,0.3269553882799457,0.9966008349895631,-0.2700297437761765,1.0927108531013399,0.9016227000444346,1.2154924592400194,1.1376896013079765,0.6160431946192833,-0.15045490611745102,-0.4037487599878938,-0.8424375942883786,0.12955447154404823,13.834973912027523,3.8889069054549017,103,2
Eswatini,SWZ,1999,-0.391924842602359,-0.7504205271638663,-0.6709880345315024,0.3269553882799457,0.4325554669241252,-0.26996244406837394,1.0819187400719483,0.8241406785656014,1.2154924592400194,1.1376896013079765,0.6160431946192833,-0.15045490611745102,-0.4037487599878938,-0.8424375942883786,0.12955447154404823,13.845829265579338,3.818181081472207,103,3
Eswatini,SWZ,2000,-0.3853660400558461,-0.7504205271638663,-0.7273723420572076,0.3269553882799457,0.2623102023288814,-0.2698981498376833,1.0600868424649403,1.1450651391452724,1.2154924592400194,1.1376896013079765,0.6160431946192833,-0.15045490611745102,-0.4037487599878938,-0.8424375942883786,0.12955447154404823,13.856090923294548,3.7958126443872375,103,4
Eswatini,SWZ,2001,-0.38095944791303166,-0.7504205271638663,-0.7102227940717518,0.3269553882799457,-0.31086853264642494,-0.2698397939943646,1.0400614437804987,1.1387794187822693,1.2154924592400194,1.1376896013079765,0.6160431946192833,0.09810466351932012,-0.4037487599878938,-0.8424375942883786,0.12955447154404823,13.865314493807796,3.716598153942541,103,5
Eswatini,SWZ,2002,-0.350906322694482,-0.7504205271638663,-0.6754103006443068,0.3269553882799457,0.48650795188935353,-0.2697891362845738,1.0452779109900947,1.1458026843782825,1.2154924592400194,1.1376896013079765,0.6160431946192833,0.34666423315609096,-0.4037487599878938,-0.8424375942883786,0.12955447154404823,13.873252912388839,3.8251667193133785,103,6
Eswatini,SWZ,2003,-0.3145342740607035,-0.7504205271638663,-0.6851608446397789,0.3269553882799457,-1.114241127980283,-0.26974523938647527,1.0459854059008165,1.047811561341344,1.2154924592400194,0.5431056263060834,0.6160431946192833,0.34666423315609096,-0.06492227311825187,-0.8424375942883786,0.12955447154404823,13.880081266083838,3.5938159639040554,103,7
Eswatini,SWZ,2004,-0.2849971784235301,-0.7504205271638663,-0.5447100874845577,0.3269553882799457,-0.20677349616845553,-0.26970618027849647,1.0537579854688168,1.1848153190614532,1.2400009688325468,0.5851469943433368,0.7084964169069503,0.42449641829612195,0.17465190648326062,-0.42249437632643944,0.12955447154404823,13.886118125128228,3.731458484157931,103,8
Eswatini,SWZ,2005,-0.22995335639448827,-0.7504205271638663,-0.4665756932579184,0.3269553882799457,-0.8910619941852187,-0.2696707253241568,1.0708216642481037,1.1801700969108018,1.2154924592400194,0.5431056263060834,0.6160431946192833,0.34666423315609096,-0.06492227311825187,-0.5150804146226747,0.12955447154404823,13.891566560046453,3.62946456869391,103,9
Eswatini,SWZ,2006,-0.1635762424209133,-0.7504205271638663,-0.3218117064887374,0.3269553882799457,-0.004405995196921704,-0.2696379855795218,1.0885915227352732,1.161794331684645,1.2154924592400194,-0.051478348695809785,0.07763796992567584,0.3821728709348875,0.2061389163774616,-0.0035300872745725135,0.12955447154404823,13.896571516275396,3.7597308783055303,103,10
Eswatini,SWZ,2007,-0.12127601897582725,-0.7504205271638663,-0.18157363269437868,0.3269553882799457,-0.4538965337438782,-0.2696000754466964,1.0965010757944915,1.1930581117566825,1.2154924592400194,-0.051478348695809785,0.07763796992567584,0.3821728709348875,0.2061389163774616,-0.0035300872745725135,0.12955447154404823,13.902335750956071,3.6958128665713468,103,11
Eswatini,SWZ,2008,-0.11232897105041448,-0.7504205271638663,-0.18157363269437868,0.3269553882799457,-0.08840965880110968,-0.2695554105494164,1.0769354514834655,1.1013254839833568,1.2154924592400194,-0.051478348695809785,0.07763796992567584,0.3821728709348875,0.2061389163774616,0.01567451808482332,0.12955447154404823,13.909084686248274,3.748091757155678,103,12
Eswatini,SWZ,2009,-0.10299658356309972,-0.7504205271638663,-0.13806088347325474,0.3269553882799457,-0.3256997515032568,-0.2695127049571348,1.0616649794396382,1.1455440954738687,1.2154924592400194,-0.051478348695809785,0.07763796992567584,0.3821728709348875,0.2061389163774616,0.01567451808482332,0.12955447154404823,13.915495249739216,3.714462800540134,103,13
Eswatini,SWZ,2010,-0.06444120068179801,-0.7504205271638663,0.04404361278591994,0.3269553882799457,-0.11485222407803394,-0.26947341605412534,1.0590603720471037,0.9882237720378024,0.60890624023874,-0.051478348695809785,0.07763796992567584,0.3821728709348875,0.07060832162960441,-0.44524439088448714,0.12955447154404823,13.921356855610922,3.7443997982937245,103,14
Eswatini,SWZ,2011,-0.04865414469095567,-0.7504205271638663,0.13959772781834015,0.3269553882799457,-0.28747157069507956,-0.2694360259837378,1.0438585367002653,0.9188147308864842,0.60890624023874,-0.051478348695809785,-0.999172479461539,0.3821728709348875,0.07060832162960441,-0.382391812388672,0.12955447154404823,13.926903442245472,3.7199575336822726,103,15
Eswatini,SWZ,2012,-0.004412616004196095,-0.7504205271638663,0.21084181685378175,0.3269553882799457,-0.5465340558926364,-0.2693995611407106,1.0537426523075584,0.9058207603708223,0.60890624023874,-0.051478348695809785,-0.999172479461539,0.3821728709348875,0.07060832162960441,-0.3928672421379745,0.12955447154404823,13.932283305673833,3.6821162287385123,103,16
Eswatini,SWZ,2013,0.04136784014714511,-0.7504205271638663,0.26902833601627046,0.3269553882799457,-0.3310117439533427,-0.26936250971563147,1.0423150574308053,0.8097177965885125,0.60890624023874,-0.051478348695809785,-0.7299698671147353,0.3821728709348875,0.07060832162960441,-0.3928672421379745,0.12955447154404823,13.937720226055037,3.7136968857763106,103,17
Eswatini,SWZ,2014,0.06138268968866262,-0.7752918358889009,0.37398418880451656,0.5130190852009774,-0.5391024183369681,-0.2693243576933001,1.0046876155441433,0.7762454085343833,0.60890624023874,-0.051478348695809785,-0.7299698671147353,0.3821728709348875,0.07060832162960441,-0.4120718474973709,0.12955447154404823,13.9432879279061,3.6832219585441672,103,18
Eswatini,SWZ,2015,0.07670611238436414,-0.9084942898267356,0.4675242380141874,0.4156479922107378,-0.5045678147654737,-0.26928496598725055,0.9540839273891426,0.8428240692320935,0.60890624023874,-0.051478348695809785,-0.46076725476793157,0.5952241010644648,0.34166951112531785,-0.4120718474973709,0.12955447154404823,13.949004199876248,3.688344271580934,103,19
Eswatini,SWZ,2016,0.1090833201827222,-0.5847039598299801,0.6753473374026004,0.4474405460408459,-0.5188649708855889,-0.269244485778424,0.9129213771027239,0.913993346597092,0.60890624023874,-0.051478348695809785,-0.46076725476793157,0.5952241010644648,0.34166951112531785,-0.42254727724667346,0.12955447154404823,13.954844582708786,3.6862268409468646,103,20
Eswatini,SWZ,2017,0.1477885844743981,-0.7757723535010652,0.6753473374026004,0.3755749586254606,-0.8592355207749351,-0.26919194737772423,0.7243602895618635,0.6719126844442472,0.60890624023874,-0.051478348695809785,-0.46076725476793157,0.5952241010644648,0.34166951112531785,-0.42254727724667346,0.12955447154404823,13.962374180132912,3.6344462650988243,103,21
Syrian Arab Republic,SYR,1996,-0.1097699031336247,0.12322163018593134,-0.757142070157897,-0.11639395276481077,-0.5317089037071033,-0.1853777838527572,1.6991508318139845,-0.1071319659422452,-1.2108524167650978,-1.240646298699596,-0.46076725476793157,-0.4700314530402132,-0.4715140573618222,-1.1697947739540824,2.4339304553640884,16.524767031227594,3.6843208042491944,104,0
Syrian Arab Republic,SYR,1997,-0.0823319971159888,-0.210845628178635,-0.7588820936774701,-0.22342918723673239,-0.5475832241944021,-0.18296228734047232,1.6004242697997932,0.14476613654536902,-1.2108524167650978,-1.240646298699596,-0.46076725476793157,-0.7896082982345785,-0.4715140573618222,-1.1697947739540824,2.073871707892207,16.551016574882325,3.68196002777695,104,1
Syrian Arab Republic,SYR,1998,-0.03277100325846957,-0.2473070622186729,-0.731498316340454,-0.36256262311698956,-0.5496258587926812,-0.18052603066133632,1.5191883931027719,-0.031039591719552687,-1.2108524167650978,-1.240646298699596,-0.46076725476793157,-1.1091851434289437,-0.4715140573618222,-1.1697947739540824,1.569789461431574,16.576811689367183,3.6816558488000055,104,2
Syrian Arab Republic,SYR,1999,-0.10857750959905405,-0.4639978599487063,-0.7291587993709668,-0.27894685971861966,-0.36071005530621086,-0.17806088632794814,1.4344392492303966,0.26040280936411964,-1.2108524167650978,-1.240646298699596,-0.46076725476793157,-1.1091851434289437,-0.4715140573618222,-1.1697947739540824,1.569789461431574,16.602252523858237,3.709403964371428,104,3
Syrian Arab Republic,SYR,2000,-0.1300958562688729,-0.6472801742467126,-0.712593128708215,-0.2506285383331246,-0.39977151252275694,-0.17558256506372147,1.1359993723972874,0.5394687558377332,-1.2108524167650978,-1.240646298699596,-0.46076725476793157,-1.1091851434289437,-0.4715140573618222,-1.1697947739540824,0.8976797994840615,16.62719312232878,3.703729383512705,104,4
Syrian Arab Republic,SYR,2001,-0.14652528830215172,-0.2723554849032365,-0.6717606873389023,-0.19022269766762812,-0.5489302089860137,-0.17308233465749026,1.0844982642396763,0.27368774263708284,-0.9075593072644581,-1.240646298699596,-0.05696333624772602,-1.002659528364155,-0.2682181652400369,-0.8424375942883786,0.41760146952155336,16.65173929233453,3.6817594518965167,104,5
Syrian Arab Republic,SYR,2002,-0.12951296520171465,-0.27521767080338555,-0.6233529041183519,-0.06622471110395436,-0.5467625307880597,-0.17056067284102883,1.0840377885290091,0.19215807660213535,-0.6042661977638185,-1.240646298699596,0.34684058227247955,-0.8961339132993669,-0.06492227311825187,-0.5150804146226747,0.41760146952155336,16.675900256836155,3.682082215303218,104,6
Syrian Arab Republic,SYR,2003,-0.07465534663568653,0.0794608298716131,-0.10910402316242847,-0.35902071267737784,-0.5169010633496172,-0.16801500349109846,1.0692056546766207,0.11873095579184952,-1.2108524167650978,-1.240646298699596,0.34684058227247955,-1.1091851434289437,-0.20045286786610875,-1.1697947739540824,0.41760146952155336,16.699713159016888,3.6865179644216206,104,7
Syrian Arab Republic,SYR,2004,-0.021990369369414113,-0.11189441512782403,-0.006061215055420182,0.12140650857082073,-0.4554958730356643,-0.1653083869111237,1.193702485892176,0.2653290560178787,-1.2108524167650978,-1.240646298699596,0.07763796992567584,-1.1091851434289437,-0.20045286786610875,-1.1697947739540824,0.41760146952155336,16.72442467222453,3.6955779855863957,104,8
Syrian Arab Republic,SYR,2005,0.023051681706938533,0.05188924535986386,0.10374448170041112,0.17992541599211614,-0.34790221330505755,-0.16242254834892747,1.313197696612636,0.36213154660241714,-1.2108524167650978,-1.240646298699596,-0.1915646424211279,-1.1091851434289437,-0.06492227311825187,-0.5150804146226747,0.41760146952155336,16.750116721477628,3.711257611641177,104,9
Syrian Arab Republic,SYR,2006,0.03158033512326216,-0.1297795285736049,0.14892649818330322,0.00803529334377363,-0.31071892901980974,-0.15744608902269636,1.4307519204554862,0.6778815726180257,-0.6042661977638185,-0.051478348695809785,0.07763796992567584,-0.8961339132993669,-0.33598346261396533,-0.9759993235919857,0.41760146952155336,16.79292727099002,3.7166196702015464,104,10
Syrian Arab Republic,SYR,2007,0.02310615383916156,-0.2663480139197512,0.1698990952232763,0.07107933394193851,-0.12191499998756286,-0.1499045608081549,1.538681523305422,0.6009192847033235,-0.6042661977638185,-0.051478348695809785,0.07763796992567584,-0.7896085965061812,-0.33598346261396533,-0.9759993235919857,0.41760146952155336,16.854499906821328,3.743411369798171,104,11
Syrian Arab Republic,SYR,2008,0.03427527815095555,-0.7151149870678823,0.18508570983791245,0.00869450622643831,-0.1693578066669914,-0.14535438335832007,2.0706764199379606,0.6147679503394639,-1.2108524167650978,-0.051478348695809785,0.07763796992567584,-0.6830826831697902,-0.20045286786610875,-1.0074256128398933,0.7056484674990585,16.88989526551676,3.736746351553882,104,12
Syrian Arab Republic,SYR,2009,0.09132287517870276,-0.5671014747819613,0.22913949567877429,-0.4055083473130333,0.16202563840796239,-0.14329587342620462,2.155288896787556,0.03855112036698191,-1.2108524167650978,-0.051478348695809785,0.07763796992567584,0.16912164080531122,0.07060832162960441,-0.5709495478761174,0.8496719664878116,16.90550564484394,3.7823982636722917,104,13
Syrian Arab Republic,SYR,2010,0.13069045734317145,-0.2585108857066608,0.26989979883212345,-0.28759505242897576,-0.23620923881822722,-0.140239285061734,2.009706339225785,0.2988544198176277,-1.2108524167650978,-0.051478348695809785,0.07763796992567584,0.16912164080531122,0.07060832162960441,-0.5482524342383042,0.8496719664878116,16.928244317399727,3.727278661336055,104,14
Syrian Arab Republic,SYR,2011,0.14602953800217788,-0.11629570963823108,0.32307644327206986,-0.6736685518040407,-0.4395237536361116,-0.1378465322102493,1.8610795111064915,0.5739187204080886,-1.2108524167650978,-0.051478348695809785,-1.8067803165019503,0.16912164080531122,-0.33598346261396533,-1.0405976324555226,0.6576406345028081,16.945690635359732,3.6979211992096306,104,15
Syrian Arab Republic,SYR,2012,-0.2296263272962341,-1.189289915680925,0.353397434482881,-1.1181235042639475,-0.3378664962271694,-0.1385621320775159,1.5511100198382246,-0.1484861412793249,-1.2108524167650978,-0.051478348695809785,-2.0759829288487537,-1.1091851434289437,-1.4202282205968195,-1.539926799686601,0.36959363652530175,16.940504798100104,3.7127076589771093,104,16
Syrian Arab Republic,SYR,2013,-0.4716283147329478,-0.9868663452046829,-0.5724086748904755,-0.8473873570508543,-0.3378664962271694,-0.14517083155394148,1.3275354615985928,-0.30280972698667913,-1.2108524167650978,-1.240646298699596,-2.0759829288487537,-1.1091851434289437,-1.962350599588247,-1.4997708110571117,0.2735779705328008,16.89129713912452,3.7127076589771093,104,17
Syrian Arab Republic,SYR,2014,-0.5060296305460438,-1.7415974330471622,-0.5724086748904755,-0.5701962920449032,-0.3378664962271694,-0.15359619378716166,1.2367536200883795,-0.6104565323230726,-1.2108524167650978,-1.240646298699596,-2.0759829288487537,-1.1091851434289437,-1.962350599588247,-1.5207216705557174,0.24957405403467528,16.824833064536254,3.7127076589771093,104,18
Syrian Arab Republic,SYR,2015,-0.5059623149844444,-1.167994309023205,-0.5724086748904755,-0.6623562730387877,-0.3378664962271694,-0.15873054648842408,1.1976493270808724,-0.9435170227118878,-1.2108524167650978,-1.240646298699596,-2.0759829288487537,-0.6830826831697902,-1.962350599588247,-1.5748445496699508,-0.014469027444704338,16.782051840126016,3.7127076589771093,104,19
Syrian Arab Republic,SYR,2016,-0.5479551968209617,-1.78477375025104,-0.5724086748904755,-0.19765171605589,-0.3378664962271694,-0.16012615218215165,1.1175720286596567,-0.8815079047025741,-1.2108524167650978,-1.240646298699596,-2.0759829288487537,-1.1091851434289437,-2.0978811943361033,-1.5748445496699508,-0.014469027444704338,16.770099691686376,3.7127076589771093,104,20
Chad,TCD,1996,-1.067868535814468,-0.9251641744569532,-1.9916271910585661,-0.7921537247472393,-0.22569678039118046,-0.23138514370203866,-2.074271562446468,-1.1967615762481185,0.0023200212374607228,0.5431056263060834,-0.1915646424211279,-0.647574045390993,-0.06492227311825187,-0.5150804146226747,0.12955447154404823,15.818355707015632,3.7287734179967296,105,0
Chad,TCD,1997,-1.0630409869419641,-0.7594324382750475,-1.9797815984921552,-0.7137717668256808,-0.15601624498088512,-0.2298113017258265,-2.0529483238235864,-1.0952639897148249,0.0023200212374607228,0.5431056263060834,-0.1915646424211279,-0.647574045390993,-0.06492227311825187,-0.5150804146226747,0.12955447154404823,15.852875020960132,3.738625139193007,105,1
Chad,TCD,1998,-1.0550974563653774,-1.0245773617548994,-1.947506069306346,-0.7501379424002382,-0.4305878400495206,-0.22818777564508513,-2.030459590780324,-1.1613901376236049,0.0023200212374607228,0.5431056263060834,-0.1915646424211279,-0.647574045390993,-0.06492227311825187,-0.5150804146226747,0.12955447154404823,15.887277852795394,3.6992297644821033,105,2
Chad,TCD,1999,-1.0652179114800837,-0.6815758148557836,-1.926127660252614,-0.679126634346856,-0.37064347625246186,-0.22647117652967863,-2.013867787716589,-1.2161108225615536,0.0023200212374607228,0.5431056263060834,-0.32616594859452974,-0.647574045390993,-0.06492227311825187,-0.5150804146226747,0.12955447154404823,15.922409909939185,3.7079639553685997,105,3
Chad,TCD,2000,-1.0752480248273246,-0.19994643828403738,-1.8989453033174566,-0.6482935696522802,0.7615730147986595,-0.2247211785207333,-1.9988251373358388,-1.3243892696647594,0.0023200212374607228,0.5431056263060834,-0.46076725476793157,-0.647574045390993,-0.06492227311825187,-0.5150804146226747,0.12955447154404823,15.95699853373567,3.860042096749983,105,4
Chad,TCD,2001,-1.0572709357702912,1.6975245167220088,-1.83775319790119,-0.27855530415320406,3.9037520599642526,-0.22295519766268007,-1.9646443244619551,-1.1438412796073727,0.0023200212374607228,0.5431056263060834,-0.7299698671147353,-0.647574045390993,-0.06492227311825187,-0.5150804146226747,0.12955447154404823,15.990730919619473,4.190444846843056,105,5
Chad,TCD,2002,-1.045615387194915,4.5057872897710505,-1.809372095908878,1.5201218684820805,7.183033405179131,-0.22106804830384164,-1.9340749087631866,-1.0459555534772516,0.0023200212374607228,0.5431056263060834,-0.999172479461539,-0.647574045390993,-0.06492227311825187,-0.5150804146226747,0.12955447154404823,16.025562840690075,4.44790676920676,105,6
Chad,TCD,2003,-1.0194692907521492,3.156237875528477,-1.758917390810318,0.27404845683276763,3.752162772845351,-0.21882064685650296,-1.8954615613812473,0.26882693995713364,-0.3008522562883539,-0.8065058148465738,-0.18079653792725572,-0.46426645949988854,-0.7328137913014161,-0.4484697757042974,0.12955447154404823,16.065520904282444,4.176777846917711,105,7
Chad,TCD,2004,-0.9411141348730733,0.01832024634420499,-1.7448518206552799,0.8073013513074183,1.1435790960534613,-0.21620701260262862,-1.8479691717798772,1.0202008507739044,-0.08220121724920232,-0.696644771619064,0.7698733203494824,-0.11526899821296278,-0.8381286531338066,0.12491177573906305,0.12955447154404823,16.110067209092808,3.906543483161359,105,8
Chad,TCD,2005,-0.8953886154748235,-0.058035649384696374,-1.7334659710198306,0.1058222894902565,-0.8348729590835859,-0.2137394009962794,-1.8031188925952768,1.0922628411298516,-0.054028441624931735,-0.5760997678615402,0.5669350387128892,-0.3771932235596533,-0.7892991483356698,-0.21716443026738566,0.12955447154404823,16.150378216115634,3.638242959792989,105,9
Chad,TCD,2006,-0.9118557165746699,-0.057094092531883925,-1.7212323936999274,0.09144198169168036,-1.1256292481569086,-0.21145153748182718,-1.7734894357682613,1.0502234558624441,-0.6042661977638185,-1.240646298699596,-0.999172479461539,-0.6830826831697902,-0.878105841605393,-1.0999587502158947,0.12955447154404823,16.186354586513506,3.591962400624193,105,10
Chad,TCD,2007,-0.9092395716099375,-0.04479702233203463,-1.6335190601323697,0.03415527738470004,-1.141346678283351,-0.20918239621513815,-1.73969341867566,1.1804388225547087,-0.6042661977638185,-1.240646298699596,-1.1337737856349408,-0.7896085965061812,-0.878105841605393,-1.0999587502158947,0.12955447154404823,16.22080213779536,3.589398530091969,105,11
Chad,TCD,2008,-0.911056406393368,-0.06515698966947349,-1.542969222891944,-0.1409374858915624,-0.05206455577388327,-0.2067959385380467,-1.704207467007934,1.2800109535006061,-1.2108524167650978,-1.240646298699596,-1.2683750918083427,-0.8961339132993669,-1.0136364363532497,-0.6861792751184457,0.12955447154404823,16.255794335846105,3.7531441852057537,105,12
Chad,TCD,2009,-0.9300538554001945,0.15983875706718173,-1.4718269150750036,-0.2629592481023057,-0.1262407262952535,-0.20427147080331587,-1.6567392565921673,0.671190950051914,-1.2108524167650978,-1.240646298699596,-0.999172479461539,-0.6830826831697902,-1.149167031101106,-0.6861792751184457,0.12955447154404823,16.291524030415367,3.742805505899348,105,13
Chad,TCD,2010,-0.893650336550896,-0.0384525311382498,-1.4857743432528712,-0.2956852000913708,-0.26440647447325666,-0.2017387606836686,-1.5897053735156428,0.9229095927080588,-1.2108524167650978,-1.240646298699596,-0.1915646424211279,-0.6830826831697902,-1.2846976258489626,-1.1226553400822217,0.12955447154404823,16.326131737032263,3.7232582536873897,105,14
Chad,TCD,2011,-0.8901006342457655,0.09200246962916768,-1.469355813960079,-0.47510412331998336,-0.3551820869279207,-0.19906332970825288,-1.5658064403289105,1.1846208301102328,-1.2108524167650978,-1.240646298699596,-0.46076725476793157,-0.6830826831697902,-1.2846976258489626,-1.1051964650905461,0.12955447154404823,16.36143375275678,3.71020443505222,105,15
Chad,TCD,2012,-0.8683207378667294,0.03829926161089899,-1.4952108583345989,-0.5666943849400146,-0.09295625863324487,-0.19630578329279313,-1.4941378111173935,1.3782826326609139,-1.2108524167650978,-1.240646298699596,-0.46076725476793157,-0.6830826831697902,-1.2846976258489626,-1.1051964650905461,0.12955447154404823,16.39656029816599,3.7474579222157494,105,16
Chad,TCD,2013,-0.8716448922321336,0.35809035093389324,-1.4074028829324456,-0.6494637761566115,-0.14852743557168915,-0.19340261939473075,-1.4397935251564344,0.9683230676821465,-1.2108524167650978,-1.240646298699596,-0.46076725476793157,-0.6830826831697902,-1.2846976258489626,-1.1261473245891511,0.12955447154404823,16.432255083853516,3.7396781848658,105,17
Chad,TCD,2014,-0.8781599452329129,0.2750227250346413,-1.4684103690133228,-0.9602924619213127,-1.2703173268099766,-0.19039351998752252,-1.3800492414507275,0.8547668842115377,-1.2108524167650978,-1.240646298699596,-0.46076725476793157,-0.6830826831697902,-1.2846976258489626,-1.1261473245891511,0.12955447154404823,16.46795495107476,3.56810845607664,105,18
Chad,TCD,2015,-0.8778747520236233,-0.040254407822550964,-1.4902609711120713,-0.7370161722895485,0.009049624682125534,-0.18761818259889762,-1.3306498876469997,0.589314151336889,-1.2108524167650978,-1.240646298699596,-0.1915646424211279,-0.6830826831697902,-1.2846976258489626,-1.1261473245891511,0.12955447154404823,16.499788559432787,3.7615826973251463,105,19
Chad,TCD,2016,-0.9078710248015689,-0.7910444996855164,-1.4799338281497363,-0.8690553741391942,-0.3232501618987218,-0.1847939170104497,-1.3144038894469703,-0.12384647115041626,-1.2108524167650978,-1.240646298699596,-0.1915646424211279,-0.6830826831697902,-1.2846976258489626,-1.1261473245891511,0.12955447154404823,16.531175427087884,3.714815799447933,105,20
Chad,TCD,2017,-0.9268207749416371,-0.8965736786350702,-1.550392950420581,-0.888424294153832,-0.1805896462617807,-0.18172129137173232,-1.2625638515085003,-0.031215095808117353,-1.2108524167650978,-1.240646298699596,-0.1915646424211279,-0.6830826831697902,-1.0136364363532497,-1.1261473245891511,0.12955447154404823,16.56423938330971,3.735161918238774,105,21
Togo,TGO,1996,-0.9809400075493412,-1.4510522129367445,-1.461504378597008,-0.4209916987995634,-0.6224170005858655,-0.248512420440671,-1.3475885302440547,-0.09342487455305735,0.40671067214865514,-0.051478348695809785,0.22991404281531913,0.3240683696088616,0.612730700621032,-0.07860434965889887,-0.7345865223884667,15.336742416429939,3.6707553099283956,106,0
Togo,TGO,1997,-0.9462990652753274,-1.5989937313524936,-1.446866055882453,-0.600861658350726,-0.5429061378776715,-0.2476224484757779,-1.319439412707675,-0.28552074940281263,0.40671067214865514,-0.646062323697703,0.2951754322729706,0.3240683696088616,0.612730700621032,-0.2968423821407867,-1.0946452698603477,15.36838467973502,3.682656167910937,106,1
Togo,TGO,1998,-0.9641565813239605,-1.0929431031633627,-1.446866055882453,-0.5274685570143934,-0.5569892452809575,-0.24680073168223596,-1.3212060570693573,-0.1522516105025243,0.40671067214865514,-1.240646298699596,0.3604368217306221,0.3240683696088616,0.612730700621032,-0.5150804146226747,-1.5987275163209826,15.396737044038135,3.6805585613505705,106,2
Togo,TGO,1999,-0.965418599495795,-1.656993669275828,-1.2442694003377148,-0.6906956754347434,-0.5262529199247139,-0.24595801283233693,-1.3093161050233884,-0.2456884538361469,0.40671067214865514,-1.240646298699596,0.3604368217306221,0.3240683696088616,0.612730700621032,-0.5150804146226747,-1.5987275163209826,15.425002468940427,3.6851309148860723,106,3
Togo,TGO,2000,-0.9771100963541413,-1.1339695834653907,-1.151100614187792,-0.7284182703165806,-0.21696940999131611,-0.24511280252052625,-1.2756434140195538,0.28856483613570366,0.40671067214865514,-1.240646298699596,0.3604368217306221,0.3240683696088616,0.612730700621032,-0.5150804146226747,-1.5987275163209826,15.45257103040013,3.7300126594911838,106,4
Togo,TGO,2001,-0.9829462451964455,-1.0533632688164136,-1.0484758484242627,-0.6534266889161933,-0.05436583977354722,-0.24428224466554058,-1.2680430930411113,0.2116850195436591,0.20451534669305807,-1.240646298699596,0.42569799582618356,0.7259601238628329,0.7095383070210994,-0.5150804146226747,-1.5987275163209826,15.47894088887099,3.7528250335562383,106,5
Togo,TGO,2002,-0.9790622819768866,-1.0050951040176057,-0.9018730281270475,-0.647180264458699,-0.23532706348371976,-0.2434604734468598,-1.2428048759774621,0.2816642478724558,0.0023200212374607228,-1.240646298699596,0.49095916992174504,1.1278518781168039,0.806345913421167,-0.5150804146226747,-1.646735349317233,15.504364828109567,3.7274041829407,106,6
Togo,TGO,2003,-0.9660122697896301,-0.9859432003672549,-0.8254387188291527,-0.5375580910904668,-0.38182504746001505,-0.24262055446799252,-1.2128500184619995,0.35272968364746676,0.0023200212374607228,-1.240646298699596,0.22991404281531913,1.1278518781168039,0.806345913421167,-0.5150804146226747,-1.8867745142984866,15.529699040076967,3.706340522221431,106,7
Togo,TGO,2004,-0.9777043545384327,-1.094937854979054,-0.7751017220168923,-0.4656121797033707,-0.21720360556775542,-0.2417476901384102,-1.2125383278035657,0.10021684171012905,0.0023200212374607228,-1.240646298699596,0.49095916992174504,1.1278518781168039,0.806345913421167,-0.5150804146226747,-1.8867745142984866,15.555364089036553,3.7299794249740796,106,8
Togo,TGO,2005,-1.0006189688415161,-0.9830110532616871,-0.6938934382544059,-0.3617090774611882,-0.1370442066904878,-0.24085195515603702,-1.214159187079252,-0.19998531645556547,0.0023200212374607228,-1.240646298699596,0.49095916992174504,1.1278518781168039,0.806345913421167,-0.9515564795864507,-1.8867745142984866,15.58103419111156,3.7412907586391855,106,9
Togo,TGO,2006,-1.001176474495632,-0.7749250025519905,-0.628613466051162,-0.3571106558395752,-0.1755164389859503,-0.23984788995840875,-1.1612306668637429,-0.14829129626572393,-1.2108524167650978,-1.240646298699596,-0.7299698671147353,0.16912164080531122,-0.33598346261396533,-0.20954722152518052,-1.8867745142984866,15.609046614792268,3.735877887373498,106,10
Togo,TGO,2007,-1.0132169638588775,-0.8079881014384587,-0.7470829349052424,-0.3524359363204339,-0.36020933691493884,-0.23877344096177666,-0.8370989672131228,-0.04537149114450566,-1.2108524167650978,-1.240646298699596,-0.46076725476793157,-0.4700314530402132,-0.4715140573618222,-0.6460232864889569,-1.8867745142984866,15.638178242191408,3.709476496680571,106,11
Togo,TGO,2008,-1.0100842261622072,-0.7089442317511505,-0.7470829349052424,-0.3369630558112425,-0.45291253139729803,-0.23768210807762685,-0.6138341588236097,-0.24718023301656858,-1.2108524167650978,-1.240646298699596,0.07763796992567584,-0.4700314530402132,-0.20045286786610875,-0.09082550977592316,-1.8867745142984866,15.666923667955276,3.6959573509880776,106,12
Togo,TGO,2009,-1.0027832020685288,-0.6474299509895547,-0.7470829349052424,-0.3397829796562051,-0.47503257135171706,-0.2365751430841528,-0.13931801938906826,-0.5133263453707553,-1.2108524167650978,-1.240646298699596,0.07763796992567584,-0.4700314530402132,-0.33598346261396533,-0.5273015747396986,-1.8867745142984866,15.69526045253545,3.692704339484899,106,13
Togo,TGO,2010,-0.9937908887274784,-0.5698428202154059,-0.7470829349052424,-0.20676989052438516,-0.1953365739889042,-0.23548225605992706,0.034152313035592595,-0.5404535252404304,-0.6042661977638185,-1.240646298699596,0.07763796992567584,-0.2569802229106366,-0.20045286786610875,0.08725679596222016,-1.6707392658153581,15.722470620100866,3.7330778055089024,106,14
Togo,TGO,2011,-0.9845370408017096,-0.12086452364617561,-0.38441814243515815,0.11031163925867854,1.6312991595642687,-0.2343702658119662,0.1299493480530122,-0.421718190196187,-0.6042661977638185,-1.240646298699596,0.07763796992567584,-0.2569802229106366,-0.06492227311825187,0.523732860925996,-1.5987275163209826,15.749416804745545,3.9629338821762863,106,15
Togo,TGO,2012,-0.9733121937889632,-0.3688138694479169,-0.38441814243515815,0.05176285865274236,-0.26133351854354886,-0.2332559897081738,0.14173689958200847,-0.5671811647438205,-0.6042661977638185,-1.240646298699596,-0.7299698671147353,-0.2569802229106366,-0.33598346261396533,-0.34921926900155575,-1.7907588483059858,15.775709139441306,3.7236971863353343,106,16
Togo,TGO,2013,-0.963010690738539,-0.32004411276726197,-0.38441814243515815,0.23834896184933466,-0.1253384737809617,-0.23213902863086494,0.16319886915932177,-0.38558495568552376,-0.6042661977638185,-1.240646298699596,-0.7299698671147353,-0.6830826831697902,-0.33598346261396533,-0.34921926900155575,-1.8867745142984866,15.801388805645917,3.7429319062442516,106,17
Togo,TGO,2014,-0.9528986563623102,0.0898716554217219,-0.38441814243515815,-0.08735384275246096,-0.49797310117212235,-0.2310081468124867,0.1814650883641449,-0.248400534371655,-0.6042661977638185,-1.240646298699596,-0.7299698671147353,-0.6830826831697902,-0.33598346261396533,-0.34921926900155575,-1.862770597800361,15.82673361574168,3.6893194497803834,106,18
Togo,TGO,2015,-0.9429956679117022,0.30498348586542456,-0.38441814243515815,-0.139187107596319,0.11665891178825594,-0.22985466646701186,0.19607683841417423,-0.33002497050918606,0.0023200212374607228,-1.240646298699596,-0.46076725476793157,-0.6830826831697902,-0.20045286786610875,-0.35620323801541565,-1.5987275163209826,15.851939687075529,3.7762702441953144,106,19
Togo,TGO,2016,-0.9371647131911094,-0.029433739780057602,-0.38441814243515815,-0.21698995695094578,-0.769792208654,-0.22867488668499886,0.20283401024562725,-0.4949817377108594,0.0023200212374607228,-1.240646298699596,-0.46076725476793157,-0.6830826831697902,-0.20045286786610875,-0.37191638263936944,-1.5987275163209826,15.87707958348447,3.648315108278412,106,20
Togo,TGO,2017,-0.9319183164254486,-0.6819981703250427,-0.09464244934501256,-0.4558178309003033,-0.40641981860998827,-0.2274723874311363,0.21764634852944598,-0.5350588051585111,0.0023200212374607228,-1.240646298699596,-0.999172479461539,-0.6830826831697902,-0.20045286786610875,-0.41905581651123086,-1.5987275163209826,15.902069336916494,3.702760348291371,106,21
Thailand,THA,1996,0.5671419125783914,2.313408652461432,-0.21060691529146736,0.3000078924292507,-0.4250661026612798,0.08615503920052035,0.37370883374284936,0.8524253266004577,0.60890624023874,1.1376896013079765,0.885245806966087,1.021326561323618,1.2903836743603156,1.449062663371548,3.0460303260662878,17.908521981952354,3.7000375064478965,107,0
Thailand,THA,1997,0.49162231207489615,1.4587521950026419,-0.14203567153376953,0.61253156875269,-0.20236141308460726,0.09102016283438451,0.22481675881793817,0.8094452330935709,0.60890624023874,1.1376896013079765,0.6160431946192833,0.9148009462588297,1.425914269108172,1.449062663371548,2.313910872873461,17.921859198741057,3.7320834891865466,107,1
Thailand,THA,1998,0.3332729702469141,-0.0530966944578998,-0.053054840490583004,0.7629899172348408,0.44711708940201567,0.09584613665170508,-0.06322567899900507,0.7717734082128904,0.60890624023874,1.1376896013079765,0.34684058227247955,0.8082753311940414,1.561444863856029,1.449062663371548,1.2817424634540688,17.93491564882717,3.8200712984367957,107,2
Thailand,THA,1999,0.3867063934097262,-0.26444309741690103,-0.053054840490583004,0.7764973429456715,0.17372706705683957,0.10054129057695164,0.018873210258755973,0.7939979295817498,0.60890624023874,1.1376896013079765,0.6160431946192833,0.8082753311940414,1.561444863856029,1.449062663371548,1.569789461431574,17.94745663853561,3.7839727889225054,107,3
Thailand,THA,2000,0.44207526819455994,-0.12309254786908509,-0.053054840490583004,1.373602254663534,-0.19056941728115842,0.10482740330034095,0.10171055763360452,0.8181636509240267,0.60890624023874,1.1376896013079765,0.885245806966087,0.8082753311940414,1.561444863856029,1.449062663371548,1.4257659624428218,17.95876934015263,3.7337520001762994,107,4
Thailand,THA,2001,0.4838929200715676,-0.0132265549256836,0.023412083019894343,1.3437352435082441,0.07134165983096619,0.10871774850851389,0.1468316541290653,0.7891818746187721,0.0023200212374607228,0.5431056263060834,0.885245806966087,0.7017497161292531,1.222618376986387,1.449062663371548,1.0897111314690657,17.968927824676335,3.770111185297932,107,5
Thailand,THA,2002,0.5755197540349917,-0.08224266435889685,0.07839135368407216,1.1901005143893093,-0.22015296656751995,0.11243858964536826,0.2503096608509056,0.8368820111000337,-0.6042661977638185,-0.051478348695809785,0.885245806966087,0.5952241010644648,0.8837918901167451,1.449062663371548,0.9936954654765636,17.978548093374993,3.7295607888145534,107,6
Thailand,THA,2003,0.6917843336764689,0.05369604538976041,0.07839135368407216,1.2400652680344573,-0.059908410076147,0.11607738790903037,0.26274669780112486,0.9220412744934787,-1.2108524167650978,-0.051478348695809785,0.34684058227247955,0.3821728709348875,0.2061389163774616,0.13963394470873283,-0.18249644293158243,17.98786756827699,3.7520559484790432,107,7
Thailand,THA,2004,0.7982354326407582,0.27602538101713253,0.14716505431224525,1.5508900259984368,-0.06776433962768053,0.11960825507512224,0.3042668588520036,0.9207209420985475,-1.2108524167650978,-0.051478348695809785,0.07763796992567584,0.3821728709348875,0.07060832162960441,0.13963394470873283,-0.44653952441096145,17.996828340892506,3.750964848172622,107,8
Thailand,THA,2005,0.8674213087728071,0.6216528570535044,0.30591473405480296,1.8536807365361232,0.09287336061963165,0.12302719996679513,0.33446054474388726,0.9708733703005072,-1.2108524167650978,-0.051478348695809785,-0.1915646424211279,0.16912164080531122,-0.06492227311825187,0.13963394470873283,-0.44653952441096145,18.005429219706283,3.7730422850606247,107,9
Thailand,THA,2006,0.9563393143651208,0.516573915461813,0.29879903148767006,1.744449810485589,0.039052492841800575,0.12635479528653304,0.3693476787604417,1.02424810056464,-1.2108524167650978,-0.051478348695809785,-1.2683750918083427,0.16912164080531122,-0.33598346261396533,-0.39810495701262577,-0.44653952441096145,18.013729852614752,3.7656995117178393,107,10
Thailand,THA,2007,1.0600752183427253,0.3478656751775881,0.44917625591216176,1.6222628853098282,-0.08567004251065209,0.12958829558844298,0.4067831484531772,1.047915331382901,0.0023200212374607228,-0.051478348695809785,-1.2683750918083427,0.16912164080531122,-0.33598346261396533,-0.39810495701262577,-0.44653952441096145,18.02173029430046,3.748473489237951,107,11
Thailand,THA,2008,1.0824435670936567,0.4681695655104827,0.42841952073681583,1.9285852316249172,-0.14405416746096097,0.13271735404890653,0.405826276816766,1.0519282269357333,0.0023200212374607228,-0.051478348695809785,-0.999172479461539,0.16912164080531122,-0.33598346261396533,-0.19907179177587797,-0.326519941920335,18.029411855980317,3.7403066688750686,107,12
Thailand,THA,2009,1.0485627571839284,0.06304568058290738,0.47887895904207645,1.3147799588945825,-0.256038706668302,0.1357485319207735,0.3860725962877177,0.9794736314539066,0.60890624023874,-0.051478348695809785,-0.7299698671147353,0.16912164080531122,-0.33598346261396533,-0.19907179177587797,-0.15849252643345632,18.03679728268746,3.7244530311496282,107,13
Thailand,THA,2010,1.208227697170834,0.17027916796623016,0.5438586317370979,1.546211263210101,0.09010432754782301,0.13852038610051223,0.3958642829862926,1.0887050140318895,0.60890624023874,-0.051478348695809785,-0.7299698671147353,0.16912164080531122,-0.33598346261396533,-0.24446497150853044,-0.15849252643345632,18.04350345597278,3.7726658190011633,107,14
Thailand,THA,2011,1.2136242137157014,0.39398903578299654,0.8552350873974035,1.9065006822838617,-0.5280447880802205,0.141107158524747,0.23238904989842157,0.9273004597100822,0.60890624023874,-0.051478348695809785,-0.7299698671147353,0.16912164080531122,-0.33598346261396533,-0.24446497150853044,-0.15849252643345632,18.04972153536493,3.684864928645816,107,15
Thailand,THA,2012,1.3791124613963937,0.5344133356674092,0.8025987885981154,1.8484922793924083,-0.09226470154144281,0.1437007582802882,0.28423711454253797,0.8742535615289414,0.60890624023874,-0.051478348695809785,-0.7299698671147353,0.16912164080531122,-0.33598346261396533,-0.24446497150853044,-0.15849252643345632,18.055917448742935,3.747554357104902,107,16
Thailand,THA,2013,1.435028890604204,0.33904262522531264,0.7416762686699631,1.6973385368859766,0.00016716904600748994,0.14617417523478105,0.47941769504080445,0.8372278092229863,0.60890624023874,-0.051478348695809785,-0.7299698671147353,0.5952241010644648,-0.06492227311825187,-0.2968421202550431,-0.15849252643345632,18.061790705645404,3.76036064117411,107,17
Thailand,THA,2014,1.4473568192324244,0.25141764105920394,2.178831496191595,1.6521959924772398,-0.4343168983837605,0.14841923035391166,0.7909583851114139,0.8259523511497392,0.60890624023874,-0.051478348695809785,-0.999172479461539,0.5952241010644648,0.07060832162960441,-0.44699012125220833,-0.15849252643345632,18.067092004211077,3.6986838934903634,107,18
Thailand,THA,2015,1.520461958360458,0.235291384504748,2.207999381513481,1.476302563629443,-0.2646980436681964,0.1503811235700993,0.8135413674960185,0.7773841804882322,0.0023200212374607228,-0.051478348695809785,-0.7299698671147353,0.5952241010644648,0.07060832162960441,-0.499367269998721,-0.15849252643345632,18.07170176708617,3.72321659672934,107,19
Thailand,THA,2016,1.6042509931087205,0.13641626787489228,2.1439721543825123,1.3526450158320285,-0.49824127095310494,0.15231047055325675,0.8143440457023288,0.7281048780554699,0.0023200212374607228,-0.051478348695809785,-0.7299698671147353,0.8082753311940414,0.34166951112531785,-0.5290478288789079,-0.15849252643345632,18.076214427650314,3.6892798133305065,107,20
Thailand,THA,2017,1.7128579148286234,0.06297409516246052,0.5841381572390132,1.3618139997034129,-0.33387956052674694,0.15412673419236647,0.7022111292601226,0.6808557723547506,0.0023200212374607228,-0.051478348695809785,-0.46076725476793157,0.8082753311940414,0.34166951112531785,-0.5796787234862117,-0.15849252643345632,18.080444062692088,3.713283142900137,107,21
Tajikistan,TJK,1996,-1.124884706424254,-1.1274482283681693,0.30564193551397084,2.399316896235047,-0.3492303890979126,-0.23951012149948978,-0.2148893873231986,0.1947851648743348,-0.6042661977638185,-0.051478348695809785,-1.5375777041551464,-1.6418129204812826,-1.0814017337271775,-1.1697947739540824,0.12955447154404823,15.61829634661888,3.7110655476505268,108,0
Tajikistan,TJK,1997,-1.1240616781646018,-0.5957965447951628,0.30564193551397084,3.1219186029615433,-0.31058204434413206,-0.2390668226963475,-0.26720403184821334,-0.07568386654959844,-0.6042661977638185,-0.051478348695809785,-1.5375777041551464,-1.6418129204812826,-1.0814017337271775,-1.1697947739540824,0.12955447154404823,15.630307612443609,3.716639356792886,108,1
Tajikistan,TJK,1998,-1.1157527773930602,-1.1120940363865255,0.30564193551397084,0.9559696539807327,-0.2573968678170654,-0.23884568730997655,-0.2821135807934432,-0.15640599463764726,-0.6042661977638185,-0.051478348695809785,-1.5375777041551464,-1.6418129204812826,-1.0814017337271775,-1.1697947739540824,0.12955447154404823,15.63624581161557,3.724259205443277,108,2
Tajikistan,TJK,1999,-1.1098809193205201,-0.7235834812094712,0.30564193551397084,1.7305021095008475,-0.5365365300052799,-0.23865233898060556,-0.29037224321621763,0.05208343450274112,-0.6042661977638185,-0.051478348695809785,-1.4029763979817447,-1.3932533508445117,-0.9119884902923566,-1.0061161841212305,0.12955447154404823,15.641409100657476,3.6836034451743713,108,3
Tajikistan,TJK,2000,-1.0964697267901058,-1.8404632529099254,0.31101471244939777,2.9410062967901456,-0.1782709916771195,-0.23819054167749312,-0.26058920065341235,0.7023644897131749,-0.6042661977638185,-0.051478348695809785,-1.2683750918083427,-1.1446937812077407,-0.7425752468575356,-0.8424375942883786,0.12955447154404823,15.65363439435099,3.735489207802637,108,4
Tajikistan,TJK,2001,-1.0811453799922524,-1.6510210135601642,0.379335683584272,2.10895762090294,-0.4922880816646193,-0.23744889635766966,-0.20417451079859508,0.777832747289675,-0.30097308826317887,-0.051478348695809785,-0.8645711732881372,-1.1446937812077407,-0.4037487599878938,-0.5150804146226747,0.12955447154404823,15.672960696851817,3.690159346471045,108,5
Tajikistan,TJK,2002,-1.0620149743848222,-1.9770633167552405,0.4501635268218443,1.877751541003495,-0.14146142348321186,-0.23669727309572433,-0.12876704026119817,0.6909893171227337,0.0023200212374607228,-0.051478348695809785,-0.46076725476793157,-1.1446937812077407,-0.06492227311825187,-0.187723234956971,0.12955447154404823,15.692173211281897,3.740670762778307,108,6
Tajikistan,TJK,2003,-1.0407604241813728,-1.7657121625282213,0.5324906439108705,1.8483372727922118,-0.2967797771212037,-0.23592984235456294,-0.047010225539520785,0.5226020876980607,0.0023200212374607228,-0.051478348695809785,-0.7299698671147353,-0.647574045390993,-0.06492227311825187,-0.5150804146226747,0.12955447154404823,15.711416205841326,3.7186223953975275,108,7
Tajikistan,TJK,2004,-1.0195141129201233,-1.4818065692529419,0.5764651053533324,1.5777502345675336,1.5743910814515545,-0.23513177630746862,0.031036671570785844,0.3395947148458883,-0.181494043340985,0.008580816452721348,-0.6837432559709018,-0.31867233507601667,-0.2908067784054728,-0.5018536132497179,0.12955447154404823,15.731042203200195,3.956515671969506,108,8
Tajikistan,TJK,2005,-1.0064625402757839,-1.3918136462284425,0.600400344297254,1.5387930501834255,-0.24249429540178713,-0.2343204002903075,-0.04647586993003322,0.04431551312804235,0.5114613184045232,0.04541695853921879,-0.011088196034572805,-0.15342867399809257,0.05644374811131687,0.4113728776634893,0.12955447154404823,15.750608320417395,3.7263839266058443,108,9
Tajikistan,TJK,2006,-0.9917647606095192,-0.8623742632441729,0.6295591086952937,1.9493734872469992,1.3820740020575548,-0.23351704895750744,-0.11036159265782301,0.04411498839503886,-1.2108524167650978,-1.240646298699596,-0.7299698671147353,-1.535287603688097,-1.4202282205968195,-0.9602861789680325,0.12955447154404823,15.769610932511407,3.9345157685062957,108,10
Tajikistan,TJK,2007,-0.9739739036867684,0.07720055727510446,0.6536336490217701,2.0762135808626976,0.9954142288317606,-0.2326891156036617,-0.16596074777130376,-0.033725010586948365,-1.2108524167650978,-1.240646298699596,-0.7299698671147353,-1.535287603688097,-1.4202282205968195,-0.9602861789680325,0.12955447154404823,15.78882434528949,3.888763245949528,108,11
Tajikistan,TJK,2008,-0.9550450557081407,0.23401708721201012,0.6851362144595963,1.175903560647716,0.9532062808376882,-0.23181876087770395,-0.22452647940897455,-0.18935393558364294,-1.2108524167650978,-1.240646298699596,-0.7299698671147353,-1.535287603688097,-1.4202282205968195,-0.9602861789680325,0.12955447154404823,15.808631938255381,3.8836397631966193,108,12
Tajikistan,TJK,2009,-0.9488343522282618,0.44942493278082624,0.7155486913006182,0.3494191540810253,-0.13471260757641357,-0.23090062692707664,-0.2769850351087367,-0.19340575392774031,-1.2108524167650978,-1.240646298699596,-1.2683750918083427,-1.535287603688097,-1.4202282205968195,-0.9602861789680325,0.12955447154404823,15.82911019613932,3.741617864482078,108,13
Tajikistan,TJK,2010,-0.9338688338837942,0.23053823256647538,0.7437284765379353,-0.012616139275778577,-0.3593323164920565,-0.22992151263199065,-0.27502869466268415,-0.1544909010019639,-1.2108524167650978,-1.240646298699596,-0.7299698671147353,-1.535287603688097,-1.5557588153446769,-1.3862868141825053,0.12955447154404823,15.850496166610034,3.7096035261057763,108,14
Tajikistan,TJK,2011,-0.9153883454437804,0.7284655102141481,0.7839091864388766,0.16981234419306002,-0.26269476570363637,-0.2288774933352114,-0.3019199964349608,-0.3631066108274486,-1.2108524167650978,-1.240646298699596,-0.7299698671147353,-1.535287603688097,-1.5557588153446769,-1.3862868141825053,0.12955447154404823,15.872806945773709,3.723502773270925,108,15
Tajikistan,TJK,2012,-0.896246745471765,-0.10509539029598626,0.8319573841461281,0.2681628412261878,-0.10538293286758106,-0.2277327572953779,-0.29572046977199046,-0.3985525933898758,-1.2108524167650978,-1.240646298699596,-0.7299698671147353,-1.535287603688097,-1.5557588153446769,-1.3862868141825053,0.12955447154404823,15.89671117656071,3.7457234850370855,108,16
Tajikistan,TJK,2013,-0.8770038613663093,0.1941519096552798,0.855157974132062,-0.06334134807124848,-0.07420041476639624,-0.22650734505806094,-0.2898855932281176,-0.3093350580519147,-1.2108524167650978,-1.240646298699596,-0.7299698671147353,-1.535287603688097,-1.5557588153446769,-1.3862868141825053,0.12955447154404823,15.921682269151143,3.7500700616376292,108,17
Tajikistan,TJK,2014,-0.8597989179566666,0.4362364246071474,0.855157974132062,-0.56025780576514,-0.034879185146187104,-0.2252445125141682,-0.29821367681041555,-0.3517941901497843,-1.2108524167650978,-1.240646298699596,-0.7299698671147353,-1.535287603688097,-1.4202282205968195,-1.4107296581880404,0.12955447154404823,15.946779670030818,3.7555243089525545,108,18
Tajikistan,TJK,2015,-0.8450459681343138,1.956877855208082,0.855157974132062,-0.6956566546238536,0.28719391894556573,-0.22392447310211017,-0.29693890907246967,0.28169263572904124,-1.2108524167650978,-1.240646298699596,-0.7299698671147353,-1.535287603688097,-1.4202282205968195,-1.484057666433158,0.12955447154404823,15.972357602177821,3.7991134897436383,108,19
Tajikistan,TJK,2016,-0.8257682812107293,2.120987134788219,0.855157974132062,-0.5278536373851188,-0.05661745914285536,-0.22258325021656553,-0.2961515599463014,0.4474914197418122,-1.2108524167650978,-1.240646298699596,-0.7299698671147353,-1.535287603688097,-1.4202282205968195,-1.4945330961824606,0.12955447154404823,15.997692786545485,3.7525126709893186,108,20
Tajikistan,TJK,2017,-0.804357173831805,1.0503647708328632,0.855157974132062,-0.584066270686966,-0.22394467462054737,-0.22125095305379172,-0.29949215251579364,0.41700372807718605,-1.2108524167650978,-1.240646298699596,-0.7299698671147353,-0.8961339132993669,-1.2846976258489626,-1.487549650940088,0.12955447154404823,16.02223949213457,3.729022331199083,108,21
Turkmenistan,TKM,1996,-0.5943455972719595,2.269337597729663,0.7508410642685138,2.278848301968746,0.1272146431011658,-0.25041150099939213,1.096803347560354,3.192638321009577,0.60890624023874,-0.051478348695809785,1.1544484193128908,-0.8961339132993669,-0.06492227311825187,-0.5150804146226747,0.12955447154404823,15.26567603005311,3.7776994408751703,109,0
Turkmenistan,TKM,1997,-0.6854623924071935,1.9520498296418225,0.7508410642685138,0.8630279309753355,0.10339506237587658,-0.24997059085512144,0.9843899550587465,1.5134581902905797,0.60890624023874,-0.051478348695809785,1.1544484193128908,-0.8961339132993669,-0.06492227311825187,-0.5150804146226747,0.12955447154404823,15.28263139645305,3.7744714802443826,109,1
Turkmenistan,TKM,1998,-0.6527735297124395,2.779337313808794,0.7508410642685138,0.6493096650573227,-0.23659201050160775,-0.24952444380304617,0.9901478755924092,1.1427669999789623,0.60890624023874,-0.051478348695809785,1.1544484193128908,-0.8961339132993669,-0.06492227311825187,-0.5150804146226747,0.12955447154404823,15.299500433532618,3.7272241932069257,109,2
Turkmenistan,TKM,1999,-0.5595089252908312,2.072665910597089,0.7508410642685138,0.4798510343129423,0.22158464665544858,-0.24903060823486606,1.0217559087308679,1.3988353597869763,0.60890624023874,-0.051478348695809785,1.1544484193128908,-0.8961339132993669,-0.06492227311825187,-0.5150804146226747,0.12955447154404823,15.317846661791783,3.790386746669718,109,3
Turkmenistan,TKM,2000,-0.534393112160603,1.4741888332815898,0.7508410642685138,0.8598367313365802,0.12168363972804405,-0.24848329089691282,0.9950001050757566,1.1834490872886088,0.60890624023874,-0.051478348695809785,1.1544484193128908,-0.8961339132993669,-0.06492227311825187,-0.5150804146226747,0.12955447154404823,15.337794101367688,3.77695082361548,109,4
Turkmenistan,TKM,2001,-0.5169525932726594,1.1070158743928666,0.7508410642685138,0.2336533303873753,0.17229923584460213,-0.2479225184551892,1.0000466510206025,1.259254348099092,0.60890624023874,-0.051478348695809785,1.0198471131394888,-0.8961339132993669,-0.06492227311825187,-0.5150804146226747,0.12955447154404823,15.357827417394217,3.7837807950167623,109,5
Turkmenistan,TKM,2002,-0.5304419829816235,0.6030950446651229,0.7508410642685138,-0.29645313863578865,0.4049707223108316,-0.24735373947081749,0.9922352632276986,1.1200390646179368,0.60890624023874,-0.051478348695809785,0.885245806966087,-0.8961339132993669,-0.06492227311825187,-0.5150804146226747,0.12955447154404823,15.377744906912156,3.814590532775523,109,6
Turkmenistan,TKM,2003,-0.520694811385815,0.34331354777401935,0.7508410642685138,-0.31103696116703283,-0.0015881556581102876,-0.2467828802366943,0.9744627989916027,1.0025170480384262,0.60890624023874,-0.051478348695809785,1.1544484193128908,-0.8961339132993669,-0.06492227311825187,-0.5150804146226747,0.12955447154404823,15.397344152906545,3.7601189652150677,109,7
Turkmenistan,TKM,2004,-0.49724006717430064,0.05633132106696311,0.7508410642685138,-0.423598603611861,0.23366201707295425,-0.24621306112744687,0.9742127527632289,0.9181878133226474,0.16162557622337817,-0.0394663253992315,0.8825266452192944,-0.7404701395625102,-0.2908067784054728,-0.6076664529189107,0.12955447154404823,15.416531950655314,3.7919988972387033,109,8
Turkmenistan,TKM,2005,-0.4093836371616671,0.04006878649262081,0.7508410642685138,-0.5786658701609938,0.2316631598746394,-0.24564362904140902,1.0092436677958547,0.8509869484911978,-1.2108524167650978,-1.240646298699596,0.6160431946192833,-2.3874919276631985,-1.5557588153446769,-1.82450913328549,0.12955447154404823,15.435345830032158,3.791732258740591,109,9
Turkmenistan,TKM,2006,-0.32975481235234394,-0.3746260245124147,0.7508410642685138,-0.62288810192427,0.5616494639671598,-0.24507006064481882,1.0472498958845937,0.7450249520431896,-1.2108524167650978,-1.240646298699596,0.6160431946192833,-2.3874919276631985,-1.4202282205968195,-1.5050085259317632,0.12955447154404823,15.453945172943907,3.834815260979498,109,10
Turkmenistan,TKM,2007,-0.24225952679500584,-0.4840690551036508,0.7508410642685138,-0.5118142128569884,0.5019680379943893,-0.24448383537982799,1.0985547027452593,0.9046936069507376,-1.2108524167650978,-1.240646298699596,-0.1915646424211279,-2.3874919276631985,-1.4202282205968195,-1.5050085259317632,0.12955447154404823,15.472604086449515,3.8271594917006357,109,11
Turkmenistan,TKM,2008,-0.10953661615874295,1.1054795681209515,0.7508410642685138,0.6030286709140356,0.47950301450719557,-0.24387316718025742,1.2345907330929449,2.8043005909295737,-1.2108524167650978,-1.240646298699596,-0.1915646424211279,-2.3874919276631985,-1.4202282205968195,-1.524213655062647,0.12955447154404823,15.491677715147702,3.8242624887566405,109,12
Turkmenistan,TKM,2009,-0.06155772059511452,2.913439452551988,0.7508410642685138,0.8996171542538701,3.167281128272226,-0.24322875539460204,1.2478046856881932,2.834617691704307,-1.2108524167650978,-1.240646298699596,-0.1915646424211279,-2.3874919276631985,-1.4202282205968195,-1.524213655062647,0.12955447154404823,15.511418417507963,4.122222607192138,109,13
Turkmenistan,TKM,2010,0.02505965774451125,3.5542128570681535,0.7508410642685138,0.6650535604037667,2.0785476058271093,-0.24254684468828144,1.275673648527973,2.6866264992158664,-1.2108524167650978,-1.240646298699596,-0.1915646424211279,-2.3874919276631985,-1.4202282205968195,-1.524213655062647,0.12955447154404823,15.531891992440189,4.011990747808289,109,14
Turkmenistan,TKM,2011,0.18815796451100386,3.560403240067921,0.7508410642685138,1.076810283368906,1.3204087040600783,-0.24182685452648123,1.359018809361374,3.2471320884608796,-1.2108524167650978,-1.240646298699596,-0.1915646424211279,-2.3874919276631985,-1.4202282205968195,-1.524213655062647,0.12955447154404823,15.55306337027543,3.927357909932062,109,15
Turkmenistan,TKM,2012,0.31783548061152866,2.9862432062874666,0.7508410642685138,1.0266685149913264,0.8639131393744569,-0.2410701697266232,1.4093188851334209,3.306239830928718,-1.2108524167650978,-1.240646298699596,-0.1915646424211279,-2.3874919276631985,-1.4202282205968195,-1.524213655062647,0.12955447154404823,15.574841011492842,3.8727134757873296,109,16
Turkmenistan,TKM,2013,0.44369005264823735,2.9862432062874666,0.7508410642685138,0.7152123111975986,0.5933973645718116,-0.24027922127824247,1.4386578149370697,3.0440313176010227,-1.2108524167650978,-1.240646298699596,-0.1915646424211279,-2.3874919276631985,-1.4202282205968195,-1.524213655062647,0.12955447154404823,15.597108910792116,3.8388640375538654,109,17
Turkmenistan,TKM,2014,0.5803518829550781,2.995905129790043,0.7508410642685138,0.4977509148311164,0.8470060858089817,-0.2394571476976792,1.4685008147823304,2.8146001059951185,-1.2108524167650978,-1.240646298699596,0.07763796992567584,-2.3874919276631985,-1.4202282205968195,-1.5050085259317632,0.12955447154404823,15.619739295069381,3.870631146950548,109,18
Turkmenistan,TKM,2015,0.6573642386987365,2.995905129790043,0.7508410642685138,0.21376330292908902,0.7962805503975495,-0.23860758942199845,1.4540488725403542,2.2841952243353707,-1.2108524167650978,-1.240646298699596,0.07763796992567584,-2.3874919276631985,-1.4202282205968195,-1.5050085259317632,0.12955447154404823,15.642600329939155,3.864357474021136,109,19
Turkmenistan,TKM,2016,0.731614493129468,2.957891113175504,0.7508410642685138,-0.34454827695297124,0.40772414156300885,-0.23773514839905158,1.4545197037481494,2.0462230170565157,-1.2108524167650978,-1.240646298699596,-0.1915646424211279,-2.3874919276631985,-1.4202282205968195,-1.5050085259317632,0.12955447154404823,15.665545539068084,3.814949509389129,109,20
Turkmenistan,TKM,2017,0.8148347664634079,2.2145112774306557,0.7508410642685138,-0.5901774130074721,0.2890664102651326,-0.23684608351980593,1.4482847999703439,1.6811564128222527,-1.2108524167650978,-1.240646298699596,-0.1915646424211279,-2.3874919276631985,-1.4202282205968195,-1.524213655062647,0.12955447154404823,15.688398606632127,3.799361437013145,109,21
Timor-Leste,TLS,2000,-0.7336986933329837,1.8662714034400951,-0.7992174446965424,2.9496258739234222,-0.15316645039718024,-0.27169010358144163,-1.2027776466469184,-0.894054269335984,0.60890624023874,1.1376896013079765,-0.1915646424211279,-0.8961339132993669,-0.4037487599878938,0.7943483040401405,0.12955447154404823,13.521258953313799,3.7390259963341057,110,0
Timor-Leste,TLS,2001,-0.6955170522558806,1.1307837639177234,-0.7992174446965424,2.6914031868766757,-0.15316645039718024,-0.27128396505365615,-1.1425888840720586,-1.1357171250062696,0.60890624023874,1.1376896013079765,-0.1915646424211279,-0.8961339132993669,-0.4037487599878938,0.7943483040401405,0.12955447154404823,13.607563453531347,3.7390259963341057,110,1
Timor-Leste,TLS,2002,-0.7791164865407529,0.5784438003745748,-0.6764481512226577,3.0875168796426853,-0.15316645039718024,-0.27087934438252076,-1.2707056859372896,-1.2405756884845678,0.60890624023874,1.1376896013079765,-0.1915646424211279,-0.8961339132993669,-0.4037487599878938,0.7943483040401405,0.12955447154404823,13.68672218513121,3.7390259963341057,110,2
Timor-Leste,TLS,2003,-0.8115217762559481,-0.11107082465245968,-0.6085598711877556,1.4030057739002397,-0.4850443578776346,-0.2706512486256151,-1.3425847413472543,-1.3857401712859752,0.60890624023874,0.5431056263060834,0.34684058227247955,-0.8961339132993669,-0.06492227311825187,0.46699112437443663,0.12955447154404823,13.728730790514721,3.691228502868586,110,3
Timor-Leste,TLS,2004,-0.8160172482618505,-0.7204809531207244,-0.19634565986093835,0.9685920326944891,-0.15316645039718024,-0.2705774965152405,-1.365419608570545,-1.7749042887189013,0.7498302917130175,1.0656188885300466,0.752004297028171,-0.6400420908752499,0.06513234347941253,0.3710985166778339,0.12955447154404823,13.741944746507185,3.7390259963341057,110,4
Timor-Leste,TLS,2005,-0.8116720409446494,-0.8435323288847508,-0.14168976740626094,0.02154932358076283,-0.6076211918855707,-0.27046116580457497,-1.3619179093858589,-1.7919008802081933,0.46044887319344086,-0.48338367247000547,0.3408582541398638,-0.23183592678846227,-0.10198880653703266,-0.03628885118659132,0.12955447154404823,13.762438841015102,3.672980637774783,110,5
Timor-Leste,TLS,2006,-0.845419795517986,-1.2892238312949411,-0.14168976740626094,0.7234155622748184,-0.3249574215084635,-0.2702901136404181,-1.445831030513377,-1.8129599676683923,0.7338819268430363,-0.6344037211158663,0.09939169462419617,-0.5564699670095352,-0.23741965076715554,1.5328661013659683,0.12955447154404823,13.791830382686241,3.714569787405536,110,6
Timor-Leste,TLS,2007,-0.8127782497257523,-0.49479277071311556,-0.14168976740626094,1.5900080907934522,-0.3699931889604871,-0.2701190251928353,-1.3674929073059152,-1.7900109263286474,0.21690013884365086,-0.5365223558166946,0.22121255293591127,-0.495374994593107,-0.38953973243452855,1.5328661013659683,0.12955447154404823,13.820388640748607,3.7080582884197413,110,7
Timor-Leste,TLS,2008,-0.771632681570511,1.043202057239278,-0.22885926588880415,1.778197642825204,0.3941090943278366,-0.2699524842679651,-1.2593330839910652,-1.5914240236384232,0.49669652456505686,-0.36858996058587945,-0.03375634816671252,-0.11290549403179857,0.16087603471070935,1.9571210062127202,0.12955447154404823,13.84742580490886,3.8131731915350615,110,8
Timor-Leste,TLS,2009,-0.7324125185690887,3.1708860544197575,0.1344723213935998,2.4287739014816943,0.47450836352123765,-0.2697931214141849,-1.1452561674655752,-1.397432434990448,-1.2108524167650978,-1.240646298699596,-0.1915646424211279,-0.2569802229106366,-1.0136364363532497,0.3089865510652945,0.12955447154404823,13.872630693293832,3.8236172558073793,110,9
Timor-Leste,TLS,2010,-0.6941800499477979,2.4386214222047493,0.17826282902057358,1.7535423598473723,-0.059315405671451084,-0.26963651610077294,-1.1396739966053617,-1.4720718599128373,-1.2108524167650978,-1.240646298699596,-0.46076725476793157,-0.2569802229106366,-1.0136364363532497,0.3089865510652945,0.12955447154404823,13.896795570580457,3.7521382618210026,110,10
Timor-Leste,TLS,2011,-0.6727981767652393,5.765960532726034,0.24569720817053023,1.9381350211462736,0.15476674078786878,-0.2694821422180537,-1.0416009645447282,-1.1519427253949637,-1.2108524167650978,-1.240646298699596,-0.46076725476793157,-0.2569802229106366,-0.878105841605393,0.7454631398005573,0.12955447154404823,13.920057943121082,3.7814202707499196,110,11
Timor-Leste,TLS,2012,-0.6565814380111538,4.24827279021256,0.2407624085187923,1.5824570409380108,-0.052530025737156816,-0.26933290848733665,-0.9581779609220381,-1.1681305385608958,-1.2108524167650978,-1.240646298699596,0.07763796992567584,-0.2569802229106366,-0.878105841605393,0.7349877100512547,0.12955447154404823,13.942042763324517,3.753079640109709,110,12
Timor-Leste,TLS,2013,-0.6502270850490077,2.1425161377464477,0.16105619815094976,0.16545916359202564,0.035797857621593134,-0.2691889237588994,-0.8787087388512317,-0.5596321809038926,-0.6042661977638185,-1.240646298699596,0.07763796992567584,-0.2569802229106366,-0.878105841605393,0.7489546005360002,0.12955447154404823,13.96280579283455,3.7652537487585915,110,13
Timor-Leste,TLS,2014,-0.6344654482576862,2.243116683331082,0.21707359270620652,0.25539911785480346,-0.24481414152931777,-0.26904857946752725,-0.7863147796552762,-0.8197421730640537,-0.6042661977638185,-1.240646298699596,0.07763796992567584,-0.4700314530402132,-0.878105841605393,0.7489546005360002,0.12955447154404823,13.982637255375685,3.7260534731167034,110,14
Timor-Leste,TLS,2015,-0.6310994510506462,1.5821814809274592,0.3478569196525642,-0.4016488570156573,-0.18372018359913045,-0.26890811423140215,-0.7210573001484623,-0.7039943551720756,-0.6042661977638185,-1.240646298699596,0.07763796992567584,-0.4700314530402132,-0.878105841605393,0.7489546005360002,0.12955447154404823,14.0020996624759,3.7347198573928684,110,15
Timor-Leste,TLS,2016,-0.6239562997546861,1.900691260323618,0.507316820238085,-0.3948721364503067,-0.584365358868972,-0.2687679332154465,-0.6236272108056836,-0.6325928411611627,-0.6042661977638185,-1.240646298699596,0.07763796992567584,-0.4700314530402132,-0.878105841605393,0.7489546005360002,0.12955447154404823,14.021152241204794,3.6764683969006757,110,16
Timor-Leste,TLS,2017,-0.6577645340183247,1.256526690782921,0.644287376231285,-0.4434680322334405,-0.5691862971998918,-0.2686264822795845,-0.8091360069054802,-0.9194608732379155,-0.6042661977638185,-1.240646298699596,0.34684058227247955,-0.4700314530402132,-0.878105841605393,0.740225424925906,0.12955447154404823,14.04001638096492,3.678738310740672,110,17
Timor-Leste,TLS,2018,-0.6729419699671759,1.253617245350298,0.7141577633621234,-0.2641356967948982,-0.12007479564403507,-0.26847980048315556,-0.9279895138010248,-0.8596935679751916,-0.6042661977638185,-1.240646298699596,0.34684058227247955,-0.4700314530402132,-0.878105841605393,0.740225424925906,0.12955447154404823,14.059209394433132,3.7436689987041514,110,18
Tonga,TON,1996,-0.4746681635843758,0.32612812171410654,1.0486713641790066,0.11324164957548899,-0.6191362256211022,-0.2755894410319995,1.6699968520996764,-0.6599481185340583,1.4360690455727683,0.6812412780472428,1.3828627440094459,0.2838965535907512,1.132949167011689,0.6356298301935831,0.12955447154404823,11.515681663163946,3.671249174423318,111,0
Tonga,TON,1997,-0.48288839059157357,-0.4440436882623231,1.0486713641790066,-0.06025441854060777,-0.6416589651188112,-0.27558702818417735,1.606011060210455,-0.8423035522836589,1.4360690455727683,0.6812412780472428,1.3828627440094459,0.2838965535907512,1.132949167011689,0.6356298301935831,0.12955447154404823,11.519652785719655,3.6678538410824806,111,1
Tonga,TON,1998,-0.47002208612116264,-0.3259213769846351,1.0486713641790066,0.12653044482459105,-0.6367953093858663,-0.2755827104564955,1.6065981648855743,-0.8680047672181015,1.4360690455727683,0.6812412780472428,1.3828627440094459,0.2838965535907512,1.132949167011689,0.6356298301935831,0.12955447154404823,11.526719882992374,3.6685880203087633,111,2
Tonga,TON,1999,-0.45636662903081215,-0.3683101391827575,1.3722060113415806,-0.381333336677653,-0.5595107939347892,-0.2755787313741221,1.6135423936682578,-0.8090100500797127,1.4360690455727683,0.6812412780472428,1.3828627440094459,0.2838965535907512,1.132949167011689,0.6356298301935831,0.12955447154404823,11.533188770451641,3.680182524752147,111,3
Tonga,TON,2000,-0.43003607852318276,-0.34742235321815784,1.332566199864538,-0.360144398252002,0.11951753632768895,-0.2755749155671652,1.6648679285644041,-0.726061319830948,1.4360690455727683,0.6812412780472428,1.3828627440094459,0.2838965535907512,1.132949167011689,0.6356298301935831,0.12955447154404823,11.539353156805507,3.7766574903197228,111,4
Tonga,TON,2001,-0.42226397191412074,0.07215059434156473,1.2367898659599643,-0.3340953009370426,0.0713021222415507,-0.27557122070496126,1.6528327883782297,-0.7001097629709706,1.4360690455727683,0.6812412780472428,1.3828627440094459,0.2838965535907512,1.132949167011689,0.6356298301935831,0.12955447154404823,11.545286163474483,3.7701057951553003,111,5
Tonga,TON,2002,-0.3885101737149429,0.16263683892656555,1.3645159669630447,-0.0026304513669226154,-0.20677393268310762,-0.27556767702369855,1.7202733186861245,-0.760827376317227,1.4360690455727683,0.6812412780472428,1.3828627440094459,0.2838965535907512,1.132949167011689,0.6356298301935831,0.12955447154404823,11.55094353215775,3.7314584223029903,111,6
Tonga,TON,2003,-0.3931950300975838,-0.2990174774742474,1.6721550549747504,-0.02064806375635598,-0.6255933421791222,-0.2755641091534853,1.65230242188526,-0.8123801252910652,1.4360690455727683,0.6812412780472428,1.3828627440094459,0.2838965535907512,1.132949167011689,0.6356298301935831,0.12955447154404823,11.556607366056351,3.670276933597077,111,7
Tonga,TON,2004,-0.416207668627077,-0.34982267232613895,1.2517288336722834,0.0013220614668605624,-0.2352483725758993,-0.275560438480232,1.504951137363707,-0.8545897881596494,1.4360690455727683,0.6812412780472428,1.3828627440094459,0.2838965535907512,1.132949167011689,0.6356298301935831,0.12955447154404823,11.562401108430754,3.727415378825981,111,8
Tonga,TON,2005,-0.42702035623202683,-0.11356969585426695,1.2517288336722834,0.06611196014520218,-0.25302721420533086,-0.2755568101376422,1.4090960085717394,-0.8459090129803227,0.0023200212374607228,1.1376896013079765,1.1544484193128908,0.5952241010644648,1.9680366480995994,0.7943483040401405,0.12955447154404823,11.5680952361037,3.7248826728888993,111,9
Tonga,TON,2006,-0.4506380615639158,-0.25085314914731693,1.2492418617670944,-0.21960124598844868,-0.005146604944235991,-0.27555329064533013,1.2665613411500836,-0.9574407608479316,0.0023200212374607228,1.1376896013079765,1.1544484193128908,0.5952241010644648,1.9680366480995994,0.7943483040401405,0.12955447154404823,11.573587733136854,3.759628852839339,111,10
Tonga,TON,2007,-0.4752766414750527,-0.2869378683868223,1.407865230533801,-0.16523314664924837,0.35506544644306204,-0.2755504303019219,1.103570464516836,-0.9260510983395888,0.0023200212374607228,1.1376896013079765,0.885245806966087,0.5952241010644648,1.9680366480995994,1.1217054837058442,0.12955447154404823,11.578029451202275,3.808061705625782,111,11
Tonga,TON,2008,-0.4374903629582366,-0.3120648396297517,1.4659251623288292,-0.03687726513290366,0.4153966968373659,-0.2755486524140529,1.2099011345991446,-0.9418548297299124,0.0023200212374607228,1.1376896013079765,0.885245806966087,0.5952241010644648,1.9680366480995994,1.1217054837058442,0.12955447154404823,11.580780355869482,3.815949138291137,111,12
Tonga,TON,2009,-0.4831928854772495,0.20829422572031406,1.4874422508839136,0.011962652748415938,-0.6274634058521633,-0.27554754576956303,0.9681710644305807,-0.8368433388973957,0.0023200212374607228,1.1376896013079765,0.885245806966087,0.5952241010644648,1.9680366480995994,1.1217054837058442,0.12955447154404823,11.582488840355545,3.669995183588312,111,13
Tonga,TON,2010,-0.47796176262417334,0.7366930281894553,1.5309111920313834,-0.09077506190186026,-0.42603817392285204,-0.27554635446374603,0.9376832512854572,-0.7313006726759196,1.2154924592400194,1.1376896013079765,1.4236510316596944,0.5952241010644648,1.9680366480995994,1.449062663371548,0.12955447154404823,11.58432477200052,3.6998953552633185,111,14
Tonga,TON,2011,-0.42415944438164005,0.6470503687502815,1.582094776412595,0.14294973366521865,-0.32886793940982506,-0.2755453264333456,1.1055523091318011,-0.6443671601330617,1.2154924592400194,1.1376896013079765,1.692853644006498,0.8437839689728384,1.9680366480995994,1.7764198430372518,0.12955447154404823,11.585906373655035,3.714006062910424,111,15
Tonga,TON,2012,-0.4151862455354611,1.5044887005276553,1.127855355628356,0.11727028055038043,-0.6710303650926192,-0.27554599162948706,1.0901105882640467,-0.6627790531682552,1.2154924592400194,1.1376896013079765,1.692853644006498,0.8437839689728384,1.9680366480995994,1.449062663371548,0.12955447154404823,11.584883270027714,3.6634086723970483,111,16
Tonga,TON,2013,-0.4085223760018376,-0.04689661618348446,1.162049146387456,0.2552774570678923,-0.4062074982980178,-0.27554830167426925,1.0470235327689827,-0.9099208122492785,1.2154924592400194,1.1376896013079765,1.692853644006498,0.8437839689728384,1.9680366480995994,1.449062663371548,0.12955447154404823,11.581322158778578,3.702791309921426,111,17
Tonga,TON,2014,-0.386746842221456,-0.12044952703581611,1.209609445222104,0.023264673022875854,-0.13317230697525542,-0.27555113782872687,1.0852156244311852,-0.8905406864002323,0.40671067214865514,1.5340787594201784,1.7526764946084743,1.2580498189435894,1.5162681796475364,1.449062663371548,0.12955447154404823,11.576932594944521,3.741833898411376,111,18
Tonga,TON,2015,-0.3720817947382697,0.08820183056389472,1.4447149379399458,0.21638207393517256,-0.07046903196929978,-0.2755542461088788,1.0857586420665126,-0.9388692079416805,0.40671067214865514,1.5340787594201784,1.7526764946084743,1.2580498189435894,1.5162681796475364,1.449062663371548,0.12955447154404823,11.572099623608649,3.750588921146818,111,19
Tonga,TON,2016,-0.30540927448879573,0.1951096053725406,1.4447149379399458,0.4015863712148987,0.027102530480100452,-0.27555769908157673,1.0626767523158647,-0.9035024820648968,0.40671067214865514,1.5340787594201784,1.7526764946084743,1.2580498189435894,1.5162681796475364,1.449062663371548,0.12955447154404823,11.5667031706507,3.7640618395424896,111,20
Tonga,TON,2017,-0.27188054946480844,0.49877671231222553,1.4447149379399458,0.409309140368783,-1.216874486897308,-0.27555871501750184,1.1241217466500264,-0.8661650968720562,1.2154924592400194,1.9304683931995605,1.513385092200569,1.2580498189435894,1.8174469779081186,1.449062663371548,0.12955447154404823,11.565109862207676,3.5769856969541394,111,21
Tunisia,TUN,1996,-0.12801658683858022,0.07340471723209656,-0.1818587306628393,0.34194413668770085,-0.43510257424679716,-0.21999018866517517,1.781202827004842,0.13764020585303494,0.0023200212374607228,2.326857551311763,0.07763796992567584,-0.04392958932426608,0.07060832162960441,-0.5150804146226747,1.857836459409079,16.04492617673915,3.6985688458351054,112,0
Tunisia,TUN,1997,-0.08083626932638985,0.13133273967688072,-0.12941410946037754,0.19058799280757963,-0.361541814599543,-0.21922316913617393,1.8038436875240798,-0.0276981401200854,0.0023200212374607228,2.326857551311763,0.34684058227247955,-0.04392958932426608,0.07060832162960441,-0.5150804146226747,1.857836459409079,16.058480563140915,3.709283467009657,112,1
Tunisia,TUN,1998,-0.03859051018523267,0.17531893861031314,0.0978368869569695,0.17547303181760712,-0.13621856934349574,-0.21849509986487387,1.825525752955391,-0.0880413401317928,0.0023200212374607228,2.326857551311763,0.6160431946192833,-0.04392958932426608,0.07060832162960441,-0.5150804146226747,1.857836459409079,16.07117887090855,3.7414066015940097,112,2
Tunisia,TUN,1999,0.02200801602862756,0.2142366759437214,0.23807578992622438,0.11532242799328996,-0.38488464643516046,-0.21780392479047403,1.8541047423595711,-0.06554424411920753,0.0023200212374607228,2.326857551311763,0.7506445007926851,-0.04392958932426608,0.07060832162960441,-0.5150804146226747,1.857836459409079,16.08308631350069,3.7058958446647883,112,3
Tunisia,TUN,2000,0.06887060316011562,0.31272524691030035,0.329695470076411,0.25259605170763316,-0.04974925377377542,-0.21714494520932076,1.878925539725905,-0.0022642681786890916,0.0023200212374607228,2.326857551311763,0.885245806966087,-0.04392958932426608,0.07060832162960441,-0.5150804146226747,1.857836459409079,16.094308568251982,3.7534651781725334,112,4
Tunisia,TUN,2001,0.10579164979044352,0.3319489342911098,0.4139824802283021,0.4530577422521641,-0.294872136707549,-0.21651154544342532,1.8995436650346051,-0.03303598750067513,0.3056131307381003,2.326857551311763,0.2122392760990777,0.06259602574052224,0.13837361900353315,-0.187723234956971,1.809828626412828,16.10497778676401,3.718896166283701,112,5
Tunisia,TUN,2002,0.10984056003198374,0.26384856658625433,0.4749072112895124,0.33097793280726934,-0.06343655162622078,-0.21589570685566434,1.9026947358171036,-0.021428801890125734,0.60890624023874,2.326857551311763,-0.46076725476793157,0.16912164080531122,0.2061389163774616,0.13963394470873283,1.2817424634540688,16.115243186547158,3.7515660765426624,112,6
Tunisia,TUN,2003,0.16150907076595575,0.03773824329057533,0.45926731439831586,0.24538236824459891,-0.30859582452232487,-0.21529027556389835,1.9164786024340725,-0.1058434720842633,0.0023200212374607228,1.1376896013079765,0.6160431946192833,0.16912164080531122,-0.20045286786610875,0.13963394470873283,1.2817424634540688,16.125233416393524,3.716924968963803,112,7
Tunisia,TUN,2004,0.23827380534852868,-0.05588403319296396,0.602146310236915,0.3768857186795858,-0.3197811411472374,-0.21471862414164308,1.9540680149731513,-0.10431865169681825,0.60890624023874,1.1376896013079765,-0.1915646424211279,-0.04392958932426608,0.34166951112531785,0.13963394470873283,1.2817424634540688,16.134575509064252,3.715315490724245,112,8
Tunisia,TUN,2005,0.27807569674481947,-0.13825977377917517,0.726619558122391,0.4733282826043686,-0.2674431523261063,-0.21417855139439407,1.972544233151902,-0.0332962342514164,0.0023200212374607228,1.1376896013079765,-0.1915646424211279,-0.04392958932426608,0.2061389163774616,-0.5150804146226747,1.2817424634540688,16.143322072266976,3.722824313555026,112,9
Tunisia,TUN,2006,0.34628787879669193,-0.0006999191565741414,0.8177323360193979,0.5803195037877216,0.9526311027044666,-0.21362862769701385,1.9566917408314588,0.02918852038144166,0.60890624023874,1.1376896013079765,0.6160431946192833,0.3821728709348875,0.7482612953688889,-0.4173095623720222,1.2817424634540688,16.152150254254337,3.8835697626176136,112,10
Tunisia,TUN,2007,0.44078526757771336,0.05507273644340035,0.9501441043606199,0.8737288998467891,0.017528717726508245,-0.2130523743269072,2.032036312380605,0.17256564191115525,0.3056131307381003,1.1376896013079765,0.4814418884458814,0.16912164080531122,0.612730700621032,-0.4173095623720222,1.2817424634540688,16.161318249721084,3.762747866906705,112,11
Tunisia,TUN,2008,0.49722420150919217,0.12612481602520648,1.0024827293721879,1.1719457373697637,0.3393468982158806,-0.21244200848921913,2.1229709539662833,0.383943052653628,0.0023200212374607228,1.1376896013079765,0.07763796992567584,0.16912164080531122,0.7482612953688889,0.001707627600078752,1.2817424634540688,16.17093816468564,3.805996477591875,112,12
Tunisia,TUN,2009,0.5331599149117418,0.21162807742836906,0.9221597280071623,0.5535244040276776,-0.04740697448285019,-0.21178862865012937,1.9611271079181167,0.10043444975033022,0.0023200212374607228,1.1376896013079765,0.07763796992567584,0.16912164080531122,0.612730700621032,-0.43476896113518465,1.2817424634540688,16.18113448562808,3.753789806454651,112,13
Tunisia,TUN,2010,0.5674331959824472,0.4147913703812587,0.8958729490577559,0.760395696346557,-0.152525831652784,-0.21109138819636702,2.11080954092001,0.2237413976756702,0.0023200212374607228,1.1376896013079765,0.34684058227247955,0.16912164080531122,0.34166951112531785,-0.9009255849791469,1.761820793416577,16.191901813286325,3.739116084782119,112,14
Tunisia,TUN,2011,0.5090014364896073,0.06327511820878046,0.9404410997258649,0.7591015266874347,-0.4888217096869066,-0.2103653870803431,2.153372082401491,0.3089697670262642,0.60890624023874,1.1376896013079765,-0.7299698671147353,-0.4700314530402132,0.2061389163774616,0.013928787717102448,1.3777581294465697,16.20299142497063,3.6906711173539204,112,15
Tunisia,TUN,2012,0.5641520162253871,0.15372015819234686,0.9404410997258649,0.8009837737556758,-0.08539615439632081,-0.20961787593999953,2.070519650125574,0.27348429645620304,0.60890624023874,1.1376896013079765,-0.46076725476793157,-0.2569802229106366,0.2061389163774616,0.03837163172263761,1.6658051274240748,16.214282537252267,3.7485116441918036,112,16
Tunisia,TUN,2013,0.5868911833986582,0.08744695907384563,0.8641550745385606,0.7257132579049501,-0.2731977647107096,-0.2088213700802188,2.102823195724331,0.19166515678552173,0.60890624023874,-0.051478348695809785,-0.46076725476793157,-0.2569802229106366,0.4772001058731751,0.9270369062741433,1.569789461431574,16.2261750471085,3.7220014646974624,112,17
Tunisia,TUN,2014,0.6222912353383545,-0.1274950275435118,0.7819426599768404,0.6431329140216931,-0.2961891269315755,-0.20801752892116912,2.1253984845185716,0.02454288250551832,1.2154924592400194,-0.051478348695809785,-0.1915646424211279,-0.04392958932426608,0.4772001058731751,1.0230620281570744,1.569789461431574,16.238035381497696,3.7187071692922973,112,18
Tunisia,TUN,2015,0.6191096606411832,-0.19510538839288982,0.8114770406028339,0.3862572731632303,-0.28239871663308197,-0.20724362763572263,2.087954679210164,-0.16111025186410463,1.2154924592400194,-0.051478348695809785,-0.1915646424211279,-0.04392958932426608,0.612730700621032,1.094643782262983,1.569789461431574,16.249322577840157,3.7206844172853937,112,19
Tunisia,TUN,2016,0.61927285786989,-0.25381856641020406,0.9761232594235533,0.38173755495950845,-0.4035470126579706,-0.20647919632443545,2.1217671843616843,-0.23509835934648554,1.2154924592400194,-0.051478348695809785,-0.46076725476793157,-0.04392958932426608,0.7482612953688889,1.0387751727810282,1.569789461431574,16.260347968035465,3.7031791942547176,112,20
Tunisia,TUN,2017,0.6420003991042292,-0.30857933267868504,0.9761232594235533,0.6344944165547358,-0.3156518749718355,-0.20574249764500938,2.113154746274583,-0.2669995855210497,1.2154924592400194,1.1376896013079765,-0.1915646424211279,0.5952241010644648,0.7482612953688889,0.5883316935610199,1.569789461431574,16.27085956967672,3.7159099610111945,112,21
Turkiye,TUR,1996,0.7727240497343971,0.24917221788002294,-0.14910107082387286,-0.994042801980321,-0.5920743408956873,0.09843740217351352,0.7850616250676903,0.5342173252477952,0.0023200212374607228,-0.051478348695809785,-0.7299698671147353,0.3821728709348875,-0.06492227311825187,-0.5150804146226747,1.809828626412828,17.94185648709839,3.675313601046899,113,0
Turkiye,TUR,1997,0.8933765911160427,0.27701978037510333,-0.14910107082387286,-0.9037637681545536,-0.5892409563941607,0.1038909945975365,0.9577047998174976,0.5314331514045416,-0.6042661977638185,-0.051478348695809785,-0.999172479461539,0.2756472558700992,-0.20045286786610875,-0.8424375942883786,1.209730713959693,17.956308699523518,3.675738193508557,113,1
Turkiye,TUR,1998,0.9043326477785087,-0.046519146924422626,-0.14910107082387286,-0.9728958435336105,-0.5832556342256779,0.10922113266494271,0.9081977922749543,0.348036859238804,-1.2108524167650978,-0.051478348695809785,-1.2683750918083427,0.16912164080531122,-0.33598346261396533,-1.1697947739540824,0.7056484674990585,17.97023475513323,3.6766345225159114,113,2
Turkiye,TUR,1999,0.8086133395362186,-0.32393402019259915,0.21697549995224152,-1.0514928596161601,-0.5892542835452431,0.11440688083898919,0.8766088226782234,0.12053536507187326,-0.9075593072644581,-0.051478348695809785,-0.8645711732881372,0.38217287093488816,-0.1326875704921809,-1.1697947739540824,0.32158580352905125,17.98359994545787,3.675736196810827,113,3
Turkiye,TUR,2000,0.9272183299851503,-0.03377483062910774,0.4059638061992604,-0.914968133269085,-0.5804013943049179,0.11945050683379452,1.159596349840132,-0.0024932488532519283,-0.6042661977638185,-0.051478348695809785,-0.46076725476793157,0.5952241010644648,0.07060832162960441,-1.1697947739540824,0.9936954654765636,17.996429710131764,3.677061675078883,113,4
Turkiye,TUR,2001,0.7795051276036236,-0.5475850486547283,0.7945234542845034,-0.6954546297289398,-0.3605418787195451,0.12440420435751251,0.9849032486568999,-0.10913678374296593,-0.30097308826317887,-0.051478348695809785,-0.5953685609413335,0.5952241010644648,0.2739042137513894,-0.8424375942883786,1.1857267974615666,18.008872495599242,3.709428326428403,113,5
Turkiye,TUR,2002,0.8868666084935012,-0.35403659391801984,0.9683187889093495,-0.748872865961394,-0.5648537102626064,0.12926416969766155,1.0337306030974909,-0.18316940262737222,0.0023200212374607228,-0.051478348695809785,-0.7299698671147353,0.5952241010644648,0.4772001058731751,-0.5150804146226747,0.7056484674990585,18.02093121078204,3.6793852722266718,113,6
Turkiye,TUR,2003,0.987036909507794,-0.19959760364578516,1.0303302918677832,-0.7991675550131582,-0.5495919248321137,0.13399876370685887,0.9942769180717369,-0.16558211255804042,0.0023200212374607228,-0.051478348695809785,-0.7299698671147353,0.5952241010644648,0.4772001058731751,-0.5150804146226747,1.0176993819746887,18.032540652278197,3.68166090283236,113,7
Turkiye,TUR,2004,1.1862554817786375,0.37037044960309135,0.9032075537974752,-0.7230406019080486,-0.526029277415603,0.1386000282203576,1.2969167686443064,-0.13930127489403255,0.0023200212374607228,-0.051478348695809785,-0.46076725476793157,0.5952241010644648,0.4772001058731751,-0.5150804146226747,1.2817424634540688,18.043695477576367,3.6851641075807255,113,8
Turkiye,TUR,2005,1.384056145649406,0.5202628808602849,0.7811228823961788,-0.8008878102782218,-0.307185890146473,0.1430564795338611,1.5002848834590645,-0.12807843166932661,0.0023200212374607228,-0.051478348695809785,0.07763796992567584,0.5952241010644648,0.612730700621032,0.13963394470873283,1.2817424634540688,18.054381895591845,3.717127663603633,113,9
Turkiye,TUR,2006,1.544462914543783,0.7830238350064461,0.9118693911542973,-0.7244261234523758,-0.031054203899844368,0.14738504386555068,1.5595464848888532,-0.06146207365082662,0.60890624023874,-0.051478348695809785,0.34684058227247955,0.8082753311940414,0.4772001058731751,0.04360934659728888,1.2817424634540688,18.064653447387645,3.7560532878397,113,10
Turkiye,TUR,2007,1.6850196437442946,0.7177079050211603,0.9909049602972347,-0.7510517873884264,-0.09684613641949774,0.14806694852463365,1.5573547766598919,-0.03350230284097361,0.60890624023874,-0.051478348695809785,0.2122392760990777,0.8082753311940414,0.4772001058731751,0.04360934659728888,1.2817424634540688,18.06626200999946,3.746915320874672,113,11
Turkiye,TUR,2008,1.6745951281581128,0.5722048842198354,0.930134455766707,-0.6717792066682713,-0.2079979566517012,0.15347055448224495,1.566783820016885,-0.051794324667645504,0.60890624023874,-0.051478348695809785,0.07763796992567584,0.8082753311940414,0.4772001058731751,0.04186309245807965,1.2817424634540688,18.07891804347377,3.7312849607741208,113,12
Turkiye,TUR,2009,1.490492160305605,0.04525689422227595,0.6089358706782316,-0.779710781949125,-0.4188552575880794,0.15944237098388891,1.355451494735282,-0.23128802802243784,0.60890624023874,-0.051478348695809785,0.6160431946192833,0.8082753311940414,0.34166951112531785,0.04186309245807965,1.2817424634540688,18.092721070437985,3.700945274875341,113,13
Turkiye,TUR,2010,1.6832741436743295,0.2777352082312183,0.7542670130763793,-0.7824887885745456,-0.44424305765399724,0.16611213546610026,1.4897190068066448,-0.19342208094501412,0.60890624023874,-0.051478348695809785,0.07763796992567584,0.8082753311940414,0.34166951112531785,0.048847061471940144,0.8976797994840615,18.10791537960499,3.6972294179739382,113,14
Turkiye,TUR,2011,1.962712692473457,0.65515787577107,0.8847147424802542,-0.5879670222359366,-0.3167425954453769,0.17265209599216272,1.5258411488267605,0.0011392571041848368,0.60890624023874,-0.051478348695809785,0.07763796992567584,0.8082753311940414,0.34166951112531785,0.048847061471940144,0.7056484674990585,18.122593121050695,3.7157529696527125,113,15
Turkiye,TUR,2012,2.076301937442517,0.5836614664174109,0.7839020002564439,-0.5973570375635808,-0.37835961565420667,0.17841026358764595,1.4627929577045495,-0.012501300663636767,0.60890624023874,-0.051478348695809785,0.07763796992567584,0.8082753311940414,0.34166951112531785,0.05408477634659141,0.7056484674990585,18.135340301078177,3.70684394421222,113,16
Turkiye,TUR,2013,2.316233924378957,0.7530279676423536,1.4066211917979483,-0.6048792050637062,-0.4025014652248889,0.1842869509938239,1.511919486460732,0.07632383039667491,0.60890624023874,-0.051478348695809785,0.07763796992567584,0.8082753311940414,0.34166951112531785,0.03138766270877712,0.7056484674990585,18.148184448375215,3.7033315882103635,113,17
Turkiye,TUR,2014,2.4319612657531566,0.788095646211965,1.5430456138532698,-0.5689682078322483,-0.40154251840898564,0.19054136700530944,1.5198795050648999,0.11349104477640928,0.60890624023874,-0.051478348695809785,0.07763796992567584,0.8082753311940414,0.34166951112531785,-0.057653490160293815,0.36959363652530175,18.161675337201256,3.7034713392620975,113,18
Turkiye,TUR,2015,2.5963486385392005,0.9006477887110251,1.5889702946515005,-0.6394855135431656,-0.26451761658966366,0.1968099033167068,1.433469923447299,0.09395291139625611,0.60890624023874,-0.051478348695809785,-0.46076725476793157,0.8082753311940414,0.34166951112531785,-0.057653490160293815,0.41760146952155336,18.175016494732592,3.723242374839804,113,19
Turkiye,TUR,2016,2.6720723809342695,0.9044572964529843,1.6362241428082323,-0.7266152204291333,-0.37221951202441417,0.20321684880342844,1.3722613213894777,0.1251649008615055,0.60890624023874,-0.051478348695809785,-0.46076725476793157,0.8082753311940414,0.34166951112531785,-0.07162038064503896,0.41760146952155336,18.188470753912224,3.7077352929346015,113,20
Turkiye,TUR,2017,2.927820968511085,0.9307362654823033,1.7967023758176384,-0.5159353027517554,-0.421826875993505,0.2094741433000352,1.3391878065028775,0.1830787070533697,0.60890624023874,-0.051478348695809785,-0.46076725476793157,0.8082753311940414,0.34166951112531785,-0.09955520915750393,0.41760146952155336,18.201438310871755,3.7005110500991156,113,21
Tanzania,TZA,1996,-1.041673270056774,-1.3646397479845742,-2.1134038412604195,-1.107747757953155,-0.37187447367480775,-0.08905945072504694,-1.3873881863888657,-1.485812662154226,-0.6042661977638185,-1.240646298699596,-0.46076725476793157,-0.2569802229106366,-0.33598346261396533,-1.82450913328549,0.9936954654765636,17.24774664950052,3.7077853580131683,114,0
Tanzania,TZA,1997,-1.0378860182769978,-1.5109229281738554,-2.095213074173599,-1.3068939217244653,-0.4015986885571939,-0.08523561908378206,-1.391721589295381,-1.4873999753368694,-0.6042661977638185,-0.646062323697703,-0.32616594859452974,-0.2569802229106366,-0.33598346261396533,-1.82450913328549,0.9456876324803126,17.267974083645413,3.70346315390625,114,1
Tanzania,TZA,1998,-1.0351980236457108,0.0022580940724774914,-2.095213074173599,-1.3856259715356773,-0.401508386630475,-0.08014161355211782,-1.3953346844211305,-0.5488382540561829,-0.6042661977638185,-0.051478348695809785,-0.1915646424211279,-0.2569802229106366,-0.33598346261396533,-1.82450913328549,0.41760146952155336,17.294300232098788,3.703476313059097,114,2
Tanzania,TZA,1999,-1.029611103569114,-0.3627625808060662,-2.095213074173599,-1.4181490920325255,0.04680687421009128,-0.07482081846688027,-1.398946526253683,-0.5856256118937261,-0.6042661977638185,-0.051478348695809785,-0.5953685609413335,-0.3635058379754249,-0.33598346261396533,-1.82450913328549,0.41760146952155336,17.32107789484121,3.7667607711220223,114,3
Tanzania,TZA,2000,-1.0252664780992662,-0.4641803292177702,-2.095213074173599,-1.4481016623066132,-0.054907734522818094,-0.06901662534564584,-1.4021749551533818,-0.6340559999684507,-0.6042661977638185,-0.051478348695809785,-0.999172479461539,-0.4700314530402132,-0.33598346261396533,-1.82450913328549,0.41760146952155336,17.34949313725003,3.7527498665167887,114,4
Tanzania,TZA,2001,-1.0162954550851777,-0.3648409994912348,-2.095213074173599,-1.3309223318376175,0.0438233845630718,-0.06334334887228782,-1.4046347161322115,-0.619998852772003,-0.6042661977638185,-0.051478348695809785,-0.5953685609413335,-0.4700314530402132,-0.33598346261396533,-1.82450913328549,0.41760146952155336,17.376508343947517,3.766352586034158,114,5
Tanzania,TZA,2002,-1.003861010358743,-0.39942969268293815,-2.095213074173599,-1.346317807142333,-0.16750378827595164,-0.05776171828550965,-1.4066856974323687,-0.44414627836048903,-0.6042661977638185,-0.051478348695809785,-0.1915646424211279,-0.4700314530402132,-0.33598346261396533,-1.82450913328549,0.41760146952155336,17.40239341542851,3.737007649718682,114,6
Tanzania,TZA,2003,-0.992282410086215,-0.1076993487345561,-2.095213074173599,-1.2607865213581626,-0.28693478785516724,-0.05190647438403721,-1.4087622125031842,-0.2985221882372809,-0.6042661977638185,-0.051478348695809785,-0.1915646424211279,-0.4700314530402132,-0.33598346261396533,-1.82450913328549,0.41760146952155336,17.428845978512484,3.7200344736979236,114,7
Tanzania,TZA,2004,-0.9779722557721066,0.3742935142082393,-2.095213074173599,-1.169127145385996,-0.19207584345424772,-0.045737608643580716,-1.4107297431640413,-0.31013902177187636,-0.6042661977638185,-0.051478348695809785,-0.1915646424211279,-0.4700314530402132,-0.6070446521096794,-1.1697947739540824,0.41760146952155336,17.45597858742791,3.7335390031221873,114,8
Tanzania,TZA,2005,-0.9632949500098436,0.7226497232625863,-2.095213074173599,-1.0720007249435122,0.21900808547126752,-0.03925250261023787,-1.4110254935301358,-0.32394628188863533,-1.2108524167650978,-0.051478348695809785,-0.1915646424211279,-0.4700314530402132,-0.6070446521096794,-1.1697947739540824,0.41760146952155336,17.483729980816282,3.790042477168456,114,9
Tanzania,TZA,2006,-0.9511436506052864,1.0815982245011075,-2.095213074173599,-0.9035578927665874,-0.27486273571053166,-0.03252297932557308,-1.411749159607422,-0.33178998037835566,0.0023200212374607228,-0.051478348695809785,0.34684058227247955,-0.4700314530402132,-0.33598346261396533,0.825774593288048,0.5856288850084309,17.511735542491294,3.7217632650672727,114,10
Tanzania,TZA,2007,-0.9377173549938209,1.3709138137074215,-2.095213074173599,-0.7501549962231033,-0.19107964366843166,-0.025625439590051542,-1.4067311537998484,-0.3025118395953627,0.0023200212374607228,-0.051478348695809785,0.2122392760990777,-0.4700314530402132,-0.33598346261396533,0.825774593288048,1.1857267974615666,17.539648873026096,3.7336798631770174,114,11
Tanzania,TZA,2008,-0.9272711895290708,1.6345387260638036,-2.095213074173599,-0.7220811645265727,0.19598223919054633,-0.018760518654411994,-1.4027629224899345,-0.2575633388860267,0.0023200212374607228,-0.051478348695809785,0.07763796992567584,-0.4700314530402132,-0.33598346261396533,0.843233468279723,1.0897111314690657,17.56667746239344,3.786960584544301,114,12
Tanzania,TZA,2009,-0.917138747030244,1.0201457771431701,-2.095213074173599,-0.8813912848232799,-0.09300685468860284,-0.012330769034513675,-1.3986811667326435,-0.42897521075102435,0.0023200212374607228,-0.051478348695809785,0.07763796992567584,-0.4700314530402132,-0.33598346261396533,0.843233468279723,0.9936954654765636,17.591346831329595,3.7474508664317314,114,13
Tanzania,TZA,2010,-0.9030403291686828,0.9927027205399024,-1.1407907226269625,-0.7622746170723292,0.31678956316146506,-0.005530614014101451,-1.3869793032500508,-0.2726500831153769,0.0023200212374607228,-0.051478348695809785,0.07763796992567584,-0.2569802229106366,-0.33598346261396533,0.9060860467755382,0.7776602169934357,17.616791683018707,3.803025243007561,114,14
Tanzania,TZA,2011,-0.884305278491613,1.5179770802564632,-1.1407907226269625,-0.5150518774659119,-0.04109595689682893,0.0021546933227971237,-1.3735212193303843,-0.037579029036921584,0.0023200212374607228,-0.051478348695809785,0.07763796992567584,-0.2569802229106366,-0.33598346261396533,0.9060860467755382,0.7056484674990585,17.644790185523192,3.7546639580240413,114,15
Tanzania,TZA,2012,-0.8778888436929317,1.2589067892951626,-1.1407907226269625,-0.5671652929664333,0.12655221692720514,0.010287580907093925,-1.3658456360162474,-0.11931459127352582,0.0023200212374607228,-0.051478348695809785,0.07763796992567584,-0.2569802229106366,-0.33598346261396533,0.9479877657727482,0.5136171355140543,17.673589622300607,3.777609811512336,114,16
Tanzania,TZA,2013,-0.8625326409929691,1.379365011982939,-1.1229055392924296,-0.7335327336162774,0.1322403909498846,0.019055277263658525,-1.355780207428992,-0.11538444540666314,0.0023200212374607228,-0.051478348695809785,0.07763796992567584,-0.2569802229106366,-0.20045286786610875,0.9287831604133516,0.41760146952155336,17.703735195346187,3.7783791865369554,114,17
Tanzania,TZA,2014,-0.8471272577230003,1.2838911123757917,-1.2226993136871545,-0.828516786101191,-0.1618610146577466,0.028291731293870286,-1.3433878534497297,-0.1407757153077617,0.0023200212374607228,-0.051478348695809785,0.07763796992567584,-0.2569802229106366,-0.20045286786610875,0.9287831604133516,0.41760146952155336,17.734539226329797,3.737802500487906,114,18
Tanzania,TZA,2015,-0.8345463332646063,1.1262446618133382,-1.3509585050505462,-0.9618567591036151,-0.10380042667985612,0.038387292188011526,-1.3388924567317053,-0.1951909294866035,0.0023200212374607228,-0.051478348695809785,0.07763796992567584,-0.2569802229106366,-0.20045286786610875,0.8956106170262357,0.41760146952155336,17.76715732992416,3.745944528543155,114,19
Tanzania,TZA,2016,-0.8191264851211073,1.2333527174213268,-1.3671763508431694,-1.1166220166057819,-0.3473361127229828,0.04929077007937829,-1.333082689804164,-0.164325499577974,0.0023200212374607228,-0.051478348695809785,0.07763796992567584,-0.2569802229106366,-0.20045286786610875,0.9270369062741433,0.41760146952155336,17.801230282421738,3.7113394627391925,114,20
Tanzania,TZA,2017,-0.8035207541977519,1.5251918252533432,-1.3407970072830693,-1.1835445033008138,-0.3432438298448875,0.06035042393028389,-1.32973120962963,-0.14904025448451227,0.0023200212374607228,-0.051478348695809785,0.07763796992567584,-0.4700314530402132,-0.20045286786610875,0.876406011666839,0.41760146952155336,17.834644584022023,3.711930956725682,114,21
Uganda,UGA,1996,-1.09606287020973,-0.6815126802262906,-1.9273829273985246,-1.1176364478772383,-0.30238324344789547,-0.14780359926773917,0.16575736337271646,-1.0085692872764946,0.0023200212374607228,-0.051478348695809785,-1.8067803165019503,0.5952241010644648,-0.878105841605393,-1.1697947739540824,0.12955447154404823,16.870998888005726,3.717817792357197,115,0
Uganda,UGA,1997,-1.0917602068679577,-0.6910547611628304,-1.9273829273985246,-1.1532139424590324,-0.16888813602040498,-0.1440271235445084,0.1535449343788095,-0.90647230503146,-0.6042661977638185,-0.051478348695809785,-1.8067803165019503,0.5952241010644648,-1.1491670311011064,-1.4971519536197861,0.2015662210384248,16.89998819178958,3.7368125515717123,115,1
Uganda,UGA,1998,-1.0879238050680553,-0.8087683631096583,-1.9273829273985246,-1.2725279738053366,-0.10163286532079525,-0.14003739803280177,0.1401665879680444,-0.8647670196795366,-1.2108524167650978,-0.051478348695809785,-1.8067803165019503,0.5952241010644648,-1.4202282205968195,-1.82450913328549,0.7056484674990585,16.92972815384696,3.7462472129282514,115,2
Uganda,UGA,1999,-1.0780916062328778,-0.403356479380384,-1.9273829273985246,-1.0991006312414253,-0.24567049780577843,-0.13555352249655728,0.12661784494882616,-0.7475777074275542,-1.2108524167650978,-0.051478348695809785,-1.8067803165019503,0.5952241010644648,-1.4202282205968195,-1.82450913328549,0.7056484674990585,16.962128845260487,3.725931460736126,115,3
Uganda,UGA,2000,-1.0782045486409293,-0.4071440493070017,-1.9273829273985246,-1.1940867608800825,-0.20212837678048842,-0.13106121711102922,0.11046831219314737,-0.4488335247884072,-1.2108524167650978,-0.051478348695809785,-1.8067803165019503,0.5952241010644648,-1.4202282205968195,-1.82450913328549,0.7056484674990585,16.993570679959095,3.732116489687789,115,4
Uganda,UGA,2001,-1.073710803728113,-0.4297619410527253,-1.9273829273985246,-1.1192460967682543,-0.20227604100047503,-0.12655284421506616,0.09396126912805851,-0.4712539326499645,-1.2108524167650978,-0.051478348695809785,-1.8067803165019503,0.5952241010644648,-1.4202282205968195,-1.82450913328549,0.7056484674990585,17.024161365056308,3.732095578938122,115,5
Uganda,UGA,2002,-1.0614684017024008,-0.31864875212265836,-1.9273829273985246,-1.0917618518426957,-0.13555350700422708,-0.12179249502071915,0.07811099611556686,-0.32556117532989437,-1.2108524167650978,-0.051478348695809785,-1.8067803165019503,0.5952241010644648,-1.4202282205968195,-1.82450913328549,0.7056484674990585,17.055477238829166,3.741499904944001,115,6
Uganda,UGA,2003,-1.0538838288053793,-0.23127917306232187,-1.9273829273985246,-1.0828326137823931,-0.1234133157414439,-0.11683827138732564,0.05702982842408151,-0.34580773589667574,-1.2108524167650978,-0.051478348695809785,-1.8067803165019503,0.5952241010644648,-1.4202282205968195,-1.82450913328549,0.7056484674990585,17.087059474861288,3.7432015563177625,115,7
Uganda,UGA,2004,-1.0448521152845103,-0.3209364945869502,-1.6033940305886838,-1.115473259865314,-0.011737855969887506,-0.11198602232241751,0.012766319221126211,-0.4965956195792745,-1.2108524167650978,-0.051478348695809785,-1.2683750918083427,0.5952241010644648,-1.4202282205968195,-1.82450913328549,0.7056484674990585,17.11705392568701,3.7587203915506615,115,8
Uganda,UGA,2005,-1.0365009361356583,-0.047038222832538175,-1.6033940305886838,-1.0129906507434576,0.0541962034353299,-0.10709517373959192,-0.0349124079859036,-0.2764821425479551,-1.2108524167650978,-0.051478348695809785,-1.5375777041551464,0.5952241010644648,-1.2846976258489626,-1.1697947739540824,0.7056484674990585,17.14640313650482,3.7677710228246735,115,9
Uganda,UGA,2006,-1.0164103827207607,-0.20195933280724468,-1.6033940305886838,-0.8784716768554947,0.45087917071452355,-0.10207164876273388,-0.07739604907569762,-0.33836662905530784,0.0023200212374607228,-0.051478348695809785,-0.1915646424211279,-0.4700314530402132,0.34166951112531785,0.38231455931041164,0.7056484674990585,17.17567772898626,3.8205590669416982,115,10
Uganda,UGA,2007,-1.0013983580385504,-0.0874242202130803,-1.4233969514259825,-0.7873000386700524,0.48461573936848773,-0.09687448945124259,-0.11751981130982148,-0.14611381454928207,0.0023200212374607228,-0.051478348695809785,-0.1915646424211279,-0.4700314530402132,0.34166951112531785,0.38231455931041164,0.561624968510306,17.205088393408122,3.824922544132516,115,11
Uganda,UGA,2008,-0.9847431855050585,0.01927814121359839,-1.4233969514259825,-0.5123799398519404,0.21254021103952492,-0.09151589308345733,-0.16046388110895268,-0.08865195977150876,0.0023200212374607228,-0.051478348695809785,-0.1915646424211279,-0.4700314530402132,0.34166951112531785,0.36310995395101575,0.41760146952155336,17.234533253849825,3.789177743854372,115,12
Uganda,UGA,2009,-0.9730137568363321,0.23870168209014975,-1.4233969514259825,-0.7789934005839947,-0.0745802215457672,-0.08600324333654824,-0.20279895855639601,0.037627891621147595,0.0023200212374607228,-0.051478348695809785,0.07763796992567584,-0.4700314530402132,0.34166951112531785,0.36310995395101575,0.41760146952155336,17.263946170010623,3.750017233313571,115,13
Uganda,UGA,2010,-0.96456800612309,0.49259525913445634,-1.4233969514259825,-1.0340148267349267,-0.2960915312649911,-0.08032095043185465,-0.6706219648059716,0.06305299890282358,0.0023200212374607228,-0.051478348695809785,0.07763796992567584,-0.4700314530402132,0.34166951112531785,0.3666014146864578,0.41760146952155336,17.29338508244255,3.7187211761550603,115,14
Uganda,UGA,2011,-0.9435897647753617,0.46009279453683505,-1.4233969514259825,-0.9909253626289807,-0.09834427458237668,-0.07449297957218197,-0.9101855913897996,0.060263172434063435,0.0023200212374607228,-0.051478348695809785,-0.1915646424211279,-0.4700314530402132,0.34166951112531785,0.38056882894269073,0.41760146952155336,17.322704572918525,3.7467062661448294,115,15
Uganda,UGA,2012,-0.9404954780546598,0.3872216907269679,-1.4233969514259825,-0.8822746474627887,0.10551976487033128,-0.06854917992256865,-0.911994183131286,0.028679107786979317,0.0023200212374607228,-0.051478348695809785,-0.1915646424211279,-0.4700314530402132,0.34166951112531785,0.38580654381734203,0.22557013753655034,17.351746832900652,3.7747598374167453,115,16
Uganda,UGA,2013,-0.9381265249127925,1.0771371165570391,-1.4233969514259825,-0.8936701136688824,6.987867117356967e-06,-0.062504336979068,-1.0815745465672992,-0.11389381411251723,0.0023200212374607228,-0.051478348695809785,-0.1915646424211279,-0.4700314530402132,0.34166951112531785,0.3962819735666445,0.1295544715440488,17.380442348463145,3.7603385895905928,115,17
Uganda,UGA,2014,-0.9306844015759635,0.4419380160681398,-1.4233969514259825,-1.0993995676749129,-0.09203955017042777,-0.05610335406866888,-1.4862269862292163,-0.13402294491296055,0.0023200212374607228,-0.051478348695809785,-0.1915646424211279,-0.4700314530402132,0.34166951112531785,0.3962819735666445,0.1295544715440488,17.409956797627338,3.747585751562528,115,18
Uganda,UGA,2015,-0.9232571929316264,0.08172621839233729,-1.4233969514259825,-1.0508318926025118,-0.2557508045166456,-0.04923425449181345,-1.4825178316270988,0.022962485878299597,0.0023200212374607228,-0.051478348695809785,-0.46076725476793157,-0.2569802229106366,0.4772001058731751,0.3962819735666445,0.1295544715440488,17.440689726189955,3.724494113376254,115,19
Uganda,UGA,2016,-0.9181262174102344,0.2768649068941274,-1.4233969514259825,-1.2387332346443365,-0.2785881835218948,-0.04156813503997708,-1.4836258096648083,-0.05551551059178988,0.0023200212374607228,-0.051478348695809785,-0.46076725476793157,-0.2569802229106366,0.34166951112531785,-0.03321064615475923,0.1295544715440488,17.47390897445832,3.7212300770336877,115,20
Uganda,UGA,2017,-0.9196831900587767,0.17752570002206974,-1.4233969514259825,-1.0755447981904802,-0.19940167406902368,-0.03323361441072934,-1.4819469704871084,-0.06678410383771344,0.0023200212374607228,-0.051478348695809785,-0.46076725476793157,-0.2569802229106366,0.34166951112531785,-0.06289120503494508,0.1295544715440488,17.508814932661206,3.732502539854322,115,21
Ukraine,UKR,1996,0.1941295197600672,-0.22678997815350088,1.1375135848187208,0.5778754477976434,-0.44314458092799086,0.03358062720050615,1.422996670745007,0.5779005528642583,-0.6042661977638185,-1.240646298699596,-0.7299698671147353,0.3821728709348875,-1.0136364363532497,-1.1697947739540824,0.41760146952155225,17.751759920961348,3.697390481400414,116,0
Ukraine,UKR,1997,0.16181286833572275,-0.3344677706765828,1.1375135848187208,0.2990587541131352,-0.43080322607295807,0.030924535291093895,1.2357185004375693,0.30333376872972384,-0.9075593072644581,-1.240646298699596,-0.999172479461539,0.16912164080531056,-1.1491670311011064,-1.1697947739540824,0.41760146952155225,17.743148729616067,3.6991982437226563,116,1
Ukraine,UKR,1998,0.14561411421752973,-0.3641757050551351,1.1375135848187208,0.35149511889608737,-0.3408948740450333,0.028462378293104627,1.1502876507876016,0.3156801821606335,-1.2108524167650978,-1.240646298699596,-1.2683750918083427,-0.04392958932426608,-1.2846976258489626,-1.1697947739540824,0.41760146952155225,17.735099509303332,3.712270314188547,116,2
Ukraine,UKR,1999,0.15437243035084555,-0.40325278805317655,1.1375135848187208,0.8126112415242411,-0.37528877919366815,0.026023618057581698,1.1359581382620356,0.4312451686229343,-1.2108524167650978,-1.240646298699596,-0.999172479461539,-0.04392958932426608,-1.352462923222891,-1.1697947739540824,0.41760146952155225,17.727062392408804,3.707289831791926,116,3
Ukraine,UKR,2000,0.25331187234335134,-0.34516785270970474,1.2480503374413225,1.2123117127174483,-0.330104094899508,0.02348507235360256,1.0764506673596228,0.4006513070044539,-1.2108524167650978,-1.240646298699596,-0.7299698671147353,-0.04392958932426608,-1.4202282205968195,-1.1697947739540824,0.03353880555154671,17.718627239574204,3.7138277975933036,116,4
Ukraine,UKR,2001,0.40560553134394106,-0.3420613701902351,1.3054339389127079,0.7538746954511764,-0.3001879380123506,0.02076499462261978,1.1063755595804847,0.2557127833596336,-1.2108524167650978,-1.240646298699596,-0.46076725476793157,-0.04392958932426608,-1.1491670311011064,-1.1697947739540824,-0.25450819242595846,17.709509216418134,3.7181330939146244,116,5
Ukraine,UKR,2002,0.5126126375335741,-0.41051364661458367,1.3279656611490847,0.6398726183828201,-0.3742763396336997,0.01816725855652626,1.147154450804043,0.2813017052482275,-1.2108524167650978,-1.240646298699596,-0.1915646424211279,-0.04392958932426608,-0.878105841605393,-1.1697947739540824,-0.7345865223884667,17.700722990506748,3.7074367951477916,116,6
Ukraine,UKR,2003,0.700120317056665,-0.24367050290891198,1.3718583106684366,0.8311253685887328,-0.17792490161109045,0.015977281677908284,1.2039045530004449,0.29886983264806977,-1.2108524167650978,-1.240646298699596,-0.1915646424211279,-0.04392958932426608,-0.878105841605393,-1.1697947739540824,-0.7345865223884667,17.69325546496984,3.735538050940992,116,7
Ukraine,UKR,2004,0.9518403166787935,-0.020021211720155623,1.2845108159748682,1.0454604550608135,-0.2094734871526522,0.013947653352807366,1.2707343853542163,0.21111552395220218,-1.2108524167650978,-1.240646298699596,-0.1915646424211279,-0.04392958932426608,-0.878105841605393,-1.1697947739540824,-0.7345865223884667,17.686284561050634,3.7310758172024605,116,8
Ukraine,UKR,2005,1.0402635392747388,-0.08728800026486574,1.1497126822825245,0.600810221830679,0.8384763673760287,0.011565338033505897,1.3064490761008154,0.27886253797446287,-1.2108524167650978,-1.240646298699596,-0.1915646424211279,-0.04392958932426608,-0.878105841605393,-1.1697947739540824,-0.326519941920335,17.678039848789414,3.869578950597873,116,9
Ukraine,UKR,2006,1.2338975871072992,0.21842510038893193,1.2237856396719993,0.44229539701678444,0.2060061533699202,0.009709670593871305,1.347496608017004,0.30858094242387407,-1.2108524167650978,-1.240646298699596,0.07763796992567584,-0.04392958932426608,-0.6070446521096794,0.6965774517894873,-0.15849252643345632,17.671570329158346,3.7883034021194684,116,10
Ukraine,UKR,2007,1.454766465023337,0.5496804817569484,1.2429368158567624,0.4093980731861211,0.5178525350796356,0.008404096174271127,1.3806192654288179,0.3181529897256564,-1.2108524167650978,-1.240646298699596,0.34684058227247955,-0.04392958932426608,-0.4715140573618222,0.6965774517894873,-0.15849252643345632,17.666993416757858,3.8292028419779953,116,11
Ukraine,UKR,2008,1.5312599388093138,0.4024922360222522,1.24470903900147,0.5870167948400931,0.32087797007827157,0.006930849996360216,1.3772324018467712,0.10394637623954478,-1.2108524167650978,-1.240646298699596,0.6160431946192833,-0.04392958932426608,-0.4715140573618222,0.6965774517894873,-0.15849252643345632,17.66180342055564,3.8035644202267584,116,12
Ukraine,UKR,2009,1.1125946449973576,-0.518352849256117,1.2315776725627605,0.3928580094690562,0.022510801456741763,0.0057489536811698595,1.3763676169420713,-0.17252481745335563,-1.2108524167650978,-1.240646298699596,0.07763796992567584,-0.04392958932426608,-0.33598346261396533,1.133054040524751,-0.15849252643345632,17.657620239847986,3.7634318560931077,116,13
Ukraine,UKR,2010,1.220441080051118,-0.554905318338814,1.2592482097316922,0.6321900643682554,0.1315593319185744,0.004734662604676091,1.3432190960766488,-0.09853662270618188,-1.2108524167650978,-1.240646298699596,0.34684058227247955,-0.04392958932426608,-0.33598346261396533,1.021315774017866,-0.15849252643345632,17.654016272137,3.7782870985656816,116,14
Ukraine,UKR,2011,1.3662607743382986,-0.5142435337600282,1.185906266784909,0.8953514802451655,0.07875626949069074,0.0038387643468863852,1.3408810034809628,-0.16592888316353388,-1.2108524167650978,-1.240646298699596,0.34684058227247955,-0.04392958932426608,-0.33598346261396533,1.346054096246244,-0.15849252643345632,17.650822137499816,3.7711215025905824,116,15
Ukraine,UKR,2012,1.3759779467970206,-0.3865701365340623,1.307642955543422,0.8320708608762645,0.11614008669444362,0.003247362646467486,1.3698618454543576,-0.21359939852536425,-1.2108524167650978,-1.240646298699596,0.07763796992567584,-0.04392958932426608,-0.33598346261396533,0.9532254806473995,-0.3505238584184605,17.64870801634493,3.7761999450098402,116,16
Ukraine,UKR,2013,1.3820304893215825,-0.6398873060457068,1.3059341473073245,0.5820807783938475,-0.2406460781884046,0.0027437124115820763,1.2166256682418408,-0.3663078771299456,-1.2108524167650978,-1.240646298699596,0.07763796992567584,-0.2569802229106366,-0.4715140573618222,0.9410043205303759,-0.4465395244109626,17.646904055251827,3.726647120169679,116,17
Ukraine,UKR,2014,1.2454929226892046,-1.0257236641596688,1.2648504989533156,0.7760767001757591,-0.5335648512160985,0.0018100793908588048,1.1689594316709124,-0.3339719741018965,-1.2108524167650978,-1.240646298699596,-1.8067803165019503,-0.04392958932426608,-0.6070446521096794,0.8676763122852581,-0.4465395244109626,17.6435513610898,3.68404508140539,116,18
Ukraine,UKR,2015,1.0092350306132454,-1.0969908752358868,0.9825163634262964,0.9823884227542852,-0.6776055291571432,0.000676319087359343,0.9768617348214771,-0.4247287327472949,-1.2108524167650978,-0.051478348695809785,-1.2683750918083427,-0.04392958932426608,-0.6070446521096794,0.9165614765248407,-0.4465395244109626,17.63946483487636,3.66241085180483,116,19
Ukraine,UKR,2016,1.077198257208567,-0.8655165888895617,0.9116144635111,0.9161174216405433,0.10677151208796802,-0.00034000386098469436,0.9154877024878002,-0.3040780316701421,-1.2108524167650978,-0.051478348695809785,-1.2683750918083427,-0.04392958932426608,-0.33598346261396533,0.9165614765248407,-0.3505238584184605,17.6357873511043,3.7749296812445414,116,20
Ukraine,UKR,2017,1.145228278561662,-0.826696937048429,0.847961505554733,0.8730208393024852,-0.08575594607171222,-0.0014332900028953168,0.9224635482215346,-0.2948913247682747,-1.2108524167650978,-0.051478348695809785,-1.5375777041551464,0.3821728709348875,-0.20045286786610875,0.9148157461571196,-0.15849252643345632,17.631816224710168,3.7484615218382014,116,21
Uzbekistan,UZB,1996,-0.8442781472850676,0.04983668535982003,0.8117849408809374,-0.4851130077892767,-0.5317432657834562,-0.13498084909113922,0.05306337738251907,-0.06244091606652287,-1.2108524167650978,-1.240646298699596,-1.5375777041551464,-2.1744406975336217,-1.149167031101106,-1.82450913328549,2.4339304553640884,16.96619242070387,3.6843157000490456,117,0
Uzbekistan,UZB,1997,-0.8287504087919294,0.694876548124443,0.8117849408809374,-0.4851130077892767,-0.4495658482497232,-0.13251975035973865,0.05733189382532559,-0.32944803888845264,-1.2108524167650978,-1.240646298699596,-1.8067803165019503,-2.1744406975336217,-1.149167031101106,-1.82450913328549,2.4339304553640884,16.98347032254635,3.696448599694847,117,1
Uzbekistan,UZB,1998,-0.8161099776265109,0.6554585706030702,0.8117849408809374,-0.826720906217902,-0.4833650834944542,-0.13024617646785244,0.07578660146743844,-0.3688254456971616,-1.2108524167650978,-1.240646298699596,-2.0759829288487537,-2.1744406975336217,-1.149167031101106,-1.82450913328549,2.4339304553640884,16.99917072672034,3.6914761966420864,117,2
Uzbekistan,UZB,1999,-0.8023002521593241,0.3223452861646563,0.8117849408809374,-1.0818718616324567,-0.5208460307470835,-0.12818359069756116,0.12010796975104951,-0.4814481699464034,-1.2108524167650978,-1.240646298699596,-2.0759829288487537,-2.1744406975336217,-1.149167031101106,-1.82450913328549,2.4339304553640884,17.013203971271643,3.6859330889737536,117,3
Uzbekistan,UZB,2000,-0.7896668753548836,0.03384331809310166,0.7957287981918757,-0.8662711868986098,-0.5490486498999183,-0.1263026216156006,0.13934688231486536,-0.5493552598965995,-1.2108524167650978,-1.240646298699596,-2.0759829288487537,-2.1744406975336217,-1.149167031101106,-1.82450913328549,2.4339304553640884,17.025832099051964,3.6817418132543365,117,4
Uzbekistan,UZB,2001,-0.7748056182648159,0.5131811039509528,0.7957287981918757,-0.4973590116452615,-0.5180462543485697,-0.12446892379034705,0.16451982116378575,-0.5724533299908039,-1.2108524167650978,-1.240646298699596,-1.8067803165019503,-2.1744406975336217,-1.149167031101106,-1.82450913328549,2.4339304553640884,17.03799123752924,3.686348215212172,117,5
Uzbekistan,UZB,2002,-0.760561346111335,-0.2546492497809746,0.7957287981918757,-0.4341954960965912,-0.5268685859539982,-0.12259611243197581,0.1944059563266063,-0.6193145492049437,-1.2108524167650978,-1.240646298699596,-1.5375777041551464,-2.1744406975336217,-1.149167031101106,-1.82450913328549,2.4339304553640884,17.05025898395699,3.685039532941232,117,6
Uzbekistan,UZB,2003,-0.744499094966601,-0.30273021867962785,1.1616135531753433,-0.10058759366131097,-0.5030298826542628,-0.12071373434364288,0.23220726768308253,-0.5313709247184917,-1.2108524167650978,-1.240646298699596,-2.0759829288487537,-2.1744406975336217,-1.149167031101106,-1.82450913328549,2.4339304553640884,17.06243958620924,3.688571774818577,117,7
Uzbekistan,UZB,2004,-0.7103373976661601,-0.13922552406835922,1.1923516193589199,0.07735192745265171,-0.39263369356762085,-0.11879016247244083,0.2877289026920642,-0.3766709877184011,-1.2108524167650978,-1.240646298699596,-1.8067803165019503,-2.1744406975336217,-1.149167031101106,-1.82450913328549,2.4339304553640884,17.07473534389004,3.7047687242952207,117,8
Uzbekistan,UZB,2005,-0.6771247406904568,-0.3290377911726376,0.8869648467567754,-0.1276716420900429,-0.3885477618706696,-0.11680893623748738,0.34432384579426956,-0.06836145970018262,-1.2108524167650978,-1.240646298699596,-1.8067803165019503,-1.9613894674040449,-1.149167031101106,-1.82450913328549,2.4339304553640884,17.087243541746197,3.7053631927022077,117,9
Uzbekistan,UZB,2006,-0.6392107900828822,-0.11653409259128812,0.9181882566462329,-0.18723133481128484,-0.4387377355877797,-0.11474036974916063,0.40986496337162076,0.0003850808553697585,-0.6042661977638185,-1.240646298699596,-1.5375777041551464,-1.9613894674040449,-1.2846976258489626,-1.501516541424833,2.4339304553640884,17.10013831748601,3.698036371531219,117,10
Uzbekistan,UZB,2007,-0.5865862928472398,0.11210906449468017,0.9559010656645947,0.014094776520961378,-0.13500659504789778,-0.11246077280857543,0.4852192427082483,0.002402050629465777,-0.6042661977638185,-1.240646298699596,-1.4029763979817447,-1.9613894674040449,-1.2846976258489626,-1.501516541424833,2.4339304553640884,17.114158617008275,3.741576626142581,117,11
Uzbekistan,UZB,2008,-0.5339259619907304,0.5081424089789578,0.9001890807838531,0.16876111172404845,-0.32730513282889395,-0.1099283952869989,0.5611948051158074,0.18560304049673781,-0.6042661977638185,-1.240646298699596,-1.2683750918083427,-1.9613894674040449,-1.2846976258489626,-1.5207216705557174,2.4339304553640884,17.129506544584512,3.71423138893083,117,12
Uzbekistan,UZB,2009,-0.4853414870095165,0.6992173923875192,0.9296502176273564,-0.15238080196398462,-0.33314424143864907,-0.10724007160091421,0.6361878811660814,0.2927087431485476,-1.2108524167650978,-1.240646298699596,-1.5375777041551464,-1.9613894674040449,-1.2846976258489626,-1.5207216705557174,2.4339304553640884,17.145545895756676,3.713389244468901,117,13
Uzbekistan,UZB,2010,-0.43715484865434173,0.00016105064855413985,0.9637022194792163,-0.7150506493215464,-0.07593396555243434,-0.10454192720088658,0.6915107242951916,-0.4661913014486845,-1.2108524167650978,-1.240646298699596,-0.7299698671147353,-1.9613894674040449,-1.4202282205968195,-1.5207216705557174,2.4339304553640884,17.16138925597404,3.749828914793956,117,14
Uzbekistan,UZB,2011,-0.3862395789801218,-0.2190188967810138,0.9564427932634153,-0.7038782187716777,-0.1870827345875951,-0.10189511175402882,0.6953472302876769,-0.5869360024066852,-1.2108524167650978,-1.240646298699596,-0.7299698671147353,-1.9613894674040449,-1.5557588153446769,-1.5207216705557174,2.4339304553640884,17.176691072293167,3.7342448162920583,117,15
Uzbekistan,UZB,2012,-0.3359441238778543,-0.2056137134257016,1.0384684173171055,-0.8608982821230142,-0.45446220450868813,-0.09924214626648141,0.691753226087392,-0.5328698016433172,-1.2108524167650978,-1.240646298699596,-0.7299698671147353,-1.9613894674040449,-1.5557588153446769,-1.524213655062647,2.4339304553640884,17.19179702320951,3.69572979775509,117,16
Uzbekistan,UZB,2013,-0.2816143046599443,-0.10042245718827945,1.0390225249138156,-0.9148741737314233,-0.48105174478680124,-0.0964473428198624,0.6948365826553747,-0.46078392801637386,-1.2108524167650978,-1.240646298699596,-0.7299698671147353,-1.9613894674040449,-1.5557588153446769,-1.524213655062647,2.4339304553640884,17.20746757868497,3.6918173147634894,117,17
Uzbekistan,UZB,2014,-0.22951572723487007,-0.049023982978300955,1.0273997347337671,-1.0894635027156476,-0.4717120543651128,-0.09343020058658019,0.6998368866134385,-0.39620198062823336,-1.2108524167650978,-1.240646298699596,-0.7299698671147353,-1.9613894674040449,-1.4202282205968195,-1.396762243931808,2.4339304553640884,17.22411361645009,3.693193336021989,117,18
Uzbekistan,UZB,2015,-0.17181948064633115,-0.06052386240522329,1.045548669111112,-1.2518740061645741,-0.43660157802959715,-0.09024722495523271,0.7027552540274699,-0.35880501037813506,-1.2108524167650978,-1.240646298699596,-0.46076725476793157,-1.9613894674040449,-1.4202282205968195,-1.484057666433158,2.4339304553640884,17.24137931621896,3.6983493078150262,117,19
Uzbekistan,UZB,2016,-0.12528877181416861,-0.11051817563274437,1.0662725605831966,-1.297222886312097,-0.31443927169761576,-0.08701061032593321,0.7232893105697883,-0.32546391789618884,-1.2108524167650978,-1.240646298699596,0.34684058227247955,-1.9613894674040449,-1.4202282205968195,-1.484057666433158,2.4339304553640884,17.258635530749462,3.7160844664773265,117,20
Uzbekistan,UZB,2017,-0.09422842329557378,0.04584075333827628,1.1047714954050794,-0.9096084415526713,-0.2046347709006561,-0.08377769660607526,0.7229270108852206,-0.175390786605075,-1.2108524167650978,-1.240646298699596,0.07763796992567584,-1.9613894674040449,-1.2846976258489626,-1.0475816014693822,2.4339304553640884,17.275579779158274,3.731761499595258,117,21
St. Vincent and the Grenadines,VCT,1996,0.03726517875384276,-0.09153061916490066,0.5648406260925622,-0.15371666277275856,1.5342033843811316,-0.27551177031162793,0.4530647559300965,-0.7666551872791945,1.6321376075819651,1.7863264919765214,1.6439078711158719,1.2680926238123151,1.9543464316629287,1.4292227231978563,0.12955447154404823,11.636204481130399,3.9519582753048708,118,0
St. Vincent and the Grenadines,VCT,1997,0.08391269942597913,-0.09153061916490066,0.5648406260925622,-0.15371666277275856,3.854717091054177,-0.27551163727239963,0.4810554431705726,-0.6492260796826923,1.6321376075819651,1.7863264919765214,1.6439078711158719,1.2680926238123151,1.9543464316629287,1.4292227231978563,0.12955447154404823,11.636398945954978,4.186044352985614,118,1
St. Vincent and the Grenadines,VCT,1998,0.14007165470536687,-0.09153061916490066,0.5648406260925622,-0.15371666277275856,3.3844780526622684,-0.2755114014301313,0.49760785186347595,-0.6309234504099945,1.6321376075819651,1.7863264919765214,1.6439078711158719,1.2680926238123151,1.9543464316629287,1.4292227231978563,0.12955447154404823,11.636743586140783,4.142830796113959,118,2
St. Vincent and the Grenadines,VCT,1999,0.17670703035291063,-0.09153061916490066,0.5648406260925622,-0.15371666277275856,1.8168678121933455,-0.27551027664392846,0.452580814247012,-0.7474458768500596,1.6321376075819651,1.7863264919765214,1.6439078711158719,1.2680926238123151,1.9543464316629287,1.4292227231978563,0.12955447154404823,11.638385622634527,3.983581050166727,118,3
St. Vincent and the Grenadines,VCT,2000,0.1985630515493669,-0.09153061916490066,0.5648406260925622,-0.15371666277275856,1.5049324021411983,-0.2755091941883892,0.40060202391429145,-0.846983615715904,1.6321376075819651,1.7863264919765214,1.6439078711158719,1.2680926238123151,1.9543464316629287,1.4292227231978563,0.12955447154404823,11.63996332014088,3.948625742311842,118,4
St. Vincent and the Grenadines,VCT,2001,0.2253748016369578,-0.09153061916490066,0.5648406260925622,-0.15371666277275856,0.01202761902606738,-0.2755094602668458,0.38563534632923213,-0.8841695922902535,1.6321376075819651,1.7863264919765214,1.6439078711158719,1.2680926238123151,1.9543464316629287,1.4292227231978563,0.12955447154404823,11.639575736893718,3.7619920783837943,118,5
St. Vincent and the Grenadines,VCT,2002,0.30911390927100985,-0.09153061916490066,0.8032361477016249,-0.15371666277275856,0.2701129925051948,-0.2755103915414438,0.3848591325746942,-0.956724362349529,1.6321376075819651,1.7863264919765214,1.6439078711158719,1.2680926238123151,1.9543464316629287,1.4292227231978563,0.12955447154404823,11.63821801131596,3.796848863968736,118,6
St. Vincent and the Grenadines,VCT,2003,0.4199969000634391,-0.09153061916490066,0.8013141202923477,-0.15371666277275856,0.5175263349250689,-0.27551163727239963,0.4132037418302277,-0.9253021143872157,1.6321376075819651,1.7863264919765214,1.6439078711158719,1.2680926238123151,1.9543464316629287,1.4292227231978563,0.12955447154404823,11.636398945954978,3.829160922198965,118,7
St. Vincent and the Grenadines,VCT,2004,0.4956809090271082,-0.09153061916490066,1.1224035306861642,-0.15371666277275856,1.9155618781684174,-0.2755134877271204,0.427144232954815,-0.8860685667431999,1.6321376075819651,1.7863264919765214,1.6439078711158719,1.2680926238123151,1.9543464316629287,1.4292227231978563,0.12955447154404823,11.633690716065077,3.9943909508087647,118,8
St. Vincent and the Grenadines,VCT,2005,0.5467038477187558,-0.09153061916490066,0.9614999309550397,-0.15371666277275856,0.5226814419448448,-0.2755158159136155,0.41635181925664777,-0.9175531950035359,3.035251116243857,2.921441526313656,1.8543752114145802,3.0808209905185855,2.3068631349692414,2.758491382034363,0.12955447154404823,11.630272850189183,3.82982319633036,118,9
St. Vincent and the Grenadines,VCT,2006,0.6836998890776932,-0.09153061916490066,0.9614999309550397,-0.15371666277275856,2.5113002402784703,-0.27551845250923074,0.46276540651629916,-0.9079836008461469,3.035251116243857,2.921441526313656,1.692853644006498,2.832261122610212,2.3068631349692414,2.758491382034363,0.12955447154404823,11.62638806988103,4.057271330413117,118,10
St. Vincent and the Grenadines,VCT,2007,0.758540821723545,-0.09153061916490066,1.485747417396204,-0.15371666277275856,1.3511102907023158,-0.27552137332501553,0.4978466688455289,-0.7698629895588756,3.035251116243857,2.921441526313656,1.692853644006498,2.832261122610212,2.3068631349692414,2.758491382034363,0.12955447154404823,11.62206682422267,3.9309280303335004,118,11
St. Vincent and the Grenadines,VCT,2008,0.7762449735247969,-0.09153061916490066,1.6492220120886576,-0.15371666277275856,2.985936006340665,-0.27552441508555325,0.4500198421635963,-0.9253430909156191,3.035251116243857,2.921441526313656,1.692853644006498,2.832261122610212,2.6456896218388835,2.758491382034363,0.12955447154404823,11.617546707432952,4.104684712017077,118,12
St. Vincent and the Grenadines,VCT,2009,0.7572540974263873,-0.09153061916490066,1.727795454422794,-0.15371666277275856,1.946217564540287,-0.27552755964913106,0.4207220981522472,-0.9123451851852373,3.035251116243857,2.921441526313656,1.692853644006498,2.832261122610212,2.6456896218388835,2.4311342023686593,0.12955447154404823,11.61285224458704,3.9977250022662902,118,13
St. Vincent and the Grenadines,VCT,2010,0.6750475816911207,-0.09153061916490066,1.7124880566649616,-0.15371666277275856,1.60933675407169,-0.2755308795826007,0.38056793810239165,-0.9092685366674546,3.035251116243857,2.921441526313656,1.962056256353302,2.832261122610212,2.6456896218388835,2.4311342023686593,0.12955447154404823,11.607871942279182,3.960461795644527,118,14
St. Vincent and the Grenadines,VCT,2011,0.6740236262106696,-0.09153061916490066,1.6274760712621943,-0.15371666277275856,1.3639628420302121,-0.27553456839756696,0.35272935762257646,-0.9731482624161697,3.035251116243857,2.921441526313656,1.962056256353302,2.832261122610212,2.6456896218388835,2.4311342023686593,0.12955447154404823,11.602309026104914,3.9324188071152317,118,15
St. Vincent and the Grenadines,VCT,2012,0.7083825674826614,-0.09153061916490066,1.5385666874558912,-0.15371666277275856,2.436057391649533,-0.2755382753542462,0.33483034587273774,-1.019652117951836,3.035251116243857,2.921441526313656,1.962056256353302,2.832261122610212,2.6456896218388835,2.4311342023686593,0.12955447154404823,11.596687401575542,4.049544188118262,118,16
St. Vincent and the Grenadines,VCT,2013,0.7693137106558289,-0.09153061916490066,1.6426104478583838,-0.15371666277275856,2.7537504695400097,-0.2755419097440736,0.3400182087201517,-1.0087675207595284,3.035251116243857,2.921441526313656,1.962056256353302,2.832261122610212,2.6456896218388835,2.4311342023686593,0.12955447154404823,11.591144973163663,4.08177146298903,118,17
St. Vincent and the Grenadines,VCT,2014,0.8047219293824586,-0.09153061916490066,1.7385443249932546,-0.15371666277275856,2.087984258927987,-0.2755455380866634,0.3075515475995035,-1.0582216017232624,2.024274246331383,1.9304683931995605,1.7526764946084743,2.252288694033879,0.9139100410039928,2.4311342023686593,0.12955447154404823,11.585580954209748,4.013000327683911,118,18
St. Vincent and the Grenadines,VCT,2015,0.8750119329905067,-0.09153061916490066,1.834578255898916,-0.15371666277275856,2.021988044220842,-0.2755490152483119,0.32526852579388604,-0.9886382960207415,2.024274246331383,1.9304683931995605,1.7526764946084743,1.9208755368227133,1.5162681796475364,2.4311342023686593,0.12955447154404823,11.580219561021574,4.00591827009303,118,19
St. Vincent and the Grenadines,VCT,2016,0.9783417534124083,-0.09153061916490066,1.834578255898916,-0.15371666277275856,0.8234617508763604,-0.2755527101105158,0.3211249195664604,-1.0357793172240453,2.024274246331383,2.326857551311763,1.7526764946084743,1.9208755368227133,1.5162681796475364,2.4311342023686593,0.12955447154404823,11.574490820628384,3.8677241058934353,118,20
St. Vincent and the Grenadines,VCT,2017,1.0286611130376246,-0.09153061916490066,1.834578255898916,-0.15371666277275856,2.672209167689619,-0.2755568585155434,0.3242659465752901,-1.0117884419504861,2.024274246331383,2.326857551311763,1.513385092200569,1.9208755368227133,1.5162681796475364,2.4311342023686593,0.12955447154404823,11.5680195272798,4.0735983451003825,118,21
"Venezuela, RB",VEN,1996,-0.31491317941001196,-0.8879178741511167,-0.2663656103580259,-0.5206685703810383,-0.11762678474126588,-0.1391526448340003,0.6554377175872459,1.4910652636869122,-0.6042661977638185,-1.240646298699596,-0.1915646424211279,-0.2569802229106366,-0.4715140573618222,-0.5150804146226747,1.2817424634540677,16.93620510135744,3.744011617782449,119,0
"Venezuela, RB",VEN,1997,-0.31491317941001196,0.3501927780783778,-0.2663656103580259,-0.6577506561610547,0.5807617882212389,-0.1363130313563977,0.8612998957772998,1.623734350356072,-0.6042661977638185,-1.240646298699596,-0.1915646424211279,-0.2569802229106366,-0.4715140573618222,-0.5150804146226747,0.9216837159821865,16.956713923898704,3.8372545989645164,119,1
"Venezuela, RB",VEN,1998,-0.31491317941001196,0.7255474706705942,-0.2663656103580259,-0.8794544817564475,0.2891555979440603,-0.13347293409978309,0.9462224240661068,1.1429708670464103,-0.6042661977638185,-1.240646298699596,-0.1915646424211279,-0.2569802229106366,-0.4715140573618222,-0.5150804146226747,0.41760146952155225,16.976813963303997,3.7993732453293596,119,2
"Venezuela, RB",VEN,1999,-0.31491317941001196,0.1351441400323816,-0.2663656103580259,-0.9237962256682286,-0.13485375654544593,-0.1306594204998762,0.7022180127769316,1.2566485692265337,-0.30097308826317887,-1.240646298699596,-0.1915646424211279,-0.043929291052662696,-0.4037487599878938,-0.187723234956971,0.41760146952155225,16.996335295799806,3.7415980653842467,119,3
"Venezuela, RB",VEN,2000,-0.31491317941001196,-0.19107045585055502,-0.15594549500414967,-0.7559884978921295,0.03793250863351319,-0.12787699574872594,0.7142688135767332,1.6279982756935674,0.0023200212374607228,-1.240646298699596,-0.1915646424211279,0.16912164080531122,-0.33598346261396533,0.13963394470873283,0.41760146952155225,17.015273244983806,3.7655461383095066,119,4
"Venezuela, RB",VEN,2001,-0.31491317941001196,0.17690118441322827,-0.0073526549561725345,-0.9217363215030876,-0.13132087077392496,-0.12513630298459563,0.6137166517196546,1.3373065608603272,-0.30097308826317887,-1.240646298699596,-0.1915646424211279,0.06259602574052224,-0.5392793547357506,-0.187723234956971,0.057542722049672236,17.03358298019098,3.74209350872747,119,5
"Venezuela, RB",VEN,2002,-0.31491317941001196,-0.08068427540360015,0.13903195414753583,-0.7351541780750213,-0.5023239302467943,-0.12238028047302357,0.4205871950836833,1.6488044415822594,-0.6042661977638185,-1.240646298699596,-0.1915646424211279,-0.04392958932426608,-0.7425752468575356,-0.5150804146226747,-1.5027118503284804,17.051663156177,3.688676187624386,119,6
"Venezuela, RB",VEN,2003,-0.31491317941001196,-0.8639235103860201,0.1819680122283853,-0.6771217649126043,-0.3227863552321555,-0.11961649935554707,0.30733012038984425,1.8307063883553958,-0.6042661977638185,-1.240646298699596,-0.7299698671147353,-0.4700314530402132,-0.878105841605393,-0.5150804146226747,-2.174821512275992,17.069471788143495,3.7148826224306686,119,7
"Venezuela, RB",VEN,2004,-0.31491317941001196,-0.5159576761766435,0.2766923995813911,-0.5382111942926106,-0.41695749630486223,-0.11690652051143914,0.3712385414338149,2.019681669940473,-0.6042661977638185,-1.240646298699596,-0.7299698671147353,-0.4700314530402132,-0.878105841605393,-0.5150804146226747,-1.3106805183434764,17.086631106467642,3.70122248472583,119,8
"Venezuela, RB",VEN,2005,-0.31491317941001196,-0.28161666724585616,0.3608804615290113,-0.40018719239309947,-0.35616497195627267,-0.11421570536344282,0.3965486500479344,2.1839638652338467,-0.6042661977638185,-1.240646298699596,-0.1915646424211279,-0.4700314530402132,-0.878105841605393,-0.5150804146226747,-1.0226335203659718,17.103382640980357,3.710062156418587,119,9
"Venezuela, RB",VEN,2006,-0.31491317941001196,-0.030989936738253822,0.45185200330203945,-0.44257380793240003,-0.6225854056568543,-0.11156168160930673,0.6049198523266968,2.087409065020798,-0.6042661977638185,-1.240646298699596,-0.46076725476793157,-0.4700314530402132,-0.878105841605393,-0.005276341413781158,-1.2626726853472259,17.119634729931168,3.6707299528461483,119,10
"Venezuela, RB",VEN,2007,-0.31491317941001196,0.29520902160866613,0.5370712824288393,-0.5140957953119015,-0.3209817160285495,-0.10899355886598334,0.7333378089395866,1.8674035575860441,-1.2108524167650978,-1.240646298699596,-0.46076725476793157,-1.1091851434289437,-1.3524629232228915,-0.4417524063775571,-1.8867745142984866,17.135113283859756,3.715142583489148,119,11
"Venezuela, RB",VEN,2008,-0.31491317941001196,-0.05931596719191871,0.5976994452688575,-0.6408168679711987,-0.5293657814186432,-0.10654846112540363,0.6985165611455706,1.9780049713368064,-1.2108524167650978,-1.240646298699596,-0.46076725476793157,-1.1091851434289437,-1.4202282205968195,-0.4557198206337897,-1.9347823472947383,17.14963098160458,3.6846687940992853,119,12
"Venezuela, RB",VEN,2009,-0.31491317941001196,0.11397950104011728,0.6307111090176808,-1.0267167416561898,-0.6991214969866376,-0.10422268143088836,0.643000243296819,1.1627695358112096,-1.2108524167650978,-1.240646298699596,-0.46076725476793157,-1.1091851434289437,-1.4202282205968195,-0.4557198206337897,-2.3908567607591213,17.163247350984037,3.6591386973736744,119,13
"Venezuela, RB",VEN,2010,-0.31491317941001196,-0.47411513506501557,0.628257856891602,-0.8058735476778366,-0.572762012502754,-0.10195615861810163,0.5755798491940349,1.7946789196662447,-1.2108524167650978,-1.240646298699596,-0.46076725476793157,-1.1091851434289437,-1.4202282205968195,-0.4836541253747672,-2.462868510253497,17.1763407722122,3.678204053304596,119,14
"Venezuela, RB",VEN,2011,-0.31491317941001196,-0.5895480525959139,0.6628253291372321,-0.7043470168177643,-0.3280427583612676,-0.09970591496906764,0.5524179786178252,1.813273091511428,-1.2108524167650978,-1.240646298699596,-0.46076725476793157,-1.1091851434289437,-1.4202282205968195,-0.5011130003664427,-2.462868510253497,17.189172734863057,3.714125044140218,119,15
"Venezuela, RB",VEN,2012,-0.31491317941001196,-0.5339793106599542,0.7404750706370731,-0.6750462319682062,-0.4145794624265517,-0.09747681851009433,0.4797022201852921,1.813273091511428,-1.2108524167650978,-0.051478348695809785,-0.46076725476793157,-1.1091851434289437,-1.4202282205968195,-0.48889184024941845,-2.462868510253497,17.201723802737035,3.7015697405288868,119,16
"Venezuela, RB",VEN,2013,-0.31491317941001196,0.35516744217991614,1.017644192348309,-0.3319797363995235,-0.5007701226469923,-0.09530965785912834,0.4884194146680192,1.813273091511428,-1.2108524167650978,-0.051478348695809785,-0.999172479461539,-1.1091851434289437,-1.5557588153446769,-0.502859254505651,-2.462868510253497,17.213776948465313,3.688905962751655,119,17
"Venezuela, RB",VEN,2014,-0.31491317941001196,-0.673011489335292,0.9935737978963143,-0.28187457714087527,-0.5514473533954523,-0.09324222220424207,0.4910738494785309,1.813273091511428,-1.2108524167650978,-0.051478348695809785,-1.2683750918083427,-1.1091851434289437,-1.6912894100925329,-0.502859254505651,-2.462868510253497,17.22514160937923,3.681384522826742,119,18
"Venezuela, RB",VEN,2015,-0.31491317941001196,-0.6220747156010438,0.9219200964621742,-0.3955036373914045,-0.24244034135051368,-0.0913077532107954,0.4865254491527631,1.813273091511428,-1.2108524167650978,-0.051478348695809785,-1.2683750918083427,-1.1091851434289437,-1.8268200048403904,-0.5150804146226747,-2.462868510253497,17.235659649439437,3.726391610861382,119,19
"Venezuela, RB",VEN,2016,-0.31491317941001196,-1.4233595758254554,0.7879782240459223,-0.945921631464089,-0.40320278355478556,-0.090148207485958,0.46287174445934476,1.813273091511428,-1.2108524167650978,-0.051478348695809785,-1.2683750918083427,-1.1091851434289437,-1.8268200048403904,-0.5709495478761174,-2.462868510253497,17.241911673604527,3.703229369994469,119,20
"Venezuela, RB",VEN,2017,-0.31491317941001196,-1.762640947379507,0.7451894827049536,-0.9089291004418758,-0.684454625609425,-0.09136005576922689,0.3170296846959021,1.813273091511428,-1.2108524167650978,-0.051478348695809785,-1.2683750918083427,-1.1091851434289437,-1.8268200048403904,-0.7123678494917014,-2.462868510253497,17.23537672174867,3.6613704005120042,119,21
Viet Nam,VNM,1996,-0.7636609196636674,0.45254433018279505,-0.23540297597341,0.5445023836111091,1.0013826004718964,0.16619859282277671,-0.9937427250809266,0.24090536607693933,-0.6042661977638185,-0.051478348695809785,0.07763796992567584,-0.04392958932426608,-0.06492227311825187,-1.1697947739540824,1.857836459409079,18.108110829187464,3.889485613041816,120,0
Viet Nam,VNM,1997,-0.7282210162944063,0.4986523582594726,-0.23540297597341,0.592021512958389,0.7574139098639184,0.17267180998690043,-0.7388610563317068,0.43599275024958334,-0.6042661977638185,-0.051478348695809785,0.07763796992567584,0.06259602574052224,0.13837361900353315,-1.1697947739540824,1.521781628435323,18.12263704140881,3.85952372080729,120,1
Viet Nam,VNM,1998,-0.703823454915739,0.5377516748794704,-0.23540297597341,0.6690607893617115,0.3974787447274947,0.1791591111675101,-0.8813832701255967,0.4706084284777879,-0.6042661977638185,-0.051478348695809785,0.07763796992567584,0.16912164080531122,0.34166951112531785,-1.1697947739540824,1.2817424634540688,18.136986190767956,3.8136131144880885,120,2
Viet Nam,VNM,1999,-0.6834097601147914,0.377863929024521,-0.23540297597341,0.83684436297909,0.19145545989287338,0.18513252413989356,-0.8277864564573274,0.6372666120006616,-0.6042661977638185,-0.051478348695809785,0.07763796992567584,0.16912164080531122,0.34166951112531785,-1.1697947739540824,1.2817424634540688,18.15001903974425,3.7863535793287166,120,3
Viet Nam,VNM,2000,-0.6488853821362525,0.6136663193498828,-0.23540297597341,1.08708292159523,0.06317360235847343,0.19037281235030185,-0.7690872381318261,0.8232684102268841,-0.6042661977638185,-0.051478348695809785,0.07763796992567584,0.16912164080531122,0.34166951112531785,-1.1697947739540824,1.2817424634540688,18.161314138013708,3.7689970200704224,120,4
Viet Nam,VNM,2001,-0.6157296863498781,0.7961520425514855,-0.23540297597341,1.102707987462473,0.03162662276951384,0.19530342756791128,-0.5747331880901749,0.9396136649436154,-0.6042661977638185,-0.051478348695809785,0.2122392760990777,0.16912164080531122,0.2739042137513894,-1.1697947739540824,0.6096328015065564,18.171826512617958,3.764682155346965,120,5
Viet Nam,VNM,2002,-0.5798278675358851,1.0373417181938436,-0.23540297597341,1.2401826770116418,0.03422215378844596,0.20015853092899002,-0.4705551257021201,0.9693318072225974,-0.6042661977638185,-0.051478348695809785,0.34684058227247955,0.16912164080531122,0.2061389163774616,-1.1697947739540824,0.41760146952155225,18.18207101807504,3.7650378650216867,120,6
Viet Nam,VNM,2003,-0.5377289423393422,1.306179636080544,-0.23540297597341,1.4614643674662589,-0.021009517562318364,0.2049452400322517,-0.24274903392630515,1.0511292298069272,-0.6042661977638185,-0.051478348695809785,0.34684058227247955,0.16912164080531122,0.2061389163774616,-1.1697947739540824,0.41760146952155225,18.19206949699657,3.757441095094795,120,7
Viet Nam,VNM,2004,-0.4881094472142,1.2940380710029613,-0.23540297597341,1.713409586201007,-0.041624717935328015,0.20963302237480338,-0.12058277596407135,1.1125808573199039,-0.6042661977638185,-0.051478348695809785,0.34684058227247955,0.16912164080531122,0.2061389163774616,-1.1697947739540824,0.41760146952155225,18.201765391194925,3.7545907476055023,120,8
Viet Nam,VNM,2005,-0.43482123388386934,1.0537401449516324,-0.23540297597341,1.64666765449798,-0.06760732438907463,0.21416447152963736,0.06806759820102705,0.9397565949884763,-0.6042661977638185,-0.051478348695809785,0.34684058227247955,0.16912164080531122,0.2061389163774616,-1.1697947739540824,0.41760146952155225,18.211049414991678,3.7509866674877133,120,9
Viet Nam,VNM,2006,-0.38654047778503825,1.064706647328134,-0.23540297597341,1.8670124398748997,-0.02946506226461967,0.2206929725403538,0.2500657147199311,0.9774882034429996,-0.6042661977638185,-0.051478348695809785,0.34684058227247955,0.16912164080531122,0.2061389163774616,-0.9079090302215194,0.9696915489784376,18.22427524846784,3.7562729772219337,120,10
Viet Nam,VNM,2007,-0.3384971716879599,1.518871940741733,-0.23540297597341,2.3394312757705027,0.8224426828258328,0.22955506627662883,0.3610599743311577,0.9714069249941709,-0.30097308826317887,-0.051478348695809785,0.34684058227247955,0.16912164080531122,0.2061389163774616,-0.9079090302215194,1.257738546955944,18.241953232831822,3.8675980896013114,120,11
Viet Nam,VNM,2008,-0.3024095455315386,1.1182446397772232,-0.23540297597341,2.331082795986918,0.9929219519833044,0.23888240424147658,0.45463204408372143,0.8521267549562465,0.0023200212374607228,-0.051478348695809785,0.34684058227247955,0.16912164080531122,0.2061389163774616,-0.9463187647117994,1.569789461431574,18.26022778474988,3.888461444875121,120,12
Viet Nam,VNM,2009,-0.2641303056513435,1.3672253143259472,-0.23540297597341,1.7624099780316667,0.5712184299678352,0.2466484482482351,0.5593135214334765,0.8779546123774014,0.0023200212374607228,-0.051478348695809785,0.34684058227247955,-0.04392958932426608,0.07060832162960441,-0.9463187647117994,1.569789461431574,18.275192656958534,3.8360373079457597,120,13
Viet Nam,VNM,2010,-0.21007284847462995,1.5252765122584828,-0.23540297597341,1.161333479123726,0.27803333034531674,0.252666260039442,0.536312685764394,0.5148299237607665,0.0023200212374607228,-0.051478348695809785,0.34684058227247955,-0.04392958932426608,0.07060832162960441,-0.8747370106058905,1.1377189644653156,18.286636682792928,3.797899597027632,120,14
Viet Nam,VNM,2011,-0.15339176766153823,0.9682938350217488,-0.23540297597341,1.4885080295066526,0.08700439713358268,0.25879309143099605,0.48160033676542563,0.6443919231302956,0.0023200212374607228,-0.051478348695809785,0.34684058227247955,-0.04392958932426608,0.07060832162960441,-0.8712450260989606,0.9936954654765636,18.298155023273896,3.772244197323067,120,15
Viet Nam,VNM,2012,-0.10430592367796507,0.735725415575458,-0.23540297597341,1.4294559380559089,0.0825152770516308,0.2650945670458708,0.46995457182978817,0.750853006517873,0.0023200212374607228,-0.051478348695809785,0.34684058227247955,-0.04392958932426608,0.07060832162960441,-0.8834661862159848,0.9936954654765636,18.309864897220354,3.771633316612892,120,16
Viet Nam,VNM,2013,-0.052657997303083265,0.6932628376228597,-0.23540297597341,1.650481069153891,0.06327861205466319,0.27152125676351846,0.46903995901172457,0.7271386964716419,0.0023200212374607228,-0.051478348695809785,0.6160431946192833,-0.04392958932426608,-0.06492227311825187,-0.8136301624777966,0.9936954654765636,18.32166787263861,3.7690113518152013,120,17
Viet Nam,VNM,2014,0.01149258336068176,0.7056294646940378,-0.23540297597341,1.7828300593584865,0.025459951513931878,0.2782123679946329,0.504739465272722,0.7041314525940239,0.0023200212374607228,-0.051478348695809785,0.34684058227247955,-0.04392958932426608,0.2061389163774616,-0.7926793029791921,0.9936954654765636,18.333810218860823,3.7638365239327967,120,18
Viet Nam,VNM,2015,0.08591139762353944,0.9206460705164362,0.9445480081252077,2.058412899338038,0.1930184115402163,0.2851284485607882,0.6809542833956433,0.6182835568387215,0.0023200212374607228,-0.051478348695809785,0.34684058227247955,0.3821728709348875,0.34166951112531785,-0.3352523785168106,0.9936954654765636,18.346207759035742,3.7865632004023113,120,19
Viet Nam,VNM,2016,0.1601836827455253,0.8863232033897204,0.9700338673129093,2.072774727990203,0.18777468230317898,0.292245218802821,0.9550797434818011,0.6056963109912845,0.0023200212374607228,-0.051478348695809785,0.07763796992567584,0.3821728709348875,0.34166951112531785,-0.36144095289006695,0.9936954654765636,18.35880659555264,3.7858597444907307,120,20
Viet Nam,VNM,2017,0.24228515399636397,0.9653038160419515,1.003152237571732,2.5242810280678687,0.206473102784432,0.29936197090314093,1.0928699270775524,0.7117673934493903,0.0023200212374607228,-0.051478348695809785,0.6160431946192833,0.3821728709348875,0.34166951112531785,-0.41381810163657956,0.8016641334915595,18.37124864278546,3.788365911382964,120,21
Vanuatu,VUT,1996,-0.8168982493499897,-0.47999669901570974,-1.1876049698929279,0.5513467578477644,1.4765104876437047,-0.2751622883533817,-1.1550327059274392,-1.4057220005207736,0.99491587290727,1.113666030382,1.1653254970242406,0.8262086130451634,1.3519882930193852,0.9001606199378449,0.12955447154404823,12.048904083139497,3.94537921451777,121,0
Vanuatu,VUT,1997,-0.8039417845027015,-0.6897374711014327,-1.1876049698929279,0.6457374835813685,1.2331262359538533,-0.27513982286551336,-1.1284554141400238,-1.5244302615615637,0.99491587290727,1.113666030382,1.1653254970242406,0.8262086130451634,1.3519882930193852,0.9001606199378449,0.12955447154404823,12.070407549607491,3.917138122986253,121,1
Vanuatu,VUT,1998,-0.8084930932585762,-0.7072313052324531,-1.1876049698929279,0.6035175155574906,0.6730664416470824,-0.27511752670029926,-1.1382439087508178,-1.5521931512202385,0.99491587290727,1.113666030382,1.1653254970242406,0.8262086130451634,1.3519882930193852,0.9001606199378449,0.12955447154404823,12.091301320118161,3.8489525507668225,121,2
Vanuatu,VUT,1999,-0.8169748064801483,-0.4897857973076677,-1.1876049698929279,0.5017771258133269,0.204721321398429,-0.27509494026767795,-1.158022287050116,-1.5398513832832248,0.99491587290727,1.113666030382,1.1653254970242406,0.8262086130451634,1.3519882930193852,0.9001606199378449,0.12955447154404823,12.112031160592064,3.7881313849456797,121,3
Vanuatu,VUT,2000,-0.7999390273239051,-0.4137516594544865,-1.0471672722423209,0.3835680862204476,0.6181988063068462,-0.2750693423107072,-1.1193908061643212,-1.2985758356548311,0.99491587290727,1.113666030382,1.1653254970242406,0.8262086130451634,1.3519882930193852,0.9001606199378449,0.12955447154404823,12.135016933564337,3.8420155738698853,121,4
Vanuatu,VUT,2001,-0.8290129996528789,-0.5132967449259536,-1.0292123190410691,0.40144073479767606,0.5393614429603513,-0.2750406179318715,-1.184828719463144,-1.4795429323671168,0.99491587290727,1.113666030382,1.1653254970242406,0.8262086130451634,1.3519882930193852,0.9001606199378449,0.12955447154404823,12.160196232262647,3.8319630674912175,121,5
Vanuatu,VUT,2002,-0.8646058654117584,-0.4358884113595287,-0.9103802243657388,0.5153303232639377,0.27102231749046024,-0.27501139767954863,-1.2728020010209935,-1.4875374595790174,0.99491587290727,1.113666030382,1.1653254970242406,0.8262086130451634,1.3519882930193852,0.9001606199378449,0.12955447154404823,12.18517581981719,3.796969553552686,121,6
Vanuatu,VUT,2003,-0.8569576489555549,-0.7714473074869576,-0.8938211871021616,0.5115103761576515,0.32749785944637977,-0.27498186901810556,-1.2514136743239288,-1.550874328208265,0.99491587290727,1.113666030382,1.1653254970242406,0.8262086130451634,1.3519882930193852,0.9001606199378449,0.12955447154404823,12.209800687737197,3.8044368322063544,121,7
Vanuatu,VUT,2004,-0.8503929283942697,-0.0033135304019056146,-0.8176353538814766,0.7184935074807468,0.27822858689335345,-0.2749518444831753,-1.23546720860084,-1.600160949423316,0.99491587290727,1.113666030382,1.1653254970242406,0.8262086130451634,1.3519882930193852,0.9001606199378449,0.12955447154404823,12.23423241132403,3.7979254863409415,121,8
Vanuatu,VUT,2005,-0.837847359588412,0.10015176579322645,-0.8176353538814766,0.7610571417416174,-0.07356515755624463,-0.27492131198028236,-1.1968884008790421,-1.5793708642663877,2.428664897242578,2.326857551311763,2.2312588687001056,1.0923432403380064,2.6456896218388835,0.7943483040401405,0.12955447154404823,12.258480069045312,3.750158414996913,121,9
Vanuatu,VUT,2006,-0.8106584211718734,0.5978439591605581,-0.8176353538814766,0.4527463279364921,1.0310811024394815,-0.2748900900922974,-1.1136271759488627,-1.5587855464160099,2.428664897242578,2.326857551311763,2.2312588687001056,1.0923432403380064,2.6456896218388835,0.7943483040401405,0.12955447154404823,12.282681772900064,3.893072359706999,121,10
Vanuatu,VUT,2007,-0.8087590076907076,1.1273476698091662,-0.8176353538814766,0.47102018253269234,0.4774466847429741,-0.2748577192291591,-1.097859548728324,-1.5708983950927111,2.428664897242578,1.7322735763098698,2.2312588687001056,0.8437839689728384,2.6456896218388835,1.1217054837058442,0.12955447154404823,12.30717058932295,3.823996892639541,121,11
Vanuatu,VUT,2008,-0.7940564570648532,2.1555290621326395,-0.8176353538814766,0.9234725459424916,0.43798666850359863,-0.2748237337535683,-1.0530580768561983,-1.4744154156982905,2.428664897242578,1.7322735763098698,2.2312588687001056,0.8437839689728384,2.6456896218388835,1.1217054837058442,0.12955447154404823,12.332251448996965,3.8188865134449843,121,12
Vanuatu,VUT,2009,-0.7917539774996087,2.1036209845621494,-0.8176353538814766,1.002180972164769,0.2761323618425261,-0.2747884481218828,-1.0471531237694287,-1.3008544112469724,2.428664897242578,1.7322735763098698,2.2312588687001056,0.8437839689728384,2.6456896218388835,1.1217054837058442,0.12955447154404823,12.35764285595108,3.7976475101692473,121,13
Vanuatu,VUT,2010,-0.7972867695965209,1.5500332048836631,-0.2949553890712569,0.8668829379211215,0.9500217521940719,-0.2747550855117699,-1.002060576268189,-1.1613128608141898,2.428664897242578,1.7322735763098698,2.2312588687001056,0.8437839689728384,2.3068631349692414,0.7943483040401405,0.12955447154404823,12.381071624235867,3.883252136755536,121,14
Vanuatu,VUT,2011,-0.7926201933610441,0.5243799505426536,-0.2949553890712569,0.6689888150659855,0.7008909871396101,-0.27472348264781304,-1.011129000872079,-1.4007318615003546,2.428664897242578,1.7322735763098698,2.2312588687001056,0.8437839689728384,2.3068631349692414,0.7943483040401405,0.12955447154404823,12.4027695468294,3.8524521350885155,121,15
Vanuatu,VUT,2012,-0.7986485247084817,0.09169621242862414,-0.2949553890712569,0.8851025142770163,0.7244393966944468,-0.2746907731393663,-1.048115093562492,-1.5771528695411772,2.428664897242578,1.7322735763098698,2.2312588687001056,0.8437839689728384,2.3068631349692414,0.7943483040401405,0.12955447154404823,12.424742203444938,3.8554043572472887,121,16
Vanuatu,VUT,2013,-0.8074287430071911,0.49695980011939783,-0.2949553890712569,0.9419121280946788,0.6830942966565796,-0.27465691465576614,-1.0879959599671456,-1.5490829195498979,2.428664897242578,1.7322735763098698,2.2312588687001056,0.8437839689728384,2.3068631349692414,0.7943483040401405,0.12955447154404823,12.446989315099216,3.8502151989741664,121,17
Vanuatu,VUT,2014,-0.8059201607312637,0.11180193621196576,-0.2949553890712569,0.9067835448391929,-0.3509391468361473,-0.27462209466137966,-1.0833004035719394,-1.6082642539544094,2.833055548153772,0.7413004431957745,1.513385092200569,1.2580498189435894,2.7209844569346235,0.7943483040401405,0.12955447154404823,12.469363403746675,3.7108183944399817,121,18
Vanuatu,VUT,2015,-0.797618357999626,1.2460249821807778,-0.22210618914292074,1.0099953845814649,0.0495604730331671,-0.2745866518015153,-1.1070830732653172,-1.3380000589085703,1.2154924592400194,0.34491080941639235,1.2740941205168432,1.2580498189435894,2.4198051165516623,0.7943483040401405,0.12955447154404823,12.491634972908976,3.7671373559827304,121,19
Vanuatu,VUT,2016,-0.7915992859204313,0.2305821731204531,-0.22210618914292074,0.9402064466990886,0.28782212744141067,-0.27455045303694475,-1.0637502673612282,-1.3606378859504875,1.2154924592400194,0.34491080941639235,1.2740941205168432,0.9266372582756295,2.4198051165516623,0.7943483040401405,0.12955447154404823,12.513880822365545,3.799196681271348,121,20
Vanuatu,VUT,2017,-0.7813767527772002,0.5526401217788275,-0.22210618914292074,0.9162731029376155,0.09349669760814457,-0.2745116297712343,-0.985070383448936,-1.3861687122297894,1.2154924592400194,0.34491080941639235,1.513385092200569,0.9266372582756295,2.7209844569346235,0.7943483040401405,0.12955447154404823,12.537202063251096,3.773127011789522,121,21
Samoa,WSM,1996,-0.6512418997512139,1.0899651731415045,0.46861266826120296,0.4057273051353861,-0.5623523742567227,-0.27513108460710967,0.8914728514661471,0.005084307924212141,1.2154924592400194,1.1376896013079765,2.2312588687001056,1.3409031082463807,2.6456896218388835,1.7764198430372518,0.12955447154404823,12.078648281274507,3.6797585925471608,122,0
Samoa,WSM,1997,-0.6524980574186943,1.0899651731415045,0.5801397321014419,0.4057273051353861,0.5430729664394698,-0.2751221588843389,0.8314400329249649,-0.16106968561057938,1.2154924592400194,1.1376896013079765,2.2312588687001056,1.3409031082463807,2.6456896218388835,1.7764198430372518,0.12955447154404823,12.086996273875236,3.832438595297696,122,1
Samoa,WSM,1998,-0.6432912086426152,1.0899651731415045,0.5559615449129471,0.4057273051353861,-0.4526138561322687,-0.2751139467356107,0.8211644255872751,-0.30464139736030527,1.2154924592400194,1.1376896013079765,2.2312588687001056,1.3409031082463807,2.6456896218388835,1.7764198430372518,0.12955447154404823,12.094615807223962,3.6960012023651814,122,2
Samoa,WSM,1999,-0.6340214095449538,1.0899651731415045,0.5674749147376319,0.4057273051353861,-0.6883947074370732,-0.27510566202003073,0.7916424743553396,0.03111902981351561,1.2154924592400194,1.1376896013079765,2.096657562526704,1.3409031082463807,2.6456896218388835,1.7764198430372518,0.12955447154404823,12.102244288850423,3.6607713689081436,122,3
Samoa,WSM,2000,-0.6054811113162188,1.0899651731415045,0.5073973240286562,0.4057273051353861,-0.719653886402547,-0.2750971354149448,0.8274409582132155,0.07425541165196303,1.2154924592400194,1.1376896013079765,1.962056256353302,1.3409031082463807,2.6456896218388835,1.7764198430372518,0.12955447154404823,12.110035201333199,3.656006110046691,122,4
Samoa,WSM,2001,-0.5601044355857434,1.0899651731415045,0.530297752702181,0.4057273051353861,-0.5510192157802051,-0.2750881794559857,0.9189994977698955,0.21782483986827514,1.2154924592400194,1.1376896013079765,1.8274549501799,1.3409031082463807,2.6456896218388835,1.7764198430372518,0.12955447154404823,12.118153583992262,3.681448303916537,122,5
Samoa,WSM,2002,-0.523754687226716,1.0899651731415045,0.532729446280962,0.4057273051353861,-0.5448678470695049,-0.275080287810853,0.807038096540401,0.26438007501026056,1.2154924592400194,1.1376896013079765,1.692853644006498,1.3409031082463807,2.6456896218388835,1.7764198430372518,0.12955447154404823,12.125252969428159,3.6823642450227734,122,6
Samoa,WSM,2003,-0.487457446787686,1.0899651731415045,0.6496834598165085,0.06797067441618095,-0.5026882030352048,-0.275074488509947,0.6988382402261377,0.34725650659552365,1.2154924592400194,1.1376896013079765,1.962056256353302,1.3409031082463807,2.6456896218388835,1.7764198430372518,0.12955447154404823,12.130438124177513,3.6886223117788473,122,7
Samoa,WSM,2004,-0.46602259962227155,1.0899651731415045,0.6710490857572597,-0.0405601908524775,-0.537958949608956,-0.275069535822312,0.5129075853004939,0.45982749010005863,1.0929499112773806,1.1617131722339529,1.6221541464173515,0.9266372582756295,2.0638665367891558,1.587941720815901,0.12955447154404823,12.134845136241806,3.683391983152307,122,8
Samoa,WSM,2005,-0.41404289327567445,1.0899651731415045,0.6663341209061135,0.06659606683456501,-0.5073725599204997,-0.2750651273860654,0.44816978564419185,0.39359759128660066,1.2154924592400194,1.1376896013079765,1.962056256353302,1.3409031082463807,2.6456896218388835,1.7764198430372518,0.12955447154404823,12.138751590065427,3.687929237896189,122,9
Samoa,WSM,2006,-0.3986552805344969,1.0899651731415045,0.6577858805100625,0.2476689044985109,0.1007548587713736,-0.2750607068553435,0.25926158248000475,0.3741718239620396,1.2154924592400194,1.1376896013079765,1.962056256353302,1.0923432403380064,2.3068631349692414,1.449062663371548,0.12955447154404823,12.142653497660518,3.7741130451718545,122,10
Samoa,WSM,2007,-0.39928537371704226,1.0899651731415045,0.6196512978611879,0.2689243027277165,-0.4397379132594318,-0.27505439353923733,0.03387781329954001,0.36443014181713324,1.2154924592400194,1.1376896013079765,1.962056256353302,1.0923432403380064,2.3068631349692414,1.449062663371548,0.12955447154404823,12.148199858939703,3.6978898168914465,122,11
Samoa,WSM,2008,-0.37386313099778956,1.0899651731415045,0.6196512978611879,-0.0012090659033967635,0.5691658882700018,-0.27504620557945975,-0.10499725078924907,0.3136671469210767,1.2154924592400194,1.1376896013079765,1.962056256353302,1.0923432403380064,2.3068631349692414,1.449062663371548,0.12955447154404823,12.155347610705201,3.835775304846113,122,12
Samoa,WSM,2009,-0.385658121671242,1.0899651731415045,0.6958972462618424,0.05948149229379045,-0.3751605674640206,-0.27503770316332443,-0.3314717760222585,-0.3628813375499321,1.2154924592400194,1.1376896013079765,1.962056256353302,1.0923432403380064,2.3068631349692414,1.449062663371548,0.12955447154404823,12.162716191980255,3.7073084439008115,122,13
Samoa,WSM,2010,-0.33718205113675576,-1.130822878327778,0.7482133236299222,0.13459664794456097,-0.632469098058426,-0.2750285718344735,-0.3688266652834499,-1.0028734454242754,1.2154924592400194,1.1376896013079765,1.962056256353302,1.0923432403380064,2.3068631349692414,1.449062663371548,0.12955447154404823,12.170569812487518,3.669240618495491,122,14
Samoa,WSM,2011,-0.308764021821229,1.6995211755984783,0.7021242090656556,0.22249223098014878,-0.2956526896316194,-0.2750183520028457,-0.4671384117588009,-0.920656636494343,1.2154924592400194,1.1376896013079765,1.962056256353302,1.0923432403380064,2.3068631349692414,1.1217054837058442,0.12955447154404823,12.17928709427085,3.718784155979281,122,15
Samoa,WSM,2012,-0.3544841316930783,2.032372253913851,0.6883238903225191,0.2553470010019003,-0.18440711861564485,-0.2750075576836411,-0.5872869638941849,-0.875660538355638,1.2154924592400194,1.1376896013079765,1.962056256353302,1.0923432403380064,2.3068631349692414,1.1217054837058442,0.12955447154404823,12.18841262121998,3.73462282966029,122,16
Samoa,WSM,2013,-0.3619294430210992,-1.8805790295801958,0.6883238903225191,0.11452899507214405,-0.3485294728478829,-0.2749968540730013,-0.6323431565607037,-0.9721828946457765,1.2154924592400194,1.1376896013079765,1.962056256353302,1.0923432403380064,2.3068631349692414,1.1217054837058442,0.12955447154404823,12.197379973492513,3.711166909893593,122,17
Samoa,WSM,2014,-0.3640922111365491,1.6586033495989574,0.87196961874279,0.19058983704616006,-0.1559141730553757,-0.2749861565095991,-0.6482751249252717,-0.9669596230898769,1.2154924592400194,2.326857551311763,1.9919674662922,0.9266372582756295,2.7209844569346235,1.1217054837058442,0.12955447154404823,12.20626262748246,3.7386394995853385,122,18
Samoa,WSM,2015,-0.33642484072718876,1.4877356715543832,0.8759110998659343,0.020478891411224033,-0.08965033778502352,-0.27497560407990057,-0.6172988749590957,-1.0258739673246733,1.2154924592400194,2.326857551311763,1.9919674662922,1.2580498189435894,2.7209844569346235,1.1217054837058442,0.12955447154404823,12.214948141529517,3.747918835736721,122,19
Samoa,WSM,2016,-0.2681851871881437,1.4590243352373173,0.8684127194407621,0.03722380887876505,-0.5903315582823543,-0.2749652209728562,-0.5156267054768047,-1.0335765917673418,1.2154924592400194,2.326857551311763,1.9919674662922,1.2580498189435894,2.7209844569346235,1.1217054837058442,0.12955447154404823,12.223421283864786,3.675574784385967,122,20
Samoa,WSM,2017,-0.2634287639850232,1.0407878205948944,0.8684127194407621,0.0024056919081538127,-0.4647474047903876,-0.2749536344655195,-0.5041849198858889,-1.1353714087218643,2.024274246331383,2.326857551311763,1.9919674662922,1.2580498189435894,2.7209844569346235,1.1217054837058442,0.12955447154404823,12.232792470229555,3.694218210314508,122,21
"Yemen, Rep.",YEM,1996,-0.31491317941001196,0.006425777434518303,-0.989104852922622,0.3482873969266024,-0.79725009713363,-0.17149893199855407,-1.2084908329788775,1.4022728158147921,-0.6042661977638185,-1.240646298699596,-1.8067803165019503,-0.4700314530402132,-1.4202282205968195,-0.5150804146226747,1.2817424634540677,16.666978503599875,3.6440779844552655,123,0
"Yemen, Rep.",YEM,1997,-0.31491317941001196,0.1998973030528246,-0.989104852922622,0.18030198115628265,-0.9832628636364079,-0.16810788906139645,-1.2295400182566985,1.5201330369410935,-0.9075593072644581,-1.240646298699596,-1.6721790103285483,-0.5765570681050022,-1.4879935179707482,-0.8424375942883786,0.9216837159821865,16.698854176244552,3.614890972268673,123,1
"Yemen, Rep.",YEM,1998,-0.31491317941001196,0.12873688817827705,-0.989104852922622,-0.036714316192118304,-1.22756680550694,-0.16464840348852058,-1.2481171345525435,0.6532591982455435,-1.2108524167650978,-1.240646298699596,-1.5375777041551464,-0.6830826831697902,-1.5557588153446769,-1.1697947739540824,-0.15849252643345632,16.730358861749647,3.575215920672041,123,2
"Yemen, Rep.",YEM,1999,-0.31491317941001196,-0.47117290016424773,-0.989104852922622,-0.055796662342679264,-1.3216064116365358,-0.16112040271307462,-1.1628460684509467,1.35327510632946,-1.2108524167650978,-1.240646298699596,-1.5375777041551464,-0.6830826831697902,-1.5557588153446769,-1.1697947739540824,-0.7345865223884667,16.761496813165742,3.5595142176303183,123,3
"Yemen, Rep.",YEM,2000,-0.31491317941001196,-0.4443107316365054,-0.989104852922622,0.043806842501349495,-0.6296525997968342,-0.15752398349086097,-1.038441494017359,1.8258710583572078,-1.2108524167650978,-1.240646298699596,-1.5375777041551464,-0.6830826831697902,-1.5557588153446769,-1.1697947739540824,-0.7345865223884667,16.79227110093179,3.669665251461126,123,4
"Yemen, Rep.",YEM,2001,-0.31491317941001196,-0.36753162237214987,-0.8496612668745891,-0.08802814184887178,-0.3746167242581866,-0.15388351014236992,-0.9308935468416084,1.5035136691448379,-1.2108524167650978,-1.240646298699596,-1.5375777041551464,-0.6830826831697902,-1.5557588153446769,-1.1697947739540824,-1.1186491863584738,16.82248678073183,3.7073873881227257,123,5
"Yemen, Rep.",YEM,2002,-0.31491317941001196,-0.49816262820452,-0.8496612668745891,0.02326557969479582,-0.4601095491457991,-0.15020111129525412,-0.8046586262284582,1.5239161194278719,-1.2108524167650978,-1.240646298699596,-1.5375777041551464,-0.6830826831697902,-1.5557588153446769,-1.1697947739540824,-1.3106805183434769,16.85214899849592,3.6949001060067412,123,6
"Yemen, Rep.",YEM,2003,-0.31491317941001196,-0.22602029647790772,-0.8168198603711141,0.013179143436429463,-0.7687484174048926,-0.14644400487421505,-0.6754924658417889,1.587176698124284,-1.2108524167650978,-1.240646298699596,-1.2683750918083427,-0.6830826831697902,-1.5557588153446769,-1.1697947739540824,-1.3106805183434769,16.881532595010448,3.64847582572199,123,7
"Yemen, Rep.",YEM,2004,-0.31491317941001196,-0.28025533243322676,-0.7895267394894123,-0.060356612663977204,-0.46578247590946004,-0.14258110203049604,-0.5431032252331794,1.7441819497755577,-1.2108524167650978,-1.240646298699596,-1.2683750918083427,-0.6830826831697902,-1.5557588153446769,-1.1697947739540824,-1.3106805183434769,16.910869500048282,3.694065962155118,123,8
"Yemen, Rep.",YEM,2005,-0.31491317941001196,-0.49260909802052394,-0.8278362780413717,0.08250234465784195,-0.9460589845986643,-0.13837876773750443,-0.4765104141780211,2.0537794349681056,-1.2108524167650978,-1.240646298699596,-1.2683750918083427,-0.6830826831697902,-1.5557588153446769,-1.1697947739540824,-1.3106805183434769,16.941836174799654,3.6207971330824633,123,9
"Yemen, Rep.",YEM,2006,-0.31491317941001196,-0.7529855422609485,-0.8278362780413717,0.23627201976645487,0.353365313413387,-0.13382520988182348,-0.43939354523242297,2.090000104307389,0.0023200212374607228,-0.051478348695809785,-1.2683750918083427,0.16912164080531122,-0.33598346261396533,-0.43127697662825454,-1.3106805183434769,16.974342662260238,3.8078385342127157,123,10
"Yemen, Rep.",YEM,2007,-0.31491317941001196,-0.6546366016861711,-0.8278362780413717,0.15065016008204196,0.07550302866285245,-0.12913860675061345,-0.40190837222025116,2.1186841600610755,0.0023200212374607228,-0.051478348695809785,-1.2683750918083427,0.16912164080531122,-0.20045286786610875,-0.43127697662825454,-1.3106805183434769,17.006730787942306,3.7706783405366298,123,11
"Yemen, Rep.",YEM,2008,-0.31491317941001196,-0.8704251173727988,-0.920317332712845,0.21216230640710745,0.3358937853029287,-0.12433795271733179,-0.3450347398817235,2.140968475986518,0.0023200212374607228,-0.051478348695809785,-1.8067803165019503,0.16912164080531122,-0.33598346261396533,-0.8729907564666819,-1.3106805183434769,17.038854067848504,3.805542208138211,123,12
"Yemen, Rep.",YEM,2009,-0.31491317941001196,-1.0974632301913239,-0.920317332712845,-0.16983002521158216,-0.5539072450854757,-0.11940471904582008,-0.29590242685050755,2.1587813995566782,-0.6042661977638185,-1.240646298699596,-1.8067803165019503,0.16912164080531122,-0.6070446521096794,-0.8729907564666819,-1.3106805183434769,17.07082341745292,3.681017985696494,123,13
"Yemen, Rep.",YEM,2010,-0.31491317941001196,-1.3260361713052813,-0.8808902045966868,-0.2767073360529967,-0.5376362153251902,-0.11440569142868062,-0.23667041003868347,2.173345427621068,-0.6042661977638185,-1.240646298699596,-1.8067803165019503,0.3821728709348875,-0.4715140573618222,-0.9271141593524032,-1.3106805183434769,17.102209055236806,3.6834399659154897,123,14
"Yemen, Rep.",YEM,2011,-0.31491317941001196,-2.0735555299168755,-0.8228071941004031,-0.3151630814613573,-0.9083606891609345,-0.10939549456360233,-0.39910761477369505,2.1854751239951207,-0.6042661977638185,-1.240646298699596,-1.8067803165019503,0.16912164080531122,-1.149167031101106,-0.9393353194694274,-1.3106805183434769,17.13270650095145,3.6267464125772317,123,15
"Yemen, Rep.",YEM,2012,-0.31491317941001196,-1.6848101229968864,-0.8117498704685993,-0.3643954791956232,-0.6476313302352146,-0.1042508071331967,-0.40961761577563327,1.0742916685942088,-1.2108524167650978,-1.240646298699596,-1.5375777041551464,-0.04392958932426608,-1.2846976258489626,-0.8433107213579835,-1.5027118503284804,17.16308379055554,3.6669515618465507,123,16
"Yemen, Rep.",YEM,2013,-0.31491317941001196,-1.7574340686752117,-0.7489423596098611,-0.6210155325589135,-0.6967086790162828,-0.09893344083170648,-0.3874848812211818,1.0115673593153258,-1.2108524167650978,-1.240646298699596,-1.8067803165019503,-0.04392958932426608,-1.149167031101106,-0.9009255849791469,-1.5987275163209826,17.19354005820914,3.6595061728817955,123,17
South Africa,ZAF,1996,0.2922803160385568,-0.8232207579968545,0.7018800195292011,-0.9200549441906667,-0.5562724582760248,-0.0033262144736891553,0.9070165244286156,0.2542229514180671,1.2154924592400194,1.1376896013079765,0.07763796992567584,0.3821728709348875,0.7482612953688889,0.7943483040401405,3.2980714492966037,17.624903073376665,3.6806654294355536,124,0
South Africa,ZAF,1997,0.3142422603750851,-0.7813349973419378,0.7018800195292011,-0.9170948108212325,-0.2595638198551827,-3.760569507830192e-05,0.9076900739270323,0.2010387012213563,1.5187855687406588,1.1376896013079765,0.07763796992567584,0.3821728709348875,0.9515571874906739,0.7943483040401405,2.9140087853265966,17.636882968839796,3.7239498778741353,124,1
South Africa,ZAF,1998,0.3027541650458424,-0.7371870175762151,0.7018800195292011,-0.8668013940869622,-0.580009044277464,0.0033309596597356932,0.9182213005626261,0.14495056904909936,1.8220786782412985,1.1376896013079765,0.07763796992567584,0.3821728709348875,1.1548530796124588,0.7943483040401405,1.2097307139596916,17.649007127264625,3.6771203781373423,124,2
South Africa,ZAF,1999,0.3234491184375602,-0.9401511412512686,0.5695390074457845,-0.91834281311206,-0.47307937183245724,0.006393613403568873,0.9192804769471741,0.06918937919099975,1.5187855687406588,1.1376896013079765,0.34684058227247955,0.5952241010644641,1.08708778223853,0.7943483040401405,0.2735779705328008,17.659904104892576,3.6929920067251722,124,3
South Africa,ZAF,2000,0.3762724252732569,-0.9952660724687054,0.3962328860096668,-0.8034427470234788,-0.5328904239334104,0.008990200494508969,0.9207694413288419,0.11611801131193218,1.2154924592400194,1.1376896013079765,0.6160431946192833,0.8082753311940414,1.0193224848646019,0.7943483040401405,0.12955447154404823,17.669050696380875,3.684145284308788,124,4
South Africa,ZAF,2001,0.40682148649038363,-0.9981477106171709,0.3828262335054365,-0.7178939207382065,0.2668079408026432,0.011451916044149813,1.030081105507093,0.14122779034362498,1.2154924592400194,1.1376896013079765,0.6160431946192833,0.9148009462588297,0.816026592742817,0.7943483040401405,0.10555055504592271,17.677645617881485,3.7964100803469796,124,5
South Africa,ZAF,2002,0.4533310161627918,-1.0389203794041508,0.40078450340626975,-0.5933629252591877,-0.44701354132624255,0.014188986512927998,1.100922326790798,0.13909019744340997,1.2154924592400194,1.1376896013079765,0.6160431946192833,1.021326561323618,0.612730700621032,0.7943483040401405,-0.2785121089240845,17.687115987084095,3.696823082371674,124,6
South Africa,ZAF,2003,0.4871632500449086,-0.962521664012888,0.44029966225723605,-0.8178503738461129,-0.5736258342284977,0.017097302657467832,1.0224551882044732,0.004910119416830075,1.2154924592400194,1.1376896013079765,0.6160431946192833,1.021326561323618,0.612730700621032,0.7943483040401405,-0.5425551904034636,17.69708155175811,3.678074944512455,124,7
South Africa,ZAF,2004,0.5498746368839461,-0.9005988708852725,0.5403186077137959,-0.8201784985605927,-0.5944712649742171,0.020066937791774712,1.161819933823144,-0.04410461367525115,1.2154924592400194,1.1376896013079765,0.6160431946192833,1.021326561323618,0.612730700621032,0.7943483040401405,-0.15849252643345632,17.707155779525408,3.6749542728727786,124,8
South Africa,ZAF,2005,0.6279251193784366,-0.8143184210889928,0.6172536004531517,-0.7684411483162392,-0.2590961259562505,0.023082163050722002,1.1307354011947275,-0.06810802578580973,1.2154924592400194,1.1376896013079765,0.6160431946192833,1.021326561323618,0.612730700621032,0.7943483040401405,-0.062476860440955385,17.71728187393531,3.724016648232398,124,9
South Africa,ZAF,2006,0.7153228346439309,-0.6338579782417112,0.7390859262943867,-0.5845871607028239,-0.6061498118107093,0.026155635302710332,1.1341933702351608,-0.16426575139307908,1.2154924592400194,1.1376896013079765,0.885245806966087,1.021326561323618,0.612730700621032,1.3024066468813127,0.1295544715440488,17.72749912279935,3.673201666660691,124,10
South Africa,ZAF,2007,0.8011218038864293,-0.4329103056514353,0.8026023816893321,-0.48724293173097555,-0.306480518654665,0.029362527758962007,1.1183336262271042,-0.1280389828015481,1.2154924592400194,1.1376896013079765,0.885245806966087,1.021326561323618,0.612730700621032,1.3024066468813127,0.1295544715440488,17.73804977370956,3.7172290536303656,124,11
South Africa,ZAF,2008,0.8433371120605885,-0.11825176480726272,0.748649905938221,-0.2306337345319292,-0.11216423095931494,0.03290629973019815,1.1075064850606142,0.008960194685573904,1.2154924592400194,1.1376896013079765,0.885245806966087,1.021326561323618,0.612730700621032,1.3024066468813127,0.1295544715440488,17.749580728651093,3.7447757237471766,124,12
South Africa,ZAF,2009,0.785290891341825,-0.3759718647092147,0.8179595299409438,-0.7058138873802595,-0.24990603576169512,0.03661880172633371,1.0287088405304128,-0.09073437988856965,1.2154924592400194,1.1376896013079765,0.885245806966087,1.021326561323618,0.612730700621032,1.3024066468813127,0.1295544715440488,17.761519773484476,3.7253277685259203,124,13
South Africa,ZAF,2010,0.8234338013529303,-0.6100637500944118,0.84084294285288,-0.6820780077458082,-0.4912179592837757,0.040341088152986336,0.9553532324753453,-0.12730323613902214,1.2154924592400194,1.1376896013079765,0.885245806966087,1.021326561323618,0.612730700621032,1.2814557873827075,0.34558972002717736,17.77334886895931,3.6903173659682085,124,14
South Africa,ZAF,2011,0.8638223175321248,-0.5800038738169528,0.926050216619903,-0.5594113474097613,-0.48809404095463566,0.04427877113748042,0.8825306764853948,-0.1658983642152571,1.2154924592400194,1.1376896013079765,0.885245806966087,1.021326561323618,0.612730700621032,1.2814557873827075,0.39359755302342786,17.785712014595102,3.6907785162148543,124,15
South Africa,ZAF,2012,0.883246890596572,-0.5647679577046326,1.042639669592776,-0.5319720663478539,-0.4607819108392464,0.04904013626775256,0.7855382562045056,-0.19675062246181904,1.2154924592400194,1.1376896013079765,0.6160431946192833,1.021326561323618,0.612730700621032,1.2814557873827075,0.1295544715440488,17.800459957757965,3.694801278672961,124,16
South Africa,ZAF,2013,0.900846467962122,-0.4866521070801309,1.042639669592776,-0.4365007051971397,-0.29362709168631274,0.05445981578303654,0.7897791466281402,-0.18983456195997284,1.2154924592400194,1.1376896013079765,0.34684058227247955,1.2343777914531946,0.7482612953688889,1.3006609165135914,0.057542722049672236,17.816986477403347,3.7190748058124274,124,17
South Africa,ZAF,2014,0.8951829233827893,-0.5203254778557254,1.3687093808045068,-0.41839047913528227,-0.383954594545372,0.05999936969024874,0.7783798183284382,-0.21033611618481068,1.2154924592400194,1.1376896013079765,0.34684058227247955,1.2343777914531946,0.7482612953688889,1.286693502257359,-0.15849252643345632,17.833600931171414,3.7060310379402828,124,18
South Africa,ZAF,2015,0.8799338642007657,-0.5557864208846853,1.4940414726586286,-0.4987973247946892,-0.5666527748114708,0.06682488077812578,0.8308958025394045,-0.25799849359339583,1.2154924592400194,1.1376896013079765,0.34684058227247955,1.2343777914531946,0.4772001058731751,1.2412997987532186,-0.15849252643345632,17.85369981482955,3.6791166785821754,124,19
South Africa,ZAF,2016,0.8738749443993423,-0.6246405308932595,1.4662615309450149,-0.5238922201908035,-0.5250818103632843,0.07006628481964378,0.764991457350518,-0.25382020832208374,1.2154924592400194,1.1376896013079765,0.34684058227247955,1.2343777914531946,0.34166951112531785,1.2151112243799622,-0.15849252643345632,17.863105033642757,3.685304717037444,124,20
South Africa,ZAF,2017,0.8847221958176718,-0.7511611311153721,1.5302815718935434,-0.5913206321783689,-0.5495869210379984,0.0723376938004514,0.7636708292815183,-0.26812629106635605,1.2154924592400194,1.1376896013079765,0.34684058227247955,1.2343777914531946,0.34166951112531785,1.1854311892712637,-0.15849252643345632,17.869643408155873,3.681661648081768,124,21
Zambia,ZMB,1996,-0.971679326116071,0.40064478288723077,0.17424341889584308,-0.29306635598577635,-0.04345035820344661,-0.22174617948663122,-1.5275925801914498,0.5297300670225358,-1.2108524167650978,-1.240646298699596,-0.46076725476793157,-0.2569802229106366,-0.7425752468575356,-1.1697947739540824,0.41760146952155225,16.013185478325294,3.7543379345816152,125,0
Zambia,ZMB,1997,-0.9677401801963967,0.40064478288723077,0.17424341889584308,-0.45396192822169534,0.17402520351211717,-0.22033711264189562,-1.542646101870972,0.46140574820182323,-1.2108524167650978,-1.240646298699596,-0.7299698671147353,-0.3635058379754249,-0.7425752468575356,-1.1697947739540824,0.41760146952155225,16.038734644207235,3.784012873310875,125,1
Zambia,ZMB,1998,-0.9776224761174646,0.40064478288723077,0.17424341889584308,-0.5126107935662209,0.3054316868749719,-0.21885345312075208,-1.580099886760544,0.03689637329834401,-1.2108524167650978,-1.240646298699596,-0.999172479461539,-0.4700314530402132,-0.7425752468575356,-1.1697947739540824,0.41760146952155225,16.06494895587378,3.8015258441009294,125,2
Zambia,ZMB,1999,-0.97153030872944,0.40064478288723077,0.17424341889584308,-0.4106203300175736,0.16373523589097633,-0.21729570284392552,-1.6677785077079157,-0.3339012015090875,-1.2108524167650978,-1.240646298699596,-0.7299698671147353,-0.4700314530402132,-0.7425752468575356,-1.1697947739540824,0.41760146952155225,16.091752291634954,3.782628459035833,125,3
Zambia,ZMB,2000,-0.9681739789239501,0.40064478288723077,0.17424341889584308,-0.3926438295351153,-0.06937270349761532,-0.21561683244421492,-1.7467131341259943,-0.29862679878577797,-1.2108524167650978,-1.240646298699596,-0.46076725476793157,-0.4700314530402132,-0.7425752468575356,-1.1697947739540824,0.22557013753655034,16.119857298345977,3.750741317618243,125,4
Zambia,ZMB,2001,-0.9609135664046562,0.40064478288723077,0.17424341889584308,-0.2685113373739294,-0.04208026059933703,-0.2137569803161268,-1.7162913233263788,-0.28891774580740753,-1.2108524167650978,-1.240646298699596,-0.46076725476793157,-0.5765570681050022,-0.7425752468575356,-1.1697947739540824,-0.15849252643345632,16.150096711176957,3.7545276704508472,125,5
Zambia,ZMB,2002,-0.9563592253305851,0.40064478288723077,0.17424341889584308,-0.26131376690480446,0.5621090602445894,-0.21180514970338812,-1.6881804429645355,-0.24608281998376857,-1.2108524167650978,-1.240646298699596,-0.46076725476793157,-0.6830826831697902,-0.7425752468575356,-1.1697947739540824,-0.15849252643345632,16.180877943328554,3.8348739899011157,125,6
Zambia,ZMB,2003,-0.9436781434596554,0.40064478288723077,0.17424341889584308,-0.33681292961452824,0.5560207781661611,-0.20977541857524715,-1.6476799692190118,-0.22450312861185698,-1.2108524167650978,-1.240646298699596,-0.46076725476793157,-0.6830826831697902,-0.7425752468575356,-1.1697947739540824,-0.15849252643345632,16.211913444981484,3.834095726650477,125,7
Zambia,ZMB,2004,-0.9305018687331671,0.40064478288723077,0.17424341889584308,-0.09032830437290017,0.3485279406209736,-0.20763104996298254,-1.6041312038950273,-0.09463996161092376,-1.2108524167650978,-1.240646298699596,-0.46076725476793157,-0.6830826831697902,-0.7425752468575356,-1.1697947739540824,0.08154663854779776,16.24368802530876,3.807203274058413,125,8
Zambia,ZMB,2005,-0.9165890782779361,0.40064478288723077,0.17424341889584308,-0.3400769496407758,0.08348056395637977,-0.20532934432155037,-1.5643631042328148,0.0013128995311626204,-1.2108524167650978,-1.240646298699596,-0.46076725476793157,-0.6830826831697902,-0.6070446521096794,-0.5150804146226747,0.41760146952155225,16.27670665445045,3.771764704621519,125,9
Zambia,ZMB,2006,-0.9002417100046392,0.40064478288723077,0.17424341889584308,-0.4660261175822374,0.175303176831174,-0.2028455382127755,-1.5593531744305027,0.29632505131637277,0.0023200212374607228,-1.240646298699596,0.6160431946192833,-0.2569802229106366,0.07060832162960441,0.8379957534050717,0.41760146952155225,16.31115551190131,3.7841846783718163,125,10
Zambia,ZMB,2007,-0.881808582198654,0.40064478288723077,0.17424341889584308,-0.23652209587205317,0.95151150138843,-0.2002117727047656,-1.550689435240446,0.4222295638762624,0.0023200212374607228,-1.240646298699596,0.6160431946192833,-0.2569802229106366,0.07060832162960441,0.8379957534050717,0.6096328015065564,16.346432573345478,3.8834334903581054,125,11
Zambia,ZMB,2008,-0.8650405099213037,0.40064478288723077,0.17424341889584308,-0.4196862263086562,0.2451942061710082,-0.19745278704674524,-1.5401331244401508,0.34577790316080603,0.0023200212374607228,-1.240646298699596,0.07763796992567584,-0.2569802229106366,0.07060832162960441,0.8379957534050717,0.5136171355140543,16.382098956079894,3.7935358522459985,125,12
Zambia,ZMB,2009,-0.8413861733070315,0.40064478288723077,0.17424341889584308,-0.5163493149616408,0.12553690570473702,-0.19461623951863097,-1.4774551392862598,0.2820466155791106,0.0023200212374607228,-1.240646298699596,0.6160431946192833,-0.2569802229106366,0.07060832162960441,0.8379957534050717,0.41760146952155225,16.417488138069974,3.7774724195557168,125,13
Zambia,ZMB,2010,-0.8112876335781071,0.40064478288723077,0.17424341889584308,-0.25846606155492213,0.8018967937653446,-0.1917425619513481,-1.3960668276185697,0.44961665308172133,0.0023200212374607228,-1.240646298699596,0.6160431946192833,-0.2569802229106366,0.07060832162960441,0.9130700157893977,0.41760146952155225,16.45210736297007,3.865054025009201,125,14
Zambia,ZMB,2011,-0.8009175769726838,0.6534532753137638,0.17424341889584308,-0.03284507951818249,0.15806334945980852,-0.18888704423872701,-1.3404339093721593,0.6330683216378372,0.0023200212374607228,-0.051478348695809785,0.6160431946192833,-0.2569802229106366,0.07060832162960441,1.0021111686584694,0.41760146952155225,16.48536011746327,3.781864542140658,125,15
Zambia,ZMB,2012,-0.780081867397337,0.15634365534030334,0.17424341889584308,0.041744292318716535,0.507065842077141,-0.1860095690062002,-1.2597191659611735,0.4306286677207821,0.0023200212374607228,-0.051478348695809785,0.6160431946192833,-0.2569802229106366,0.07060832162960441,1.014332328775493,0.22557013753655034,16.517786117873747,3.8278157182099855,125,16
Zambia,ZMB,2013,-0.7709813615619996,0.3896243231795991,0.17424341889584308,0.18929849491866813,0.6254069950844094,-0.18307443336268434,-1.2015097949535758,0.47603048873821846,0.0023200212374607228,-0.051478348695809785,0.6160431946192833,-0.6830826831697902,0.34166951112531785,1.014332328775493,0.12955447154404823,16.549813000331977,3.842929663675543,125,17
Zambia,ZMB,2014,-0.763428651768002,1.0251177321447864,0.17424341889584308,0.06569005624862909,0.2984384410189609,-0.18007308046690523,-1.1405928152526605,0.5082809068715459,0.0023200212374607228,-0.051478348695809785,0.6160431946192833,-0.6830826831697902,0.2061389163774616,0.6005528536780433,0.12955447154404823,16.58153503259498,3.80060151807183,125,18
Zambia,ZMB,2015,-0.764726416141631,1.924902667425183,0.17424341889584308,0.17216183242616212,0.6183214487477231,-0.17702663936721066,-1.0854209918394822,0.5675996393945908,0.0023200212374607228,-0.051478348695809785,0.6160431946192833,-0.2569802229106366,0.2061389163774616,0.58134772454716,0.12955447154404823,16.612736403450043,3.8420311334770254,125,19
Zambia,ZMB,2016,-0.761539585372288,1.6782740898022697,0.17424341889584308,0.0008826386413440892,-0.10613619179489231,-0.1739102922002866,-1.0834691151739424,0.669077481074316,0.0023200212374607228,-0.051478348695809785,0.6160431946192833,-0.2569802229106366,0.2061389163774616,0.530716829939856,0.12955447154404823,16.64367730700112,3.745618253120169,125,20
Zambia,ZMB,2017,-0.7593895060626109,1.9678711558862756,0.17424341889584308,-0.06792433683140633,0.08288356632360994,-0.1707240208244201,-1.0831854653768846,0.8709553738380522,0.0023200212374607228,-0.051478348695809785,0.07763796992567584,-0.2569802229106366,0.2061389163774616,0.47659342705413466,-0.062476860440955385,16.674352718989415,3.7716834475737913,125,21
Zimbabwe,ZWE,1996,-0.33015498077404337,-0.552051837708527,-0.8277529459643075,-0.053928262472163244,-0.48099500793491784,-0.2087185730874131,-0.5162565572754823,-0.31864761813687154,-0.6042661977638185,-0.051478348695809785,-0.7299698671147353,-1.7483382372744682,-1.6912894100925329,-1.1697947739540824,2.3379147893715873,16.227699640332613,3.6918256795510205,126,0
Zimbabwe,ZWE,1997,-0.32266984680462496,-0.5510006210622514,-0.7897542098025889,0.23996559707297807,-0.373175891831514,-0.20743978188336304,-0.5231708702263173,-0.35772902251869415,-0.9075593072644581,-0.051478348695809785,-1.4029763979817447,-1.8548638523392564,-1.759054707466462,-1.4971519536197861,1.4497698789409457,16.24647373808371,3.7075965090818013,126,1
Zimbabwe,ZWE,1998,-0.3139272596956714,-0.24135483000893326,-0.7897542098025889,0.42293314114980746,0.5319391191322553,-0.2060823584481551,-0.5263177922447718,-0.5013253416763238,-1.2108524167650978,-0.051478348695809785,-2.0759829288487537,-1.9613894674040449,-1.8268200048403904,-1.82450913328549,0.7056484674990585,16.266023983501302,3.8310114257192027,126,2
Zimbabwe,ZWE,1999,-0.3377224380995986,-2.431071217445952,-0.8411634679513889,-0.08719639710622339,-0.49545057101811685,-0.20493845692711724,-0.5445596115953915,-0.641874211896105,-1.2108524167650978,-0.051478348695809785,-2.0759829288487537,-1.9613894674040449,-1.8268200048403904,-1.82450913328549,0.7056484674990585,16.28220732636264,3.6896922118587323,126,3
Zimbabwe,ZWE,2000,-0.3757274774365336,-1.3092752523855844,-0.846412836023105,0.004139948026244492,-0.5822273708148731,-0.20428174506008256,-0.5596903235619562,-0.641874211896105,-1.2108524167650978,-0.051478348695809785,-2.0759829288487537,-1.9613894674040449,-1.8268200048403904,-1.82450913328549,-0.6865786893922161,16.291381172137136,3.6767884287672743,126,4
Zimbabwe,ZWE,2001,-0.36866601837760327,-1.2704872058060919,-0.7697104268421183,-0.17485519285532383,-0.6313558869333251,-0.2037988973227118,-0.5751373415400981,-0.4958906609514374,-1.2108524167650978,-0.051478348695809785,-2.0759829288487537,-1.9613894674040449,-1.8268200048403904,-1.82450913328549,-1.7907588483059858,16.298072962154436,3.669408474746189,126,5
Zimbabwe,ZWE,2002,-0.45974618021024766,-1.5066021411206614,-0.7942493051104392,-0.20641235905512426,-0.5718190251477662,-0.20309891747029415,-0.6009749793150431,-0.3499071100067698,-1.2108524167650978,-0.051478348695809785,-2.0759829288487537,-1.9613894674040449,-1.8268200048403904,-1.82450913328549,-2.462868510253497,16.307695159096863,3.67834497534675,126,6
Zimbabwe,ZWE,2003,-0.6110209934459616,-1.0650359376812124,-0.8796269566424002,-0.1007994818510144,-0.6296193714759388,-0.20222406359952508,-0.6103989869687731,-0.20392355906210216,-1.2108524167650978,-0.051478348695809785,-2.0759829288487537,-1.9613894674040449,-1.8268200048403904,-1.82450913328549,-2.462868510253497,16.319592514140826,3.6696702600954225,126,7
Zimbabwe,ZWE,2004,-0.6581288684739566,-2.121074545433522,-0.8796269566424002,0.061222288302399,-0.6155071291227361,-0.20141631592495374,-0.6063672691302135,-0.20392355906210216,-1.2108524167650978,-0.051478348695809785,-2.0759829288487537,-1.9613894674040449,-1.8268200048403904,-1.82450913328549,-1.9827901802909886,16.330452999775975,3.6717951887914366,126,8
Zimbabwe,ZWE,2005,-0.7005676014851246,-2.4981271272085137,-0.8796269566424002,0.06132794499004865,-0.33899196729995634,-0.2007055478005692,-0.49274006316563734,-0.02948395722393508,-1.2108524167650978,-0.051478348695809785,-2.0759829288487537,-1.9613894674040449,-1.8268200048403904,-1.82450913328549,-1.418698142585041,16.33991296320616,3.7125451458075744,126,9
Zimbabwe,ZWE,2006,-0.7283813711588746,-2.470871587258735,-0.8796269566424002,0.2578422514170965,-0.5166670222691859,-0.19978024182608944,-0.5471416538339048,0.3175526987148264,-0.6042661977638185,-0.051478348695809785,-0.46076725476793157,-1.9613894674040449,-1.5557588153446769,-1.367082208823109,-1.454704017332229,16.352095736260964,3.6865526522839107,126,10
Zimbabwe,ZWE,2007,-0.7565348506955414,-2.124519117652022,-0.8796269566424002,0.29693799223913625,-0.42081886571810023,-0.19876664618192538,-0.5306183536544888,0.4681239431206168,-0.6042661977638185,-0.051478348695809785,-0.46076725476793157,-1.9613894674040449,-1.5557588153446769,-1.367082208823109,-1.454704017332229,16.365272787996293,3.7006583657280405,126,11
Zimbabwe,ZWE,2008,-0.858147373615572,-2.3420588617485656,-0.8796269566424002,1.032174757723242,-0.4433629259794954,-0.19782877404760973,-0.6596564347912746,0.3035731402737587,-0.6042661977638185,-1.240646298699596,-0.7299698671147353,-1.9613894674040449,-1.6912894100925329,-1.3827953534470627,-1.454704017332229,16.377312660317767,3.697358468766704,126,12
Zimbabwe,ZWE,2009,-0.806351844578688,-1.5361529014592217,-0.8796269566424002,-0.35236579576131544,-0.45726084931142486,-0.19671825327839773,-0.6626363259786096,-0.4475286124103326,-0.6042661977638185,-1.240646298699596,-0.7299698671147353,-1.9613894674040449,-1.6912894100925329,-1.3827953534470627,-1.454704017332229,16.391383953336643,3.6953187148936513,126,13
Zimbabwe,ZWE,2010,-0.7184576323158601,-0.6768200057725314,-0.8796269566424002,0.2666393246345123,-0.4687986066867403,-0.1954256078528924,-0.632865643701149,-0.5106764795194316,-0.6042661977638185,-1.240646298699596,-0.7299698671147353,-1.9613894674040449,-1.6912894100925329,-1.3635902243161788,-1.2386687688491003,16.407517384322183,3.6936221885683334,126,14
Zimbabwe,ZWE,2011,-0.6474300774189963,-0.9652683782908495,-0.8796269566424002,0.45055649938282333,-0.22824589861258582,-0.1939810679121042,-0.6330588509002829,-0.42537583354281444,-0.6042661977638185,-1.240646298699596,-0.7299698671147353,-1.9613894674040449,-1.6912894100925329,-1.356606779073807,-1.1666570193547237,16.425243897053274,3.728411166406137,126,15
Zimbabwe,ZWE,2012,-0.5507489566622052,-1.2668902815897705,0.4522194671790502,0.006802143751436688,-0.295399356645818,-0.19263578128285902,-0.7459509394329116,-0.12503872971352528,-0.6042661977638185,-1.240646298699596,-0.999172479461539,-1.9613894674040449,-1.6912894100925329,-1.3583525094415276,-0.9746256873697213,16.44147454262822,3.718820510949472,126,16
Zimbabwe,ZWE,2013,-0.5465190334197128,-1.6268966799413371,-0.3972707679129434,-0.44284980071846225,-0.31062161676568467,-0.1914510004353098,-0.8571878057363523,-0.2523582243826608,-1.2108524167650978,-1.240646298699596,-0.999172479461539,-1.9613894674040449,-1.5557588153446769,-0.9218764444777519,-0.8786100213772203,16.455553758591822,3.716633665574084,126,17
Zimbabwe,ZWE,2014,-0.5391055244111286,-1.575054141360779,-0.3972707679129434,-0.5583845837376417,-0.2310110145938093,-0.19028055154099016,-0.9614864330233105,-0.2591095772189239,-1.2108524167650978,-1.240646298699596,-0.46076725476793157,-1.9613894674040449,-1.4202282205968195,-0.9026713153468682,-0.8786100213772203,16.469270698154485,3.728018071245764,126,18
Zimbabwe,ZWE,2015,-0.5358653391943111,-1.5280907214689596,-0.3972707679129434,-0.49813106544694596,-0.3029104706772578,-0.18912157425649181,-0.9661723465796042,-0.37226472069714844,-1.2108524167650978,-1.240646298699596,-0.46076725476793157,-1.7483382372744682,-1.4202282205968195,-0.8555318814750067,-0.8786100213772203,16.482670289979676,3.7177420543437014,126,19
Zimbabwe,ZWE,2016,-0.5407120085643657,-1.550857948617341,-0.3972707679129434,-0.658504552378071,-0.35874784191219533,-0.1879043802151407,-0.9672739308372665,-0.3925038621447338,-1.2108524167650978,-1.240646298699596,-0.7299698671147353,-1.7483382372744682,-1.4202282205968195,-0.8555318814750067,-0.8786100213772203,16.49655229195389,3.709688173635533,126,20
Zimbabwe,ZWE,2017,-0.5161155338988613,-1.3577939513526909,-0.3972707679129434,-0.5480453098326487,-0.5390648531050217,-0.18662122895274527,-0.8974145297947356,0.43105185682145436,-1.2108524167650978,-1.240646298699596,-0.7299698671147353,-1.7483382372744682,-1.5557588153446769,-0.836326752344123,-0.8786100213772203,16.51098082917964,3.683227544651465,126,21
