pais,country_code,year,pib_per_capita_ppc,formacao_bruta_capital_fixo_percent_pib,matricula_ensino_secundario_percent,comercio_percent_pib,investimento_estrangeiro_direto_percent_pib,populacao_total,emprego_industria_percent_emprego_total,valor_agregado_industrial_percent_pib,wgi_control_corruption,wgi_gov_effectiveness,wgi_political_stability,wgi_regulatory_quality,wgi_rule_law,wgi_voice_accountability,icrg_qog,populacao_total_log,investimento_estrangeiro_direto_percent_pib_log,pib_per_capita_ppc_d1
Afghanistan,AFG,2001,1454.11078195559,11.4556283331357,14.0404100418091,46.7098945514103,0.0241685679088889,20284307.0,12.6383842491558,23.8101270064854,0.125,0.125,0.0625,0.1666667,0.1875,0.1875,0.4444444444444444,16.825358140163544,3.6685956670307402,
Afghanistan,AFG,2002,1774.30874287341,11.4556283331357,14.0404100418091,46.7098945514103,1.30694987042884,21378117.0,12.9610790273256,23.8101270064854,0.125,0.125,0.0625,0.1666667,0.1875,0.1875,0.4444444444444444,16.877878433493937,3.7007982202016705,320.19796091781996
Afghanistan,AFG,2003,1815.92819979586,11.4556283331357,13.959529876709,46.7098945514103,1.27849325196424,22733049.0,13.1753213261538,22.7108641828326,0.125,0.125,0.125,0.25,0.1875,0.25,0.4444444444444444,16.939330370724804,3.7000949863929815,41.61945692245013
Afghanistan,AFG,2004,1776.91820712187,11.4556283331357,19.2143802642822,46.7098945514103,3.577104200584,23560654.0,13.1851590500524,26.2267897500666,0.0,0.25,0.1875,0.1071429,0.075,0.0,0.4444444444444444,16.975088717719444,3.755363521324709,-39.009992673990155
Afghanistan,AFG,2005,1908.11478234587,11.4556283331357,20.2735099792481,46.7098945514103,4.36867310434287,24404567.0,13.5002727037863,26.8120992326398,0.0,0.25,0.0625,0.1071429,0.075,0.0,0.4444444444444444,17.010280885855995,3.7737105178703327,131.19657522400007
Afghanistan,AFG,2006,1929.72389709372,11.4556283331357,29.523889541626,46.7098945514103,3.41377297323201,25424094.0,13.7073220597731,28.2107680719994,0.0,0.0,0.0625,0.1071429,0.0249999999999999,0.102,0.4444444444444444,17.05120790437846,3.7515355688706586,21.60911474785007
Afghanistan,AFG,2007,2155.35306784413,11.4556283331357,28.8154907226562,46.7098945514103,1.93570171391636,25909852.0,14.0332043377993,26.8822416082148,0.125,0.125,0.125,0.25,0.1875,0.306,0.4444444444444444,17.07013387903706,3.7162113842501787,225.62917075040968
Afghanistan,AFG,2008,2191.50435559062,11.4556283331357,38.930850982666,46.7098945514103,0.45536044478174,26482622.0,14.2724927619635,26.9156280026285,0.3,0.5599999999999999,0.0625,0.2083333,0.6862499999999999,0.302,0.4444444444444444,17.09199934001861,3.6795362842935204,36.1512877464902
Afghanistan,AFG,2009,2565.02208584099,11.4556283331357,44.2999496459961,46.7098945514103,0.45188914562189,27466101.0,15.7209119699527,21.8971222069406,0.0,0.0,0.125,0.1071429,0.075,0.1006667,0.4444444444444444,17.12846314774784,3.6794486833545803,373.5177302503698
Afghanistan,AFG,2010,2848.58606111495,11.4556283331357,50.4406204223633,46.7098945514103,1.20311798981139,28284089.0,16.9843225135611,21.1514206977128,0.0,0.0,0.125,0.1071429,0.075,0.0826667,0.4444444444444444,17.157810013712236,3.6982298828819613,283.5639752739603
Afghanistan,AFG,2011,2757.05258747725,11.4556283331357,52.4474296569824,46.7098945514103,0.293025179616803,29347708.0,17.5647106902863,22.7402524820273,0.0,0.0,0.125,0.1071429,0.075,0.0826667,0.4444444444444444,17.194725043270065,3.675431393275858,-91.5334736376999
Afghanistan,AFG,2012,2985.31914452845,11.4556283331357,54.372859954834,46.7098945514103,0.285440893554571,30560034.0,18.922538408842,21.1578071539751,0.0,0.0,0.125,0.1071429,0.075,0.0826667,0.4444444444444444,17.235203667549897,3.6752392005855863,228.26655705119992
Afghanistan,AFG,2013,3046.57993117128,11.4556283331357,54.8833694458008,46.7098945514103,0.239801184405551,31622704.0,21.3458275277614,20.4446053132561,0.0,0.0,0.125,0.1071429,0.075,0.0826667,0.4444444444444444,17.269385933208728,3.6740818683472667,61.26078664282977
Afghanistan,AFG,2014,3017.94254424696,11.4556283331357,54.2936515808105,46.7098945514103,0.209664794672203,32792523.0,23.8556617856929,21.2296632181805,0.0,0.0,0.125,0.1071429,0.075,0.0923333,0.4444444444444444,17.305711120545837,3.67331693457649,-28.6373869243198
Afghanistan,AFG,2015,2967.692067153,11.4556283331357,53.1501083374023,46.7098945514103,0.88400046336123,33831764.0,22.6191439151609,22.1240424906926,0.0,0.0,0.125,0.1428571,0.075,0.0923333,0.4444444444444444,17.33691071202379,3.690294794484138,-50.250477093959944
Afghanistan,AFG,2016,2958.7853992308,11.4556283331357,53.4350395202637,46.7098945514103,0.516606084523093,34700612.0,21.3484268966527,10.4668076938201,0.0,0.0,0.125,0.1428571,0.075,0.0849999999999999,0.4444444444444444,17.362267910467104,3.681080604959094,-8.906667922200086
Afghanistan,AFG,2017,2952.99891598909,11.4556283331357,55.5364303588867,46.7098945514103,0.274796791572807,35688935.0,20.1948976002105,10.0518739969063,0.0,0.0,0.125,0.1428571,0.075,0.0849999999999999,0.4444444444444444,17.390351282749602,3.6749694070708077,-5.786483241709902
Afghanistan,AFG,2018,2902.39211285546,11.4556283331357,57.3578491210938,46.7098945514103,0.661572217787196,36743039.0,19.3764202039082,13.3872469597976,0.0,0.0,0.125,0.1428571,0.075,0.0989999999999999,0.4444444444444444,17.419459377931894,3.6847264787349046,-50.606803133630365
Angola,AGO,1998,6895.02600537711,31.2698913492111,11.8974800109863,90.5708209731095,17.1216116785351,15159370.0,8.12105970898596,51.9196521931075,0.0,0.0,0.0,0.1428571,0.075,0.125,0.3541666666666667,16.534129446552562,4.030592663396631,
Angola,AGO,1999,6817.05713550008,31.2698913492111,11.7708902359009,90.5708209731095,40.1672485630423,15667235.0,8.13486660560372,51.9196521931075,0.0,0.0,0.0,0.1428571,0.075,0.125,0.3611111111111111,16.567082210771456,4.3737411773385615,-77.96886987702965
Angola,AGO,2000,6796.40633958013,31.2698913492111,13.3690700531006,90.5708209731095,9.62386615038711,16194869.0,8.20603868855657,51.9196521931075,0.0,0.0,0.0,0.1428571,0.075,0.125,0.3611111111111111,16.60020508338647,3.8876589862274917,-20.650795919949815
Angola,AGO,2001,6848.68325514498,31.2698913492111,15.0013399124146,90.5708209731095,24.0090757001341,16747208.0,8.33507374705519,51.9196521931075,0.0,0.0,0.03125,0.1428571,0.075,0.125,0.3611111111111111,16.633742175485878,4.146015160214083,52.27691556484933
Angola,AGO,2002,7523.81291488042,31.2698913492111,16.1495990753174,90.5708209731095,10.0713557339551,17327699.0,8.54340624924814,51.9196521931075,0.0,0.0,0.0625,0.1428571,0.075,0.125,0.3611111111111111,16.667816935053647,3.896787714900477,675.1296597354403
Angola,AGO,2003,7518.88948314505,30.3441930863904,16.1495990753174,90.6807161820483,17.5840588571176,17943712.0,8.62199732388659,48.9228549611473,0.0,0.0,0.1875,0.1428571,0.075,0.125,0.3611111111111111,16.702750360850082,4.038773924103109,-4.923431735370286
Angola,AGO,2004,8081.75707952672,31.1805304545116,16.1495990753174,90.3860384733605,8.13849032848245,18600423.0,8.67996009269596,50.2978770697738,0.125,0.0,0.4375,0.1428571,0.15,0.125,0.3611111111111111,16.738694934122535,3.856745861039883,562.8675963816704
Angola,AGO,2005,8895.37660461036,28.9849966736527,16.1495990753174,95.3414592884703,-3.14962046173322,19291161.0,8.43674078354355,56.1242984191149,0.125,0.0,0.375,0.1428571,0.175,0.25,0.3611111111111111,16.775157621533175,3.5841585331048624,813.619525083639
Angola,AGO,2006,9588.82238860962,22.8887255074739,16.1495990753174,84.6246041171541,-0.0643009490167298,20015279.0,8.09957490631862,54.2214232962716,0.0,0.0,0.375,0.3571429,0.2249999999999999,0.0803333,0.3611111111111111,16.812006539818828,3.666336057609025,693.445783999261
Angola,AGO,2007,10437.5899897179,26.2503761127983,16.1495990753174,97.2256306999958,-1.22312266225132,20778561.0,7.82226626281896,57.905278239704,0.0,0.0,0.46875,0.375,0.2249999999999999,0.1636667,0.3888888888888888,16.849432340085887,3.6362571341174603,848.7676011082804
Angola,AGO,2008,11134.7047183666,30.5810596692926,22.7990207672119,108.680408741993,1.69952793928946,21578655.0,7.42690030278263,56.2078263483829,0.0,0.0,0.625,0.3928570999999999,0.2749999999999999,0.2783333,0.4027777777777777,16.887215235966003,3.71044966472105,697.1147286486994
Angola,AGO,2009,10933.2712187989,43.0003971409803,24.3320198059082,102.263183257986,2.69909240017807,22414773.0,7.09450441578545,40.9723218323879,0.0,0.25,0.5625,0.3928570999999999,0.2749999999999999,0.1949999999999999,0.4027777777777777,16.92523085298683,3.7346112709293537,-201.43349956769998
Angola,AGO,2010,11077.1301919405,28.9194518919902,28.2108038778932,90.9940631355109,-3.37761927933748,23294825.0,7.0405739661303,48.5501387093455,0.0,0.25,0.625,0.4285714,0.25,0.1939999999999999,0.4027777777777777,16.9637418337911,3.577809167437854,143.85897314159956
Angola,AGO,2011,11037.6388778577,27.4418409025884,29.6869517832747,89.0369443425845,-2.40838836782517,24218352.0,6.9394565049925,52.1706630052286,0.0,0.25,0.5625,0.4285714,0.25,0.1939999999999999,0.375,17.002621292125475,3.6045263099715137,-39.49131408279936
Angola,AGO,2012,11519.9933863364,27.7888811657442,29.6869517832747,81.9394785486361,-1.02012839058611,25177394.0,6.9950871766761,53.3611036467722,0.0,0.25,0.5625,0.4285714,0.25,0.1949999999999999,0.3564814814814814,17.041457126105513,3.6415919375467194,482.35450847870015
Angola,AGO,2013,11626.1877218484,27.1594384976734,29.6869517832747,77.3498013716078,-4.78350487024797,26165620.0,6.93737457871224,50.3750405397121,0.0,0.25,0.5625,0.3571429,0.25,0.1949999999999999,0.3472222222222222,17.079956931502593,3.5377410600745605,106.19433551200018
Angola,AGO,2014,11721.664415634,28.4327573552977,29.6869517832747,69.5801424481147,2.38352427018273,27160769.0,6.90546973987979,43.9966362099567,0.0,0.25,0.5625,0.3214286,0.25,0.1949999999999999,0.3449074074074074,17.117284210768364,3.727046186647445,95.47669378560022
Angola,AGO,2015,11392.9059344932,29.0721207527156,29.6869517832747,54.9793808779835,9.7795154502448,28157798.0,6.97823990911923,36.7338841349078,0.0,0.25,0.5,0.3214286,0.25,0.1949999999999999,0.3194444444444445,17.15333492568806,3.8908436720679913,-328.75848114080145
Angola,AGO,2016,10805.7122533667,30.0761762522923,54.4167987304753,47.0155661405313,-0.299804386002375,29183070.0,6.9647108250222,37.3943513261608,0.0,0.25,0.5,0.2857143,0.25,0.1966667,0.3194444444444445,17.189099338838567,3.6602960338717567,-587.1936811264986
Angola,AGO,2017,10414.2358842987,29.1318691032117,54.4167987304753,45.6643423539921,-8.76696380208172,30234839.0,6.97317514233434,37.0989345106935,0.0,0.25,0.5625,0.2857143,0.25,0.204,0.3194444444444445,17.22450545979518,3.4146297432711052,-391.4763690680011
Albania,ALB,1996,5563.79315082011,22.8277475804894,68.9900970458984,44.4117820054663,2.78560468452093,3168033.0,15.2348298615604,19.2241466662591,0.3333333,0.25,0.9090909,0.4545455,0.6666667,0.5,0.4583333333333333,14.968621764182094,3.736675264998031,
Albania,ALB,1997,4943.00399871118,20.8152471481861,69.0590515136719,44.7293780649181,2.07092049927343,3148281.0,15.6294319848081,20.209552986729,0.41666665,0.25,0.8636363499999999,0.3636363999999999,0.58333335,0.58333335,0.3657407407407407,14.96236746519347,3.7194953123631147,-620.7891521089296
Albania,ALB,1998,5387.56822958918,22.2095424976303,70.3278579711914,47.1306266993222,1.73091617857629,3128530.0,15.2196353801216,16.9172110795014,0.5,0.25,0.8181818,0.2727273,0.5,0.6666667,0.4166666666666667,14.956074123273492,3.7112173309449195,444.56423087799976
Albania,ALB,1999,6086.00863561374,24.315483594315,70.4011001586914,49.8954184095195,1.25458994529204,3108778.0,15.6087309242592,18.5232144781417,0.41666665,0.25,0.80555555,0.3636363999999999,0.41666665,0.70833335,0.3472222222222221,14.949740602564484,3.6995038938287745,698.4404060245597
Albania,ALB,2000,6582.01638790869,32.3834710002936,70.3186492919922,61.6092610436407,3.9893207113692,3089027.0,16.1971843747112,21.712185305831,0.3333333,0.25,0.7929293,0.4545455,0.3333333,0.75,0.3055555555555555,14.94336703628178,3.764959874874479,496.0077522949505
Albania,ALB,2001,7232.99054955267,36.874485838279,72.4845733642578,64.2474462587009,5.10708868615592,3060173.0,16.3141121165524,24.386649861103,0.3333333,0.375,0.8156565499999999,0.5219156,0.4285713999999999,0.72916665,0.3055555555555555,14.933982335057037,3.7905272794647797,650.9741616439796
Albania,ALB,2002,7590.49000137636,36.0225168477628,74.5389175415039,65.9914650336802,2.99003115858884,3051010.0,16.8320593686626,26.2383265737354,0.3333333,0.5,0.8383838,0.5892857,0.5238094999999999,0.7083332999999999,0.3472222222222221,14.930983569067594,3.741535573760024,357.4994518236899
Albania,ALB,2003,8025.28131314895,36.1844107733044,77.751823425293,64.8232150960777,3.06868730168473,3039616.0,16.4085704094112,27.084687755804,0.3333333,0.5,0.7777778,0.5892857,0.5238094999999999,0.75,0.3888888888888888,14.92724207860329,3.7433993750640937,434.79131177259023
Albania,ALB,2004,8483.29399553028,38.171113638681,78.9801864624023,65.0379383187697,4.60782278585291,3026939.0,17.3012615655709,27.7299752177294,0.3333333,0.5,0.7045454999999999,0.5892857,0.5238094999999999,0.75,0.3888888888888888,14.923062766201856,3.7791879650364057,458.0126823813307
Albania,ALB,2005,8964.31799702863,38.4528885210446,82.9714279174805,69.1162926602322,3.17899814544722,3011487.0,17.299571815668,28.1372131604488,0.3027007,0.2465424,0.5380435,0.3687898,0.3272596,0.516392,0.3912037037037037,14.917944866732753,3.7460074139522197,481.0240014983483
Albania,ALB,2006,9564.02920336839,38.3733064639202,84.3257675170898,72.2019089483674,3.55321913781567,2992547.0,17.2245484850272,28.4284255205783,0.25,0.25,0.5625,0.5,0.3999999999999999,0.5303333,0.3611111111111111,14.911635756385875,3.7548046470948484,599.7112063397617
Albania,ALB,2007,10262.9667962049,36.4450920497709,86.2188568115234,79.9119008919954,5.86740351847628,2970017.0,17.550610754289,28.5772545670045,0.25,0.25,0.5,0.5,0.3999999999999999,0.5303333,0.3611111111111111,14.904078571366577,3.8075522438794507,698.9375928365098
Albania,ALB,2008,11056.3517677907,35.0619928502369,87.8338394165039,75.2485472798728,9.40665320050491,2947314.0,17.8328768802176,28.5616497223775,0.25,0.25,0.5,0.5,0.3999999999999999,0.5303333,0.3888888888888889,14.896405144368723,3.883197646704451,793.3849715857996
Albania,ALB,2009,11430.6220336089,34.46966714051,89.3157196044922,73.3213575646169,10.9068201480963,2927519.0,18.7246763763702,27.5678722962167,0.25,0.25,0.4375,0.5,0.3999999999999999,0.5303333,0.3888888888888889,14.889666206198394,3.913611211205772,374.27026581820064
Albania,ALB,2010,11829.0532917923,30.1746231779397,93.6818237304688,75.5325329687378,9.01744998049889,2913021.0,19.1397026913713,27.4749142839601,0.25,0.25,0.4375,0.5,0.3999999999999999,0.5286666999999999,0.412037037037037,14.88470158826458,3.8751536724764883,398.4312581833983
Albania,ALB,2011,12153.1140578808,31.6903461775522,95.4705276489258,80.6989985298954,8.08329285826067,2905195.0,18.7716469479636,26.9409865024688,0.125,0.25,0.25,0.5,0.3999999999999999,0.527,0.4166666666666667,14.882011415871677,3.8555784892471894,324.0607660885016
Albania,ALB,2012,12463.5700560026,28.6230804126196,97.6086120605469,76.9683583166821,7.49597513325321,2860708.0,17.032465162256,25.4077242038709,0.125,0.25,0.3125,0.5,0.3999999999999999,0.5223333,0.4166666666666667,14.86658005417129,3.8430721695014447,310.455998121799
Albania,ALB,2013,12873.4832044649,27.8069449555149,102.903209514161,75.7506185619748,9.80035898039468,2816902.0,17.3225314643974,25.506803612245,0.125,0.25,0.4375,0.5,0.425,0.6056667,0.4166666666666667,14.851148612470835,3.8912693752481813,409.91314846229943
Albania,ALB,2014,13366.5595256489,26.5299242007892,103.321377531566,75.0212023084129,8.64846635716115,2773767.0,18.4257498114066,23.8286690584956,0.125,0.25,0.5625,0.5,0.425,0.6056667,0.4259259259259259,14.835717242617529,3.8674673743718175,493.07632118400034
Albania,ALB,2015,13876.81917653,26.0810405275666,102.440729325166,71.2794476606014,8.62740636982337,2731293.0,19.0473630948189,24.4814091473313,0.125,0.25,0.5625,0.5,0.425,0.6136667,0.4444444444444445,14.820286047536092,3.867026886441099,510.25965088110024
Albania,ALB,2016,14643.4892877063,25.626746695952,99.170755047578,74.0144504546815,8.71147225448456,2689469.0,20.1110874006493,23.8670178864359,0.25,0.25,0.5625,0.5357143,0.425,0.6136667,0.4444444444444445,14.80485470614354,3.86878404006497,766.6701111762995
Albania,ALB,2017,15359.4611530571,26.2596685681188,97.5743697537481,76.7873817898989,7.71411336285186,2648285.0,19.9460669086892,22.9533327106507,0.25,0.25,0.625,0.5357143,0.425,0.616,0.4444444444444445,14.7894231962491,3.847735473525586,715.9718653508007
Argentina,ARG,1996,21695.5949515372,18.0821812623381,78.4926071166992,21.5064684057215,2.55320340608332,35513793.0,22.7531200018174,26.5925606398683,0.25,0.75,0.5,0.6071428999999999,0.5,0.5,0.6111111111111112,17.385431742354726,3.7311209999592077,
Argentina,ARG,1997,23172.1583398342,19.37012354068,74.4772796630859,23.3361788437439,3.12787793868196,35947791.0,23.3670723053796,27.1791508883114,0.25,0.625,0.5,0.6071428999999999,0.5,0.5,0.5902777777777778,17.397578221608132,3.744799643250082,1476.5633882969996
Argentina,ARG,1998,23783.1017185449,19.9349616865126,80.6520309448242,23.3500279730689,2.43876896154487,36372860.0,22.8243117504604,26.7121357626278,0.25,0.5,0.5,0.6071428999999999,0.5,0.5,0.638888888888889,17.409333477603187,3.7283747015904467,610.9433787107009
Argentina,ARG,1999,22714.5111302701,18.0140244001369,92.2904663085938,21.3827449624898,8.46058217133802,36794682.0,21.7393029257151,26.1936304991129,0.25,0.5,0.53125,0.5892857499999999,0.475,0.5,0.6435185185185185,17.420863909004733,3.863530740397022,-1068.5905882748011
Argentina,ARG,2000,22281.3814299958,16.192649393261,96.2141189575195,22.6224447777343,3.66579059535379,37213984.0,20.9340237882204,25.9908360111364,0.25,0.5,0.5625,0.5714286,0.4499999999999999,0.5,0.6944444444444445,17.43219518945553,3.75743591974414,-433.1297002743013
Argentina,ARG,2001,21066.4581290433,14.1791183183273,97.6240463256836,21.8522554515453,0.806164134759348,37624825.0,20.2977811255828,25.2434339827333,0.25,0.5,0.4375,0.4642857499999999,0.4125,0.5,0.6712962962962963,17.443174656437904,3.6883497480664924,-1214.9233009524978
Argentina,ARG,2002,18571.7020471274,11.9606480900889,96.9965667724609,41.7527243585642,2.19895819502207,38029349.0,18.6580046727594,30.5577370913046,0.25,0.5,0.3125,0.3571429,0.375,0.5,0.5092592592592592,17.45386878798872,3.722594931349827,-2494.7560819159007
Argentina,ARG,2003,20005.1385113465,15.1375075649857,96.0464477539062,40.6447480311085,1.29481086883944,38424282.0,20.2486924367082,32.6450990996503,0.25,0.5,0.5,0.3928570999999999,0.375,0.5,0.4675925925925925,17.4642001874881,3.7004982957671193,1433.4364642190994
Argentina,ARG,2004,21591.449396517,15.8937872782322,95.4575576782227,40.692646108947,2.5050175164097,38815916.0,20.5642297662723,28.816922006834,0.25,0.5,0.5625,0.3928570999999999,0.425,0.625,0.5347222222222222,17.47434095243014,3.729965511779213,1586.3108851705001
Argentina,ARG,2005,23262.4075792816,17.3511468951153,93.6376724243164,40.5512709706238,2.64935441452167,39216789.0,21.1426475358338,28.6263140439084,0.25,0.5,0.625,0.3571429,0.425,0.625,0.5555555555555556,17.484615529385966,3.733422699750244,1670.9581827645998
Argentina,ARG,2006,24877.2493922296,18.3311867225446,92.4075775146484,40.4334798719151,2.38106854489628,39622115.0,21.5732443105464,29.2032796652469,0.25,0.5,0.5625,0.2857143,0.425,0.6376666999999999,0.5277777777777778,17.49489800517857,3.726987090792238,1614.8418129480015
Argentina,ARG,2007,26850.6645932771,19.5160791570053,92.1874084472656,40.945170618571,2.25129423568361,40016763.0,21.8987928729188,27.4152361334783,0.25,0.5,0.59375,0.3035714,0.4375,0.6376666999999999,0.5277777777777778,17.504809024280334,3.7238591548982414,1973.4152010474972
Argentina,ARG,2008,27658.4853446831,19.0101609779701,93.183219909668,40.4026733790382,2.68990096507093,40424148.0,22.0818356602783,26.2724599395946,0.25,0.5,0.625,0.3214286,0.4499999999999999,0.6376666999999999,0.5277777777777778,17.51493791187624,3.7343917328150487,807.8207514060014
Argentina,ARG,2009,25747.1976809995,15.581752639827,96.4056777954102,34.0571269054879,1.20643922647566,40854831.0,21.3553224451483,25.2842047993735,0.25,0.5,0.5,0.3214286,0.425,0.6376666999999999,0.5277777777777778,17.525535658688707,3.698312137659311,-1911.2876636836008
Argentina,ARG,2010,28056.2570212342,16.6414661565525,99.0709991455078,34.9710132635696,2.67516171886535,41288694.0,21.5819580824783,25.2587762576722,0.25,0.5,0.5,0.3214286,0.425,0.6446666999999999,0.5277777777777778,17.536099291647133,3.7340395841742726,2309.0593402347004
Argentina,ARG,2011,29425.7593876084,17.2482847013515,100.884559631348,35.2061549999644,2.04465997872008,41730660.0,22.3936079441824,25.2126976058843,0.25,0.5,0.4375,0.3214286,0.425,0.6446666999999999,0.5277777777777778,17.546746692365602,3.7188583916989404,1369.5023663741995
Argentina,ARG,2012,28825.9666865361,15.8575254186347,102.709991455078,30.5265423717108,2.80667189982932,42161721.0,22.1242387014808,24.4290570649122,0.125,0.5,0.4375,0.25,0.3999999999999999,0.6446666999999999,0.5046296296296297,17.557023305765547,3.7371772383688286,-599.7927010722997
Argentina,ARG,2013,29227.6601818437,16.2895111851898,104.540863037109,29.3339290021037,1.77920553648531,42582455.0,22.4740954383685,24.0058814423072,0.125,0.5,0.4375,0.25,0.3999999999999999,0.6446666999999999,0.4722222222222221,17.566952895428013,3.712397200492552,401.69349530760155
Argentina,ARG,2014,28200.8152571318,15.9799540764527,106.038902282715,28.4067936452275,0.962406650325519,43024071.0,22.7948760583105,24.2773944936602,0.125,0.5,0.4375,0.25,0.3999999999999999,0.6446666999999999,0.4722222222222221,17.57727033097395,3.692250263657863,-1026.8449247119024
Argentina,ARG,2015,28669.2061336796,15.5647450770354,107.504867553711,22.4862260889792,1.97713461784426,43477012.0,22.3689252873984,23.153056135905,0.125,0.5,0.5,0.25,0.425,0.6506666999999999,0.4722222222222221,17.58774291960538,3.71721877162902,468.3908765478009
Argentina,ARG,2016,27802.1057201498,14.2723627542237,109.598327636719,26.0938878488799,0.584748941173009,43900313.0,21.5725405836968,22.0541072112108,0.375,0.5,0.5,0.3928570999999999,0.5499999999999999,0.6486666999999999,0.4722222222222221,17.59743203063941,3.682796042010293,-867.100413529799
Argentina,ARG,2017,28334.904184742,15.1621987548244,110.377799987793,25.2896011376779,1.78936504083806,44288894.0,21.1329975687179,21.782123219335,0.375,0.5,0.625,0.4642856999999999,0.5499999999999999,0.6486666999999999,0.4722222222222221,17.60624452638968,3.7126452538083337,532.7984645922006
Armenia,ARM,1996,3717.33576522762,17.8845109452511,82.2040481567383,79.2295601199241,1.10020924585916,3278735.0,14.7784214533327,27.8270946139077,0.375,0.5,0.375,0.4583333,0.5,0.375,0.3703703703703704,15.002968540234166,3.6956778545318607,
Armenia,ARM,1997,3879.17938009678,16.2041936592933,80.2212219238281,78.5477450545048,3.16805363549908,3246289.0,14.7019405110952,27.8270946139077,0.35416665,0.375,0.59911615,0.4109848499999999,0.66666665,0.52083335,0.3703703703703704,14.993023363793077,3.7457489606457983,161.84361486915986
Armenia,ARM,1998,4211.51276778797,16.215975968932,68.4525375366211,71.8424518815414,12.2707797402698,3208401.0,14.6838510943541,27.8270946139077,0.3333333,0.25,0.8232322999999999,0.3636363999999999,0.8333332999999999,0.6666667,0.3703703703703704,14.981283551838382,3.940482815151818,332.3333876911902
Armenia,ARM,1999,4406.96706718618,16.4195691760111,71.0547409057617,70.5604791440404,6.61258080861414,3167286.0,14.6712846596869,27.8270946139077,0.3333333,0.25,0.76262625,0.31818185,0.66666665,0.6666667,0.3703703703703704,14.968385943454633,3.8239616383242048,195.45429939821042
Armenia,ARM,2000,4589.00825039977,21.7140001491266,86.0512008666992,72.2333302273367,5.45043315573561,3221100.0,14.6502558624509,27.8270946139077,0.3333333,0.25,0.7020202,0.2727273,0.5,0.6666667,0.3611111111111111,14.985233784543238,3.798251357160348,182.04118321358965
Armenia,ARM,2001,5044.11647826468,20.8374465760359,86.7833099365234,69.8642663925336,3.29806741743693,3211800.0,14.7064906738869,27.8270946139077,0.29166665,0.25,0.70075755,0.4667208,0.51785715,0.64583335,0.3587962962962963,14.98234239696137,3.7488149126662424,455.1082278649101
Armenia,ARM,2002,5731.35346609213,24.8429527013295,86.7833099365234,73.9845018432309,4.65949974895044,3199800.0,14.8202930529705,27.8270946139077,0.25,0.25,0.6994948999999999,0.6607143,0.5357143,0.625,0.3333333333333333,14.978599178336232,3.7803676344443087,687.2369878274494
Armenia,ARM,2003,6569.26023440631,27.0867619077105,86.7833099365234,80.0513676022426,4.37657009672654,3182500.0,14.906275220298,27.8270946139077,0.25,0.25,0.8055555999999999,0.6607143,0.5357143,0.5,0.3333333333333333,14.973177923632031,3.7738918691750447,837.9067683141802
Armenia,ARM,2004,7299.40001858866,28.1078274042853,88.6511611938477,73.0706339919371,6.90990201303095,3164900.0,15.0275492725386,27.8270946139077,0.25,0.25,0.7601009999999999,0.6607143,0.5357143,0.5,0.3333333333333333,14.967632333450343,3.8304344672623833,730.13978418235
Armenia,ARM,2005,8362.90084037119,35.0941906901967,92.0563430786133,70.1397385835334,5.96010687349519,3146400.0,15.3759526470492,27.8270946139077,0.4337062,0.3554337999999999,0.6666667,0.4030605,0.4395749,0.3834184,0.3333333333333333,14.96176981792323,3.80960837101192,1063.5008217825307
Armenia,ARM,2006,9525.23146779778,41.8506802488286,95.2676467895508,61.0301379818566,7.30731450469503,3127100.0,15.8660212282677,27.8270946139077,0.25,0.25,0.375,0.5714286,0.3999999999999999,0.305,0.3333333333333333,14.955616935246796,3.839021418456004,1162.3306274265888
Armenia,ARM,2007,10898.8483795634,43.5045318563582,96.8182601928711,56.9750470853147,7.25233231640274,3107400.0,16.4947754941101,27.8270946139077,0.25,0.25,0.4375,0.5714286,0.3999999999999999,0.305,0.3333333333333333,14.949297243452433,3.837837795995314,1373.616911765621
Armenia,ARM,2008,11727.4821272949,46.8333157896094,96.5329437255859,54.5423279613666,8.09234920917782,3087100.0,16.8695988293437,27.8270946139077,0.25,0.25,0.375,0.5714286,0.3999999999999999,0.316,0.3333333333333333,14.942743020798124,3.8557701155709867,828.6337477314992
Armenia,ARM,2009,10143.2350796867,42.8838785721266,102.957763671875,57.2742357441995,8.78869421378729,3066000.0,16.6519285089869,27.8270946139077,0.25,0.25,0.3125,0.5714286,0.375,0.316,0.3333333333333333,14.935884664571704,3.8703954250087986,-1584.2470476081999
Armenia,ARM,2010,10438.5641904169,39.3751094408429,107.732391357422,64.642975973633,5.7160373406455,3044800.0,16.7138675684017,27.8270946139077,0.25,0.25,0.5,0.5714286,0.375,0.303,0.3333333333333333,14.928946103952764,3.804185882726331,295.32911073020114
Armenia,ARM,2011,10990.177099035,30.7367448594284,94.8774032592773,69.4355736620453,6.44066805582743,3027900.0,16.3377631742578,27.8270946139077,0.25,0.25,0.4375,0.5714286,0.375,0.303,0.3333333333333333,14.923380198156904,3.8201998074091676,551.612908618099
Armenia,ARM,2012,11796.2741177994,23.5988356156116,94.8774032592773,75.9616759606704,4.67672759828402,3024100.0,17.0789833946425,27.8270946139077,0.25,0.25,0.4375,0.5714286,0.375,0.303,0.3333333333333333,14.92212441519471,3.7807605985909336,806.0970187643998
Armenia,ARM,2013,12194.0189523843,21.2125120032579,86.8721923828125,77.5550481598824,3.11193185351156,3022000.0,16.6612748830812,26.7090481417071,0.25,0.25,0.4375,0.4642856999999999,0.3999999999999999,0.3006667,0.3333333333333333,14.921429752721451,3.7444226009035253,397.7448345849007
Armenia,ARM,2014,12667.3757330249,19.9950573934454,86.5204010009766,75.778866962639,3.50211415457343,3013800.0,16.7284549999748,25.2705329463993,0.25,0.25,0.4375,0.4642856999999999,0.475,0.3876667,0.3356481481481481,14.918712630773157,3.7536078179028025,473.356780640599
Armenia,ARM,2015,13112.7600902915,20.6125615954784,86.442138671875,71.6820743427575,1.74473701796819,3004600.0,15.9104965880338,25.7086994351611,0.25,0.25,0.5,0.5,0.475,0.3833333,0.3611111111111111,14.91565533843341,3.7115551622189593,445.384357266601
Armenia,ARM,2016,13192.9940731731,17.357719658433,86.442138671875,76.0779674593548,3.16536727816995,2992300.0,15.7844557584953,25.5771330395605,0.25,0.25,0.5,0.4642856999999999,0.475,0.3793333,0.3611111111111111,14.911553214620781,3.7456855124241946,80.23398288160024
Armenia,ARM,2017,14243.8749003795,17.6483759985837,86.442138671875,87.202376539837,2.19257337687685,2979400.0,16.7086258536818,25.8095323791656,0.25,0.25,0.4375,0.5,0.475,0.3869999999999999,0.3611111111111111,14.90723283156562,3.722440590954203,1050.8808272063998
Azerbaijan,AZE,1996,4223.5229711304,29.1078094122813,83.0853181521079,80.8497401741931,19.7473805562834,7763000.0,11.2311031870953,35.1496743028617,0.0,0.0,0.25,0.3214286,0.1999999999999999,0.125,0.4212962962962963,15.864879544203989,4.076181165090625,
Azerbaijan,AZE,1997,4425.5882352872,36.9914194345059,83.0853181521079,82.0789665326283,28.1356900500269,7838250.0,11.160824979004,36.9914194345059,0.0,0.0,0.1875,0.3214286,0.1999999999999999,0.125,0.4212962962962963,15.87452628070435,4.209284200499521,202.06526415680037
Azerbaijan,AZE,1998,4822.1601856452,35.5141545079347,83.0853181521079,77.2278091030634,23.0067972039761,7913000.0,11.1654602452906,34.9561123059931,0.0,0.0,0.125,0.3214286,0.1999999999999999,0.125,0.4212962962962963,15.884017660965643,4.130024566349321,396.5719503579994
Azerbaijan,AZE,1999,5133.74812032569,28.5105030330322,83.0853181521079,69.8259648751026,11.1392558729835,7982750.0,11.1726142682502,39.1035999046383,0.0,0.0,0.1875,0.3214286,0.1999999999999999,0.125,0.4212962962962963,15.892793646860005,3.9182418106547714,311.58793468049043
Azerbaijan,AZE,2000,5656.92989378687,23.1364320383205,83.0853181521079,78.5485682796041,2.46437455007312,8048600.0,10.878660220368,42.5383099128887,0.0,0.0,0.25,0.3214286,0.1999999999999999,0.125,0.4166666666666667,15.901008845471843,3.72898986233739,523.1817734611795
Azerbaijan,AZE,2001,6168.98512059749,22.8817066746934,83.0853181521079,78.8151854917601,14.3593922707314,8111200.0,10.8209918364508,43.4626382722552,0.0,0.0,0.1875,0.3035714499999999,0.2499999999999999,0.125,0.4166666666666667,15.908756503906819,3.980280455983335,512.0552268106203
Azerbaijan,AZE,2002,6701.08174444207,34.08,83.0853181521079,92.8181443298969,32.4654989629361,8171950.0,11.528248237462,46.1542268041237,0.0,0.0,0.125,0.2857143,0.3,0.125,0.4166666666666667,15.916218238817484,4.27162778396565,532.0966238445799
Azerbaijan,AZE,2003,7329.40601818943,52.8818302665641,83.0853181521079,107.551948506262,55.0728766554257,8234100.0,12.8959681165127,48.5398446792136,0.0,0.0,0.125,0.2857143,0.3,0.125,0.4166666666666667,15.92379474745002,4.545903396975756,628.3242737473602
Azerbaijan,AZE,2004,7937.8594791002,57.7102529835174,83.0853181521079,121.507115894117,54.3650509070362,8306500.0,11.9057112533724,50.7690323790767,0.0,0.0,0.125,0.2857143,0.3,0.125,0.4166666666666667,15.932549019196312,4.538364607856677,608.4534609107695
Azerbaijan,AZE,2005,10054.1003389401,41.3088440806548,83.0853181521079,115.841884607706,33.7957978256418,8391850.0,12.0772912802325,58.7877819924137,0.0,0.0,0.125,0.2857143,0.3,0.125,0.3773148148148148,15.942771673895882,4.290027170469374,2116.2408598398997
Azerbaijan,AZE,2006,13371.6585214534,29.7009527264192,83.0853181521079,105.262399846369,21.380140470442,8484550.0,12.3535397579564,64.9582315349244,0.0,0.0,0.25,0.3214286,0.25,0.1936667,0.3611111111111111,15.953757538338117,4.103515607738441,3317.5581825133013
Azerbaijan,AZE,2007,16587.3657240228,21.3994816734543,83.0853181521079,96.6418081486575,13.9011034961161,8581300.0,12.6254883041859,66.160328626082,0.0,0.0,0.375,0.3214286,0.25,0.1936667,0.3611111111111111,15.965096091670853,3.9716825825431834,3215.707202569398
Azerbaijan,AZE,2008,17963.0208126838,18.5787748024277,83.0853181521079,89.2428968637573,8.1611083168233,8763400.0,12.1301910536552,65.5185214713533,0.0,0.0,0.375,0.3214286,0.25,0.1896667,0.3611111111111111,15.986094629575279,3.857223815743188,1375.655088661002
Azerbaijan,AZE,2009,19242.3900077231,18.8194317655155,83.0853181521079,74.7440416836369,6.54746236391725,8947243.0,12.6691280371921,56.2619552546943,0.0,0.0,0.3125,0.3214286,0.25,0.1896667,0.3611111111111111,16.006856109869055,3.8225383673144755,1279.3691950393004
Azerbaijan,AZE,2010,19925.3900662137,18.1667255386789,83.0853181521079,74.9859884610856,6.337255132933,9054332.0,13.7167833709825,59.9948192629224,0.0,0.0,0.375,0.3214286,0.25,0.1883332999999999,0.3611111111111111,16.018753985625754,3.817930068558167,683.0000584905974
Azerbaijan,AZE,2011,19358.0778100345,20.1776045466764,82.9176205382172,80.5080450059522,6.80050011965746,9173082.0,14.0745347305348,61.7339963903076,0.0,0.0,0.3125,0.3214286,0.25,0.1883332999999999,0.3611111111111111,16.031783992744764,3.828057603371126,-567.312256179197
Azerbaijan,AZE,2012,19523.3737161356,22.4551866242143,82.762274922741,78.263069540422,7.59651867931835,9295784.0,14.2869798777579,59.5173508549842,0.0,0.0,0.3125,0.3214286,0.25,0.1883332999999999,0.3611111111111111,16.045071629579173,3.845224266074111,165.2959061010988
Azerbaijan,AZE,2013,20398.6462250349,25.7938881440995,83.1376553563209,74.6758447629851,3.53211598676051,9416801.0,14.3750088172857,57.0544154549517,0.0,0.0,0.375,0.3928570999999999,0.3,0.1853332999999999,0.3611111111111111,16.05800609846676,3.7543106053531283,875.2725088992993
Azerbaijan,AZE,2014,20709.201611232,27.4303937533572,83.4386600193183,69.4832251953347,5.88846176710651,9535079.0,14.3042326372844,53.5868546669355,0.0,0.0,0.375,0.3928570999999999,0.325,0.1776666999999999,0.3611111111111111,16.070488187123043,3.808019679509948,310.55538619710205
Azerbaijan,AZE,2015,20678.7539572375,27.8253034203751,84.8098586425184,72.6015079073189,7.62606837682972,9649341.0,14.0637019987951,44.8913203383597,0.0,0.0,0.375,0.3928570999999999,0.325,0.1736666999999999,0.3611111111111111,16.082400284461865,3.845855886545209,-30.447653994502616
Azerbaijan,AZE,2016,19822.4105943941,25.0345882181606,86.5856935803605,90.0773187345677,11.8828171505465,9757812.0,14.3280236361024,47.5578070076723,0.125,0.25,0.375,0.4285714,0.325,0.1716667,0.3611111111111111,16.093578855411227,3.9329126962579513,-856.3433628433995
Azerbaijan,AZE,2017,19659.0048562768,23.8172078171339,89.2625164667822,90.4023156823216,7.01669598350389,9854033.0,14.3733450158048,49.7017251037138,0.125,0.25,0.375,0.3928570999999999,0.325,0.1716667,0.3611111111111111,16.103391472455574,3.832749235095067,-163.40573811730064
Burundi,BDI,1999,1064.28756095402,21.8350400834961,9.41998958587646,68.6270739127592,-0.0588051848971754,6337155.0,2.23789652498246,16.1196105401845,0.125,0.125,0.125,0.25,0.1875,0.125,0.4444444444444444,15.661940645329464,3.6664765743448138,
Burundi,BDI,2000,1033.47188177042,21.8350400834961,9.41998958587646,68.6270739127592,1.34215244308902,6470194.0,2.28215024491587,15.5395706894248,0.125,0.125,0.125,0.25,0.1875,0.125,0.4444444444444444,15.682716805126464,3.7016674795840476,-30.81567918359997
Burundi,BDI,2001,1028.61849315822,21.8350400834961,9.41998958587646,68.6270739127592,-0.0013048564735641,6634365.0,2.33314161212435,15.5731910756723,0.1875,0.125,0.15625,0.25,0.1875,0.1875,0.4444444444444444,15.707773667301948,3.667945570818944,-4.8533886121999785
Burundi,BDI,2002,1044.4802745003,21.8350400834961,9.92739963531494,68.6270739127592,0.2118596283204998,6824132.0,2.39142819735245,15.8040004931229,0.25,0.125,0.1875,0.25,0.1875,0.25,0.4444444444444444,15.735975857998893,3.6733726644725397,15.861781342080121
Burundi,BDI,2003,999.615791221936,21.8350400834961,10.2563495635986,68.6270739127592,0.2118596283204998,7043154.0,2.45163278070725,15.7417123072253,0.25,0.125,0.1875,0.25,0.1875,0.3125,0.4444444444444444,15.767566781152569,3.6733726644725397,-44.864483278364105
Burundi,BDI,2004,1009.58916929728,21.8350400834961,11.8093099594116,68.6270739127592,0.0048828571441574,7310656.0,2.51313246218992,16.3230191571129,0.2727273,0.1717172,0.2121211999999999,0.2929293,0.2424241999999999,0.2878788,0.4444444444444444,15.804843704568261,3.6681035236391417,9.973378075344044
Burundi,BDI,2005,981.533210986845,21.8350400834961,12.9770698547363,68.6270739127592,0.0523404213217611,7587299.0,2.58188005920821,16.9330035986109,0.25,0.25,0.3125,0.25,0.25,0.375,0.4444444444444444,15.841986354859154,3.669314136871317,-28.055958310435017
Burundi,BDI,2006,998.069458519996,21.8350400834961,14.3381099700928,68.6270739127592,0.0024811054278952,7865547.0,2.65838358417223,15.3152912436064,0.125,0.0,0.5,0.3571429,0.3999999999999999,0.317,0.4444444444444444,15.878002767826038,3.6680422174525416,16.536247533151027
Burundi,BDI,2007,994.963590921008,21.8350400834961,15.3361196517944,68.6270739127592,0.036885807330262,8161874.0,2.74227193796815,17.1561942189062,0.125,0.0,0.5625,0.3571429,0.375,0.2336666999999999,0.4444444444444444,15.914984479956809,3.66892006008753,-3.105867598988084
Burundi,BDI,2008,1001.61751311947,21.8350400834961,15.3361196517944,68.6270739127592,0.237816296916251,8505637.0,2.82983356442767,15.415205278109,0.125,0.0,0.5,0.3571429,0.375,0.2336666999999999,0.4444444444444444,15.956239795695874,3.6740315051435117,6.653922198462055
Burundi,BDI,2009,988.19632868896,21.8350400834961,20.8934001922607,68.6270739127592,0.0196229518082158,8947646.0,2.92485473311408,16.9763256366128,0.125,0.0,0.4375,0.3571429,0.2749999999999999,0.2336666999999999,0.4444444444444444,16.00690115065752,3.668479691309053,-13.421184430510039
Burundi,BDI,2010,991.038897704986,21.8350400834961,23.7647094726562,68.6270739127592,0.0384119130803942,9376444.0,3.02449942471292,15.3861562777509,0.125,0.0,0.375,0.3571429,0.2749999999999999,0.217,0.4444444444444444,16.05371125127676,3.6689589811278895,2.8425690160260046
Burundi,BDI,2011,994.691231245018,21.8350400834961,26.7943801879883,68.6270739127592,0.150057243665302,9717978.0,3.13004551198053,14.8097338415988,0.125,0.0,0.375,0.3571429,0.2749999999999999,0.217,0.4444444444444444,16.089488233007184,3.671802226722758,3.652333540032032
Burundi,BDI,2012,1002.27452805218,21.8350400834961,29.5732898712158,68.6270739127592,0.0259911934949934,10071028.0,3.24927772833516,15.791005307553,0.0,0.0,0.3125,0.2857143,0.2749999999999999,0.2033333,0.4444444444444444,16.125173444181293,3.6686421652703474,7.583296807162014
Burundi,BDI,2013,1014.5231007912,21.8350400834961,34.2124507321275,68.6270739127592,4.7612156740524,10439341.0,3.37137286792944,15.5846860549996,0.0,0.25,0.3125,0.2857143,0.2749999999999999,0.1969999999999999,0.4444444444444444,16.16109211161257,3.782685523952119,12.248572739020005
Burundi,BDI,2014,1022.29153627273,21.8350400834961,40.2641258748146,68.6270739127592,3.38973967159169,10799785.0,3.49668434158019,15.4515364871187,0.0,0.25,0.3125,0.2857143,0.2749999999999999,0.1943333,0.4444444444444444,16.195036877083318,3.7509710677412507,7.768435481529991
Burundi,BDI,2015,995.319068450023,21.8350400834961,43.9351929825496,68.6270739127592,0.264702987630016,11047580.0,3.48140423961823,15.4180338407269,0.0,0.25,0.1875,0.2857143,0.25,0.1663333,0.4444444444444444,16.217722047935712,3.6747134945705926,-26.972467822707017
Burundi,BDI,2016,1009.63596796379,21.8350400834961,47.4715342848197,68.6270739127592,0.0021047272647444,11239451.0,3.47692625137488,16.9063592990669,0.0,0.25,0.125,0.2857143,0.1999999999999999,0.1633333,0.4444444444444444,16.234940646792882,3.6680326098282783,14.316899513766998
Burundi,BDI,2017,1023.97040626757,21.8350400834961,48.2243487332289,68.6270739127592,2.30701019619549,11506762.0,3.47202446380407,16.9790944347346,0.0,0.25,0.1875,0.2857143,0.1999999999999999,0.161,0.4444444444444444,16.258445507434633,3.725203269305206,14.334438303779962
Burundi,BDI,2018,1046.59511246023,21.8350400834961,46.330394174756,68.6270739127592,0.228727114717487,11859446.0,3.32759558371437,17.9191253800086,0.0,0.25,0.25,0.2857143,0.175,0.161,0.4444444444444444,16.288635323128048,3.673800849924711,22.624706192660028
Benin,BEN,1996,2337.63030771279,16.3402660242417,19.2567005157471,56.5177914456367,-0.620945814843515,6391858.0,20.675362180744,13.2669409931979,0.25,0.375,0.875,0.5,0.5625,0.4375,0.4444444444444444,15.670535707361418,3.6520003900603895,
Benin,BEN,1997,2399.78593127356,17.2259606173951,19.2567005157471,58.7116296113966,0.537109663360586,6583365.0,20.5990203170992,13.5207077594723,0.25,0.375,0.875,0.5,0.5625,0.4375,0.4444444444444444,15.700056722656301,3.6815970742737276,62.15562356076998
Benin,BEN,1998,2419.10014338548,17.2787547601197,19.2567005157471,59.5936252981433,0.46002921041369,6789489.0,20.4994390897228,12.5664712925972,0.25,0.375,0.875,0.5,0.5625,0.4375,0.4444444444444444,15.730886386257394,3.6796540921318486,19.314212111919915
Benin,BEN,1999,2470.68504400549,20.0596856103684,19.2567005157471,54.3917891538957,0.253298446675962,7002818.0,20.4366814159455,18.0457037967816,0.25,0.375,0.875,0.5,0.5625,0.4375,0.4444444444444444,15.761823340237667,3.674424271576101,51.5849006200101
Benin,BEN,2000,2536.16885867097,18.7260035737058,20.0005397796631,47.3481515012844,-0.363490759310418,7221619.0,20.3869128761757,18.7563482119071,0.25,0.375,0.875,0.5,0.5625,0.4375,0.4444444444444444,15.792589862431617,3.658656365009122,65.48381466548017
Benin,BEN,2001,2591.06485220288,19.0630663062128,21.7104396820068,48.2571706392197,0.456588183737808,7445596.0,20.3313837067611,21.6063061308323,0.25,0.375,0.875,0.4375,0.53125,0.34375,0.4444444444444444,15.823133408931024,3.6795672654057143,54.89599353190988
Benin,BEN,2002,2630.18061029627,16.9126841557001,23.5846691131592,43.7684225364311,-0.462423415216639,7675426.0,20.2607665507083,21.2560648162627,0.25,0.375,0.875,0.375,0.5,0.25,0.4444444444444444,15.853534485069108,3.65610390151085,39.11575809339001
Benin,BEN,2003,2639.04370114641,17.5433638972786,24.9001197814941,41.6162305574334,0.198870349303422,7913070.0,20.1879825898864,21.7653358858628,0.25,0.375,0.875,0.375,0.4375,0.375,0.4444444444444444,15.88402650712785,3.673042803303262,8.863090850139997
Benin,BEN,2004,2672.84404357157,16.0866608482814,26.7041492462158,39.9029743365096,-0.658688596039682,8159094.0,20.0805342529177,20.4994246078487,0.2626263,0.4040403999999999,0.7070706999999999,0.3602693999999999,0.4343434,0.3787878999999999,0.4444444444444444,15.914643813926924,3.6510208933997843,33.800342425160125
Benin,BEN,2005,2632.47251454328,15.0410868587762,26.7041492462158,39.0959311879142,-0.133820369489742,8426144.0,19.9629335053196,21.6135923867357,0.248435,0.2356099999999999,0.7028985999999999,0.4098097,0.3471525,0.5005869,0.4444444444444444,15.946849930012956,3.6645568652125595,-40.3715290282903
Benin,BEN,2006,2652.21841967159,14.1614409546098,26.7041492462158,39.7746987128551,-0.175764667500161,8693242.0,19.8240394648691,21.1570137776206,0.25,0.25,0.75,0.3214286,0.425,0.5386666999999999,0.4444444444444444,15.978056615196333,3.6634818626039984,19.745905128309914
Benin,BEN,2007,2729.13741390352,17.0574739269899,26.7041492462158,49.1137841529705,1.70386973478894,8953969.0,19.6817457525811,19.5111771844474,0.25,0.25,0.75,0.3214286,0.425,0.5386666999999999,0.4444444444444444,16.00760756731954,3.710555887701563,76.91899423193036
Benin,BEN,2008,2777.61974031765,15.8450088744723,26.7041492462158,47.7753592695169,0.492562990177947,9228466.0,19.4217519799264,17.6606220766815,0.25,0.25,0.6875,0.3214286,0.375,0.3686666999999999,0.4444444444444444,16.03780350384402,3.680474638000927,48.48232641413006
Benin,BEN,2009,2758.07243150648,16.5655504658066,26.7041492462158,44.7026290629806,-0.193121764606275,9509423.0,19.0564668058625,17.9195079292369,0.125,0.25,0.6875,0.3571429,0.3,0.4519999999999999,0.4444444444444444,16.067793864863926,3.663036674241036,-19.547308811170296
Benin,BEN,2010,2733.57399641151,17.6499967380481,26.7041492462158,51.4308599492924,0.561144747750256,9797484.0,18.7534647652402,18.0090531395068,0.125,0.25,0.625,0.3571429,0.2749999999999999,0.4556667,0.4444444444444444,16.097636278051944,3.6822021600694033,-24.498435094969864
Benin,BEN,2011,2732.01249647957,18.2263279960581,45.7294692993164,47.2170288118403,1.50844050539908,10093623.0,18.4603629754014,18.1374491115974,0.125,0.25,0.625,0.3571429,0.2749999999999999,0.4519999999999999,0.4444444444444444,16.127414495337156,3.705763457237834,-1.561499931940034
Benin,BEN,2012,2779.7264808532,16.2040295951807,45.7294692993164,50.7367367791134,2.52705777310103,10397657.0,16.907697703583,16.9566846878966,0.125,0.25,0.625,0.3571429,0.2749999999999999,0.4499999999999999,0.4444444444444444,16.157091146444312,3.7304941984983224,47.713984373629955
Benin,BEN,2013,2893.0467015352,20.7082627484833,52.0378494262695,59.2001918331875,2.87863747120321,10708834.0,15.6941736050673,17.2437092893088,0.125,0.25,0.625,0.3571429,0.2749999999999999,0.4456666999999999,0.4444444444444444,16.18657965966323,3.738890080485947,113.32022068200013
Benin,BEN,2014,2987.38236326153,21.6376626983262,52.5952682495117,65.2682749404551,3.054209933397,11030004.0,16.0308659061926,16.4115774866134,0.125,0.25,0.625,0.3571429,0.2749999999999999,0.4383333,0.4444444444444444,16.216129844538738,3.74305658646922,94.33566172632982
Benin,BEN,2015,2952.00218338705,20.4957392258274,55.1333084106445,56.7563131849476,1.31501182124746,11360681.0,16.3177889373999,16.3850954444902,0.25,0.25,0.625,0.3214286,0.3,0.4406666999999999,0.4444444444444444,16.245669004666507,3.7009973611886022,-35.380179874479836
Benin,BEN,2016,2962.66381572265,19.72249305162,55.2945899963379,58.9869283378276,1.11488130998834,11697842.0,16.6301768821091,15.7020683118185,0.25,0.25,0.625,0.3214286,0.3,0.439,0.4444444444444444,16.27491502379742,3.6960421045811005,10.661632335599734
Benin,BEN,2017,3041.77929984989,23.4384503972218,55.2945899963379,61.4765969588474,1.58170495191393,12039780.0,16.9916809814428,15.1075858507501,0.25,0.25,0.625,0.2857143,0.3,0.437,0.4444444444444444,16.30372680831075,3.707562783318775,79.11548412724005
Burkina Faso,BFA,1996,1280.69608533889,22.5521355859493,9.29944038391113,38.1802977691941,0.627288328664118,10655942.0,6.66045354334862,18.4922177411329,0.5,0.25,0.5555555999999999,0.5454545,0.6666667,0.4166667,0.4722222222222221,16.1816283226489,3.683865444017611,
Burkina Faso,BFA,1997,1326.94230829963,24.2260159057352,9.29944038391113,37.4164187803511,0.398984078044402,10934223.0,6.93218530226622,19.6827849656377,0.41666665,0.25,0.64646465,0.6363635999999999,0.6666667,0.45833335,0.4444444444444444,16.207408244782933,3.6781126321548108,46.24622296073994
Burkina Faso,BFA,1998,1385.09310679095,22.3718622777746,9.29944038391113,40.9397835752562,0.157122759480677,11240664.0,7.18746362630179,17.855937461003,0.3333333,0.25,0.7373737,0.7272727,0.6666667,0.5,0.4166666666666667,16.235048564380783,3.6719818908669284,58.150798491320074
Burkina Faso,BFA,1999,1444.56690170414,17.0912927238886,9.29944038391113,35.2548157814824,0.233833721885331,11574928.0,7.50138448065524,22.4646377615114,0.3333333,0.25,0.7373737,0.68181815,0.6666667,0.54166665,0.4166666666666667,16.26435202400847,3.673930446305114,59.47379491318998
Burkina Faso,BFA,2000,1428.57400617096,16.4909288266509,9.85589981079102,35.1229419704263,0.778458188099508,11925546.0,7.79582459561623,21.8707545475914,0.3333333,0.25,0.7373737,0.6363635999999999,0.6666667,0.5833332999999999,0.4166666666666667,16.294193463707646,3.6876564921562593,-15.99289553317999
Burkina Faso,BFA,2001,1477.28491846525,13.6641871454809,10.0396404266357,31.6581708148511,0.196436710369704,12295001.0,8.11860083193941,20.6389246484114,0.3333333,0.25,0.7373737,0.67978895,0.6577381,0.60416665,0.4166666666666667,16.32470339630017,3.672980989232341,48.71091229428998
Burkina Faso,BFA,2002,1494.67801269583,13.3596138705109,10.0396404266357,31.3125228527966,0.414815789165315,12680897.0,8.46750071047676,20.6338145094446,0.3333333,0.25,0.7373737,0.7232143,0.6488094999999999,0.625,0.3935185185185185,16.355607324654997,3.678512629377238,17.39309423057989
Burkina Faso,BFA,2003,1561.83310184915,14.3992388574488,11.2848196029663,30.3682364077323,0.614299394603336,13082532.0,8.8914133115094,22.6250739908394,0.3333333,0.25,0.7070706999999999,0.7232143,0.6488094999999999,0.5416667,0.3888888888888889,16.386788539678978,3.6835390351456967,67.15508915331998
Burkina Faso,BFA,2004,1581.25620933294,15.634922833423,12.3676996231079,35.4809436017462,0.263190384062024,13500533.0,9.30321242629941,22.6591757180332,0.3333333,0.25,0.6919192,0.7232143,0.6488094999999999,0.5416667,0.3888888888888889,16.41823979818191,3.6746751392465726,19.42310748379009
Burkina Faso,BFA,2005,1664.99543180023,15.4378655956574,13.3723297119141,34.1721697681049,0.848145874654018,13932123.0,9.72688265330829,20.1658324331189,0.3333333,0.25,0.7373737,0.7232143,0.6488094999999999,0.5,0.3888888888888889,16.449707810801662,3.68939929669177,83.73922246729012
Burkina Faso,BFA,2006,1714.76034904509,15.8951941535138,14.1544599533081,35.1065423554549,1.28064578676022,14373707.0,10.1881037378737,20.5038527918156,0.25,0.25,0.6875,0.4642856999999999,0.5,0.4573333,0.3888888888888889,16.480911262347526,3.700148198173447,49.76491724485982
Burkina Faso,BFA,2007,1731.93046335077,18.1832239589598,15.2793703079224,33.7797172895073,0.284717939080865,14816307.0,10.6381867964034,22.5483344043863,0.25,0.375,0.65625,0.4642856999999999,0.4875,0.4156667,0.3888888888888889,16.511239023988956,3.6752208783347835,17.170114305680045
Burkina Faso,BFA,2008,1779.32710911571,17.301896388026,17.9947395324707,35.3853169801502,0.351169723487995,15258093.0,10.9520531805385,20.5479237002055,0.25,0.5,0.5,0.5,0.475,0.37,0.3888888888888889,16.540620674315917,3.6769036029585025,47.396645764940104
Burkina Faso,BFA,2009,1779.32305627973,18.7915710542384,19.4353504180908,40.2959836735924,0.599468939611006,15710066.0,11.4606917674157,22.9558804915607,0.25,0.5,0.5,0.5,0.525,0.4533333,0.3888888888888889,16.5698122750222,3.683166218965998,-0.004052835980019154
Burkina Faso,BFA,2010,1873.97146230828,20.1227742664708,21.1780201888507,49.0732385398039,0.384492219825665,16176498.0,12.0925723997072,26.0555520336446,0.25,0.5,0.5625,0.5,0.525,0.4529999999999999,0.3888888888888889,16.599070067936722,3.677746346768529,94.64840602854997
Burkina Faso,BFA,2011,1939.86659989406,21.1137502536834,23.1764371916742,57.4972531038508,1.19074493368624,16661908.0,12.6832182991654,28.3722709055706,0.25,0.5,0.3125,0.5,0.3999999999999999,0.3696666999999999,0.3703703703703704,16.62863577397285,3.69792338836845,65.89513758578005
Burkina Faso,BFA,2012,2003.6646118745,22.1550536304438,25.2399681000378,61.2386079818398,2.62145990530181,17172287.0,13.1728652243659,26.8675103794383,0.125,0.25,0.375,0.5,0.3999999999999999,0.3673333,0.3611111111111111,16.65880747967442,3.7327554956276,63.798011980439924
Burkina Faso,BFA,2013,2057.0639319853,23.4825820678442,27.6008880705968,64.0358513024234,3.64766773141753,17695409.0,13.5378858961666,24.0957515828697,0.125,0.25,0.375,0.5,0.3999999999999999,0.3883333,0.3611111111111111,16.688815841880388,3.7570127788256356,53.39932011079986
Burkina Faso,BFA,2014,2083.19844698304,18.6612605753847,29.5668744354491,58.8235624937426,2.56255154786841,18229461.0,14.0247003763768,24.9295392471244,0.125,0.25,0.375,0.4642856999999999,0.3999999999999999,0.3863333,0.3634259259259259,16.718549634425617,3.7313450120114124,26.134514997740098
Burkina Faso,BFA,2015,2101.70266192027,19.147211610749,32.8931343608996,59.0891813101662,1.95992715697747,18777487.0,14.5032411061436,24.3613757844362,0.25,0.25,0.3125,0.4285714,0.375,0.4066667,0.3888888888888889,16.74816926347939,3.716800517719099,18.504214937230245
Burkina Faso,BFA,2016,2162.72578977814,20.2451557982691,34.9336280775566,57.8931727994406,3.04380349897538,19334856.0,15.0943155101467,24.8815173666488,0.375,0.25,0.3125,0.4285714,0.375,0.4066667,0.3981481481481481,16.77742008708204,3.74281011500205,61.023127857869895
Burkina Faso,BFA,2017,2232.28781490944,20.8835008952792,37.1627510802261,59.2687802020168,0.0182370342122821,19894407.0,15.7371386392333,25.1402372200063,0.375,0.25,0.375,0.4285714,0.375,0.4083332999999999,0.4166666666666667,16.805949245180287,3.668444328675499,69.56202513129983
Bangladesh,BGD,1996,2413.54298201505,20.7299506037379,41.9298782348633,26.0760877233809,0.0291349551912919,124862179.0,12.5285796104182,21.6839165728619,0.25,0.25,0.3125,0.1785714,0.2749999999999999,0.25,0.3611111111111111,18.642721127000158,3.668722362830311,
Bangladesh,BGD,1997,2475.59574602489,21.8162145054057,41.9298782348633,26.3255133900833,0.288896567530213,127198069.0,12.6298697895125,21.8626700944451,0.25,0.25,0.3125,0.1785714,0.2749999999999999,0.25,0.3958333333333333,18.661256035799212,3.6753267750804977,62.0527640098403
Bangladesh,BGD,1998,2555.06119218282,22.1214128239602,41.9298782348633,27.8800634028394,0.380236166897954,129622332.0,12.7098261057715,22.6607423702209,0.25,0.25,0.3125,0.1785714,0.2749999999999999,0.25,0.4583333333333333,18.68013564956749,3.6776387484609403,79.46544615792982
Bangladesh,BGD,1999,2624.06553797638,22.7213703034657,45.0674591064453,28.3879405571158,0.350304290993083,132108065.0,12.9451048472478,22.3758655367007,0.25,0.25,0.34375,0.1785714,0.2749999999999999,0.25,0.4444444444444444,18.69913082743166,3.6768817062414025,69.00434579355988
Bangladesh,BGD,2000,2712.93512215725,23.8085625731369,46.7210006713867,29.3217143619038,0.525362089236087,134544304.0,13.0892190327164,22.2793826819325,0.25,0.25,0.375,0.1785714,0.2749999999999999,0.25,0.3935185185185185,18.717404107968648,3.6813011945885528,88.86958418087033
Bangladesh,BGD,2001,2803.55471950946,24.1743067306933,48.4609718322754,32.0980170730117,0.145443904569924,136805810.0,14.4051473429778,22.5838118742213,0.1875,0.25,0.3125,0.16071425,0.2374999999999999,0.1875,0.3796296296296296,18.73407304032073,3.671684899873238,90.6195973522099
Bangladesh,BGD,2002,2866.43454328715,24.3414161366729,49.6199493408203,28.9673807211649,0.0955793676464671,138933658.0,15.7360006499148,22.8392543728467,0.125,0.25,0.25,0.1428571,0.1999999999999999,0.125,0.3055555555555555,18.749507103782477,3.6704158612559565,62.879823777690035
Bangladesh,BGD,2003,2958.91503115633,24.6791888612834,49.5259017944336,27.657884900158,0.44596078329809,140970351.0,17.1419202198288,22.4741487860882,0.125,0.25,0.3125,0.1428571,0.1999999999999999,0.125,0.287037037037037,18.764060156729165,3.6792990587660506,92.4804878691798
Bangladesh,BGD,2004,3071.83778764611,24.9918339447004,46.3084297180176,26.8582341492431,0.689472335587339,142902856.0,17.6220890679826,22.7797200060528,0.0,0.25,0.375,0.1428571,0.25,0.125,0.2824074074074074,18.777675635702337,3.685426639246202,112.92275648978011
Bangladesh,BGD,2005,3231.61370692891,25.8304355145863,45.1695098876953,34.396934864465,1.17065167448603,144715786.0,18.2007969329369,23.2998442190711,0.0,0.25,0.3125,0.1428571,0.25,0.125,0.3611111111111111,18.79028228724006,3.6974254555115884,159.7759192827998
Bangladesh,BGD,2006,3407.4273502159,26.1441457474299,45.7007904052734,38.1119244325921,0.635863899506714,146405973.0,18.6372555412735,24.0953205119221,0.0,0.25,0.3125,0.25,0.3,0.287,0.3888888888888889,18.801893964669873,3.6840808877283973,175.8136432869901
Bangladesh,BGD,2007,3608.91543819399,26.1784970672047,46.4658813476562,39.9423826531735,0.817756922700044,147989278.0,18.9098240163507,24.5005410079343,0.0,0.25,0.46875,0.25,0.3125,0.287,0.4259259259259259,18.812650389915355,3.6886396792908043,201.48808797809033
Bangladesh,BGD,2008,3787.9382761855,26.2022714003991,44.5729598999023,42.6209140325589,1.4496579161576,149474264.0,19.1872302391746,24.7270013036793,0.0,0.25,0.375,0.25,0.325,0.2673333,0.4444444444444445,18.822634795508918,3.704317451389403,179.02283799150973
Bangladesh,BGD,2009,3942.13631207203,26.2060570157536,48.1255798339844,40.092796223023,0.879517142536145,150873714.0,19.3863335157538,25.2955721814431,0.0,0.25,0.3125,0.25,0.325,0.2673333,0.4606481481481481,18.83195372036144,3.6901828637229124,154.19803588652985
Bangladesh,BGD,2010,4125.46390163202,26.2466561760577,49.5031106793162,37.8028426708321,1.06896766308322,152201981.0,19.6659443987482,24.9564767264585,0.0,0.25,0.375,0.25,0.325,0.2789999999999999,0.4629629629629629,18.8407190256461,3.6949018057258955,183.32758955998997
Bangladesh,BGD,2011,4352.42643359325,27.4209733686034,49.7515496494472,47.4208498356898,0.983399364184761,153591076.0,20.0336837102759,25.0452996007551,0.0,0.25,0.25,0.25,0.325,0.2786667,0.4444444444444444,18.849804284542497,3.692773178677682,226.96253196123052
Bangladesh,BGD,2012,4592.04840919812,28.2623350097187,51.6718482971191,48.1109227490467,1.18850391920183,155070101.0,20.4330171201156,25.3099593902625,0.0,0.25,0.25,0.25,0.325,0.2786667,0.4444444444444444,18.859387843607575,3.6978678658703434,239.62197560486948
Bangladesh,BGD,2013,4822.72621378266,28.3896207536466,55.6214332189314,46.2964027228174,1.73532012481503,156532141.0,20.7888945857964,26.3070701636507,0.0,0.25,0.25,0.25,0.375,0.2786667,0.4444444444444444,18.868771927048552,3.7113249917002067,230.67780458454035
Bangladesh,BGD,2014,5068.63965672741,28.5778757115563,55.6214332189314,44.5140801968096,1.46870305074204,157964929.0,20.5366959894489,26.3110467833576,0.0,0.25,0.3125,0.25,0.375,0.2759999999999999,0.4444444444444444,18.87788360432871,3.7047861758645397,245.91344294474948
Bangladesh,BGD,2015,5352.71133299566,28.886689247008,59.4217414855957,42.0859963070382,1.4507824552936,159383179.0,20.4796085575501,26.8313948329541,0.0,0.25,0.3125,0.25,0.375,0.2743333,0.4444444444444444,18.886821798050054,3.704345133801832,284.0716762682505
Bangladesh,BGD,2016,5682.53553494306,30.2397639179985,64.1664546117285,31.3341501346142,0.879528340271998,160811932.0,20.4595245408049,31.0691513830358,0.0,0.25,0.3125,0.2142857,0.375,0.2743333,0.4444444444444444,18.895746122154705,3.6901831433016263,329.82420194740007
Bangladesh,BGD,2017,6005.70718781048,30.9468731155675,62.3408639225315,29.9997306724343,0.616341784631384,162186147.0,20.4193241705984,31.2482919641603,0.0,0.25,0.375,0.2142857,0.35,0.2643333,0.4305555555555556,18.90425529525891,3.6835903669887693,323.17165286741965
Bosnia and Herzegovina,BIH,1996,4569.00162207312,34.0352672822349,80.9894485473633,107.500043530726,2.69670329376529,3875246.0,30.0305432449221,25.6999991174593,0.25,0.0,0.5,0.4285714,0.5,0.625,0.4444444444444444,15.170119960673638,3.7345542115797214,
Bosnia and Herzegovina,BIH,1997,6020.98522398162,34.216556884342,80.9894485473633,100.630964756317,2.69670329376529,4018227.0,30.2101349349523,25.2176237420683,0.25,0.0,0.5,0.4285714,0.5,0.625,0.4444444444444444,15.20635156739618,3.7345542115797214,1451.9836019084996
Bosnia and Herzegovina,BIH,1998,6899.325655059,32.566671673001,80.9894485473633,125.666609057011,1.62108640132628,4089356.0,30.4893171312697,27.4301795819969,0.25,0.0,0.5,0.4285714,0.5,0.625,0.4444444444444444,15.223898302945834,3.70852862932931,878.3404310773803
Bosnia and Herzegovina,BIH,1999,7481.33501395434,23.8967623642248,80.9894485473633,121.820541564193,3.7723201862043,4130305.0,30.3152548234285,24.3568468974682,0.25,0.0,0.5,0.4285714,0.5,0.625,0.4444444444444444,15.233862054202223,3.759919608294406,582.0093588953396
Bosnia and Herzegovina,BIH,2000,7830.53433078343,31.1070293982231,80.9894485473633,85.3577431341788,2.62359146003394,4159771.0,30.4931662575107,21.5373916859689,0.25,0.0,0.5,0.4285714,0.5,0.625,0.4444444444444444,15.240970823043142,3.732806495642143,349.1993168290901
Bosnia and Herzegovina,BIH,2001,7982.55195738094,29.0132781750178,80.9894485473633,86.0357340130948,2.04280429156892,4179438.0,30.4377876132582,20.9376145916292,0.25,0.0,0.5,0.4285714,0.5,0.625,0.4444444444444444,15.245687584967584,3.7188133686544678,152.01762659750966
Bosnia and Herzegovina,BIH,2002,8366.72625268201,28.9681332665159,80.9894485473633,78.7274783626,3.97979747748747,4188002.0,30.4323239286536,19.8153934660799,0.25,0.0,0.5,0.4285714,0.5,0.625,0.4444444444444444,15.247734567304686,3.7647392110872104,384.17429530107074
Bosnia and Herzegovina,BIH,2003,8709.99283593466,27.7635078367024,80.9894485473633,80.5694572639365,4.49216828974651,4178523.0,30.4919313162208,19.8200761189261,0.25,0.0,0.5,0.4285714,0.5,0.625,0.4444444444444444,15.24546863209506,3.7765427784616854,343.26658325264907
Bosnia and Herzegovina,BIH,2004,9344.86891184204,26.9177642885767,80.9894485473633,81.8126861817184,8.75886067110945,4140987.0,30.529247689508,20.2334932914418,0.25,0.0,0.5,0.4285714,0.5,0.625,0.4444444444444444,15.236444964672744,3.8697731984276036,634.8760759073812
Bosnia and Herzegovina,BIH,2005,9814.51034158831,29.3781353895492,80.9894485473633,84.3554628217984,5.55844401745043,4096493.0,30.70921847244,21.4328425323645,0.25,0.0,0.5,0.4285714,0.5,0.625,0.4444444444444444,15.225642043897976,3.800668947695476,469.64142974626884
Bosnia and Herzegovina,BIH,2006,10430.4552500579,23.2664148364209,80.9894485473633,79.8299477752016,6.57577358932059,4063272.0,30.8436087842765,21.0300824020691,0.25,0.0,0.5625,0.4285714,0.5,0.6093333,0.4444444444444444,15.21749936444285,3.823157404757468,615.9449084695898
Bosnia and Herzegovina,BIH,2007,11178.7278411828,27.4322387315308,80.9894485473633,83.551858889163,11.6737641903939,4013424.0,32.5548638897626,21.7724374056523,0.25,0.0,0.5,0.3928570999999999,0.475,0.5676667,0.4444444444444444,15.20515554944756,3.9288096662174214,748.2725911248999
Bosnia and Herzegovina,BIH,2008,11983.7696596485,29.3870086618576,85.227912902832,86.1628798430504,5.25748627826678,3947544.0,32.3796924347513,23.2014104320358,0.25,0.0,0.5,0.3571429,0.4499999999999999,0.5233333,0.4444444444444444,15.188604424666972,3.793918056992153,805.041818465701
Bosnia and Herzegovina,BIH,2009,11826.6991802051,24.1708852113612,87.0009307861328,73.7474942255023,0.786371182353609,3879794.0,31.4019781131904,22.9076469417103,0.25,0.0,0.375,0.3571429,0.4499999999999999,0.5233333,0.4444444444444444,15.171292875152089,3.6878545394802167,-157.07047944340047
Bosnia and Herzegovina,BIH,2010,12142.9120522116,21.1903790429319,85.5183715820312,80.9682159626823,2.5840244914247,3811472.0,30.8534716058298,22.4540096321725,0.25,0.0,0.375,0.3571429,0.425,0.4273332999999999,0.4444444444444444,15.15352628656011,3.7318593840290224,316.21287200650113
Bosnia and Herzegovina,BIH,2011,12487.7008428301,22.4529460305798,87.7279968261719,87.8363477136556,2.52952738058176,3741798.0,28.9020937311468,22.1932597066813,0.25,0.0,0.3125,0.3571429,0.3999999999999999,0.3413333,0.4444444444444444,15.135077069782364,3.7305534203560864,344.78879061849875
Bosnia and Herzegovina,BIH,2012,12626.9786875839,22.3136710302915,90.7853088378906,88.1451088628529,2.27539881306156,3670113.0,30.2957244937734,21.6232008180939,0.25,0.0,0.3125,0.3571429,0.3999999999999999,0.3369999999999999,0.4444444444444444,15.115733282218619,3.724440885234138,139.2778447538003
Bosnia and Herzegovina,BIH,2013,13135.7719791089,21.4586693817543,92.2983932495117,87.9312380280562,1.72337931811156,3610859.0,29.8222008649688,22.3236748683798,0.25,0.0,0.3125,0.3571429,0.3999999999999999,0.3339999999999999,0.4444444444444444,15.099456529084296,3.7110330547307324,508.7932915250003
Bosnia and Herzegovina,BIH,2014,13458.9083902112,23.4017699774264,90.2868576049805,90.5522780395662,2.93590253684149,3564829.0,30.0237923914969,22.1563691753674,0.25,0.0,0.3125,0.3571429,0.3999999999999999,0.326,0.4444444444444444,15.086626924859026,3.740250945004446,323.13641110229946
Bosnia and Herzegovina,BIH,2015,14220.1489744552,21.3535615866094,85.716178894043,88.291992587588,2.33529310215055,3518541.0,29.5088132949805,21.7264522311122,0.25,0.0,0.3125,0.3571429,0.3999999999999999,0.3276667,0.4444444444444444,15.073557257222427,3.725884886889557,761.2405842440003
Bosnia and Herzegovina,BIH,2016,14873.7027917131,21.0912445723715,83.1699523925781,88.2440340022738,1.82975695066219,3473003.0,31.2821818003965,22.3443510624615,0.25,0.0,0.3125,0.3571429,0.3999999999999999,0.3289999999999999,0.4444444444444444,15.060530483467558,3.7136308499712767,653.5538172578999
Bosnia and Herzegovina,BIH,2017,15554.7232481788,22.1820977450405,83.668083190918,96.6458803566861,2.77975922538248,3428682.0,29.5183526037759,23.1210747823113,0.25,0.0,0.3125,0.4642856999999999,0.3999999999999999,0.3289999999999999,0.4444444444444444,15.047686780394104,3.7365359392335824,681.0204564656997
Belarus,BLR,1996,8314.85656685025,21.0791340655445,93.9261322021484,96.7748997857579,0.720667909896663,10159569.0,34.6319606937331,34.2198405954993,0.25,0.375,0.6875,0.3333333,0.5625,0.4375,0.5277777777777778,16.133926676384327,3.686208920010353,
Belarus,BLR,1997,9301.32717519867,25.2310334487365,93.1295623779297,125.516179156558,2.48860300411635,10117433.0,34.8355686244734,35.92617833874,0.45833335,0.3125,0.75536615,0.3484848499999999,0.61458335,0.55208335,0.5277777777777778,16.129770632360252,3.7295715899206363,986.4706083484198
Belarus,BLR,1998,10128.1560469563,25.9346503152411,84.6017837524414,122.957697735989,1.33490888841733,10071963.0,34.8132176590098,35.3050083955104,0.6666667,0.25,0.8232322999999999,0.3636363999999999,0.6666667,0.6666667,0.5277777777777778,16.125266280434644,3.7014886757577043,826.8288717576288
Belarus,BLR,1999,10519.7489145442,26.3269712735752,84.6017837524414,120.835117829629,3.65778714528179,10026738.0,34.4991967346891,34.0037421548255,0.58333335,0.25,0.7777777499999999,0.31818185,0.6666667,0.58333335,0.5277777777777778,16.120765982447526,3.7572490736057973,391.5928675879004
Belarus,BLR,2000,11182.4548339393,25.2015480960827,84.6017837524414,141.609165955024,0.932726194574,9979610.0,34.4184240399501,33.4789463312094,0.5,0.25,0.7323232,0.2727273,0.6666667,0.5,0.4907407407407407,16.116054669572076,3.69151047565672,662.7059193951009
Belarus,BLR,2001,11771.0872003861,22.6690424615098,84.6017837524414,137.044930473063,0.775405864952368,9928549.0,34.0711648337989,32.4639554654927,0.41666665,0.25,0.7550505,0.3327922,0.60714285,0.5,0.4629629629629629,16.110925003203995,3.687580087779876,588.6323664468
Belarus,BLR,2002,12443.9322575939,21.9847426955846,84.6017837524414,131.002058282291,1.69305705420781,9865548.0,33.9029530177422,31.8153820256099,0.3333333,0.25,0.7777778,0.3928570999999999,0.547619,0.5,0.4166666666666667,16.104559347182825,3.710291332153878,672.8450572078
Belarus,BLR,2003,13413.9265504854,23.748249682755,84.6017837524414,134.141852273225,0.963790820679998,9796749.0,33.8510318846048,32.7410515030849,0.3333333,0.25,0.8232322999999999,0.3928570999999999,0.547619,0.5833332999999999,0.4166666666666667,16.09756125598547,3.69228475087404,969.9942928914988
Belarus,BLR,2004,15052.1182160947,25.3173520457355,84.6017837524414,142.136510387704,0.707817258030317,9730146.0,34.041571994881,35.0189431066695,0.3333333,0.25,0.8232322999999999,0.3928570999999999,0.547619,0.5,0.4166666666666667,16.090739561961733,3.6858867427209465,1638.1916656093
Belarus,BLR,2005,16579.8731683834,26.5166266823018,84.6017837524414,118.88435169233,1.01489264466989,9663915.0,34.132478261513,37.8387848851416,0.3333333,0.25,0.7777778,0.3928570999999999,0.547619,0.3333333,0.4166666666666667,16.083909507065975,3.69355714361565,1527.754952288702
Belarus,BLR,2006,18349.8719060634,29.6607667755813,84.6017837524414,124.295103889386,0.966130137383779,9604924.0,34.2933962802517,37.2070344531772,0.125,0.25,0.5625,0.1428571,0.175,0.1113333,0.4166666666666667,16.0777865457212,3.6923430332801934,1769.9987376799982
Belarus,BLR,2007,20019.6111676728,31.3763246755786,84.6017837524414,128.153877979073,3.99176494489288,9560953.0,34.3333792728332,37.0472792241675,0.125,0.25,0.59375,0.1428571,0.175,0.1113333,0.4166666666666667,16.073198070843794,3.7650165025978013,1669.7392616094003
Belarus,BLR,2008,22137.9472928315,33.3037472609769,115.713592529297,129.599478545475,3.60135661387402,9527985.0,34.5977353044406,38.8242464026726,0.125,0.25,0.625,0.1428571,0.175,0.1113333,0.4166666666666667,16.06974392066271,3.7559306715967486,2118.336125158701
Belarus,BLR,2009,22236.8387691136,35.5374326225462,113.701538085938,108.63564482836,3.68858496262614,9504583.0,34.0335144780462,36.1139633461021,0.125,0.25,0.5625,0.1428571,0.1999999999999999,0.1113333,0.4166666666666667,16.067284766508173,3.757967878959646,98.89147628210048
Belarus,BLR,2010,24012.6133040213,38.8270843770422,111.028998547015,115.917972989303,2.43465600372626,9483836.0,33.9412061411876,35.3917911979998,0.125,0.25,0.4375,0.1428571,0.1999999999999999,0.1113333,0.4166666666666667,16.065099539178743,3.728275854666176,1775.7745349076977
Belarus,BLR,2011,25404.7566082412,37.685885856564,108.98986744867,157.974255073313,6.48031997656593,9461643.0,33.5683784061422,36.0880730361763,0.125,0.25,0.4375,0.1428571,0.1999999999999999,0.1053332999999999,0.4166666666666667,16.06275671028449,3.8210687354937436,1392.1433042199023
Belarus,BLR,2012,25879.1319400701,33.4161102099333,107.657786407767,153.085269313372,2.22818019245943,9446836.0,33.215908970184,36.2806503161792,0.25,0.25,0.4375,0.1428571,0.1999999999999999,0.1013333,0.375,16.061190534447658,3.72330101170549,474.3753318288982
Belarus,BLR,2013,26147.6253584645,37.1868460544649,104.523124130077,119.815965235724,2.97388136295762,9443211.0,32.9070570518392,35.9037019421087,0.25,0.25,0.4375,0.1428571,0.1999999999999999,0.1013333,0.3611111111111111,16.060806734485627,3.741152465103053,268.49341839439876
Belarus,BLR,2014,26564.4347246547,33.224364033082,103.510351178762,110.651424367582,2.36255232890544,9448515.0,32.4326566579621,35.3790497233345,0.25,0.25,0.4375,0.1428571,0.1999999999999999,0.123,0.363425925925926,16.06136825010128,3.726541394430769,416.8093661902021
Belarus,BLR,2015,25513.2132958317,28.6543148072496,102.895731001158,115.914826201946,2.92676775504253,9461076.0,32.18945862639,32.6923057673017,0.25,0.25,0.4375,0.1428571,0.1999999999999999,0.1206666999999999,0.3993055555555556,16.062696782328022,3.740033987367266,-1051.2214288229989
Belarus,BLR,2016,24846.8301529359,25.4400783578553,102.969005936733,125.209322899662,2.61275643208459,9469379.0,31.5459990640502,30.9584092512823,0.25,0.25,0.5625,0.1785714,0.1999999999999999,0.118,0.4305555555555556,16.06357399311405,3.732547227550527,-666.3831428958001
Belarus,BLR,2017,25503.9809845207,26.1579866134837,102.480850468241,133.367754723012,2.33218919527708,9458989.0,30.7723371341886,31.5544850881623,0.25,0.25,0.5625,0.1785714,0.1999999999999999,0.1043332999999999,0.4305555555555556,16.062476170000544,3.7258101054752455,657.1508315847968
Belize,BLZ,1996,9782.64416029651,18.1333129336285,64.7755508422852,79.5739076328491,1.94981037564896,210310.0,16.962949563387,21.4992082169426,0.5,0.5,0.75,0.625,0.5625,0.6875,0.4444444444444444,12.256342666552065,3.7165545320412012,
Belize,BLZ,1997,9862.26634546876,17.6905900630421,64.7755508422852,85.4507314878676,1.36954750688798,217446.0,18.2447719212425,20.5378332067024,0.5,0.5,0.75,0.625,0.5625,0.6875,0.4444444444444444,12.28971042165561,3.7023434252191647,79.62218517225119
Belize,BLZ,1998,9894.59919785026,16.4953549174584,64.7755508422852,85.2837692818555,1.89979624281656,225173.0,17.9846976897098,20.5988553612778,0.5,0.5,0.75,0.625,0.5625,0.6875,0.4444444444444444,12.324628715651741,3.715337567702977,32.33285238149983
Belize,BLZ,1999,10460.6346102795,21.3333416023728,64.7755508422852,93.3222988336503,5.86883406193407,233059.0,16.989513849239,20.1782652972397,0.5,0.5,0.75,0.64583335,0.5625,0.71875,0.4444444444444444,12.359051210127255,3.8075840049571057,566.0354124292389
Belize,BLZ,2000,11363.6868781615,24.7999210289156,67.7030181884766,96.6018447146265,2.59763309185999,240799.0,17.4921572966429,22.744823557302,0.5,0.5,0.75,0.6666667,0.5625,0.75,0.4444444444444444,12.391721992416803,3.7321852333091976,903.0522678819998
Belize,BLZ,2001,11567.0265720608,22.1347914796627,69.2901992797852,93.1624050489864,5.21949933984009,248379.0,17.5420348026139,20.9114170811182,0.5,0.5,0.78125,0.6666667,0.5625,0.75,0.4444444444444444,12.422715110502024,3.7930627099874674,203.33969389930098
Belize,BLZ,2002,11828.1865744067,20.0477035333808,69.2901992797852,93.0794584713606,2.04686311047792,256009.0,17.6371368160977,19.9175020724415,0.5,0.5,0.8125,0.6666667,0.5625,0.75,0.4444444444444444,12.45297178519878,3.7189118418806175,261.16000234589956
Belize,BLZ,2003,12589.2679378206,16.9503246724087,75.2354507446289,94.3631228859413,-0.83504705917142,263780.0,17.5958048523569,17.343341981465,0.5,0.5,0.8125,0.6666667,0.625,0.6875,0.4444444444444444,12.482874492410676,3.6464312989168266,761.0813634138995
Belize,BLZ,2004,12807.1658774384,15.7738883389682,76.6425094604492,86.3853536846826,7.9628629551609,271688.0,17.7552979073128,17.5296122470878,0.5151515,0.5252525,0.7575757999999999,0.6026935999999999,0.5656566,0.6616162,0.4444444444444444,12.512413308764906,3.853026776083004,217.89793961780015
Belize,BLZ,2005,12714.9697390831,16.5447137431608,75.2656326293945,92.9971266332515,8.6080583090955,279731.0,17.8818871659518,17.1067830923414,0.5,0.5,0.8125,0.6666667,0.625,0.6875,0.4444444444444444,12.541587280940522,3.8666220338591426,-92.1961383552989
Belize,BLZ,2006,12912.5300233774,16.7562013856216,76.0926818847656,98.8810743235728,6.84256959940517,287878.0,17.8255182129201,19.0207043326734,0.25,0.25,0.5,0.3571429,0.475,0.5,0.4444444444444444,12.570295531946122,3.8289722729070914,197.56028429429898
Belize,BLZ,2007,12973.2067214746,17.5990669740298,75.4892196655273,95.9555511519831,8.22731936335606,296100.0,17.7066656440836,20.1544257967177,0.25,0.25,0.5,0.3571429,0.475,0.5,0.4444444444444444,12.5984558913214,3.8586216505885886,60.67669809720064
Belize,BLZ,2008,12415.6811300464,22.0434241097951,75.4095230102539,105.461874277231,9.75973413898317,304361.0,17.7306659802155,20.2437331550786,0.375,0.25,0.5625,0.3571429,0.425,0.5,0.4444444444444444,12.625973061434594,3.8904394957131574,-557.5255914282006
Belize,BLZ,2009,12033.9096816588,16.5310096147082,75.1112899780273,89.5808843860925,6.44782371601601,312614.0,17.4015957446809,19.3850622805813,0.5,0.25,0.5625,0.3571429,0.425,0.625,0.4444444444444444,12.652727680463201,3.8203566716489843,-381.77144838759887
Belize,BLZ,2010,11913.6635959061,13.8767930078896,75.6223037349759,94.8581591507411,5.51460930694585,320245.0,17.0749414919968,18.2141330384501,0.5,0.25,0.5625,0.3571429,0.425,0.625,0.4444444444444444,12.676844729438978,3.799688506673797,-120.24608575270031
Belize,BLZ,2011,11641.7717375703,14.2446969324299,76.1272789038614,106.914960208874,5.20581667105349,327298.0,16.9972859610165,18.8728848459132,0.5,0.25,0.5625,0.3571429,0.425,0.625,0.4444444444444444,12.698629405183658,3.792754439784717,-271.89185833580086
Belize,BLZ,2012,11843.4153404212,13.548139661105,78.8095397154118,111.166652365429,10.1300443506209,334414.0,16.8955162386797,16.1069146883141,0.5,0.25,0.5625,0.3571429,0.3999999999999999,0.625,0.4444444444444444,12.720138015645993,3.897978797294949,201.6436028508997
Belize,BLZ,2013,12064.797259406,14.6607730687941,80.6694303700292,108.672614067831,4.53263160783493,341627.0,16.9171410016427,15.8082252818975,0.5,0.25,0.5625,0.3571429,0.3999999999999999,0.625,0.4444444444444444,12.741477704750539,3.7774690293881044,221.3819189848
Belize,BLZ,2014,12272.2957895446,16.4653377433108,80.3583033664053,107.112517468788,6.5987393918196,348923.0,16.8888467540802,15.8379694223947,0.5,0.25,0.5625,0.3571429,0.375,0.625,0.4444444444444444,12.762609412427334,3.8236592808127146,207.49853013860047
Belize,BLZ,2015,12348.7944978311,16.3601588376136,81.2936199454549,104.070958799941,2.69569808214426,356333.0,15.4212581950063,14.5536010059023,0.5,0.25,0.5625,0.3571429,0.375,0.625,0.4444444444444444,12.783623772244713,3.7345302030022967,76.49870828650091
Belize,BLZ,2016,12063.0600374093,18.0259826627013,87.7313726328389,96.4998358304218,1.46157075571746,364705.0,15.7057985107432,15.4437196063941,0.5,0.25,0.5625,0.3571429,0.375,0.625,0.4444444444444444,12.806846828539697,3.7046106669350736,-285.7344604218015
Belize,BLZ,2017,11572.3007931461,15.4176100849581,86.323893201399,97.7072571800462,1.40473162686238,373202.0,15.6953011319005,14.0908583022047,0.5,0.25,0.5625,0.3571429,0.375,0.625,0.4444444444444444,12.829877786508225,3.7032108882842087,-490.75924426319943
Bolivia,BOL,1996,7083.61313107091,16.1763687426656,69.6854934692383,49.8562913723023,6.40939922529255,8021736.0,21.9300651108888,27.9548862100277,0.125,0.5,0.4375,0.5714286,0.425,0.25,0.4166666666666667,15.897665539933016,3.819514052628532,
Bolivia,BOL,1997,7301.50935715196,18.9689513481554,69.6854934692383,50.4696628058748,9.21807040100919,8167900.0,22.5112715343956,26.4351094914312,0.1875,0.5,0.53125,0.55357145,0.4374999999999999,0.3125,0.4513888888888889,15.915722518283058,3.8793081349222067,217.89622608105037
Bolivia,BOL,1998,7534.51656215666,23.1532159881584,69.6854934692383,52.2811629581228,11.1715280663643,8313394.0,22.8104127501719,26.1333943093732,0.25,0.5,0.625,0.5357143,0.4499999999999999,0.375,0.5,15.93337862732327,3.9188830474513914,233.00720500470015
Bolivia,BOL,1999,7435.72544462966,19.0973226968185,75.2548294067383,44.1682564870165,12.196646241927,8459806.0,22.8066823725496,25.1438963960235,0.25,0.5,0.5625,0.5357143,0.4499999999999999,0.375,0.5,15.950836918083409,3.9390407075563147,-98.7911175270001
Bolivia,BOL,2000,7492.43381815499,17.8874789626329,72.7576370239258,45.5977750218555,8.76830997312938,8606326.0,21.9885728814432,25.7390221812353,0.25,0.5,0.5,0.5357143,0.4499999999999999,0.375,0.5,15.96800818840528,3.8699703207370533,56.70837352532999
Bolivia,BOL,2001,7491.15257767136,13.9267732202243,75.7862701416016,45.2278224315522,8.66860569359696,8752736.0,19.0787519933746,25.4206764753126,0.1875,0.5,0.40625,0.5357143,0.4374999999999999,0.3125,0.4953703703703704,15.984877009422076,3.8678884246748755,-1.2812404836304268
Bolivia,BOL,2002,7550.01554439063,15.6496469618393,80.6306991577148,49.3502603725957,8.55789350643914,8900355.0,21.6920311867554,25.4735692447779,0.125,0.5,0.3125,0.5357143,0.425,0.25,0.4444444444444444,16.001601833902388,3.8655715858141564,58.862966719269934
Bolivia,BOL,2003,7625.90515937027,12.6639226700099,83.4697265625,51.967836443987,2.442343967183,9050700.0,24.1529101299476,25.5964904919612,0.125,0.5,0.25,0.5357143,0.425,0.25,0.4444444444444444,16.018352771239886,3.728460611945986,75.8896149796401
Bolivia,BOL,2004,7811.59684101948,11.6871210206907,86.3809967041016,57.4642660901316,0.745772608696722,9204287.0,24.1526049696649,26.8396494762825,0.125,0.25,0.3125,0.5,0.3999999999999999,0.25,0.4444444444444444,16.035180020391003,3.6868380178706506,185.6916816492103
Bolivia,BOL,2005,8020.63568776794,12.990846906531,87.4255523681641,67.6419413613743,-2.49886824544741,9360754.0,23.0330689192341,26.2692194219914,0.0,0.25,0.3125,0.4642856999999999,0.375,0.375,0.4444444444444444,16.0520365075939,3.6020621943371056,209.03884674845995
Bolivia,BOL,2006,8263.31896895542,14.296679671822,86.5906295776367,74.537848431547,2.45168756123775,9521689.0,21.1701978453528,27.652247464959,0.25,0.25,0.3125,0.3571429,0.3,0.4493333,0.4444444444444444,16.06908291202096,3.728685111427094,242.68328118748013
Bolivia,BOL,2007,8493.94848397403,16.1395936873294,86.0495986938477,76.0619114476148,2.79185385749299,9685960.0,23.2817370853481,28.2897904061027,0.25,0.25,0.3125,0.3571429,0.3,0.4493333,0.4444444444444444,16.086188075507305,3.736824191763798,230.62951501861062
Bolivia,BOL,2008,8865.27246783163,17.2487171462335,85.3683776855469,82.8670208961798,3.07261074755318,9850858.0,23.7038786315773,29.7366397824222,0.25,0.25,0.3125,0.3571429,0.3,0.4549999999999999,0.4444444444444444,16.10306921746769,3.7434922524117793,371.32398385759916
Bolivia,BOL,2009,9011.55629962953,16.4792607960079,83.7523803710938,68.6270739127592,2.43967814560444,10016275.0,24.3138628206523,29.2286844945559,0.25,0.25,0.375,0.2857143,0.2749999999999999,0.4549999999999999,0.4421296296296296,16.119721927852904,3.7283965507385695,146.28383179790035
Bolivia,BOL,2010,9230.39808115934,16.5722453451651,87.7601876397411,75.5116262512877,3.16542867647895,10182345.0,21.7716326133795,30.1439417460822,0.25,0.25,0.375,0.2857143,0.25,0.4473333,0.4166666666666667,16.136165994403104,3.7456869626163325,218.84178152980894
Bolivia,BOL,2011,9554.44502529396,18.9656256308952,85.300407946135,82.4803954243518,3.58442251378885,10348929.0,19.8371828985803,30.3691066361261,0.25,0.25,0.375,0.2857143,0.25,0.4446666999999999,0.4166666666666667,16.15239369068889,3.7555346962577603,324.0469441346213
Bolivia,BOL,2012,9884.46163420335,18.3628772434261,87.0108512162742,84.9487611684942,3.9135501461408,10515807.0,19.9283186665155,29.3342196293346,0.25,0.25,0.25,0.2857143,0.25,0.4446666999999999,0.3981481481481481,16.168390206772496,3.763202838677985,330.0166089093891
Bolivia,BOL,2013,10391.38337536,19.0600818282013,88.7650557098116,81.2309075267174,5.7066221190291,10682608.0,18.8555909147767,28.5181929044884,0.25,0.25,0.375,0.2857143,0.25,0.443,0.4456018518518518,16.184127650052286,3.8039761147639273,506.92174115664966
Bolivia,BOL,2014,10790.8472899414,20.9820496161581,89.4564819756877,85.2644695625131,1.98982485629696,10848888.0,23.3470748449079,27.6254998805738,0.25,0.25,0.375,0.2857143,0.2749999999999999,0.443,0.4583333333333333,16.199573236394517,3.7175271154319267,399.4639145813999
Bolivia,BOL,2015,11144.6415727207,21.371059614022,90.6139031958796,67.9328451905248,1.68072787961335,11014705.0,23.2870379903222,25.2024162838659,0.25,0.25,0.375,0.2857143,0.2749999999999999,0.4416666999999999,0.4583333333333333,16.214741846986296,3.709989586882939,353.7942827793013
Bolivia,BOL,2016,11448.0218032246,20.6704841876063,90.6152852803158,56.4010345026573,0.988080149462259,11180020.0,23.3493076119408,25.3263589797711,0.25,0.25,0.375,0.2857143,0.2749999999999999,0.4376666999999999,0.4583333333333333,16.229638904043668,3.692889736760169,303.38023050389893
Bolivia,BOL,2017,11755.2556195885,23.1176658338729,89.4000212849504,45.5761123650708,1.55130384811576,11344587.0,22.5328451854159,30.1846229804293,0.25,0.25,0.375,0.2857143,0.2749999999999999,0.433,0.4583333333333333,16.24425135997914,3.7068165453753696,307.2338163639015
Brazil,BRA,1996,13641.6295997537,18.6406537878258,94.5829467773438,15.6355914783829,1.47596541133615,164202549.0,24.4325024295927,22.3401145607793,0.375,0.25,0.5625,0.6428571,0.4499999999999999,0.375,0.5833333333333334,18.91661128470367,3.7049648537548863,
Brazil,BRA,1997,13896.6249901345,19.1229011235712,94.5829467773438,16.5762092633371,2.1504523942889,166661659.0,24.4703645682711,22.5941476118263,0.375,0.25,0.53125,0.6428571,0.4499999999999999,0.375,0.5300925925925926,18.931476327267145,3.7214218018435647,254.99539038080002
Brazil,BRA,1998,13737.7026434846,18.5423484993731,94.5829467773438,16.438584928207,3.34088713373843,169159655.0,24.3993285492299,22.1187903794666,0.375,0.25,0.5,0.6428571,0.4499999999999999,0.375,0.4444444444444444,18.946353536988816,3.7498226220799946,-158.92234664990065
Brazil,BRA,1999,13602.4137069426,17.0162942188145,94.5829467773438,20.982166473881,4.73376982673849,171641543.0,23.6144610208287,21.7467112496793,0.375,0.25,0.65625,0.60714285,0.4499999999999999,0.375,0.4444444444444444,18.960918813619266,3.7820606205600233,-135.28893654199965
Brazil,BRA,2000,14005.347187072,18.3044880298194,94.5829467773438,22.6397613589755,5.0339171410898,174018282.0,23.4987657285958,23.0066186293679,0.375,0.25,0.8125,0.5714286,0.4499999999999999,0.375,0.4444444444444444,18.974670926371488,3.7888734290590778,402.9334801294008
Brazil,BRA,2001,14016.1313773564,18.4180865006086,94.5829467773438,26.936285024943,4.14759326073982,176301203.0,23.2229430205378,22.6395279128549,0.3125,0.25,0.78125,0.5357143,0.4374999999999999,0.375,0.4351851851851852,18.98770447661307,3.7686201122103666,10.784190284399301
Brazil,BRA,2002,14265.9048768518,17.9262508224679,94.5829467773438,27.6183574077173,3.25358063263725,178503484.0,23.6962749162024,22.4953278210778,0.25,0.25,0.75,0.5,0.425,0.375,0.3842592592592592,19.000118682802906,3.7477668941802107,249.77349949540076
Brazil,BRA,2003,14259.3664088286,16.6047591510601,94.5829467773438,28.1403847215489,1.81340059419325,180622688.0,23.1161995816567,23.0838178183236,0.25,0.25,0.75,0.5357143,0.3999999999999999,0.375,0.4722222222222221,19.011920822285454,3.713231858311101,-6.538468023200039
Brazil,BRA,2004,14911.260960772,17.3202333227377,94.5829467773438,29.6782524803495,2.71353208011572,182675143.0,23.2195353331464,24.3066232905778,0.25,0.25,0.75,0.5357143,0.3999999999999999,0.375,0.412037037037037,19.02321996392645,3.734956066458975,651.8945519434001
Brazil,BRA,2005,15221.0138281917,17.0561834601584,94.5829467773438,27.0867952052479,1.73389357182998,184688101.0,23.5943608547398,24.1725782850314,0.25,0.25,0.75,0.5357143,0.3999999999999999,0.375,0.4074074074074074,19.034179025119446,3.711290118844329,309.7528674197001
Brazil,BRA,2006,15657.4795714009,17.2102995751944,94.5829467773438,26.0416998879446,1.753125434984,186653106.0,23.548846005631,23.5440216718081,0.25,0.25,0.75,0.5,0.3999999999999999,0.496,0.4143518518518518,19.04476240931544,3.711760149810612,436.465743209199
Brazil,BRA,2007,16440.5837398046,17.9957613418704,94.5829467773438,25.2926113757805,3.19082655934052,188552320.0,24.1212243014945,23.125380408552,0.25,0.25,0.75,0.5178571,0.4125,0.496,0.3888888888888888,19.05488609132504,3.7462866654579754,783.1041684036991
Brazil,BRA,2008,17113.3679822772,19.3853295545005,94.5829467773438,27.2575694165953,2.99060892561747,190367302.0,24.8662804129767,23.0852937521799,0.25,0.25,0.75,0.5357143,0.4499999999999999,0.496,0.4074074074074074,19.064465937633432,3.7415492769451593,672.7842424726005
Brazil,BRA,2009,16939.4407809047,19.1019580386452,94.5829467773438,22.1059756060711,1.88848240446291,192079951.0,24.3010274140295,21.8785926263801,0.25,0.25,0.75,0.5357143,0.4499999999999999,0.496,0.4444444444444444,19.073422259981363,3.7150620692352234,-173.92720137249853
Brazil,BRA,2010,18062.158110224,20.5346736503101,94.5829467773438,22.7721781132208,3.73001226987179,193701929.0,24.182834770095,23.2679773548596,0.25,0.25,0.75,0.5357143,0.5,0.5706667,0.4444444444444444,19.081831092189226,3.7589339569640297,1122.717329319301
Brazil,BRA,2011,18627.8104527933,20.6089642091972,94.5829467773438,23.9344051765103,3.91517954138648,195284734.0,23.9090812385977,23.1020509677218,0.25,0.25,0.75,0.4642856999999999,0.5,0.5706667,0.4444444444444444,19.08996923098976,3.7632406550625612,565.6523425692976
Brazil,BRA,2012,18832.2195524356,20.7167127710863,94.5829467773438,25.1142736103322,3.75496210868766,196876111.0,23.8203108792852,22.1336473645034,0.25,0.25,0.75,0.4642856999999999,0.5,0.5706667,0.4259259259259259,19.098085215782188,3.7595153331234097,204.40909964230013
Brazil,BRA,2013,19241.5059814525,20.9119218716012,104.086219787598,25.7859573281452,3.04150922966082,198478299.0,23.6555352577017,21.2248099504522,0.25,0.5,0.5625,0.4642856999999999,0.475,0.4873332999999999,0.4166666666666667,19.106190332216418,3.7427557681469175,409.2864290169018
Brazil,BRA,2014,19183.1727445223,19.873028904781,102.780311584473,24.685405813292,3.57135261310663,200085127.0,23.5736439351302,20.4724627475115,0.25,0.5,0.5625,0.4642856999999999,0.475,0.496,0.4143518518518518,19.1142534739533,3.755228971451941,-58.333236930200655
Brazil,BRA,2015,18357.0690615421,17.8358070494598,101.086227416992,26.9536259372369,3.59214973121732,201675532.0,22.8198148101811,19.3600439809564,0.25,0.5,0.5,0.4642856999999999,0.475,0.482,0.3888888888888888,19.122170691649817,3.7557154036408478,-826.1036829801997
Brazil,BRA,2016,17620.9272434403,15.524327323785,102.692901611328,24.5336820770756,4.13737853830264,203218114.0,21.3696192250729,18.3547582770536,0.25,0.5,0.5625,0.4642856999999999,0.5,0.5633332999999999,0.3888888888888888,19.129790418317146,3.768384288831086,-736.1418181018016
Brazil,BRA,2017,17724.4799577815,14.5589865164471,102.989486694336,24.3197343741684,3.33826028420938,204703445.0,20.9444754522106,18.1885023085758,0.25,0.5,0.5625,0.4642856999999999,0.475,0.5619999999999999,0.3888888888888888,19.137072884881615,3.749760831632428,103.55271434120004
Bhutan,BTN,1996,4616.91979198439,37.7573590324235,23.7952499389648,84.629491433895,0.461424354408845,548784.0,5.04188873598666,34.0803542802583,0.625,0.625,0.75,0.5416667,0.6875,0.5625,0.4444444444444444,13.21546202265876,3.6796892933686527,
Bhutan,BTN,1997,4778.70511731732,32.6782189150979,23.7952499389648,85.2114372285036,-0.198734302841513,558697.0,5.08543406970093,33.7665795255564,0.625,0.625,0.75,0.5416667,0.6875,0.5625,0.4444444444444444,13.233364355702154,3.6628926770679517,161.78532533293037
Bhutan,BTN,1998,4965.87646031681,34.1713044397923,23.7952499389648,85.5831350923996,0.17523682435227,569435.0,5.19362612001086,32.9264502907497,0.625,0.625,0.75,0.5416667,0.6875,0.5625,0.4444444444444444,13.25240167627428,3.672442353564936,187.17134299948975
Bhutan,BTN,1999,5241.36663790737,40.0343775191559,27.1374893188477,85.866205982457,0.263020421489478,582579.0,5.26652688247049,36.1222941756292,0.5625,0.625,0.78125,0.5416667,0.6875,0.5625,0.4444444444444444,13.275221794047642,3.6746708293872365,275.49017759056005
Bhutan,BTN,2000,5287.57434721684,52.3538771979134,30.5185794830322,74.0264971104432,1.3776445138983753,596863.0,5.40362412057109,33.3183174679356,0.5,0.625,0.8125,0.5416667,0.6875,0.5625,0.4444444444444444,13.299444560727938,3.7025431232723305,46.207709309469465
Bhutan,BTN,2001,5545.6305511084,62.2382539688473,33.8684310913086,71.0945747295588,1.3776445138983753,610794.0,5.51149363512123,35.4249844481953,0.5,0.625,0.8125,0.5416667,0.6875,0.5625,0.4444444444444444,13.322516666307516,3.7025431232723305,258.0562038915605
Bhutan,BTN,2002,5991.25497571775,67.9348687478544,33.8684310913086,70.2833172005966,0.433615900118682,624409.0,5.63212013611481,35.7295816748361,0.5,0.625,0.8125,0.5416667,0.6875,0.5625,0.4444444444444444,13.344562482869929,3.678987417201223,445.62442460935017
Bhutan,BTN,2003,6323.5411950973,66.5147789263835,33.8684310913086,72.8499006593611,0.516969908871867,637663.0,5.66259524038513,36.1445809474928,0.75,0.625,0.875,0.625,0.6875,0.5,0.4444444444444444,13.36556677783231,3.681089771738406,332.28621937954995
Bhutan,BTN,2004,6517.99683290216,68.9344332604568,33.8684310913086,89.0605518004294,1.20485866433723,650544.0,5.83723461226182,34.5745128686706,0.6464646,0.6060606,0.8838383999999999,0.3838383999999999,0.6111111,0.4393939,0.4444444444444444,13.385565752097767,3.6982729938109244,194.4556378048601
Bhutan,BTN,2005,6850.80441609334,61.7106097285108,43.8849105834961,97.7434135429344,0.721867150911614,661865.0,5.93100991190538,34.0427943524964,0.75,0.625,1.0,0.6666667,0.6875,0.4375,0.4444444444444444,13.402818397511647,3.6862389807562526,332.8075831911792
Bhutan,BTN,2006,7140.85609148376,48.2746970719131,46.4304084777832,108.157794891125,0.649361841531609,670799.0,5.81893025660491,35.6000595350092,0.75,0.625,1.0,0.6666667,0.6875,0.262,0.4444444444444444,13.41622630893119,3.684419901967777,290.0516753904203
Bhutan,BTN,2007,8195.07074477912,40.224760213805,50.2249412536621,106.929022415,5.88132297381915,678641.0,5.81663603531816,41.6218746913227,0.75,0.625,0.75,0.6666667,0.6875,0.262,0.4444444444444444,13.427849021547885,3.8078612422669402,1054.2146532953593
Bhutan,BTN,2008,8470.03471622855,45.2241686023226,53.5040893554688,101.954235669521,0.23863062320184,686351.0,5.92009708066372,40.8156244643724,0.75,0.625,0.875,0.6666667,0.6875,0.409,0.4444444444444444,13.439145894640738,3.674052167619303,274.9639714494315
Bhutan,BTN,2009,9019.11861272397,49.7747231971075,58.5537414550781,101.559411565244,1.37452904839501,693988.0,6.28059782374422,39.4589101877082,0.375,0.5,0.875,0.1785714,0.425,0.3863333,0.4444444444444444,13.450211389219234,3.70246629066289,549.08389649542
Bhutan,BTN,2010,9985.28455483655,62.7369005914119,62.9354400634766,105.010666693593,4.40487201345335,701632.0,6.74034707025384,39.32493053906,0.375,0.5,0.875,0.1785714,0.425,0.4059999999999999,0.4444444444444444,13.46116575428176,3.774541541478535,966.1659421125787
Bhutan,BTN,2011,10714.686566371,67.7904383722062,66.9861221313477,102.795600221106,1.57461513860453,709377.0,9.2060003096699,37.4178826768856,0.375,0.5,0.875,0.1785714,0.425,0.4023333,0.4444444444444444,13.472143808717853,3.7073888036418867,729.4020115344501
Bhutan,BTN,2012,11143.9445354588,69.154926235591,72.1302185058594,94.0450271469571,1.2354733641673,717279.0,9.9001904949787,38.2126912443455,0.375,0.5,0.875,0.1785714,0.425,0.4049999999999999,0.4444444444444444,13.483221559389266,3.6990309181614722,429.25796908780103
Bhutan,BTN,2013,11212.479426698,63.3505663166277,76.680793762207,95.0525382780424,1.05127659163372,725273.0,10.9581199156372,38.8444853647316,0.375,0.5,0.875,0.1071429,0.4499999999999999,0.494,0.4444444444444444,13.494304793473349,3.6944620878198946,68.53489123920008
Bhutan,BTN,2014,11744.5189124825,54.6280412607061,84.1404190063477,87.9342562013295,1.12656942719562,733139.0,10.8222332512323,37.6449550742574,0.5,0.5,0.875,0.1071429,0.4499999999999999,0.4956666999999999,0.4444444444444444,13.505091958538623,3.696332179965557,532.0394857844985
Bhutan,BTN,2015,12400.2983237391,56.1511418956461,85.2313079833984,89.6391604595496,0.294858179551153,740618.0,9.66117463461481,38.4680946453953,0.5,0.5,0.875,0.4642856999999999,0.575,0.4976666999999999,0.4444444444444444,13.515241602006995,3.675477837615399,655.7794112566007
Bhutan,BTN,2016,13320.9759036882,56.9256652736371,85.6766128540039,76.3847528498375,0.504099187674602,747866.0,10.7802045795907,38.448996403302,0.5,0.5,0.875,0.4642856999999999,0.575,0.4976666999999999,0.4444444444444444,13.524980433660359,3.6807654348584995,920.6775799491006
Bhutan,BTN,2017,13482.3425280358,54.2642033755981,86.5600433349609,76.7884016850221,-0.638806366922729,754335.0,11.7296199321349,39.0388793784971,0.75,0.5,0.875,0.5714286,0.625,0.5026667,0.4444444444444444,13.533593171071674,3.6515369944848075,161.3666243476
Botswana,BWA,1996,11832.9387782379,23.0134844150445,74.405143737793,90.955575275056,1.46835552021692,1535914.0,21.8601921944018,45.4268006627407,0.625,0.5,0.75,0.6785713999999999,0.6,0.5,0.5833333333333334,14.244636852616853,3.704777624673271,
Botswana,BWA,1997,12526.352236393,26.173354139613,74.405143737793,108.604415150755,1.99411258650837,1571691.0,20.7582868185215,45.6943037353092,0.625,0.5,0.75,0.6785713999999999,0.6,0.5,0.5555555555555555,14.267663304021562,3.7176312759953327,693.4134581551007
Botswana,BWA,1998,12306.250477233,28.1125271685438,74.405143737793,101.841039320292,1.98974016992689,1606899.0,19.9112032996541,43.5452627939142,0.625,0.5,0.75,0.6785713999999999,0.6,0.5,0.5555555555555555,14.289817415029844,3.7175250580616925,-220.10175916000117
Botswana,BWA,1999,13207.447346512,26.6799151466402,75.0786209106445,98.9290812021418,0.668732762510087,1641997.0,19.2050988992885,44.8018125970964,0.625,0.5,0.6875,0.6785713999999999,0.6,0.5,0.5555555555555555,14.311424350966972,3.6849062211833647,901.1968692790015
Botswana,BWA,2000,13185.8171514278,25.1424778791029,76.1968231201172,91.924729689918,0.987700169396241,1677382.0,18.5959464711216,46.3005302919992,0.625,0.5,0.625,0.6785713999999999,0.6,0.5,0.5555555555555555,14.332745398748768,3.69288027523316,-21.63019508420075
Botswana,BWA,2001,12949.6403104655,25.9184990909346,75.3002014160156,87.5250655680957,0.558884523880211,1712254.0,21.7782430872194,44.7677938245925,0.625,0.5,0.6875,0.6785713999999999,0.6,0.5,0.5462962962962963,14.353321773190213,3.682145274287707,-236.17684096230005
Botswana,BWA,2002,13479.6960719923,27.4723965597397,75.8795700073242,91.8357740585774,7.50151858437683,1744763.0,20.8012689175968,43.9650990818224,0.625,0.5,0.75,0.6785713999999999,0.6,0.5,0.5277777777777778,14.372129860919422,3.843190945692412,530.0557615268008
Botswana,BWA,2003,13857.2588264737,28.0158528279457,76.5648727416992,85.8340425151264,5.56528127484831,1775736.0,19.8473207443359,39.6164131871252,0.875,0.5,0.875,0.6785713999999999,0.65,0.75,0.5277777777777778,14.389726105982914,3.8008217884556057,377.5627544813997
Botswana,BWA,2004,13984.8415112641,27.8417735642036,78.3988189697266,90.9978228872631,4.36383657370126,1807146.0,17.509394428542,38.8219550208892,0.75,0.5,0.75,0.6785713999999999,0.625,0.625,0.5347222222222222,14.40725991656998,3.773599432616691,127.58268479039907
Botswana,BWA,2005,14361.9576327759,25.3398125302155,79.5636215209961,88.5053520573505,4.24294905100869,1839877.0,15.4138967275084,42.8549522076655,0.875,0.5,0.8125,0.6785713999999999,0.625,0.625,0.5555555555555555,14.425209823039111,3.7708188761592316,377.1161215118009
Botswana,BWA,2006,15275.5828811117,20.2615313733541,81.6948394775391,86.612433913524,4.90881469396689,1874516.0,13.5018927887087,46.6243434434334,0.625,0.5,0.9375,0.6428571,0.6,0.5866667,0.5648148148148148,14.44386158420207,3.7860394657441026,913.6252483358003
Botswana,BWA,2007,15850.2343496231,24.5679225916934,82.4867095947266,98.4965249407252,4.6808134501234,1911201.0,14.1688841188089,45.484421235941,0.625,0.5,0.9375,0.6607143,0.6,0.5866667,0.6041666666666666,14.463242921456144,3.7808537734868013,574.6514685113998
Botswana,BWA,2008,16040.3153236098,25.3857502822094,77.806510925293,99.008222007989,4.85440497340622,1949970.0,14.8675095241483,41.10966210137,0.625,0.5,0.9375,0.6785713999999999,0.6,0.5823332999999999,0.5555555555555556,14.483325058634472,3.7848044041703064,190.08097398669997
Botswana,BWA,2009,13489.9509168296,28.3351035255209,77.806510925293,88.4807886337378,2.06256005196384,1990673.0,15.5547672665578,32.9148698460083,0.625,0.5,0.9375,0.6785713999999999,0.6,0.5823332999999999,0.5555555555555556,14.503983832824327,3.719292582724614,-2550.3644067801997
Botswana,BWA,2010,14545.0198074427,26.7648941191754,77.806510925293,94.6390020873926,1.7280613479871,2033111.0,15.8071706352638,37.2789379627304,0.625,0.5,0.875,0.6785713999999999,0.6,0.5876667,0.5555555555555556,14.525078182091555,3.711147534341345,1055.0688906131
Botswana,BWA,2011,15236.7188843522,30.1982921302029,77.806510925293,98.9614677801469,1.94040749024403,2073535.0,16.0210352388849,41.4322152540452,0.625,0.5,0.875,0.6785713999999999,0.6,0.5876667,0.5555555555555556,14.544765920466252,3.7163258502027365,691.6990769094991
Botswana,BWA,2012,14957.6189142932,31.4658317333179,77.806510925293,111.875280620952,1.05040106491218,2108617.0,16.0295486923599,37.5753342991212,0.625,0.5,0.875,0.6785713999999999,0.6,0.595,0.5555555555555556,14.561543314558246,3.694440321268144,-279.09997005900004
Botswana,BWA,2013,16369.4252971454,27.5897535163848,77.806510925293,125.78303991122,0.470417841005353,2140682.0,16.1766699235848,39.106229887551,0.625,0.5,0.875,0.6428571,0.6,0.5993333,0.5555555555555556,14.576635494956179,3.6799161806063165,1411.8063828522008
Botswana,BWA,2014,17052.1924105361,25.4354374358833,77.806510925293,119.497541791464,3.33019730942426,2172044.0,16.276116818654,41.7777034040156,0.625,0.5,0.875,0.6071428999999999,0.6,0.5956667,0.5578703703703703,14.591179678053388,3.7495711452940266,682.7671133906988
Botswana,BWA,2015,15994.9643042101,27.1032856794333,77.806510925293,112.900891016005,2.79773267452093,2203273.0,16.2357247638502,37.5439994873569,0.625,0.5,0.875,0.6071428999999999,0.6,0.5956667,0.5833333333333334,14.605454993901557,3.736964272172015,-1057.2281063259998
Botswana,BWA,2016,16905.588740873,24.5191722710084,77.806510925293,100.464689766026,0.944944816734731,2234776.0,16.3440689012156,40.3451621913098,0.625,0.5,0.875,0.6071428999999999,0.6,0.5956667,0.5833333333333334,14.619652004765468,3.691815092180292,910.6244366629016
Botswana,BWA,2017,17352.8958451454,24.1791764530728,77.806510925293,81.9239513763494,1.61796092921322,2266747.0,16.3889849152518,37.1010050249191,0.625,0.5,0.875,0.6071428999999999,0.6,0.5936667,0.5648148148148148,14.63385676318741,3.7084520099294114,447.3071042723968
Central African Republic,CAF,1996,1247.9687525828,6.69601464877468,10.9798498153687,47.0844050293092,1.08411154913108,3435965.0,17.0117493912263,24.5736807244034,0.125,0.25,0.1875,0.25,0.1875,0.1875,0.4444444444444444,15.049808666810318,3.6952780588916827,
Central African Republic,CAF,1997,1278.48826062781,7.83858396473066,10.9798498153687,55.8185083614851,0.159683663271446,3531700.0,16.8983260650149,24.5736807244034,0.125,0.25,0.1875,0.25,0.1875,0.1875,0.4444444444444444,15.077290182535949,3.672047002359553,30.519508045009843
Central African Republic,CAF,1998,1302.75142830782,8.24993910805123,10.9798498153687,51.0495318767161,0.75470901166624,3628827.0,16.7799318112967,24.5736807244034,0.125,0.25,0.1875,0.25,0.1875,0.1875,0.4444444444444444,15.10442028909513,3.6870618594337627,24.263167680010156
Central African Republic,CAF,1999,1313.23570902088,12.9619643989924,10.9798498153687,43.212343897896,0.598007452503247,3729450.0,16.6705769236305,24.5736807244034,0.125,0.25,0.1875,0.25,0.1875,0.1875,0.4444444444444444,15.13177159580063,3.683129471770203,10.484280713059889
Central African Republic,CAF,2000,1245.81399563599,11.0722959362908,10.9798498153687,45.6597819937269,0.096977752043516,3833416.0,16.5288015125937,24.5736807244034,0.125,0.25,0.1875,0.25,0.1875,0.1875,0.4444444444444444,15.15926713051414,3.6704514717076115,-67.42171338488993
Central African Republic,CAF,2001,1272.85710758505,10.2408292129649,10.9798498153687,39.7304997372329,0.555825631817538,3919487.0,16.4227969930975,24.5736807244034,0.1875,0.25,0.1875,0.29166665,0.21875,0.21875,0.4444444444444444,15.181471590991226,3.6820682823062265,27.04311194905995
Central African Republic,CAF,2002,1290.38314917126,9.62494666555282,10.9962396621704,36.1085647794782,0.566657013276163,4006077.0,16.3016516647849,24.5736807244034,0.25,0.25,0.1875,0.3333333,0.25,0.25,0.4444444444444444,15.203323265812157,3.6823408803398836,17.526041586209885
Central African Republic,CAF,2003,1191.8731520062,6.4047925068294,10.9962396621704,36.2312260023474,0.989218808380309,4103086.0,16.1078304284169,24.5736807244034,0.25,0.25,0.3125,0.25,0.125,0.1875,0.4444444444444444,15.227250175196597,3.6929180889011906,-98.50999716505999
Central African Republic,CAF,2004,1236.28534712166,6.81213802638146,10.9962396621704,33.2439549188203,1.1867705571186,4192826.0,16.044318555822,24.5736807244034,0.2222221999999999,0.2121211999999999,0.3787878999999999,0.2525253,0.1767677,0.2575757999999999,0.4444444444444444,15.24888576606012,3.6978249186550682,44.41219511546001
Central African Republic,CAF,2005,1219.5939445674,9.86481735599986,10.9962396621704,35.0709368656226,0.754917589946925,4288810.0,15.9221630286172,24.5736807244034,0.25,0.25,0.375,0.25,0.25,0.25,0.4444444444444444,15.271520096312171,3.687067083363523,-16.691402554259867
Central African Republic,CAF,2006,1251.87082171335,10.2342110190608,10.9962396621704,36.3958702287378,2.37163652036171,4377579.0,15.8374071501031,24.5736807244034,0.25,0.25,0.25,0.3333333,0.1875,0.161,0.4444444444444444,15.292006618246427,3.7267600811586497,32.27687714595004
Central African Republic,CAF,2007,1284.55283590666,10.6872405778362,10.9962396621704,37.5808990187896,3.33860588929027,4462770.0,15.751815916283,24.5736807244034,0.316,0.2416666999999999,0.25,0.3333333,0.753,0.161,0.4444444444444444,15.31128043151746,3.749768961395998,32.6820141933099
Central African Republic,CAF,2008,1283.2728263106,12.7283872854476,10.9962396621704,34.4375218095517,5.87486387887319,4558984.0,15.6109448457243,24.5736807244034,0.315,0.2516666999999999,0.25,0.3333333,0.7525,0.186,0.4444444444444444,15.332610568994948,3.807717868506552,-1.2800095960599265
Central African Republic,CAF,2009,1402.68164770801,12.9217423859069,11.9955196380615,31.4942464896799,2.04509891475672,4529047.0,15.5652793926645,24.5736807244034,0.125,0.0,0.1875,0.3928570999999999,0.2249999999999999,0.062,0.4444444444444444,15.326022320848274,3.7188690409544414,119.40882139740984
Central African Republic,CAF,2010,1479.41367757692,16.1364232338687,11.9955196380615,34.4304819543042,2.8712892233531,4492995.0,15.4699427910343,24.5099241422375,0.125,0.0,0.25,0.3928570999999999,0.2249999999999999,0.0606667,0.4444444444444444,15.318030297778142,3.7387153203338563,76.7320298689101
Central African Republic,CAF,2011,1517.14839091011,13.4133986017882,15.9189596176147,34.4756183327299,1.5138934301082,4565021.0,15.4017541671863,26.6383554299084,0.125,0.0,0.25,0.3928570999999999,0.2249999999999999,0.0606667,0.4444444444444444,15.333933891276702,3.7058974890148457,37.73471333319003
Central African Republic,CAF,2012,1577.98053252253,10.7696005106273,15.6197595596313,33.0594485943314,2.79010478789883,4610848.0,15.3249073489705,27.5230753744847,0.125,0.0,0.1875,0.3571429,0.1999999999999999,0.0663333,0.4444444444444444,15.343922562875568,3.7367825111587636,60.832141612419946
Central African Republic,CAF,2013,996.896355923912,6.34984852529107,15.6197595596313,38.3992875721315,0.109532467338194,4642419.0,14.9830569420102,24.1910676004515,0.125,0.0,0.0,0.3571429,0.0499999999999999,0.0496667,0.4444444444444444,15.350746339965747,3.6707711260690505,-581.084176598618
Central African Republic,CAF,2014,1001.85598053496,21.1559057609307,15.6197595596313,53.0950920179825,0.18339589636816,4623182.0,14.7965361767389,19.4826086120024,0.125,0.0,0.0,0.3571429,0.0499999999999999,0.0496667,0.4444444444444444,15.346593986872179,3.6726496893636065,4.959624611048071
Central African Republic,CAF,2015,1043.92171697157,20.5727753662507,15.6197595596313,53.1451477769621,0.176904971713319,4629320.0,14.7258080515527,22.1252513485047,0.0,0.0,0.0,0.2857143,0.075,0.1356667,0.4444444444444444,15.347920763040102,3.6724847475026836,42.065736436609996
Central African Republic,CAF,2016,1073.94477703739,20.8776384260612,13.9465503692627,50.53064402191,0.397590019652539,4713663.0,14.6397731960995,21.6382374370791,0.0,0.0,0.0625,0.2857143,0.075,0.1369999999999999,0.4444444444444444,15.365976082890791,3.6780774028076677,30.02306006581989
Central African Republic,CAF,2017,1103.86609318724,24.2380273309599,15.8074398040772,57.1435457117119,0.332412482969051,4793511.0,14.5525263729876,20.7372245546503,0.0,0.0,0.0625,0.2857143,0.075,0.1339999999999999,0.4444444444444444,15.382773894886062,3.6764289096865683,29.9213161498501
China,CHN,1996,3055.96977919745,31.9095811418268,52.3077697753906,33.6287512313005,4.62623979720429,1217550000.0,23.4996377291564,46.8452924072089,0.25,0.5,0.4375,0.3928570999999999,0.3,0.125,0.5972222222222222,20.92010648066089,3.779608543805638,
China,CHN,1997,3305.79061082131,31.2502337176691,54.7360382080078,34.3135763220021,4.69530688267996,1230075000.0,23.6998548750409,46.7996577986912,0.25,0.375,0.4375,0.3928570999999999,0.3249999999999999,0.125,0.5555555555555556,20.930340980894513,3.7811842157337407,249.82083162386016
China,CHN,1998,3533.56587021506,33.0698931681417,54.7360382080078,32.1717399357488,4.40097362165008,1241935000.0,23.5004273116616,45.4411323152105,0.25,0.25,0.4375,0.3928570999999999,0.35,0.125,0.5555555555555556,20.939936484949733,3.7744520787069757,227.77525939374982
China,CHN,1999,3774.13766362641,32.675048616256,58.6365814208984,33.2255380760054,3.71556393762674,1252735000.0,23.000533231137,44.9555391671381,0.25,0.25,0.40625,0.4107142499999999,0.35,0.125,0.5555555555555556,20.948594998872725,3.758597130207362,240.57179341134997
China,CHN,2000,4066.03627019859,32.6471790154044,59.4924812316895,39.0109424774998,3.43984725315719,1262645000.0,24.6470198851309,45.0738315177586,0.25,0.25,0.375,0.4285714,0.35,0.125,0.4907407407407407,20.956474564796,3.752147648899147,291.89860657218014
China,CHN,2001,4372.15705579934,33.4598817910203,62.2098388671875,38.0826469518334,3.47245235578959,1271850000.0,22.2999534859973,44.276543602601,0.1875,0.25,0.40625,0.39285715,0.3249999999999999,0.125,0.4444444444444444,20.963738371168652,3.752912509788917,306.12078560074997
China,CHN,2002,4744.39855079794,34.9878641071948,62.8378982543945,42.1944423387413,3.56241418263928,1280400000.0,21.4001070576635,43.8758028122184,0.125,0.25,0.4375,0.3571429,0.3,0.125,0.4722222222222221,20.970438366840987,3.7550198341705308,372.2414949985996
China,CHN,2003,5192.00604608587,38.0846809344133,64.0541305541992,51.0774801301803,3.43849537731211,1288400000.0,21.6000317879629,44.9827621327146,0.125,0.25,0.4375,0.3928570999999999,0.3,0.125,0.5231481481481481,20.976666976197475,3.7521159235304378,447.60749528793076
China,CHN,2004,5684.16873050981,39.3505370582361,64.0541305541992,58.6403340408439,3.43299015092913,1296075000.0,22.4994633352348,45.2328326582556,0.125,0.25,0.4375,0.4285714,0.3,0.125,0.5277777777777778,20.982606304344,3.751986718328936,492.16268442393994
China,CHN,2005,6298.32318474516,39.2703289759488,64.0541305541992,61.3600749408237,4.49218509012467,1303720000.0,23.8000197014041,46.3816216984585,0.125,0.25,0.4375,0.4642856999999999,0.3,0.125,0.5277777777777778,20.988487554235046,3.776543163219354,614.1544542353495
China,CHN,2006,7057.09993331646,38.5215726233992,74.0575637817383,63.5695798621627,4.44499743873593,1311020000.0,25.1993927171682,46.8865028592172,0.0,0.25,0.4375,0.4642856999999999,0.35,0.1823333,0.5208333333333334,20.994071297904505,3.7754619003789305,758.7767485713002
China,CHN,2007,8013.71568302247,37.6709873123357,78.1607131958008,61.2664640006176,4.33537500236917,1317885000.0,26.799965080269,46.1852362301075,0.0,0.25,0.4375,0.4642856999999999,0.375,0.1823333,0.5347222222222222,20.999294016564452,3.7729454782267795,956.6157497060103
China,CHN,2008,8743.74491232188,38.8030814219879,82.6792526245117,56.7111330003209,3.67520717506325,1324655000.0,27.1998176284931,46.2364191302482,0.0,0.25,0.4375,0.4642856999999999,0.3999999999999999,0.1846667,0.5555555555555556,21.00441788587695,3.7576557116894467,730.029229299409
China,CHN,2009,9518.43214737204,43.4097668520056,88.2874984741211,44.4197644331119,2.52538984334254,1331260000.0,27.8001237336841,45.1788587231356,0.0,0.25,0.375,0.4642856999999999,0.3999999999999999,0.1846667,0.5555555555555556,21.009391699882055,3.7304541991056044,774.6872350501599
China,CHN,2010,10476.3123630451,43.5201821905755,90.7829173331445,49.8540722338977,3.93541996731512,1337705000.0,28.6998228439976,45.7066207106778,0.0,0.25,0.375,0.4642856999999999,0.425,0.188,0.5046296296296297,21.014221296765218,3.7637102928271684,957.8802156730599
China,CHN,2011,11405.0172845617,43.515390928039,92.0329425203903,49.9458272253643,3.65069190228423,1345035000.0,29.5001327749191,45.8002054108107,0.0,0.25,0.375,0.4642856999999999,0.425,0.188,0.4791666666666667,21.019685872709946,3.7570834009978427,928.7049215166007
China,CHN,2012,12217.8543175465,43.8737076505916,92.2603063015232,47.4802130784317,2.78099138181613,1354190000.0,30.2995918411543,44.6820698165478,0.0,0.25,0.4375,0.4642856999999999,0.425,0.1833333,0.4722222222222222,21.026469327293388,3.736565309137894,812.8370329848003
China,CHN,2013,13080.8288162668,44.0755431365052,92.2603063015232,45.9160413795571,2.98598708261986,1363240000.0,30.099901194464,43.3938707801605,0.125,0.25,0.4375,0.4285714,0.425,0.1833333,0.4722222222222222,21.03313005706539,3.741439653161385,862.9744987202994
China,CHN,2014,13968.581485524,43.3803473680085,92.2603063015232,44.0684564812532,2.51155883670463,1371860000.0,29.9004572371177,42.2827157791092,0.25,0.5,0.4375,0.5714286,0.4499999999999999,0.2666667,0.4722222222222222,21.039433320956196,3.730122449700646,887.752669257201
China,CHN,2015,14856.7807604461,41.6166710438192,92.2603063015232,38.6971848362625,2.14957284731563,1379860000.0,29.2998175326072,40.0475902161032,0.25,0.5,0.4375,0.5714286,0.4499999999999999,0.2713333,0.4722222222222222,21.045247882418547,3.7214005169880235,888.199274922099
China,CHN,2016,15772.7647598696,41.0805800894123,92.2603063015232,36.177170692978,1.52539470315394,1387790000.0,29.6444492814543,38.811156093921,0.25,0.5,0.4375,0.6071428999999999,0.4499999999999999,0.2713333,0.4722222222222222,21.050978391475102,3.706180129069235,915.9839994235008
China,CHN,2017,16757.9736318662,41.4184897995936,92.2603063015232,36.95085261586,1.32468971748482,1396215000.0,29.9706060456204,39.129944350895,0.25,0.5,0.5,0.5714286,0.4499999999999999,0.2699999999999999,0.4722222222222222,21.057030841605584,3.7012363658271545,985.2088719965996
Cote d'Ivoire,CIV,1996,4807.42428178026,19.1935052530133,21.0010890960693,52.8042944211567,1.48963672945104,15442312.0,13.6279610319195,13.7159570722429,0.5,0.5,0.875,0.3214286,0.3,0.25,0.5833333333333334,16.552621897040634,3.7053011264267233,
Cote d'Ivoire,CIV,1997,5072.59703802667,18.0276617984084,21.0010890960693,54.0062903380367,2.30201825162195,16047170.0,13.8456707437012,15.3610277897039,0.375,0.375,0.71875,0.3214286,0.2499999999999999,0.1875,0.4930555555555555,16.59104313032214,3.7250829152674183,265.17275624641024
Cote d'Ivoire,CIV,1998,5093.13169438529,18.2057867732971,21.0010890960693,53.6538337944761,3.87417179081598,16663948.0,13.8138553474837,14.6421531392277,0.25,0.25,0.5625,0.3214286,0.1999999999999999,0.125,0.4444444444444444,16.62875820142858,3.762288477281492,20.53465635861994
Cote d'Ivoire,CIV,1999,4987.35708530265,19.2663343638215,21.0010890960693,55.8935626908747,1.24714569492904,17215935.0,13.7096194857004,14.3674680263112,0.125,0.125,0.28125,0.2857143,0.1249999999999999,0.0625,0.4444444444444444,16.66134602446462,3.699319737422061,-105.77460908263947
Cote d'Ivoire,CIV,2000,4838.34023729938,16.3620680520966,21.0010890960693,54.9639916295152,1.41578193433815,17699004.0,13.5019040836553,13.9368025202647,0.0,0.0,0.0,0.25,0.0499999999999999,0.0,0.2962962962962963,16.689018981274685,3.703483177963289,-149.01684800327075
Cote d'Ivoire,CIV,2001,4609.14469395303,15.3407682455697,21.0010890960693,53.1141047180447,1.62207726789971,18178913.0,13.1933245950907,14.1786160309594,0.0,0.0,0.03125,0.25,0.0499999999999999,0.0,0.3240740740740741,16.715772908955746,3.7085529187067627,-229.19554334634995
Cote d'Ivoire,CIV,2002,4368.92808837279,15.4588639483726,21.0010890960693,55.9019482275388,1.17744492416162,18654771.0,12.8956879686377,14.5005281247497,0.0,0.0,0.0625,0.25,0.0499999999999999,0.0,0.3055555555555556,16.74161254263829,3.697593827384219,-240.21660558023996
Cote d'Ivoire,CIV,2003,4060.00038038427,12.8438507998715,21.0010890960693,53.260060681877,0.778244315036861,19125542.0,12.4978458931601,15.2123312134125,0.0,0.0,0.0,0.25,0.0499999999999999,0.0,0.3055555555555556,16.76653532943069,3.6876511387723983,-308.9277079885196
Cote d'Ivoire,CIV,2004,4088.94517328472,13.4933313574459,21.0010890960693,58.1182963035946,1.20362782194335,19595000.0,12.4983283690032,15.5260750475447,0.0,0.0,0.0,0.2857143,0.125,0.0,0.2777777777777778,16.790785040649293,3.698242509982266,28.94479290045001
Cote d'Ivoire,CIV,2005,4032.24588029846,13.7374737553324,21.0010890960693,62.8209360402806,1.45218108383072,20068458.0,12.3835220911793,16.2241764456125,0.0,0.0,0.0,0.25,0.125,0.0,0.2222222222222222,16.814659936559117,3.70437956231427,-56.699292986259934
Cote d'Ivoire,CIV,2006,4049.26032962496,14.2436392038274,21.0010890960693,63.690377061452,1.38823180058485,20546802.0,12.3369447855705,16.5839543942617,0.125,0.0,0.0625,0.2857143,0.15,0.1959999999999999,0.2222222222222222,16.838215915027817,3.7028041794271878,17.014449326499744
Cote d'Ivoire,CIV,2007,3999.69095682208,16.6971471423806,21.0010890960693,61.4309423484426,1.54311664780089,21030558.0,12.1875119951209,16.483170824856,0.125,0.0,0.0625,0.2857143,0.15,0.1959999999999999,0.224537037037037,16.861487128400267,3.706615483789148,-49.569372802880025
Cote d'Ivoire,CIV,2008,4096.72346918931,16.1177834623712,21.0010890960693,61.9406212969499,1.37441880759786,21514439.0,12.2007072212385,17.4088361491375,0.25,0.0,0.0625,0.2857143,0.175,0.1923332999999999,0.2731481481481481,16.884234895563782,3.702463571831622,97.03251236723008
Cote d'Ivoire,CIV,2009,4151.05360874982,16.1081607755506,21.0010890960693,66.6729037469185,1.17339078576713,21997940.0,12.1562673085162,18.0163071461274,0.25,0.25,0.3125,0.2857143,0.25,0.2756667,0.2777777777777778,16.906459416033595,3.6974933482711294,54.33013956051036
Cote d'Ivoire,CIV,2010,4338.65248394142,20.7031739690787,21.0010890960693,67.472940081257,1.02606239201511,22488065.0,12.1665958879805,15.9765793754723,0.25,0.25,0.375,0.3214286,0.25,0.2673333,0.2569444444444445,16.928495326462812,3.6938350455159994,187.5988751915993
Cote d'Ivoire,CIV,2011,4017.40782040208,17.8470592312248,21.0010890960693,64.7159030611345,0.822954277239134,22982000.0,11.4676349176964,16.7624007263304,0.25,0.25,0.1875,0.3214286,0.2249999999999999,0.2693333,0.25,16.95022190231203,3.6887696358681645,-321.24466353933985
Cote d'Ivoire,CIV,2012,4234.18055593319,17.1122715372663,21.0010890960693,70.3010893191249,0.909737108884904,23467078.0,11.5126063132637,17.7324551897287,0.25,0.25,0.3125,0.3214286,0.2249999999999999,0.2749999999999999,0.2314814814814814,16.97110910332852,3.6909370942948394,216.7727355311099
Cote d'Ivoire,CIV,2013,4597.18635239866,20.7312022243429,21.0010890960693,58.3526792527234,0.953203642314205,23939775.0,11.7220472560317,18.9795295741683,0.25,0.25,0.5,0.3214286,0.2249999999999999,0.2749999999999999,0.2222222222222222,16.991051901325182,3.692020936398144,363.00579646547067
Cote d'Ivoire,CIV,2014,4907.57450294516,22.476070174363,40.4629922041554,53.6804175610344,0.899528920528967,24527395.0,10.1066721231855,19.8455486242141,0.25,0.25,0.5,0.3214286,0.25,0.2843333,0.2268518518518518,17.015301254872075,3.6906823817290295,310.3881505464997
Cote d'Ivoire,CIV,2015,5110.86240809881,23.5616684954464,43.9865647318392,52.7153604615931,1.07914154751206,25246342.0,8.56257051615539,20.1215578301808,0.25,0.25,0.4375,0.3214286,0.3,0.2769999999999999,0.25,17.044191871513355,3.6951545937184838,203.28790515365017
Cote d'Ivoire,CIV,2016,5320.84646239855,23.2965012963668,46.2425069943643,47.5663138935656,1.19375800859004,25989405.0,7.34008283244829,20.820713814142,0.25,0.25,0.4375,0.3214286,0.3,0.2936667,0.25,17.073199551412287,3.6979980342750167,209.9840542997399
Cote d'Ivoire,CIV,2017,5556.11366322898,21.9109187509615,49.0863555848622,48.6596050387177,1.85673486381973,26733372.0,8.32184628470563,19.8085626532407,0.25,0.25,0.3125,0.3214286,0.3,0.2976667,0.25,17.101423267958054,3.7142885928147815,235.26720083042983
Cameroon,CMR,1996,3577.59204137871,17.5149925796729,24.5228691101074,45.1156121020442,0.941242103821204,13414757.0,13.4035620649917,29.826629188602,0.0,0.0,0.0625,0.2142857,0.0499999999999999,0.0,0.5833333333333334,16.411866002171134,3.691722791445013,
Cameroon,CMR,1997,3641.70750463277,18.1600090472405,24.5228691101074,48.4696352704455,1.38667291495375,13775214.0,13.3903473998666,28.407483771746,0.0625,0.125,0.21875,0.25,0.1124999999999999,0.0,0.4861111111111111,16.43838152086693,3.702765745463357,64.11546325406016
Cameroon,CMR,1998,3714.13212604236,18.5651271058019,25.418830871582,42.2946538344074,0.488852764808766,14144860.0,13.3685305246539,27.5442174044136,0.125,0.25,0.375,0.2857143,0.175,0.0,0.3611111111111111,16.4648619358756,3.6803810951122786,72.42462140959015
Cameroon,CMR,1999,3780.06217282191,17.5094465128878,26.9488792419434,37.2383798464814,0.302700390243536,14525140.0,13.3024234252584,27.4605534316155,0.125,0.25,0.46875,0.2857143,0.175,0.0,0.3611111111111111,16.491391568056166,3.6756765182869047,65.93004677954968
Cameroon,CMR,2000,3822.94425358926,17.4902233300344,28.4606399536133,47.9279442460149,1.51144473289681,14912631.0,13.1707429117731,28.4827009917297,0.125,0.25,0.5625,0.2857143,0.175,0.0,0.3194444444444444,16.517719196983666,3.7058373027591456,42.88208076735009
Cameroon,CMR,2001,3884.87304812714,19.2315853241924,33.5832786560059,51.5722691890366,-0.10652670822566,15309490.0,12.991014869017,26.1843316001578,0.0625,0.25,0.46875,0.26785715,0.15,0.0,0.3055555555555555,16.543983520836914,3.66525576225029,61.928794537880094
Cameroon,CMR,2002,3951.41936232132,19.5149001227028,29.3418807983398,48.4817227279603,4.06898458469026,15725528.0,12.4395530723575,27.4755881959079,0.0,0.25,0.375,0.25,0.125,0.0,0.3055555555555555,16.570796000684467,3.766803869454518,66.54631419418001
Cameroon,CMR,2003,4054.78133246517,18.3633231453087,30.9356803894043,40.2431925894529,2.09694383064128,16160340.0,11.9579430280616,28.4233912786935,0.125,0.25,0.375,0.25,0.15,0.125,0.3055555555555555,16.59807071231974,3.7201260803236464,103.36197014385016
Cameroon,CMR,2004,4222.96638689885,18.8910238024988,27.5096206665039,41.8377424272557,0.361118040793554,16610487.0,11.5881149690476,27.6768854698155,0.125,0.25,0.375,0.25,0.15,0.125,0.3055555555555555,16.62554486104953,3.677155275614486,168.18505443367985
Cameroon,CMR,2005,4199.72270969362,18.5802837690659,28.0079002380371,44.9976813478478,1.24860831295214,17074594.0,11.1047650819234,27.9657412557505,0.0,0.25,0.375,0.25,0.125,0.0,0.3055555555555555,16.65310224425257,3.699355922450181,-23.243677205229687
Cameroon,CMR,2006,4241.51744722821,17.8556782062501,24.4080104827881,47.1044341803567,0.282739555044298,17550407.0,11.139743756639,28.704565046287,0.25,0.25,0.5,0.25,0.1999999999999999,0.1923332999999999,0.3518518518518518,16.68058775546917,3.6751707372945353,41.79473753458933
Cameroon,CMR,2007,4302.6192630847,18.583050782478,33.4497184753418,53.2156908605178,0.792290665611713,18049896.0,11.1688902319709,27.1251768898711,0.25,0.25,0.5,0.2678571,0.2375,0.2756667,0.3819444444444444,16.70865053635569,3.6880026673420745,61.10181585649025
Cameroon,CMR,2008,4300.26640352464,19.8958104973389,37.8488082885742,56.9244171562734,0.0757546676819469,18574056.0,11.4952204181396,27.6000470998579,0.25,0.25,0.4375,0.2857143,0.2749999999999999,0.3653332999999999,0.4282407407407407,16.73727638011924,3.6699108803943545,-2.3528595600600966
Cameroon,CMR,2009,4286.57718166156,18.5992432101758,41.7743606567383,42.1761073594765,2.671669501987,19113974.0,11.7959221259678,26.5112531811637,0.25,0.25,0.375,0.2857143,0.25,0.282,0.4444444444444444,16.765930300865584,3.7339561302925386,-13.689221863080093
Cameroon,CMR,2010,4286.58302947378,18.5258358699339,41.7743606567383,47.2385853965951,1.94952386693621,19668066.0,12.1331557008069,25.8445117305141,0.25,0.25,0.3125,0.25,0.25,0.2803333,0.3888888888888888,16.794506914056875,3.716547564810017,0.005847812220054038
Cameroon,CMR,2011,4307.85195558527,18.9348906367022,49.8732461065506,51.521987603918,2.13270391251932,20232304.0,12.5413449029235,25.7767597299444,0.25,0.25,0.3125,0.2142857,0.25,0.2803333,0.375,16.82279114234682,3.720992204548723,21.268926111490146
Cameroon,CMR,2012,4382.11120797355,18.1966579785064,53.102088720007,50.0360127271229,1.7488404761216,20809529.0,13.0506119821267,26.624872181086,0.125,0.25,0.3125,0.2142857,0.25,0.2813333,0.3564814814814814,16.850921612819235,3.711655443600087,74.2592523882804
Cameroon,CMR,2013,4473.57231896434,18.3935437647231,54.9012784916851,49.6745363462134,1.62296806273401,21402376.0,13.6063630456596,26.7419459294765,0.125,0.25,0.3125,0.1785714,0.2249999999999999,0.2006667,0.3472222222222221,16.87901254859009,3.7085747544953014,91.46111099079008
Cameroon,CMR,2014,4588.4864949903,19.436913998152,59.1253563645436,50.8323893087648,1.99484327731063,22059893.0,14.0777896687035,25.7078027839026,0.125,0.25,0.3125,0.1785714,0.2249999999999999,0.1969999999999999,0.3472222222222221,16.909271766701025,3.717649025369204,114.91417602595993
Cameroon,CMR,2015,4698.66677843587,18.6117816287166,60.4960883608074,45.5401468279393,2.15564021048479,22763414.0,14.2603724295916,25.0914880063978,0.125,0.25,0.3125,0.1785714,0.25,0.2886667,0.3472222222222221,16.94066519990367,3.721547336710751,110.18028344556933
Cameroon,CMR,2016,4767.13186148953,19.4576148812245,61.4037045147156,40.6386315268268,1.96334943457327,23454161.0,14.3702312407948,24.1821445706245,0.125,0.25,0.3125,0.1785714,0.25,0.282,0.3472222222222221,16.97055852111667,3.7168837153984677,68.46508305366024
Cameroon,CMR,2017,4797.97544185544,19.2961406888504,61.4037045147156,39.1990216052629,2.25620975874553,24128601.0,14.4308541646727,24.2621952863109,0.125,0.25,0.3125,0.1785714,0.25,0.287,0.3287037037037037,16.99890849974382,3.7239778116593154,30.843580365910384
"Congo, Dem. Rep.",COD,1996,1322.58011961553,27.0957059486157,33.6185607910156,60.3162567434145,0.429527590786065,45296124.0,8.92636118495068,32.3539577528642,0.0,0.25,0.1767677,0.1818181999999999,0.1666667,0.25,0.1388888888888888,17.628732045955584,3.6788841880801293,
"Congo, Dem. Rep.",COD,1997,1228.39076846803,2.50000003125,33.6185607910156,33.750000421875,-0.728142744101784,46029902.0,8.64571218714684,21.250000265625,0.08333335,0.125,0.2095959499999999,0.0909090999999999,0.1666667,0.16666665,0.1875,17.644801808469893,3.6492159156685346,-94.18935114750002
"Congo, Dem. Rep.",COD,1998,1176.05049796489,2.10000002102123,33.6185607910156,62.6793067265869,0.986360812284015,47297600.0,8.55243307391552,20.4456503112709,0.1666667,0.0,0.2424241999999999,0.0,0.1666667,0.0833333,0.1851851851851852,17.67197013335985,3.692846924444804,-52.34027050314012
"Congo, Dem. Rep.",COD,1999,1088.65043725373,3.06901067065956,33.6185607910156,41.1776608191529,0.236879334969256,48912971.0,8.44147549430191,18.7144488639215,0.1666667,0.0,0.3181817999999999,0.0,0.1666667,0.0833333,0.1111111111111111,17.705553195339245,3.6740077304182623,-87.40006071116
"Congo, Dem. Rep.",COD,2000,981.422080026496,14.4183111720954,33.6185607910156,27.0144029227569,0.493452281553792,50507442.0,8.34501788787117,22.4057063027137,0.1666667,0.0,0.3939394,0.0,0.1666667,0.0833333,0.1111111111111111,17.73763126952393,3.680497057679722,-107.22835722723391
"Congo, Dem. Rep.",COD,2001,930.8578260745,6.66278790417492,33.6185607910156,25.0419375138391,1.37428477040761,52132646.0,8.23518544433851,30.0162665475473,0.1666667,0.0,0.42424245,0.2321428499999999,0.2321428499999999,0.0833333,0.1111111111111111,17.76930193235908,3.702460266108051,-50.564253951995966
"Congo, Dem. Rep.",COD,2002,929.452807092197,7.42893344939399,33.6185607910156,29.3168456429821,2.1493797198493,53750524.0,8.21619229113437,32.6183368838049,0.1666667,0.0,0.4545455,0.4642856999999999,0.2976189999999999,0.0833333,0.1111111111111111,17.799863992366205,3.721395843282467,-1.4050189823030905
"Congo, Dem. Rep.",COD,2003,953.044643237975,9.42478361067805,33.6185607910156,54.0313561776419,4.37764234247167,55343867.0,8.14422074457091,28.8579384069788,0.1666667,0.0,0.479798,0.4642856999999999,0.2976189999999999,0.0833333,0.1111111111111111,17.82907642507385,3.7739164903384825,23.591836145778075
"Congo, Dem. Rep.",COD,2004,987.746920877671,12.1421129521393,33.6185607910156,49.3364146254994,3.97216281770058,56997741.0,8.20191452321759,31.7824234941503,0.0,0.0,0.3125,0.1071429,0.125,0.0,0.1111111111111111,17.85852221097908,3.7645622724634706,34.70227763969592
"Congo, Dem. Rep.",COD,2005,1016.6338907666,17.0380807060268,33.6185607910156,51.0276749145565,1.42746926673699,58775724.0,8.2130020165385,31.706002446974,0.0,0.0,0.1875,0.1071429,0.15,0.125,0.1111111111111111,17.88923948749085,3.703771083865674,28.886969888929002
"Congo, Dem. Rep.",COD,2006,1036.13329616563,15.5353662052935,33.6185607910156,44.7667089929736,1.65396062655392,60615908.0,8.12682742452708,29.2943469787201,0.1666667,0.0,0.4040403999999999,0.4642856999999999,0.2976189999999999,0.2759999999999999,0.1111111111111111,17.920067941338424,3.7093341692613775,19.499405399030138
"Congo, Dem. Rep.",COD,2007,1091.0040733455,16.9164563797199,33.6185607910156,72.9983031777719,9.83955871746128,62477752.0,8.06722300297367,34.3633671355341,0.15,0.2143332999999999,0.4646464999999999,0.4642856999999999,0.58,0.2759999999999999,0.1111111111111111,17.95032109934068,3.8920694905613105,54.87077717986995
"Congo, Dem. Rep.",COD,2008,1136.9467210438,23.3112525238958,35.8376388549805,72.9527093196566,7.59918523525185,64390664.0,8.20177024588363,32.9518891770136,0.145,0.2133333,0.4646464999999999,0.4642856999999999,0.645,0.2279999999999999,0.1111111111111111,17.980479227151672,3.8452812796967635,45.94264769829988
"Congo, Dem. Rep.",COD,2009,1108.57506967795,22.0972606754888,37.3938407897949,63.0860045505312,-1.30701676006767,66412044.0,8.03211188895146,35.9314571550511,0.0,0.0,0.125,0.1428571,0.15,0.1593332999999999,0.1226851851851851,18.011388998597972,3.634044011458041,-28.371651365849857
"Congo, Dem. Rep.",COD,2010,1158.01422439658,27.8249684310755,37.0387916564941,80.9975153909582,11.3498081290486,68563038.0,8.3388396109876,29.1029769216412,0.0,0.0,0.125,0.1428571,0.15,0.155,0.1388888888888888,18.043264157409112,3.9224180168649734,49.43915471862988
"Congo, Dem. Rep.",COD,2011,1205.73984565432,29.4718799073306,38.9499206542969,83.4133637998303,6.04729215599495,70849311.0,8.41116897927624,38.636424619178,0.0,0.0,0.125,0.1428571,0.15,0.155,0.1388888888888888,18.0760658133975,3.8115382592002014,47.72562125774016
"Congo, Dem. Rep.",COD,2012,1267.23827814087,27.5116098044611,38.8012313842773,66.7056747465748,9.62926566877035,73254618.0,8.45561882595754,39.1726260796598,0.0,0.0,0.0625,0.1428571,0.125,0.1473333,0.1388888888888888,18.109451861893856,3.8877696338666037,61.49843248654997
"Congo, Dem. Rep.",COD,2013,1342.74156112016,30.2145048053239,38.5140419006348,72.5557545139014,4.86537109127196,75789395.0,8.50099970806395,39.9816041724909,0.0,0.0,0.0625,0.1785714,0.125,0.1443333,0.1388888888888888,18.143468946367356,3.785053449935257,75.5032829792899
"Congo, Dem. Rep.",COD,2014,1392.75841334673,31.2393263687704,41.1783905029297,74.1131729382021,3.90992337722209,78403242.0,8.55927968959999,41.6198309477347,0.0,0.0,0.0625,0.1785714,0.125,0.1416667,0.1388888888888888,18.177375849261054,3.7631186604194276,50.01685222657011
"Congo, Dem. Rep.",COD,2015,1433.21579814709,26.2539756311784,42.1804618835449,57.7539236163245,2.90127515060918,81035531.0,8.49274541062807,40.537636098592,0.0,0.0,0.0625,0.1785714,0.125,0.1536667,0.1388888888888888,18.210398283117286,3.739428270583928,40.45738480035993
"Congo, Dem. Rep.",COD,2016,1388.80163211633,28.2774194617476,42.1804618835449,68.0083342860132,2.41546438746157,83956415.0,8.37815681628466,38.655052456977,0.0,0.0,0.0,0.1785714,0.125,0.1476666999999999,0.1388888888888888,18.245808365011783,3.727814492369483,-44.41416603076004
"Congo, Dem. Rep.",COD,2017,1395.71961761712,27.5291187187835,42.1804618835449,65.9184525277578,2.79181852942997,87083398.0,8.36877990442525,39.2934247373311,0.0,0.0,0.0,0.1428571,0.0999999999999999,0.1369999999999999,0.1203703703703703,18.282376826641887,3.7368233499076595,6.91798550079011
"Congo, Rep.",COG,1996,7812.04779971641,31.7209356005232,48.1370811462402,128.407663306917,2.4571054845724,2826785.0,24.3027194822071,51.8427329383704,0.5,0.25,0.6464646,0.3636363999999999,0.5,0.4166667,0.4166666666666667,14.854650935189996,3.728815265338407,
"Congo, Rep.",COG,1997,7599.04815388587,21.5990263332596,48.1370811462402,135.758179538246,-2.11824149757414,2887862.0,23.9115701899932,56.8636128937081,0.58333335,0.25,0.66161615,0.31818185,0.33333335,0.25,0.4027777777777778,14.876027340196522,3.612387419863677,-212.99964583053952
"Congo, Rep.",COG,1998,7711.6321257605,24.3367533257978,48.1370811462402,148.901662464134,-8.70306930470468,2952061.0,23.7136399531629,46.0568646204678,0.6666667,0.25,0.6767677,0.2727273,0.1666667,0.0833333,0.3611111111111111,14.898014467191974,3.416728937814705,112.58397187462924
"Congo, Rep.",COG,1999,7312.32665071621,26.5852480507831,48.1370811462402,131.394190298765,-2.90043469110616,3032874.0,23.438836975296,61.2709583937073,0.6666667,0.25,0.72222225,0.3636363999999999,0.25,0.0833333,0.3611111111111111,14.925021572501281,3.5910521188632534,-399.3054750442898
"Congo, Rep.",COG,2000,7570.58279297342,20.9116684841876,48.1370811462402,123.909884405671,-3.04039258438044,3151345.0,24.1096141804296,72.1526717557252,0.6666667,0.25,0.7676767999999999,0.4545455,0.3333333,0.0833333,0.4027777777777777,14.963340221121792,3.5871861130815064,258.25614225720983
"Congo, Rep.",COG,2001,7567.43916817104,26.2687594590636,48.1370811462402,130.732481081873,-4.84426109284501,3272537.0,24.0342470573152,65.4884538397696,0.5,0.25,0.7525252499999999,0.5933442,0.39285715,0.16666665,0.4166666666666667,15.00107638861627,3.535972770989076,-3.143624802379236
"Congo, Rep.",COG,2002,7729.3889014189,22.542947408428,36.9716186523438,135.45607107226,6.59456506726084,3350771.0,24.0156844935943,63.3189225141337,0.3333333,0.25,0.7373737,0.7321428999999999,0.452381,0.25,0.3611111111111111,15.024701325013437,3.8235680772316383,161.9497332478595
"Congo, Rep.",COG,2003,7577.45630456352,25.4800278816813,38.03369140625,156.861777335368,6.28014568176251,3445753.0,23.7380739701555,61.1723594842012,0.3333333,0.25,0.7828282999999999,0.5982143,0.452381,0.25,0.3055555555555555,15.052653306406334,3.8166744010350677,-151.93259685538032
"Congo, Rep.",COG,2004,7577.44597274153,21.9054699242609,42.6813201904297,131.368198717322,1.90162065209621,3565554.0,23.6907618832381,65.864484078508,0.3333333,0.25,0.7979798,0.5982143,0.452381,0.25,0.3055555555555555,15.08683027993803,3.715381986012199,-0.010331821989893797
"Congo, Rep.",COG,2005,7876.11806658285,23.4233311819487,42.6813201904297,119.552892262402,12.0498455846018,3696393.0,23.4117748324475,61.7104106958137,0.0,0.0,0.1875,0.1428571,0.175,0.125,0.3055555555555555,15.122868307793754,3.9361788655775527,298.67209384132
"Congo, Rep.",COG,2006,8192.57979719023,25.3550774107525,42.6813201904297,125.600762974491,18.4459801245354,3837409.0,23.7870863181253,62.6291888487541,0.0,0.0,0.1875,0.1428571,0.25,0.1896667,0.3055555555555555,15.16030821783384,4.053846011198384,316.46173060738056
"Congo, Rep.",COG,2007,7375.82454100145,58.6863280854143,42.6813201904297,148.586625395069,16.216555026587,3980430.0,22.627114480433,57.0704175228573,0.0,0.0,0.28125,0.1428571,0.25,0.1896667,0.3055555555555555,15.19690066285481,4.014384778039786,-816.7552561887805
"Congo, Rep.",COG,2008,7587.28826163492,39.5456208499227,42.6813201904297,133.108486659608,16.7210018165878,4113517.0,23.0374849362566,63.9419789342891,0.0,0.25,0.3125,0.1428571,0.25,0.1813333,0.3055555555555555,15.22978918141721,4.023450868364806,211.46372063347007
"Congo, Rep.",COG,2009,8138.45033818822,52.8292050129417,42.6813201904297,135.552365681975,12.2288862499697,4281219.0,23.4019875321873,55.6979481298564,0.0,0.25,0.4375,0.1428571,0.25,0.1813333,0.3055555555555555,15.269748573668851,3.939668123064965,551.1620765532998
"Congo, Rep.",COG,2010,8583.66179834288,38.7798118925855,42.6813201904297,124.064754399607,11.5772952217296,4462290.0,24.0607878721561,66.1791697837805,0.0,0.25,0.4375,0.1428571,0.25,0.1796666999999999,0.3055555555555555,15.311172869239357,3.9269106022731384,445.2114601546609
"Congo, Rep.",COG,2011,8492.42098392103,33.8687168065183,42.6813201904297,124.591742710141,1.90783479461617,4609724.0,23.8540385513597,65.8738951997526,0.0,0.25,0.4375,0.1428571,0.25,0.1796666999999999,0.3055555555555555,15.343678760265108,3.7155332649493404,-91.24081442184979
"Congo, Rep.",COG,2012,9079.68656400891,38.1514780762757,50.520320892334,97.444435145443,-0.391399397519283,4740450.0,24.3765958211961,65.3102191154701,0.0,0.25,0.4375,0.1428571,0.25,0.1796666999999999,0.287037037037037,15.37164283682433,3.657936981334199,587.2655800878802
"Congo, Rep.",COG,2013,8798.49382506314,47.0619118613753,50.520320892334,93.0028633915235,10.4621010083708,4857099.0,23.8914485381654,61.989308125115,0.0,0.25,0.4375,0.1428571,0.25,0.1796666999999999,0.2777777777777777,15.395952109956783,3.904691278734835,-281.19273894577054
"Congo, Rep.",COG,2014,9159.25664414045,54.8259807101429,50.520320892334,104.197620103417,16.1339951694307,4975880.0,24.0000479071811,58.0014155398265,0.0,0.25,0.4375,0.1428571,0.25,0.1796666999999999,0.2777777777777777,15.420112998324193,4.012893125597638,360.76281907731027
"Congo, Rep.",COG,2015,8977.70681641417,78.0009172791282,50.520320892334,117.320721558581,34.4182561027248,5097581.0,23.4987890385518,48.6789561936062,0.0,0.25,0.375,0.1428571,0.25,0.1803333,0.2777777777777777,15.444276867618186,4.298521503661278,-181.54982772628136
"Congo, Rep.",COG,2016,8001.8255194505,77.8214898988402,50.520320892334,122.259818284021,0.46296936341342,5222536.0,22.0626715247735,38.4474514101503,0.0,0.25,0.375,0.1428571,0.25,0.1803333,0.2777777777777777,15.468493857117297,3.679728274442156,-975.8812969636692
"Congo, Rep.",COG,2017,7372.77046737599,36.6644580240522,50.520320892334,94.6170952583422,37.3227748739474,5351011.0,21.1922804443738,45.9671895089887,0.0,0.25,0.375,0.1428571,0.25,0.1916667,0.2592592592592592,15.49279625986241,4.337230975753385,-629.0550520745101
Colombia,COL,1996,11303.1308859186,21.5958207070305,76.4044799804688,36.0441071863282,3.20262771722448,36462745.0,23.6753263041785,28.5190019571669,0.25,0.5,0.625,0.5,0.35,0.25,0.4953703703703704,17.41180163979288,3.7465651957989086,
Colombia,COL,1997,11483.5050125907,20.2056206872574,76.4044799804688,35.5970680886793,5.21492781259777,37121149.0,22.0010731573969,27.0786703606707,0.25,0.5,0.5,0.5357143,0.3749999999999999,0.25,0.3657407407407407,17.429697446005832,3.792959724158159,180.37412667210083
Colombia,COL,1998,11343.8799115733,18.9364606568743,76.4044799804688,35.9089230535138,2.87354611202614,37792165.0,20.8505468997927,26.3922916059744,0.25,0.5,0.375,0.5714286,0.3999999999999999,0.25,0.3611111111111111,17.447612390433594,3.738768998175876,-139.62510101740008
Colombia,COL,1999,10679.7092686089,13.2478542787631,76.4044799804688,36.1492793141794,1.74959315214541,38454863.0,18.7561819900327,26.7207875591071,0.1875,0.5,0.34375,0.5892857499999999,0.3249999999999999,0.25,0.3888888888888888,17.464995747865814,3.7116738366017494,-664.1706429644
Colombia,COL,2000,10813.4942250011,14.1293141067755,76.4044799804688,32.6670854693067,2.43950747934181,39089934.0,19.6915600459789,27.3057722832576,0.125,0.5,0.3125,0.6071428999999999,0.25,0.25,0.3425925925925925,17.481375574938387,3.728392449391518,133.7849563922009
Colombia,COL,2001,10823.4504878807,15.3995333206406,76.4044799804688,33.9011117949445,2.58851936306874,39709262.0,19.5384148785063,27.2228150417753,0.1875,0.375,0.3125,0.5357143,0.3,0.3125,0.3333333333333333,17.497095043378415,3.73196702261481,9.956262879599308
Colombia,COL,2002,10925.1485602082,16.725296853536,78.1551971435547,32.9826392144234,2.17844751407948,40324680.0,20.5107380959394,27.5290127709183,0.25,0.25,0.3125,0.4642856999999999,0.35,0.375,0.3657407407407407,17.5124742712189,3.722099041386284,101.69807232749918
Colombia,COL,2003,11183.2911819793,18.1097505002846,78.1551971435547,36.51618351723,1.81783931129221,40937429.0,19.9386112240031,28.9037801318181,0.25,0.25,0.25,0.4642856999999999,0.375,0.375,0.3888888888888888,17.52755536143462,3.7133401506776287,258.1426217711014
Colombia,COL,2004,11607.9384935105,18.8317596064491,82.9504623413086,35.8634269337995,2.66083488771203,41543171.0,20.8357272238524,29.7258920854426,0.25,0.25,0.25,0.4642856999999999,0.375,0.375,0.3888888888888888,17.542243733631764,3.7336971700204087,424.6473115312001
Colombia,COL,2005,11999.2549591305,20.9561543150332,86.9616470336914,37.422697494955,7.02979401438219,42128977.0,20.6895230553709,30.3481497700898,0.25,0.25,0.3125,0.5357143,0.3999999999999999,0.375,0.3888888888888888,17.556246375412684,3.833032767431639,391.3164656199988
Colombia,COL,2006,12636.6246577724,22.5775935262733,90.2876663208008,39.6413559606293,4.17238510059526,42691084.0,20.8438974397605,30.9134600266245,0.25,0.25,0.4375,0.5714286,0.3999999999999999,0.4633333,0.3958333333333333,17.56950067419941,3.769192240729426,637.3696986419
Colombia,COL,2007,13318.3033138168,24.0773758127074,93.012809753418,37.0988970982903,4.30867680626701,43235374.0,20.7083090353376,30.5790350660201,0.25,0.25,0.4375,0.5714286,0.3999999999999999,0.4633333,0.3888888888888889,17.582169583867444,3.7723316514905143,681.6786560443998
Colombia,COL,2008,13591.0609028567,21.9137810195697,94.2315521240234,39.1676494164355,4.35627834630067,43758808.0,20.636433470628,32.1310911250351,0.25,0.25,0.4375,0.5714286,0.3999999999999999,0.4679999999999999,0.4189814814814814,17.594203499071423,3.7734258108205965,272.75758903990027
Colombia,COL,2009,13586.7518430982,22.6467081627038,98.2700805664062,35.1561285074585,3.45627065154005,44271541.0,20.309940615001,31.2470343359106,0.25,0.25,0.4375,0.5714286,0.3999999999999999,0.4679999999999999,0.4444444444444444,17.60585263581619,3.7525329873354036,-4.309059758499643
Colombia,COL,2010,14037.0642668639,22.0429732014851,99.9543685913086,34.2646031687681,2.24433595561184,44777319.0,20.3105530062707,31.3713561004301,0.25,0.5,0.5,0.6071428999999999,0.425,0.4683332999999999,0.4444444444444444,17.617212319197417,3.723691163555586,450.31242376569935
Colombia,COL,2011,14852.3699513061,21.9158254216725,101.20581817627,39.4704235545367,4.37269536127322,45259614.0,21.0189701518555,33.3021551703249,0.25,0.5,0.625,0.6785713999999999,0.425,0.471,0.4444444444444444,17.627925691726062,3.7738028915184545,815.3056844422008
Colombia,COL,2012,15279.4790008058,21.1252094876723,97.2326889038086,38.835151018669,4.05728041313345,45715810.0,20.9626394647681,33.4055006173979,0.25,0.5,0.625,0.6785713999999999,0.425,0.471,0.4259259259259259,17.637954769771113,3.766533163801091,427.10904949970063
Colombia,COL,2013,15912.2471293239,21.3383970995375,98.1015014648438,37.9866487978457,4.24252457969381,46151584.0,19.8906804138614,32.7475552904174,0.25,0.5,0.5,0.6428571,0.3999999999999999,0.4683332999999999,0.4166666666666667,17.647441862852087,3.7708090991811973,632.7681285180988
Colombia,COL,2014,16480.3631474161,22.6705098813348,97.3632888793945,37.4874656411103,4.24107256687862,46565429.0,20.0792693277619,30.9858527230854,0.25,0.5,0.5,0.6428571,0.3999999999999999,0.4683332999999999,0.4166666666666667,17.65636897829878,3.770775653801724,568.1160180922016
Colombia,COL,2015,16821.3801400631,23.3747819041323,97.6741180419922,38.3607641184453,3.95939854860993,46969940.0,19.8413281990038,28.5894478881361,0.375,0.5,0.5625,0.6071428999999999,0.4499999999999999,0.5539999999999999,0.4166666666666667,17.66501840188146,3.764266381583235,341.0169926469971
Colombia,COL,2016,17003.244366485,22.1296577145622,98.4156265258789,36.202652984202,4.90164572903473,47437512.0,19.3700893503894,27.689162311787,0.375,0.5,0.5625,0.6071428999999999,0.475,0.5556667,0.4166666666666667,17.67492388716488,3.7858768226136355,181.86422642190155
Colombia,COL,2017,16986.0334182842,21.7227919184852,99.2193298339844,35.2829149424588,4.3931823276543,48131078.0,19.5897881408186,26.8148589146209,0.375,0.5,0.625,0.6071428999999999,0.4499999999999999,0.5556667,0.4166666666666667,17.689438659478032,3.7742732551567637,-17.210948200798157
Comoros,COM,1996,2892.08263672469,17.1164898859093,31.9223709106445,35.7578150774993,0.12994022919074,499107.0,14.2429348611044,12.2066469431937,0.25,0.125,0.625,0.2083333,0.3125,0.25,0.4444444444444444,13.120577784181174,3.6712905081307734,
Comoros,COM,1997,2968.07724742894,17.1164299656219,31.9223709106445,35.7570438604224,0.0055124238077848,507777.0,14.2332631737912,12.2060989661382,0.25,0.125,0.625,0.2083333,0.3125,0.25,0.4444444444444444,13.137799623170833,3.668119593092917,75.99461070425014
Comoros,COM,1998,2918.13300445377,17.1164093153237,31.9223709106445,35.7572500543394,0.105574621312169,516597.0,14.1971877952537,12.2065011023133,0.25,0.125,0.625,0.2083333,0.3125,0.25,0.4444444444444444,13.155020288169096,3.670670366771838,-49.944242975170255
Comoros,COM,1999,2943.92006172568,17.1164090739706,31.9223709106445,35.7571570476989,0.072864796790572,525886.0,14.1711181530104,12.2061288312838,0.25,0.1875,0.59375,0.22916665,0.3125,0.21875,0.4444444444444444,13.172841639743476,3.6698372474129908,25.78705727191027
Comoros,COM,2000,2858.85692121457,17.1164269322436,31.9223709106445,35.7574785306267,0.0275813880015483,536080.0,14.2331353321742,12.2062715454078,0.25,0.25,0.5625,0.25,0.3125,0.1875,0.4444444444444444,13.192040548038538,3.668682732036762,-85.0631405111103
Comoros,COM,2001,2952.44235205824,17.1164695309867,31.9223709106445,35.7572288509346,0.307423421152582,547220.0,14.2288471480269,12.2063718015717,0.3125,0.3125,0.59375,0.29166665,0.34375,0.25,0.4444444444444444,13.212608021747075,3.6757961561863617,93.58543084367011
Comoros,COM,2002,3023.52434389434,17.1164426194856,35.0426712036133,35.7571190335913,0.100716007387665,558923.0,14.2324555866933,12.2063143076875,0.375,0.375,0.625,0.3333333,0.375,0.3125,0.4444444444444444,13.233768785828047,3.6705466617394706,71.08199183609986
Comoros,COM,2003,3023.18985379149,17.1164519886137,38.9220008850098,35.7569591176854,0.145062208685244,569798.0,14.2469638631698,12.2062786708097,0.375,0.25,0.4375,0.25,0.375,0.1875,0.4444444444444444,13.25303894604265,3.6716751919329966,-0.33449010284994074
Comoros,COM,2004,3058.38338421434,17.1164637474012,42.5534706115723,35.7570631253248,0.108010654825932,580704.0,14.2769868893837,12.2062936509226,0.4545455,0.3030303,0.5,0.3164983,0.3989899,0.3939394,0.4444444444444444,13.271998161620989,3.6707323847932343,35.19353042285002
Comoros,COM,2005,3166.36268239583,17.1164439891343,42.5534706115723,35.7574093238258,0.0852741893191707,592677.0,14.6791821245941,12.2064983176676,0.375,0.25,0.4375,0.25,0.375,0.3125,0.4444444444444444,13.292406528814716,3.6701533964064557,107.97929818148987
Comoros,COM,2006,3048.69236655028,17.1164559786779,42.5534706115723,35.7572745739842,0.11306053010776,604753.0,15.1142901570518,12.206432106225,0.5,0.25,0.5,0.25,0.375,0.3899999999999999,0.4444444444444444,13.31257704275383,3.670860935337109,-117.6703158455498
Comoros,COM,2007,3012.54746686894,16.0107412814615,42.5534706115723,33.1561792127495,0.966721983950354,616927.0,15.5880009107468,12.4102413287259,0.5,0.25,0.4375,0.25,0.375,0.3899999999999999,0.4444444444444444,13.332507602399195,3.6923577781766133,-36.14489968134012
Comoros,COM,2008,3070.36952892496,18.6944966828606,42.5534706115723,36.2185263542809,0.507893616352291,629307.0,16.067924992651,12.1356370474847,0.5,0.25,0.4375,0.2083333,0.375,0.358,0.4444444444444444,13.352376081971961,3.6808610638356796,57.82206205602006
Comoros,COM,2009,3107.45297029798,16.6441195996643,42.5534706115723,37.8969223253542,1.52866108214525,641947.0,16.5240350197364,12.073328072351,0.175,0.3383333,0.4375,0.2083333,0.5875,0.358,0.4444444444444444,13.372262582506938,3.7062603847101303,37.08344137301992
Comoros,COM,2010,3161.37481152565,17.8624390779559,42.5534706115723,39.5501058029898,0.91966985988271,654836.0,17.0169632820098,11.775324962086,0.215,0.3349999999999999,0.4375,0.2083333,0.67125,0.3409999999999999,0.4444444444444444,13.392141628686023,3.691184871944994,53.92184122767003
Comoros,COM,2011,3227.21653582919,16.7272118330955,42.5534706115723,40.00094857244,2.25967654324554,668056.0,17.5187142361977,11.6973185544088,0.22,0.2766667,0.4375,0.2083333,0.6699999999999999,0.352,0.4444444444444444,13.41212877821976,3.724061488574555,65.8417243035401
Comoros,COM,2012,3263.16316392712,16.6960690671082,42.5534706115723,40.8104424089423,1.02133818400059,681630.0,18.011140428027,11.2226651481809,0.285,0.3666666999999999,0.5,0.25,0.705,0.352,0.4444444444444444,13.432243734683661,3.6937175172427605,35.94662809792999
Comoros,COM,2013,3337.59859719238,16.2163941646089,58.998580844006,39.2433304149929,0.379103082802071,696192.0,18.5307203749618,11.648240313246,0.5,0.25,0.5,0.25,0.375,0.352,0.4444444444444444,13.453382199726912,3.677610100735243,74.43543326526014
Comoros,COM,2014,3334.57512780965,15.2374961535119,61.5078774291294,39.2358244169194,0.407499039358216,711503.0,19.0322916723785,11.6109251303108,0.5,0.3333333,0.6111111,0.3888889,0.5555555999999999,0.352,0.4444444444444444,13.47513631842175,3.678327787399973,-3.023469382730127
Comoros,COM,2015,3302.38635129322,13.4963324041779,61.5078774291294,37.8049520714563,0.511029838634196,726682.0,18.2826372308869,10.4084081560234,0.5,0.3333333,0.6111111,0.3888889,0.5555555999999999,0.371,0.4444444444444444,13.496245622908777,3.680940097483119,-32.18877651643015
Comoros,COM,2016,3342.76677092883,12.4755919575083,61.5078774291294,37.1328797158337,0.352458395658835,741741.0,17.580138216461,9.85451807028183,0.5,0.3333333,0.6111111,0.3888889,0.5555555999999999,0.371,0.4444444444444444,13.516756752789885,3.67693620737443,40.38041963561
Comoros,COM,2017,3401.85239322573,13.3232598136896,56.9502144763063,40.164358921352,0.363776536091142,756669.0,16.8696837538742,9.13735009601101,0.5,0.3333333,0.6111111,0.3888889,0.5555555999999999,0.371,0.4444444444444444,13.536682506066116,3.6772225195385797,59.085622296900056
Cabo Verde,CPV,1996,3022.88825211585,21.8350400834961,65.0551376342773,75.4899678573908,5.68310475150467,425581.0,17.4057153095046,28.9308075312,0.5,0.5,0.875,0.5,0.625,0.4375,0.4444444444444444,12.961212922882105,3.8034519634444743,
Cabo Verde,CPV,1997,3302.9740337536,21.8350400834961,65.0551376342773,85.979346154719,2.35964256897109,432798.0,17.9803742948011,26.2073529523015,0.5,0.5,0.875,0.5,0.625,0.4375,0.4444444444444444,12.978028695975695,3.7264713367093334,280.0857816377502
Cabo Verde,CPV,1998,3657.38118993776,21.8350400834961,65.0551376342773,81.8814137506275,1.3017068264142,439784.0,18.6334674452463,26.3779037239978,0.5,0.5,0.875,0.5,0.625,0.4375,0.4444444444444444,12.994041250109156,3.700668688704583,354.40715618416016
Cabo Verde,CPV,1999,4006.47964718799,21.8350400834961,65.0551376342773,80.9690199640443,9.10423779012784,446519.0,19.1622041935756,23.3770420275233,0.5,0.5,0.875,0.5,0.625,0.4375,0.4444444444444444,13.009239471128668,3.8769529994634833,349.0984572502298
Cabo Verde,CPV,2000,4510.13573659758,21.8350400834961,65.0551376342773,87.5206083614917,6.34282422287075,453317.0,19.8522263270465,21.7471907808972,0.5,0.5,0.875,0.5,0.625,0.4375,0.4444444444444444,13.024349144942684,3.8180524320042384,503.6560894095901
Cabo Verde,CPV,2001,4540.90731780518,21.8350400834961,63.2078514099121,92.1637224974152,1.60013112628632,460293.0,19.8338593722602,19.1640713762081,0.5,0.5,0.875,0.5,0.625,0.4375,0.4444444444444444,13.039620694743189,3.7080148088432963,30.77158120760032
Cabo Verde,CPV,2002,4710.2410491228,21.8350400834961,66.3999862670898,101.089702293616,2.37854487715663,467046.0,20.0420587396635,19.0535136023722,0.5,0.5,0.875,0.5,0.625,0.4375,0.4444444444444444,13.054185173985214,3.7269263562955617,169.33373131761982
Cabo Verde,CPV,2003,4841.265398715,21.8350400834961,67.3274078369141,98.7683808076547,4.82213415181345,473383.0,20.1707376563643,18.5259962998519,0.5,0.5,0.875,0.5,0.625,0.4375,0.4444444444444444,13.067662177434242,3.784071158398849,131.02434959219954
Cabo Verde,CPV,2004,5268.30312485708,21.8350400834961,66.9400405883789,101.567169989502,7.312720061603,479370.0,20.6671057903207,18.2180833159781,0.4747475,0.4949495,0.8636364,0.5016835,0.6666667,0.5252525,0.4444444444444444,13.08023010687067,3.839137710331103,427.0377261420799
Cabo Verde,CPV,2005,5565.76951208069,21.8350400834961,70.2636032104492,104.343839857053,8.2812271109681,485115.0,20.9851726539954,19.2110778495222,0.5,0.5,0.875,0.5,0.625,0.5,0.4444444444444444,13.09214331657951,3.859758299269557,297.4663872236106
Cabo Verde,CPV,2006,5941.38218091511,21.8350400834961,81.5834884643555,117.816697232822,11.8764317277784,490728.0,21.3463035019455,19.0922781266815,0.625,0.75,0.8125,0.5,0.75,0.831,0.4444444444444444,13.103647319577679,3.9327876200994045,375.6126688344202
Cabo Verde,CPV,2007,6767.40677380347,21.8350400834961,80.4710464477539,94.2062075477847,11.6247473388534,496190.0,21.9766416504368,14.0115441145192,0.625,0.75,0.8125,0.5,0.7374999999999999,0.831,0.4444444444444444,13.114716212227703,3.9278451834518995,826.0245928883596
Cabo Verde,CPV,2008,7169.13944155367,21.8350400834961,82.10888671875,90.9663882396256,10.7624753520891,501355.0,22.3079123804311,15.4815103318879,0.625,0.5,0.75,0.4642856999999999,0.7,0.8436667,0.4444444444444444,13.125071706567704,3.9107247347636,401.73266775019965
Cabo Verde,CPV,2009,6994.5740991365,21.8350400834961,81.2256927490234,80.4609561325344,6.80241863090143,506141.0,22.0628093510435,15.9694598343425,0.625,0.5,0.625,0.4642856999999999,0.625,0.7603333,0.4444444444444444,13.13457254131076,3.828099333621812,-174.56534241716963
Cabo Verde,CPV,2010,7072.12150207342,21.8350400834961,83.5471330073283,85.5484498816191,6.36802137795552,509784.0,22.0072630869763,14.9414577543955,0.625,0.5,0.625,0.4642856999999999,0.6,0.6813332999999999,0.4444444444444444,13.141744347188022,3.8186058741419826,77.54740293691975
Cabo Verde,CPV,2011,7325.78441834692,21.8350400834961,86.7000153273789,90.5564501122747,4.99538224029443,511447.0,22.1288091636049,14.5699784845003,0.625,0.5,0.6875,0.5,0.6,0.6806667,0.4444444444444444,13.145001197426827,3.7880013481515107,253.66291627349983
Cabo Verde,CPV,2012,7397.82220702474,21.8350400834961,89.9634082592786,90.649916554117,6.69129799994045,511955.0,22.0086794792312,14.00680796227,0.625,0.5,0.6875,0.5,0.6,0.6806667,0.4444444444444444,13.145993962828806,3.8256794323328527,72.03778867782057
Cabo Verde,CPV,2013,7440.66242650114,21.8350400834961,94.7526092529297,86.1698600308418,4.40125011545419,512225.0,21.9228647800076,14.5782787253826,0.625,0.5,0.6875,0.4642856999999999,0.6,0.6806667,0.4444444444444444,13.146521212880565,3.774458424126139,42.8402194763994
Cabo Verde,CPV,2014,7491.02198228243,21.8350400834961,93.6074664791524,91.3038524117221,8.84407322092194,512326.0,21.8472806327865,15.4556956659682,0.625,0.5,0.6875,0.4642856999999999,0.6,0.6769999999999999,0.4444444444444444,13.14671837203256,3.8715494180205012,50.35955578129051
Cabo Verde,CPV,2015,7560.13649202469,21.8350400834961,96.6012286324786,94.0084870167993,5.49024513305668,512394.0,21.7626088419636,14.6158909934146,0.625,0.5,0.6875,0.4285714,0.6,0.6769999999999999,0.4444444444444444,13.146851090955545,3.7991431428099744,69.11450974225954
Cabo Verde,CPV,2016,7881.30336227784,21.8350400834961,98.2528458088996,95.3781398609533,6.82845117866997,512554.0,21.7897056508736,12.6668493291087,0.625,0.5,0.6875,0.4285714,0.6,0.6813332999999999,0.4444444444444444,13.147163301309806,3.828665405174625,321.1668702531506
Cabo Verde,CPV,2017,8234.56000312459,21.8350400834961,99.462782259485,100.052133904219,5.59469673480566,512893.0,21.9053811706222,12.5188038438799,0.625,0.5,0.6875,0.4285714,0.6,0.6793332999999999,0.4444444444444444,13.147824475122155,3.8014790783840824,353.2566408467501
Cuba,CUB,1996,6575.77541290499,11.6678937541501,82.6675262451172,32.6253336147218,2.414940126681885,10962010.0,20.6886656895675,26.6854603298068,0.25,0.25,0.5,0.1785714,0.1999999999999999,0.25,0.5277777777777778,16.209946308054217,3.727801886266728,
Cuba,CUB,1997,6575.77541290499,11.7441094095898,82.2095108032227,32.7541989320698,2.414940126681885,10997934.0,20.6886571819969,27.5791427313418,0.25,0.25,0.46875,0.1964285499999999,0.2249999999999999,0.25,0.5439814814814815,16.21321808586695,3.727801886266728,0.0
Cuba,CUB,1998,6575.77541290499,12.1307111559087,82.2095108032227,32.5046329835855,2.414940126681885,11034712.0,20.4668932082488,25.9190012288931,0.25,0.25,0.4375,0.2142857,0.25,0.25,0.5555555555555556,16.21655658917889,3.727801886266728,0.0
Cuba,CUB,1999,6575.77541290499,11.6024842106795,79.6453323364258,31.8689322462587,2.414940126681885,11072230.0,20.373361859988,25.39325828753,0.25,0.375,0.4375,0.2142857,0.25,0.25,0.5092592592592593,16.219950820061257,3.727801886266728,0.0
Cuba,CUB,2000,6575.77541290499,11.8768280474,81.8830108642578,31.0759878817225,2.414940126681885,11109109.0,20.3733487381318,25.535082151714,0.25,0.5,0.4375,0.2142857,0.25,0.25,0.5,16.223276050396194,3.727801886266728,0.0
Cuba,CUB,2001,6575.77541290499,10.7861146882812,84.3682479858398,29.3610963815873,2.414940126681885,11144132.0,20.2067684682046,24.8623841628159,0.25,0.5,0.4375,0.2142857,0.25,0.25,0.5162037037037037,16.226423729043926,3.727801886266728,0.0
Cuba,CUB,2002,6575.77541290499,9.15169467557792,88.5996932983398,24.7293133475239,2.414940126681885,11177418.0,20.2067682409078,23.7013441300368,0.25,0.5,0.4375,0.2142857,0.25,0.25,0.5277777777777778,16.229406140363054,3.727801886266728,0.0
Cuba,CUB,2003,6575.77541290499,8.20278987888984,91.7871322631836,26.5871335777077,2.414940126681885,11209383.0,20.2067739584681,22.5059329493165,0.25,0.5,0.375,0.2142857,0.25,0.25,0.5277777777777778,16.232261842601822,3.727801886266728,0.0
Cuba,CUB,2004,6575.77541290499,8.47446535612386,91.1237411499023,31.3114153338743,2.414940126681885,11238756.0,19.3889068025632,22.0396303955187,0.25,0.5,0.5,0.1428571,0.25,0.25,0.5277777777777778,16.234878809125995,3.727801886266728,0.0
Cuba,CUB,2005,6575.77541290499,8.96143581229082,92.3748474121094,39.3613744331974,2.414940126681885,11262554.0,19.1127573226349,21.5268299936084,0.25,0.0,0.5,0.2142857,0.2249999999999999,0.125,0.5277777777777778,16.236994064349627,3.727801886266728,0.0
Cuba,CUB,2006,6575.77541290499,10.401419719848,93.1539993286133,37.1880142882062,2.414940126681885,11278550.0,18.1340099437986,22.2047369498775,0.75,0.5,0.625,0.25,0.4499999999999999,0.284,0.5277777777777778,16.238413338336013,3.727801886266728,0.0
Cuba,CUB,2007,6575.77541290499,9.68843370492407,93.1459197998047,37.9676096642032,2.414940126681885,11287272.0,18.03109998749,22.5269990563768,0.75,0.5,0.625,0.25,0.4624999999999999,0.3256667,0.5277777777777778,16.23918636576318,3.727801886266728,0.0
Cuba,CUB,2008,6575.77541290499,10.8270031230317,93.1690521240234,44.917220748508,2.414940126681885,11291762.0,18.0833334685276,22.3864961360912,0.75,0.5,0.625,0.25,0.475,0.3673333,0.4768518518518518,16.23958407982495,3.727801886266728,0.0
Cuba,CUB,2009,6575.77541290499,8.67590206185567,92.1000823974609,32.9139819587629,2.414940126681885,11294719.0,17.5705721480213,22.6047036082474,0.75,0.5,0.625,0.25,0.475,0.3673333,0.4722222222222222,16.239845917847003,3.727801886266728,0.0
Cuba,CUB,2010,6575.77541290499,8.64631264768064,92.4079409432897,40.2919413008332,2.414940126681885,11297409.0,17.0823629995345,22.8936077602288,0.75,0.5,0.625,0.25,0.475,0.3673333,0.4930555555555556,16.240084053871602,3.727801886266728,0.0
Cuba,CUB,2011,6575.77541290499,7.71126250181186,92.221518431358,46.9604290476881,2.414940126681885,11301571.0,17.1413660266515,22.258298304102,0.75,0.5,0.625,0.25,0.475,0.3673333,0.5,16.240452389051217,3.727801886266728,0.0
Cuba,CUB,2012,6575.77541290499,7.76172051243489,90.9268566341812,45.8662036340766,2.414940126681885,11303175.0,19.1873026909975,23.3671948701822,0.75,0.5,0.625,0.25,0.475,0.3673333,0.4814814814814814,16.240594306138963,3.727801886266728,0.0
Cuba,CUB,2013,6575.77541290499,8.24389485145435,91.3310039372362,44.3238969253902,2.414940126681885,11298167.0,17.2054178769478,23.150308497952,0.625,0.5,0.625,0.2142857,0.475,0.3673333,0.4722222222222222,16.240151146645264,3.727801886266728,0.0
Cuba,CUB,2014,6575.77541290499,7.30384930588015,95.9867990183168,39.2741528539069,2.414940126681885,11285775.0,16.8872907921855,22.1520752925073,0.625,0.5,0.625,0.2142857,0.475,0.3673333,0.4722222222222222,16.23905372971546,3.727801886266728,0.0
Cuba,CUB,2015,6575.77541290499,8.64312864960153,96.0929099069438,31.6138124793419,2.414940126681885,11275065.0,16.9191199168648,22.3538093576701,0.625,0.5,0.625,0.2142857,0.4499999999999999,0.3673333,0.4722222222222222,16.238104296994422,3.727801886266728,0.0
Cuba,CUB,2016,6575.77541290499,8.81138673345027,97.8005641142909,27.2691132420785,2.414940126681885,11265612.0,16.9872933183571,22.9428012655288,0.375,0.5,0.625,0.25,0.4499999999999999,0.3653332999999999,0.4722222222222222,16.237265546701742,3.727801886266728,0.0
Cuba,CUB,2017,6575.77541290499,9.87499828821489,98.8916381409707,26.2224363787618,2.414940126681885,11247829.0,17.1175811539133,24.3566251471414,0.375,0.5,0.625,0.25,0.4499999999999999,0.3603332999999999,0.4907407407407407,16.23568577912036,3.727801886266728,0.0
Djibouti,DJI,2013,4469.07409933135,25.0258710849342,68.1916809082031,347.720317058403,13.9893763417185,984824.0,4.98601028920665,11.3865800627511,0.125,0.25,0.4375,0.25,0.25,0.182,0.4444444444444444,13.800219239395316,3.97334441174381,
Djibouti,DJI,2014,4705.04926772184,28.0409117606815,68.1916809082031,298.564535821251,6.88983261287099,1002717.0,5.13833243950913,11.612957172612,0.125,0.25,0.4375,0.25,0.25,0.183,0.4444444444444444,13.818224870881757,3.8299988626929133,235.97516839048967
Djibouti,DJI,2015,4961.8681860592,30.3355894617026,68.1916809082031,268.363456254629,5.93271216592944,1020313.0,5.31710837131562,11.3951494809576,0.125,0.25,0.4375,0.25,0.25,0.18,0.4444444444444444,13.835620981023732,3.8090012061743703,256.8189183373597
Djibouti,DJI,2016,5226.50026106607,27.7228772325212,68.1916809082031,213.071998607921,6.1420623506391,1037653.0,5.48930189350754,11.3387071221455,0.125,0.25,0.4375,0.25,0.25,0.1776666999999999,0.4444444444444444,13.852472953806734,3.8136318270832352,264.63207500687076
Djibouti,DJI,2017,5421.95649149613,26.1120682606879,68.1916809082031,305.967966403468,5.97013597143086,1054841.0,5.63530225873419,12.4061244543166,0.125,0.25,0.375,0.25,0.25,0.1753333,0.4444444444444444,13.868901550643526,3.809830559590184,195.4562304300598
Djibouti,DJI,2018,5590.50426604853,28.4937586770341,68.1916809082031,300.398900523844,5.83497725047345,1071882.0,5.79191140621735,13.991615352663,0.125,0.25,0.375,0.25,0.25,0.179,0.4444444444444444,13.88492747286544,3.8068320417199213,168.54777455239946
Djibouti,DJI,2019,5809.30455041341,29.7952101352966,68.1916809082031,320.93923036418,5.66550441566635,1088709.0,5.92444059608987,14.6103467336685,0.125,0.25,0.375,0.2857143,0.2749999999999999,0.1756666999999999,0.4444444444444444,13.90050406709392,3.8030595101562095,218.8002843648801
Djibouti,DJI,2020,5791.47767679877,30.0681931461676,68.1916809082031,225.744871323723,5.03254315668511,1105188.0,5.88208249283058,14.5456933567204,0.125,0.25,0.4375,0.2857143,0.25,0.1736666999999999,0.4444444444444444,13.915526919032175,3.78884234757626,-17.826873614640135
Dominica,DMA,1999,13661.6785774172,21.8350400834961,101.596809387207,68.6270739127592,5.41222439296677,68870.0,17.57722945987745,15.0577728160759,0.75,0.75,0.8125,0.7916667,0.75,0.75,0.4444444444444444,11.139990468543681,3.7973947348727224,
Dominica,DMA,2000,14054.6548016043,21.8350400834961,106.89208984375,68.6270739127592,5.2571268374394,68511.0,17.57722945987745,15.8601463842642,0.75,0.75,0.8125,0.7916667,0.75,0.75,0.4444444444444444,11.13476419138941,3.7939099669369503,392.97622418709943
Dominica,DMA,2001,14091.5491387572,21.8350400834961,109.117523193359,68.6270739127592,3.87696994458447,68288.0,17.57722945987745,20.7378697934553,0.75,0.75,0.8125,0.7916667,0.75,0.75,0.4444444444444444,11.131503978415498,3.7623534777275696,36.894337152900334
Dominica,DMA,2002,13640.70330575,21.8350400834961,112.225051879883,68.6270739127592,5.34525004766951,68367.0,17.57722945987745,21.9320066334992,0.75,0.75,0.8125,0.7916667,0.75,0.75,0.4444444444444444,11.132660157883807,3.795891429201963,-450.8458330072008
Dominica,DMA,2003,14398.0017636834,21.8350400834961,117.79776763916,68.6270739127592,8.39561947401853,68531.0,17.57722945987745,17.6366125639906,0.75,0.75,0.8125,0.7916667,0.75,0.75,0.4444444444444444,11.135056068452863,3.8621659992560553,757.2984579334006
Dominica,DMA,2004,14962.2456326016,21.8350400834961,114.818801879883,68.6270739127592,6.49739806247027,68649.0,17.57722945987745,16.8272462469191,0.7070706999999999,0.6868687,0.7676767999999999,0.7272727,0.7121212,0.7171717,0.4444444444444444,11.136776411196116,3.821442750397336,564.2438689182
Dominica,DMA,2005,15080.5206040984,21.8350400834961,114.346900939941,68.6270739127592,4.83084578819671,68734.0,17.57722945987745,16.0776967254217,0.75,0.75,0.8125,0.7916667,0.75,0.75,0.4444444444444444,11.138013809905521,3.7842691539909747,118.27497149679948
Dominica,DMA,2006,15727.7053232323,21.8350400834961,113.30908203125,68.6270739127592,6.28236832373597,68806.0,17.57722945987745,16.4681516773035,0.75,0.75,0.8125,0.875,0.75,0.6875,0.4444444444444444,11.139060762931893,3.816723299841844,647.1847191339002
Dominica,DMA,2007,16560.5179009944,21.8350400834961,112.818580627441,68.6270739127592,9.08254423496638,68847.0,17.57722945987745,16.1554158164328,0.75,0.75,0.8125,0.875,0.75,0.6875,0.4444444444444444,11.13965645507838,3.87650354155026,832.8125777621008
Dominica,DMA,2008,17738.0405685048,21.8350400834961,110.860000610352,68.6270739127592,11.7112903770296,68854.0,17.57722945987745,14.5994243871575,0.75,0.75,0.8125,0.875,0.75,0.6875,0.4444444444444444,11.139758123161226,3.9295474241090824,1177.5226675103986
Dominica,DMA,2009,17534.0339616963,21.8350400834961,111.792961120605,68.6270739127592,11.0100917882515,68864.0,17.57722945987745,13.1643405618567,0.75,0.75,0.8125,0.875,0.75,0.6875,0.4444444444444444,11.139903345351431,3.915671242956912,-204.00660680849978
Dominica,DMA,2010,17516.7879573152,21.8350400834961,108.655853271484,68.6270739127592,10.9887086593887,68859.0,17.57722945987745,13.542839229991,0.75,0.75,0.8125,0.875,0.75,0.6875,0.4444444444444444,11.139830736892515,3.9152450469431415,-17.246004381100647
Dominica,DMA,2011,17475.0411061698,21.8350400834961,109.177848815918,68.6270739127592,9.48510899097882,69053.0,17.57722945987745,14.7847029833916,0.75,0.75,0.8125,0.875,0.75,0.6875,0.4444444444444444,11.142644086196546,3.8848113483221662,-41.74685114539898
Dominica,DMA,2012,17431.1288003063,21.8350400834961,102.783400809717,68.6270739127592,10.823245661111,69118.0,17.57722945987745,15.0217799795012,0.75,0.75,0.8125,0.875,0.75,0.6875,0.4444444444444444,11.143584935780687,3.9119409799688123,-43.91230586350139
,DMA,2013,17475.9917134338,21.8350400834961,98.08530010578625,68.6270739127592,6.490417935324775,69745.5,17.57722945987745,14.281369379300699,0.70833335,0.66666665,0.82291665,0.8263889,0.68055555,0.6875,0.4444444444444444,11.152582045765124,3.8167677493580543,44.86291312750109
Dominica,DMA,2014,17520.8546265613,21.8350400834961,93.3871994018555,68.6270739127592,2.15759020953855,70373.0,17.57722945987745,13.5409587791002,0.6666667,0.5833332999999999,0.8333332999999999,0.7777778,0.6111111,0.6875,0.4444444444444444,11.16157915574956,3.7215945187472963,44.86291312750109
Dominica,DMA,2015,16920.9126555668,21.8350400834961,95.9454803466797,68.6270739127592,1.22782053461875,70410.0,17.57722945987745,11.9415971243125,0.6666667,0.5833332999999999,0.8333332999999999,0.7777778,0.8333332999999999,0.6875,0.4444444444444444,11.162104779940375,3.6988415118473754,-599.9419709944996
,DMA,2016,17095.542877094325,21.8350400834961,98.36549601153027,68.6270739127592,3.3670773727950474,69777.5,17.57722945987745,13.068155302274326,0.6666667,0.5416666499999999,0.8194444249999999,0.7777778,0.8472221999999999,0.6875,0.4444444444444444,11.152956447735141,3.7468692833143757,174.63022152752455
,DMA,2017,17270.17309862185,21.8350400834961,100.78551167638085,68.6270739127592,5.506334210971344,69145.0,17.57722945987745,14.19471348023615,0.6666667,0.5,0.80555555,0.7777778,0.8611111,0.6875,0.4444444444444444,11.143808115529907,3.7948970547813756,174.63022152752455
,DMA,2018,17444.803320149374,21.8350400834961,103.20552734123143,68.6270739127592,7.645591049147642,68512.5,17.57722945987745,15.321271658197976,0.6666667,0.45833335,0.791666675,0.7777778,0.875,0.6875,0.4444444444444444,11.134659783324672,3.8429248262483755,174.63022152752455
Dominican Republic,DOM,1996,9036.88352149896,19.1901961904447,53.2979393005371,72.6424908698332,0.735680171267024,8032894.0,27.4570389482845,33.5438672350398,0.25,0.25,0.5,0.3571429,0.375,0.25,0.5740740740740741,15.899055543988734,3.686585159366096,
Dominican Republic,DOM,1997,9671.14817881707,20.1401167296489,53.2979393005371,74.2332371692166,2.0417185963078,8174078.0,26.9711012262171,32.1119192793235,0.125,0.125,0.4375,0.3749999999999999,0.3249999999999999,0.1875,0.5763888888888888,15.916478607850456,3.7187870263638274,634.26465731811
Dominican Republic,DOM,1998,10150.4460178993,25.282270562898,53.2979393005371,75.9113027135939,3.08644032520187,8310362.0,27.4018777695512,32.9162985066011,0.0,0.0,0.375,0.3928570999999999,0.2749999999999999,0.125,0.5277777777777778,15.933013848188056,3.7438195628174102,479.29783908223
Dominican Republic,DOM,1999,10582.0775939337,23.150083572279,55.082950592041,76.3027532814337,6.07546439711917,8446208.0,26.4549890580057,33.1584737925779,0.0,0.0,0.53125,0.4107142499999999,0.2749999999999999,0.125,0.5277777777777778,15.949228259611491,3.812161069971075,431.6315760344005
Dominican Republic,DOM,2000,10896.3184155964,25.044357127715,59.4400787353516,79.3003930961432,4.0689908919589,8584190.0,26.1805010496925,31.6704245093107,0.0,0.0,0.6875,0.4285714,0.2749999999999999,0.125,0.5277777777777778,15.965432813744103,3.7668040153155093,314.2408216627009
Dominican Republic,DOM,2001,10991.1363420488,23.5782598872537,59.4400787353516,70.5105678080061,4.24930666375932,8720283.0,25.1714763697198,29.7327726328976,0.125,0.0,0.625,0.4285714,0.2999999999999999,0.1875,0.4722222222222221,15.98116236416215,3.770965301567826,94.81792645239875
Dominican Republic,DOM,2002,11313.0690271273,24.7522470352167,67.816276550293,68.7232829028777,3.41225986375611,8852235.0,23.0248531448954,31.088108747831,0.25,0.0,0.5625,0.4285714,0.325,0.25,0.3055555555555555,15.996180640439352,3.751500037916504,321.93268507850007
Dominican Republic,DOM,2003,11000.8684059352,20.0537203514849,67.816276550293,84.4495031861592,2.88055489904245,8980620.0,23.6969869895283,31.8823029095459,0.0,0.0,0.375,0.3928570999999999,0.2249999999999999,0.125,0.3055555555555555,16.01057959156221,3.7389356768063826,-312.2006211920998
Dominican Republic,DOM,2004,11131.2709216332,20.4393611293454,68.8893127441406,81.3514229381911,4.18629057899448,9104892.0,24.6331911113655,31.8129445090859,0.25,0.0,0.4375,0.3928570999999999,0.3,0.25,0.3055555555555555,16.02432251929006,3.769512998281132,130.40251569800057
Dominican Republic,DOM,2005,12022.5080544053,22.6126199111617,70.5230407714844,61.6535587358027,3.12598170087694,9225034.0,24.0192826391808,30.2693576810614,0.125,0.0,0.4375,0.3928570999999999,0.3,0.25,0.3055555555555555,16.03743154192161,3.744754814491299,891.2371327720994
Dominican Republic,DOM,2006,12961.9183632133,25.8801400051994,70.5230407714844,63.7664826351505,4.0356569620282,9341183.0,23.7519589473477,31.1098612659885,0.125,0.0,0.6875,0.4285714,0.35,0.371,0.3171296296296296,16.049943568766107,3.7660328424017924,939.410308808001
Dominican Republic,DOM,2007,13754.9212674095,27.0374299938478,79.9215469360352,61.229259153164,5.12424998266344,9455658.0,23.9339285139491,30.5469468544139,0.125,0.0,0.6875,0.4285714,0.35,0.371,0.3333333333333333,16.062123956218045,3.790914769794667,793.0029041961989
Dominican Republic,DOM,2008,14030.1411084465,28.0160895783936,78.7571563720703,61.4285058325394,5.67335967834237,9573130.0,22.9246248337483,29.3755031583439,0.125,0.0,0.6875,0.4285714,0.35,0.3733333,0.3333333333333333,16.074470878155346,3.8032346862803097,275.21984103700015
Dominican Republic,DOM,2009,13992.4103270189,22.9926848813914,80.7119979858398,50.6509376792025,3.51548540591409,9695265.0,19.5825475275378,27.3561708818325,0.125,0.0,0.5625,0.4285714,0.35,0.3733333,0.3333333333333333,16.087148283105613,3.7539210980398567,-37.73078142759914
Dominican Republic,DOM,2010,14975.0010126958,24.9200517402196,77.9718275378447,56.0573964175321,3.38320513554667,9820175.0,19.9744418787055,27.2729956898842,0.125,0.0,0.625,0.4642856999999999,0.35,0.3733333,0.3333333333333333,16.099949602776967,3.750817527555452,982.5906856768997
Dominican Republic,DOM,2011,15258.0858148503,24.3778439913801,77.4272200156803,59.0692578401698,3.79217588020774,9945621.0,19.6588979016416,27.543253721519,0.125,0.0,0.625,0.4642856999999999,0.35,0.3733333,0.3333333333333333,16.11264301230637,3.7603818534345685,283.0848021544989
Dominican Republic,DOM,2012,15487.2776356321,23.6441763702234,77.986106386808,58.5062536731089,5.64036946601582,10070411.0,20.1508236066381,27.3630347889582,0.25,0.25,0.625,0.4642856999999999,0.375,0.383,0.3148148148148148,16.125112177462572,3.8024987824510976,229.19182078179983
Dominican Republic,DOM,2013,16054.7677297656,21.8222569473428,79.1714978028552,56.8137658014945,2.55757225532805,10193833.0,18.4769423964753,28.042816852784,0.25,0.25,0.625,0.4642856999999999,0.525,0.4746667,0.3055555555555556,16.137293585660856,3.731225698122295,567.4900941335
Dominican Republic,DOM,2014,16993.587444403,22.1985116552393,80.11454424521,55.6601041506633,3.55938801753347,10315528.0,19.1100431055839,28.3860007406051,0.25,0.25,0.6875,0.4642856999999999,0.525,0.4723332999999999,0.3171296296296296,16.149160987709564,3.754949019440649,938.8197146374023
Dominican Republic,DOM,2015,17973.1870256815,22.5773862286248,79.9378896410207,52.3471238667007,3.13851060913817,10434829.0,19.0229197553437,26.9345632876959,0.25,0.25,0.6875,0.5,0.5,0.4723332999999999,0.324074074074074,16.16065980703347,3.7450509718757563,979.5995812784968
Dominican Republic,DOM,2016,18968.9752386179,22.168510614524,80.0944728713855,51.7306571245477,3.33024928523507,10551430.0,19.7161344753523,25.8795514870557,0.25,0.25,0.6875,0.5357143,0.5,0.4723332999999999,0.3287037037037036,16.17177204849853,3.749572368171513,995.7882129364007
Dominican Republic,DOM,2017,19501.8743054078,20.9638452990699,79.9406801126231,50.7595355508472,4.55025610026855,10666843.0,20.098320179394,25.7840049829017,0.25,0.25,0.6875,0.5357143,0.5,0.472,0.3402777777777778,16.1826507969577,3.777872205796777,532.8990667899016
Algeria,DZA,1996,10808.8788666941,24.8793780587037,58.9312896728516,53.7051478767794,0.575183341190148,29033044.0,23.8555955839469,44.2390490019449,0.125,0.5,0.0,0.3214286,0.175,0.375,0.4166666666666667,17.183945221991646,3.6825554138408965,
Algeria,DZA,1997,10725.9673493368,22.9515862396628,58.7424392700195,52.2439115059386,0.539669753188526,29579301.0,23.9191098164079,44.2390490019449,0.0625,0.375,0.0,0.3214286,0.1624999999999999,0.3125,0.4236111111111111,17.202585417943496,3.681661542231231,-82.91151735729909
Algeria,DZA,1998,11094.8875368585,25.7480990288356,58.7424392700195,45.0944505585079,1.25882531840803,30054133.0,24.2103057092103,44.2390490019449,0.0,0.25,0.0,0.3214286,0.15,0.25,0.3935185185185185,17.218510780198983,3.699608653662448,368.9201875216986
Algeria,DZA,1999,11292.0372997165,24.390077444307,64.7455978393555,50.9291093379713,0.599498299671608,30474354.0,24.3725691961561,44.2390490019449,0.0,0.125,0.125,0.3214286,0.15,0.25,0.3888888888888888,17.232396068218378,3.6831669571727663,197.14976285800003
Algeria,DZA,2000,11558.220469383,20.6772427594523,64.5954208374023,62.8583436360347,0.511220957154505,30903893.0,24.6896625122989,53.3309696535528,0.0,0.0,0.25,0.3214286,0.15,0.25,0.3888888888888888,17.24639275334567,3.680944913519467,266.18316966650127
Algeria,DZA,2001,11742.5946761225,25.1243840198169,68.763298034668,54.5296491177208,1.87349238167778,31331221.0,24.9960433024526,40.8145902645976,0.0,0.125,0.21875,0.33928575,0.3249999999999999,0.375,0.3865740740740741,17.26012566631711,3.7146969366252365,184.37420673949964
Algeria,DZA,2002,12213.1263531246,27.1231934912643,72.5830688476562,56.5896052814114,1.73118897497205,31750835.0,24.7761332187632,39.7667145410183,0.0,0.25,0.1875,0.3571429,0.5,0.5,0.3611111111111111,17.273429613664987,3.71122400017917,470.53167700209997
Algeria,DZA,2003,12835.1814413331,26.1191090523597,75.4358673095703,57.7691353044878,0.868036712018978,32175818.0,24.6808372237922,42.0401015762179,0.0,0.0,0.375,0.3214286,0.4499999999999999,0.375,0.3611111111111111,17.286725765667956,3.6898961857206656,622.055088208499
Algeria,DZA,2004,13226.7650481165,26.1014395272487,79.6298599243164,61.3579975707176,0.962586875552012,32628286.0,26.7845392154214,44.9814633218361,0.0,0.0,0.4375,0.3214286,0.3999999999999999,0.375,0.3842592592592592,17.30069016948995,3.692254754116389,391.5836067834007
Algeria,DZA,2005,13738.495644436,24.8333849865266,81.8563690185547,66.8404602203906,1.07990333031143,33109249.0,27.6064522098653,48.5068360058496,0.25,0.0,0.4375,0.3214286,0.375,0.375,0.4166666666666667,17.315323257500037,3.6951735189762283,511.73059631949945
Algeria,DZA,2006,13920.6940553701,25.1669293883515,83.4811935424805,65.9152919677621,1.49572335207526,33623506.0,28.2635130947033,50.8913842012469,0.25,0.0,0.4375,0.3214286,0.375,0.3556667,0.4166666666666667,17.330735993413512,3.7054508023827624,182.19841093410105
Algeria,DZA,2007,14114.6745192683,27.9986237172174,73.517822265625,67.5454733939763,1.1838181536619,34189416.0,28.86559006916,50.3717168823853,0.25,0.0,0.5,0.375,0.375,0.3556667,0.4166666666666667,17.347426709700578,3.697751763213963,193.98046389819865
Algeria,DZA,2008,14206.7767147039,30.0397675681438,80.2311401367188,71.0284922505261,1.46277344571787,34816961.0,29.3357571615592,51.6161712058703,0.25,0.0,0.5625,0.3214286,0.35,0.3606667,0.4166666666666667,17.365615239790287,3.704640264453719,92.10219543560015
Algeria,DZA,2009,14104.42817214,38.7738534672056,96.3929595947266,64.2847547238993,1.82742164668261,35490445.0,29.7897479274434,42.0128802106709,0.25,0.0,0.3125,0.2142857,0.325,0.3606667,0.4166666666666667,17.384774091463974,3.7135738930637303,-102.34854256389917
Algeria,DZA,2010,14496.4211312996,36.8247454236446,100.739776611328,63.4912159928425,1.29390467487817,36188236.0,30.3839511132154,45.2431946364671,0.25,0.0,0.1875,0.2142857,0.325,0.3646667,0.4398148148148148,17.404244679238634,3.7004759023671925,391.9929591595992
Algeria,DZA,2011,14641.9640935685,32.5550419569134,103.184272766113,62.2200899610479,1.17767329101171,36903376.0,30.8573804559457,44.9869856015855,0.25,0.0,0.3125,0.1785714,0.325,0.3646667,0.4444444444444444,17.423813622438452,3.697599487003756,145.54296226890074
Algeria,DZA,2012,14697.5396133853,32.3722774660867,103.184272766113,60.7576393340605,0.660551953898791,37646166.0,30.5920583030318,43.1950549091774,0.25,0.0,0.375,0.1785714,0.325,0.3776666999999999,0.4444444444444444,17.443741700918686,3.6847008656611484,55.57551981679899
Algeria,DZA,2013,14778.1914257233,35.5482724924833,103.184272766113,59.151008157244,0.736559065111634,38414171.0,30.3771783621735,39.7438543670176,0.25,0.0,0.375,0.1785714,0.35,0.3776666999999999,0.4444444444444444,17.463937011971144,3.686607181938624,80.65181233800104
Algeria,DZA,2014,15073.7629403565,38.5992038440274,103.184272766113,56.9235419669867,0.628688968391006,39205031.0,31.0700120585744,38.5614138325673,0.25,0.0,0.375,0.1785714,0.35,0.3776666999999999,0.4444444444444444,17.484315663869246,3.683900635402995,295.5715146332004
Algeria,DZA,2015,15239.5171456469,42.8089904007225,103.184272766113,53.2046225904145,-0.286832290676438,40019529.0,31.1411247379316,32.7565009315894,0.25,0.0,0.375,0.1785714,0.35,0.3816666999999999,0.4444444444444444,17.504878142922962,3.6606296840095753,165.7542052903991
Algeria,DZA,2016,15511.6858768094,43.3866935269655,103.184272766113,49.7609327925216,0.906300705997455,40850721.0,31.345279703912,32.205164049828,0.25,0.25,0.375,0.2142857,0.35,0.3686666999999999,0.4444444444444444,17.5254350535327,3.6908513571376025,272.168731162501
Algeria,DZA,2017,15427.6641894713,41.5075397965874,103.184272766113,49.8208161712587,0.647902696344894,41689299.0,30.9825092666137,33.4766949498416,0.25,0.25,0.375,0.2142857,0.35,0.3686666999999999,0.4444444444444444,17.54575505911875,3.6843832596251596,-84.0216873381014
Ecuador,ECU,1996,9509.27540633173,13.1543227552553,55.9612693786621,44.2157026832153,1.98078257206972,11810950.0,18.0939748107162,26.7891803608979,0.125,0.0,0.125,0.4642856999999999,0.325,0.25,0.5787037037037037,16.284537709910413,3.7173074183202606,
Ecuador,ECU,1997,9739.26682428016,13.3760293636785,55.9612693786621,45.0171863180765,2.57065775466879,12031127.0,18.5777592438024,25.8733559916857,0.125,0.125,0.28125,0.4999999999999999,0.325,0.25,0.5787037037037037,16.303007849141178,3.731539222623592,229.99141794842944
Ecuador,ECU,1998,9876.7507512592,14.8854082962092,55.9612693786621,43.395107949805,3.10908156656419,12251184.0,17.6081377303003,25.8163124547115,0.125,0.25,0.4375,0.5357143,0.325,0.25,0.5185185185185185,16.32113322497039,3.744355191396946,137.48392697904092
Ecuador,ECU,1999,9242.96681019585,12.7891339388708,55.9612693786621,49.2012507989376,3.30059048812225,12470795.0,19.1057271155886,28.7803284365777,0.125,0.125,0.34375,0.48214285,0.3375,0.25,0.5,16.338900148818645,3.748874318197987,-633.7839410633496
Ecuador,ECU,2000,9183.05155276919,15.0108794950112,55.9612693786621,65.4042953826391,-0.133637950998727,12689206.0,19.1050554822227,34.6929113152167,0.125,0.0,0.25,0.4285714,0.35,0.25,0.5,16.356262347588256,3.664561537946128,-59.9152574266609
Ecuador,ECU,2001,9405.11680690106,15.2970190108511,56.2870216369629,56.128486744205,2.32873824691471,12910740.0,19.0486173799876,28.4638100268279,0.125,0.0,0.28125,0.39285715,0.35,0.3125,0.4861111111111111,16.37357015854204,3.7257269563380837,222.06525413187046
Ecuador,ECU,2002,9697.55517665978,16.7190029702231,57.2436103820801,54.7966439366136,2.8951552675912,13138472.0,18.3398981595976,27.9809746339912,0.125,0.0,0.3125,0.3571429,0.35,0.375,0.4236111111111111,16.391055354222164,3.739282804534492,292.43836975872
Ecuador,ECU,2003,9802.81408202125,15.4365667429071,56.8165702819824,52.3575426975979,2.81449236195545,13372306.0,17.6040486837679,27.5468648555501,0.125,0.0,0.3125,0.3571429,0.375,0.375,0.5,16.408696484679165,3.737363514202045,105.25890536147017
Ecuador,ECU,2004,10290.6634264766,15.7699598183796,57.409610748291,56.0745467239942,2.37801066697343,13608701.0,16.976874902555,29.6637383769892,0.0,0.0,0.25,0.3571429,0.375,0.375,0.5,16.42621999902884,3.7269134995395214,487.84934445534964
Ecuador,ECU,2005,10660.2046228939,16.2952744751966,59.8716011047363,61.9581507902572,1.22499487397379,13846163.0,16.5694774149742,32.1244730702211,0.0,0.0,0.3125,0.3214286,0.35,0.375,0.4791666666666667,16.443518784726013,3.6987715681263955,369.54119641729994
Ecuador,ECU,2006,10933.4897470283,16.5773335099992,61.9531517028809,65.8423556166562,0.594056305145447,14086131.0,16.6688583817249,34.7933483797009,0.0,0.0,0.3125,0.25,0.3,0.438,0.4722222222222222,16.46070132525026,3.6830301185391416,273.28512413439967
Ecuador,ECU,2007,10952.8226853948,16.4663148355349,63.4471893310547,68.8505854462677,0.388921736574003,14328773.0,16.7040985198051,35.4352292862054,0.0,0.0,0.3125,0.25,0.2625,0.438,0.4722222222222222,16.477780241364155,3.677858318163647,19.332938366500457
Ecuador,ECU,2008,11474.5257023541,17.4363395358655,63.4471893310547,74.5902963648439,1.7294958127597,14575202.0,16.8307616700468,38.9201614839835,0.0,0.0,0.3125,0.25,0.2249999999999999,0.438,0.4722222222222222,16.49483221806267,3.711182605601912,521.7030169592999
Ecuador,ECU,2009,11403.5277978831,18.1411514952214,85.9710388183594,57.3473460627608,0.513570185696715,14825954.0,16.8657555152802,31.0916213331503,0.0,0.25,0.375,0.1071429,0.2249999999999999,0.438,0.4722222222222222,16.51188991898578,3.681004110335739,-70.99790447099986
Ecuador,ECU,2010,11665.6978598204,19.7127718521821,91.5583877563477,65.7773849135062,0.243419054034351,15076695.0,16.5893881307238,33.9061751825852,0.0,0.25,0.375,0.1428571,0.2249999999999999,0.4423333,0.4513888888888889,16.528660798395343,3.6741736592199996,262.1700619373005
Ecuador,ECU,2011,12449.0785549218,20.9410177780933,95.6929702758789,70.0356837525249,0.817966548837347,15326227.0,16.0804858954401,37.4057005178901,0.0,0.25,0.375,0.1428571,0.2249999999999999,0.4406666999999999,0.4444444444444445,16.54507616708198,3.6886449211872256,783.3806951013994
Ecuador,ECU,2012,12961.0267423765,22.1395923781794,98.554801940918,67.0029290916898,0.646739602691481,15572194.0,16.2124540085405,37.0917503800762,0.0,0.25,0.375,0.1428571,0.2249999999999999,0.4426666999999999,0.4444444444444445,16.56099751011032,3.6843540508255184,511.9481874547
Ecuador,ECU,2013,13689.1520460125,23.9253464733797,100.659210205078,63.4333003342414,0.752903273859877,15807128.0,17.745985049549,36.8322936524171,0.0,0.25,0.5625,0.1428571,0.3,0.4456666999999999,0.4444444444444445,16.575971598767588,3.6870166328387963,728.1253036359994
Ecuador,ECU,2014,14064.7992246727,23.4838892665471,102.590339660645,61.4263766217565,0.751953401658059,16035124.0,18.5898192811504,35.7119955282529,0.0,0.25,0.5625,0.1428571,0.3,0.4456666999999999,0.4421296296296296,16.590292186526465,3.686992841473457,375.64717866020146
Ecuador,ECU,2015,13881.5700738105,22.5415046121288,100.791786193848,47.8280397077826,1.36067004574537,16266225.0,18.2715367507203,28.0900423392523,0.125,0.25,0.5,0.0714286,0.3,0.4456666999999999,0.4166666666666667,16.604601491624386,3.702124432834341,-183.22915086220019
Ecuador,ECU,2016,13586.5160772568,20.7148337835895,98.0803764939006,40.5344917996647,0.78469808886928,16505139.0,17.2903721887704,27.5339637947157,0.125,0.25,0.5,0.1428571,0.375,0.4436666999999999,0.4166666666666667,16.619182405511555,3.6878126683751,-295.0539965537009
Ecuador,ECU,2017,14179.1537503305,21.4612286161457,96.1637651807361,43.6177233172817,0.605279629548276,16759519.0,17.2219900003639,28.4680086969835,0.125,0.25,0.5625,0.1428571,0.375,0.4506667,0.4166666666666667,16.63447701298995,3.6833123078642367,592.6376730737011
"Egypt, Arab Rep.",EGY,1996,8662.33147869592,23.9268962510898,66.10498046875,46.9485614646905,0.940414995640802,67028048.0,24.1915110397395,29.5187445510026,0.25,0.5,0.5,0.3571429,0.4499999999999999,0.25,0.5046296296296297,18.02062173154026,3.6917021722381116,
"Egypt, Arab Rep.",EGY,1997,8950.65410694496,25.7543437382475,70.2326889038086,43.7382474614517,1.13537589319293,68431740.0,22.9170247466544,28.9996239187665,0.25,0.5,0.59375,0.3571429,0.4499999999999999,0.25,0.5,18.041347324662613,3.6965506830366066,288.32262824903955
"Egypt, Arab Rep.",EGY,1998,9245.47890469795,21.346068197634,70.2326889038086,41.9276270006959,1.26843702157272,69943294.0,22.8638996985265,28.6450939457203,0.25,0.5,0.6875,0.3571429,0.4499999999999999,0.25,0.5,18.0631954002999,3.6998463536230553,294.82479775299
"Egypt, Arab Rep.",EGY,1999,9588.85938515274,20.8140117035111,76.0923614501953,38.3615084525358,1.1743928153446,71520954.0,23.1859816052909,28.4008452535761,0.25,0.5,0.6875,0.3749999999999999,0.4499999999999999,0.25,0.5,18.085501041648662,3.6975181838444517,343.3804804547908
"Egypt, Arab Rep.",EGY,2000,9981.62775083138,18.9499558953249,77.8339462280273,39.0179359012055,1.23699720670391,73083284.0,21.8575443233163,30.7518670979124,0.25,0.5,0.6875,0.3928570999999999,0.4499999999999999,0.25,0.5,18.107110239202743,3.699068628739333,392.7683656786394
"Egypt, Arab Rep.",EGY,2001,10117.3331821699,17.7256202955116,79.3897399902344,39.8104265402844,0.527384722609423,74652029.0,21.8545790563329,30.8988569835517,0.25,0.375,0.59375,0.4107142499999999,0.4999999999999999,0.3125,0.4976851851851852,18.12834827514973,3.681352143781643,135.7054313385197
"Egypt, Arab Rep.",EGY,2002,10143.5063455702,17.8147268408551,78.8174133300781,40.9870678279229,0.759753233043019,76239137.0,21.1718304755143,32.5835048825548,0.25,0.25,0.5,0.4285714,0.5499999999999999,0.375,0.4722222222222221,18.149385510845462,3.687188186405773,26.173163400300837
"Egypt, Arab Rep.",EGY,2003,10250.3765500459,16.311377245509,78.5066070556641,46.1796407185629,0.295683832335329,77853548.0,20.2910715175887,33.3705868263473,0.25,0.25,0.375,0.3571429,0.5499999999999999,0.375,0.4722222222222221,18.17034004287379,3.67549875720517,106.87020447569921
"Egypt, Arab Rep.",EGY,2004,10451.8217511537,16.4022254275706,77.7841796875,57.8199052132701,1.59083618380383,79477443.0,20.4666726419028,34.6679167525242,0.25,0.25,0.375,0.3928570999999999,0.5499999999999999,0.375,0.4722222222222221,18.19098381609706,3.707786813569732,201.44520110780104
"Egypt, Arab Rep.",EGY,2005,10700.6090373232,17.9201485608171,77.7841796875,62.9526462395543,5.99551598885794,81101004.0,22.0194427422115,34.1486722376973,0.25,0.25,0.3125,0.5,0.525,0.25,0.4722222222222221,18.211205911117368,3.810392618027761,248.78728616949957
"Egypt, Arab Rep.",EGY,2006,11211.8320229508,18.7307754573416,77.7841796875,61.5185365063947,9.34856726566294,82700403.0,22.6045152278185,36.1547353084021,0.25,0.25,0.3125,0.5,0.5499999999999999,0.2966667,0.4861111111111111,18.230735045108954,3.882001238330481,511.2229856276008
"Egypt, Arab Rep.",EGY,2007,11782.0060717966,20.8512352309343,77.7841796875,65.077873254565,8.87633606337272,84276225.0,22.628701729209,35.0653866809882,0.25,0.25,0.46875,0.5535713999999999,0.5499999999999999,0.2966667,0.4976851851851852,18.249610366590566,3.8722211008037086,570.1740488457999
"Egypt, Arab Rep.",EGY,2008,12391.5847624705,22.2780569514238,77.7841796875,71.6806253489671,5.8314126186488,85864789.0,23.1252427006211,36.2125516471245,0.25,0.25,0.5,0.6071428999999999,0.575,0.2963332999999999,0.4722222222222222,18.268284407697465,3.8067528379725957,609.5786906738995
"Egypt, Arab Rep.",EGY,2009,12728.0814586737,18.9119170984456,63.2154998779297,56.5534446363462,3.54835118019574,87501636.0,23.9803792245906,35.8164459796584,0.25,0.25,0.5,0.6071428999999999,0.625,0.3796666999999999,0.4722222222222222,18.28716805972427,3.754690705946657,336.49669620319946
"Egypt, Arab Rep.",EGY,2010,13128.9878334085,19.2110061329355,64.7296371459961,47.9363500745898,2.91601657550141,89196072.0,25.6739037480747,35.7845184816841,0.25,0.25,0.4375,0.6071428999999999,0.6,0.3523332999999999,0.4722222222222222,18.306347571917446,3.7397785788053763,400.9063747348009
"Egypt, Arab Rep.",EGY,2011,13082.4263680701,16.7092115819415,72.5487594604492,45.2556341623514,-0.204542848807527,91093059.0,23.8322634932111,35.9517175990081,0.25,0.25,0.1875,0.6071428999999999,0.4499999999999999,0.3816666999999999,0.4467592592592592,18.327392179306386,3.6627436292171915,-46.56146533840001
"Egypt, Arab Rep.",EGY,2012,13076.8052395914,14.6951692840509,73.0182495117188,40.7117692721084,1.00234071774049,93161001.0,25.1105241785022,39.2513148623634,0.25,0.25,0.1875,0.5714286,0.3999999999999999,0.3186666999999999,0.4375,18.349839758611708,3.693244761078763,-5.621128478700484
"Egypt, Arab Rep.",EGY,2013,13058.0748239258,12.9864545259084,73.8954466194364,40.373038056332,1.45343420769727,95333553.0,24.3845874421203,39.8869544184046,0.25,0.25,0.125,0.4642856999999999,0.425,0.2756667,0.4444444444444444,18.372892394798654,3.7044104080902813,-18.730415665600958
"Egypt, Arab Rep.",EGY,2014,13136.365629827,12.4460093896714,73.3723421134374,36.9201877934272,1.50925042253521,97528654.0,24.6889563201701,39.890323943662,0.25,0.25,0.375,0.5,0.425,0.1886667,0.4444444444444444,18.39565679022458,3.7057833659718304,78.29080590120066
"Egypt, Arab Rep.",EGY,2015,13425.9119599775,13.6544048447154,73.3723421134374,34.8459429600229,2.10258128401326,99597342.0,25.3105555619551,36.6302017267482,0.25,0.25,0.5,0.4285714,0.475,0.2726667,0.4444444444444444,18.41664604549217,3.720262671634638,289.5463301505006
"Egypt, Arab Rep.",EGY,2016,13727.3201600494,14.4681479294309,75.7524086692863,30.2465490514505,2.43856278142762,101644589.0,25.502635112937,32.4559533476046,0.375,0.25,0.5,0.3214286,0.475,0.2769999999999999,0.4444444444444444,18.43699287478265,3.7283697466858277,301.40820007189905
"Egypt, Arab Rep.",EGY,2017,14018.360593453,16.3133564922454,76.4337653082262,42.8321343581608,2.98301550917695,103696057.0,26.557187423065,34.3958677753768,0.375,0.25,0.5,0.3214286,0.4499999999999999,0.2786667,0.4444444444444444,18.45697465897674,3.7413691651629124,291.0404334036011
Eritrea,ERI,1996,6575.77541290499,27.5892573606133,28.9619407653809,116.617520301229,5.2873318249158,2128464.0,12.850847927625,18.9062287347457,0.625,0.25,0.1875,0.25,0.5,0.125,0.4444444444444444,14.570911620610332,3.794589572481966,
Eritrea,ERI,1997,6575.77541290499,31.2807273816123,32.2417984008789,115.414776658722,5.94284422038848,2152135.0,12.894276588173,20.980605584847,0.625,0.25,0.1875,0.25,0.5,0.125,0.4444444444444444,14.581971395292987,3.8092258117518623,0.0
Eritrea,ERI,1998,6575.77541290499,32.2868589150857,32.2417984008789,94.9275656742685,0.0061021954325007,2180419.0,12.7649389791558,19.280352024027,0.625,0.25,0.1875,0.25,0.5,0.125,0.4444444444444444,14.59502807675907,3.668134646558942,0.0
Eritrea,ERI,1999,6575.77541290499,45.5141796492478,40.1892585754395,96.2592361791151,12.080107518727,2212780.0,12.7388192065511,20.8742099172082,0.625,0.25,0.1875,0.25,0.46875,0.125,0.4444444444444444,14.609760653449404,3.936769484915945,0.0
Eritrea,ERI,2000,6575.77541290499,21.9967567603027,45.2635498046875,67.8813619265146,3.94553531730238,2247031.0,12.7607130324785,19.160680418751,0.625,0.25,0.1875,0.25,0.4375,0.125,0.4444444444444444,14.625120792276563,3.7639449162430054,0.0
Eritrea,ERI,2001,6575.77541290499,35.2606217610795,45.8157081604004,72.0627109589752,1.61245168864149,2312079.0,12.767702297568,18.5335104260986,0.625,0.375,0.34375,0.27083335,0.46875,0.125,0.4444444444444444,14.653658110251891,3.7083169393313993,0.0
Eritrea,ERI,2002,6575.77541290499,29.5489323270544,46.5302581787109,76.5901636574451,3.12155398906868,2392978.0,12.8811614799759,19.1738449069837,0.625,0.5,0.5,0.2916667,0.5,0.125,0.4444444444444444,14.688049591256517,3.744650131596167,0.0
Eritrea,ERI,2003,6575.77541290499,26.5439604075464,47.3321685791016,74.0078242901552,2.87271930691421,2493903.0,12.8161267624871,19.69660113404,0.625,0.5,0.5,0.2916667,0.5,0.125,0.4444444444444444,14.729359912099552,3.738749333776855,0.0
Eritrea,ERI,2004,6575.77541290499,20.2629217457409,47.4052391052246,65.570906849032,2.17335313535463,2598284.0,12.8483936264078,19.6127388525368,0.5959595999999999,0.4747475,0.4848484999999999,0.3164983,0.5,0.1919191999999999,0.4444444444444444,14.770362169965155,3.721975835656148,0.0
Eritrea,ERI,2005,6575.77541290499,20.3394397206045,51.6001396179199,61.1060310218073,0.130327551691687,2661215.0,12.7200451311931,20.4623875049573,0.625,0.5,0.5,0.2916667,0.5,0.125,0.4444444444444444,14.794293719157062,3.6713003629662517,0.0
Eritrea,ERI,2006,6575.77541290499,13.6811165438244,53.1192588806152,45.2608460537354,1.26949256396085,2703502.0,12.6396195453574,18.1529072515031,0.25,0.25,0.5,0.0714286,0.1999999999999999,0.1603332999999999,0.4444444444444444,14.810058897476228,3.6998724540225867,0.0
Eritrea,ERI,2007,6575.77541290499,12.6735754136609,50.1338500976562,34.5595595326375,0.546785999949131,2743222.0,12.6327456812127,19.1952082293037,0.25,0.25,0.5,0.0714286,0.1999999999999999,0.1603332999999999,0.4444444444444444,14.82464406446432,3.6818407211032746,0.0
Ethiopia,ETH,1996,826.991658780615,32.1076664694521,11.0706901550293,48.232935411689,0.250307732741369,59467635.0,6.54687146315038,9.54552501331735,0.0,0.0,0.3125,0.1071429,0.15,0.125,0.4722222222222222,17.900942789757654,3.6743484122183596,
Ethiopia,ETH,1997,826.00521803882,32.1076664694521,11.0706901550293,48.232935411689,3.27697722032662,61404539.0,6.53141865189346,11.9051331681556,0.0,0.0,0.3125,0.1071429,0.15,0.125,0.4722222222222222,17.93299433175192,3.7483182072883383,-0.986440741795036
Ethiopia,ETH,1998,772.78664639708,32.1076664694521,11.0706901550293,48.232935411689,3.25297744362568,63363524.0,6.50456735725716,11.2887200042371,0.0,0.0,0.3125,0.1071429,0.15,0.125,0.4722222222222222,17.964398938392602,3.747752676719821,-53.21857164174003
Ethiopia,ETH,1999,787.679577487053,32.1076664694521,13.2957601547241,48.232935411689,0.886611360320082,65374561.0,6.51749615587662,11.8979313695795,0.0,0.0,0.3125,0.1071429,0.15,0.125,0.4722222222222222,17.995643780518122,3.6903599724666276,14.892931089973104
Ethiopia,ETH,2000,810.270749126975,32.1076664694521,14.451319694519,48.232935411689,1.63351478937744,67411494.0,6.63186730623256,11.4104671171237,0.0,0.0,0.3125,0.1071429,0.15,0.125,0.4722222222222222,18.02632611030214,3.7088332470305754,22.59117163992198
Ethiopia,ETH,2001,851.313428423251,32.1076664694521,17.3430194854736,48.232935411689,4.24475958430851,69487762.0,6.77800479547417,11.9279294612334,0.0,0.0,0.3125,0.1071429,0.15,0.125,0.4722222222222222,18.05666122309009,3.770860577654865,41.04267929627599
Ethiopia,ETH,2002,838.298046963913,32.1076664694521,19.1939201354981,48.232935411689,3.2480726995032,71635517.0,6.90223840276772,12.7402796419574,0.0,0.0,0.3125,0.1071429,0.15,0.125,0.4722222222222222,18.08710157038558,3.7476370619940074,-13.015381459338073
Ethiopia,ETH,2003,795.772138310178,32.1076664694521,19.5667705535889,48.232935411689,5.39212251252315,73832663.0,7.00715663338178,12.8995022232624,0.0,0.0,0.3125,0.1071429,0.15,0.125,0.4722222222222222,18.11731179327751,3.7969437655189764,-42.52590865373497
Ethiopia,ETH,2004,877.114494970686,32.1076664694521,21.47705078125,48.232935411689,5.38041579859625,76077206.0,7.19750993069642,12.6855403366012,0.0,0.0,0.375,0.1428571,0.15,0.125,0.4722222222222222,18.147259264171065,3.7966810411673446,81.34235666050802
Ethiopia,ETH,2005,952.115666295785,32.1076664694521,23.8548793792725,48.232935411689,2.13780093729558,78367470.0,7.36196391647164,11.7888335264129,0.0,0.0,0.375,0.1428571,0.175,0.25,0.4722222222222222,18.176919488507085,3.721115595572824,75.001171325099
Ethiopia,ETH,2006,1024.72911938972,32.1076664694521,27.4775695800781,48.232935411689,3.5682352741624,80703490.0,7.45815231198786,11.5923160493911,0.25,0.25,0.25,0.3214286,0.325,0.324,0.4722222222222222,18.206292391288425,3.75515603835729,72.61345309393494
Ethiopia,ETH,2007,1109.14330261241,32.1076664694521,30.251350402832,48.232935411689,1.12647092519686,83103217.0,7.56911970614524,11.5894966658928,0.25,0.25,0.25,0.3214286,0.325,0.324,0.4699074074074074,18.235593983504305,3.6963297356970912,84.4141832226901
Ethiopia,ETH,2008,1193.74728332973,32.1076664694521,31.3109302520752,48.232935411689,0.400997134132688,85543668.0,7.67217899275522,10.2068542889297,0.25,0.25,0.25,0.3571429,0.325,0.3173333,0.4861111111111111,18.264537552057362,3.678163502046063,84.60398071731993
Ethiopia,ETH,2009,1262.46398002755,32.1076664694521,31.649019241333,48.232935411689,0.682729366934427,88007636.0,7.77890044353007,9.68348044252178,0.25,0.25,0.25,0.3571429,0.325,0.3173333,0.4861111111111111,18.292934152767867,3.68525746765959,68.71669669782
Ethiopia,ETH,2010,1381.19044652656,32.1076664694521,33.0478591918945,48.232935411689,0.963030625359937,90538514.0,7.93768755528049,9.43512813822331,0.25,0.25,0.25,0.3571429,0.325,0.2893332999999999,0.4861111111111111,18.321285898247123,3.69226581041887,118.72646649901003
Ethiopia,ETH,2011,1492.5339647204,32.1076664694521,34.4468994140625,48.232935411689,1.96735663905254,93149970.0,8.10374575980596,9.6646421928884,0.25,0.25,0.25,0.2857143,0.325,0.293,0.4861111111111111,18.349721343686003,3.716981124214443,111.34351819384005
Ethiopia,ETH,2012,1576.76875736149,37.0979619673542,36.2193489074707,45.3979041835072,0.643172898229037,95798767.0,8.24082458185743,9.47613796506918,0.25,0.25,0.3125,0.2142857,0.3,0.2906667,0.4675925925925925,18.377760382733136,3.6842644747683164,84.23479264109005
Ethiopia,ETH,2013,1696.86515591049,34.0811183155872,36.2193489074707,41.4717870807625,2.82040845857162,98438751.0,8.40852577209384,10.9445569914695,0.25,0.25,0.3125,0.1428571,0.35,0.2943332999999999,0.4768518518518518,18.4049451056335,3.737504406843703,120.09639854900001
Ethiopia,ETH,2014,1821.39161774962,37.9937253037378,36.2193489074707,40.7410841498626,3.33569111068815,101115610.0,8.14374703337432,13.4713245062584,0.25,0.25,0.3125,0.1785714,0.3999999999999999,0.2906667,0.4861111111111111,18.431775083544263,3.7497003941836287,124.52646183912998
Ethiopia,ETH,2015,1957.41454187301,40.6712729848122,33.9114221981431,39.6561241449515,4.22926466080082,103867135.0,7.87829483700015,16.2977936386153,0.25,0.25,0.3125,0.1785714,0.3999999999999999,0.2943332999999999,0.4861111111111111,18.458623101896155,3.7705036312572164,136.02292412338988
Ethiopia,ETH,2016,2084.840556194,37.3487629699646,33.9114221981431,34.8990210816111,6.0502150951561,106718162.0,7.6405417588208,21.9325618536317,0.375,0.25,0.25,0.1785714,0.3999999999999999,0.2866667,0.4861111111111111,18.485701926715073,3.811602895383928,127.4260143209899
Ethiopia,ETH,2017,2222.82824481382,38.4439871569806,33.9114221981431,31.1036494929016,5.26039764214773,109666481.0,7.39245298643381,23.5819066692345,0.25,0.25,0.25,0.25,0.425,0.2806667,0.4861111111111111,18.512954336169543,3.793983581623201,137.98768861982035
Fiji,FJI,1996,8956.35010569935,21.8350400834961,76.7268676757812,68.6270739127592,-3.3911355115158,803789.0,19.0044027247051,20.7719603642207,0.625,0.625,0.875,0.5,0.625,0.5625,0.4444444444444444,13.597093320014151,3.577431495364466,
Fiji,FJI,1997,8669.25168630675,21.8350400834961,76.7268676757812,68.6270739127592,-2.87977200424178,812139.0,19.1650698616405,21.3514050901379,0.625,0.625,0.875,0.5,0.625,0.5625,0.4444444444444444,13.60742801807537,3.5916216126691602,-287.0984193925997
Fiji,FJI,1998,8673.87816621436,21.8350400834961,76.7268676757812,68.6270739127592,1.23001999628593,822258.0,21.3354482057048,20.9590500837266,0.625,0.625,0.875,0.5,0.625,0.5625,0.4444444444444444,13.619810709567563,3.698895951847534,4.626479907608882
Fiji,FJI,1999,9328.6066405707,21.8350400834961,76.0805587768555,68.6270739127592,-7.59550090453841,831828.0,21.4887405213153,19.0241472431242,0.625,0.625,0.8125,0.47916665,0.5625,0.40625,0.4444444444444444,13.631382169833245,3.452433831537571,654.7284743563414
Fiji,FJI,2000,9070.99316578265,21.8350400834961,75.6572799682617,68.6270739127592,0.0352382457624236,840909.0,21.1604602571265,19.5873526859446,0.625,0.625,0.75,0.4583333,0.5,0.25,0.4444444444444444,13.642239917770734,3.6688780397979817,-257.61347478805146
Fiji,FJI,2001,9157.80841609435,21.8350400834961,74.7156372070312,68.6270739127592,2.49941576652652,849596.0,21.0579055023429,20.6243487506645,0.625,0.625,0.75,0.54166665,0.5625,0.34375,0.4444444444444444,13.652517398390131,3.7298310962451438,86.81525031170167
Fiji,FJI,2002,9357.75384260711,21.8350400834961,76.0836715698242,68.6270739127592,1.67309841241214,858049.0,21.0033001642232,19.9006036116931,0.625,0.625,0.75,0.625,0.625,0.4375,0.4444444444444444,13.662417651830449,3.7098028170369046,199.9454265127588
Fiji,FJI,2003,9361.46421337988,21.8350400834961,77.7666320800781,68.6270739127592,1.75225501277583,866286.0,20.8461798271572,18.655828671008,0.5,0.625,0.75,0.5,0.625,0.375,0.4444444444444444,13.671971541416795,3.711738881272961,3.710370772771057
Fiji,FJI,2004,9766.52768879045,21.8350400834961,80.5614318847656,68.6270739127592,9.25370794256615,874366.0,20.930944069316,19.7616287741578,0.5151515,0.5353534999999999,0.7474746999999999,0.3838383999999999,0.6313131,0.4444443999999999,0.4444444444444444,13.681255474967603,3.8800443178642103,405.06347541056857
Fiji,FJI,2005,9745.58145847385,21.8350400834961,80.5614318847656,68.6270739127592,5.80296958864135,882379.0,20.8526836929382,16.4509285714286,0.375,0.625,0.8125,0.5,0.6875,0.5,0.4444444444444444,13.690378081206722,3.80612062794001,-20.946230316600122
Fiji,FJI,2006,9837.08591539941,21.8350400834961,79.7871704101562,68.6270739127592,18.9830079707872,890365.0,19.8626515615068,16.1619035995268,0.375,0.625,0.8125,0.5,0.6875,0.566,0.4444444444444444,13.699387893129048,4.063123229426467,91.50445692556059
Fiji,FJI,2007,9672.29015915616,21.8350400834961,79.2860107421875,68.6270739127592,13.7414773077002,897832.0,18.7975322166806,15.4808293965184,0.375,0.5,0.75,0.4583333,0.5625,0.566,0.4444444444444444,13.707739361170393,3.9686704211874546,-164.79575624324934
Fiji,FJI,2008,9711.96604655315,21.8350400834961,79.2769012451172,68.6270739127592,19.2785877551773,903399.0,17.9363694755236,16.0860936934707,0.375,0.375,0.6875,0.3333333,0.5625,0.511,0.4444444444444444,13.71392070220264,4.068192919331687,39.67588739699022
Fiji,FJI,2009,9536.81721085631,21.8350400834961,79.3391189575195,68.6270739127592,10.7423905992561,907239.0,16.9517884914463,16.677811857564,0.375,0.375,0.625,0.2916667,0.4375,0.511,0.4444444444444444,13.718162302694372,3.9103224369484395,-175.14883569684025
Fiji,FJI,2010,9784.30356200221,21.8350400834961,79.3391189575195,68.6270739127592,5.67141021084985,910419.0,16.2479715766764,16.972580397166,0.375,0.5,0.625,0.3333333,0.4375,0.362,0.4444444444444444,13.721661310478456,3.803191215083227,247.48635114589888
Fiji,FJI,2011,10020.6957855059,21.8350400834961,83.9304962158203,68.6270739127592,5.74582849158733,912989.0,15.4622419649856,17.4133402875203,0.5,0.5,0.6875,0.375,0.4375,0.367,0.4444444444444444,13.724480206614603,3.804849329782317,236.39222350369164
Fiji,FJI,2012,10140.6936395636,21.8350400834961,82.1471405029297,68.6270739127592,6.9816643965711,914918.0,14.5188905376099,16.7229680523622,0.5,0.5,0.6875,0.375,0.4375,0.367,0.4444444444444444,13.726590815748962,3.8319905130341194,119.99785405769944
Fiji,FJI,2013,10604.1558725865,21.8350400834961,82.1471405029297,68.6270739127592,5.81824859099488,916352.0,13.8640325392214,16.3372143531674,0.5,0.5,0.6875,0.375,0.4375,0.361,0.4444444444444444,13.728156940598906,3.806460287664785,463.46223302289945
Fiji,FJI,2014,11183.3135357123,21.8350400834961,88.1849686883865,68.6270739127592,7.77972455296746,917585.0,13.1285162470589,15.0127657452154,0.6666667,0.6666667,0.8333332999999999,0.6111111,0.6666667,0.5609999999999999,0.4444444444444444,13.72950158748823,3.849133849464282,579.1576631257994
Fiji,FJI,2015,11674.0633525272,21.8350400834961,87.836769819804,68.6270739127592,4.38599233241205,918578.0,12.4227739754542,15.1712702717256,0.6666667,0.6666667,0.8333332999999999,0.6111111,0.6666667,0.569,0.4444444444444444,13.73058318973727,3.774108204067438,490.74981681490135
Fiji,FJI,2016,11951.9196317982,21.8350400834961,89.18202295018,68.6270739127592,7.94325933214602,919166.0,11.7539214259324,16.2026860305427,0.6666667,0.6666667,0.8333332999999999,0.6111111,0.6666667,0.564,0.4444444444444444,13.731223104088945,3.852610790382704,277.85627927099995
Fiji,FJI,2017,12597.3274662764,21.8350400834961,89.18202295018,68.6270739127592,7.24021289135771,918759.0,11.8605387030021,15.6940487656539,0.6666667,0.6666667,0.7777778,0.6111111,0.6666667,0.585,0.4444444444444444,13.73078021380369,3.837576707982288,645.4078344781992
"Micronesia, Fed. Sts.",FSM,2004,3586.11247849917,21.8350400834961,85.3729476928711,95.5259430197585,6.43620509110735,111925.0,17.57722945987745,6.04940283740864,0.5959595999999999,0.5353534999999999,0.8636364,0.6094276,0.7727273,0.6363635999999999,0.4444444444444444,11.625593217623642,3.8201019591722045,
"Micronesia, Fed. Sts.",FSM,2005,3685.99439466343,21.8350400834961,87.2520217895508,94.3453577773088,6.43620509110735,111412.0,17.57722945987745,5.16568492454759,0.5,0.5,1.0,0.7083332999999999,0.875,0.75,0.4444444444444444,11.620999296255672,3.8201019591722045,99.88191616426002
,FSM,2006,3673.756207876263,21.8350400834961,87.2520217895508,95.82313551036194,6.43620509110735,111076.88888888889,17.57722945987745,5.255708396731735,0.5370370333333333,0.5185185222222222,0.9938271555555556,0.6913579999999999,0.8641975333333334,0.75,0.4444444444444444,11.617950006930371,3.8201019591722045,-12.238186787166796
,FSM,2007,3661.5180210890967,21.8350400834961,87.2520217895508,97.30091324341507,6.43620509110735,110741.77777777778,17.57722945987745,5.3457318689158795,0.5740740666666666,0.5370370444444444,0.9876543111111111,0.6743826999999999,0.8533950666666666,0.75,0.4444444444444444,11.61490071760507,3.8201019591722045,-12.238186787166342
,FSM,2008,3649.27983430193,21.8350400834961,87.2520217895508,98.7786909764682,6.43620509110735,110406.66666666667,17.57722945987745,5.435755341100023,0.6111111,0.5555555666666666,0.9814814666666667,0.6574074,0.8425926,0.75,0.4444444444444444,11.611851428279769,3.8201019591722045,-12.238186787166796
,FSM,2009,3637.041647514763,21.8350400834961,87.2520217895508,100.25646870952133,6.43620509110735,110071.55555555556,17.57722945987745,5.525778813284168,0.6481481333333333,0.5740740888888889,0.9753086222222223,0.6404321,0.8317901333333333,0.75,0.4444444444444444,11.608802138954468,3.8201019591722045,-12.238186787166796
,FSM,2010,3624.8034607275968,21.8350400834961,87.2520217895508,101.73424644257447,6.43620509110735,109736.44444444444,17.57722945987745,5.6158022854683125,0.6851851666666666,0.5925926111111111,0.9691357777777777,0.6234567999999999,0.8209876666666667,0.75,0.4444444444444444,11.605752849629166,3.8201019591722045,-12.238186787166342
,FSM,2011,3612.56527394043,21.8350400834961,87.2520217895508,103.2120241756276,6.43620509110735,109401.33333333333,17.57722945987745,5.705825757652457,0.7222222,0.6111111333333333,0.9629629333333333,0.6064814999999999,0.8101851999999999,0.75,0.4444444444444444,11.602703560303866,3.8201019591722045,-12.238186787166796
Gabon,GAB,1996,24595.9719625614,23.4619599972535,45.6380081176758,95.6709008514144,-5.00720955514632,1152015.0,10.2306950856808,55.3659708871189,0.0,0.0,0.1875,0.3571429,0.175,0.0,0.4722222222222221,13.957024009030413,3.531214714508021,
Gabon,GAB,1997,25359.6596581834,30.1502045189926,46.0411911010742,98.5362645138464,-2.15348493002674,1181439.0,10.3864602340395,53.6521823035605,0.0625,0.0,0.25,0.3571429,0.2125,0.0,0.4375,13.982244591416515,3.611435840769142,763.6876956219967
Gabon,GAB,1998,25585.5077964813,38.412099073724,46.0411911010742,95.9747826086956,2.9576937639839,1211736.0,10.4475234910018,43.1417769376181,0.125,0.0,0.3125,0.3571429,0.25,0.0,0.3888888888888888,14.007565425364536,3.740768312323159,225.84813829790073
Gabon,GAB,1999,22713.7144403948,26.1685818669453,44.3464584350586,97.7314524555904,1.91835587390645,1243016.0,10.5359819444205,48.8157436433299,0.1875,0.0,0.40625,0.3571429,0.3125,0.0625,0.3888888888888888,14.033052046988223,3.715789341075841,-2871.7933560864985
Gabon,GAB,2000,21717.2240797447,21.9020564270273,44.3464584350586,101.701928939637,5.4731252435535,1275572.0,10.7337534633927,56.2551964968682,0.25,0.0,0.5,0.3571429,0.375,0.125,0.3888888888888888,14.058906047384149,3.79875975588011,-996.4903606500993
Gabon,GAB,2001,21604.7804442423,22.7451924801877,48.6175193786621,83.6386132424108,-2.00298894717111,1309589.0,10.8396728454588,47.7100745088105,0.25,0.0,0.5,0.3749999999999999,0.375,0.125,0.3888888888888888,14.085224669090543,3.615492952440313,-112.44363550240087
Gabon,GAB,2002,20981.4798585102,25.1064431075471,49.4348793029785,84.7590815376223,0.0217546424549428,1345135.0,10.9460308332734,47.3156667989635,0.25,0.0,0.5,0.3928570999999999,0.375,0.125,0.3888888888888888,14.112005681147911,3.6685340804102826,-623.3005857321004
Gabon,GAB,2003,20875.4549326477,22.6388128284355,49.4348793029785,80.3026082056312,1.53052262034086,1382350.0,11.1209894700043,47.039168102841,0.25,0.0,0.5,0.3928570999999999,0.375,0.125,0.3888888888888888,14.139296230801866,3.706306120226489,-106.02492586250082
Gabon,GAB,2004,20438.9307067212,21.4960127218042,49.4348793029785,81.7675371418698,4.04069424179394,1421609.0,11.3235486639417,51.5005373966573,0.25,0.0,0.4375,0.3928570999999999,0.375,0.125,0.3333333333333333,14.167300590125356,3.766149416878773,-436.52422592649964
Gabon,GAB,2005,20385.2899909742,20.9815020099541,49.4348793029785,83.9495998399241,3.40362339596918,1463495.0,11.5765490911737,59.9223608108533,0.25,0.0,0.5,0.3928570999999999,0.375,0.125,0.3055555555555555,14.196338651936443,3.751297211538805,-53.64071574699847
Gabon,GAB,2006,19224.1268658969,23.1696173890287,49.4348793029785,88.6494092562519,2.59310046782659,1508337.0,11.7169651210862,59.4663196551434,0.25,0.25,0.5625,0.2857143,0.2749999999999999,0.174,0.3055555555555555,14.226518940365919,3.7320767143026385,-1161.1631250773025
Gabon,GAB,2007,19751.8762216408,23.6449269564322,49.4348793029785,85.1324791636578,5.25722235465119,1556237.0,11.9877019538534,57.2222057277107,0.25,0.25,0.59375,0.3214286,0.325,0.2156667,0.3055555555555555,14.257781928322053,3.793912116781243,527.7493557439011
Gabon,GAB,2008,18493.0921103343,25.0258825928152,49.4348793029785,88.9988725945748,4.45376516954727,1607175.0,12.1991208208392,61.7420000109434,0.25,0.25,0.625,0.3571429,0.3999999999999999,0.35,0.3564814814814814,14.289989159568977,3.7756628935451975,-1258.7841113065006
Gabon,GAB,2009,17911.1458491661,29.5285249604484,49.4348793029785,83.5045774235636,5.24757097949021,1661556.0,12.3486206498032,50.4467532257807,0.25,0.25,0.4375,0.3571429,0.375,0.2666667,0.3645833333333333,14.323265672538021,3.79369486603599,-581.9462611681993
Gabon,GAB,2010,18530.5760936058,31.4071853243829,49.4348793029785,89.1576627248353,3.64540417621404,1719879.0,12.7718088289777,55.1924628115731,0.25,0.25,0.5625,0.3571429,0.375,0.2763333,0.4236111111111111,14.357765078913914,3.7569599157227382,619.4302444396999
Gabon,GAB,2011,19153.0878201525,28.6802170005618,49.4348793029785,90.4983773331323,6.16978545780463,1781985.0,13.1924815801425,60.8812104614947,0.25,0.25,0.5625,0.3571429,0.375,0.2826667,0.4189814814814814,14.39323903064084,3.814243430397963,622.5117265467015
Gabon,GAB,2012,19450.4027067379,27.737282233055,49.4348793029785,92.3428089420545,3.94472371225415,1846889.0,13.5578756828393,58.8246016166913,0.25,0.25,0.5625,0.3571429,0.3999999999999999,0.3686666999999999,0.4027777777777777,14.42901370137103,3.7639260932656513,297.3148865853982
Gabon,GAB,2013,19836.4554852011,29.9453796532587,49.4348793029785,90.6350361478645,1.84153865698512,1913059.0,13.9408881235262,56.6086168756874,0.25,0.25,0.5625,0.3571429,0.3999999999999999,0.3753333,0.4027777777777777,14.46421461227973,3.713918150495945,386.0527784631995
Gabon,GAB,2014,20008.9899779322,35.6951364101419,49.4348793029785,73.5203290162438,6.93864724297156,1978399.0,14.3084459452757,52.7222416503812,0.25,0.25,0.5625,0.2857143,0.3999999999999999,0.3753333,0.4027777777777777,14.497798995189344,3.831058049618198,172.53449273110164
Gabon,GAB,2015,20147.7116202405,29.2309562924902,49.4348793029785,73.9497814588281,0.289976985604188,2040989.0,14.6608189594191,48.1836272968661,0.25,0.25,0.4375,0.2857143,0.3999999999999999,0.3753333,0.4027777777777777,14.528945542220939,3.6753541537133514,138.72164230830094
Gabon,GAB,2016,19988.1755963792,26.9822610431075,49.4348793029785,70.1333810645308,8.86815381799839,2100306.0,15.0105246398759,45.0378509048684,0.25,0.25,0.4375,0.2857143,0.3999999999999999,0.3746666999999999,0.4027777777777777,14.557594082485055,3.87205079665686,-159.53602386130297
Gabon,GAB,2017,19555.7078829752,21.2964674161829,49.4348793029785,75.0687404456638,8.80157025688894,2156900.0,15.4090900915484,45.4673089938161,0.25,0.25,0.4375,0.2857143,0.3999999999999999,0.3703333,0.4027777777777777,14.584183027238714,3.870663856062118,-432.46771340399937
Georgia,GEO,1996,4339.0046688347,18.5654620654,77.9451599121094,45.6965490500194,5.729661448253393,4491699.0,10.9347522189543,23.0399379604498,0.125,0.25,0.25,0.3333333,0.1875,0.4375,0.4444444444444444,15.317741807213967,3.8044893453654547,
Georgia,GEO,1997,4951.81291757472,18.4585698917649,78.7020111083984,57.7530659289995,6.90780807482052,4349913.0,10.819804841094,22.2200267843421,0.125,0.25,0.25,0.3333333,0.1875,0.4375,0.4444444444444444,15.285666632754493,3.8303890273822874,612.8082487400197
Georgia,GEO,1998,5233.28837672816,25.5534139105155,78.7020111083984,53.5666693215985,7.34191772565261,4243607.0,10.5993133495292,21.7996455665956,0.125,0.25,0.25,0.3333333,0.1875,0.4375,0.4444444444444444,15.260924408757294,3.8397656174818575,281.47545915344017
Georgia,GEO,1999,5495.24505052866,26.2075819852876,81.5452117919922,57.1518743274472,2.93925854428705,4157192.0,9.84443359703448,21.2306172491047,0.125,0.3125,0.25,0.35416665,0.1875,0.4375,0.4444444444444444,15.240350644869334,3.740330640773063,261.95667380049963
Georgia,GEO,2000,5706.27236527837,25.4473829656964,83.4423599243164,62.6613956413099,4.29984428089904,4077131.0,10.2180752809673,20.9975012824544,0.125,0.375,0.25,0.375,0.1875,0.4375,0.4444444444444444,15.220904358024884,3.7721284971119973,211.02731474971006
Georgia,GEO,2001,6074.08643017282,27.2349145939467,86.5363998413086,63.3299250824094,3.41273251705983,4014373.0,9.63470347287213,20.536409949056,0.125,0.375,0.25,0.375,0.1875,0.4375,0.4444444444444444,15.205391977889382,3.7515111369336522,367.81406489445
Georgia,GEO,2002,6464.32539672648,24.4847693133047,89.9919891357422,71.6291255364807,4.72348885200524,3978515.0,8.48220691894368,22.7373927038627,0.125,0.375,0.25,0.375,0.1875,0.4375,0.4444444444444444,15.196419443407827,3.781826436632412,390.23896655366025
Georgia,GEO,2003,7227.73705960701,27.3525530995668,94.034912109375,77.6333765369391,8.39036166616402,3951736.0,8.37862327656518,24.0854263728821,0.375,0.375,0.3125,0.4583333,0.25,0.5625,0.4444444444444444,15.189665787052444,3.862055461324907,763.4116628805305
Georgia,GEO,2004,7693.91525392067,28.1618028765408,90.6913909912109,79.0407459055607,9.61361623129554,3927340.0,8.87011463325961,24.1757682481195,0.3016126,0.2281745999999999,0.6282051,0.4014092999999999,0.3015252,0.4811947,0.4444444444444444,15.183473164524123,3.887448909855417,466.17819431365933
Georgia,GEO,2005,8485.58670534953,28.7869270022115,95.7935409545898,84.5295975354749,7.06775086735302,3902469.0,9.38958720197421,23.7580566049101,0.4048382,0.2351617999999999,0.7207207,0.4206317,0.377943,0.4875325,0.4444444444444444,15.17712024396229,3.833853963544688,791.6714514288597
Georgia,GEO,2006,9337.98906420101,26.2133880593768,98.6351013183594,89.125374368197,15.1240361672901,3880347.0,8.8004481124655,21.7144431794284,0.375,0.25,0.4375,0.6428571,0.425,0.4133332999999999,0.4444444444444444,15.171435398299133,3.9944632564147833,852.402358851481
Georgia,GEO,2007,10567.2747164758,26.3790323529758,107.933776855469,88.3934140686603,18.5993001881899,3860158.0,9.88168582792206,20.9005637350092,0.3125,0.375,0.375,0.6785713999999999,0.4875,0.4966666999999999,0.4444444444444444,15.166218932302503,4.05650342300568,1229.2856522747898
Georgia,GEO,2008,10856.1031328003,22.0383855223356,110.87841796875,86.2982243681487,12.5221905619449,3848449.0,9.79556145318408,18.9437428243398,0.375,0.5,0.125,0.6785713999999999,0.5,0.4873332999999999,0.4444444444444444,15.163181027797277,3.9453580433891933,288.8284163244989
Georgia,GEO,2009,10553.0896395853,15.713332592016,106.653327941895,78.1930390303569,6.13732507746039,3814419.0,9.69313772348371,18.9263871900367,0.375,0.5,0.0625,0.6785713999999999,0.5,0.4873332999999999,0.4444444444444444,15.154299179687957,3.813527280011585,-303.01349321499947
Georgia,GEO,2010,11294.3685917112,18.6399765226421,106.653327941895,81.6733870603639,7.41065931415781,3786695.0,10.0860244410686,16.8779105151474,0.375,0.5,0.3125,0.6785713999999999,0.5,0.4863332999999999,0.4444444444444444,15.14700442903804,3.8412423771762283,741.2789521259001
Georgia,GEO,2011,12288.6828861156,19.830910379708,106.653327941895,85.4659350932986,7.56100540937968,3756441.0,10.3986447350452,17.6800367830185,0.375,0.5,0.3125,0.6785713999999999,0.5,0.4913333,0.4444444444444444,15.13898279076799,3.844464646896065,994.3142944043993
Georgia,GEO,2012,13193.9596974054,21.5841309101337,106.653327941895,89.7348800946338,5.73087327277528,3728874.0,10.2896358764281,18.8467444528085,0.375,0.5,0.4375,0.6785713999999999,0.5,0.5176666999999999,0.4444444444444444,15.131617137547895,3.804516333020287,905.2768112898011
Georgia,GEO,2013,13913.0018245661,18.4378910700803,107.038832287684,93.8139137895532,5.97432640298838,3717668.0,10.3155019931108,18.03372091427,0.375,0.5,0.5,0.6785713999999999,0.525,0.5316666999999999,0.4444444444444444,15.128607416942188,3.8099233814373155,719.0421271606992
Georgia,GEO,2014,14475.3135356035,21.4425215938465,105.757088910744,94.9506979383393,10.2241873429056,3719414.0,10.5325661953823,18.1712886955425,0.5,0.5,0.5,0.7142856999999999,0.575,0.5273333,0.4444444444444444,15.129076955818467,3.8998864662179957,562.3117110374005
Georgia,GEO,2015,14936.8434116647,23.9201351742503,106.764155546761,97.0163115086257,11.3986492046024,3725276.0,10.4528340793464,19.7698929026282,0.5,0.5,0.5625,0.7142856999999999,0.575,0.5293333,0.4444444444444444,15.130651769447157,3.9233842699258354,461.5298760612004
Georgia,GEO,2016,15442.9564358054,26.0024408393292,107.779901789534,94.9262528383443,10.746989399988,3727505.0,11.231624050617,19.1221601510136,0.5,0.5,0.5625,0.7142856999999999,0.575,0.531,0.4444444444444444,15.131249935277683,3.9104145652637152,506.11302414069905
Georgia,GEO,2017,16237.6242230275,25.1354716981132,109.523203664239,102.584277697146,11.7183676491747,3728004.0,12.4670482141722,21.2674893565554,0.625,0.5,0.5,0.7857143,0.575,0.531,0.4444444444444444,15.131383795988436,3.9296865009870094,794.6677872221007
Ghana,GHA,1996,3106.18555480388,20.29865857638,32.4872817993164,72.2049441293975,1.73085450713045,17810181.0,11.2218021842108,23.5785407498214,0.25,0.25,0.5,0.3571429,0.3999999999999999,0.25,0.5833333333333334,16.695280874191734,3.7112158232160537,
Ghana,GHA,1997,3160.44504053249,23.8355038474074,32.4872817993164,85.4018379695892,1.18697923958791,18238958.0,11.7492435801961,25.6678050646903,0.1875,0.25,0.46875,0.3571429,0.3374999999999999,0.25,0.5486111111111112,16.71907046861335,3.69783008924251,54.25948572860989
Ghana,GHA,1998,3229.48228272631,22.36355226642,32.4872817993164,80.5995432469935,2.23734900555042,18688036.0,12.2972612560314,25.2665356151711,0.125,0.25,0.4375,0.3571429,0.2749999999999999,0.25,0.4490740740740741,16.743394144488267,3.7235224516427805,69.03724219382002
Ghana,GHA,1999,3290.26865235748,20.4674438041186,32.4872817993164,81.7051040340528,3.15750877559549,19149864.0,12.8474176752041,25.4127834089738,0.25,0.25,0.4375,0.3571429,0.3749999999999999,0.25,0.4305555555555555,16.767806223957724,3.7454998818280734,60.78636963116969
Ghana,GHA,2000,3327.35199291767,23.0981309271706,32.5775909423828,116.048430162968,3.32941946782064,19637087.0,13.1861383167653,25.4039222907651,0.375,0.25,0.4375,0.3571429,0.475,0.25,0.3888888888888888,16.792930581058577,3.7495528441986563,37.08334056019021
Ghana,GHA,2001,3369.50702508212,27.1229213016834,30.9433898925781,110.045854160811,1.68056701347756,20167069.0,13.2337801052361,25.2159797429519,0.375,0.25,0.40625,0.3571429,0.475,0.25,0.4398148148148148,16.819561634132963,3.709985649229601,42.15503216444995
Ghana,GHA,2002,3425.61820934278,18.7749457656256,32.267578125,97.4892431746551,0.955694277966518,20729388.0,13.3185345042149,25.2756743481642,0.375,0.25,0.375,0.3571429,0.475,0.25,0.4166666666666667,16.847063009785597,3.6920830050628846,56.11118426066014
Ghana,GHA,2003,3507.75105744843,22.9369279766376,33.6547889709473,97.2871457139532,1.7916409392104,21296705.0,13.4533679623063,25.2099150968066,0.375,0.25,0.375,0.3571429,0.475,0.25,0.4166666666666667,16.874062970833112,3.712700813452236,82.13284810564983
Ghana,GHA,2004,3607.36522285021,28.3775066840527,36.1445503234863,99.6703343472122,1.56810546990152,21868298.0,13.6187674699143,24.716756265122,0.25,0.25,0.4375,0.3571429,0.3999999999999999,0.25,0.4166666666666667,16.900548611850326,3.707229033698979,99.61416540178016
Ghana,GHA,2005,3721.30785741996,29.0021406363098,38.1276893615723,98.1715141146279,1.34923986570129,22449438.0,13.8328701043065,25.1254359413042,0.25,0.25,0.4375,0.3571429,0.425,0.375,0.3958333333333333,16.92677618297617,3.701842398422976,113.94263456974977
Ghana,GHA,2006,3857.86154847605,22.46580573765,39.8474884033203,64.5190542439152,3.04529018468516,23040702.0,13.9837851395757,19.3820947702815,0.375,0.25,0.625,0.3571429,0.5,0.5116667,0.4166666666666667,16.952772905479257,3.7428453301680786,136.55369105608997
Ghana,GHA,2007,3923.12567803728,15.3845449877747,43.759521484375,65.3543222852532,5.57118876952139,23642279.0,14.1155381057343,19.4928065701,0.375,0.25,0.59375,0.3571429,0.5,0.5116667,0.4305555555555556,16.978547192551996,3.8009538263947684,65.26412956123022
Ghana,GHA,2008,4174.78124103364,16.4919639408033,46.0595817565918,69.5142256111434,9.46643908231485,24249946.0,14.6197913582504,19.3995645523361,0.375,0.25,0.5625,0.3571429,0.5,0.5116667,0.4305555555555556,17.00392498977837,3.884427576226324,251.65556299636
Ghana,GHA,2009,4269.16005861557,15.4788295907556,47.9277191162109,71.5947385281523,9.10808669100415,24862664.0,14.799811459931,18.5140921293401,0.375,0.25,0.6875,0.3571429,0.4499999999999999,0.5116667,0.4305555555555556,17.028877838623096,3.8770327218187335,94.37881758192998
Ghana,GHA,2010,4495.68916584106,11.7640921857081,47.9277191162109,75.3778157916824,7.84948455261709,25474995.0,15.162636394906,18.0149428066597,0.375,0.25,0.6875,0.3571429,0.4499999999999999,0.534,0.4722222222222222,17.053207980056367,3.8506185075556267,226.5291072254895
Ghana,GHA,2011,5005.36732498187,11.9769402266932,55.6069297790527,86.2954538549695,8.2558797134245,26095088.0,16.1467365081222,23.8636600934779,0.375,0.25,0.6875,0.3571429,0.4499999999999999,0.534,0.4861111111111111,17.077257693668894,3.859224008513937,509.67815914081075
Ghana,GHA,2012,5339.71321903045,16.1099093812667,56.7326017795109,93.1680351286831,7.98251565917851,26734268.0,16.7450211838908,27.1365335859295,0.375,0.25,0.6875,0.3571429,0.4499999999999999,0.534,0.4861111111111111,17.10145678355615,3.853443629652049,334.3458940485798
Ghana,GHA,2013,5593.77481886917,24.038998981558,68.1991424560547,60.7593219028775,5.13479660884921,27386193.0,17.4178603849357,34.0898222065997,0.375,0.25,0.625,0.3928570999999999,0.4499999999999999,0.5443333,0.4861111111111111,17.12554957576071,3.791152830925331,254.0615998387202
Ghana,GHA,2014,5619.07233511591,26.4228805215621,63.974569978053,63.8365624430783,6.15120635162518,28041592.0,17.4107440768339,33.8982030516643,0.375,0.25,0.625,0.3928570999999999,0.475,0.5443333,0.4884259259259259,17.149199430214516,3.813833595502474,25.297516246740088
Ghana,GHA,2015,5607.36635657413,27.0126255383172,67.0486566518056,76.5212709243242,6.45737614178894,28696068.0,17.3511410388323,31.1193795046839,0.375,0.25,0.625,0.3571429,0.4499999999999999,0.4786667,0.513888888888889,17.172270702707674,3.8205660387241367,-11.705978541780496
Ghana,GHA,2016,5666.07795334591,24.8261687864837,67.2644101341977,67.8769994445865,6.20782671803196,29356742.0,17.2913039101303,27.6932546491989,0.5,0.25,0.625,0.3571429,0.425,0.475,0.513888888888889,17.195032822314534,3.815082055588276,58.71159677178002
Ghana,GHA,2017,5993.63085211077,18.8864252401077,66.6359450193038,70.5483652904116,5.39035841681501,30008354.0,17.5036745834888,29.9522176933621,0.375,0.25,0.75,0.4642856999999999,0.4499999999999999,0.473,0.4953703703703704,17.2169864008525,3.7969041797565586,327.5528987648604
Guinea,GIN,1996,2205.32363416973,13.1057757970388,13.6655597686768,29.861424528614,0.421431935826052,7770035.0,5.18950540297916,20.3686624030147,0.6666667,0.25,0.5,0.4545455,0.5,0.25,0.4722222222222221,15.86578535553773,3.678679742709214,
Guinea,GIN,1997,2272.41100463955,13.4652634736586,13.6655597686768,29.0897874940253,0.313599110237239,7931370.0,5.21551980588602,19.745238255934,0.58333335,0.375,0.54545455,0.54545455,0.5,0.29166665,0.474537037037037,15.886336466435633,3.6759525694114785,67.08737046981969
Guinea,GIN,1998,2311.327353403,12.2619735738047,13.6655597686768,33.0646236252079,0.340397518598648,8081990.0,5.23125696987847,21.1610594453432,0.5,0.5,0.5909091,0.6363635999999999,0.5,0.3333333,0.5,15.90514881103419,3.676631016140468,38.91634876345006
Guinea,GIN,1999,2346.2701835771,12.9693784594325,13.9581604003906,32.6958994059117,1.25727870580315,8265123.0,5.27999965730282,19.7912161812614,0.5,0.5,0.5631313,0.6363635999999999,0.5,0.3333333,0.5,15.92755529214952,3.6995704002460004,34.94283017409998
Guinea,GIN,2000,2358.28765608495,13.4380467623029,13.9581604003906,36.6796954912881,0.227638091242679,8428832.0,5.33389860334519,21.5230896940631,0.5,0.5,0.5353534999999999,0.6363635999999999,0.5,0.3333333,0.5,15.947168886231443,3.6737732103213436,12.017472507850016
Guinea,GIN,2001,2412.75161959628,10.6300763246785,18.4985904693604,40.1878781394378,0.0406493462481599,8539960.0,5.40064951356173,21.8203987016552,0.5,0.5,0.5505050499999999,0.5146103499999999,0.5327381,0.3333333,0.5,15.960266999009594,3.669016040769764,54.463963511329894
Guinea,GIN,2002,2498.13177495102,9.80680553947455,21.2247695922852,38.0284032674396,0.697413496345229,8674066.0,5.51980904622856,21.4815029343945,0.5,0.5,0.5656566,0.3928570999999999,0.5654762,0.3333333,0.474537037037037,15.975848327580957,3.685625835093075,85.38015535474005
Guinea,GIN,2003,2473.23418295471,13.5886976939638,22.6574001312256,35.0751269891585,1.57141015760488,8870781.0,5.88986229392457,21.7573715436192,0.5,0.5,0.5808080999999999,0.3303570999999999,0.4940476,0.2916667,0.4722222222222222,15.998273512744674,3.707310145435378,-24.897591996309984
Guinea,GIN,2004,2477.50282602363,13.5428309435203,24.6455307006836,34.5950959210535,1.8469021984972,9062726.0,6.32510190304011,20.9236440966749,0.4166667,0.5,0.5808080999999999,0.3303570999999999,0.4940476,0.2916667,0.4467592592592592,16.019680626107228,3.7140489147654003,4.268643068920028
Guinea,GIN,2005,2501.22160456279,12.7254200599184,29.0273208618164,47.9377003917167,2.45185683545098,9245844.0,6.85185228305816,21.9879538645841,0.4166667,0.5,0.5353534999999999,0.2678571,0.4940476,0.2916667,0.4444444444444445,16.039684819383734,3.728689178130993,23.718778539160212
Guinea,GIN,2006,2478.61319510726,19.9527580932241,32.2970886230469,69.3862937148949,2.96207137841546,9441171.0,7.35347158416285,34.2753959440443,0.125,0.0,0.25,0.25,0.2749999999999999,0.2339999999999999,0.4444444444444445,16.060590682957766,3.7408722133666594,-22.608409455530364
Guinea,GIN,2007,2587.0048887648,24.6699587204815,32.2970886230469,71.1210322265015,6.14302807033806,9662281.0,7.90323808166695,30.7663957919196,0.0,0.0,0.25,0.25,0.1999999999999999,0.0673333,0.4166666666666667,16.0837404101744,3.8136531382488514,108.39169365754015
Guinea,GIN,2008,2629.5397474637,22.589475079265,33.2380905151367,64.1842433909581,5.48348837799648,9898870.0,8.59057243303948,32.9328375718068,0.0,0.0,0.1875,0.2142857,0.15,0.0696667,0.4166666666666667,16.107931268197678,3.7989918479668,42.53485869890028
Guinea,GIN,2009,2537.30645758746,20.9356031068169,33.2380905151367,69.8153454158123,1.3552372021911,10143534.0,9.21828746710442,32.2887263194246,0.0,0.0,0.125,0.2142857,0.0999999999999999,0.153,0.4166666666666667,16.1323471147031,3.7019903898484703,-92.23328987624018
Guinea,GIN,2010,2594.83050344245,19.1371892385113,33.2380905151367,73.5465739340387,5.501578472448478,10396086.0,10.0623942878321,32.3138372958105,0.0,0.0,0.125,0.2142857,0.0999999999999999,0.1763333,0.3958333333333333,16.15694004331181,3.7993968635069173,57.52404585499016
Guinea,GIN,2011,2673.40873029955,23.6021886756075,36.7464790344238,85.9546732708386,14.0905035719922,10656810.0,10.9624712263832,32.6144005582332,0.0,0.0,0.1875,0.2142857,0.0999999999999999,0.1763333,0.3888888888888889,16.18170977622365,3.975244850242405,78.57822685709971
Guinea,GIN,2012,2762.90350938513,25.1177815471196,36.8766899108887,86.6743318322581,7.92820721970247,10921581.0,11.8661494295985,31.5767582978151,0.0,0.0,0.1875,0.2142857,0.0999999999999999,0.1763333,0.3888888888888889,16.206251389583,3.8522912695141978,89.49477908557992
Guinea,GIN,2013,2802.56007024474,23.4293864677333,36.8766899108887,80.4264477180461,0.0022682197180158,11191873.0,12.7552628834144,29.6407139185782,0.0,0.0,0.1875,0.2142857,0.075,0.178,0.3888888888888889,16.230698537222622,3.6680367832328025,39.65656085961018
Guinea,GIN,2014,2834.96634347846,22.7113706519031,38.5548782348633,76.7719658952305,-0.840221306496811,11472924.0,13.7730345725548,29.6941648521559,0.0,0.0,0.375,0.2142857,0.075,0.1836667,0.3888888888888889,16.25550046967284,3.646296324487146,32.406273233720185
Guinea,GIN,2015,2869.85157178732,23.9691741699584,38.5548782348633,72.4427307469345,0.605767981893699,11767070.0,13.5507640255853,26.3246416118291,0.0,0.0,0.5,0.2142857,0.0999999999999999,0.2713333,0.3888888888888889,16.280815595251266,3.68332458475528,34.88522830885995
Guinea,GIN,2016,3099.78874189372,52.4183191347549,38.5548782348633,111.839467415368,18.8280094343567,12073030.0,13.9294797333623,30.1038432883843,0.0,0.0,0.5625,0.2142857,0.15,0.2713333,0.3888888888888889,16.306484680024308,4.060454435799751,229.93717010639966
Guinea,GIN,2017,3332.76576150531,25.7658241420525,38.5548782348633,101.251633768429,5.59427174638354,12385659.0,14.143996637802,31.653986926333,0.0,0.0,0.5,0.2142857,0.15,0.2713333,0.3888888888888889,16.332049909756208,3.801469585071664,232.9770196115901
"Gambia, The",GMB,1996,2439.04551648512,6.77920057408904,20.0912609100342,50.9543943800384,1.25614459780092,1301410.0,16.1492603810974,20.7036645851415,0.5,0.5,0.8232322999999999,0.3636363999999999,0.8333332999999999,0.3333333,0.6574074074074074,14.078959618443138,3.6995423486551453,
"Gambia, The",GMB,1997,2486.93798396527,5.17516950891356,20.0912609100342,48.3174980980993,1.4517162767366,1338889.0,16.0993491917381,15.5743459685956,0.5,0.5,0.8383838499999999,0.54545455,0.8333332999999999,0.375,0.6111111111111112,14.107351470439893,3.7043681207967603,47.89246748015012
"Gambia, The",GMB,1998,2502.76477124298,4.88440201890588,20.0912609100342,53.8709622701508,2.82047073744559,1376987.0,16.1132754252851,16.0687098180446,0.5,0.5,0.8535353999999999,0.7272727,0.8333332999999999,0.4166667,0.6111111111111112,14.135409063075869,3.7375058899179368,15.826787277709627
"Gambia, The",GMB,1999,2589.97773860396,4.75504718389999,20.0912609100342,52.4132975230667,6.07322210375252,1415779.0,16.0781005916619,15.5942068592991,0.5,0.5,0.80808085,0.7272727,0.8333332999999999,0.4166667,0.6111111111111112,14.163191173933425,3.8121115132371184,87.2129673609802
"Gambia, The",GMB,2000,2658.61770579464,4.56249739677209,20.0912609100342,56.3598198850954,5.55872128046551,1455084.0,16.0670398992095,14.8226733584981,0.5,0.5,0.7626263,0.7272727,0.8333332999999999,0.4166667,0.6111111111111112,14.190574876125378,3.8006751461161006,68.63996719068018
"Gambia, The",GMB,2001,2737.69610805906,11.1727401352846,20.0912609100342,46.9292631865623,5.16139810385096,1495011.0,16.0609929281483,14.7668246416842,0.5,0.5,0.77020205,0.6939934999999999,0.76190475,0.4791666999999999,0.6111111111111112,14.217644791530562,3.791753035015874,79.07840226441976
"Gambia, The",GMB,2002,2578.557145742,7.27832762883119,20.0912609100342,59.642950918834,7.4065003138309,1535691.0,16.0480129110349,15.8069767662158,0.5,0.5,0.7777778,0.6607143,0.6904762,0.5416667,0.5879629629629629,14.244491651749431,3.8411530922849204,-159.13896231705985
"Gambia, The",GMB,2003,2682.47993310133,10.0388860071725,20.0912609100342,68.8587930342232,3.75180060709964,1577611.0,16.0413764260827,14.849025053224,0.5377309,0.4090909,0.7742616,0.6139333,0.647416,0.5967905,0.5555555555555555,14.27142286929245,3.7594416831434034,103.92278735932996
"Gambia, The",GMB,2004,2794.19352609118,14.3183765243099,20.0912609100342,49.9342995615683,5.77256282742027,1621312.0,16.0381874128817,11.4516644496493,0.4966602,0.397485,0.6858974,0.5723538,0.5538514999999999,0.4930497,0.548611111111111,14.298746872762969,3.8054443272569354,111.71359298984999
"Gambia, The",GMB,2005,2653.64239155191,13.8318506658647,20.0912609100342,50.0187233950976,5.22041688120703,1667037.0,16.0073336665273,11.4940795967501,0.4193905,0.3308591999999999,0.6602564,0.4953793999999999,0.4831986,0.3130631,0.5277777777777778,14.326558956914031,3.793083378773087,-140.55113453927015
"Gambia, The",GMB,2006,2564.68653970519,15.6906853088323,20.0912609100342,50.374468581975,7.79879790286452,1715275.0,16.0087550784164,12.1238923802598,0.25,0.0,0.5,0.4285714,0.3999999999999999,0.313,0.5162037037037037,14.355084558578467,3.8495399945368955,-88.95585184671972
"Gambia, The",GMB,2007,2567.15728802982,12.5665208782691,20.0912609100342,44.2938444656791,6.10257365099724,1765774.0,16.0188575877281,11.8795399698303,0.25,0.0,0.46875,0.4285714,0.3999999999999999,0.313,0.5023148148148148,14.384100245460619,3.8127600150240513,2.470748324629767
"Gambia, The",GMB,2008,2649.61119865306,10.5224347295927,45.2912902832031,39.0890994561344,4.53283904240458,1817852.0,15.979587729505,11.16205074884,0.25,0.0,0.4375,0.3928570999999999,0.3999999999999999,0.3063333,0.5208333333333334,14.41316669236456,3.7774737755893506,82.45391062324006
"Gambia, The",GMB,2009,2745.32540574768,12.8914138046647,46.214469909668,41.7773944257977,2.72023911271176,1871422.0,15.9735686746451,10.211007546291,0.125,0.0,0.625,0.3571429,0.325,0.223,0.5,14.442209662012399,3.7351161788115483,95.71420709462018
"Gambia, The",GMB,2010,2824.21259222517,13.8767105275043,45.5351409912109,41.0125150279466,2.40659689644853,1926630.0,15.9776940311517,9.82816623642272,0.125,0.0,0.5625,0.3571429,0.325,0.1959999999999999,0.5,14.471283439698373,3.7276012478894347,78.88718647748965
"Gambia, The",GMB,2011,2519.83983255672,12.8961682852301,45.5351409912109,42.6397020468894,2.55921826982754,1983784.0,15.9531757108985,11.5126603208193,0.125,0.0,0.5625,0.3571429,0.325,0.1959999999999999,0.5,14.50051719401935,3.731265141523767,-304.3727596684498
"Gambia, The",GMB,2012,2574.93509664061,20.8771686494917,45.5351409912109,47.7006731141985,2.91048196914862,2043094.0,15.9150745347812,11.9583688371148,0.125,0.0,0.5625,0.3928570999999999,0.3,0.1936667,0.4814814814814814,14.529976372963395,3.739647071435185,55.095264083890015
"Gambia, The",GMB,2013,2572.44728941685,14.7115331277791,45.5351409912109,45.4619193623296,4.96800325180048,2103820.0,16.0670230865546,11.8946963108623,0.125,0.0,0.5625,0.3214286,0.325,0.2769999999999999,0.4722222222222222,14.559265773174937,3.787381273530012,-2.4878072237602282
"Gambia, The",GMB,2014,2465.10971144823,16.6526122015212,45.5351409912109,58.2579307752264,1.8718835765044,2164528.0,16.2365665768769,13.214834279827,0.125,0.0,0.5625,0.2857143,0.325,0.2683333,0.4722222222222222,14.587713343787819,3.714657740820645,-107.33757796861983
"Gambia, The",GMB,2015,2495.95741601525,20.3498140429739,45.5351409912109,44.5223730803813,5.22255647330922,2224529.0,16.4691864460918,17.1434530643603,0.125,0.0,0.5625,0.2857143,0.325,0.1823333,0.4722222222222222,14.615056215313965,3.793131574145424,30.847704567020173
"Gambia, The",GMB,2016,2478.46055756999,24.919934192266,45.5351409912109,38.1140879565948,4.70370236790454,2283769.0,16.6900594878869,20.9355929614924,0.125,0.0,0.5625,0.2857143,0.325,0.1803333,0.4722222222222222,14.641338144162006,3.7813755782210183,-17.49685844525993
"Gambia, The",GMB,2017,2533.18683710276,22.9597266827213,45.5351409912109,55.7335796090833,4.27524164277035,2342189.0,16.8969680930248,17.8927550195818,0.25,0.0,0.5625,0.2857143,0.4499999999999999,0.4686667,0.4537037037037037,14.666596947090836,3.771562401214161,54.726279532769695
Guinea-Bissau,GNB,1996,2185.76736211592,23.0520754974251,17.9289207458496,42.3601714670932,0.146522200078246,1143535.0,6.98298577516108,10.9053472513,0.3333333,0.25,0.4090909,0.4545455,0.1666667,0.25,0.25,13.949635774240628,3.671712324413106,
Guinea-Bissau,GNB,1997,2283.88357077251,53.8608359789767,17.9289207458496,69.4903546403129,1.64431904316453,1165545.0,6.97584219858156,7.1673849323884,0.3333333,0.25,0.5151515,0.4090909499999999,0.1666667,0.25,0.25,13.968700204718575,3.7090979820998307,98.11620865659006
Guinea-Bissau,GNB,1998,1738.54122410447,30.5156851934293,17.9289207458496,43.5009973080258,0.745665889021338,1187473.0,6.87875777566931,8.53248875660623,0.3333333,0.25,0.6212120999999999,0.3636363999999999,0.1666667,0.25,0.25,13.987338919914398,3.686835344423094,-545.3423466680401
Guinea-Bissau,GNB,1999,1992.72847838268,21.8611563341274,17.9289207458496,49.0994892293696,0.126151737824337,1210206.0,6.89578273242482,7.89790231338117,0.3333333,0.25,0.63636365,0.3636363999999999,0.1666667,0.25,0.25,14.006301977321536,3.671194110574375,254.18725427820982
Guinea-Bissau,GNB,2000,1974.62172274651,19.9436147571396,17.9289207458496,52.7373461180145,0.179450083125325,1234741.0,6.8635638903652,8.88112869526954,0.3333333,0.25,0.6515152,0.3636363999999999,0.1666667,0.25,0.25,14.026372599337542,3.6725494249532895,-18.106755636169964
Guinea-Bissau,GNB,2001,2025.60064005453,18.7680294527885,17.9289207458496,47.5832172774612,0.0958805556532383,1261273.0,6.85491035886454,9.96976622237475,0.3333333,0.25,0.58333335,0.4764610499999999,0.2321428499999999,0.25,0.25,14.047632879210239,3.670423531243419,50.97891730802007
Guinea-Bissau,GNB,2002,2053.96189370909,23.4784672686182,17.9289207458496,39.6760635550924,0.759522998746594,1289307.0,6.84234994628849,15.8232800934822,0.3333333,0.25,0.5151515,0.5892857,0.2976189999999999,0.25,0.25,14.069616198297076,3.687182420788809,28.36125365455996
Guinea-Bissau,GNB,2003,2002.27740627342,27.5295189757496,17.9289207458496,38.0334709318917,0.723518172893491,1318806.0,6.81392250349604,16.7545534859258,0.3333333,0.25,0.6969696999999999,0.5892857,0.2976189999999999,0.3333333,0.25,14.092238098021253,3.6862803645804814,-51.68448743567001
Guinea-Bissau,GNB,2004,1979.57457765814,20.834934699855,17.9289207458496,43.192131633446,0.329050599325975,1349563.0,6.78672264790693,12.4404404161973,0.3333333,0.25,0.6060606,0.5892857,0.6071428999999999,0.4583333,0.324074074074074,14.11529213528788,3.67634380600079,-22.70282861527994
Guinea-Bissau,GNB,2005,2060.53834311757,18.1351311386233,32.1273002624512,45.7842315450716,1.35867358840187,1381585.0,6.78324929221182,12.4400960708697,0.3333333,0.25,0.6060606,0.5892857,0.5357143,0.5416667,0.3611111111111111,14.138742672584343,3.7020751769048728,80.96376545943008
Guinea-Bissau,GNB,2006,2065.08370690452,19.9603683762367,34.3966407775879,48.7605033860226,2.81783767413937,1415303.0,6.76781772408081,12.0924056056146,0.3333333,0.375,0.5757576,0.5892857,0.5357143,0.1999999999999999,0.3993055555555555,14.162854906973854,3.737443185703291,4.54536378695002
Guinea-Bissau,GNB,2007,2065.86121747677,24.1480624804061,34.3966407775879,46.2445284700147,2.49217201872461,1450986.0,6.75142281065941,12.5990180965363,0.3333333,0.375,0.5757576,0.5892857,0.5357143,0.1999999999999999,0.4027777777777777,14.187754572487803,3.729657253725932,0.7775105722498665
Guinea-Bissau,GNB,2008,2105.54284991215,17.2307966100337,34.3966407775879,45.1388893744724,0.695948347275502,1488054.0,6.74992456888215,12.3813756165574,0.3333333,0.375,0.6212120999999999,0.5892857,0.4940476,0.1989999999999999,0.3796296296296296,14.212980456057675,3.6855890863210954,39.681632435379925
Guinea-Bissau,GNB,2009,2102.92720552345,18.2573605887643,34.3966407775879,43.5957474099206,2.12209420424558,1526377.0,6.73708217840227,12.7564033361704,0.3333333,0.375,0.6060606,0.5267857,0.4940476,0.1989999999999999,0.375,14.238408166574388,3.7207353112097765,-2.6156443886998204
Guinea-Bissau,GNB,2010,2164.13349780236,19.366452387911,34.3966407775879,43.5145876385454,2.79117647230681,1566347.0,6.74257789710285,13.7495149088181,0.3333333,0.375,0.5454545,0.5267857,0.4940476,0.1989999999999999,0.375,14.264257353067407,3.736808049773809,61.20629227891004
Guinea-Bissau,GNB,2011,2278.40566106623,15.724714459189,34.3966407775879,48.6174602066373,2.16270009395862,1608076.0,6.76349616679548,12.2556709039964,0.3333333,0.375,0.530303,0.5267857,0.4940476,0.1989999999999999,0.375,14.29054961314671,3.721718146583449,114.27216326386997
Guinea-Bissau,GNB,2012,2180.60762289148,19.2098413655205,34.3966407775879,44.1280665609795,0.631297914892102,1651417.0,6.7458624329119,12.0457512726254,0.25,0.375,0.530303,0.3928570999999999,0.4226189999999999,0.143,0.3564814814814814,14.31714487074862,3.683966182463805,-97.79803817475022
Guinea-Bissau,GNB,2013,2192.45628322206,17.649430444394,34.3966407775879,39.9574617805787,1.76984840814073,1695973.0,6.75723089681755,13.1545314595145,0.25,0.375,0.530303,0.3928570999999999,0.4226189999999999,0.126,0.3472222222222222,14.343767765027797,3.7121686834533296,11.84866033058006
Guinea-Bissau,GNB,2014,2156.2021908175,18.4361458324866,34.3966407775879,46.8696583055238,2.54152912247103,1741122.0,6.76432551061064,14.6822693955448,0.1666667,0.375,0.6060606,0.3928570999999999,0.4226189999999999,0.193,0.3449074074074074,14.370040865307068,3.7308411754569946,-36.25409240455974
Guinea-Bissau,GNB,2015,2230.39106612596,16.1944098294004,34.3966407775879,54.3703755891285,1.61191900956541,1786457.0,6.85363735483544,12.9268475259906,0.1666667,0.375,0.530303,0.3928570999999999,0.4226189999999999,0.193,0.3194444444444445,14.395745446513494,3.7083038786182865,74.18887530845996
Guinea-Bissau,GNB,2016,2293.23583589196,17.9710180283477,34.3966407775879,54.3006730474711,1.92748272635559,1831893.0,6.93887794836105,12.0226933283458,0.1666667,0.375,0.5454545,0.3928570999999999,0.4226189999999999,0.1979999999999999,0.3194444444444445,14.420860962280234,3.716011429537537,62.8447697659999
Guinea-Bissau,GNB,2017,2342.41526571427,17.9786140989487,34.3966407775879,56.9137475938811,1.06744396733032,1877072.0,7.0388298683931,11.7058928971019,0.1666667,0.375,0.5454545,0.4642856999999999,0.4940476,0.1979999999999999,0.3194444444444445,14.445224206661072,3.6948639413316187,49.179429822309885
Equatorial Guinea,GNQ,1999,10492.4649475554,38.804824975189,22.3604698181152,131.02447181321,24.8416884395355,667214.0,4.21956032860618,82.9149022419933,0.0,0.0,0.1875,0.0714286,0.0999999999999999,0.0,0.4444444444444444,13.410867611788346,4.15910714690646,
Equatorial Guinea,GNQ,2000,11767.4708814313,38.804824975189,21.7535190582275,131.02447181321,14.7705365281136,703279.0,4.76298135241714,82.9149022419933,0.0,0.0,0.1875,0.0714286,0.0999999999999999,0.0,0.4444444444444444,13.46351038452506,3.9879314513401622,1275.0059338759002
Equatorial Guinea,GNQ,2001,18031.964975074,38.804824975189,18.6993808746338,131.02447181321,64.3841007471897,749836.0,5.56431858291658,82.9149022419933,0.0,0.0,0.1875,0.0714286,0.0999999999999999,0.0,0.4444444444444444,13.52761112855885,4.640119810063315,6264.494093642699
Equatorial Guinea,GNQ,2002,20242.4309684399,38.804824975189,18.1188793182373,131.02447181321,17.899145375458,797957.0,6.18214370423645,82.9149022419933,0.0,0.0,0.1875,0.0714286,0.0999999999999999,0.0,0.4444444444444444,13.589811243467908,4.044310099902364,2210.4659933659022
,GNQ,2003,23929.273296917934,38.804824975189,17.999079386393234,131.02447181321,15.052765380352215,847760.3333333334,6.974251221916257,82.9149022419933,0.0,0.0,0.125,0.0714286,0.0999999999999999,0.0,0.4444444444444444,13.647021793061757,3.9902857149433206,3686.842328478033
,GNQ,2004,27616.115625395967,38.804824975189,17.879279454549167,131.02447181321,12.206385385246428,897563.6666666666,7.766358739596063,82.9149022419933,0.0,0.0,0.0625,0.0714286,0.0999999999999999,0.0,0.4444444444444444,13.704232342655606,3.9362613299842777,3686.842328478033
Equatorial Guinea,GNQ,2005,31302.957953874,38.804824975189,17.7594795227051,131.02447181321,9.36000539014064,947367.0,8.55846625727587,82.9149022419933,0.0,0.0,0.0,0.0714286,0.0999999999999999,0.0,0.4444444444444444,13.761442892249455,3.8822369450252343,3686.842328478033
Equatorial Guinea,GNQ,2006,32251.7680082519,27.1401853494386,17.7594795227051,118.532782368937,4.65478286948259,990343.0,9.0552118039029,82.9149022419933,0.0,0.0,0.5,0.0714286,0.1999999999999999,0.0696667,0.4444444444444444,13.805807636502879,3.780260016338371,948.8100543779001
Equatorial Guinea,GNQ,2007,35540.4477563657,30.1973514468321,17.7594795227051,134.083789857569,9.50702132548057,1036044.0,9.9385070308801,81.3016985801085,0.0,0.0,0.5,0.0892857,0.2375,0.0696667,0.4444444444444444,13.850921137151673,3.8852615827971166,3288.6797481137983
Equatorial Guinea,GNQ,2008,39994.6159790647,28.1900365972506,17.7594795227051,128.688006601458,-4.01962840224965,1084530.0,10.9317823420079,84.3491943279293,0.0,0.0,0.5,0.1071429,0.2749999999999999,0.073,0.4444444444444444,13.896658193441732,3.5597106695149674,4454.1682226990015
Equatorial Guinea,GNQ,2009,38706.6052512135,53.6127314869293,17.7594795227051,122.212077110801,10.8879553596521,1135673.0,11.1105274079288,75.3247324271881,0.0,0.0,0.5625,0.1071429,0.25,0.073,0.4444444444444444,13.942736865247953,3.913234443216469,-1288.0107278512005
Equatorial Guinea,GNQ,2010,33668.8740654852,42.3216550737194,17.7594795227051,144.668225001248,16.7581567258275,1189085.0,10.9778321433921,74.7445614275894,0.0,0.0,0.5625,0.1071429,0.25,0.0613333,0.4444444444444444,13.988695502746067,4.024115390401257,-5037.731185728298
Equatorial Guinea,GNQ,2011,34341.9342607505,38.1605608101647,17.7594795227051,114.37734663649,9.24740468952516,1241835.0,11.5101986547415,78.0648736933954,0.0,0.0,0.4375,0.1071429,0.25,0.059,0.4444444444444444,14.032101487668275,3.8799141477844397,673.0601952653014
Equatorial Guinea,GNQ,2012,35711.4919273537,46.5595457630897,17.7594795227051,116.675422472364,4.4007560526439,1293483.0,12.0400210017471,77.3115042713314,0.0,0.0,0.4375,0.1071429,0.25,0.061,0.4444444444444444,14.07284991099171,3.7744470855593986,1369.5576666031993
Equatorial Guinea,GNQ,2013,32894.3693189101,30.170136656716,17.7594795227051,106.893284926066,2.65594378481707,1346218.0,11.7136219166724,72.4492577432395,0.0,0.0,0.4375,0.1071429,0.25,0.059,0.4444444444444444,14.112810480260963,3.7335802448232345,-2817.1226084435984
Equatorial Guinea,GNQ,2014,31765.8997056851,28.5770847128071,17.7594795227051,104.379198671388,0.771291915530887,1399828.0,11.6810540663335,70.1909452181904,0.0,0.0,0.4375,0.1071429,0.25,0.0553332999999999,0.4444444444444444,14.151860644268298,3.6874771000162365,-1128.4696132250028
Equatorial Guinea,GNQ,2015,27797.7942803179,24.5309681838823,17.7594795227051,98.8780591680756,9.00761663149669,1453923.0,11.1586774959469,59.1005872679086,0.0,0.0,0.4375,0.1071429,0.25,0.059,0.4444444444444444,14.189776666108399,3.8749495983669453,-3968.105425367201
Equatorial Guinea,GNQ,2016,24435.0645564801,16.5504331560808,17.7594795227051,92.6007307237942,15.6154447046738,1508186.0,10.7298148179891,52.3302543282798,0.0,0.0,0.4375,0.1071429,0.2249999999999999,0.0566667,0.4444444444444444,14.226418825167055,4.003472979466726,-3362.729723837798
Equatorial Guinea,GNQ,2017,22250.4389230263,13.9565530197219,17.7594795227051,102.428258251803,3.1541343035206,1562396.0,10.5143500942238,56.8622280929059,0.0,0.0,0.4375,0.1071429,0.2249999999999999,0.0603333,0.4444444444444444,14.261731738419876,3.7454201607397346,-2184.625633453801
Equatorial Guinea,GNQ,2018,20165.4795550607,12.6801434398089,17.7594795227051,103.645681622953,-1.10304372116447,1616422.0,10.6186450278981,57.2950816179221,0.0,0.0,0.4375,0.1071429,0.2249999999999999,0.064,0.4444444444444444,14.295726241236423,3.639416313261624,-2084.959367965599
Grenada,GRD,2002,11677.7034172407,21.8350400834961,110.115692138672,68.6270739127592,14.4083748207884,108404.0,17.57722945987745,16.6171559487198,0.75,0.75,0.8125,0.6666667,0.625,0.5625,0.4444444444444444,11.59362949238519,3.981195051220752,
Grenada,GRD,2003,12726.5266219464,21.8350400834961,114.018257141113,68.6270739127592,16.7656355887062,108884.0,17.57722945987745,17.0087138352588,0.75,0.75,0.8125,0.6666667,0.625,0.625,0.4444444444444444,11.598047558387051,4.024249097796261,1048.823204705699
Grenada,GRD,2004,12593.3546257337,21.8350400834961,107.162467956543,68.6270739127592,21.0923990279235,109323.0,17.57722945987745,16.7118338408484,0.7070706999999999,0.7171717,0.7676767999999999,0.6329966,0.6060606,0.5959595999999999,0.4444444444444444,11.602071229200641,4.098752371243873,-133.171996212699
Grenada,GRD,2005,14211.8426569264,21.8350400834961,101.858772277832,68.6270739127592,11.7331857542313,109734.0,17.57722945987745,22.8478487752929,0.75,0.75,0.8125,0.6666667,0.625,0.625,0.4444444444444444,11.605823647336958,3.929977631876114,1618.488031192699
,GRD,2006,14294.0625541021,21.8350400834961,109.0823822021485,68.6270739127592,16.75545133181745,110128.0,17.57722945987745,20.8331950361191,0.6875,0.75,0.8125,0.6875,0.625,0.625,0.4444444444444444,11.609401285207081,4.020018780344698,82.21989717570068
Grenada,GRD,2007,14376.2824512778,21.8350400834961,116.305992126465,68.6270739127592,21.7777169094036,110522.0,17.57722945987745,18.8185412969453,0.625,0.75,0.8125,0.7083332999999999,0.625,0.625,0.4444444444444444,11.612978923077202,4.110059928813282,82.21989717570068
Grenada,GRD,2008,14463.560012123,21.8350400834961,116.674461364746,68.6270739127592,17.4857564898281,110896.0,17.57722945987745,17.5549887040486,0.625,0.75,0.8125,0.7083332999999999,0.625,0.625,0.4444444444444444,11.616357121574907,4.037040427011489,87.27756084519933
Grenada,GRD,2009,13463.580293958,21.8350400834961,107.998832702637,68.6270739127592,14.0935303304599,111254.0,17.57722945987745,14.7258701794622,0.625,0.75,0.8125,0.7083332999999999,0.625,0.625,0.4444444444444444,11.619580142838768,3.9753016751219725,-999.9797181649992
Grenada,GRD,2010,13354.9085012616,21.8350400834961,117.012619018555,68.6270739127592,7.21829642572972,111586.0,17.57722945987745,14.709329695351,0.625,0.75,0.875,0.7083332999999999,0.625,0.625,0.4444444444444444,11.62255983468896,3.8371043897731716,-108.6717926964011
Grenada,GRD,2011,13397.8500405513,21.8350400834961,108.343828715365,68.6270739127592,11.0347999232425,112079.0,17.57722945987745,13.3430366681412,0.625,0.75,0.875,0.7083332999999999,0.625,0.625,0.4444444444444444,11.626968181010888,3.9161634849474236,42.94153928970081
,GRD,2012,13392.084473481249,21.8350400834961,107.5638206409625,68.6270739127592,13.253863442025551,112783.0,17.57722945987745,13.37043309273735,0.625,0.75,0.875,0.7083332999999999,0.625,0.625,0.4444444444444444,11.63321028222638,3.958515910774883,-5.765567070051475
Grenada,GRD,2013,13386.3189064112,21.8350400834961,106.78381256656,68.6270739127592,15.4729269608086,113487.0,17.57722945987745,13.3978295173335,0.625,0.75,0.875,0.7083332999999999,0.625,0.625,0.4444444444444444,11.639452383441869,4.000868336602342,-5.765567070049656
Grenada,GRD,2014,14287.9538720088,21.8350400834961,106.993851559069,68.6270739127592,9.18674323761499,114132.0,17.57722945987745,12.8104378636674,0.5,0.6666667,0.8888889,0.6111111,0.5,0.625,0.4444444444444444,11.645119714016602,3.8786605457625365,901.634965597601
Grenada,GRD,2015,15136.6966673773,21.8350400834961,105.402661854275,68.6270739127592,15.4731884681937,114676.0,17.57722945987745,12.3242889833279,0.5,0.5833332999999999,0.8888889,0.6111111,0.5,0.625,0.4444444444444444,11.649874759906268,4.000873122108478,848.7427953685001
Grenada,GRD,2016,15640.8274503805,21.8350400834961,105.224225612575,68.6270739127592,10.3063305270724,115130.0,17.57722945987745,12.1551895563471,0.5,0.5833332999999999,0.8888889,0.6111111,0.7222221999999999,0.625,0.4444444444444444,11.653825889463395,3.9015480089381596,504.1307830032001
Grenada,GRD,2017,16291.4894625979,21.8350400834961,104.433148126256,68.6270739127592,13.6164508332703,115438.0,17.57722945987745,12.715876749963,0.5,0.5833332999999999,0.8888889,0.6111111,0.7222221999999999,0.625,0.4444444444444444,11.65649753090157,3.9663048070565816,650.662012217399
Guatemala,GTM,1996,8222.06539206535,13.3299391751292,25.8547992706299,40.392952957301,0.490595256545279,10583526.0,21.7653852292051,19.6854390723014,0.0,0.25,0.125,0.4642856999999999,0.175,0.125,0.4166666666666667,16.174809293680035,3.6804250282261726,
Guatemala,GTM,1997,8364.16131429348,15.1125539013878,25.6461906433106,41.5519511569592,3.54917970403487,10857754.0,21.706098696225,19.974251757491,0.0,0.25,0.125,0.4464285499999999,0.175,0.125,0.5023148148148148,16.200390129184857,3.754710099587244,142.0959222281308
Guatemala,GTM,1998,8559.98628929783,16.6463005827635,25.8775901794434,44.4237399632554,6.94130368276462,11139145.0,21.6500018493632,19.9943682814931,0.0,0.25,0.125,0.4285714,0.175,0.125,0.5,16.225976128842607,3.8311156572599407,195.82497500435056
Guatemala,GTM,1999,8668.42697938871,17.8918289026652,27.4185390472412,46.3605068544295,5.04738067531559,11422965.0,21.335724480191,20.1198731851264,0.0625,0.125,0.1875,0.4285714,0.2125,0.125,0.5,16.251136448260635,3.78917794226387,108.4406900908798
Guatemala,GTM,2000,8770.4040870875,16.125612543564,30.9806594848633,49.1455879049537,-4.08835554722306,11697592.0,20.9892924705453,19.7911162779183,0.125,0.0,0.25,0.4285714,0.25,0.125,0.5,16.27489365210766,3.557753671029168,101.97710769878904
Guatemala,GTM,2001,8771.15520620407,18.6019366750223,32.8574981689453,70.6690331769476,-5.088199966054,11969422.0,20.7976420951107,27.3420734989877,0.1875,0.125,0.28125,0.4285714,0.25,0.125,0.4907407407407407,16.29786587252937,3.52884136443579,0.7511191165704076
Guatemala,GTM,2002,8901.53633819804,19.6197975058803,35.5038414001465,67.1048115244645,-4.97449876130187,12246915.0,20.6586453253487,27.1826895247297,0.25,0.25,0.3125,0.4285714,0.25,0.125,0.3564814814814814,16.320784708157333,3.532171679829482,130.38113199397048
Guatemala,GTM,2003,8926.15358002845,18.9615918933206,35.5038414001465,67.0023391862425,0.0903239703402523,12525842.0,20.5248019949879,27.4424966147734,0.25,0.25,0.3125,0.4285714,0.25,0.125,0.3333333333333333,16.343304508059518,3.670282018995611,24.617241830408602
Guatemala,GTM,2004,9003.85719003217,18.6402587083727,38.6178703308105,70.2148723581872,1.36317570702825,12807402.0,20.4167864851816,27.8833550863791,0.25,0.0,0.375,0.3928570999999999,0.25,0.125,0.3333333333333333,16.36553392107952,3.7021862482404484,77.70361000372031
Guatemala,GTM,2005,9099.72328845701,18.5898915722087,40.5942687988281,67.1036996082037,2.01617500337249,13087629.0,21.6345742664868,27.5811372404814,0.25,0.0,0.375,0.3928570999999999,0.25,0.125,0.3796296296296296,16.387178067253906,3.718167060301043,95.86609842483995
Guatemala,GTM,2006,9386.00114713774,20.4368364207337,42.4339714050293,67.9119237396616,2.13587522888421,13367459.0,22.9716055082236,28.269045356288,0.125,0.0,0.375,0.3928570999999999,0.25,0.2856667,0.3611111111111111,16.408333953468397,3.721068978963655,286.2778586807308
Guatemala,GTM,2007,9772.8053901732,19.9058846728475,44.2429885864258,69.0013643101763,2.55959192771149,13652040.0,22.9635652659673,27.8843638206437,0.1875,0.0,0.375,0.3928570999999999,0.25,0.2856667,0.3333333333333333,16.429399592227195,3.7312740952609866,386.8042430354599
Guatemala,GTM,2008,9889.57209974855,18.2268454319826,45.231330871582,65.1787305213103,1.89952208705823,13935174.0,22.8464971162124,28.116816136255,0.25,0.0,0.375,0.3928570999999999,0.25,0.2856667,0.3171296296296296,16.449926777125754,3.7153308927498925,116.76670957534952
Guatemala,GTM,2009,9740.70936130832,15.377603213332,48.2657203674316,58.0406869738673,1.34627822535543,14215611.0,22.5526295050779,27.5259745150329,0.25,0.0,0.4375,0.3928570999999999,0.25,0.2856667,0.3402777777777777,16.469851355253386,3.7017693083387306,-148.8627384402298
Guatemala,GTM,2010,9825.0176796825,15.0488390141114,52.1883200232994,63.1251925746222,2.71030706792051,14500112.0,22.4154826924065,27.4918265373292,0.125,0.0,0.4375,0.3928570999999999,0.25,0.285,0.3611111111111111,16.489667000463886,3.7348790688443265,84.30831837418009
Guatemala,GTM,2011,10032.088632465,15.0459163364946,52.7689609562719,65.0470510420457,1.87038244023626,14792126.0,20.2388247778343,27.9436212267543,0.125,0.0,0.4375,0.3928570999999999,0.25,0.2793333,0.3611111111111111,16.509605637734253,3.7146211668004163,207.07095278250017
Guatemala,GTM,2012,10126.8283621986,15.0269248908262,53.1178493302463,61.9594193352042,2.82256297187213,15089647.0,19.5702229265716,28.1234371173336,0.125,0.0,0.4375,0.3928570999999999,0.25,0.2793333,0.3611111111111111,16.52951950376553,3.737555711939007,94.73972973359923
Guatemala,GTM,2013,10297.8395710411,15.0905751400773,53.323315834897,56.6852490208198,2.87216286478145,15387337.0,19.4761236382685,22.9529599737565,0.125,0.0,0.4375,0.3928570999999999,0.2249999999999999,0.2769999999999999,0.412037037037037,16.54905552139343,3.7387360993640946,171.01120884250122
Guatemala,GTM,2014,10553.5642244297,15.1717760222467,52.9668023678254,55.0832735945126,2.43302117698753,15681725.0,19.4585429277421,23.1927143718844,0.125,0.0,0.4375,0.3928570999999999,0.2249999999999999,0.2769999999999999,0.4166666666666667,16.568006643359173,3.7282365620782345,255.7246533885991
Guatemala,GTM,2015,10785.9584615777,14.5165803443022,54.8864188204824,49.8934517710689,1.93508794944894,15971743.0,18.8946182092609,22.7375104809835,0.125,0.0,0.4375,0.4642856999999999,0.2249999999999999,0.2806667,0.4189814814814814,16.58633171898771,3.7161964537317935,232.39423714800068
Guatemala,GTM,2016,10872.5939962916,13.8717160544668,54.4252556188872,46.3727344722496,1.28045862124744,16268760.0,21.0129863769612,22.6144392993251,0.125,0.0,0.5,0.5,0.2249999999999999,0.2806667,0.4236111111111111,16.604757323867695,3.7001435714569544,86.63553471389969
Guatemala,GTM,2017,11005.4593976653,13.6094242778371,54.0444773151521,46.0694033463258,1.39328931381397,16567357.0,19.0027641903957,21.9049014315292,0.125,0.0,0.5,0.5,0.2249999999999999,0.2786667,0.4189814814814814,16.622944931910354,3.702928861074095,132.86540137369957
Honduras,HND,1996,3054.15773738434,23.2612085564133,57.6387100219727,122.725112727964,1.89420995385281,5903954.0,26.1197046622066,27.6622631480758,0.0,0.0,0.3125,0.4285714,0.15,0.0,0.3611111111111111,15.591133023282179,3.7152015478413265,
Honduras,HND,1997,3635.98071228428,24.9839215563114,57.6387100219727,121.466190207647,2.18165022864844,6071454.0,25.6826974747246,27.1879314041022,0.0,0.0,0.375,0.4285714,0.15,0.0,0.3773148148148148,15.619108837771034,3.7221764901237906,581.8229748999397
Honduras,HND,1998,3950.83498620229,27.2219333162386,57.6387100219727,122.69670703096,1.60617614424743,6234431.0,26.4641464862737,27.9511746224984,0.0,0.0,0.4375,0.4285714,0.15,0.0,0.3888888888888888,15.645598034309813,3.7081630589562016,314.8542739180102
Honduras,HND,1999,4293.82723059843,29.6446413936213,57.6387100219727,121.502105602734,3.71123925401503,6400463.0,25.4366286231292,29.6532512598741,0.0,0.0,0.40625,0.4285714,0.1749999999999999,0.0,0.3888888888888888,15.671881045701902,3.758496288951795,342.99224439614
Honduras,HND,2000,4579.68960840984,25.7724496550534,57.6387100219727,120.392164584236,4.8698431531529,6577773.0,25.5945527411788,29.3809338966492,0.0,0.0,0.375,0.4285714,0.1999999999999999,0.0,0.3888888888888888,15.699206948193526,3.785154994791,285.8623778114097
Honduras,HND,2001,4578.94787944773,23.9374508616678,57.6387100219727,115.943071737954,4.04940697578742,6757993.0,25.6420191628633,27.6950607056328,0.0,0.0,0.40625,0.4107142499999999,0.2124999999999999,0.0,0.3726851851851852,15.72623665841934,3.766351017918353,-0.7417289621098462
Honduras,HND,2002,4627.02278723456,21.5176369123287,57.6387100219727,117.997454450299,3.6562173778393,6938859.0,25.4183668809838,27.2623882644585,0.0,0.0,0.4375,0.3928570999999999,0.2249999999999999,0.0,0.3958333333333333,15.75264805386031,3.7572124221916194,48.07490778683041
Honduras,HND,2003,4714.86701000971,22.9262738958309,57.6387100219727,122.248277175534,4.74055553954205,7119213.0,24.8725378196115,27.3716581546558,0.0,0.0,0.375,0.3928570999999999,0.2249999999999999,0.0,0.3888888888888889,15.778307884035947,3.782215158051819,87.84422277514932
Honduras,HND,2004,4885.34258343422,27.0803523056205,57.6387100219727,135.461758741854,6.67606399673031,7298994.0,25.6623692944863,26.5378388000557,0.0,0.0,0.375,0.3928570999999999,0.2249999999999999,0.0,0.3842592592592592,15.803247225408189,3.8253472207942454,170.47557342451
Honduras,HND,2005,5056.67544412551,24.9144205577875,57.6387100219727,136.489768018486,6.16028277171203,7478355.0,25.6613309045457,26.2400447570959,0.0,0.0,0.375,0.3928570999999999,0.175,0.0,0.3611111111111111,15.8275235396979,3.8140338324523446,171.33286069129008
Honduras,HND,2006,5263.15029099578,27.3263592647173,57.6387100219727,133.13183510432,6.57287305327357,7656832.0,24.254752533925,26.7848832699915,0.0,0.0,0.375,0.3928570999999999,0.175,0.2083333,0.3611111111111111,15.851109009749019,3.823094000872307,206.47484687027008
Honduras,HND,2007,5461.90151889031,32.1934757962591,59.5118598937988,135.070634917917,7.82223281251053,7834798.0,24.3645994074555,26.1566692583548,0.0,0.0,0.375,0.3928570999999999,0.175,0.2083333,0.3611111111111111,15.874085779327041,3.8500387882716365,198.75122789453053
Honduras,HND,2008,5566.70639487722,33.5973788273545,59.5015602111816,135.748955193053,8.65020371949481,8012587.0,24.3024041366886,25.9497768626944,0.0,0.0,0.375,0.3928570999999999,0.175,0.206,0.3611111111111111,15.896524362990066,3.8675037041522518,104.80487598690979
Honduras,HND,2009,5313.75573967791,22.0079148952844,59.5015602111816,96.9050060188904,3.38987200238321,8189899.0,22.9932921499494,26.0219596984677,0.0,0.0,0.4375,0.3928570999999999,0.175,0.206,0.3611111111111111,15.9184122457425,3.750974176837727,-252.95065519930995
Honduras,HND,2010,5396.07227927744,21.5558696364013,66.1681900024414,109.441838241682,3.83460574737835,8365878.0,21.2722051149999,25.5871307044098,0.0,0.0,0.5,0.3928570999999999,0.175,0.192,0.3611111111111111,15.939671967575837,3.761368914969429,82.31653959953019
Honduras,HND,2011,5488.43371596332,24.4407777503837,65.9018478393555,122.216902597337,5.88681418228473,8540583.0,21.9943629851772,25.8142160143128,0.0,0.0,0.5,0.3928570999999999,0.175,0.1946667,0.3842592592592592,15.960339947501609,3.807983115502531,92.3614366858792
Honduras,HND,2012,5600.6077605497,24.3710157922338,64.5327911376953,121.188215808285,5.83610988955542,8715076.0,22.2185535302366,26.1135718011836,0.0,0.0,0.5,0.3928570999999999,0.175,0.1946667,0.3425925925925925,15.980565072238592,3.806857206893433,112.17404458638066
Honduras,HND,2013,5644.13384802045,23.5854202773999,61.920711517334,116.306049247436,5.77862113948416,8889278.0,21.09461817798,25.4093197152808,0.0,0.0,0.5,0.3928570999999999,0.175,0.1946667,0.3333333333333333,16.00035650183891,3.805579111430238,43.5260874707501
Honduras,HND,2014,5705.16246265484,22.2854400331859,49.4766821842053,112.97509728471,8.62899693066618,9063122.0,24.1572230190454,24.510778796214,0.0,0.0,0.5,0.3928570999999999,0.175,0.1946667,0.3402777777777777,16.019724320609836,3.867060161177436,61.02861463438967
Honduras,HND,2015,5812.5348879105,23.6830079243241,50.3511085144012,107.26440535424,6.27594328427599,9237305.0,23.7270354851215,25.6499709386427,0.125,0.0,0.5,0.3928570999999999,0.1999999999999999,0.1946667,0.3888888888888889,16.038760842664882,3.8165819404634904,107.37242525566035
Honduras,HND,2016,5926.49025534228,22.0345380996484,51.0466486801865,99.8157169505924,5.28156973350556,9412380.0,23.4607537156675,25.8278974975697,0.125,0.25,0.5,0.3928570999999999,0.1999999999999999,0.1973333,0.3888888888888889,16.05753650824808,3.7944599623432445,113.95536743177945
Honduras,HND,2017,6099.60734919414,23.532148331901,51.0120391845703,101.813111079622,4.10592046689605,9588137.0,22.6552688305,26.5389223099615,0.125,0.25,0.4375,0.5357143,0.25,0.2739999999999999,0.3981481481481481,16.076037267424073,3.767657678843117,173.11709385185986
Haiti,HTI,1996,3237.01967477296,8.32239600531104,68.1916809082031,40.223379852938,0.141013763586083,7707557.0,11.1660219327821,34.9206144017836,0.5,0.0,0.4949495,0.2727273,0.5,0.4166667,0.3194444444444444,15.857711963851981,3.671572219176393,
Haiti,HTI,1997,3262.4591815691,8.32239600531104,68.1916809082031,36.8940488093915,0.11979817057364,7854298.0,10.9253281874585,32.017668407214,0.41666665,0.0,0.46464645,0.2727273,0.41666665,0.4166667,0.3333333333333333,15.87657158316882,3.671032424209823,25.439506796139995
Haiti,HTI,1998,3272.04956439325,8.32239600531104,68.1916809082031,36.5207867041288,0.288944097337968,8002143.0,10.8940353118933,34.85368827087,0.3333333,0.0,0.4343434,0.2727273,0.3333333,0.4166667,0.2685185185185185,15.895220063738526,3.6753279795384923,9.590382824149856
Haiti,HTI,1999,3299.23533948239,8.32239600531104,68.1916809082031,41.9484795102088,0.722243133970601,8151296.0,10.7665266671111,33.1478152886476,0.3333333,0.0,0.540404,0.2727273,0.3333333,0.4166667,0.2222222222222222,15.913687613659738,3.6862484051404447,27.185775089139952
Haiti,HTI,2000,3267.07646816599,8.32239600531104,68.1916809082031,27.1535220636918,0.194464980712557,8303151.0,10.5473490786495,23.048486874758,0.3333333,0.0,0.6464646,0.2727273,0.3333333,0.4166667,0.2222222222222222,15.932145759712759,3.6729309047869845,-32.15887131640011
Haiti,HTI,2001,3197.05701086586,8.04811181920893,68.1916809082031,27.569933019116,0.0694886389960982,8455918.0,10.449861893038,23.5984895487098,0.2675077499999999,0.0362319,0.5954545499999999,0.28914165,0.2366668,0.33653225,0.1759259259259259,15.95037722748917,3.6697512171299964,-70.01945730012994
Haiti,HTI,2002,3173.73848729607,9.49595832222187,68.1916809082031,24.9396784759828,0.0918488613041635,8607641.0,10.3309044722241,23.2116928683578,0.2016821999999999,0.0724638,0.5444445,0.305556,0.1400003,0.2563978,0.1666666666666666,15.968160971299517,3.670320856125689,-23.318523569789704
Haiti,HTI,2003,3227.12087860443,16.6792585587853,68.1916809082031,37.1973434444641,0.272084819262136,8759912.0,10.4135386980873,25.3098723727845,0.1955556,0.0777778,0.5763889,0.3451811999999999,0.1502083,0.2711111,0.1666666666666666,15.985696531356407,3.6749006557184174,53.38239130835973
Haiti,HTI,2004,3130.85551975981,11.4076572923675,68.1916809082031,33.7809703531059,0.0969221359795515,8910263.0,10.2246916098821,25.6128699974092,0.4166667,0.0,0.5959595999999999,0.3303570999999999,0.4940476,0.0,0.2037037037037037,16.002714428637674,3.670450055445173,-96.2653588446201
Haiti,HTI,2005,3173.26081032717,9.81592773095545,68.1916809082031,34.9651045038228,0.369835650694654,9061273.0,10.148420439489,25.0367007859813,0.25,0.0,0.5808080999999999,0.1964285999999999,0.452381,0.0,0.2314814814814814,16.019520286234908,3.677375761760867,42.405290567360225
Haiti,HTI,2006,3174.97622258076,14.3527712251236,68.1916809082031,37.0570704128996,2.10244121995639,9216562.0,10.183051176642,26.494693007675,0.125,0.0,0.25,0.5357143,0.1999999999999999,0.3063333,0.1828703703703703,16.03651274946165,3.720259278212501,1.715412253589875
Haiti,HTI,2007,3268.81890675823,9.22466753259594,68.1916809082031,34.2825489611293,0.807269738778004,9373296.0,10.1502459720137,25.2963112825586,0.125,0.0,0.25,0.5357143,0.2249999999999999,0.3063333,0.1458333333333333,16.05337545998645,3.6883774024295803,93.84268417746989
Haiti,HTI,2008,3300.25849332968,12.6171620718569,68.1916809082031,36.1450381454244,0.285633151798952,9530774.0,10.1582623048383,26.701201891474,0.125,0.0,0.25,0.5,0.3,0.3896667,0.1504629629629629,16.07003659446453,3.6752440730402816,31.439586571450036
Haiti,HTI,2009,3437.3806965318,12.6069242243299,68.1916809082031,33.0964998246108,0.478313239983432,9689581.0,10.1698965609717,26.2255411512356,0.125,0.0,0.3125,0.5357143,0.3,0.3896667,0.1388888888888888,16.086561845681608,3.6801153229188586,137.1222032021201
Haiti,HTI,2010,3205.49829961515,24.988217664925,68.1916809082031,44.7215241260457,1.50093014768549,9803294.0,9.80944051920554,23.5332687261618,0.0,0.0,0.25,0.3928570999999999,0.25,0.3,0.1388888888888888,16.09822911161981,3.705578824761849,-231.88239691665012
Haiti,HTI,2011,3330.99820416355,20.9967494829716,68.1916809082031,44.1635704019387,0.91476918408797,9914904.0,9.90986153561757,24.5925802703743,0.0,0.0,0.1875,0.3928570999999999,0.25,0.3,0.1388888888888888,16.10954973844787,3.691062629706146,125.49990454840008
Haiti,HTI,2012,3296.24782448974,17.5092344164627,68.1916809082031,40.2582414988129,1.13794476642421,10069771.0,9.84124933180354,25.3732825170097,0.0,0.0,0.375,0.3928570999999999,0.2749999999999999,0.2986667,0.1388888888888888,16.12504862292899,3.696614412061118,-34.750379673809675
Haiti,HTI,2013,3387.47180169748,17.880859322137,68.1916809082031,40.3325097562551,1.0865204500402,10222362.0,9.8440970383584,25.6899193261312,0.0,0.0,0.375,0.3571429,0.2749999999999999,0.298,0.1388888888888888,16.140088329321397,3.695337895514237,91.22397720773961
Haiti,HTI,2014,3434.63597400578,16.556866327765,68.1916809082031,42.3515259071619,0.653599798370867,10373235.0,9.87628608647493,26.5606297593527,0.0,0.0,0.375,0.3928570999999999,0.325,0.294,0.1388888888888888,16.154739585528915,3.6845263187661312,47.164172308300294
Haiti,HTI,2015,3433.07529240973,13.9737286463314,68.1916809082031,41.9457381172044,0.711667596569424,10523242.0,9.7772652108441,26.0556909416746,0.0,0.0,0.375,0.3928570999999999,0.35,0.298,0.1388888888888888,16.16909698773039,3.6859832850293572,-1.560681596050017
Haiti,HTI,2016,3446.75276647872,13.5922278864188,68.1916809082031,41.4109022161974,0.745596209929376,10671457.0,9.63997195866429,24.4486778891376,0.0,0.0,0.375,0.3571429,0.35,0.3006667,0.1388888888888888,16.183083258741387,3.686833598879837,13.677474068989795
Haiti,HTI,2017,3485.4923470131,16.876979845919,68.1916809082031,42.0745477868911,2.48360915333592,10817754.0,9.5474020688831,23.7054083866046,0.0,0.0,0.375,0.3571429,0.35,0.301,0.1597222222222222,16.1966993237176,3.729451714752274,38.73958053437991
Indonesia,IDN,1996,6695.40975787395,29.6023606375148,50.3027992248535,52.264743657148,2.72419788646708,203204348.0,18.3668123096037,43.4557840501119,0.25,0.5,0.25,0.5714286,0.35,0.125,0.5972222222222222,19.129722675998625,3.7352106718507785,
Indonesia,IDN,1997,6897.00236563331,28.3076770626791,53.9802284240723,55.9938588086777,2.16779685196237,206536095.0,19.0428992312579,44.3289567972257,0.1875,0.375,0.1875,0.5357143,0.3124999999999999,0.0625,0.5231481481481481,19.145985754121266,3.721841441617782,201.59260775935945
Indonesia,IDN,1998,5897.68530859207,25.4295066667294,54.2718887329102,96.1861923602686,-0.252290447660406,209826788.0,16.5668829068041,45.2277705496239,0.125,0.25,0.125,0.5,0.2749999999999999,0.0,0.375,19.161792934049565,3.66151757861202,-999.3170570412394
Indonesia,IDN,1999,5855.65800744994,20.1387593118175,54.5970916748047,62.9439128601924,-1.33257354110795,213004668.0,16.4019992523949,43.3600616732301,0.125,0.25,0.0625,0.51785715,0.2749999999999999,0.0,0.4074074074074074,19.17682464362125,3.633368850233631,-42.027301142130455
Indonesia,IDN,2000,6056.38197842165,19.8508544472002,55.5976295471191,71.4368759173731,-2.75743993350903,216077790.0,16.2989241868533,41.9690746433564,0.125,0.25,0.0,0.5357143,0.2749999999999999,0.0,0.4675925925925925,19.191149044330846,3.594986635145874,200.72397097171051
Indonesia,IDN,2001,6190.51954040991,19.6726582041666,56.2273216247559,69.7932075256238,-1.85568619300523,219097902.0,17.5538297555191,47.8935007853871,0.0625,0.125,0.09375,0.4642856999999999,0.2749999999999999,0.0625,0.3611111111111111,19.205029233547734,3.6194481036819144,134.13756198826013
Indonesia,IDN,2002,6381.94955179996,19.4291640497973,57.646598815918,59.0794617663723,0.0741516383181159,222088495.0,17.5223213154833,47.7453311592597,0.0,0.0,0.1875,0.3928570999999999,0.2749999999999999,0.125,0.3333333333333333,19.218586491035104,3.6698700363910732,191.4300113900499
Indonesia,IDN,2003,6599.09193597034,19.5060592212863,60.7244682312012,53.6164937473016,-0.254256320381005,225048008.0,16.5392498739517,43.7495660917608,0.0,0.0,0.0625,0.3928570999999999,0.2749999999999999,0.25,0.3333333333333333,19.231824310741175,3.6614670672028304,217.14238417037996
Indonesia,IDN,2004,6843.54654972364,22.4486169728353,62.9758682250977,59.761294836691,0.738243979887563,227926649.0,16.7925260494466,44.6276159754602,0.0,0.0,0.25,0.3928570999999999,0.2749999999999999,0.25,0.3703703703703704,19.244534424632466,3.6866493997402894,244.45461375329978
Indonesia,IDN,2005,7140.8545640704,23.6405117707791,61.6382789611816,63.9879358688635,2.91611483313067,230871650.0,17.5213112015065,46.5410588710711,0.0,0.0,0.4375,0.3928570999999999,0.2749999999999999,0.25,0.3888888888888888,19.257372490693577,3.7397809133413698,297.3080143467596
Indonesia,IDN,2006,7434.48785352221,24.1309915286004,64.6422119140625,56.6571268148867,1.34794264068931,233951652.0,17.3411380875498,46.9435587410796,0.0,0.25,0.5,0.4285714,0.3,0.4636667,0.4629629629629629,19.270625040863848,3.701810384968589,293.63328945181
Indonesia,IDN,2007,7802.46406905954,24.9469436430223,71.8545074462891,54.8292499782075,1.6030105718879,237062337.0,17.5231849976091,46.7991415207073,0.0,0.25,0.5625,0.4285714,0.3,0.4636667,0.5023148148148148,19.283833694049065,3.7080854281050364,367.97621553733006
Indonesia,IDN,2008,8165.06155116624,27.6985912220923,70.1684417724609,58.5613996312961,1.82632902403998,240157903.0,18.0848935155468,48.0607447690172,0.0,0.25,0.5625,0.4285714,0.3,0.4613333,0.5324074074074074,19.29680719829635,3.713547243424556,362.5974821067002
Indonesia,IDN,2009,8435.4557468629,31.1147665576043,74.5035934448242,45.5121213687054,0.90391941965406,243220028.0,17.9431694225611,47.6521225811621,0.0,0.25,0.625,0.4285714,0.3,0.4613333,0.5462962962962963,19.309477060750737,3.6907919404898606,270.39419569665915
Indonesia,IDN,2010,8848.22473702066,30.999408825566,75.6519088745117,46.7012738758737,2.02517914569356,246305322.0,18.2976528811745,42.7758663362749,0.0,0.25,0.625,0.4285714,0.3,0.4676667,0.5,19.322082474712694,3.718385642831017,412.76899015776144
Indonesia,IDN,2011,9274.96955181702,31.3074540365725,78.1330718994141,50.1800131841104,2.30298429381592,249470032.0,19.5975611498535,43.9134234267133,0.0,0.25,0.625,0.4285714,0.3,0.4676667,0.5,19.334849357725844,3.725106207337225,426.7448147963587
Indonesia,IDN,2012,9708.61182531081,32.7196280650271,80.0926818847656,49.5828982992627,2.30978031853073,252698525.0,20.6570209800248,43.5937444233376,0.0,0.25,0.625,0.4285714,0.3,0.4753332999999999,0.5,19.34770773933785,3.7252700497371625,433.64227349379144
Indonesia,IDN,2013,10121.8141535043,31.9657795676889,81.8896974781343,48.6373726752893,2.55135633401058,255852467.0,21.0672874224289,42.6356774375889,0.0,0.25,0.5625,0.3928570999999999,0.325,0.4773332999999999,0.5,19.360111539445967,3.7310767321333387,413.20232819348894
Indonesia,IDN,2014,10504.3869411088,32.5167414405102,83.5559949258569,48.0801755855227,2.81997260412102,258877399.0,21.4982822389039,41.9283421270033,0.0,0.5,0.625,0.4285714,0.375,0.565,0.5,19.37186514852068,3.7374940275882986,382.57278760450026
Indonesia,IDN,2015,10893.6621142169,32.8119265823923,87.8423207929976,41.9376402415294,2.29761639380441,261799249.0,22.1218830739339,40.0478624042506,0.25,0.25,0.625,0.4285714,0.3999999999999999,0.5676667,0.474537037037037,19.383088546653692,3.72497677599569,389.2751731081007
Indonesia,IDN,2016,11319.6634287738,32.5777314966023,87.8191791728036,37.4213418023318,0.487372471368879,264627418.0,21.8107246597619,39.3084439802081,0.25,0.25,0.625,0.4285714,0.3999999999999999,0.5656667,0.4722222222222222,19.393833428615125,3.68034377123796,426.00131455689916
Indonesia,IDN,2017,11772.5743296107,32.1606388642645,90.9455391241064,39.3554970704606,2.01948919812582,267346658.0,22.1220312359547,39.3791548040237,0.25,0.25,0.625,0.4642856999999999,0.3999999999999999,0.5463333,0.4722222222222222,19.404056722553793,3.718247520502669,452.9109008368996
India,IND,1996,2680.27888437082,24.5247871242351,44.8827896118164,21.9294878713867,0.617479351603705,979678458.0,15.2712590554772,27.9122703698412,0.375,0.25,0.8125,0.3571429,0.525,0.375,0.6388888888888888,20.70273497273008,3.6836189565701494,
India,IND,1997,2734.52089133672,25.3500521496081,45.3552589416504,22.6193868670479,0.860208959660141,999133762.0,15.4726082964194,27.8370307633106,0.375,0.25,0.78125,0.3749999999999999,0.5375,0.375,0.6388888888888888,20.722399224546336,3.689700671667034,54.242006965900146
India,IND,1998,2847.96234988663,25.4587677777102,45.3552589416504,23.6994700790647,0.625286204187864,1018665080.0,15.7949095027609,27.3030378517565,0.375,0.25,0.75,0.3928570999999999,0.5499999999999999,0.375,0.6388888888888888,20.741758862971416,3.683815138043344,113.44145854990984
India,IND,1999,3041.48258556057,27.5350924245587,42.9011917114258,24.8155980442929,0.472644191458928,1038225823.0,16.309428466053,26.5192933488596,0.375,0.25,0.6875,0.4285713999999999,0.5625,0.375,0.6388888888888888,20.76077915486813,3.679972338917964,193.52023567394008
India,IND,2000,3099.5028215766,26.0217848451461,47.1734390258789,26.9009229104474,0.765211694280817,1057922733.0,16.341359744203,27.3258283775917,0.375,0.25,0.625,0.4642856999999999,0.575,0.375,0.6388888888888888,20.779573137469935,3.6873248695834038,58.02023601603014
India,IND,2001,3188.81024020636,29.9323096392457,46.8245811462402,25.9932547534365,1.05638020993358,1077898575.0,16.7528345033409,26.4877773440307,0.3125,0.25,0.5,0.39285715,0.4874999999999999,0.375,0.5972222222222222,20.798279219663684,3.6945889599225317,89.30741862975992
India,IND,2002,3250.69565544917,28.3325248092936,48.8069381713867,29.5086629350614,1.01156946489919,1097600380.0,17.0567268841005,27.6606541607882,0.25,0.25,0.375,0.3214286,0.3999999999999999,0.375,0.5555555555555555,20.816392162056825,3.6934744484148,61.88541524280981
India,IND,2003,3445.92592352395,28.3348257062433,51.4255714416504,30.592436132908,0.605887857091792,1116803006.0,17.6938066486046,27.4741071211988,0.25,0.25,0.3125,0.2857143,0.3999999999999999,0.375,0.5555555555555555,20.833735982483084,3.683327598324291,195.23026807478027
India,IND,2004,3656.12620652098,30.7081414238993,53.247371673584,37.503814059447,0.765596855110284,1135991513.0,18.4184794843161,29.219106305293,0.25,0.25,0.3125,0.2857143,0.3999999999999999,0.375,0.5949074074074074,20.85077168714705,3.6873345135384055,210.20028299702972
India,IND,2005,3881.9661798273,32.7553370362813,55.9314002990723,42.0016696148691,0.886098378458823,1154676322.0,19.0012317655898,29.5337641914637,0.25,0.25,0.5,0.2857143,0.3999999999999999,0.375,0.611111111111111,20.86708590181881,3.6903471668110326,225.8399733063202
India,IND,2006,4129.77837009239,33.5848915769349,56.7859497070312,45.7244804992652,2.13016842534495,1172878890.0,19.5238914291204,30.9272399435883,0.25,0.25,0.5,0.2857143,0.3999999999999999,0.506,0.611111111111111,20.88272715405806,3.720930818685681,247.81219026509007
India,IND,2007,4379.69604361151,35.8128781215224,59.1478385925293,45.686268679348,2.07339404668754,1190676021.0,20.3219145451672,30.9032382510869,0.25,0.25,0.5625,0.2857143,0.4125,0.5476667,0.611111111111111,20.89778706848453,3.7195552846938016,249.9176735191195
India,IND,2008,4450.39022919238,34.7179593535669,62.2119216918945,53.3682204392226,3.6205232354017,1207930964.0,20.751447752882,31.1367192409548,0.25,0.25,0.625,0.2857143,0.3999999999999999,0.51,0.611111111111111,20.912174786647206,3.7563786615955577,70.69418558087
India,IND,2009,4731.36160463896,33.9516269299674,61.3603210449219,46.2728696428837,2.65159033235479,1225524753.0,21.5635579497653,31.1213721116744,0.25,0.25,0.625,0.2857143,0.3999999999999999,0.51,0.611111111111111,20.92663495983085,3.7334761610303655,280.97137544658017
India,IND,2010,5059.2827108398,33.2300146665612,64.9475936889648,49.2552064974161,1.6350340943491,1243481564.0,22.3778888372942,30.7250782285817,0.25,0.25,0.625,0.2857143,0.3999999999999999,0.4926666999999999,0.611111111111111,20.941180996007372,3.7088704785757654,327.92110620083986
India,IND,2011,5249.54925694026,34.3134166469557,67.1251678466797,55.6238800135298,2.0020634629993,1261224954.0,23.5473821255696,30.1616797630407,0.25,0.25,0.625,0.2857143,0.3999999999999999,0.4933333,0.5833333333333334,20.955349272150496,3.717824395581537,190.2665461004608
India,IND,2012,5460.43768570052,33.4369343256634,69.8089599609375,55.7937217287511,1.31293453035323,1278674502.0,24.6920379635984,29.3985276965289,0.25,0.25,0.625,0.2857143,0.3999999999999999,0.5006667,0.611111111111111,20.969089833800005,3.700946053112853,210.88842876025956
India,IND,2013,5732.24189090876,31.2958008477695,69.4771270751953,53.8441319466777,1.5162764665975,1295829511.0,24.7546738405335,28.4048995600246,0.25,0.25,0.625,0.3214286,0.3999999999999999,0.5063333,0.611111111111111,20.9824168768404,3.7059560579251967,271.8042052082401
India,IND,2014,6079.84393523695,30.0802370588503,74.8887023925781,48.9221857470669,1.69565958990806,1312277191.0,24.8960152022282,27.6564012026443,0.25,0.25,0.625,0.3214286,0.3999999999999999,0.514,0.611111111111111,20.995029779543263,3.7103550151980262,347.60204432818955
India,IND,2015,6488.14602910787,28.7331441287317,74.6113662719727,41.9229138658647,2.09211521443253,1328024498.0,24.9480704919335,27.34739147794,0.25,0.5,0.625,0.3214286,0.425,0.508,0.6319444444444444,21.00695833587266,3.720009071701014,408.30209387092054
India,IND,2016,6940.62588857522,28.1884378846659,75.9372863769531,40.082485713276,1.9373641224439,1343944296.0,25.1894783758453,26.6189999399789,0.25,0.5,0.625,0.3571429,0.4499999999999999,0.5103333,0.638888888888889,21.018874632503948,3.716251823107849,452.47985946735025
India,IND,2017,7326.60693679859,28.1778136155632,74.6743774414062,40.7424969545225,1.50731583255894,1359657400.0,25.2657227336051,26.5000166464804,0.25,0.5,0.6875,0.3928570999999999,0.475,0.491,0.638888888888889,21.030498593930048,3.7057358107739993,385.9810482233697
"Iran, Islamic Rep.",IRN,1996,11010.0094976248,31.4645189109948,71.2784805297852,35.2212991546042,0.0215939791939169,62881300.0,37.2830662807156,42.0825362513932,0.0,0.25,0.4375,0.0714286,0.15,0.125,0.75,17.956759396074748,3.6685299812645367,
"Iran, Islamic Rep.",IRN,1997,11025.7202371524,32.6502333239265,71.2784805297852,32.6495581116416,0.0465242180580812,63639638.0,37.0460512737413,38.7114436760975,0.0625,0.25,0.375,0.08928575,0.1874999999999999,0.125,0.7152777777777778,17.968747088884772,3.6691658478858584,15.710739527599799
"Iran, Islamic Rep.",IRN,1998,11101.507869196,32.6383533414546,71.2784805297852,29.2282196463134,0.0217633947743042,64519859.0,36.8197515419327,32.5035534129176,0.125,0.25,0.3125,0.1071429,0.2249999999999999,0.125,0.6666666666666666,17.98248364134912,3.6685343037155667,75.78763204360075
"Iran, Islamic Rep.",IRN,1999,11163.6950736445,31.8442734942724,74.4633865356445,34.8854141345934,0.0307426231739111,65445391.0,36.7986033677787,37.4588861757893,0.125,0.25,0.34375,0.1071429,0.2624999999999999,0.125,0.6666666666666666,17.996726642952414,3.6687633720569943,62.18720444849896
"Iran, Islamic Rep.",IRN,2000,11643.1218077696,31.305453924537,74.9870910644531,41.2572474638031,0.0355866340456932,66418659.0,36.8556171137238,40.3059101601225,0.125,0.25,0.375,0.1071429,0.3,0.125,0.6666666666666666,18.011488599063174,3.6688869254259076,479.42673412509976
"Iran, Islamic Rep.",IRN,2001,11739.0090911282,35.7993975403846,74.5473403930664,40.535566479523,0.321660450664957,67452005.0,36.9481367994636,39.9172619781884,0.125,0.25,0.40625,0.14285715,0.3,0.1875,0.5717592592592592,18.026926880724353,3.6761567041970595,95.88728335860105
"Iran, Islamic Rep.",IRN,2002,12583.044990424,33.2457832607485,74.7104187011719,48.1726865520657,2.73611498145264,68011317.0,37.2004910303998,45.5029348793712,0.125,0.25,0.4375,0.1785714,0.3,0.25,0.5,18.035184690467055,3.7354950703233456,844.035899295799
"Iran, Islamic Rep.",IRN,2003,13519.4501926929,32.6580827002697,74.551643371582,50.6791057753261,1.89418626211609,68769340.0,37.3786285058981,45.0599495545921,0.125,0.25,0.25,0.1785714,0.2749999999999999,0.125,0.5,18.046268578583245,3.7152009709347475,936.4052022689011
"Iran, Islamic Rep.",IRN,2004,13807.1953114023,31.2381754864806,74.5375213623047,51.3138573265888,1.61769687939769,70256316.0,37.2629830498155,47.4704724796045,0.125,0.25,0.3125,0.1785714,0.2749999999999999,0.125,0.5,18.0676607838436,3.7084455366101055,287.7451187093993
"Iran, Islamic Rep.",IRN,2005,13935.7743087596,28.5571687717077,74.438591003418,54.4404952635536,1.28425430112768,71828455.0,37.1881636242236,49.6372490521282,0.125,0.25,0.3125,0.1785714,0.25,0.125,0.5,18.089791278622965,3.7002373961751194,128.57899735730098
"Iran, Islamic Rep.",IRN,2006,14320.6568534545,27.2470961461286,75.9471969604492,53.1673587143845,0.872560020177082,73392747.0,37.1401287271449,48.2599008746838,0.125,0.25,0.25,0.1785714,0.25,0.181,0.5,18.111335687613675,3.6900091471279084,384.8825446948995
"Iran, Islamic Rep.",IRN,2007,15237.4237850549,28.3421240021292,75.657600402832,49.8873069225934,0.5769461352122,74602648.0,36.7995220653275,48.235663136428,0.125,0.25,0.3125,0.1785714,0.25,0.181,0.5,18.127686573926923,3.682599762290664,916.7669316003994
"Iran, Islamic Rep.",IRN,2008,15091.2506521463,31.9226930495385,78.8498077392578,48.2294027741438,0.487596567096289,75514204.0,36.6884959230068,47.6687887779159,0.125,0.25,0.4375,0.1785714,0.25,0.1776666999999999,0.5,18.139831342217434,3.6803494216401043,-146.17313290859965
"Iran, Islamic Rep.",IRN,2009,15055.1494647199,30.8548963891343,80.3835906982422,43.6995802243585,0.720530462050838,76457825.0,35.0997056831315,43.0965172977284,0.125,0.25,0.375,0.1785714,0.25,0.1776666999999999,0.5,18.152249852660642,3.6862054746195287,-36.10118742640043
"Iran, Islamic Rep.",IRN,2010,15729.9131707266,27.3528333188133,79.0264663696289,43.7706437371399,0.74916862626536,77420842.0,36.6486384421292,44.2093794197457,0.0,0.25,0.375,0.2142857,0.25,0.148,0.4768518518518518,18.164766591713757,3.6869230881871484,674.7637060067009
"Iran, Islamic Rep.",IRN,2011,15947.766097961,29.0537287312461,81.2944793701172,41.2194147918578,0.679834574763516,78383598.0,35.0632920755554,46.2322885720868,0.0,0.25,0.375,0.2142857,0.25,0.1493333,0.4722222222222221,18.17712526700744,3.6851848326197305,217.85292723439852
"Iran, Islamic Rep.",IRN,2012,15159.2948206531,30.0539654282953,82.7059326171875,44.0893466807452,0.723850091355471,79370580.0,35.9928340253642,42.0941632127045,0.0,0.25,0.4375,0.25,0.25,0.1493333,0.4722222222222221,18.189638341186416,3.68628868410262,-788.4712773078991
"Iran, Islamic Rep.",IRN,2013,14734.740588719,27.4456063692711,81.5845565795898,47.0867179194755,0.609501593960532,80414686.0,35.4938247121163,42.7788684660118,0.125,0.25,0.4375,0.1785714,0.25,0.1493333,0.4722222222222221,18.20270739159566,3.6834184405882873,-424.55423193410024
"Iran, Islamic Rep.",IRN,2014,15262.8515760903,28.5708133962533,82.5869369506836,45.3514201413161,0.45545387401938,81502045.0,34.8793926114648,39.2282280462408,0.125,0.25,0.375,0.1785714,0.25,0.1493333,0.4722222222222221,18.21613868219046,3.67953864194708,528.1109873712994
"Iran, Islamic Rep.",IRN,2015,14841.9048340737,25.3650139045346,82.7305221557617,39.42258866118,0.500987695412685,82619362.0,33.6635486529903,32.1747396532204,0.125,0.25,0.375,0.2142857,0.2749999999999999,0.1553332999999999,0.4722222222222221,18.229754629905592,3.6806870107415643,-420.94674201659836
"Iran, Islamic Rep.",IRN,2016,15920.3718021202,23.8160452139628,83.3275680541992,39.8772417738866,0.70452835935243,83812228.0,33.1624902393455,34.3222829592861,0.25,0.25,0.5,0.2142857,0.2749999999999999,0.1613332999999999,0.4722222222222221,18.24408948559304,3.6858042704165657,1078.4669680464995
"Iran, Islamic Rep.",IRN,2017,16167.9677224227,23.9743818926916,82.7564392089844,43.1556931383906,0.983654956177998,85026754.0,33.2183842528504,36.1413931191139,0.125,0.25,0.5,0.25,0.2749999999999999,0.1649999999999999,0.4722222222222221,18.258476529632457,3.692779543625511,247.5959203024995
Iraq,IRQ,1996,6419.36981876289,0.734464755982557,38.7750701904297,0.0268884829090311,-0.0191111519736746,21501321.0,23.4080250579616,58.4465108240142,0.0,0.0,0.0,0.1785714,0.125,0.125,0.25,16.88362497957965,3.667490892984035,
Iraq,IRQ,1997,7545.72976101105,1.67525798468497,38.7750701904297,106.188169939941,0.0055526507929693,22176593.0,23.761352520843,75.0202754310169,0.0,0.0,0.0,0.1785714,0.125,0.125,0.2152777777777778,16.914547966327323,3.668120619862901,1126.3599422481602
Iraq,IRQ,1998,9871.73398030533,2.40610048641388,38.7750701904297,132.243160520961,0.0358338015096771,22884399.0,24.6986339950704,70.1470884871537,0.0,0.0,0.0,0.1785714,0.125,0.125,0.1666666666666666,16.945966013679424,3.6688932293733876,2326.004219294279
Iraq,IRQ,1999,11237.8537439894,2.18921867501871,34.1905517578125,138.314601242921,0.0074251001096572,23636527.0,25.3919091883419,79.5741068177302,0.0,0.0,0.0,0.1785714,0.15,0.125,0.1666666666666666,16.97830387000341,3.6681684118567075,1366.1197636840716
Iraq,IRQ,2000,12702.1641950921,2.91803372967543,36.8702583312988,125.336595640904,-6.61645727484025e-05,24424056.0,26.0994085600219,84.7959791546848,0.0,0.0,0.0,0.1785714,0.175,0.125,0.1666666666666666,17.01107914716419,3.6679771927152363,1464.3104511026995
Iraq,IRQ,2001,12529.6084051005,6.12723548111122,36.7453002929688,126.780255976775,-0.0183987197639496,25197840.0,25.9334102718155,77.4195775516813,0.0,0.0,0.0,0.1785714,0.15,0.125,0.1666666666666666,17.042268874208197,3.667509088674393,-172.55578999160025
Iraq,IRQ,2002,11144.0505255928,5.36060427515955,36.7453002929688,119.762047746987,-0.0009900252023457,26006559.0,25.267692834319,74.1578564186036,0.0,0.0,0.0,0.1785714,0.125,0.125,0.1666666666666666,17.073859371853832,3.667953608071147,-1385.5578795077
Iraq,IRQ,2003,6849.33200800508,10.6509542219875,40.4106292724609,154.234525288266,4.56171717525217,26802659.0,24.6945054446632,70.8382337998589,0.0,0.0,0.0,0.1785714,0.125,0.125,0.2453703703703703,17.104011694287102,3.7781343011897004,-4294.71851758772
Iraq,IRQ,2004,10210.5631004959,5.36824973060621,45.1472206115723,120.233977121676,0.818918786960291,27577878.0,24.1299444599461,61.8350607638528,0.125,0.25,0.0,0.1071429,0.075,0.0,0.1597222222222222,17.1325245238189,3.6886687324407434,3361.2310924908197
Iraq,IRQ,2005,10078.4437646837,13.8472241177654,45.1472206115723,115.742540308642,1.02925980764254,28407448.0,24.1087279673125,63.6084344986755,0.125,0.0,0.0,0.1071429,0.075,0.0,0.1388888888888888,17.162161957472154,3.6939145825962956,-132.1193358122
Iraq,IRQ,2006,10568.9137652977,17.6917214468951,45.1472206115723,89.6505198581778,0.587900739517653,28616515.0,24.152727136752,61.4441919202983,0.0,0.0,0.0625,0.1071429,0.0499999999999999,0.1336667,0.1388888888888888,17.169494591628702,3.6828753146299364,490.47000061400104
Iraq,IRQ,2007,10853.8161022311,6.75640343045579,50.5742416381836,74.092853105498,1.09391286623188,28391607.0,23.7734430065759,60.1077106310903,0.0,0.0,0.0625,0.1428571,0.0499999999999999,0.1753333,0.1388888888888888,17.161604166507043,3.6955214993217207,284.90233693339906
Iraq,IRQ,2008,11511.9387643664,14.8004343121091,50.5742416381836,81.0555432665835,1.40995173662765,28971036.0,24.0296065111017,62.788858419665,0.0,0.0,0.0625,0.2142857,0.0499999999999999,0.2166667,0.2465277777777777,17.181807164755558,3.703339525800879,658.1226621352998
Iraq,IRQ,2009,11470.5178061755,10.3114759579941,50.5742416381836,78.6873788189898,1.43142990859109,30058206.0,23.9277327931582,51.989792420915,0.0,0.0,0.125,0.2142857,0.0499999999999999,0.2166667,0.2800925925925926,17.218646293138203,3.703868631568428,-41.42095819089991
Iraq,IRQ,2010,11816.841015026,16.1989616416181,50.5742416381836,73.4974796202443,1.00796493975113,31045366.0,24.3052116060814,55.7934951548678,0.0,0.0,0.0625,0.2142857,0.0499999999999999,0.2166667,0.2916666666666667,17.25096014426062,3.693384744382257,346.32320885050103
Iraq,IRQ,2011,12267.5848940673,17.1424862023448,50.5742416381836,72.1713282233655,1.12086339764167,32161424.0,24.6241828489785,62.5480287876873,0.0,0.0,0.3125,0.2142857,0.0999999999999999,0.2176667,0.2916666666666667,17.286278310994888,3.6961905783867164,450.7438790412998
Iraq,IRQ,2012,13357.0143882353,15.0023787524152,50.5742416381836,73.6086845912812,1.55961531280073,33654842.0,25.4994820087761,60.576988513607,0.0,0.0,0.3125,0.1785714,0.125,0.3033333,0.2731481481481481,17.331667526433154,3.7070206173084754,1089.429494168
Iraq,IRQ,2013,13712.9317142992,20.1166611507963,50.5742416381836,67.4100184095672,-0.995279210263068,35281989.0,25.9101427662849,57.69152678908,0.0,0.0,0.1875,0.1785714,0.125,0.3033333,0.2638888888888889,17.378883193407802,3.6422430370914487,355.91732606389996
Iraq,IRQ,2014,13536.8227681431,20.9652860176063,50.5742416381836,68.9824868569036,-4.45521124532956,36550059.0,25.8907129328663,55.3075963759279,0.0,0.0,0.125,0.2142857,0.125,0.3076666999999999,0.2638888888888889,17.41419338574558,3.547242211639978,-176.1089461561005
Iraq,IRQ,2015,13516.0271989204,26.0172179292563,50.5742416381836,69.5917685983115,-4.54159235443502,37560535.0,25.7919931914006,45.340288824262,0.0,0.0,0.125,0.25,0.125,0.3026667,0.2638888888888889,17.441464482703047,3.544750992645851,-20.79556922270058
Iraq,IRQ,2016,15016.0920644592,14.5757696096639,50.5742416381836,54.588320188677,-3.75180911604806,38469627.0,26.4346368827184,46.1825020614016,0.0,0.0,0.125,0.25,0.0999999999999999,0.3026667,0.2638888888888889,17.465379604809097,3.5673004637498265,1500.0648655388013
Iraq,IRQ,2017,14417.6306896487,14.5851497612895,50.5742416381836,59.7809123923157,-2.68799428357231,39337353.0,26.2068597500276,51.3296814634291,0.0,0.0,0.125,0.1785714,0.0999999999999999,0.303,0.2638888888888889,17.48768510887667,3.5968918695118353,-598.4613748105003
Jamaica,JAM,1996,10147.4641121652,21.8350400834961,80.9783477783203,68.6270739127592,1.83529866886737,2524463.0,21.3273285985886,25.485137981039,0.25,0.25,0.5,0.5357143,0.35,0.375,0.5833333333333334,14.741539320929874,3.713765996752062,
Jamaica,JAM,1997,9939.66172862006,21.8350400834961,80.9783477783203,68.6270739127592,1.85356222176268,2547848.0,19.52266877102,24.3117831599972,0.25,0.25,0.5,0.5357143,0.35,0.375,0.5833333333333334,14.750760031751714,3.7142112637373943,-207.8023835451404
Jamaica,JAM,1998,9624.92935948127,21.8350400834961,80.9783477783203,68.6270739127592,3.66556082099311,2569736.0,19.1485962535619,22.9693123933593,0.25,0.25,0.5,0.5357143,0.35,0.375,0.5833333333333334,14.759314117004507,3.757430555987748,-314.7323691387901
Jamaica,JAM,1999,9650.43726482499,21.8350400834961,80.9783477783203,68.6270739127592,5.34147521194183,2589795.0,18.8718773082383,22.9524874489167,0.25,0.25,0.5,0.4999999999999999,0.35,0.375,0.5324074074074074,14.767089666094872,3.7958066319518795,25.507905343720267
Jamaica,JAM,2000,9667.92474492316,21.8350400834961,80.0481491088867,68.6270739127592,4.65960017463684,2607826.0,17.5883287752236,22.5635448178584,0.25,0.25,0.5,0.4642856999999999,0.35,0.375,0.5185185185185185,14.774027865472632,3.7803699255836785,17.487480098170636
Jamaica,JAM,2001,9736.06291757526,21.8350400834961,79.911491394043,68.6270739127592,6.26989738675835,2624403.0,17.7994225280134,22.3173012581486,0.1875,0.25,0.4375,0.4642856999999999,0.3375,0.3125,0.4722222222222221,14.780364380609601,3.8164489044590644,68.13817265209946
Jamaica,JAM,2002,9869.71291927176,21.8350400834961,80.4983978271484,68.6270739127592,4.56630894573429,2640572.0,17.8186339380809,21.3229059302313,0.125,0.25,0.375,0.4642856999999999,0.325,0.25,0.4189814814814814,14.786506497026087,3.7782392879405284,133.6500016965001
Jamaica,JAM,2003,10169.7500243245,21.8350400834961,80.8683929443359,68.6270739127592,7.2479637433656,2656623.0,17.9797591942616,21.4925345723678,0.125,0.25,0.375,0.5,0.325,0.25,0.3888888888888888,14.792566701743475,3.8377436919576127,300.0371050527392
Jamaica,JAM,2004,10244.2066702878,21.8350400834961,85.6572189331055,68.6270739127592,5.49763452709418,2672225.0,18.7031058686181,22.2583396101571,0.125,0.25,0.5625,0.5357143,0.375,0.25,0.4166666666666667,14.798422390900239,3.799308577277827,74.45664596330062
Jamaica,JAM,2005,10278.6834382546,21.8350400834961,84.6938323974609,68.6270739127592,5.67333342894728,2687066.0,18.2360545331903,21.9006506006203,0.125,0.0,0.5625,0.5,0.3999999999999999,0.375,0.4722222222222222,14.803960822158363,3.8032341009573103,34.47676796680025
Jamaica,JAM,2006,10522.2367459591,21.8350400834961,84.6938323974609,68.6270739127592,7.06060472344707,2700968.0,18.1778644310359,21.2201148487383,0.25,0.5,0.5625,0.6428571,0.4499999999999999,0.578,0.4537037037037037,14.809121155478234,3.8336994083175875,243.55330770450018
Jamaica,JAM,2007,10622.4442829007,21.8350400834961,86.4005813598633,68.6270739127592,6.34318590681939,2713800.0,18.4415559777205,21.3153996242232,0.25,0.5,0.5625,0.6428571,0.4499999999999999,0.578,0.4722222222222222,14.813860793180915,3.818060378367362,100.20753694159976
Jamaica,JAM,2008,10490.4686134498,21.8350400834961,88.0502090454102,68.6270739127592,10.0413036123443,2725635.0,18.2359515736679,19.6881228419841,0.25,0.5,0.5625,0.6428571,0.425,0.4903332999999999,0.4537037037037037,14.818212353342636,3.896177259011094,-131.97566945089966
Jamaica,JAM,2009,9992.97699539021,21.8350400834961,90.1742782592773,68.6270739127592,4.00285728105842,2736995.0,16.6856438075455,18.0908593404592,0.25,0.5,0.5,0.6428571,0.425,0.4903332999999999,0.4444444444444444,14.8223715265676,3.765273448286646,-497.4916180595901
Jamaica,JAM,2010,9805.90172806302,21.8350400834961,89.4939454246108,68.6270739127592,1.4052035043033,2748568.0,15.9716341894298,17.9863304478474,0.25,0.5,0.4375,0.6428571,0.3999999999999999,0.407,0.4652777777777777,14.826590970570248,3.7032225172913225,-187.0752673271909
Jamaica,JAM,2011,9932.48380946963,21.8350400834961,91.5373916625977,68.6270739127592,1.19599317121359,2760494.0,16.0898303092194,18.2490235366752,0.25,0.5,0.4375,0.6428571,0.3999999999999999,0.4043333,0.4722222222222221,14.83092056943852,3.698053404585988,126.58208140661009
Jamaica,JAM,2012,9829.03510015044,21.8350400834961,91.5373916625977,68.6270739127592,2.79145695894721,2772430.0,15.4898304818682,17.9938605582722,0.25,0.5,0.5,0.6071428999999999,0.3999999999999999,0.413,0.4722222222222221,14.835235110611123,3.736814733761066,-103.44870931918922
Jamaica,JAM,2013,9839.96506606095,21.8350400834961,85.4017870483818,68.6270739127592,3.81898294324016,2783687.0,15.2488808752448,18.0990659844033,0.25,0.5,0.6875,0.6071428999999999,0.425,0.4963333,0.5,14.839287225190734,3.7610055892713214,10.929965910509054
Jamaica,JAM,2014,9872.15913752129,21.8350400834961,86.3705618020868,68.6270739127592,4.18835617241287,2793749.0,14.9626275866123,18.3652279034414,0.25,0.5,0.75,0.5714286,0.425,0.4963333,0.5,14.842895337344016,3.769560636531433,32.19407146034064
Jamaica,JAM,2015,9931.89875715182,21.8350400834961,85.3548254033729,68.6270739127592,6.18152374482186,2802534.0,14.9326921876755,17.2364205205086,0.25,0.5,0.75,0.6071428999999999,0.425,0.4963333,0.5416666666666666,14.846034922699708,3.814502277698845,59.73961963052898
Jamaica,JAM,2016,10179.2536486158,21.8350400834961,87.9398248609799,68.6270739127592,6.22844979056863,2809915.0,15.7070191862111,17.0837288086486,0.25,0.5,0.75,0.6071428999999999,0.425,0.4963333,0.5,14.848665147624683,3.8155364004502004,247.3548914639814
Jamaica,JAM,2017,10391.0378224678,21.8350400834961,84.2369432325225,68.6270739127592,5.63139063640052,2815764.0,15.7249600704383,17.3098108220914,0.25,0.5,0.6875,0.5714286,0.4499999999999999,0.493,0.5,14.850744541073237,3.802298400314325,211.7841738520001
Jordan,JOR,1996,7731.47855807269,29.4160762277058,85.0780563354492,131.059123299943,0.223959605831094,4912516.0,21.3383802943972,21.3718543855363,0.375,0.5,0.375,0.4285714,0.5,0.25,0.7314814814814815,15.407296995713462,3.6736798440792757,
Jordan,JOR,1997,7775.5427123949,25.7917583166255,85.0780563354492,120.737112880307,4.9812158137543,5046285.0,21.1541033407946,21.7176337764974,0.375,0.5,0.34375,0.4285714,0.5,0.25,0.6597222222222222,15.434163085134244,3.7876805573638066,44.064154322210015
Jordan,JOR,1998,7826.74015705934,21.1683125958145,85.0780563354492,109.052402937716,3.9181432493137,5164284.0,21.0160141380407,21.5480052764804,0.375,0.5,0.3125,0.4285714,0.5,0.25,0.611111111111111,15.457277219201139,3.763309435639692,51.1974446644399
Jordan,JOR,1999,7920.01974595781,23.4099994808162,86.1092987060547,104.470373639306,1.93828634719554,5276444.0,20.9432407081065,21.2259661146012,0.375,0.375,0.40625,0.4285714,0.5,0.25,0.5648148148148148,15.478763133462722,3.716274255947019,93.27958889847014
Jordan,JOR,2000,8086.92202690853,21.1145748245453,84.5952987670898,110.328904595996,10.7940053678297,5386945.0,20.9343115148822,21.4363112007602,0.375,0.25,0.5,0.4285714,0.5,0.25,0.5555555555555555,15.499489177480259,3.911355955038531,166.90228095071961
Jordan,JOR,2001,8339.78581448441,19.4195200905134,84.5952987670898,109.285478573786,3.04850514227071,5498894.0,21.0171604984477,21.4607853921461,0.3125,0.375,0.34375,0.4285714,0.4625,0.25,0.5555555555555555,15.520057720926856,3.7429214787181877,252.86378757588045
Jordan,JOR,2002,8638.08033080173,18.9476008242567,83.6367721557617,114.03885781572,2.48601734100151,5616066.0,21.2194150501036,22.7818663526641,0.25,0.5,0.1875,0.4285714,0.425,0.25,0.5555555555555555,15.54114215481605,3.7295095240208074,298.294516317319
Jordan,JOR,2003,8800.49674649158,20.6233485965665,83.7643737792969,115.706835253918,5.36472671434697,5741828.0,23.227812774101,23.0359539059582,0.25,0.5,0.1875,0.3928570999999999,0.425,0.25,0.5555555555555555,15.563288358655432,3.796328835412612,162.41641568985142
Jordan,JOR,2004,9326.66839127919,24.785870545922,83.6611480712891,134.621611934395,8.2092227069918,5882061.0,25.8115798030892,24.7957581974811,0.25,0.25,0.375,0.3928570999999999,0.4499999999999999,0.25,0.5555555555555555,15.587417938672964,3.8582397914697135,526.1716447876097
Jordan,JOR,2005,9839.68834968723,30.6276328762212,84.393669128418,146.908891279018,15.7636461414358,6029587.0,25.6129350720532,24.9215738997938,0.25,0.25,0.3125,0.3928570999999999,0.475,0.375,0.5555555555555555,15.612189241327647,4.006174320836763,513.0199584080401
Jordan,JOR,2006,9977.75903329275,25.451973696536,86.7745513916016,141.747381831126,23.5372913427131,6427371.0,25.2290342042976,24.8496543455046,0.25,0.25,0.3125,0.3928570999999999,0.475,0.3806666999999999,0.5555555555555555,15.676076303493703,4.138520040753473,138.07068360551966
Jordan,JOR,2007,10161.4021194103,27.4834518971586,87.7151718139648,145.994246288526,15.3248262609959,6827227.0,24.9792595753038,27.5444511305466,0.25,0.25,0.5,0.3928570999999999,0.475,0.3806666999999999,0.5555555555555555,15.736429292649554,3.9981544528037363,183.6430861175504
Jordan,JOR,2008,10641.5894255558,31.5171326523651,88.4466781616211,140.91292596092,12.4753075049094,6989866.0,24.8311244459131,29.6449857442188,0.25,0.25,0.5,0.3928570999999999,0.475,0.381,0.5555555555555555,15.759972086847286,3.944450712482842,480.18730614549895
Jordan,JOR,2009,10938.5027244703,30.7371897380606,88.4466781616211,112.151998187109,9.83417874476547,7141753.0,24.4904039463593,27.7593449666661,0.25,0.25,0.5,0.3928570999999999,0.475,0.381,0.5555555555555555,15.781468962410022,3.8919597165319897,296.91329891450005
Jordan,JOR,2010,10953.537631697,30.8538784918828,87.3644409179688,114.222677694125,6.22247566973912,7297043.0,24.0133042089522,26.2668286391472,0.25,0.25,0.5,0.3928570999999999,0.475,0.3746666999999999,0.5555555555555555,15.802979892604869,3.815404806424518,15.034907226699943
Jordan,JOR,2011,10977.4820450868,28.4465151060703,87.5930404663086,118.699679501801,5.03335872688489,7480424.0,23.486476375538,26.7946694331519,0.25,0.25,0.4375,0.3928570999999999,0.5,0.3796666999999999,0.5555555555555555,15.827800166518387,3.7888607970515022,23.944413389799593
Jordan,JOR,2012,11086.0299443995,24.3226578340142,87.2317581176758,117.855587685189,4.89480688682321,7587127.0,23.0622705274333,25.8078043078824,0.25,0.25,0.4375,0.4285714,0.475,0.292,0.5370370370370371,15.841963685141389,3.7857216443576913,108.5478993127017
Jordan,JOR,2013,10799.3538143329,22.3524411345008,87.3027919681245,111.451527997628,5.64977168714588,7991809.0,22.5352905419096,25.6406605947577,0.375,0.5,0.4375,0.4642856999999999,0.5,0.292,0.5277777777777778,15.893927825254153,3.802708570462739,-286.6761300666003
Jordan,JOR,2014,10148.99809876,22.2308633958586,88.8703034099213,109.938805535022,5.91204890205889,8791710.0,21.8688765913366,25.5087965588519,0.375,0.5,0.4375,0.4642856999999999,0.5,0.292,0.5300925925925926,15.98931990373371,3.808542990213421,-650.3557155729013
Jordan,JOR,2015,9581.68922567813,21.8310305465174,88.8703034099213,95.3579122266791,4.14720229174937,9544729.0,21.1528113806322,25.2328062594007,0.375,0.5,0.4375,0.4642856999999999,0.5,0.2953332999999999,0.5555555555555555,16.07149972768061,3.7686110870827103,-567.308873081869
Jordan,JOR,2016,9321.9045113153,20.0397466980254,88.8703034099213,88.7207178954687,3.89285142868971,10006367.0,20.5555062503582,24.6693119626594,0.375,0.5,0.5,0.5,0.5,0.2986667,0.5555555555555555,16.118732248287237,3.7627223208027267,-259.7847143628296
Jordan,JOR,2017,9339.81039725983,20.1475936480175,88.8758288897009,89.7316005071358,4.87814133167977,10234226.0,20.1491754470559,24.5139698529782,0.375,0.5,0.5,0.5357143,0.5,0.2956667,0.5486111111111112,16.14124824906659,3.7853433900356697,17.905885944528563
Kazakhstan,KAZ,1996,10857.4353898737,17.2259263060412,87.2746963500977,71.2735732877076,5.40518494342609,16416027.0,16.4446861051701,25.5877645603598,0.0,0.0,0.0625,0.3571429,0.0999999999999999,0.0,0.5555555555555555,16.6137687326042,3.7972368336806874,
Kazakhstan,KAZ,1997,11298.5805497095,16.2525143640569,87.2746963500977,72.3595506961877,5.96140056843242,16043251.0,16.2786914312508,25.6063822311795,0.0,0.0,0.15625,0.3214285999999999,0.1124999999999999,0.0,0.5555555555555555,16.590798882995173,3.809637034811633,441.14515983579986
Kazakhstan,KAZ,1998,11364.0307809315,15.7185967396186,86.0138473510742,65.2041827454395,5.20165904469805,15647785.0,16.0424142036757,29.3146310413852,0.0,0.0,0.25,0.2857143,0.125,0.0,0.5555555555555555,16.5658399952941,3.7926607497334044,65.45023122199927
Kazakhstan,KAZ,1999,11815.7732115429,16.1798001771722,89.5478210449219,82.579151355772,9.40677610871111,15455874.0,15.9540140157277,32.9666653326432,0.0,0.0,0.34375,0.2857143,0.125,0.0,0.5555555555555555,16.553499747927614,3.8832001767539666,451.7424306114008
Kazakhstan,KAZ,2000,12935.864368308,17.3182861997546,89.0767288208008,105.699692634521,7.49246609878753,15501103.0,16.0789716088864,37.7758296698614,0.0,0.0,0.4375,0.2857143,0.125,0.0,0.5370370370370371,16.556421805159488,3.8429969762395477,1120.0911567651
Kazakhstan,KAZ,2001,14612.0290050498,23.7305786608248,89.0767288208008,92.8490685069707,12.7154903277303,15575550.0,16.3330382200281,36.1418298622593,0.0,0.0,0.46875,0.2321428499999999,0.15,0.0625,0.4953703703703704,16.561212999219094,3.9490903163251727,1676.1646367417998
Kazakhstan,KAZ,2002,15960.8738450013,24.0216998894652,89.0767288208008,94.03168564978,10.5066901062522,15656677.0,16.2828480477457,35.8109321050125,0.0,0.0,0.5,0.1785714,0.175,0.125,0.4722222222222221,16.566408093201105,3.905589219751521,1348.8448399515
Kazakhstan,KAZ,2003,17344.752672995,23.0412704074976,89.0767288208008,91.4633324250457,8.05370034022495,15747380.0,16.9613333917564,35.0752659061292,0.0,0.0,0.5,0.1785714,0.175,0.125,0.4722222222222221,16.57218462369463,3.8549520752181543,1383.8788279936998
Kazakhstan,KAZ,2004,18886.5811908122,25.0833136815967,89.0767288208008,96.4091997009336,13.0128589220718,15850159.0,17.4092870615111,35.3518419501918,0.0,0.0,0.5,0.1785714,0.175,0.125,0.4722222222222221,16.578690152873836,3.954804911465379,1541.828517817201
Kazakhstan,KAZ,2005,20565.5294470866,27.9645998695622,89.0767288208008,97.7625030243024,4.45711144385218,15968117.0,18.0053589818039,37.6280181516768,0.0,0.0,0.5,0.1785714,0.175,0.125,0.4722222222222221,16.586104667285635,3.775739593537986,1678.9482562743979
Kazakhstan,KAZ,2006,22574.3429577665,30.1984450109672,98.4432830810547,91.4535267973373,9.39605595950726,16103716.0,18.4412717488522,39.3564557485124,0.0,0.0,0.625,0.25,0.2249999999999999,0.204,0.4722222222222221,16.59456067287363,3.882979479797569,2008.8135106799018
Kazakhstan,KAZ,2007,24351.3464102542,30.0175388025676,98.4432830810547,92.1616330969975,11.4190297456091,16257214.0,18.92105088359,37.7308974758662,0.0,0.0,0.625,0.25,0.2249999999999999,0.204,0.4722222222222221,16.604047368201186,3.9237871947940195,1777.0034524876974
Kazakhstan,KAZ,2008,24895.6645683245,26.8411797649863,98.4432830810547,94.2948046483658,12.6039290016987,16426525.0,18.9235970877163,40.2502455752721,0.0,0.0,0.625,0.25,0.2249999999999999,0.1983333,0.4722222222222221,16.614408025173073,3.9469379666567295,544.3181580703022
Kazakhstan,KAZ,2009,24901.3527260084,27.7917262746575,98.4432830810547,75.7660674636533,12.3805834457831,16619846.0,18.6388195144746,38.4314808509372,0.0,0.0,0.5625,0.25,0.2249999999999999,0.1983333,0.4722222222222221,16.62610814157303,3.9426149956869927,5.688157683900499
Kazakhstan,KAZ,2010,26374.8407672795,24.3273473647221,98.5237492649908,74.1382658957842,5.03630628288047,16836810.0,18.7155746764185,40.6024221199984,0.0,0.0,0.5625,0.25,0.2249999999999999,0.1933332999999999,0.4722222222222221,16.639078178299272,3.7889274725465545,1473.488041271099
Kazakhstan,KAZ,2011,27946.1603432944,21.4647023620078,98.8350532967319,73.1178570509129,7.14351039762779,17066002.0,18.9638100225753,37.2660880953566,0.0,0.0,0.5625,0.25,0.2249999999999999,0.1913332999999999,0.4583333333333333,16.65259891386677,3.835491006685963,1571.3195760148992
Kazakhstan,KAZ,2012,28881.2417563728,22.8031563737231,99.0180187395814,73.7237324891671,6.56164821145973,17306106.0,19.3824033745512,36.3028533254093,0.0,0.0,0.5625,0.25,0.2249999999999999,0.1816667,0.4444444444444445,16.666570002956473,3.822848595034794,935.081413078402
Kazakhstan,KAZ,2013,30177.4887221736,21.8821878595818,97.6500312583517,65.4076093299538,4.23069709209016,17556502.0,19.8247505994394,33.6988156382046,0.0,0.0,0.5625,0.2857143,0.3,0.1853332999999999,0.4444444444444445,16.680934980553214,3.7705366345833697,1296.2469658007976
Kazakhstan,KAZ,2014,30986.4379168995,21.5559106762948,98.522388891969,64.9720346513507,3.3006311188168,17816285.0,20.0239741222197,33.2094258316125,0.0,0.25,0.5625,0.3214286,0.3,0.189,0.4444444444444445,16.695623540776573,3.74887527481612,808.9491947259012
Kazakhstan,KAZ,2015,30893.7594851041,22.8815209624498,98.2120601574997,53.0497288072652,3.56737402233377,18084169.0,20.5616519677938,30.8547873936113,0.0,0.25,0.5625,0.4642856999999999,0.375,0.2686667,0.4444444444444445,16.71054752792754,3.7551358876178895,-92.67843179540068
Kazakhstan,KAZ,2016,30758.3227260598,22.7192642717924,97.0463003338151,60.3115965864153,12.5466202801438,18363600.0,20.2574113814848,31.9797903606788,0.0,0.25,0.5625,0.4642856999999999,0.375,0.2686667,0.4444444444444445,16.72588105682268,3.945830507290423,-135.43675904429983
Kazakhstan,KAZ,2017,31524.4416339794,21.6975410616293,96.5061709309357,56.825387935971,2.85205738000704,18651931.0,19.8534671072081,32.3252253010728,0.0,0.25,0.5625,0.5357143,0.375,0.2686667,0.4444444444444445,16.741460291182065,3.738257793230022,766.118907919601
Kenya,KEN,1996,3941.40919481353,16.0090581658668,40.3322486877441,57.3121107038102,0.902159604566332,27344211.0,10.3410225276724,16.3920534652717,0.0,0.25,0.3125,0.3214286,0.0999999999999999,0.0,0.6388888888888888,17.124015437379427,3.6907480282086893,
Kenya,KEN,1997,3853.37139280354,15.3879007624174,40.3322486877441,54.0571168602893,0.473451703489222,28101768.0,10.1255363984546,15.926383171516,0.0,0.125,0.3125,0.3214286,0.0999999999999999,0.0,0.5856481481481483,17.151343086059125,3.679992707129555,-88.03780200999017
Kenya,KEN,1998,3871.82176322447,15.6752132854385,40.3322486877441,48.8972419400753,0.188365603434476,28888057.0,10.0507101622359,15.5421633218862,0.0,0.0,0.3125,0.3214286,0.0999999999999999,0.0,0.3981481481481481,17.1789388496915,3.672775956949562,18.450370420930085
Kenya,KEN,1999,3848.46470612727,15.5914314794886,40.3322486877441,48.1922749889095,0.402864561234926,29733408.0,9.90044355522531,14.915302558375,0.0625,0.0,0.28125,0.3035714499999999,0.1374999999999999,0.0,0.3888888888888888,17.20778185372194,3.6782106895818494,-23.35705709720014
Kenya,KEN,2000,3756.63622296879,16.7088065135105,40.9617881774902,53.3090443862273,0.872896453431273,30642890.0,9.6312963180681,15.0158560285564,0.125,0.0,0.25,0.2857143,0.175,0.0,0.3888888888888888,17.23791125217153,3.6900175484276794,-91.82848315847968
Kenya,KEN,2001,3778.25854755615,18.1515573586507,41.6857109069824,55.9468360286644,0.0408333582871574,31619170.0,9.56604800227387,15.3096240912508,0.125,0.0,0.34375,0.26785715,0.175,0.0625,0.3888888888888888,17.269274171818104,3.6690207333509837,21.6223245873598
Kenya,KEN,2002,3681.2569427491,17.2368798490979,41.8610191345215,55.1726722640053,0.210062364887451,32629808.0,9.31433166544699,15.4535611803669,0.125,0.0,0.4375,0.25,0.175,0.125,0.375,17.30073681504333,3.6733270296706437,-97.00160480705017
Kenya,KEN,2003,3674.08592758409,15.8382091250789,43.5811309814453,54.132265895729,0.548412532071825,33652223.0,9.2117540319582,15.6231500412624,0.125,0.0,0.5,0.25,0.175,0.125,0.4675925925925926,17.33158970399584,3.6818816707956996,-7.171015165009976
Kenya,KEN,2004,3743.56785736929,16.2592234815342,47.1179389953613,59.4770033484289,0.286194263505208,34713455.0,9.25651745271154,16.2050773387406,0.125,0.0,0.5,0.25,0.175,0.125,0.4166666666666667,17.3626379507293,3.675258293316124,69.48192978520001
Kenya,KEN,2005,3844.73557120578,18.6991117625245,47.2635917663574,64.4788661639796,0.113202068934601,35796484.0,9.35951608933746,17.0126260396617,0.125,0.0,0.5,0.25,0.175,0.125,0.349537037037037,17.39336026219299,3.670864538137168,101.1677138364903
Kenya,KEN,2006,3970.73349887685,19.4244380225784,48.8131103515625,55.2364851257303,0.196219632064752,36904008.0,9.49368144281546,19.3841059353688,0.125,0.0,0.5,0.25,0.175,0.2526666999999999,0.3333333333333333,17.423830748095767,3.672975475289709,125.99792767106965
Kenya,KEN,2007,4116.45094720856,19.9647291071788,50.8713607788086,53.8947888046059,2.28124317373484,38036349.0,9.66640235379368,19.3021680815154,0.125,0.0,0.5,0.25,0.175,0.2526666999999999,0.3171296296296296,17.454052839407947,3.724581879765434,145.71744833171033
Kenya,KEN,2008,4002.88364073792,18.8649238157143,57.0353507995605,57.5785986473131,0.266291327300955,39206351.0,9.42243108879867,18.5827717274425,0.125,0.0,0.5,0.25,0.175,0.243,0.3055555555555555,17.484349332449824,3.6747537687633574,-113.56730647064023
Kenya,KEN,2009,4012.19428382397,18.2864916251532,57.7407112121582,45.9451918127805,0.274534230856511,40408891.0,9.35950827925428,18.386624667775,0.125,0.0,0.5,0.25,0.175,0.243,0.3194444444444444,17.514560417723047,3.6749627510869627,9.310643086050277
Kenya,KEN,2010,4211.52462957784,20.8470576462838,57.7407112121582,50.3942873502834,0.392164287395035,41598567.0,9.64072948635806,18.5746727706851,0.125,0.0,0.5,0.25,0.175,0.2403333,0.3680555555555555,17.54357630156208,3.6779402769316567,199.33034575386955
Kenya,KEN,2011,4307.10611556858,20.7086390580308,57.7407112121582,58.4022059745625,3.09471103381268,42758461.0,9.77222291257384,19.6629008334867,0.125,0.0,0.5,0.25,0.175,0.2403333,0.3888888888888888,17.571077675279675,3.744015257960678,95.58148599074048
Kenya,KEN,2012,4387.93790075409,21.5850382332069,57.7407112121582,51.6236920232481,2.44725940988928,43888303.0,9.90106319319004,19.26155255789,0.125,0.0,0.5,0.25,0.175,0.2403333,0.3703703703703704,17.597158418858097,3.728578722068797,80.83178518550994
Kenya,KEN,2013,4443.371215682,20.7857855351267,57.7407112121582,47.4646425127304,1.81417037253291,44986791.0,10.0024177034431,19.0802591143975,0.125,0.0,0.5625,0.25,0.175,0.2543333,0.3611111111111111,17.621879493540668,3.713250639604713,55.43331492791003
Kenya,KEN,2014,4558.55155266374,23.8847336743931,57.7407112121582,46.170489362216,1.20220842439576,46051440.0,10.2180969700698,19.0360328023672,0.25,0.0,0.5625,0.3571429,0.3,0.3376667,0.3611111111111111,17.645269612249837,3.6982073551225323,115.18033698173986
Kenya,KEN,2015,4679.62182831938,22.0910367724206,72.5750860661828,40.3273846919019,0.883799936312692,47088526.0,10.4333632278631,18.8940456983605,0.125,0.0,0.5,0.3571429,0.3,0.3443333,0.3611111111111111,17.66753994120384,3.6902897883857264,121.07027565564022
Kenya,KEN,2016,4770.31046388086,19.3917380733162,74.4698594945796,34.8650195731824,0.627591266355583,48139687.0,10.6147036169583,18.1621592865164,0.125,0.0,0.5,0.3571429,0.3,0.3443333,0.3680555555555555,17.689617509201398,3.683873055499605,90.68863556147971
Kenya,KEN,2017,4846.86210851932,19.895722184842,74.4698594945796,35.9950578754074,1.64083690398642,49197766.0,10.7925013575922,17.5035092078691,0.125,0.0,0.5,0.3571429,0.3,0.3369999999999999,0.3888888888888889,17.71135879425369,3.70901266740046,76.55164463845995
Kyrgyz Republic,KGZ,1996,3138.66615671114,22.4087900065387,74.6498870849609,87.2957738051993,2.58474284700824,4628438.0,20.0861722160509,17.0282871709837,0.375,0.5,0.4375,0.4166667,0.4375,0.25,0.4444444444444444,15.347730220186827,3.731876587251205,
Kyrgyz Republic,KGZ,1997,3399.93427126665,12.3901361220373,74.6498870849609,84.4771343003418,4.74131484698084,4696421.0,18.7056874719758,21.0592588730255,0.375,0.5,0.4375,0.4166667,0.4375,0.25,0.4444444444444444,15.362311500166367,3.7822324489967407,261.2681145555098
Kyrgyz Republic,KGZ,1998,3419.22330736215,12.8833225087328,74.6498870849609,94.5092945286033,6.63614159249767,4769015.0,18.2290246908366,20.7612912285629,0.375,0.5,0.4375,0.4166667,0.4375,0.25,0.4444444444444444,15.377650552275782,3.824476099467448,19.28903609550025
Kyrgyz Republic,KGZ,1999,3491.93773268741,15.7211143935664,81.2357330322266,99.1994912194321,3.5556936517315,4840422.0,16.3242357552489,23.1250231823404,0.375,0.5,0.4375,0.4166667,0.4375,0.25,0.4444444444444444,15.392512671568161,3.754862561471412,72.71442532525998
Kyrgyz Republic,KGZ,2000,3638.46314292227,18.0266441444543,82.4341583251953,89.4309316270309,-0.172311073962181,4898362.0,14.8257047448213,29.1996199376661,0.375,0.5,0.4375,0.4166667,0.4375,0.25,0.4444444444444444,15.404411625630502,3.6635704194285945,146.52541023485992
Kyrgyz Republic,KGZ,2001,3795.89059344129,16.7975258345909,83.5917129516602,73.7469123687968,0.328285301673471,4945073.0,14.614017515617,26.8324889860388,0.375,0.5,0.40625,0.4166667,0.46875,0.25,0.4444444444444444,15.4139024875377,3.67632443202469,157.4274505190201
Kyrgyz Republic,KGZ,2002,3760.53239965257,16.2578217464454,82.7385635375977,82.9207290212667,0.290348679041994,4990704.0,16.4084664681669,21.3137031159609,0.375,0.5,0.375,0.4166667,0.5,0.25,0.4444444444444444,15.42308774031339,3.67536357254036,-35.3581937887202
Kyrgyz Republic,KGZ,2003,3982.92722017802,13.630748979986,87.8954772949219,83.9327828079655,2.37334214616148,5043308.0,19.4438328696484,20.2432676693128,0.375,0.5,0.3125,0.4166667,0.5,0.3125,0.4444444444444444,15.4335729722335,3.7268011359172712,222.3948205254501
Kyrgyz Republic,KGZ,2004,4211.52248307857,14.56173616094,86.5721893310547,93.8157321567302,7.93380357994973,5104713.0,21.8801029536509,21.6893695542269,0.3636363999999999,0.4646464999999999,0.3636363999999999,0.4175084,0.4949495,0.3333333,0.4444444444444444,15.445674984505162,3.8524100789743576,228.5952629005501
Kyrgyz Republic,KGZ,2005,4156.95849230116,16.0060733880943,85.4348373413086,95.0840046303638,1.73012109521201,5162640.0,21.8701459526446,19.9674526656306,0.2706964,0.2744192,0.5763889,0.3268716,0.2839784999999999,0.3560606,0.4444444444444444,15.456958828227117,3.7111978927613283,-54.563990777410254
Kyrgyz Republic,KGZ,2006,4240.17017797554,23.0330201818803,85.5732421875,120.749981766273,6.422443742837,5218373.0,23.715911188385,17.5544661208558,0.0,0.0,0.25,0.25,0.0999999999999999,0.3026667,0.4444444444444444,15.467696417081536,3.8198001883042814,83.21168567438053
Kyrgyz Republic,KGZ,2007,4558.71267894172,24.6210474165543,84.9611129760742,137.058387838563,5.46786640053175,5268385.0,24.3693014228601,16.6822999949964,0.0,0.0,0.25,0.25,0.075,0.3026667,0.4444444444444444,15.477234611750221,3.798641958566547,318.54250096617943
Kyrgyz Republic,KGZ,2008,4894.9427801376,26.7792920865208,84.9611129760742,146.106082230139,7.33453630196803,5318729.0,24.5749576906296,20.4289120967446,0.0,0.0,0.4375,0.25,0.075,0.3016667,0.4444444444444444,15.48674511101473,3.8396069143212053,336.2301011958798
Kyrgyz Republic,KGZ,2009,4969.96132720374,28.2115504746229,86.7180862426758,133.379153167955,4.03784480909439,5389643.0,24.6197446833411,23.6357293329934,0.0,0.0,0.5,0.25,0.075,0.3016667,0.4444444444444444,15.499989892466422,3.7660834759874953,75.01854706614085
Kyrgyz Republic,KGZ,2010,4876.47964886483,27.7647113277575,87.7688035961973,133.232850492333,9.86092233978431,5467059.0,24.6009151697369,26.2652737926744,0.0,0.0,0.375,0.25,0.075,0.2269999999999999,0.4444444444444444,15.514251552757464,3.8925052792514787,-93.48167833891057
Kyrgyz Republic,KGZ,2011,5092.85165751678,23.6912525687168,87.5220892813577,136.179840420492,11.0646449339785,5546587.0,24.0787394544621,27.4490880946162,0.0,0.0,0.375,0.25,0.075,0.2279999999999999,0.4444444444444444,15.528693521896344,3.9167577422126456,216.37200865194973
Kyrgyz Republic,KGZ,2012,4993.39431683528,31.3914039719613,87.2870662875623,139.675937840309,3.95036874399421,5652076.0,24.8110056917866,22.2571297250342,0.0,0.0,0.4375,0.25,0.075,0.2396666999999999,0.4444444444444444,15.547533646189864,3.764057007125478,-99.45734068149977
Kyrgyz Republic,KGZ,2013,5418.54061993935,29.5595094552467,87.7240351123141,134.026785643922,8.34375023535304,5777150.0,23.5250961174818,24.843594671242,0.0,0.0,0.4375,0.25,0.0999999999999999,0.323,0.4444444444444444,15.569421212555786,3.8610749876252513,425.1463031040703
Kyrgyz Republic,KGZ,2014,5513.7544695252,32.491028066305,89.4164090538588,125.126181075833,4.59301012553734,5905848.0,23.4612248524731,23.8882289228189,0.0,0.0,0.4375,0.25,0.125,0.3413333,0.4444444444444444,15.591453773739381,3.7788495683792402,95.21384958584986
Kyrgyz Republic,KGZ,2015,5600.2143342846,32.5880033283049,88.9591724149373,110.961570714633,17.1312307587207,6040036.0,23.761931027867,25.0780623169816,0.0,0.0,0.4375,0.2142857,0.125,0.3443333,0.4444444444444444,15.613920695720049,4.0307635202056025,86.45986475940026
Kyrgyz Republic,KGZ,2016,5715.01041179003,31.7947260225658,90.4864998184447,105.823574017406,9.08868385870298,6175338.0,24.799996939054,26.5464240007793,0.0,0.0,0.4375,0.3928570999999999,0.15,0.3309999999999999,0.4444444444444444,15.636074337756856,3.8766307658392947,114.79607750542982
Kyrgyz Republic,KGZ,2017,5861.22200040503,31.4657391469581,89.9187538995131,100.617445813258,-1.39184288798722,6306696.0,24.7821784294167,27.3080934715766,0.0,0.0,0.5,0.4285714,0.25,0.3369999999999999,0.4444444444444444,15.657122642633489,3.6318013109204896,146.21158861499953
Cambodia,KHM,1996,1643.01579058314,12.6760898846533,16.9208698272705,69.161566797509,8.37255420712081,10801270.0,4.95545462504642,14.988565801564,0.125,0.0,0.1875,0.4642856999999999,0.15,0.0,0.4444444444444444,16.195174370355275,3.8616809940325343,
Cambodia,KHM,1997,1595.17130656935,13.4196139607507,16.9208698272705,78.9346444583816,5.91564174870823,11570982.0,7.60043830719381,16.3857369937735,0.125,0.0,0.1875,0.4642856999999999,0.15,0.0,0.4444444444444444,16.26401105666718,3.8086226780748884,-47.84448401378995
Cambodia,KHM,1998,1602.38371208931,12.3863128638125,16.9208698272705,75.6194730009492,3.71333117712453,12058173.0,4.22958606831932,16.7090818114912,0.125,0.0,0.1875,0.4642856999999999,0.15,0.0,0.4444444444444444,16.305253328181145,3.758545068854146,7.21240551995993
Cambodia,KHM,1999,1775.41239802043,15.9789286539458,16.5827503204346,94.1768880770207,2.90641952247495,12265731.0,6.90143080606521,18.0398264256172,0.125,0.0,0.1875,0.4642856999999999,0.15,0.0,0.4444444444444444,16.32231991591584,3.7395505329347034,173.02868593111998
Cambodia,KHM,2000,1922.03179092592,18.3895301204123,18.1284408569336,110.397125303731,3.20257592365608,12462336.0,8.53602337139104,21.6455986512559,0.125,0.0,0.1875,0.4642856999999999,0.15,0.0,0.4444444444444444,16.338221613928983,3.7465639735391645,146.61939290549003
Cambodia,KHM,2001,2032.08092022373,17.3896808288937,20.176570892334,111.771741244001,3.53337669089546,12658484.0,11.0009742055553,23.2646257907737,0.125,0.0,0.1875,0.4642856999999999,0.15,0.0,0.4444444444444444,16.353838299273043,3.754340126307098,110.04912929780994
Cambodia,KHM,2002,2126.34150468987,20.9017583968683,23.8959407806396,118.269562072288,2.90934773211661,12855241.0,10.9340301335594,25.3793058382166,0.125,0.0,0.1875,0.4642856999999999,0.15,0.0,0.4444444444444444,16.369262223864713,3.7396201187779754,94.26058446614002
Cambodia,KHM,2003,2309.83931482788,21.2723464696845,27.8392200469971,120.074969093599,1.61651685032136,13050968.0,11.5683164135322,26.3428745441044,0.125,0.0,0.1875,0.4642856999999999,0.15,0.0,0.4444444444444444,16.384372941849932,3.708416607068143,183.4978101380102
Cambodia,KHM,2004,2491.30930003838,21.7474490268637,30.9775104522705,131.351481056276,2.2337173477841,13244731.0,12.0960617283704,27.6802685813967,0.125,0.0,0.25,0.5,0.15,0.0,0.4444444444444444,16.39911044643301,3.723434747783147,181.4699852105
Cambodia,KHM,2005,2781.89028895255,22.0482982049285,30.9775104522705,133.551965265648,5.36603852621255,13439202.0,13.1695481147033,27.4192470160455,0.125,0.0,0.25,0.5,0.15,0.0,0.4444444444444444,16.41368659070569,3.796358289155699,290.58098891416967
Cambodia,KHM,2006,3041.10471220153,23.0793894655423,39.1435394287109,140.348734318483,5.78657071926189,13639028.0,14.0178673277992,29.0700225848228,0.125,0.0,0.25,0.4642856999999999,0.15,0.159,0.4444444444444444,16.428446020162344,3.805755944613156,259.21442324898044
Cambodia,KHM,2007,3308.15747246544,24.1617000780788,41.7365608215332,133.700023826819,8.56334609470361,13841770.0,14.720379752659,28.1400350776131,0.125,0.0,0.25,0.4642856999999999,0.15,0.159,0.4444444444444444,16.44320146239505,3.8656858161596523,267.05276026390993
Cambodia,KHM,2008,3501.9257021932,21.859577558739,44.2504997253418,130.393510678736,6.69590818514056,14053479.0,15.6742832931001,26.0495966887473,0.125,0.0,0.25,0.4642856999999999,0.15,0.1623332999999999,0.4444444444444444,16.45838060990745,3.8257799459908925,193.76822972775972
Cambodia,KHM,2009,3587.60889588362,25.2361352056186,44.2504997253418,102.2879490147,7.42542554520067,14276810.0,15.6234902647986,25.5665162922046,0.125,0.0,0.3125,0.4285714,0.15,0.1623332999999999,0.4444444444444444,16.474147170608507,3.841559312370178,85.68319369042001
Cambodia,KHM,2010,3711.53750580157,21.28662800802,44.2504997253418,109.998400607758,10.169807189939,14500726.0,15.9732644215951,26.0088985136981,0.125,0.0,0.3125,0.4285714,0.15,0.1623332999999999,0.4444444444444444,16.489709344064973,3.898784976579859,123.92860991795033
Cambodia,KHM,2011,3921.97911563308,21.3854992854878,44.2504997253418,109.790505166814,9.59845134883877,14722584.0,16.4718076152095,26.6606926732023,0.125,0.0,0.375,0.4285714,0.175,0.1623332999999999,0.4444444444444444,16.50489326726017,3.887138018285675,210.4416098315096
Cambodia,KHM,2012,4159.16354123446,23.6749074349425,44.2504997253418,116.740233418212,11.1524912445112,14945085.0,17.7580846699697,27.6110297650086,0.125,0.0,0.3125,0.4285714,0.175,0.1653333,0.4444444444444444,16.519893108116538,3.918504842433474,237.18442560138055
Cambodia,KHM,2013,4419.3988680186,25.9001429708567,44.2504997253418,124.887552768657,10.4430587644193,15170208.0,19.282656377681,28.9581198037895,0.125,0.0,0.375,0.4285714,0.175,0.1533333,0.4444444444444444,16.534844128421636,3.9043075577326807,260.23532678413994
Cambodia,KHM,2014,4702.73061823207,29.1148422384552,44.2504997253418,124.454908526693,8.40902020300656,15396772.0,23.7681167759175,29.9169916479613,0.125,0.0,0.375,0.4642856999999999,0.175,0.1593332999999999,0.4444444444444444,16.549668499971595,3.862447675276264,283.3317502134696
Cambodia,KHM,2015,4968.57276699143,29.0092205221484,44.2504997253418,122.109596815379,7.54029662001984,15623251.0,24.9213861091188,31.4639051712341,0.125,0.0,0.375,0.4285714,0.15,0.1423333,0.4444444444444444,16.5642708753286,3.8440214250385405,265.8421487593605
Cambodia,KHM,2016,5283.72964943779,29.5113482528819,44.2504997253418,122.704555602667,9.32318507305764,15852803.0,25.7634256473618,33.0562094608004,0.125,0.0,0.4375,0.3928570999999999,0.125,0.1423333,0.4444444444444444,16.578856951158446,3.881477986162325,315.1568824463593
Cambodia,KHM,2017,5632.03125629342,29.7794487571952,48.9424458707368,121.155451298689,9.49760203098743,16073372.0,25.4909057699602,34.2980809169165,0.125,0.0,0.4375,0.3928570999999999,0.175,0.2043333,0.4444444444444444,16.592674609901806,3.8850680686458587,348.30160685562987
Kiribati,KIR,1996,2455.50107360313,15.7118099237607,43.1210899353027,86.6836326396114,0.660963409026935,82623.0,17.57722945987745,8.27730273746036,0.6363635999999999,0.5151515,0.8535353999999999,0.4646464999999999,0.6818181999999999,0.510101,0.4444444444444444,11.322055474206314,3.6847111950584734,
Kiribati,KIR,1997,2439.41011578482,15.7118099237607,43.1210899353027,93.8161911468459,0.638482449427535,84147.0,17.57722945987745,8.60158449570282,0.6363635999999999,0.5151515,0.8535353999999999,0.4646464999999999,0.6818181999999999,0.510101,0.4444444444444444,11.34033243225392,3.684146664200138,-16.090957818310017
Kiribati,KIR,1998,2502.86206993942,15.7118099237607,45.4445915222168,85.0146347190889,0.587071431686473,85657.0,17.57722945987745,10.6112209472229,0.6363635999999999,0.5151515,0.8535353999999999,0.4646464999999999,0.6818181999999999,0.510101,0.4444444444444444,11.358117902776314,3.682854456860185,63.45195415460012
Kiribati,KIR,1999,2364.34619150483,15.7118099237607,56.6280517578125,100.617113467609,0.584074966853931,87126.0,17.57722945987745,11.9356786457721,0.6363635999999999,0.5151515,0.8535353999999999,0.4646464999999999,0.6818181999999999,0.510101,0.4444444444444444,11.375122103323024,3.6827790896946255,-138.51587843458992
Kiribati,KIR,2000,2481.41524257587,15.7118099237607,62.1038703918457,94.1665241313018,0.963562834776875,88613.0,17.57722945987745,11.6259006310839,0.6363635999999999,0.5151515,0.8535353999999999,0.4646464999999999,0.6818181999999999,0.510101,0.4444444444444444,11.392045137654366,3.6922790705863116,117.06905107103967
Kiribati,KIR,2001,2357.58189014518,15.7118099237607,76.2893295288086,110.784733057905,-0.421154107226063,90335.0,17.57722945987745,12.2821953709095,0.6363635999999999,0.5151515,0.8535353999999999,0.4646464999999999,0.6818181999999999,0.510101,0.4444444444444444,11.411291331053215,3.657169442196732,-123.83335243068996
Kiribati,KIR,2002,2341.69553872722,15.7118099237607,81.5949478149414,125.625496108186,0.334194634159284,92264.0,17.57722945987745,11.613827046897,0.6363635999999999,0.5151515,0.8535353999999999,0.4646464999999999,0.6818181999999999,0.510101,0.4444444444444444,11.432420150310579,3.6764740206352764,-15.886351417959759
Kiribati,KIR,2003,2258.03381830985,15.7118099237607,87.8011093139648,103.928965237073,0.697940457936143,94175.0,17.57722945987745,10.1856785309025,0.6363635999999999,0.5151515,0.8535353999999999,0.4646464999999999,0.6818181999999999,0.510101,0.4444444444444444,11.4529206510332,3.685639051978617,-83.6617204173699
Kiribati,KIR,2004,2199.67074158217,15.7118099237607,87.655158996582,101.359702114731,1.87697867593672,96085.0,17.57722945987745,8.95312920919141,0.6363635999999999,0.5151515,0.8535353999999999,0.4646464999999999,0.6818181999999999,0.510101,0.4444444444444444,11.472998902764106,3.7147818689899963,-58.36307672767998
Kiribati,KIR,2005,2183.78113886233,15.7118099237607,85.8441390991211,123.594268587865,2.28808112178245,98035.0,17.57722945987745,8.42015582448247,0.625,0.5,1.0,0.4166667,0.875,0.375,0.4444444444444444,11.493090037136117,3.72474681924596,-15.88960271984024
Kiribati,KIR,2006,2264.16158033718,15.7118099237607,84.0447463989258,94.046808140823,0.506000711616138,100017.0,17.57722945987745,9.76537798158119,0.625,0.5,1.0,0.4166667,0.875,0.375,0.4444444444444444,11.513105448772173,3.680813359102831,80.38044147485016
Kiribati,KIR,2007,2286.4464773202,15.3987359839755,83.7022018432617,96.1590422982734,0.835207086847366,102068.0,17.57722945987745,11.3340080213383,0.625,0.5,1.0,0.4166667,0.875,0.375,0.4444444444444444,11.53340433415155,3.6890759428330004,22.284896983019735
Kiribati,KIR,2008,2172.35767589525,13.8032188422169,82.9311904907227,95.441924758027,-0.86226187796661,104222.0,17.57722945987745,11.0150397953615,0.625,0.5,1.0,0.4166667,0.875,0.375,0.4444444444444444,11.554288113310864,3.6457211741695286,-114.0888014249499
Kiribati,KIR,2009,2137.96593927055,17.6407278603639,82.9311904907227,97.6360324868749,3.56373391370914,106467.0,17.57722945987745,10.5783627345128,0.625,0.5,1.0,0.4166667,0.875,0.375,0.4444444444444444,11.57559974949805,3.7550507153829003,-34.391736624700115
Kiribati,KIR,2010,2119.64018013945,15.6555346582521,82.9311904907227,85.6972485309313,-3.99041060819927,108704.0,17.57722945987745,11.9776131472528,0.625,0.5,1.0,0.4166667,0.875,0.375,0.4444444444444444,11.59639307021149,3.5605414844613543,-18.325759131099858
Kiribati,KIR,2011,2150.38301837654,19.4424262701139,82.9311904907227,93.4313938880945,-0.177954446979993,110647.0,17.57722945987745,13.2156381400186,0.625,0.5,1.0,0.4166667,0.875,0.625,0.4444444444444444,11.614109270304544,3.663425708355708,30.742838237089927
Kiribati,KIR,2012,2242.01379114528,25.2335308869913,82.9311904907227,96.1287092438882,-1.15262125678328,112284.0,17.57722945987745,13.4930209021933,0.625,0.5,1.0,0.4166667,0.875,0.625,0.4444444444444444,11.628795561012641,3.6381131781261793,91.63077276873992
Kiribati,KIR,2013,2382.37034452158,29.9063411069065,82.9311904907227,96.7814002828914,0.415473344082877,113838.0,17.57722945987745,14.3769824347141,0.625,0.5,1.0,0.4166667,0.875,0.625,0.4444444444444444,11.642540448466544,3.678529239417556,140.35655337630033
Kiribati,KIR,2014,2381.34837325608,28.1119110900483,82.9311904907227,104.187980044647,1.31418451065811,115326.0,17.57722945987745,14.115070360461,0.6666667,0.5833332999999999,0.8888889,0.6666667,0.8333332999999999,0.625,0.4444444444444444,11.655526850569164,3.7009769273344686,-1.0219712655002695
Kiribati,KIR,2015,2615.8414365735,38.5563413482028,82.9311904907227,109.889112537487,-0.427973964466896,116815.0,17.57722945987745,14.7267735467294,0.6666667,0.5833332999999999,0.8888889,0.6666667,0.8333332999999999,0.625,0.4444444444444444,11.668355326295867,3.656993437201401,234.4930633174199
Kiribati,KIR,2016,2761.9336523043,30.5525307080355,82.9311904907227,111.269797688379,0.875179449056022,118478.0,17.57722945987745,14.6506389824021,0.6666667,0.5833332999999999,0.8888889,0.6666667,0.8333332999999999,0.625,0.4444444444444444,11.682491008662982,3.6900745567736326,146.09221573080004
Kiribati,KIR,2017,2822.669652935,25.4576260121047,82.9311904907227,100.561253988425,0.352123235920718,120275.0,17.57722945987745,12.4167579233588,0.6666667,0.5833332999999999,0.8888889,0.6666667,0.8888889,0.625,0.4444444444444444,11.697544380812866,3.6769277276726573,60.736000630700346
Lao PDR,LAO,1996,2473.77285753148,13.41565795568,24.1481494903564,63.7571736099789,8.52870931249719,5045678.0,2.41540401611202,20.6120581991112,0.375,0.375,0.5625,0.375,0.5,0.375,0.4444444444444444,15.434042791415285,3.8649599624049693,
Lao PDR,LAO,1997,2589.20762864101,13.41565795568,25.8993301391602,65.1569707659458,5.20889423950572,5152011.0,2.56940068039044,20.6251128747956,0.375,0.375,0.5625,0.375,0.5,0.375,0.4444444444444444,15.45489787595616,3.792823785612813,115.43477110953017
Lao PDR,LAO,1998,2642.56618699585,13.41565795568,28.1427497863769,84.2695405093512,3.58543935160818,5248266.0,2.62375048192704,22.2619621078948,0.375,0.375,0.5625,0.375,0.5,0.375,0.4444444444444444,15.473408484836286,3.755558477718738,53.358558354839715
Lao PDR,LAO,1999,2786.52039703471,13.41565795568,31.144739151001,80.0584561654881,5.42480319770453,5340784.0,2.81687981779958,22.4698367237759,0.375,0.375,0.53125,0.35416665,0.46875,0.375,0.4444444444444444,15.490883203877704,3.7976768267231744,143.9542100388603
Lao PDR,LAO,2000,2899.01961879748,13.41565795568,33.2670707702637,68.8373013678325,1.95760389973722,5431212.0,2.95737478588778,16.4770694017999,0.375,0.375,0.5,0.3333333,0.4375,0.375,0.4444444444444444,15.507673055544556,3.716744033957761,112.4992217627696
Lao PDR,LAO,2001,3015.63258480614,13.5436071724261,35.1896514892578,65.8994368798482,1.35157901983042,5521482.0,3.09558716844312,16.9937147919347,0.375,0.375,0.5625,0.3333333,0.4375,0.375,0.4444444444444444,15.524157041591089,3.701900122444194,116.61296600866035
Lao PDR,LAO,2002,3143.22327579556,29.0404231808259,37.9458808898926,67.2549028523532,0.253176893420544,5610889.0,3.25201379130288,18.3826897329941,0.375,0.375,0.625,0.3333333,0.4375,0.375,0.4444444444444444,15.54021991019234,3.6744211884940796,127.59069098941973
Lao PDR,LAO,2003,3282.9853971272,27.7715216255189,40.6808013916016,60.572095882788,0.962969691363706,5697945.0,3.42193362279962,20.1201441501939,0.375,0.25,0.4375,0.2916667,0.375,0.3125,0.4444444444444444,15.555616316985606,3.692264292217693,139.76212133164017
Lao PDR,LAO,2004,3441.16999706515,31.754243509919,42.5078582763672,66.0797516222837,0.714895049062071,5781626.0,3.61250932891899,19.3595097686057,0.2626263,0.3030303,0.5252525,0.2996632999999999,0.4393939,0.3383838,0.4444444444444444,15.570195688927551,3.68606420208772,158.18459993794977
Lao PDR,LAO,2005,3630.55878769378,34.0580868030095,42.9863014221191,71.7926462737852,1.01332132437858,5869523.0,3.85884840330335,23.2287895606829,0.25,0.25,0.625,0.2916667,0.4375,0.3125,0.4444444444444444,15.585284098226676,3.693518043168563,189.38879062862998
Lao PDR,LAO,2006,3881.53736632657,30.0695410386414,42.2330513000488,81.9613754162421,5.42138961728604,5963200.0,4.20203399426352,26.1754512486046,0.0,0.25,0.5625,0.2142857,0.325,0.2366666999999999,0.4444444444444444,15.601117975402314,3.797600281750894,250.97857863279023
Lao PDR,LAO,2007,4112.25301659759,32.312243033777,43.0343399047852,79.2126289035269,7.66062749777557,6056236.0,4.49497691369107,25.3930205228552,0.0,0.25,0.5625,0.2142857,0.325,0.2366666999999999,0.4444444444444444,15.616599208076082,3.8465940769427327,230.71565027102042
Lao PDR,LAO,2008,4367.162880257,31.68198579384,44.126880645752,81.8491820941317,4.18200303606929,6148969.0,4.81616276432387,26.9497231702456,0.0,0.25,0.5625,0.2142857,0.325,0.2366666999999999,0.4444444444444444,15.631795146081616,3.7694141085354733,254.9098636594099
Lao PDR,LAO,2009,4625.07173324518,33.9384705525426,45.6930198669434,76.930826218652,5.45905949594973,6241642.0,5.13547273358394,25.163093788149,0.0,0.25,0.5625,0.2142857,0.3,0.2366666999999999,0.4444444444444444,15.646754006969962,3.7984446541107872,257.9088529881801
Lao PDR,LAO,2010,4946.10563678173,27.4624877401915,47.3594398498535,84.7203378916677,3.90935018167503,6334194.0,5.40226079553516,30.4660210858755,0.0,0.25,0.5625,0.2142857,0.3,0.2366666999999999,0.4444444444444444,15.661473291839863,3.763105355751851,321.0339035365496
Lao PDR,LAO,2011,5266.87866924206,28.0678025249814,46.3030907447649,91.6986958680216,3.43702755895922,6426590.0,5.6034953181375,30.815970194642,0.0,0.25,0.5625,0.2142857,0.3,0.2366666999999999,0.4444444444444444,15.67595478455033,3.752081476122139,320.7730324603299
Lao PDR,LAO,2012,5608.96956337059,32.504255276611,49.0350189208984,98.1851264313662,6.06067602678934,6518978.0,5.8239100259252,32.4366446720109,0.0,0.25,0.5625,0.2142857,0.3,0.244,0.4444444444444444,15.69022832654852,3.811834188141275,342.0908941285297
Lao PDR,LAO,2013,5974.47368943414,30.6473220372757,52.6759359354755,98.1791466159604,5.68624628337024,6611385.0,6.016877823616,30.4277075542967,0.0,0.25,0.5625,0.1428571,0.3,0.2403333,0.4444444444444444,15.704303872147154,3.803521997304142,365.50412606355076
Lao PDR,LAO,2014,6341.2122967032,29.8013514004447,58.0247383117676,99.0597382933399,6.53385086120159,6703172.0,6.16148490182741,28.815000545489,0.0,0.25,0.5625,0.1428571,0.3,0.2403333,0.4444444444444444,15.718091554346142,3.8222406093341,366.7386072690597
Lao PDR,LAO,2015,6703.74124348885,31.556651604237,62.2967936554274,85.798321703681,7.47075777292731,6801645.0,6.27582116644838,27.6933442499915,0.0,0.25,0.5625,0.1428571,0.3,0.2403333,0.4444444444444444,15.732675199678354,3.8425316741675335,362.5289467856501
Lao PDR,LAO,2016,7063.25545347926,29.0076540961796,64.7630026961054,75.0918909204124,5.87774436155716,6908802.0,6.37590963228787,28.7595046372574,0.0,0.25,0.5625,0.1428571,0.3,0.2456667,0.4444444444444444,15.74830695353134,3.8077818096686586,359.51420999040965
Lao PDR,LAO,2017,7432.4596330485,29.0076540961796,66.0411073482017,75.0918909204124,9.87799160512334,7018147.0,6.51502934586047,30.91247539947,0.0,0.25,0.5625,0.1428571,0.3,0.2456667,0.4444444444444444,15.764009923532175,3.8928533324946906,369.2041795692403
Lebanon,LBN,1996,11757.2824887935,34.7924986761368,55.9229698181152,68.0966127579704,0.584358875032073,4034781.0,25.677304964539,22.3064225544938,0.25,0.5,0.25,0.3571429,0.3999999999999999,0.375,0.4027777777777777,15.210462830965199,3.6827862308045027,
Lebanon,LBN,1997,11668.4006854372,29.4639175257732,56.7602386474609,62.0865979381443,11.4246771134021,4108405.0,25.107927349086,22.2721649484536,0.1875,0.5,0.21875,0.33928575,0.3624999999999999,0.375,0.3958333333333333,15.22854567669527,3.923898814971214,-88.88180335630022
Lebanon,LBN,1998,11885.3072278409,28.4064400168266,62.4550285339355,54.7171975983785,6.5802246247728,4181281.0,24.9718420318045,23.6835060614173,0.125,0.5,0.1875,0.3214286,0.325,0.375,0.4444444444444444,15.246128456043142,3.823254693762716,216.90654240369986
Lebanon,LBN,1999,11617.2497708538,22.9111848377379,61.6489181518555,50.8141707661214,5.01221157296938,4255277.0,24.4475714393074,21.2294550585364,0.1875,0.5,0.25,0.3214286,0.3874999999999999,0.375,0.4444444444444444,15.263670652755497,3.7883823052638377,-268.0574569871005
Lebanon,LBN,2000,11571.7326041085,21.0261337432744,62.5770492553711,50.1152959262106,5.75581691967717,4329340.0,24.1126392827861,19.9654112221368,0.25,0.5,0.3125,0.3214286,0.4499999999999999,0.375,0.4444444444444444,15.28092589440061,3.8050716729541674,-45.51716674529962
Lebanon,LBN,2001,11817.9305012844,20.7727289810952,60.7058296203613,55.5568083587026,8.23754952644041,4401918.0,23.9319752735622,20.4307137219529,0.25,0.5,0.34375,0.3035714499999999,0.4499999999999999,0.375,0.4444444444444444,15.297551140172306,3.8588374536516126,246.19789717589993
Lebanon,LBN,2002,12053.8341563826,19.3994181213633,62.5551910400391,51.0425325574951,6.97552914588529,4463504.0,23.7202294118823,19.1154059296204,0.25,0.5,0.375,0.2857143,0.4499999999999999,0.375,0.4444444444444444,15.31144488979808,3.8318575751246557,235.90365509820003
Lebanon,LBN,2003,12272.3440677497,19.7886044591247,64.8559494018555,54.0908340214699,14.2410590326381,4525508.0,23.5660044973708,18.3121387283237,0.25,0.5,0.375,0.2857143,0.35,0.375,0.4444444444444444,15.325240614977911,3.978067497024502,218.50991136710036
Lebanon,LBN,2004,12882.0757995163,22.3672723596403,66.0179901123047,90.9727970270956,8.97351609461343,4599279.0,23.5739966147926,14.5751663754257,0.25,0.5,0.375,0.2857143,0.425,0.375,0.4444444444444444,15.341410327469386,3.8742415780436987,609.7317317666002
Lebanon,LBN,2005,13024.6648924956,21.986580123017,66.4239807128906,92.762656272585,12.2038495910608,4671102.0,23.3588614476022,14.7600382336009,0.25,0.5,0.3125,0.3214286,0.425,0.375,0.4444444444444444,15.356905790193814,3.939180924460252,142.5890929793004
Lebanon,LBN,2006,13003.680803908,21.9166201382779,67.2385787963867,91.0693970298409,12.1444381288428,4751136.0,23.0772916837147,15.008151375903,0.125,0.5,0.125,0.4642856999999999,0.4499999999999999,0.5273333,0.4444444444444444,15.373894515787827,3.938023861659675,-20.984088587600127
Lebanon,LBN,2007,13941.5614244767,24.4852093860851,68.0434875488281,97.9677079660494,13.5978268963012,4844118.0,23.2774691621387,15.5098773512385,0.125,0.5,0.15625,0.4642856999999999,0.4499999999999999,0.5273333,0.4444444444444444,15.393275949827357,3.965951945925044,937.8806205686997
Lebanon,LBN,2008,14955.1413563252,27.318412866856,68.8993988037109,106.625673176194,14.8805177180667,4925354.0,23.4207877858136,16.212003826201,0.125,0.5,0.25,0.4642856999999999,0.4499999999999999,0.5206666999999999,0.4444444444444444,15.409906911208875,3.989968209379894,1013.5799318485006
Lebanon,LBN,2009,16264.3506182706,28.0424807710815,71.0917282104492,90.3978388619092,13.5696589141535,4992287.0,23.7077426677934,15.4395167882731,0.125,0.5,0.25,0.4642856999999999,0.375,0.2706667,0.4444444444444444,15.423404879674957,3.965418020469968,1309.2092619453997
Lebanon,LBN,2010,17390.7584012958,25.0361909614275,70.562435785543,95.0966529416243,11.1327936305686,5041288.0,23.5691938450727,13.809376206629,0.125,0.5,0.25,0.5,0.3999999999999999,0.3606667,0.4907407407407407,15.433172361316334,3.9181133588114214,1126.407783025199
Lebanon,LBN,2011,17353.1960845294,25.6354269787084,73.8286148513332,102.139882412503,7.85693989450406,5096020.0,23.4509090701554,14.506216070168,0.125,0.5,0.25,0.5,0.375,0.344,0.5,15.443970597104766,3.850777044603909,-37.562316766398
Lebanon,LBN,2012,17323.3013764282,25.2971280567125,72.2122774625477,88.5455019230591,7.06847166156729,5235742.0,23.3391830292595,15.4855197381508,0.125,0.5,0.1875,0.5,0.325,0.3349999999999999,0.4814814814814814,15.471019321537632,3.8338695513971404,-29.894708101201104
Lebanon,LBN,2013,16396.4969302163,27.0125680401887,71.2231189680025,86.1743285920565,5.67636791033718,5743436.0,23.0153336731193,16.3437962275105,0.125,0.5,0.1875,0.5,0.325,0.3349999999999999,0.4722222222222221,15.563568369586047,3.803301763170966,-926.8044462118996
Lebanon,LBN,2014,15205.873265402,24.3754243589915,59.2622758017054,79.8171565925627,5.95175528625723,6346990.0,22.4291384985709,16.2094101272442,0.125,0.5,0.1875,0.5,0.325,0.3373333,0.4722222222222221,15.663491400294848,3.8094233089855183,-1190.6236648143004
Lebanon,LBN,2015,14980.020515614,21.7192020290613,58.1075064918095,71.8390426347811,4.32469174487594,6472469.0,21.9983536781436,15.7051846447457,0.125,0.5,0.1875,0.4642856999999999,0.2749999999999999,0.3286667,0.4930555555555555,15.683068355602883,3.7726999012663667,-225.85274978800044
Lebanon,LBN,2016,15572.3611739774,22.5922228825615,59.4640916311345,67.7236177908116,5.02174040562454,6323060.0,21.8982555327019,15.9539038084869,0.125,0.5,0.25,0.4642856999999999,0.2749999999999999,0.3286667,0.5,15.659713984313525,3.7885979403089727,592.3406583634005
Lebanon,LBN,2017,16128.5838196051,21.3940568907692,63.1400703776303,68.4554292593276,4.756779140202,6160128.0,21.6515124299839,14.9268797796791,0.125,0.5,0.1875,0.4642856999999999,0.2749999999999999,0.324,0.4814814814814814,15.633608276848873,3.7825845367643076,556.2226456277003
Liberia,LBR,1999,1507.31470254594,21.8350400834961,29.8772392272949,68.6270739127592,58.0036215482119,2821684.0,7.55708920303926,4.24715102974828,0.8333332999999999,0.0,0.6515152,0.1818181999999999,0.3333333,0.3333333,0.1712962962962962,14.852844782202151,4.576526595070908,
Liberia,LBR,2000,1868.17975587618,21.8350400834961,34.139778137207,68.6270739127592,2.37986270022883,2928117.0,7.63658703851869,4.24715102974828,0.8333332999999999,0.0,0.6515152,0.1818181999999999,0.3333333,0.3333333,0.25,14.889870453797743,3.7269580714381987,360.86505333024
Liberia,LBR,2001,1867.11910921753,21.8350400834961,34.139778137207,68.6270739127592,0.916114790286976,3015338.0,7.71862977212193,4.18618101545254,0.5833332999999999,0.0,0.65909095,0.2516233999999999,0.3214285499999999,0.3333333,0.2916666666666667,14.919222819633712,3.691096195935514,-1.0606466586500574
Liberia,LBR,2002,1887.64601570733,21.8350400834961,34.139778137207,68.6270739127592,0.302049622437972,3094782.0,7.72909875139838,3.24309600862999,0.3333333,0.0,0.6666667,0.3214286,0.3095237999999999,0.3333333,0.2222222222222222,14.945228348557174,3.6756600327304763,20.526906489800012
Liberia,LBR,2003,1308.15090140274,21.8350400834961,34.139778137207,68.6270739127592,49.7620320855615,3119532.0,7.62331805080569,4.14903743315508,0.3333333,0.0,0.5151515,0.3214286,0.3809523999999999,0.1666667,0.2175925925925926,14.953193869095394,4.487902227503124,-579.4951143045901
Liberia,LBR,2004,1326.53565502695,21.8350400834961,34.139778137207,68.6270739127592,8.4004160144418,3156892.0,7.61714973171254,7.72698996655518,0.4166667,0.0,0.6060606,0.3214286,0.3809523999999999,0.3333333,0.2314814814814814,14.965098874029419,3.8622668290389592,18.384753624210134
Liberia,LBR,2005,1335.61728880785,21.8350400834961,34.139778137207,68.6270739127592,8.72519614731938,3301015.0,7.63474586985095,7.2181875658588,0.3333333,0.0,0.6363635999999999,0.3214286,0.3809523999999999,0.7083332999999999,0.2222222222222222,15.009740857839638,3.869070605317928,9.081633780899892
Liberia,LBR,2006,1364.60347323709,21.8350400834961,34.139778137207,68.6270739127592,9.63866591009294,3490787.0,7.72645255384763,7.7032618409294,0.4166667,0.0,0.6515152,0.3214286,0.4226189999999999,0.522,0.2453703703703703,15.06563805665796,3.887962235639472,28.986184429239984
Liberia,LBR,2007,1422.10019670004,21.8350400834961,34.139778137207,68.6270739127592,9.58759370688019,3669050.0,7.82820927963941,7.92931536780772,0.3319999999999999,0.2009999999999999,0.6515152,0.3214286,0.57975,0.522,0.2777777777777778,15.11544360348611,3.8869153690178493,57.49672346295006
Liberia,LBR,2008,1463.12408187297,21.8350400834961,34.139778137207,68.6270739127592,16.4273509506381,3821003.0,8.02074849411015,7.0949594438007,0.16,0.1916667,0.6818181999999999,0.3214286,0.5,0.525,0.2777777777777778,15.156023773274864,4.018183276522005,41.02388517293002
Liberia,LBR,2009,1492.99817384053,21.8350400834961,34.139778137207,68.6270739127592,7.22870048206176,3943028.0,8.13372539325258,5.00973981900453,0.25,0.0,0.5,0.3214286,0.2749999999999999,0.2583333,0.2986111111111111,15.187459767638703,3.8373286337243857,29.874091967559934
Liberia,LBR,2010,1538.85083488512,21.8350400834961,34.139778137207,68.6270739127592,103.337387099033,4058890.0,8.27247868746984,4.99961461461461,0.25,0.0,0.5,0.3214286,0.2749999999999999,0.2523333,0.2847222222222222,15.21642034155556,4.959412455704904,45.85266104459015
Liberia,LBR,2011,1601.03374045996,21.8350400834961,43.64794921875,68.6270739127592,86.9894467611897,4221178.0,8.29873719997937,8.30011676396997,0.25,0.0,0.4375,0.3214286,0.2749999999999999,0.2523333,0.2777777777777778,15.25562503087804,4.837567588008574,62.18290557483988
Liberia,LBR,2012,1668.97289588776,21.8350400834961,43.64794921875,68.6270739127592,82.7471577822006,4373043.0,8.37874174729855,14.5889259761557,0.25,0.0,0.5625,0.3214286,0.2749999999999999,0.2483332999999999,0.2777777777777778,15.290969892086949,4.803363541874165,67.93915542779996
Liberia,LBR,2013,1774.5205777394,21.8350400834961,43.64794921875,68.6270739127592,62.9068538615833,4470239.0,8.44628268016006,19.5182541497806,0.125,0.0,0.5625,0.3214286,0.2749999999999999,0.2483332999999999,0.2685185185185185,15.312952656423594,4.62575199097692,105.54768185164016
Liberia,LBR,2014,1750.1438489328,21.8350400834961,36.7695617675781,68.6270739127592,15.558740639735,4564293.0,8.49512122279454,18.554810004303,0.125,0.0,0.4375,0.3214286,0.2749999999999999,0.2483332999999999,0.25,15.33377440506732,4.0024374730182,-24.376728806600113
Liberia,LBR,2015,1714.09047960464,21.8350400834961,36.3728485107422,68.6270739127592,7.21023781604438,4659431.0,8.40378175892529,16.8248454785241,0.125,0.0,0.3125,0.2857143,0.2749999999999999,0.3316667,0.25,15.354404110260814,3.836930663868457,-36.05336932815999
Liberia,LBR,2016,1653.31050211233,21.8350400834961,36.3728485107422,68.6270739127592,9.1719033259717,4755608.0,8.2081270441677,13.7704420019235,0.125,0.0,0.375,0.2857143,0.3,0.427,0.25,15.374835321470414,3.8783536314887237,-60.77997749231008
Liberia,LBR,2017,1661.30290782171,21.8350400834961,36.3728485107422,68.6270739127592,7.30948578439651,4848925.0,8.21465296059944,15.4416514284322,0.125,0.0,0.375,0.2857143,0.3,0.4243332999999999,0.25,15.394267795092508,3.83906813167664,7.992405709380137
Liberia,LBR,2018,1647.97443793846,21.8350400834961,36.3728485107422,68.6270739127592,3.77268493884788,4944726.0,8.39153842377545,16.9238649522893,0.125,0.0,0.5,0.2857143,0.3,0.4283333,0.236111111111111,15.41383231423489,3.7599281017469695,-13.328469883250136
Libya,LBY,1996,17809.1519222171,13.4646962233169,110.586441040039,52.5451559934319,-0.400657026152394,4987393.0,22.9560359545839,65.8303859757035,0.0,0.0,0.0,0.1071429,0.0999999999999999,0.0,0.611111111111111,15.422424086821573,3.6576982388270376,
Libya,LBY,1997,18451.6998451345,11.9089688317196,110.586441040039,48.6324121846067,-0.221216991796812,5064639.0,23.0072542531179,65.8303859757035,0.0,0.0,0.0625,0.1071429,0.0999999999999999,0.0,0.5763888888888888,15.437793617127056,3.662315645637577,642.547922917398
Libya,LBY,1998,17532.9261043755,10.9637419557369,110.586441040039,40.2527075812274,-0.469313640294635,5140704.0,22.5907353005383,65.8303859757035,0.0,0.0,0.125,0.1071429,0.0999999999999999,0.0,0.5277777777777778,15.452700787558912,3.6559258907267336,-918.7737407589993
Libya,LBY,1999,17402.5683820479,9.20532182668105,110.586441040039,34.8016301090735,-0.355987232621814,5218038.0,22.4253272364051,65.8303859757035,0.0,0.0,0.25,0.08928575,0.1249999999999999,0.0,0.5277777777777778,15.467632218778897,3.6588496905261376,-130.35772232760064
Libya,LBY,2000,17747.0188855832,11.6365676971738,110.586441040039,45.2810937659422,0.368425619834711,5305021.0,22.4157889113624,65.8303859757035,0.0,0.0,0.375,0.0714286,0.15,0.0,0.5277777777777778,15.484164477052724,3.6773401024981296,344.4505035352995
Libya,LBY,2001,17115.9888564264,10.4554263565891,110.586441040039,43.1734496124031,-0.389891046511628,5403639.0,22.0596166049766,65.8303859757035,0.0,0.0,0.40625,0.08928575,0.15,0.0,0.4537037037037037,15.50258335852269,3.6579758743953157,-631.0300291567983
Libya,LBY,2002,16629.4364346005,12.9401814547132,110.586441040039,78.8597570352145,0.707942488082424,5508410.0,21.8661029591112,65.8303859757035,0.0,0.0,0.4375,0.1071429,0.15,0.0,0.4166666666666667,15.521786754783227,3.685889882850788,-486.55242182590155
Libya,LBY,2003,18422.7336032405,8.94852617489589,106.755638122559,90.6127305175491,0.544437834622249,5619398.0,22.3913473487023,70.8938132064248,0.0,0.0,0.4375,0.1071429,0.2249999999999999,0.0,0.4166666666666667,15.541735276649659,3.6817816005621684,1793.2971686400015
Libya,LBY,2004,18851.2039109963,13.9613414152674,106.755638122559,96.1293320792401,1.07782345154323,5736693.0,22.4327053100181,76.6425137601895,0.0,0.0,0.5625,0.1071429,0.2249999999999999,0.0,0.4166666666666667,15.562393644179965,3.6951218469165634,428.4703077558006
Libya,LBY,2005,20649.4624580172,15.1679450041982,93.6851577758789,90.8608896854615,2.19289483627204,5858798.0,22.9427854505023,80.9742943873926,0.0,0.0,0.5625,0.1071429,0.2249999999999999,0.0,0.3888888888888888,15.583455191742859,3.722448362171055,1798.2585470208978
Libya,LBY,2006,21545.2986384419,20.9847969484951,97.6095123291016,97.7381011197381,3.43460585952791,5980211.0,23.2109119073618,86.6695550057577,0.0,0.0,0.5625,0.1071429,0.2249999999999999,0.0613333,0.3888888888888888,15.603966576803442,3.7520246400180692,895.8361804246997
Libya,LBY,2007,22422.0117594762,20.6977759410488,97.6095123291016,102.732315500893,6.89224565927254,6104380.0,23.2076214548436,84.727507668667,0.0,0.0,0.5625,0.1607143,0.2249999999999999,0.0613333,0.3888888888888888,15.624517268085002,3.8300512476902493,876.7131210343032
Libya,LBY,2008,21915.1976208274,22.0585130447896,97.6095123291016,103.242158045544,4.74139501074499,6235430.0,23.1029586051527,85.9203928517569,0.0,0.0,0.5625,0.1785714,0.25,0.0666667,0.3888888888888888,15.645758260609353,3.7822342744680992,-506.8141386488023
Libya,LBY,2009,20518.9642412838,25.0380449612729,97.6095123291016,107.620930501039,2.25461670882223,6366686.0,22.4095621619351,73.7972544656913,0.0,0.0,0.5625,0.1785714,0.1999999999999999,0.0666667,0.3888888888888888,15.666589798060926,3.7239393582614304,-1396.2333795435989
Libya,LBY,2010,21115.5259846154,21.7988807392483,97.6095123291016,98.077213074239,2.36664960687642,6497839.0,22.3489140909415,75.7449869936204,0.0,0.0,0.625,0.1428571,0.1999999999999999,0.0646667,0.3888888888888888,15.686980371947122,3.7266400354712763,596.5617433316002
Libya,LBY,2011,10741.9206751908,17.3944527825121,97.6095123291016,63.0054352895288,1.6127157490397843,6343203.0,21.5598402646122,53.8989087023988,0.0,0.0,0.1875,0.1428571,0.1999999999999999,0.2016667,0.3935185185185185,15.662894561536671,3.7083234137426824,-10373.6053094246
Libya,LBY,2012,20601.0026641,15.9361638710738,97.6095123291016,98.2243189168448,1.53985903839829,6179328.0,20.9187144076519,73.7369299183248,0.125,0.0,0.3125,0.1071429,0.1999999999999999,0.255,0.3796296296296296,15.636720247487288,3.706535472045853,9859.0819889092
Libya,LBY,2013,16557.500941665,16.7594762865855,97.6095123291016,106.334360918106,0.931638601844643,6304628.0,19.9086864508821,65.1237589148371,0.125,0.0,0.25,0.1071429,0.175,0.244,0.3715277777777777,15.656794683461149,3.6914833569137486,-4043.5017224350013
Libya,LBY,2014,12499.0829968523,23.2025172361361,97.6095123291016,76.5248826381117,1.6127157490397843,6427252.0,18.8419219755729,46.7692775548728,0.125,0.0,0.125,0.1071429,0.175,0.21,0.4027777777777777,15.67605778875679,3.7083234137426824,-4058.4179448126997
Libya,LBY,2015,12195.3486990421,17.0944476891502,97.6095123291016,56.9049073326883,1.6127157490397843,6531819.0,18.5774116630805,34.8289693278703,0.0,0.0,0.0625,0.0714286,0.075,0.1583332999999999,0.4027777777777777,15.692196176048588,3.7083234137426824,-303.73429781019877
Libya,LBY,2016,11831.8257669559,19.4334848305815,97.6095123291016,41.1101760615135,1.6127157490397843,6632126.0,18.3231513946739,26.0770762664238,0.0,0.0,0.0625,0.0357143,0.075,0.1583332999999999,0.4027777777777777,15.707436125191721,3.7083234137426824,-363.52293208619994
Libya,LBY,2017,15428.1164411854,16.1831475534531,97.6095123291016,47.5489661921214,1.6127157490397843,6738770.0,19.156245146294,38.9800161101817,0.0,0.0,0.0625,0.0357143,0.075,0.1606667,0.4027777777777777,15.723388122048112,3.7083234137426824,3596.2906742295
St. Lucia,LCA,1997,17920.034113687,21.8350400834961,66.6043319702148,68.6270739127592,5.93428308823529,152569.0,18.4753092627979,15.5718308786508,0.5858586,0.6161616,0.8636364,0.6094276,0.7323232,0.5959595999999999,0.4444444444444444,11.935378786107249,3.8090360334047153,
,LCA,1998,18479.7485675294,21.8350400834961,66.52612686157225,68.6270739127592,7.477185738573245,154635.5,17.8089522853579,15.5718308786508,0.5858586,0.6161616,0.8636364,0.6094276,0.7323232,0.5959595999999999,0.4444444444444444,11.948743179565447,3.8421222271939497,559.7144538424
St. Lucia,LCA,1999,19039.4630213718,21.8350400834961,66.4479217529297,68.6270739127592,9.0200883889112,156702.0,17.1425953079179,15.5718308786508,0.5858586,0.6161616,0.8636364,0.6094276,0.7323232,0.5959595999999999,0.4444444444444444,11.962107573023648,3.875208420983184,559.7144538424
St. Lucia,LCA,2000,18818.8855989431,21.8350400834961,70.9955215454102,68.6270739127592,10.3032379060764,158616.0,18.3661019312557,15.5718308786508,0.5858586,0.6161616,0.8636364,0.6094276,0.7323232,0.5959595999999999,0.4444444444444444,11.974247770332745,3.9014855032556435,-220.57742242870154
St. Lucia,LCA,2001,17993.6372662268,21.8350400834961,73.2953567504883,68.6270739127592,11.743549263599,160237.0,17.9510852524126,15.5718308786508,0.5858586,0.6161616,0.8636364,0.6094276,0.7323232,0.5959595999999999,0.4444444444444444,11.984415488983725,3.9301811930943384,-825.248332716299
St. Lucia,LCA,2002,17911.6297765068,21.8350400834961,73.8339385986328,68.6270739127592,11.1010234731533,161641.0,17.5493864763728,15.5718308786508,0.5858586,0.6161616,0.8636364,0.6094276,0.7323232,0.5959595999999999,0.4444444444444444,11.99313929229082,3.9174816142238047,-82.00748971999928
St. Lucia,LCA,2003,18522.5129630157,21.8350400834961,75.6025085449219,68.6270739127592,16.5934320723105,162976.0,15.7136644342002,15.5718308786508,0.5858586,0.6161616,0.8636364,0.6094276,0.7323232,0.5959595999999999,0.4444444444444444,12.001364365538274,4.021165894400621,610.8831865088978
St. Lucia,LCA,2004,19715.8297745985,21.8350400834961,74.9941787719727,68.6270739127592,11.3957277281637,164239.0,15.7236599819211,15.5718308786508,0.5858586,0.6161616,0.8636364,0.6094276,0.7323232,0.5959595999999999,0.4444444444444444,12.009084051692815,3.923326498804921,1193.3168115828012
St. Lucia,LCA,2005,19491.2182260584,21.8350400834961,79.0845108032227,68.6270739127592,10.1698606969307,165450.0,17.6293775247304,15.5718308786508,0.875,0.875,0.875,0.9166667,0.8125,0.875,0.4444444444444444,12.016430357453585,3.8987860609798304,-224.61154854009874
St. Lucia,LCA,2006,20551.0599501307,21.8350400834961,83.6699066162109,68.6270739127592,22.7795189564418,166639.0,18.1313473256601,15.5718308786508,0.875,0.875,0.875,0.9166667,0.8125,0.875,0.4444444444444444,12.023591075934853,4.126362671069217,1059.8417240722993
St. Lucia,LCA,2007,20759.3043872305,21.8350400834961,88.3509292602539,68.6270739127592,15.193420090713,167758.0,17.597472535363,13.33867026693,0.875,0.875,0.875,0.875,0.8125,0.875,0.4444444444444444,12.030283704661516,3.995740307193021,208.24443709979823
St. Lucia,LCA,2008,21651.233776084,21.8350400834961,94.5392303466797,68.6270739127592,13.6063864155208,168808.0,17.6833485489806,12.9331554810898,0.875,0.875,0.875,0.875,0.8125,0.875,0.4444444444444444,12.036523177258209,3.9661141355637315,891.9293888534994
St. Lucia,LCA,2009,20907.3343580129,21.8350400834961,96.8615798950195,68.6270739127592,9.63093050790719,169869.0,17.4747658071451,13.1941065698207,0.875,0.875,0.875,0.875,0.8125,0.875,0.4444444444444444,12.042788717613357,3.887803747499378,-743.8994180710979
St. Lucia,LCA,2010,20849.0551242245,21.8350400834961,97.0315628051758,68.6270739127592,11.7530170243607,170906.0,17.1858201974226,11.6993633883331,0.875,0.875,0.9375,0.875,0.8125,0.875,0.4444444444444444,12.048874827890371,3.9303671237048574,-58.27923378840205
St. Lucia,LCA,2011,21637.8686925992,21.8350400834961,96.6020889282227,68.6270739127592,6.19533348387191,171801.0,17.118250706037,11.0709394039579,0.875,0.875,0.9375,0.875,0.75,0.875,0.4444444444444444,12.05409792990807,3.8148067179501344,788.8135683747023
St. Lucia,LCA,2012,21515.89963362,21.8350400834961,93.3481292724609,68.6270739127592,7.38092558879021,172587.0,16.9326800456406,10.8823311302478,0.875,0.875,0.9375,0.875,0.75,0.875,0.4444444444444444,12.058662530301403,3.8406038820334336,-121.96905897920078
St. Lucia,LCA,2013,21029.2888872138,21.8350400834961,91.4860382080078,68.6270739127592,7.56598774359971,173369.0,16.5915400049474,10.2372040525891,0.875,0.875,0.9375,0.875,0.75,0.875,0.4444444444444444,12.063183317979933,3.844571252473224,-486.61074640620063
St. Lucia,LCA,2014,21214.4773346334,21.8350400834961,90.7485504150391,68.6270739127592,3.84517869828728,174138.0,16.457127473415,9.9830608960786,0.5,0.6666667,0.8888889,0.7777778,0.6111111,0.875,0.4444444444444444,12.067609109860088,3.761614725833442,185.1884474196013
St. Lucia,LCA,2015,21142.9733304366,21.8350400834961,90.9497604370117,68.6270739127592,8.42203722655325,174905.0,16.5303515218565,10.8633516574705,0.5,0.6666667,0.8888889,0.7777778,0.7777778,0.875,0.4444444444444444,12.072003965735604,3.8627212100719794,-71.50400419680227
St. Lucia,LCA,2016,21775.4737658629,21.8350400834961,89.6722183227539,68.6270739127592,8.64914217402882,175646.0,16.4873214055863,10.9907295637127,0.5,0.6666667,0.8888889,0.7777778,0.7777778,0.875,0.4444444444444444,12.076231578128818,3.8674815064560955,632.5004354263001
St. Lucia,LCA,2017,22422.5970388018,21.8350400834961,88.9026336669922,68.6270739127592,4.500439600106,176342.0,16.3424664446463,10.8835128503547,0.5,0.6666667,0.9444444,0.7777778,0.7777778,0.875,0.4444444444444444,12.080186241085622,3.77673218784809,647.1232729389012
Sri Lanka,LKA,1996,5624.02393650599,23.8904193051158,92.3497085571289,78.8739637143809,0.862545735590984,17905018.0,19.4967002879778,26.5742275506166,0.25,0.25,0.125,0.4285714,0.475,0.375,0.5879629629629629,16.700591622570208,3.689759041406417,
Sri Lanka,LKA,1997,5871.72297557268,24.3602804985443,92.3497085571289,80.1375533095503,2.84957994822129,18248200.0,20.2108193904032,26.9936625997448,0.25,0.125,0.1875,0.4107142499999999,0.4499999999999999,0.375,0.6064814814814815,16.71957705779144,3.738198839705371,247.6990390666906
Sri Lanka,LKA,1998,6032.62212630498,25.1195988942873,92.3497085571289,78.4949891255872,1.22725240374875,18596003.0,19.5388034395312,27.6167149449992,0.25,0.0,0.25,0.3928570999999999,0.425,0.375,0.5555555555555555,16.73845727689261,3.6988274492681104,160.89915073229986
Sri Lanka,LKA,1999,6176.23548455949,27.2819006784133,92.3497085571289,78.7514783496374,1.12277824473328,18944731.0,19.6320965088446,27.3613237332533,0.25,0.0,0.1875,0.4464285499999999,0.4374999999999999,0.375,0.5555555555555555,16.75703645612206,3.69623809971903,143.61335825450988
Sri Lanka,LKA,2000,6428.61341890463,28.0360931143829,92.3497085571289,88.636441704913,1.04207418020439,19293054.0,19.7209129562694,27.3180767964657,0.25,0.0,0.125,0.5,0.4499999999999999,0.375,0.5555555555555555,16.77525574455594,3.6942332821240957,252.3779343451397
Sri Lanka,LKA,2001,6230.03051864853,22.0011681130711,92.3497085571289,80.8986015327576,1.09074720867871,19600362.0,19.3101722836796,26.8205944160785,0.25,0.125,0.28125,0.5,0.5125,0.375,0.5462962962962963,16.79105864443741,3.6954428787115132,-198.5829002560995
Sri Lanka,LKA,2002,6409.86278893446,20.0732623989734,92.3497085571289,76.3351317826517,1.1882779089504,19805752.0,19.3945067507197,28.0106134516732,0.25,0.25,0.4375,0.5,0.575,0.375,0.5,16.80148300901723,3.6978622661576455,179.83227028592955
Sri Lanka,LKA,2003,6741.01248849424,20.0384314018134,92.3497085571289,75.336247330543,1.21132740876657,19951521.0,19.8347889772959,28.4245704176973,0.25,0.25,0.4375,0.5,0.575,0.375,0.5,16.808815989116972,3.698433187592382,331.14969955977995
Sri Lanka,LKA,2004,7059.91098068568,22.6379241654435,92.3497085571289,79.4829449011187,1.12667735136244,20087605.0,21.1431811716706,28.6181015199147,0.25,0.25,0.4375,0.5357143,0.575,0.375,0.5,16.815613565927485,3.6963348580326554,318.8984921914407
Sri Lanka,LKA,2005,7452.74234124518,23.3719507074008,92.3497085571289,73.6039729580533,1.11612854301768,20216524.0,22.5581882966512,30.1880884644457,0.25,0.25,0.4375,0.5714286,0.575,0.375,0.4722222222222222,16.822010897242052,3.6960730623882174,392.83136055949944
Sri Lanka,LKA,2006,7970.66491021045,24.872051397226,92.3497085571289,71.2611784883009,1.6970072277349,20352411.0,23.0485876647389,30.6422951801489,0.25,0.25,0.4375,0.5714286,0.575,0.4693332999999999,0.4722222222222222,16.828709988627775,3.710387989781877,517.9225689652703
Sri Lanka,LKA,2007,8454.2067533326,24.7210150759161,92.3497085571289,68.6065116601391,1.8639738781084,20492545.0,23.199635168759,29.9198197775274,0.25,0.25,0.46875,0.5714286,0.575,0.4693332999999999,0.4722222222222222,16.835571768230484,3.714465012110611,483.54184312215057
Sri Lanka,LKA,2008,8897.82686006864,25.2865656603673,92.3497085571289,63.369043608222,1.84752962305149,20629378.0,23.4821690700727,29.3711947494741,0.25,0.25,0.5,0.5714286,0.5499999999999999,0.3869999999999999,0.4722222222222222,16.84222678280086,3.7140642103908466,443.6201067360398
Sri Lanka,LKA,2009,9156.31906483165,23.730516434061,92.3497085571289,49.1491415308235,0.960390452698523,20756435.0,23.6625847413522,29.6714387318411,0.25,0.25,0.625,0.5714286,0.5,0.3036667,0.4722222222222222,16.84836692522332,3.6922000270747692,258.4922047630098
Sri Lanka,LKA,2010,9832.18622338643,23.730516434061,92.3497085571289,48.77727974383318,0.814446069624814,20879089.0,24.1613580157233,27.7831982984661,0.25,0.25,0.5625,0.5714286,0.5,0.3046667,0.4629629629629629,16.854258737653495,3.6885568846876855,675.86715855478
Sri Lanka,LKA,2011,10618.4926000405,24.862543197876324,94.108642578125,48.40541795684287,1.41088360121529,21009048.0,24.8090950421037,29.0731497643121,0.25,0.25,0.5625,0.5714286,0.5,0.3026667,0.4444444444444445,16.860463807636805,3.7033624877051152,786.306376654069
Sri Lanka,LKA,2012,11447.6937738135,25.99456996169165,94.6744689941406,48.03355616985255,1.3359173422599,21169458.0,26.0702923939491,30.9698538096371,0.25,0.25,0.5625,0.5714286,0.5,0.2749999999999999,0.4444444444444445,16.868070087753807,3.7015135708942415,829.2011737730008
Sri Lanka,LKA,2013,12249.7223348096,27.126596725506975,95.1442636196356,47.66169438286223,1.21148000445532,20585000.0,25.8347572911083,30.7956807273264,0.25,0.25,0.4375,0.5714286,0.5,0.2729999999999999,0.4444444444444445,16.840073261765202,3.698436966204545,802.0285609960993
Sri Lanka,LKA,2014,12909.9663068885,28.2586234893223,93.4926277980089,47.28983259587192,1.08277813761066,20778000.0,26.3452975293492,30.5178954294297,0.25,0.25,0.4375,0.5714286,0.5,0.2729999999999999,0.4444444444444445,16.84940534074044,3.6952449356734816,660.2439720789007
Sri Lanka,LKA,2015,13329.7793438947,28.2586234893223,94.4516928962286,46.9179708088816,0.798746315198801,20970000.0,25.7716398123391,29.5354178735039,0.375,0.25,0.6875,0.5714286,0.5499999999999999,0.4639999999999999,0.4953703703703704,16.858603450565273,3.6881641871044897,419.813037006199
Sri Lanka,LKA,2016,13845.6146782368,30.0891002438121,93.9037221276375,46.4715370252187,1.01937184461335,21209000.0,26.391378230045,30.4827177292135,0.375,0.25,0.6875,0.5714286,0.5499999999999999,0.5493333,0.5,16.869936225007276,3.6936685948188535,515.8353343421004
Sri Lanka,LKA,2017,14572.4858214565,31.6001879090711,94.0418660922689,47.1404098004644,1.45462805347273,21453000.0,28.4045085540248,31.1282786464433,0.375,0.25,0.6875,0.5357143,0.5499999999999999,0.5493333,0.4814814814814814,16.88137510031217,3.7044397938448466,726.8711432196997
Lesotho,LSO,1996,1786.182290166,23.5298085961085,28.3795795440674,165.048948833372,3.07295646324888,1972418.0,15.8971706030621,32.4791198533961,0.375,0.625,0.625,0.4583333,0.625,0.25,0.4444444444444444,14.494771266220209,3.7435004359156454,
Lesotho,LSO,1997,1837.69657049966,23.5298085961085,29.2610301971436,165.048948833372,3.27452575616452,1988130.0,16.5382302578496,29.6450567159792,0.375,0.625,0.625,0.4583333,0.625,0.25,0.4444444444444444,14.502705559399885,3.748260455667781,51.514280333660054
Lesotho,LSO,1998,1856.69078488714,23.5298085961085,28.7434997558594,165.048948833372,3.05351437026074,1998049.0,16.9935260141021,30.3069078049184,0.375,0.625,0.625,0.4583333,0.625,0.25,0.4444444444444444,14.50768226290254,3.7430401142803613,18.994214387479815
Lesotho,LSO,1999,1860.70052178612,23.5298085961085,28.8400497436523,165.048948833372,2.4144158659022,2003234.0,17.415268808987,32.2463145038707,0.375,0.625,0.625,0.4583333,0.59375,0.25,0.4444444444444444,14.510273931780011,3.727789280005057,4.009736898980009
Lesotho,LSO,2000,1932.15793223415,23.5298085961085,28.7576808929443,165.048948833372,3.65200401728829,2003913.0,18.3757781011406,35.1643078480714,0.375,0.625,0.625,0.4583333,0.5625,0.25,0.4444444444444444,14.510612826094397,3.7571140407084624,71.45741044803003
Lesotho,LSO,2001,2004.03350215955,23.5298085961085,30.2747707366943,165.048948833372,3.59634195549178,2000853.0,19.1796657192205,37.992056881911,0.375,0.625,0.59375,0.4583333,0.5625,0.25,0.4444444444444444,14.509084647385663,3.755813428617366,71.87556992539999
Lesotho,LSO,2002,2024.78727304864,23.5298085961085,31.2329406738281,165.048948833372,3.65971744859451,1994679.0,19.7407253419849,38.7001356295907,0.375,0.625,0.5625,0.4583333,0.5625,0.25,0.4444444444444444,14.505994194437978,3.757294141081149,20.753770889089992
Lesotho,LSO,2003,2127.37302160132,23.5298085961085,32.0320014953613,165.048948833372,3.79574836270242,1985059.0,20.8651831564533,36.4702881221952,0.375,0.625,0.6875,0.4583333,0.5625,0.3125,0.4444444444444444,14.501159698346862,3.760464998975989,102.58574855268012
Lesotho,LSO,2004,2178.66474674332,23.5298085961085,34.4488716125488,165.048948833372,3.68383275611256,1971129.0,21.5912059478444,34.6653077489584,0.4747475,0.6060606,0.7020202,0.4444443999999999,0.5656566,0.3888889,0.4444444444444444,14.494117540327158,3.757856998588905,51.291725141999905
Lesotho,LSO,2005,2275.01614419256,23.5298085961085,36.768440246582,165.048948833372,1.6309558178279,1953076.0,22.7081349865566,33.7701071067011,0.5,0.625,0.6875,0.4583333,0.5625,0.3125,0.4444444444444444,14.48491663560491,3.7087705346536497,96.35139744924027
Lesotho,LSO,2006,2381.02024562073,23.5298085961085,38.4086112976074,165.048948833372,1.35116866658488,1945063.0,23.9383303522212,35.4813196531581,0.5,0.25,0.5,0.3928570999999999,0.525,0.6326667,0.4444444444444444,14.480805439377649,3.7018899962727563,106.00410142816963
Lesotho,LSO,2007,2470.31462127885,23.5298085961085,41.5562515258789,165.048948833372,4.49541724323026,1953268.0,25.0320814320814,39.1258617120697,0.5,0.25,0.5625,0.3928570999999999,0.525,0.6326667,0.4444444444444444,14.485014937189128,3.776617182352609,89.29437565812032
Lesotho,LSO,2008,2589.16635854686,26.3686622114869,44.7508811950684,161.126590593391,0.623122767576779,1966541.0,26.3342777315387,40.56384007448,0.5,0.25,0.5625,0.3928570999999999,0.5,0.5429999999999999,0.4444444444444444,14.491787228368109,3.6837607760475595,118.85173726800986
Lesotho,LSO,2009,2538.19341751854,28.3775511944446,49.1937294006348,158.894737585637,5.24720669313801,1980883.0,26.4831782793221,33.3003223937152,0.5,0.25,0.5625,0.3928570999999999,0.5,0.5429999999999999,0.4444444444444444,14.499053767681497,3.793686665090308,-50.97294102831984
Lesotho,LSO,2010,2651.37804898226,29.3520153599159,54.2426986694336,150.102435487333,0.425490583298807,1996251.0,27.8394512999187,31.463352131548,0.5,0.25,0.5625,0.3928570999999999,0.425,0.4506667,0.4444444444444444,14.506781980389379,3.678782243864396,113.18463146372005
Lesotho,LSO,2011,2749.31958166573,28.0318080027946,56.9506416320801,149.796606699153,2.37160157638289,2014009.0,29.0200726288207,33.1996499097292,0.5,0.25,0.5625,0.3928570999999999,0.425,0.4609999999999999,0.4444444444444444,14.515638317491614,3.726759240032379,97.94153268346963
Lesotho,LSO,2012,2894.22705048142,35.9474149824151,59.0772018432617,150.208575358438,2.28650169667391,2034354.0,30.4107148093893,30.8179398182836,0.5,0.25,0.625,0.4642856999999999,0.425,0.472,0.4444444444444444,14.52568937330156,3.72470872404052,144.9074688156902
Lesotho,LSO,2013,2914.37515966739,30.9926999276088,57.7590713500977,133.36548975517,2.13033827559342,2056504.0,31.0085012585662,29.0232445602992,0.5,0.25,0.625,0.4642856999999999,0.425,0.472,0.4444444444444444,14.536518497965002,3.7209349309930833,20.148109185970043
Lesotho,LSO,2014,2930.61724036206,29.3894837213154,58.2575629391492,126.292475360578,3.86963158626918,2080089.0,31.8046951165314,32.1608736210412,0.5,0.25,0.625,0.4642856999999999,0.425,0.472,0.4444444444444444,14.547921719972184,3.762183000420152,16.242080694669767
Lesotho,LSO,2015,2986.95866729879,28.3396147074389,59.3985096286536,129.722773082867,4.79809498524625,2104611.0,32.7200279423191,33.7385657003649,0.5,0.25,0.5625,0.4285714,0.4499999999999999,0.4696667,0.4444444444444444,14.559641685068659,3.783524599635802,56.34142693672993
Lesotho,LSO,2016,3057.26091568162,26.6310792843043,56.8386993408203,136.31524774176,3.74733138412509,2130422.0,33.4507487024023,30.5866475742865,0.5,0.25,0.5,0.4285714,0.4499999999999999,0.4696667,0.4444444444444444,14.571831109518213,3.7593375593804947,70.30224838283038
Lesotho,LSO,2017,2924.68096193272,27.3872272220396,59.3586515505342,146.366771329494,1.82806623182623,2157110.0,33.2733904167651,28.5730617255808,0.5,0.25,0.5625,0.4285714,0.3999999999999999,0.4713332999999999,0.4444444444444444,14.584280384408867,3.713589614500304,-132.57995374890015
Morocco,MAR,1996,4916.47998046875,21.8130190608271,38.1681900024414,47.0955434479783,0.828037045779585,26808107.0,21.4119854923215,25.6209964186976,0.375,0.5,0.375,0.4285714,0.5,0.5,0.6666666666666666,17.104214937039334,3.6888967109625783,
Morocco,MAR,1997,4766.1103515625,22.7586294917097,38.4689292907715,51.1501546486104,2.75709006484814,27213337.0,23.0160242376543,27.3223950880414,0.375,0.5,0.46875,0.4285714,0.5,0.5,0.6666666666666666,17.11921777872236,3.7359954390310963,-150.36962890625
Morocco,MAR,1998,5033.92333984375,21.7820275869139,37.5191497802734,45.6723595943991,0.663931270652034,27621648.0,22.1266780262644,23.14101634461,0.375,0.5,0.5625,0.4285714,0.5,0.5,0.6666666666666666,17.134110407276946,3.684785698739491,267.81298828125
Morocco,MAR,1999,5043.6650390625,23.6242732922545,37.9945106506348,48.578876486646,1.7874170345466,28027179.0,21.073039229188,23.4872648863189,0.3125,0.5,0.5,0.4285714,0.4875,0.4375,0.6666666666666666,17.148685311586757,3.71259769627345,9.74169921875
Morocco,MAR,2000,5100.11572265625,24.3643754215111,39.6924896240234,53.4403058388785,0.991581858750169,28423435.0,20.6408274426354,24.3526302035856,0.25,0.5,0.4375,0.4285714,0.475,0.375,0.6666666666666666,17.16272457409942,3.692976925323241,56.45068359375
Morocco,MAR,2001,5417.57861328125,23.2757312707318,41.3156585693359,53.4915710187871,6.44412928365454,28814643.0,20.3055490347298,22.8696929940867,0.3125,0.5,0.46875,0.4107142499999999,0.4624999999999999,0.3125,0.6666666666666666,17.1763942881002,3.82027568648163,317.462890625
Morocco,MAR,2002,5544.07177734375,23.6215401287993,43.0969085693359,54.31012791421,1.02035757811393,29198142.0,20.4516264256862,22.6361224434387,0.375,0.5,0.5,0.3928570999999999,0.4499999999999999,0.25,0.6666666666666666,17.189615669325796,3.693693120117367,126.4931640625
Morocco,MAR,2003,5810.05322265625,23.262156009765,44.651439666748,52.3318582669923,3.98561984754306,29571415.0,20.5312894405773,23.3248013144818,0.25,0.5,0.625,0.4285714,0.4499999999999999,0.25,0.6203703703703703,17.202318777053467,3.7648741275798203,265.9814453125
Morocco,MAR,2004,5996.39013671875,24.6143543607621,47.3964385986328,55.5516384744536,1.35118647717804,29953018.0,19.8304235119236,24.0029876116656,0.25,0.25,0.5625,0.4285714,0.4499999999999999,0.25,0.6111111111111112,17.21514067878118,3.7018904357818747,186.3369140625
Morocco,MAR,2005,6103.42236328125,25.7936133380221,49.1547889709473,61.4938276863235,2.42635467647837,30358144.0,19.8967245833678,23.6812068826614,0.25,0.25,0.5625,0.3571429,0.375,0.125,0.5833333333333334,17.228575408493263,3.728076318679969,107.0322265625
Morocco,MAR,2006,6488.673828125,26.3850747469865,52.2258186340332,64.6721977787154,3.24283497739456,30771178.0,20.7755548335807,22.7530814100902,0.25,0.25,0.5625,0.4285714,0.375,0.2133333,0.6064814814814815,17.242089063106253,3.7475135835439595,385.25146484375
Morocco,MAR,2007,6620.59033203125,29.2312467118594,55.3458595275879,71.3496467796657,3.24999332315429,31186468.0,21.0661360980414,22.422939278529,0.25,0.25,0.5625,0.4285714,0.375,0.2133333,0.6111111111111112,17.255494872813347,3.7476823365651386,131.91650390625
Morocco,MAR,2008,6901.95068359375,31.2682859914516,57.666561126709,77.8344716425602,2.42213508852785,31606767.0,21.3400451666297,24.3155822554726,0.25,0.25,0.5625,0.4285714,0.375,0.2126667,0.6111111111111112,17.268881832839664,3.7279748787134044,281.3603515625
Morocco,MAR,2009,7063.72705078125,29.0773587614193,60.7418212890625,62.3709560152269,1.94782744330848,32030778.0,21.4260188517986,22.25957486397,0.25,0.25,0.5,0.4642856999999999,0.375,0.2126667,0.6111111111111112,17.2822078422387,3.7165063107048164,161.7763671875
Morocco,MAR,2010,7210.63671875,28.3317038596937,63.0757983249551,69.541979610144,1.2299824583835,32467016.0,21.6101846971401,23.7119126900355,0.25,0.25,0.5,0.4285714,0.3999999999999999,0.2096666999999999,0.6111111111111112,17.29573527044085,3.6988950227525788,146.90966796875
Morocco,MAR,2011,7503.79296875,29.0032363847791,66.0255284774218,76.8258714906247,2.29046840496639,32912588.0,21.8496209614576,24.5065191885483,0.25,0.25,0.4375,0.4285714,0.425,0.2943332999999999,0.6111111111111112,17.30936578692281,3.7248043969636377,293.15625
Morocco,MAR,2012,7628.64404296875,29.9543707765302,68.7358726261435,78.2221018956072,2.65758712641507,33355241.0,21.3845054086048,24.2659773507632,0.25,0.25,0.4375,0.4642856999999999,0.425,0.3023332999999999,0.5509259259259259,17.3227254993835,3.7336195315656684,124.85107421875
Morocco,MAR,2013,7839.0322265625,28.4213229777508,68.7358726261435,73.8577565315318,2.9038626404404,33787571.0,21.6090708644289,24.1531288845084,0.25,0.25,0.4375,0.4642856999999999,0.3999999999999999,0.3023332999999999,0.5277777777777778,17.335603600530163,3.739489767343804,210.38818359375
Morocco,MAR,2014,7951.79833984375,27.0159188539863,68.7358726261435,71.8935667539398,2.95925435484489,34204780.0,21.9181305600519,25.8132675090419,0.25,0.25,0.4375,0.5,0.3999999999999999,0.3,0.5300925925925926,17.347875987584015,3.7408053536026458,112.76611328125
Morocco,MAR,2015,8198.80859375,25.8697787535513,68.7358726261435,67.2886759253849,2.94611108390154,34607588.0,22.1057512336703,25.6226817262287,0.25,0.25,0.4375,0.5,0.3999999999999999,0.322,0.5555555555555556,17.359583551237606,3.7404933496565054,247.01025390625
Morocco,MAR,2016,8141.9404296875,28.6835994366913,68.7358726261435,71.1226603816864,1.93000540251056,35023457.0,22.1866942176876,25.685104578574,0.25,0.25,0.4375,0.4642856999999999,0.425,0.3256667,0.5347222222222222,17.371528623522256,3.7160728064327664,-56.8681640625
Morocco,MAR,2017,8450.0087890625,28.135469298761,78.2157249451868,74.1733578786573,2.26092196120538,35446392.0,22.4674638195635,25.405454806575,0.25,0.25,0.4375,0.4642856999999999,0.425,0.3289999999999999,0.5555555555555555,17.383532056823462,3.72409154720869,308.068359375
Moldova,MDA,1996,6063.14051693664,19.7484034112201,87.9811349895035,129.237536040111,1.40048902464642,2947293.0,15.0602185794811,27.2874008568319,0.375,0.0,0.3125,0.5,0.5,0.375,0.5555555555555556,14.896398019214196,3.7031063269863242,
Moldova,MDA,1997,6185.83952473232,19.8970390743498,87.9811349895035,127.560400247842,4.07962117197816,2936413.0,14.7630443136222,25.435554097662,0.375,0.0,0.25,0.5,0.5,0.375,0.5555555555555556,14.892699666950213,3.7670498194195017,122.69900779567979
Moldova,MDA,1998,5783.48593751483,22.0515904593596,87.9811349895035,116.803124451539,4.44511814313197,2935227.0,14.6163014883109,20.3234930328094,0.375,0.0,0.1875,0.5,0.5,0.375,0.5555555555555556,14.892295691361738,3.7754646677042487,-402.3535872174898
Moldova,MDA,1999,5597.46512850295,18.4388267908415,87.9811349895035,117.527935193889,3.23458756906799,2930622.0,13.6454723943014,20.5076405135261,0.3125,0.0,0.1875,0.4821428499999999,0.4375,0.375,0.5555555555555556,14.890725586377473,3.747319121317894,-186.02080901187946
Moldova,MDA,2000,5727.07922525352,15.4340587923837,87.9811349895035,126.163100130478,9.89887383909094,2924668.0,13.8944718665792,19.1476693676567,0.25,0.0,0.1875,0.4642856999999999,0.375,0.375,0.5555555555555556,14.888691869851584,3.893278969919461,129.61409675056984
Moldova,MDA,2001,6090.03474356112,16.7438774343122,87.9811349895035,124.500739599353,6.98600963880541,2918135.0,13.8981383316104,21.9691372835076,0.125,0.0,0.21875,0.4642856999999999,0.3249999999999999,0.3125,0.5509259259259259,14.886455614244033,3.832084654556012,362.95551830759996
Moldova,MDA,2002,6580.27841436838,16.3229481228335,87.9811349895035,129.839525501535,5.05771338869042,2911385.0,14.445518327606,20.3847621314161,0.0,0.0,0.25,0.4642856999999999,0.2749999999999999,0.25,0.5277777777777778,14.884139814418027,3.789411580853626,490.24367080726006
Moldova,MDA,2003,7034.35784911687,18.5643035591441,87.9811349895035,140.056529925052,3.72304120351932,2903198.0,14.2341900552575,20.6728809877258,0.0,0.0,0.1875,0.4642856999999999,0.2749999999999999,0.25,0.5277777777777778,14.881323790433433,3.7587714581383516,454.0794347484898
Moldova,MDA,2004,7573.6178454751,21.1877122877123,87.9811349895035,132.69906968032,5.81198983204296,2896023.0,14.1449043862523,20.7175324675325,0.0,0.0,0.3125,0.4642856999999999,0.3999999999999999,0.25,0.4861111111111111,14.878849319746223,3.806321166329769,539.2599963582297
Moldova,MDA,2005,8161.47344724765,24.5881546796983,87.9811349895035,143.023568469138,6.38146310288962,2888985.0,14.0751142859374,19.1675900350579,0.0,0.0,0.375,0.4642856999999999,0.3999999999999999,0.25,0.4444444444444445,14.876416133469167,3.8189009892608956,587.8556017725505
Moldova,MDA,2006,8577.02858037286,28.3583478571748,87.9811349895035,137.154763819994,7.58980668418465,2880967.0,14.0158994619765,18.7779036510703,0.0,0.0,0.5,0.4642856999999999,0.3999999999999999,0.6333333,0.4444444444444445,14.873636906750553,3.845080742540655,415.55513312521
Moldova,MDA,2007,8854.83397616724,34.103911660116,87.9811349895035,142.720539023021,12.1790254892383,2874299.0,13.9331437372383,19.4423919146547,0.0,0.0,0.5,0.4642856999999999,0.3999999999999999,0.6333333,0.4444444444444445,14.871319724307074,3.93869762762911,277.80539579437936
Moldova,MDA,2008,9563.69814290939,33.9966625345666,87.9811349895035,134.4216013477,12.0005134783383,2868833.0,14.3427891179428,19.1217348463177,0.0,0.0,0.5,0.4642856999999999,0.3999999999999999,0.6333333,0.4444444444444445,14.869416233408062,3.935215307016271,708.8641667421507
Moldova,MDA,2009,9001.23432081622,22.5963867530728,87.9811349895035,110.363326850495,4.85271053589236,2865213.0,13.1135664636515,17.1628740871454,0.0,0.0,0.5,0.4642856999999999,0.375,0.5499999999999999,0.4189814814814815,14.868153599931352,3.784765917153686,-562.4638220931702
Moldova,MDA,2010,9649.9509930271,22.5242792157291,87.9811349895035,87.9378518951573,4.25879212676733,2862354.0,11.6843370682239,20.4338917212317,0.0,0.0,0.5,0.5,0.375,0.5443333,0.4398148148148148,14.86715527053979,3.7711837262344807,648.7166722108796
Moldova,MDA,2011,10217.3087761255,23.1620459782063,87.7193726926085,98.6175965326556,4.43147611475958,2860699.0,11.7989487487896,20.9107204171007,0.0,0.0,0.5,0.5,0.3999999999999999,0.6276667,0.4444444444444444,14.866576908093112,3.775151855707031,567.3577830983995
Moldova,MDA,2012,10158.3854676883,23.6339113929057,88.1958686665424,96.3064098336294,2.88432657387508,2860324.0,11.6973129527811,21.3145109050194,0.0,0.0,0.4375,0.5,0.3999999999999999,0.6273333,0.4444444444444444,14.86644581270355,3.739025360944,-58.92330843719901
Moldova,MDA,2013,11080.0634585341,23.0338604258084,88.3360494330142,95.6872968332383,2.54698521289676,2859558.0,10.8500041352063,21.6032575380958,0.0,0.0,0.4375,0.5357143,0.3999999999999999,0.6273333,0.425925925925926,14.866177975102444,3.730971963916182,921.6779908457993
Moldova,MDA,2014,11641.1208436577,25.9895514253881,104.382597025321,94.2282919690928,3.67896919655633,2857815.0,10.6152991132825,21.1263772009346,0.0,0.0,0.4375,0.5357143,0.3999999999999999,0.6273333,0.4166666666666667,14.86556825471363,3.757743507353337,561.0573851236004
Moldova,MDA,2015,11691.0797484184,24.028054718844,105.06970563726,88.9664154565323,2.89663554883048,2835978.0,10.5205774759354,21.1076657265026,0.0,0.0,0.375,0.5357143,0.325,0.6283333,0.4166666666666667,14.857897761811254,3.7393179918962436,49.958904760700534
Moldova,MDA,2016,12377.366678394,22.2296027518614,106.047154912204,89.0046837188671,1.09561343852844,2803186.0,10.2369271930513,21.1944646085144,0.0,0.0,0.375,0.5357143,0.35,0.617,0.4166666666666667,14.846267542156378,3.6955637312911245,686.2869299756003
Moldova,MDA,2017,13118.8219369605,22.4256047290186,94.3536367146469,88.6233902754378,1.5715119911375,2755189.0,9.8861617932499,21.0188767695091,0.0,0.25,0.375,0.5357143,0.375,0.6146667,0.4166666666666667,14.82899696370838,3.707312644778764,741.4552585664987
Madagascar,MDG,1996,1643.32579628891,9.52611618731957,20.3285102844238,35.8824601668345,0.206045785109723,14510711.0,8.72646281516843,18.9068307503233,0.6666667,0.25,0.6818181999999999,0.2727273,0.5,0.5,0.4722222222222221,16.490397693263663,3.6732250360789673,
Madagascar,MDG,1997,1649.44809006306,10.1519133023369,20.3285102844238,36.8737477819441,0.328537056882296,14990814.0,8.62937079375661,18.9068307503233,0.6666667,0.25,0.6666667,0.4090909,0.5,0.58333335,0.4722222222222221,16.52294823818053,3.6763308054025363,6.122293774149966
Madagascar,MDG,1998,1658.88849253066,12.2465309420613,20.3285102844238,37.3321870147971,0.37790895322555,15489364.0,8.49322220058695,18.9068307503233,0.6666667,0.25,0.6515152,0.5454545,0.5,0.6666667,0.4722222222222221,16.555664217362967,3.6775799087105545,9.440402467600052
Madagascar,MDG,1999,1681.35933226493,12.2933453010977,20.3285102844238,40.9244120208063,1.36481063889053,16000506.0,8.31342828451633,18.9068307503233,0.6666667,0.25,0.6237374,0.5454545,0.5,0.6666667,0.4722222222222221,16.588130967202016,3.702226580433844,22.47083973426993
Madagascar,MDG,2000,1701.44320253582,11.9305464071932,20.3285102844238,42.7771226639725,1.79192376325453,16516338.0,8.14340085674177,18.9068307503233,0.6666667,0.25,0.5959595999999999,0.5454545,0.5,0.6666667,0.4722222222222221,16.61986069132845,3.7127077175884726,20.083870270890202
Madagascar,MDG,2001,1748.50350929178,14.5092173370671,20.3285102844238,41.0351260923859,1.71117198619575,17032939.0,7.85147887480629,18.9068307503233,0.58333335,0.25,0.5492424499999999,0.5673701,0.5327381,0.58333335,0.4722222222222221,16.650659674262684,3.710734513443453,47.0603067559598
Madagascar,MDG,2002,1486.43429741771,10.9702431408945,20.3285102844238,50.1816919379298,0.273965160881608,17549913.0,6.33483058170272,18.9068307503233,0.5,0.25,0.5025253,0.5892857,0.5654762,0.5,0.4282407407407407,16.68055960757924,3.6749483248599932,-262.0692118740699
Madagascar,MDG,2003,1584.74925232364,13.7245656856915,20.3285102844238,34.030602917475,0.202025723705933,18071854.0,5.16758196720806,18.9068307503233,0.2688004,0.153088,0.7267442,0.3603491,0.3356511,0.4414250999999999,0.4444444444444444,16.70986631363608,3.6731229436605712,98.31495490592988
Madagascar,MDG,2004,1620.11953793293,21.1510251154033,20.3285102844238,48.7753818852156,1.0446898563867,18606608.0,4.20760941654563,18.9068307503233,0.3200278,0.2194749,0.6754386,0.4607736999999999,0.36968,0.4638532999999999,0.4444444444444444,16.739027398151958,3.694298322751965,35.37028560929002
Madagascar,MDG,2005,1648.17631554009,19.3271126967742,20.3285102844238,59.1300849357677,1.45800803699285,19159707.0,3.41494880317706,18.9068307503233,0.3347778999999999,0.2349397999999999,0.5946502,0.4209756,0.3749846,0.3851950999999999,0.4444444444444444,16.76832009030735,3.7045229853068906,28.05677760716003
Madagascar,MDG,2006,1686.86335460016,20.3112680040621,22.8831806182861,62.1028389370244,4.60749200280627,19730909.0,3.80096071782515,18.9068307503233,0.25,0.25,0.5625,0.3571429,0.425,0.444,0.4444444444444444,16.797696999591036,3.7791804095156274,38.68703906006999
Madagascar,MDG,2007,1731.61751794976,26.3313661268396,25.2112007141113,66.7027353570049,9.26011530963958,20318583.0,4.23462528615532,18.9068307503233,0.25,0.25,0.59375,0.3571429,0.425,0.444,0.4444444444444444,16.82704649320707,3.880176620665222,44.75416334960005
Madagascar,MDG,2008,1794.40235887329,37.7908726981138,27.4633598327637,74.357353960806,10.5779307609142,20923840.0,4.7454724400109,20.4685954426536,0.25,0.25,0.5,0.3571429,0.4499999999999999,0.519,0.4444444444444444,16.85639978451431,3.9070222021293994,62.784840923530055
Madagascar,MDG,2009,1673.15551466723,37.1583358778325,28.5682106018066,62.4116975958196,13.4485427881281,21547280.0,5.30356529507459,18.8332096319198,0.5,0.25,0.25,0.3571429,0.375,0.4356666999999999,0.4444444444444444,16.885760194859976,3.9631190047770644,-121.24684420606013
Madagascar,MDG,2010,1635.24511473059,25.8858941194877,28.5682106018066,57.8748945101807,9.13867133828111,22183340.0,5.98344164944716,18.0075205568584,0.5,0.25,0.1875,0.3571429,0.35,0.3813333,0.4027777777777777,16.914852159742033,3.8776659963730813,-37.910399936639806
Madagascar,MDG,2011,1614.55137773785,24.686024811429,34.1198081970215,56.4830925951893,7.05979214971634,22822300.0,6.75853424173252,17.8532728101343,0.5,0.25,0.125,0.3214286,0.35,0.381,0.3888888888888889,16.94324872991792,3.8336818326392246,-20.693736992740014
Madagascar,MDG,2012,1617.79082882481,23.3657281371549,35.3920151133501,52.6517140811255,7.03680533355538,23462438.0,7.68919334074231,17.2760843242701,0.5,0.25,0.375,0.3214286,0.325,0.2976667,0.3518518518518518,16.970911359980075,3.833184508035292,3.239451086959889
Madagascar,MDG,2013,1610.6023078966,19.7548103563009,35.3920151133501,56.3675817900932,4.55464531104897,24109290.0,8.20697864331478,17.9096138237139,0.5,0.25,0.3125,0.2857143,0.35,0.3106666999999999,0.3333333333333333,16.998107842839854,3.777972587737324,-7.188520928209982
Madagascar,MDG,2014,1620.357889066,18.2781506923967,35.8148702330413,61.9694322111234,2.97751123297568,24764348.0,8.70788815422398,19.2497828687657,0.375,0.25,0.5625,0.2857143,0.35,0.314,0.3333333333333333,17.024915636560234,3.741238586388005,9.755581169400102
Madagascar,MDG,2015,1627.5806134224,18.959472537268,36.1207695007324,61.2203788365078,2.89727727453157,25426702.0,9.21127092212961,18.950884731327,0.375,0.25,0.5625,0.2857143,0.375,0.4116667,0.3333333333333333,17.05131047897335,3.739333245798205,7.2227243563997945
Madagascar,MDG,2016,1648.91226979296,18.9772554208421,36.0765113830566,60.8346984831423,4.56460803171494,26099952.0,9.23814736204138,19.4099444668858,0.375,0.25,0.5625,0.3214286,0.425,0.419,0.34375,17.07744407152502,3.778200399338516,21.33165637056004
Madagascar,MDG,2017,1669.72764267278,18.1394239939119,34.7709486382629,65.3434015072915,3.52797151000056,26788375.0,9.36578631619983,20.1123576645922,0.25,0.25,0.5625,0.3214286,0.3999999999999999,0.4203332999999999,0.3564814814814814,17.103478620049156,3.754213551137445,20.81537287981996
Maldives,MDV,1996,11495.0988639063,26.7309120629927,56.3062782287598,165.97925116043,2.06829872568168,262347.0,25.8907043467719,12.3754592426367,0.625,0.75,1.0,0.7916667,0.75,0.5,0.4444444444444444,12.47742714568195,3.7194317422917442,
Maldives,MDV,1997,12210.9687208916,26.7309120629927,65.210319519043,165.97925116043,2.24485508850185,267707.0,25.5024948371622,12.3754592426367,0.625,0.75,1.0,0.7916667,0.75,0.5,0.4444444444444444,12.49765211326065,3.723703697775159,715.8698569853004
Maldives,MDV,1998,12884.7223193763,26.7309120629927,34.7156295776367,165.97925116043,2.13257608728799,272723.0,25.0790627251303,12.3754592426367,0.625,0.75,1.0,0.7916667,0.75,0.5,0.4444444444444444,12.516215573762013,3.720989109903429,673.7535984847
Maldives,MDV,1999,13449.2026730153,26.7309120629927,40.2892417907715,165.97925116043,2.09121158653824,277412.0,24.5809277093038,12.3754592426367,0.625,0.75,1.0,0.7916667,0.75,0.5,0.4444444444444444,12.533262649499477,3.7199871731705643,564.4803536389991
Maldives,MDV,2000,13738.2809408875,26.7309120629927,51.4409103393555,165.97925116043,3.57378188906309,282019.0,24.0728886141892,12.3754592426367,0.625,0.75,1.0,0.7916667,0.75,0.5,0.4444444444444444,12.54973326939122,3.7552858029743783,289.07826787220074
Maldives,MDV,2001,12977.9990665612,26.7309120629927,61.0277481079102,165.97925116043,2.36095464157791,286767.0,23.8497369751606,12.3754592426367,0.625,0.75,1.0,0.7916667,0.75,0.5,0.4444444444444444,12.566428805471379,3.726502927832738,-760.2818743262997
Maldives,MDV,2002,13689.8065561949,26.7309120629927,61.3511009216309,165.97925116043,2.75560074067064,291616.0,23.9042152428723,12.3754592426367,0.625,0.75,1.0,0.7916667,0.75,0.5,0.4444444444444444,12.583196576457098,3.735959918884513,711.8074896337002
Maldives,MDV,2003,15316.1192814998,26.7309120629927,67.9700698852539,165.97925116043,3.02003609060425,296491.0,23.9961876652524,12.3754592426367,0.625,0.75,0.9375,0.75,0.75,0.5,0.4444444444444444,12.599775515605659,3.7422469672838403,1626.3127253048988
Maldives,MDV,2004,15958.6557759464,26.7309120629927,67.8094329833984,165.97925116043,4.31467445406402,301413.0,22.5472907983328,11.0588124850619,0.5555555999999999,0.7070706999999999,0.7070706999999999,0.5791246,0.6414141,0.3989899,0.4444444444444444,12.616240013996233,3.7724695781404862,642.5364944466
Maldives,MDV,2005,13942.8753891662,26.7309120629927,67.8094329833984,165.97925116043,4.55499673617996,306429.0,20.6128161060643,11.7319295235534,0.5,0.625,0.875,0.7083332999999999,0.6875,0.5,0.4444444444444444,12.632744623282736,3.7779806244496417,-2015.7803867801995
Maldives,MDV,2006,16829.9768208157,26.7309120629927,67.8094329833984,165.97925116043,4.05198051459747,313851.0,19.6357259271261,9.51763413160835,0.5,0.625,0.875,0.7083332999999999,0.6875,0.5,0.4444444444444444,12.656676816196299,3.766410558397993,2887.1014316495002
Maldives,MDV,2007,17439.9504862625,26.7309120629927,67.8094329833984,165.97925116043,7.08805679103643,324479.0,18.3194570384415,8.74551358978161,0.375,0.625,0.75,0.6666667,0.625,0.5625,0.4444444444444444,12.6899791799449,3.8342930052622135,609.9736654467997
Maldives,MDV,2008,18344.4866455436,26.7309120629927,67.8094329833984,165.97925116043,7.97903444514319,336170.0,17.437872632301,11.4493071607222,0.375,0.625,0.625,0.5833332999999999,0.5625,0.5625,0.4444444444444444,12.725375238056547,3.853369802272717,904.5361592810987
Maldives,MDV,2009,16230.0089361263,26.7309120629927,67.8094329833984,165.97925116043,6.73534012537353,348275.0,16.3109094160018,9.62024682960619,0.375,0.625,0.625,0.5833332999999999,0.5625,0.5625,0.4444444444444444,12.76075054786454,3.8266392491703245,-2114.4777094172987
Maldives,MDV,2010,16730.0144200167,26.7309120629927,70.0468136514648,165.97925116043,8.36376433060736,360792.0,16.7187078981154,9.43175572799709,0.375,0.625,0.625,0.5833332999999999,0.5625,0.5625,0.4444444444444444,12.79605966565202,3.861496102860598,500.0054838904016
Maldives,MDV,2011,17581.7676697752,26.7309120629927,72.8434927609116,165.97925116043,15.2659407539778,373674.0,17.1991263465739,10.0744820731282,0.375,0.625,0.5625,0.5833332999999999,0.5,0.4375,0.4444444444444444,12.831141714654015,3.9970733506330665,851.753249758498
Maldives,MDV,2012,17390.1474995422,26.7309120629927,71.9760042609256,165.97925116043,7.89895747225905,386818.0,17.3530329830403,9.79079163285008,0.375,0.625,0.5625,0.5833332999999999,0.5,0.375,0.4444444444444444,12.865712162347641,3.851670074211077,-191.62017023299995
Maldives,MDV,2013,17986.8907361645,26.7309120629927,68.3872693233485,165.97925116043,10.9503892160384,400070.0,17.5860606258361,8.05840300458009,0.375,0.625,0.5625,0.5833332999999999,0.5,0.375,0.4444444444444444,12.899397310338857,3.9144808315007493,596.7432366223002
Maldives,MDV,2014,18765.3592118344,26.7309120629927,72.9110894145066,165.97925116043,9.01659145068896,413617.0,17.9625209174131,8.41391069150311,0.5,0.5833332999999999,0.8333332999999999,0.5555555999999999,0.6666667,0.375,0.4444444444444444,12.932698121538852,3.875135856838,778.4684756698989
Maldives,MDV,2015,18829.4481529112,33.3166432238295,73.441380211737,143.720506661302,7.21577938190819,428154.0,18.3968713789108,10.7232265324627,0.5,0.5833332999999999,0.8333332999999999,0.5555555999999999,0.6111111,0.375,0.4444444444444444,12.96724055853633,3.8370501310842173,64.08894107680317
Maldives,MDV,2016,19345.1792343541,39.958303797275,70.014084045724,144.380212278942,10.3547618700189,443308.0,18.7583852354411,11.2741492118251,0.3333333,0.5833332999999999,0.8333332999999999,0.5555555999999999,0.6111111,0.375,0.4444444444444444,13.002022322805423,3.9025263567493034,515.7310814428965
Maldives,MDV,2017,20036.7165354949,41.1665758323434,69.7419183184781,141.912110574952,9.50514529202919,458287.0,18.0210966435331,11.4251984418663,0.3333333,0.5,0.7777778,0.5555555999999999,0.5555555999999999,0.375,0.4444444444444444,13.035253086431963,3.88522304372267,691.537301140801
Mexico,MEX,1996,17775.8727869147,17.7149734982107,71.1195831298828,47.7678235339067,2.12551917782763,92452702.0,21.3226804442834,34.3418670664771,0.125,0.25,0.1875,0.6428571,0.325,0.375,0.4722222222222222,18.342207752795638,3.7208182474612186,
Mexico,MEX,1997,18737.6426443231,19.394799246083,71.1195831298828,46.4918755715735,2.4510099356897,94021207.0,21.0598183324557,34.7740825679809,0.1875,0.375,0.28125,0.6428571,0.3624999999999999,0.375,0.5023148148148148,18.35903093180786,3.7286688317443195,961.7698574083988
Mexico,MEX,1998,19573.0654539328,21.0153555461506,71.1195831298828,48.0318841400179,2.28836855124077,95575245.0,23.3016847836168,34.1578193478136,0.25,0.5,0.375,0.6428571,0.3999999999999999,0.375,0.5509259259259259,18.375424411438285,3.7247537517922957,835.4228096096995
Mexico,MEX,1999,19793.2852841045,20.8990237565587,71.1195831298828,48.0122495761105,2.20848433629662,97115707.0,23.99118997731,34.2460385348222,0.25,0.5,0.4375,0.625,0.3999999999999999,0.375,0.4722222222222221,18.391413691547697,3.72282516276647,220.21983017169987
Mexico,MEX,2000,20470.4937646148,21.230361512511,71.1195831298828,49.9104091872497,2.47719212470142,98625552.0,25.3492095908114,34.3868003217864,0.25,0.5,0.5,0.6071428999999999,0.3999999999999999,0.375,0.5185185185185185,18.406840944212185,3.729297655732574,677.2084805103004
Mexico,MEX,2001,20078.2183908739,19.6734365305226,72.8832092285156,44.7401090123173,3.77607805696573,100099099.0,24.3945888438655,33.3084037583111,0.25,0.375,0.5625,0.64285715,0.4749999999999999,0.4375,0.5509259259259259,18.42167125323604,3.7600071087876366,-392.27537374090025
Mexico,MEX,2002,19744.7933653416,19.3679310017379,75.1482925415039,45.209829259652,2.48685750053046,101548624.0,24.1829435585953,32.864500489183,0.25,0.25,0.625,0.6785713999999999,0.5499999999999999,0.5,0.4722222222222221,18.436048305770985,3.7295296915164435,-333.4250255322986
Mexico,MEX,2003,19701.4633876569,20.1040413113799,78.5541915893555,48.700416880838,2.37188032095091,102978515.0,23.9296115497524,31.5006616862482,0.25,0.25,0.625,0.6785713999999999,0.5499999999999999,0.5,0.4722222222222221,18.450030941913276,3.726765949591478,-43.32997768470159
Mexico,MEX,2004,20127.2242847772,20.780907227933,79.7827072143555,52.0406200335632,3.06821035154364,104394131.0,24.0285636206301,33.0062868258443,0.25,0.25,0.625,0.6785713999999999,0.5499999999999999,0.5,0.5231481481481481,18.463684024936594,3.7433880839254203,425.7608971203008
Mexico,MEX,2005,20277.2552818503,20.7103497137228,80.6305389404297,52.5626446517886,2.74220134218643,105811504.0,23.8647298413668,33.0531376314209,0.25,0.25,0.625,0.6785713999999999,0.525,0.5,0.5277777777777778,18.477169814387544,3.7356402885933697,150.03099707309957
Mexico,MEX,2006,20965.8256074046,21.6799481845682,82.7013931274414,54.4821160886169,2.16893035275929,107253666.0,23.975474971969,34.3856666700872,0.25,0.25,0.5,0.6785713999999999,0.525,0.5556667,0.5277777777777778,18.490707306330087,3.721868859927338,688.5703255543012
Mexico,MEX,2007,21102.2688314629,22.3548818499295,84.0887069702148,55.2585243944498,2.81398718018792,108774360.0,23.8138673336557,34.0245019473839,0.25,0.25,0.53125,0.6785713999999999,0.4875,0.5556667,0.5277777777777778,18.504786212042156,3.7373514823099145,136.44322405830098
Mexico,MEX,2008,20992.5602618229,23.5591739620277,86.0763092041016,56.3652818862573,2.56307995916969,110374288.0,23.3015759848367,34.8480623925215,0.25,0.5,0.5625,0.6785713999999999,0.4499999999999999,0.5593332999999999,0.5254629629629629,18.519387775191547,3.731357672976153,-109.70856964000268
Mexico,MEX,2009,19385.5437230088,22.7743858105637,85.9423217773438,54.5917421313503,2.08311648626813,111999721.0,22.3229157911009,31.9993138894743,0.25,0.5,0.5,0.6428571,0.4499999999999999,0.5593332999999999,0.4907407407407407,18.534006947113433,3.719790975008973,-1607.0165388140995
Mexico,MEX,2010,20058.3854859755,22.5530971556916,87.2729263305664,59.2733845293851,2.76223720216686,113623895.0,22.8498509292037,32.539487048306,0.25,0.5,0.5,0.6428571,0.4499999999999999,0.5643332999999999,0.5,18.548404394243097,3.736118187729706,672.8417629667019
Mexico,MEX,2011,20457.6001664624,23.4720687923852,88.3800888061523,62.1623872764498,1.9442261568419,115243504.0,22.8790041277252,33.8231022149217,0.25,0.5,0.5,0.6428571,0.4499999999999999,0.5643332999999999,0.4907407407407407,18.562557882504613,3.7164187279695273,399.2146804868971
Mexico,MEX,2012,20898.9357195292,23.6882073368071,90.6936187744141,64.2579318900113,1.45258915052409,116818208.0,22.7376937009425,34.0963424723894,0.25,0.5,0.5,0.6428571,0.4499999999999999,0.5633332999999999,0.4490740740740741,18.57612951518002,3.7043896070233937,441.33555306680137
Mexico,MEX,2013,20805.3480411912,21.9901857848145,93.2623062133789,62.6916747735807,3.83670268161454,118343573.0,23.075612081066,32.1682751258816,0.25,0.5,0.5,0.6428571,0.4499999999999999,0.5636667,0.4652777777777777,18.58910259587221,3.7614176714623255,-93.58767833800084
Mexico,MEX,2014,21069.7661649129,21.6713070689329,97.3196868896484,64.0984090351215,2.08415748550878,119784261.0,23.5190521269727,31.9175541331636,0.25,0.5,0.5,0.6428571,0.4499999999999999,0.5559999999999999,0.4444444444444445,18.60120286606772,3.719816207506494,264.4181237217017
Mexico,MEX,2015,21408.9283201493,23.1641829976586,100.982269287109,70.412974676264,2.98783786595647,121072306.0,23.8165576943265,30.8402536092133,0.25,0.5,0.5,0.6428571,0.425,0.4683332999999999,0.375,18.61189850359447,3.741483552649101,339.1621552364013
Mexico,MEX,2016,21578.2633554092,23.7277194380681,102.871368408203,75.6903034088551,3.49768027047347,122251351.0,24.2217315993296,30.6167913981452,0.25,0.5,0.5,0.6785713999999999,0.3999999999999999,0.3823333,0.375,18.621589745562805,3.7535039130727057,169.33503525989727
Mexico,MEX,2017,21777.5225111982,23.2255397759544,105.11018371582,76.9521260407254,2.78307493352174,123400057.0,24.5597068589505,31.9586846731805,0.25,0.5,0.5,0.6785713999999999,0.425,0.3803333,0.375,18.63094213945166,3.7366149710919028,199.25915578900094
Marshall Islands,MHL,1999,3718.81112086275,16.8839729119639,72.5843811035156,107.997734492788,0.643512410907492,50202.0,17.57722945987745,13.7880109852398,0.8333332999999999,0.6666667,0.9444444,0.5555555999999999,0.7222221999999999,0.3369999999999999,0.4444444444444444,10.82383006485038,3.6842730018105487,
Marshall Islands,MHL,2000,3772.2158024995,16.8839729119639,72.5843811035156,130.083116724792,0.643512410907492,50706.0,17.57722945987745,12.7373659530558,0.8333332999999999,0.6666667,0.9444444,0.5555555999999999,0.7222221999999999,0.3369999999999999,0.4444444444444444,10.83381924711004,3.6842730018105487,53.404681636749956
Marshall Islands,MHL,2001,4000.73051185181,16.8839729119639,72.5843811035156,118.734360460794,0.603728082178911,51123.0,17.57722945987745,10.6228366069992,0.8333332999999999,0.6666667,0.9444444,0.5555555999999999,0.7222221999999999,0.3369999999999999,0.4444444444444444,10.842009333251605,3.6832733018747925,228.5147093523101
Marshall Islands,MHL,2002,4121.83964555336,16.8839729119639,78.4224166870117,102.320551682328,0.635798726886935,51425.0,17.57722945987745,14.757199151258,0.8333332999999999,0.6666667,0.9444444,0.5555555999999999,0.7222221999999999,0.3369999999999999,0.4444444444444444,10.847899160126937,3.6840792505743956,121.10913370155004
Marshall Islands,MHL,2003,4040.65511934983,16.8839729119639,73.5776977539062,117.024674269896,-0.878527551218843,51639.0,17.57722945987745,11.6742737086141,0.8333332999999999,0.6666667,0.9444444,0.5555555999999999,0.7222221999999999,0.3369999999999999,0.4444444444444444,10.85205184496058,3.645296507997731,-81.18452620353037
Marshall Islands,MHL,2004,4012.3445001608,16.8839729119639,77.7290267944336,114.023100075245,0.869826937547028,51791.0,17.57722945987745,10.3000752445448,0.8333332999999999,0.6666667,0.9444444,0.5555555999999999,0.7222221999999999,0.3369999999999999,0.4444444444444444,10.854990976166025,3.6899408948780503,-28.310619189029694
Marshall Islands,MHL,2005,4075.1586476742,19.0633333333333,73.762451171875,124.701014492754,2.37653794315156,51906.0,17.57722945987745,8.12275362318841,0.8333332999999999,0.6666667,0.9444444,0.5555555999999999,0.7222221999999999,0.3369999999999999,0.4444444444444444,10.857208934818349,3.7268780548610527,62.8141475133998
Marshall Islands,MHL,2006,4075.57643179743,27.7815642458101,79.1771087646484,112.408519553073,1.31058779650038,51992.0,17.57722945987745,11.3769553072626,0.8333332999999999,0.6666667,0.9444444,0.5555555999999999,0.7222221999999999,0.3369999999999999,0.4444444444444444,10.858864373117484,3.7008880867599134,0.41778412322992153
Marshall Islands,MHL,2007,4222.41292273556,25.1649833887043,82.46044921875,114.527707641196,4.64273221779953,52035.0,17.57722945987745,13.2601993355482,0.8333332999999999,0.6666667,0.9444444,0.5555555999999999,0.7222221999999999,0.3369999999999999,0.4444444444444444,10.85969106572145,3.7799850217285416,146.83649093812983
Marshall Islands,MHL,2008,3903.30558742877,20.8756480218281,84.7516632080078,122.046793997271,3.8845475551006,52030.0,17.57722945987745,12.7225102319236,0.8333332999999999,0.6666667,0.9444444,0.5555555999999999,0.7222221999999999,0.3369999999999999,0.4444444444444444,10.859594973780606,3.762529482605848,-319.10733530678954
Marshall Islands,MHL,2009,4047.22680617884,35.8992724867725,83.8652801513672,128.862235449735,9.68877973310476,52019.0,17.57722945987745,13.628373015873,0.8333332999999999,0.6666667,0.9444444,0.5555555999999999,0.7222221999999999,0.3369999999999999,0.4444444444444444,10.859383539002643,3.8889883934230087,143.92121875006978
Marshall Islands,MHL,2010,4269.35843273854,43.6016139044072,83.8652801513672,144.804965859714,-5.80799077083683,52044.0,17.57722945987745,14.622905027933,0.8333332999999999,0.6666667,0.9444444,0.5555555999999999,0.7222221999999999,0.3369999999999999,0.4444444444444444,10.859864007949568,3.507497329813622,222.13162655969973
Marshall Islands,MHL,2011,4259.11601606604,19.4262333139872,83.8652801513672,153.240162507255,-2.5425891687052,51907.0,17.57722945987745,13.5373766686013,0.8333332999999999,0.6666667,0.9444444,0.5555555999999999,0.7222221999999999,0.3369999999999999,0.4444444444444444,10.85722819985712,3.600869325776824,-10.24241667249953
Marshall Islands,MHL,2012,4244.04434413749,16.32313226342,83.8652801513672,157.517100166021,11.8283407902975,51419.0,17.57722945987745,13.3474266740454,0.8333332999999999,0.6666667,0.9444444,0.5555555999999999,0.7222221999999999,0.3369999999999999,0.4444444444444444,10.84778248081988,3.9318451232092793,-15.071671928550131
Marshall Islands,MHL,2013,4469.85358401607,24.3041845493562,83.8652801513672,161.91974248927,17.4614535003172,50681.0,17.57722945987745,13.8843347639485,0.8333332999999999,0.6666667,0.9444444,0.5555555999999999,0.7222221999999999,0.3369999999999999,0.4444444444444444,10.833326096955552,4.036611396204452,225.80923987858023
Marshall Islands,MHL,2014,4491.99193864536,19.9638172043011,83.8652801513672,149.853494623656,4.86434681611556,49796.0,17.57722945987745,14.5738172043011,0.8333332999999999,0.6666667,0.9444444,0.5555555999999999,0.7222221999999999,0.3369999999999999,0.4444444444444444,10.815710020234329,3.7850301907840116,22.138354629290006
Marshall Islands,MHL,2015,4670.10918243675,17.9437670114317,83.1655992680695,138.489820359281,-2.9361124111434,48800.0,17.57722945987745,11.298856831791,0.8333332999999999,0.6666667,0.9444444,0.5555555999999999,0.7222221999999999,0.3369999999999999,0.4444444444444444,10.795506083434564,3.5900680247143946,178.11724379139014
Marshall Islands,MHL,2016,4896.52195460777,20.2841922695738,84.9683299860961,116.326362735382,-1.51429506881848,47709.0,17.57722945987745,15.2969772051536,0.8333332999999999,0.6666667,0.9444444,0.5555555999999999,0.7222221999999999,0.3369999999999999,0.4444444444444444,10.772896298510153,3.62855492603075,226.41277217101924
Marshall Islands,MHL,2017,5199.3444796298,22.9830603649977,84.9683299860961,125.145250350959,2.73069605974974,46529.0,17.57722945987745,13.0123069723912,0.8333332999999999,0.6666667,0.9444444,0.5555555999999999,0.7222221999999999,0.3369999999999999,0.4444444444444444,10.747852544838695,3.7353657591480296,302.8225250220303
Marshall Islands,MHL,2018,5635.30750426868,21.0230909090909,84.9683299860961,128.482272727273,4.43275061931595,45285.0,17.57722945987745,12.1986818181818,0.6666667,0.6666667,0.9444444,0.6111111,0.7222221999999999,0.3369999999999999,0.4444444444444444,10.720753212932467,3.77518108426748,435.9630246388797
North Macedonia,MKD,1996,10551.5662666256,16.5170022576283,77.9553298950195,57.9231431142338,0.241489630939744,2012553.0,34.7303694814095,23.8170838878622,0.125,0.25,0.25,0.4642856999999999,0.35,0.125,0.4444444444444444,14.514915120213013,3.674124707860645,
North Macedonia,MKD,1997,10787.5753615656,16.4752661463843,78.6834030151367,71.8342589043406,0.402250343703204,1996869.0,34.533713765112,28.2036029806351,0.125,0.125,0.15625,0.4642856999999999,0.35,0.125,0.4444444444444444,14.507091512632538,3.6781951693225485,236.00909494000007
North Macedonia,MKD,1998,11092.8746195031,16.5693371170565,80.0566482543945,76.5874821175197,4.01398371553196,2007523.0,34.3353271313726,27.7543953600632,0.125,0.0,0.0625,0.4642856999999999,0.35,0.125,0.4444444444444444,14.512412679899711,3.7655311175285933,305.29925793750044
North Macedonia,MKD,1999,11519.0045020862,15.7882527394051,81.3828735351562,72.6249786897251,2.36373528779129,2017142.0,34.0779399017625,26.5943719040969,0.0625,0.0,0.125,0.4464285499999999,0.3124999999999999,0.125,0.4444444444444444,14.517192711795584,3.726569874897503,426.12988258309997
North Macedonia,MKD,2000,11988.2945978824,20.2967270738319,83.5768890380859,80.1601473580914,5.76504706871211,2026350.0,33.9558305643123,21.4063367196738,0.0,0.0,0.1875,0.4285714,0.2749999999999999,0.125,0.4444444444444444,14.521747196563977,3.8052770928362096,469.29009579619924
North Macedonia,MKD,2001,11571.8592198944,21.9942708395241,84.2949676513672,71.4782105684389,12.6581341812696,2034882.0,33.5209117163337,20.5865455856541,0.0,0.125,0.21875,0.4464285499999999,0.2499999999999999,0.125,0.4444444444444444,14.525948881348503,3.9479843243569395,-416.43537798799844
North Macedonia,MKD,2002,11830.3116732903,21.2989353432773,83.9654083251953,71.5334846721143,2.8417888915258,2020157.0,33.341374610357,19.3780672207161,0.0,0.25,0.25,0.4642856999999999,0.2249999999999999,0.125,0.4444444444444444,14.518686284140315,3.7380134193114953,258.4524533958993
North Macedonia,MKD,2003,12077.8990922494,20.0737642076116,83.6575317382812,71.0693204909674,2.40668449308174,2022725.0,33.9053831227396,22.4884068866443,0.0,0.25,0.25,0.4642856999999999,0.2249999999999999,0.125,0.4444444444444444,14.519956664564472,3.727603354626345,247.58741895909952
North Macedonia,MKD,2004,12683.4335090407,21.2279102234442,83.2468414306641,80.8704849956907,5.4398972911896,2016186.0,34.4828404570523,21.0384420875685,0.125,0.25,0.25,0.4642856999999999,0.425,0.125,0.4444444444444444,14.516718661808152,3.798015221352745,605.5344167913008
North Macedonia,MKD,2005,13354.5165282625,19.0373062471024,83.6800384521484,85.8410034787176,2.32207737874559,2005330.0,33.0719736808586,20.3620070871171,0.125,0.25,0.25,0.4642856999999999,0.4499999999999999,0.25,0.4444444444444444,14.511319692379196,3.7255664459909643,671.0830192218
North Macedonia,MKD,2006,14118.2883359902,20.0836220284315,83.6800384521484,92.5516664675666,6.22985642423446,1994287.0,33.0274918380818,21.6625851152789,0.25,0.25,0.4375,0.5,0.3999999999999999,0.5443333,0.4444444444444444,14.505797652374335,3.8155673823379113,763.7718077277004
North Macedonia,MKD,2007,15118.3063672461,22.6949574806444,84.0014801025391,106.092966003288,8.79828562205673,1982933.0,31.4545304766285,20.5809235456128,0.25,0.25,0.4375,0.5,0.3999999999999999,0.5443333,0.4444444444444444,14.500088124043355,3.8705953870585095,1000.0180312558987
North Macedonia,MKD,2008,16038.1078627458,25.7593579020945,84.0322494506836,111.570054713298,6.17271448582765,1971493.0,31.4209622337617,19.5331292631782,0.25,0.25,0.4375,0.5,0.3999999999999999,0.5403333,0.4444444444444444,14.494302188927193,3.8143080262491567,919.8014954996997
North Macedonia,MKD,2009,16084.2946742803,24.5573076199526,84.1355972290039,87.1767537660809,2.76045082206623,1958782.0,29.7861677519618,18.9727028474128,0.25,0.25,0.4375,0.5,0.3999999999999999,0.5403333,0.4444444444444444,14.48783391998971,3.736075587924817,46.18681153450052
North Macedonia,MKD,2010,16731.1595676008,23.0624108155574,85.4283828735352,97.8810691156562,3.20438209801498,1946298.0,29.3315502569261,21.0422688522191,0.25,0.25,0.4375,0.5,0.3999999999999999,0.5386666999999999,0.4444444444444444,14.481440178435127,3.746606595984005,646.8648933205004
North Macedonia,MKD,2011,17201.3074960957,23.529145644203,85.4283828735352,113.19191013947,4.83981702288781,1937398.0,30.1290883097601,21.5924220032487,0.25,0.25,0.5,0.5,0.3999999999999999,0.5386666999999999,0.4444444444444444,14.476856909818617,3.7844730086958793,470.1479284948982
North Macedonia,MKD,2012,17190.0669173829,23.3705375795742,85.8300170898438,112.214834702155,3.46744163927686,1929821.0,29.8886288369615,21.0808587045723,0.25,0.25,0.5,0.5,0.3999999999999999,0.5386666999999999,0.4444444444444444,14.472938328648532,3.752795004841018,-11.240578712797287
North Macedonia,MKD,2013,17758.3012027338,23.7109252805888,83.8025588989258,104.857229956305,3.72036775399161,1922716.0,30.384232611741,22.1404647622691,0.25,0.25,0.5,0.5,0.3999999999999999,0.5386666999999999,0.4444444444444444,14.46924984785432,3.7587091317702432,568.2342853508999
North Macedonia,MKD,2014,18452.282749234,23.4157962667091,83.6949768066406,112.537928969299,0.535807905351314,1917557.0,30.3581897744488,22.822578658191,0.25,0.25,0.5,0.5,0.3999999999999999,0.5416667,0.4444444444444444,14.466563059484479,3.681564291923702,693.9815465001993
North Macedonia,MKD,2015,19215.1537229479,23.8398866454127,84.9836273193359,113.698443879103,2.94702779153329,1912430.0,30.5090919800536,23.9221832208017,0.25,0.25,0.5,0.5357143,0.3999999999999999,0.534,0.4444444444444444,14.463885765600613,3.7405151142469615,762.8709737138997
North Macedonia,MKD,2016,19825.8546858981,24.3848720987903,84.9836273193359,116.185408418026,5.14755489783813,1906313.0,30.3840982025535,23.9630460915105,0.25,0.25,0.375,0.5357143,0.35,0.4243332999999999,0.4444444444444444,14.460682092544765,3.791440738546238,610.700962950199
North Macedonia,MKD,2017,20121.1344599839,22.4909643329785,84.6865386962891,124.13728389629,3.36726558000357,1898657.0,30.7101540261973,24.2589458765972,0.25,0.25,0.5,0.6071428999999999,0.375,0.4356666999999999,0.4444444444444444,14.456657878788679,3.750442901310601,295.27977408580045
Mali,MLI,1996,2105.2753013378,27.6842588576318,10.2479295730591,38.9934967655238,0.726919059513141,10407278.0,19.2023437902342,12.1506660206738,0.5,0.0,0.7020202,0.3636363999999999,0.5,0.5833332999999999,0.3333333333333333,16.158016023139286,3.6863656043806006,
Mali,MLI,1997,2142.78769298746,26.904395277777,11.1060304641724,45.0487038446352,2.17754659305845,10646495.0,19.1387911490824,15.2839755380891,0.41666665,0.0,0.7777778,0.4999999999999999,0.5,0.5833332999999999,0.3148148148148148,16.18074138189819,3.7220772540379645,37.51239164966
Mali,MLI,1998,2228.20055528486,18.0723059863942,12.0371999740601,39.830245090196,0.245394189320441,10919573.0,19.0501828280399,15.9882509072581,0.3333333,0.0,0.8535353999999999,0.6363635999999999,0.5,0.5833332999999999,0.2777777777777777,16.206067516531075,3.6742237678606173,85.4128622973999
Mali,MLI,1999,2269.08741153512,16.4518502759803,13.5656700134277,40.5393029667541,0.757651568056077,11227415.0,18.8850673655941,15.0363366588065,0.3333333,0.0,0.79545455,0.6363635999999999,0.5,0.625,0.2777777777777777,16.233869202286115,3.687135554458923,40.886856250259825
Mali,MLI,2000,2187.71894209604,17.8189278812472,15.6529197692871,44.6657609790519,1.71320201228336,11559290.0,18.6475474994295,16.1980631418107,0.3333333,0.0,0.7373737,0.6363635999999999,0.5,0.6666667,0.2777777777777777,16.26300008714768,3.7107841657369787,-81.36846943907995
Mali,MLI,2001,2458.46155672294,17.5815204873221,15.6529197692871,49.3239069915403,5.06751221772987,11912158.0,18.4126928083984,18.1624782025305,0.41666665,0.0,0.72979795,0.61728895,0.51785715,0.6041667,0.2777777777777777,16.293070201141386,3.7896330970771577,270.7426146268999
Mali,MLI,2002,2455.61935704114,17.6215089203185,15.6529197692871,46.3529227419891,-0.26620339911262,12288050.0,18.0120594159666,18.7136583189126,0.5,0.0,0.7222221999999999,0.5982143,0.5357143,0.5416667,0.2962962962962963,16.324137884751604,3.6611600424074195,-2.842199681799684
Mali,MLI,2003,2611.8368553004,19.3003705042199,19.7679595947266,46.8915346664625,1.29366756461829,12684955.0,17.5331795089662,18.5180716381273,0.2738568,0.1830758999999999,0.6891892,0.4037342,0.4783929999999999,0.5328054999999999,0.3333333333333333,16.35592728234573,3.7004700429374116,156.21749825926008
Mali,MLI,2004,2565.97744562534,21.3355187398765,21.5015201568604,44.0120986422566,1.3104512944739,13102409.0,16.8488433616164,16.8551885175856,0.3473743999999999,0.2170939999999999,0.8333332999999999,0.4827567,0.4466303,0.5806483,0.2916666666666667,16.388306740716722,3.700884714938559,-45.859409675060306
Mali,MLI,2005,2546.33281406377,18.4530016971212,23.2651901245117,44.9124085077551,2.15749775651619,13538647.0,15.2774485257104,20.6177348469944,0.3980749999999999,0.2362434,0.6896552,0.4804881,0.4736664,0.5625228,0.2777777777777777,16.42105896817332,3.721592281810902,-19.644631561569895
Mali,MLI,2006,2555.07476259654,21.6944450977083,25.1828804016113,49.0190773449704,1.8062250031959,13990139.0,13.8211335047689,24.1071894414728,0.3805738999999999,0.2400253,0.7196969999999999,0.4098116,0.4441936999999999,0.599,0.2777777777777777,16.453863353739557,3.7130567690177934,8.741948532770039
Mali,MLI,2007,2515.94692367878,19.3625439739789,27.6904392242432,46.8977916240376,2.12739780758978,14457775.0,11.5476633934128,22.8987343041739,0.3551241,0.3044596,0.7777778,0.5087564,0.5183847,0.599,0.2777777777777777,16.48674295926978,3.7208637358430243,-39.12783891776007
Mali,MLI,2008,2523.1996127255,21.7931833846258,31.0381298065186,53.6430193090625,2.33379628946697,14940782.0,9.61520954691471,22.9179833333908,0.2745362,0.2334137999999999,0.7153558,0.4505457,0.4389065,0.587,0.2777777777777777,16.51960514593416,3.7258488253687028,7.2526890467202065
Mali,MLI,2009,2575.54549773621,19.977684846018,34.0355415344238,40.5413815805662,5.34101259306611,15435539.0,8.08297824782241,24.1177890486017,0.25,0.0,0.5,0.3214286,0.3999999999999999,0.4456666999999999,0.2777777777777777,16.55218320072916,3.7957962392676734,52.345885010709935
Mali,MLI,2010,2632.26468220172,21.0735855497085,36.7189206176726,48.8166953660615,2.92612695500016,15945198.0,8.08908975405993,23.77623896597,0.25,0.0,0.5625,0.3214286,0.3999999999999999,0.4503333,0.2777777777777777,16.584668338749797,3.7400187661384647,56.7191844655099
Mali,MLI,2011,2623.34627008963,22.1785284652915,38.7492137225876,43.1814699132908,3.60372353519049,16469049.0,8.05135017844444,23.9979253880521,0.25,0.0,0.5625,0.3214286,0.3999999999999999,0.4619999999999999,0.2777777777777777,16.61699341985878,3.755986005568006,-8.91841211209021
Mali,MLI,2012,2520.52931087437,17.9935696457721,38.7492137225876,49.4252356223808,2.68901249459022,16957033.0,7.99672002220352,23.4100351460877,0.25,0.0,0.1875,0.3214286,0.3999999999999999,0.4206667,0.2592592592592592,16.646193290958905,3.7343705090764097,-102.81695921525989
Mali,MLI,2013,2528.53006767058,24.8110576539562,39.2758121397099,54.6032439863007,1.95552894419919,17459615.0,7.97268070035141,22.6884096448375,0.25,0.0,0.5,0.3214286,0.375,0.3633332999999999,0.25,16.67540111500673,3.7166935842882602,8.000756796210226
Mali,MLI,2014,2609.16733048758,26.0439372079479,41.2349114693214,51.078682187569,0.844265987943503,18020267.0,7.99617233210352,24.0582958024424,0.25,0.0,0.5,0.3214286,0.3999999999999999,0.443,0.2523148148148148,16.707007682397915,3.68930234523452,80.63726281699974
Mali,MLI,2015,2686.56065074588,23.7547024794097,38.9892238642006,53.5751760102265,1.7680955706499,18593022.0,8.26061279824933,22.3555320283093,0.25,0.0,0.4375,0.3214286,0.325,0.44,0.2777777777777777,16.738296960786123,3.712125870363191,77.39332025830026
Mali,MLI,2016,2759.11051294151,25.5592761800794,40.0999948578594,53.6126193604252,2.129006916198,19191289.0,6.71762052931155,21.8908239361417,0.25,0.0,0.4375,0.3214286,0.325,0.44,0.2777777777777777,16.769967088236275,3.720902696503408,72.54986219562988
Mali,MLI,2017,2816.194239022,24.1702422585387,38.5485805738327,49.4919984941972,3.0627942747803,19813011.0,8.23976448716443,22.1743386291663,0.25,0.0,0.375,0.3214286,0.325,0.438,0.2777777777777777,16.801849451539162,3.743259856811793,57.08372608049012
Myanmar,MMR,1999,1209.01642809997,21.8350400834961,35.3725395202637,68.6270739127592,2.982385898279,44787724.0,12.6370577026852,9.69226113586128,0.0,0.0,0.0,0.0357143,0.0999999999999999,0.0,0.3055555555555555,17.617444664305864,3.741354229672182,
Myanmar,MMR,2000,1359.93038778036,21.8350400834961,39.3193206787109,68.6270739127592,2.86117768008645,45290841.0,13.5752313050639,9.69226113586128,0.0,0.0,0.0,0.0357143,0.0999999999999999,0.0,0.3055555555555555,17.62861540666009,3.7384747920013397,150.91395968039
Myanmar,MMR,2001,1498.31163236525,21.8350400834961,40.303840637207,68.6270739127592,3.21565753506977,45771139.0,14.2439760108328,10.5804943321805,0.0,0.0,0.0,0.0357143,0.0749999999999999,0.0,0.3055555555555555,17.639164319464065,3.7468726348227497,138.38124458489006
Myanmar,MMR,2002,1661.73588517132,21.8350400834961,41.8484497070312,68.6270739127592,2.22070502562137,46232653.0,15.0041571612404,13.0068954922166,0.0,0.0,0.0,0.0357143,0.0499999999999999,0.0,0.3055555555555555,17.649196902925727,3.7231204394526274,163.42425280606994
Myanmar,MMR,2003,1874.17128269389,21.8350400834961,42.1795806884766,68.6270739127592,2.3777576671811,46667192.0,15.8547752995897,14.2582573952557,0.0,0.0,0.0,0.0357143,0.0499999999999999,0.0,0.3055555555555555,17.658551970413296,3.726907410573935,212.43539752256993
Myanmar,MMR,2004,2110.23728495831,21.8350400834961,45.0282783508301,68.6270739127592,2.0001628964787,47068772.0,16.7134246459469,16.3663619555986,0.0,0.0,0.0,0.0357143,0.0249999999999999,0.0,0.3055555555555555,17.667120345478605,3.717778235934595,236.06600226441992
Myanmar,MMR,2005,2377.90258162976,21.8350400834961,45.6932487487793,68.6270739127592,1.95966396539679,47438365.0,17.4839819399383,17.512204636055,0.0,0.0,0.0,0.0357143,0.0249999999999999,0.0,0.3055555555555555,17.674941868552963,3.7167941190827816,267.66529667145005
Myanmar,MMR,2006,2669.32700379999,21.8350400834961,47.5437698364258,68.6270739127592,1.90182128285749,47785135.0,18.2129822879765,19.2372930203744,0.0,0.0,0.3125,0.1071429,0.125,0.059,0.3055555555555555,17.682225186759773,3.715386870584762,291.4244221702302
Myanmar,MMR,2007,2968.3033151236,21.8350400834961,47.3708114624023,68.6270739127592,3.5175166973129,48125043.0,18.7334171446764,20.4091296662276,0.0,0.0,0.28125,0.1071429,0.125,0.059,0.3263888888888889,17.689313264857518,3.7539686813530704,298.97631132360993
Myanmar,MMR,2008,3254.738978881,21.8350400834961,49.9790115356445,68.6270739127592,2.71127181000311,48390793.0,18.939406538756,22.6658154224732,0.0,0.0,0.1875,0.1071429,0.125,0.059,0.3333333333333333,17.69482014698372,3.7349021028172062,286.4356637574001
Myanmar,MMR,2009,3578.17424704515,21.8350400834961,49.9621315002441,68.6270739127592,2.92355415980151,48660459.0,19.1808205242218,24.5320050982062,0.0,0.0,0.1875,0.1071429,0.125,0.059,0.3333333333333333,17.70037734862474,3.7399576509753585,323.4352681641499
Myanmar,MMR,2010,3893.79030665874,21.8350400834961,50.8663902282715,68.6270739127592,1.81897202342465,49024382.0,19.1535803370743,26.4680642743774,0.0,0.0,0.1875,0.1071429,0.125,0.059,0.3333333333333333,17.70782834455188,3.713367783828927,315.6160596135901
Myanmar,MMR,2011,4078.61220919965,21.8350400834961,50.8663902282715,68.6270739127592,4.20127651183029,49419820.0,18.2959614030452,31.2916488307023,0.0,0.0,0.1875,0.1071429,0.125,0.059,0.3333333333333333,17.7158621365028,3.7698585635177024,184.82190254090983
Myanmar,MMR,2012,4340.99945069174,21.8350400834961,50.8663902282715,68.6270739127592,2.22540068514517,49837446.0,17.6929619630393,32.3730207966326,0.0,0.0,0.25,0.1071429,0.15,0.0783333,0.3333333333333333,17.72427720721495,3.7232338729454315,262.3872414920902
Myanmar,MMR,2013,4666.95376141392,21.8350400834961,50.8663902282715,68.6270739127592,3.74085607932619,50262658.0,17.2545632474144,32.3622196006021,0.0,0.0,0.25,0.1428571,0.175,0.1753333,0.3333333333333333,17.732772993574855,3.759186678773996,325.9543107221798
Myanmar,MMR,2014,5006.50667149767,21.8350400834961,57.1178512573242,68.6270739127592,3.31904421353417,50681634.0,16.8272696611089,34.4897147952325,0.0,0.0,0.25,0.1428571,0.15,0.185,0.3333333333333333,17.74107417414387,3.7493087026734657,339.55291008375025
Myanmar,MMR,2015,5313.88615901476,21.8350400834961,57.1178512573242,68.6270739127592,6.85124098701507,51089056.0,16.7657106764191,34.4688212621502,0.0,0.0,0.3125,0.1785714,0.175,0.2213332999999999,0.3333333333333333,17.749080883512836,3.8291607012169893,307.37948751708973
Myanmar,MMR,2016,5580.98977273232,21.8350400834961,67.7588500976562,68.6270739127592,5.17880132620963,51495696.0,16.2117313875149,34.8095048832944,0.0,0.0,0.4375,0.25,0.25,0.4733332999999999,0.3402777777777777,17.757008808745127,3.792145505519499,267.1036137175597
Myanmar,MMR,2017,5877.87465558175,21.8350400834961,72.3457412719727,68.6270739127592,7.27335555300642,51894938.0,15.7039131256502,36.8009211203558,0.125,0.0,0.375,0.25,0.25,0.3776666999999999,0.3611111111111111,17.764731828930408,3.838290536640824,296.88488284943014
Myanmar,MMR,2018,6201.26341429803,21.8350400834961,77.0191497802734,68.6270739127592,2.60563229837277,52272247.0,17.0167741424896,36.9634615021809,0.125,0.0,0.375,0.25,0.2249999999999999,0.2943332999999999,0.3611111111111111,17.77197615722557,3.7323767196831543,323.3887587162799
Montenegro,MNE,2000,14452.2762793739,16.8735262020514,91.9459609985352,87.9252021443203,28.12882483686573,604950.0,24.0940087389732,21.2590046532839,0.5392962,0.4439614999999999,0.8779343,0.4845147999999999,0.7134157999999999,0.6569999999999999,0.4444444444444444,13.312902741997434,4.209182198831322,
Montenegro,MNE,2001,14552.555913276,17.5029920238435,91.9459609985352,100.409386075314,28.12882483686573,607389.0,23.9637328563612,22.3143207912841,0.5392962,0.4439614999999999,0.8779343,0.4845147999999999,0.7134157999999999,0.6569999999999999,0.4444444444444444,13.316926367842848,4.209182198831322,100.27963390210061
Montenegro,MNE,2002,14770.3164485924,14.6223811025521,91.9459609985352,95.2294000160253,28.12882483686573,609828.0,23.6980618358282,21.5953506185527,0.5392962,0.4439614999999999,0.8779343,0.4845147999999999,0.7134157999999999,0.6569999999999999,0.4444444444444444,13.32093386898144,4.209182198831322,217.7605353163999
Montenegro,MNE,2003,15076.7139308442,13.2988726783425,91.9459609985352,77.5983890107329,28.12882483686573,612267.0,23.2685840603908,19.3294873017387,0.5392962,0.4439614999999999,0.8779343,0.4845147999999999,0.7134157999999999,0.6569999999999999,0.4444444444444444,13.324925374137251,4.209182198831322,306.3974822517994
Montenegro,MNE,2004,15716.1406519937,17.1322860515408,90.45458984375,100.109654967142,28.12882483686573,613353.0,21.2568174196471,18.9729443885822,0.5392962,0.4439614999999999,0.8779343,0.4845147999999999,0.7134157999999999,0.6569999999999999,0.4444444444444444,13.326697536001546,4.209182198831322,639.4267211495007
Montenegro,MNE,2005,16348.9675325821,17.9796186654061,91.0373306274414,104.625139256659,28.12882483686573,614261.0,19.2337092658145,17.341544930727,0.5392962,0.4439614999999999,0.8779343,0.4845147999999999,0.7134157999999999,0.6569999999999999,0.4444444444444444,13.328176826212136,4.209182198831322,632.8268805884
Montenegro,MNE,2006,17727.4395602504,22.7582986694709,92.1242370605469,118.177129375183,28.12882483686573,615025.0,18.3240680183126,18.4566268180351,0.5392962,0.4439614999999999,0.8779343,0.4845147999999999,0.7134157999999999,0.6569999999999999,0.4444444444444444,13.329419822317796,4.209182198831322,1378.4720276683001
Montenegro,MNE,2007,18966.5316118445,32.7743216739558,92.5225219726562,128.844214152476,25.4861452996323,615875.0,17.5447137155868,17.4236682122468,0.4500481999999999,0.3536776,0.8779343,0.4845147999999999,0.4958405999999999,0.6569999999999999,0.4444444444444444,13.330800923551056,4.169124190834124,1239.0920515940998
Montenegro,MNE,2008,20239.0055766337,39.0191043275708,93.0311737060547,132.48054069386,21.4776806860127,616969.0,18.0573782175103,18.134854953618,0.5028166,0.4099665999999999,0.9337607,0.5608457,0.5773028,0.643,0.4444444444444444,13.332575679339131,4.105125141065502,1272.4739647891984
Montenegro,MNE,2009,18985.0166440648,27.2415872912071,95.6065979003906,99.8255760432413,37.4226485249522,618294.0,18.0605268449628,17.530109017069,0.4988344999999999,0.4418445,0.9074074,0.5545291,0.5801618,0.643,0.4444444444444444,13.334720968824653,4.33853574012756,-1253.9889325689
Montenegro,MNE,2010,19476.2433855105,22.0515648600772,98.99609375,98.8684992495822,18.328887946631,619428.0,18.5160491956461,17.1885067406217,0.125,0.25,0.5625,0.5,0.475,0.6256667,0.4444444444444444,13.336553364927985,4.051811750587639,491.2267414457019
Montenegro,MNE,2011,20110.5703706069,20.0881437583785,93.1708908081055,106.752728264703,12.3507061996589,620345.0,18.9844462470966,15.1880842120516,0.125,0.25,0.5625,0.5,0.475,0.6216667,0.4444444444444444,13.33803266587731,3.942035286071282,634.3269850963989
Montenegro,MNE,2012,19576.4932347548,20.2976524864041,92.6130599975586,108.779987603414,15.1805596099333,621418.0,17.4248927038627,14.8926108798408,0.125,0.25,0.5625,0.5,0.475,0.6183333,0.4444444444444444,13.339760851592086,3.9955037257861177,-534.0771358521015
Montenegro,MNE,2013,20201.3754091056,20.4275839558212,92.6130599975586,103.785966371179,10.0960454055249,622587.0,17.7773541000596,15.5405922471564,0.125,0.25,0.5625,0.5,0.475,0.6146667,0.4444444444444444,13.341640262791692,3.8972889633726036,624.8821743508015
Montenegro,MNE,2014,20641.850118964,19.3939366864442,92.6130599975586,100.438431458711,10.8522476721182,623744.0,17.5604234819937,14.3320646687925,0.125,0.25,0.625,0.5,0.475,0.6146667,0.4444444444444444,13.343496909983672,3.912520899583084,440.4747098584012
Montenegro,MNE,2015,21131.9286652777,20.7063411282255,91.863410949707,104.12510886943,17.4489052276704,624651.0,17.4637615510056,14.4315421692779,0.125,0.25,0.5625,0.5357143,0.475,0.617,0.4444444444444444,13.344949973647854,4.0363898042394695,490.0785463136999
Montenegro,MNE,2016,21834.1824200766,24.928915709691,90.5575180053711,104.135954584294,5.20261621395497,625353.0,17.4649866291982,15.5802198596652,0.125,0.25,0.5625,0.5357143,0.475,0.6073333,0.4444444444444444,13.346073168374602,3.792682319846487,702.2537547988977
Montenegro,MNE,2017,22513.8741282681,27.2209144935116,90.6022262573242,106.711366689116,11.6708961729682,625982.0,17.0842365502786,14.8316847329192,0.125,0.25,0.5625,0.5714286,0.475,0.6063333,0.4444444444444444,13.34707849316397,3.928753259129961,679.6917081915017
Montenegro,MNE,2018,23562.2739681383,29.76752680821,91.4442672729492,111.098935509174,8.93818094782242,626438.0,18.8984038776744,16.1079670855784,0.125,0.25,0.625,0.5714286,0.525,0.608,0.4444444444444444,13.347806682257023,3.873507394616219,1048.3998398701988
Mongolia,MNG,1996,5494.32133981897,24.5369425456095,61.9549293518066,77.9740756901741,1.18152410859671,2259507.0,16.3423942252223,23.6539827816913,0.6666667,0.5,0.8535353999999999,0.4545455,0.6666667,0.8333332999999999,0.611111111111111,14.630657648433532,3.6976949170579254,
Mongolia,MNG,1997,5628.10663484223,23.0401284783969,59.6888008117676,99.9914490021753,2.11696806984845,2291750.0,15.7067046180937,28.5247780897138,0.6666667,0.5,0.7929293,0.5,0.6666667,0.875,0.611111111111111,14.644826712171696,3.720611168239823,133.78529502326
Mongolia,MNG,1998,5735.84383645771,29.0159989254683,60.1162796020508,107.351210779428,1.68083637693881,2323809.0,14.8883146306064,22.6048360041451,0.6666667,0.5,0.7323232,0.5454545,0.6666667,0.9166667,0.611111111111111,14.658718638017964,3.7099922426528757,107.73720161547953
Mongolia,MNG,1999,5829.16641455929,29.9341720365341,58.8111114501953,112.241338547745,2.87495300542926,2356813.0,14.626612093598,22.3042457388502,0.58333335,0.5,0.8080807999999999,0.5454545,0.6666667,0.83333335,0.5694444444444444,14.672821264930837,3.7388024582718593,93.3225781015808
Mongolia,MNG,2000,5818.24307842901,25.2026329219548,62.4367294311523,121.886609754208,4.72312279765318,2388299.0,13.6963898401987,22.1961421557269,0.5,0.5,0.8838383999999999,0.5454545,0.6666667,0.75,0.5555555555555555,14.68609237374478,3.7818180974968763,-10.923336130280404
Mongolia,MNG,2001,5917.07088396343,21.5375323628587,69.4697723388672,115.81832687888,4.9684623527528,2417751.0,12.9196659412607,21.9418832214059,0.41666665,0.5,0.8838383999999999,0.5673701,0.67857145,0.75,0.5462962962962963,14.698348740794254,3.787391674339636,98.8278055344199
Mongolia,MNG,2002,6117.9824222592,22.1465837169665,74.5482330322266,118.517253113943,5.56733962619427,2449027.0,13.620522976523,22.4846271364412,0.3333333,0.5,0.8838383999999999,0.5892857,0.6904762,0.75,0.5,14.711201769107003,3.8008677964803073,200.9115382957698
Mongolia,MNG,2003,6463.78966651762,29.1203428151462,82.2682495117188,120.299393514881,8.24548473819777,2480374.0,11.4106794070561,25.2199551531292,0.3333333,0.5,0.8838383999999999,0.5892857,0.6904762,0.75,0.5,14.723920316387554,3.8590048131501455,345.8072442584207
Mongolia,MNG,2004,7070.667158451,27.8191823685973,88.4728012084961,131.329318233554,4.66450219552693,2508412.0,11.9215559663817,28.3334403733025,0.3333333,0.5,0.7626263,0.5892857,0.6904762,0.75,0.5,14.735160840224083,3.7804817552620156,606.87749193338
Mongolia,MNG,2005,7499.84803935428,27.9380278698965,92.1028823852539,122.381459889773,7.43499550055971,2536407.0,12.3762111398114,32.496500599666,0.3320065,0.2556588999999999,0.8033332999999999,0.3572362,0.3641748999999999,0.3925137999999999,0.5,14.746259464879683,3.841764663600149,429.18088090328
Mongolia,MNG,2006,8043.99678108557,33.30225474823,92.3052825927734,112.929983096983,7.18968945819168,2567168.0,12.9636894729367,38.6926063353314,0.3937836999999999,0.2425,0.7693603,0.3657989,0.3782975999999999,0.6599999999999999,0.5,14.758314293291974,3.836487549815912,544.1487417312892
Mongolia,MNG,2007,8750.13407442299,35.1088226553719,92.3052825927734,117.880426425377,8.80188727419921,2601850.0,12.9622409764992,37.7347758580465,0.2741371999999999,0.1855158999999999,0.813253,0.4204635,0.3979675,0.6599999999999999,0.5,14.771733672771612,3.8706704641161886,706.1372933374196
Mongolia,MNG,2008,9379.85489687765,36.2150454803176,92.3052825927734,121.198013401183,15.02161500005,2643201.0,13.96427884951,30.8510356631246,0.2888967,0.2123379,0.8760684,0.3926504999999999,0.3918499,0.6599999999999999,0.5,14.787501618967106,3.992575150716403,629.7208224546612
Mongolia,MNG,2009,9095.9769892529,28.888994389193,98.5075302124023,107.813757166177,13.6044846187851,2691115.0,14.5742491793641,30.0565585316106,0.25,0.25,0.6875,0.3928570999999999,0.475,0.47,0.5,14.80546653543178,3.9660781017326303,-283.87790762475015
Mongolia,MNG,2010,9507.118823625,34.4863190088044,91.1776885986328,103.350031656557,23.5263365544641,2738622.0,15.5574974765412,33.1942474892146,0.125,0.25,0.6875,0.3928570999999999,0.3999999999999999,0.4619999999999999,0.5,14.822965797296767,4.1383453356842965,411.14183437209977
Mongolia,MNG,2011,10960.0959283864,48.4123299193304,91.1776885986328,126.999228633482,43.9121127615061,2786317.0,16.5961787242512,31.3337485626924,0.125,0.25,0.625,0.3928570999999999,0.3999999999999999,0.4576667,0.5,14.840231568947438,4.419861363703742,1452.9771047613995
Mongolia,MNG,2012,12078.9185320062,45.1162782409515,91.1776885986328,109.588564338415,34.7559826095308,2839705.0,18.1007714243042,30.7715931133163,0.125,0.25,0.625,0.3928570999999999,0.3999999999999999,0.4616667,0.5,14.859211083651946,4.303100247398943,1118.8226036198012
Mongolia,MNG,2013,13210.0945665668,39.2636451899871,91.1776885986328,100.311989662943,16.3700755246398,2899011.0,19.6253499443099,30.5068923847448,0.125,0.25,0.6875,0.3928570999999999,0.3999999999999999,0.4669999999999999,0.5,14.879880547253626,4.017152612086256,1131.1760345605999
Mongolia,MNG,2014,13943.4277148653,28.5737584489569,91.1776885986328,109.322311877187,2.7625883357052,2963113.0,19.8410699914759,31.4976232744188,0.125,0.25,0.75,0.4642856999999999,0.425,0.4706667,0.5,14.901751300334645,3.7361265609975174,733.3331482984995
Mongolia,MNG,2015,13974.5967260365,18.2769008129924,91.1776885986328,89.653663477814,0.811709460633853,3026864.0,19.393538342421,31.5158775834209,0.125,0.25,0.75,0.5,0.425,0.4706667,0.5,14.923037988396821,3.688488445048753,31.1690111711996
Mongolia,MNG,2016,13898.1456953585,18.6646598388544,91.1776885986328,101.055237224997,-37.1726532341221,3088856.0,18.1135229731892,33.1780715301999,0.125,0.25,0.6875,0.5,0.4499999999999999,0.5539999999999999,0.5,14.94331167753035,0.6931471805599453,-76.45103067799937
Mongolia,MNG,2017,14401.5375067562,22.3489597718333,91.1776885986328,115.932901867963,13.0160280600797,3148917.0,18.5330983964972,37.4184116118863,0.125,0.25,0.8125,0.5357143,0.4499999999999999,0.5499999999999999,0.5,14.962569459731412,3.954865637932413,503.3918113976997
Mozambique,MOZ,1996,562.857456341656,21.8350400834961,5.06928014755249,51.0292925616374,1.79894221150183,16492480.0,2.88118844157002,16.9422309414662,0.25,0.25,0.5,0.4642856999999999,0.3999999999999999,0.625,0.5555555555555555,16.618415138039694,3.7128790326024697,
Mozambique,MOZ,1997,612.371551265915,21.8350400834961,5.06928014755249,43.2986819731024,1.32138783006061,16949982.0,2.93990836567655,18.3503185023245,0.25,0.25,0.5,0.4642856999999999,0.3999999999999999,0.625,0.4861111111111111,16.64577738884038,3.701154829069482,49.514094924258984
Mozambique,MOZ,1998,660.650177820748,21.8350400834961,5.06928014755249,39.0075460593046,4.23157990347201,17340464.0,3.00263488962927,21.7566494452469,0.25,0.25,0.5,0.4642856999999999,0.3999999999999999,0.625,0.3888888888888888,16.668553345566107,3.770556974082447,48.27862655483307
Mozambique,MOZ,1999,722.305561379979,21.8350400834961,5.06928014755249,45.5276131355411,6.07297785522003,17734506.0,3.07086897995254,19.8149498260996,0.25,0.25,0.5,0.4642856999999999,0.3999999999999999,0.625,0.3888888888888888,16.69102284766421,3.8121061149728583,61.65538355923104
Mozambique,MOZ,2000,711.976393527396,21.8350400834961,5.94095993041992,47.9208808015891,2.3488011074454,18129653.0,3.104916517854,19.5292283612147,0.25,0.25,0.5,0.4642856999999999,0.3999999999999999,0.625,0.287037037037037,16.71305949815841,3.7262102657385854,-10.329167852583055
Mozambique,MOZ,2001,785.790173616246,21.8350400834961,6.66658020019531,50.4153095777265,4.52085884679156,18537729.0,3.20007892294839,21.3938558593765,0.25,0.25,0.5,0.4642856999999999,0.3999999999999999,0.625,0.2777777777777777,16.73531867263389,3.7771996261118796,73.81378008884997
Mozambique,MOZ,2002,842.645266172761,21.8350400834961,8.2307596206665,73.309162757423,5.83542740620485,18958338.0,3.29614129195965,17.0821002587651,0.25,0.25,0.5,0.4642856999999999,0.3999999999999999,0.625,0.3148148148148148,16.757754445468333,3.806842043434639,56.85509255651505
Mozambique,MOZ,2003,883.239121472194,21.8350400834961,8.2307596206665,70.1683599479183,5.1142557345062,19392475.0,3.39396252850361,18.8768129822828,0.25,0.25,0.4375,0.4285714,0.3999999999999999,0.625,0.3333333333333333,16.780395713754544,3.7906891247709753,40.59385529943302
Mozambique,MOZ,2004,934.133964844421,21.8350400834961,10.5598001480103,72.0520001612374,5.99090663119619,19840313.0,3.58929661910842,19.8066623565294,0.25,0.25,0.375,0.4285714,0.3999999999999999,0.625,0.3333333333333333,16.803226486308663,3.810290564016125,50.894843372227
Mozambique,MOZ,2005,970.38995609863,21.8350400834961,12.95458984375,72.0092609780982,1.380320098608,20304569.0,3.79337856581247,18.6061383452371,0.25,0.25,0.5,0.4285714,0.3999999999999999,0.625,0.3333333333333333,16.82635654182831,3.7026091029714214,36.25599125420899
Mozambique,MOZ,2006,1041.80471709595,21.8350400834961,15.2163000106812,67.3498976872689,2.64086218183932,20787087.0,4.04827375824898,19.8162320132045,0.25,0.25,0.75,0.4285714,0.525,0.5926667,0.3333333333333333,16.84984258268378,3.7332196225791963,71.41476099732006
Mozambique,MOZ,2007,1095.12568701598,21.8350400834961,17.9137401580811,66.1203821840516,3.85414645531421,21287635.0,4.30625470987189,19.5085348189008,0.375,0.25,0.65625,0.4285714,0.4875,0.5093333,0.3425925925925925,16.87363699265845,3.7618231701463616,53.32096992002994
Mozambique,MOZ,2008,1141.94256161019,21.8350400834961,20.1720008850098,64.981416499828,4.96426075394528,21819036.0,4.5755845810171,17.1677445681711,0.375,0.25,0.625,0.4285714,0.425,0.5163333,0.3611111111111111,16.898293403573092,3.787296484203859,46.81687459421005
Mozambique,MOZ,2009,1178.70909947834,21.8350400834961,22.9890193939209,67.898572768141,7.58405403589617,22391745.0,4.89430849996814,16.9004327987887,0.25,0.25,0.6875,0.4285714,0.425,0.5163333,0.3611111111111111,16.924202966776186,3.8449577164601476,36.76653786814995
Mozambique,MOZ,2010,1224.23020471309,21.8350400834961,25.1208838457009,73.8373532681892,11.0275561357338,22999235.0,5.24922016517777,16.8681862980766,0.25,0.25,0.625,0.4642856999999999,0.475,0.4966666999999999,0.3611111111111111,16.95097155595041,3.916019197403247,45.52110523474994
Mozambique,MOZ,2011,1275.52959822581,21.8350400834961,26.0157578808472,84.4062119333019,25.0623636819297,23649039.0,5.64168787186151,16.5093372512898,0.25,0.25,0.5625,0.4642856999999999,0.35,0.3299999999999999,0.3611111111111111,16.978833080112167,4.162548496829873,51.299393512720144
Mozambique,MOZ,2012,1338.51594866104,21.8350400834961,25.6446165136399,105.934588060511,33.767102801243,24337846.0,6.10246741745848,16.8740038772507,0.25,0.25,0.5625,0.4642856999999999,0.35,0.3293333,0.3611111111111111,17.007543186393512,4.289633840644547,62.98635043522995
Mozambique,MOZ,2013,1385.83254864214,21.8350400834961,34.4439086914062,109.38537659913,38.9428653441902,25051611.0,6.58871412365012,16.4457246085988,0.125,0.25,0.4375,0.4642856999999999,0.2749999999999999,0.3256667,0.3611111111111111,17.036448734722097,4.3581887384939755,47.3165999810999
Mozambique,MOZ,2014,1449.92926632722,21.8350400834961,33.95458984375,116.356855242217,27.8047100445849,25788475.0,7.14238427167578,17.4884683555603,0.125,0.25,0.4375,0.4642856999999999,0.25,0.322,0.3611111111111111,17.06543828343991,4.204354700791071,64.09671768507997
Mozambique,MOZ,2015,1512.5997455554,21.8350400834961,34.5285606384277,98.7612036510901,23.8654900431928,26547572.0,7.74582646682029,18.6152107018236,0.125,0.25,0.4375,0.4642856999999999,0.2749999999999999,0.4033333,0.3611111111111111,17.09444888904447,4.143739992027594,62.67047922818006
Mozambique,MOZ,2016,1537.90853271216,21.8350400834961,34.5285606384277,110.394358201481,25.9187724637849,27337105.0,7.59828133986401,20.5669830121929,0.125,0.25,0.375,0.4642856999999999,0.25,0.3006667,0.3611111111111111,17.123755531426173,4.175792830830468,25.30878715675999
Mozambique,MOZ,2017,1532.0073576114,21.8350400834961,37.2411918640137,105.745640702087,17.4831119319856,28166393.0,7.44186820857504,23.6070708049686,0.125,0.25,0.4375,0.4642856999999999,0.25,0.3006667,0.3611111111111111,17.153640123139063,4.036993750453228,-5.901175100759929
Mauritania,MRT,1996,5650.3411811269,33.5806023436423,15.831000328064,70.4558897549272,-0.0204278717567514,2358188.0,13.8381349750961,25.80452703493,0.5,0.5,0.6875,0.5,0.5625,0.5,0.4444444444444444,14.673404509539155,3.6674572627719533,
Mauritania,MRT,1997,5302.3666333722,28.8454982608704,15.694299697876,62.7495635657126,-0.160710691213042,2411306.0,13.267810611221,26.8540873138344,0.5,0.5,0.6875,0.5,0.5625,0.5,0.4444444444444444,14.695679482113965,3.663867818303113,-347.9745477546994
Mauritania,MRT,1998,5310.15819138341,26.6190550696786,16.4638500213623,51.3910125506772,0.0065265900365071,2474651.0,13.2145092220824,33.5387615872984,0.5,0.5,0.6875,0.5,0.5625,0.5,0.4444444444444444,14.721610338038364,3.6681454787638144,7.791558011209418
Mauritania,MRT,1999,5359.98881996232,28.8193727516557,17.4429798126221,49.016938039756,0.761331718749145,2541698.0,13.1676228856793,32.4093951666799,0.5,0.5,0.6875,0.5,0.5625,0.5,0.4444444444444444,14.7483433130202,3.6872277145646963,49.830628578910364
Mauritania,MRT,2000,5008.60806690014,31.9102667716251,18.0476703643799,58.9403747670668,2.25319074953564,2613441.0,12.5472751921668,29.9518502588297,0.5,0.5,0.6875,0.5,0.5625,0.5,0.4444444444444444,14.776178684426641,3.7239049368807686,-351.3807530621798
Mauritania,MRT,2001,4847.41086088566,32.2425519673045,20.5369300842285,60.7012124604715,4.39273814893831,2678760.0,12.2562701230888,29.0361452374828,0.5625,0.5,0.71875,0.52083335,0.5625,0.5,0.4444444444444444,14.8008649321544,3.774263059530429,-161.1972060144799
Mauritania,MRT,2002,4806.89853417166,41.9800303843813,20.5889301300049,56.7855296001806,3.78943003870853,2738655.0,12.1951063673451,28.4202988789773,0.625,0.5,0.75,0.5416667,0.5625,0.5,0.4444444444444444,14.8229778470755,3.760317942340271,-40.512326714000665
Mauritania,MRT,2003,5023.65213424467,47.55897247437,21.539270401001,55.3180243332438,4.97077585567831,2802046.0,12.5084235361809,26.7345509917915,0.625,0.5,0.6875,0.5,0.5,0.5,0.4444444444444444,14.84586077947146,3.7874440844853647,216.7536000730106
Mauritania,MRT,2004,5139.22552002451,44.7763843098258,22.1136894226074,75.2188046787959,17.1048404222648,2868664.0,12.7582772832432,27.5321174229442,0.6161616,0.5050505,0.510101,0.4848484999999999,0.459596,0.2777777999999999,0.4444444444444444,14.869357322722397,4.030294697785939,115.57338577983955
Mauritania,MRT,2005,5445.82951227718,40.7268979575153,22.4629497528076,88.2350995596491,27.6520361298831,2939059.0,13.2834831538187,33.1903258148872,0.625,0.5,0.8125,0.5416667,0.5625,0.5,0.4444444444444444,14.893600360299848,4.202072613514443,306.60399225266974
Mauritania,MRT,2006,6284.70209025296,36.396607225657,23.1758899688721,82.7885012130323,3.94434472704714,3013660.0,14.3401822268722,43.8696653715372,0.3614909,0.1678492,0.7389937,0.4720657,0.4939040999999999,0.312,0.4444444444444444,14.918666176726653,3.7639173036105413,838.8725779757806
Mauritania,MRT,2007,6002.77832165174,42.2075356620944,23.1758899688721,86.0640556779132,3.2067650776131,3093059.0,13.8728805640808,37.0052476945385,0.3409249,0.1981481,0.8131313,0.4811562,0.4999446999999999,0.312,0.4444444444444444,14.94467145012115,3.746662827208798,-281.9237686012202
Mauritania,MRT,2008,5813.35608368305,37.2007686040685,18.5803203582764,94.1202110004251,6.58359348707617,3183269.0,13.6082097933513,36.4890884436152,0.2682038,0.2002923999999999,0.5760234,0.4917650999999999,0.4122127,0.3909999999999999,0.4444444444444444,14.973419528302932,3.823328322754805,-189.42223796868984
Mauritania,MRT,2009,5639.78745018612,36.3942289658634,20.0069904327393,82.0086176018151,-0.0651602023733604,3284448.0,13.3338812072402,32.7544134822838,0.25,0.25,0.5625,0.4642856999999999,0.375,0.1303332999999999,0.4444444444444444,15.004709463716566,3.6663140862718056,-173.5686334969305
Mauritania,MRT,2010,5605.76388754436,33.2788670078419,20.4244003295898,93.4207451334608,2.31890567703789,3390965.0,13.4020659668451,38.1929057828319,0.25,0.25,0.5625,0.4642856999999999,0.325,0.1286667,0.4444444444444444,15.036625394516665,3.7254900068170373,-34.02356264175978
Mauritania,MRT,2011,5653.21719956693,29.426133347,22.7523097991943,98.485329604158,8.70335489423716,3502811.0,13.5898227852682,44.107903772358,0.25,0.25,0.4375,0.4642856999999999,0.3,0.1389999999999999,0.4444444444444444,15.069076632455102,3.8686145047905245,47.45331202256966
Mauritania,MRT,2012,5716.25195328296,33.2347577458968,27.0638964405956,110.788122743421,20.6013054045892,3619034.0,13.624381730814,37.4741781393169,0.25,0.25,0.4375,0.4642856999999999,0.3,0.1389999999999999,0.4444444444444444,15.101717973678998,4.090570091841088,63.03475371603054
Mauritania,MRT,2013,5769.72870835599,32.7207739421267,30.2620419125702,102.398824183169,15.5890028558149,3734318.0,13.7376180988177,38.6097701314865,0.25,0.25,0.4375,0.4642856999999999,0.3,0.1389999999999999,0.4444444444444444,15.133076030607775,4.002990242657194,53.47675507303029
Mauritania,MRT,2014,5837.8520312229,37.9643297727243,30.6988232872483,91.610371363604,7.62361704174833,3848514.0,13.7308879289686,28.4373706611028,0.25,0.25,0.4375,0.4642856999999999,0.3,0.1389999999999999,0.4444444444444444,15.163197917571363,3.8458035047877557,68.1233228669098
Mauritania,MRT,2015,5969.54239339806,34.3024643817869,31.196307538775,77.3467864944966,8.13584950372229,3965959.0,13.8457583240163,22.7465105988095,0.25,0.25,0.4375,0.4642856999999999,0.3,0.132,0.4444444444444444,15.193258502282323,3.8566900412421115,131.69036217515986
Mauritania,MRT,2016,5866.28144759405,29.001539872588,32.187587041888,73.1532616736712,4.23731114711712,4086657.0,13.6910937488972,25.2197600424352,0.25,0.25,0.4375,0.4642856999999999,0.3,0.132,0.4444444444444444,15.223238079084199,3.7706890087914515,-103.26094580400968
Mauritania,MRT,2017,6050.62180273825,30.2739569009753,31.7565696757394,78.8149801833884,8.65007999188081,4210600.0,13.8847697844053,23.7456292323677,0.25,0.25,0.4375,0.4642856999999999,0.325,0.1273332999999999,0.4444444444444444,15.253115950814408,3.867501116942245,184.34035514419975
Mauritius,MUS,1996,11336.6041686972,24.5032258310761,62.2834014892578,126.159212478576,0.818061230378169,1133996.0,33.3627359615093,27.955269108976,0.5,0.5,0.9375,0.5357143,0.725,0.625,0.4444444444444444,13.941259117763689,3.688647288778157,
Mauritius,MUS,1997,11832.2877924531,25.4400430365305,64.6921310424805,126.107505043338,1.3025692466794,1148284.0,32.8473341947058,26.8650533673372,0.5,0.5,0.9375,0.5357143,0.725,0.625,0.4444444444444444,13.953780082890491,3.7006899962947686,495.68362375590004
Mauritius,MUS,1998,12419.4673726952,22.55633329341,69.0977325439453,130.442832961932,0.288001173687631,1160421.0,33.4036004890594,26.7490036838575,0.5,0.5,0.9375,0.5357143,0.725,0.625,0.4444444444444444,13.96429429002933,3.6753040845372826,587.1795802421002
Mauritius,MUS,1999,12582.7521544356,26.568506492187,72.422721862793,128.954991253643,1.12110460501645,1175267.0,33.6478466622273,25.9477010773877,0.5,0.5,0.90625,0.5357143,0.725,0.625,0.4444444444444444,13.977006764659325,3.6961965646265136,163.28478174039992
Mauritius,MUS,2000,13481.7540541745,22.243757462139,74.3924789428711,120.687648773646,5.62071802958224,1186873.0,33.4567837483347,25.640266746151,0.5,0.5,0.875,0.5357143,0.725,0.625,0.4444444444444444,13.986833517999623,3.8020601656096127,899.0018997388997
Mauritius,MUS,2001,13823.4171391048,22.0123753004735,80.2969284057617,128.05457898019,-0.591895011199452,1196287.0,33.2067253281437,26.3874036179347,0.5,0.5,0.875,0.5357143,0.725,0.625,0.4444444444444444,13.99473398717999,3.652753660548396,341.6630849303001
Mauritius,MUS,2002,13949.4742923184,21.1384050705349,82.4172286987305,118.230470380251,0.653687020805774,1204621.0,33.3054469400746,25.6239987275773,0.5,0.5,0.875,0.5357143,0.725,0.625,0.4444444444444444,14.00167638274891,3.684528508837573,126.05715321360003
Mauritius,MUS,2003,14669.5001844577,22.1967621591913,85.5775909423828,108.655579313428,1.0624597935284,1213370.0,33.0850291047753,24.9152577893048,0.5,0.5,0.875,0.5714286,0.6749999999999999,0.625,0.4444444444444444,14.008912994419005,3.6947400727814377,720.0258921392997
Mauritius,MUS,2004,15209.0164267817,21.4190988551426,86.3435287475586,107.027698267505,0.208397536162955,1221003.0,32.5640020386561,24.0862009085375,0.5,0.5,0.875,0.5714286,0.75,0.625,0.4444444444444444,14.01518402909075,3.673284755696163,539.5162423239999
Mauritius,MUS,2005,15387.9807842254,21.1944773416414,88.6331024169922,121.608743996836,0.635284471239675,1228254.0,32.2730516226892,23.0539698198427,0.5,0.5,0.875,0.5714286,0.75,0.625,0.4444444444444444,14.021105020855094,3.684066332238123,178.96435744369956
Mauritius,MUS,2006,16061.6030030396,22.8412490113687,86.6944198608398,124.782280192468,1.49569053565725,1233996.0,31.9742266255586,21.9955550253399,0.5,0.5,0.8125,0.6785713999999999,0.7,0.6846667,0.4444444444444444,14.0257690523262,3.7054499954552673,673.6222188142001
Mauritius,MUS,2007,16904.2745171796,23.6264308614683,86.7215270996094,118.624058148821,4.11677685025773,1239630.0,31.7315598317218,22.1985593969066,0.5,0.5,0.8125,0.6964286,0.7,0.6846667,0.4444444444444444,14.030324312650151,3.767908496303238,842.6715141400018
Mauritius,MUS,2008,17750.5936228988,23.4342249552338,86.2219161987305,113.492663899724,3.72959175354516,1244121.0,31.520865688839,23.0209186435502,0.5,0.5,0.8125,0.7142856999999999,0.7,0.6846667,0.4444444444444444,14.03394061821219,3.7589241552796215,846.319105719198
Mauritius,MUS,2009,18290.4070077862,25.1374572767923,86.6567001342773,102.458019804655,2.77057948666431,1247429.0,29.4310476281681,23.007713818678,0.5,0.5,0.8125,0.7142856999999999,0.7,0.6846667,0.4444444444444444,14.036595992809012,3.736317102159618,539.8133848874022
Mauritius,MUS,2010,19045.6542832867,23.8217221316751,86.9073104858398,111.508202075575,4.23808594970717,1250400.0,28.4060700144395,22.1595330116331,0.5,0.5,0.8125,0.7142856999999999,0.7,0.6846667,0.4444444444444444,14.038974857833166,3.7707068571285016,755.2472755005001
Mauritius,MUS,2011,19790.5300586052,23.13943082155,88.7222900390625,115.552473002804,3.71075064331171,1252404.0,27.8362681059088,21.3051130600799,0.5,0.5,0.8125,0.7142856999999999,0.7,0.6846667,0.4444444444444444,14.040576260761135,3.7584848950820096,744.8757753184982
Mauritius,MUS,2012,20425.707017688,22.2704402338839,92.1094389658945,117.447639083027,4.97804411127418,1255882.0,27.6319294826523,20.6501837940607,0.5,0.5,0.8125,0.7142856999999999,0.7,0.6903332999999999,0.4444444444444444,14.043349468805042,3.7876087218379437,635.1769590828007
Mauritius,MUS,2013,21061.0293432869,20.3316752191828,93.7982864379883,136.552117959236,2.35929777878695,1258927.0,26.6682247228637,20.0954005013634,0.5,0.5,0.8125,0.7142856999999999,0.7,0.689,0.4444444444444444,14.045771123146535,3.7264630349381775,635.3223255988996
Mauritius,MUS,2014,21827.4802326052,18.2628678058642,97.075353264043,135.099064765426,3.44327494440095,1261208.0,25.9367987192387,19.4849175221344,0.5,0.5,0.8125,0.7142856999999999,0.7,0.689,0.4444444444444444,14.047581342688476,3.7522280842960978,766.450889318301
Mauritius,MUS,2015,22603.0885218714,16.6835144370929,93.9681984718368,133.135069083677,1.77973545308924,1262879.0,25.0040541394044,18.9486991254014,0.375,0.5,0.8125,0.7142856999999999,0.7,0.6926667,0.4444444444444444,14.048905384942229,3.712410140397878,775.608289266198
Mauritius,MUS,2016,23460.0011516323,16.5361068473332,94.4362545563892,126.310008998042,2.96891288123063,1263747.0,25.8261138138686,18.3463010991725,0.375,0.5,0.8125,0.7142856999999999,0.7,0.6926667,0.4444444444444444,14.049592466724071,3.741034572264307,856.9126297609
Mauritius,MUS,2017,24361.8758542058,16.5887567666835,92.5403344955972,126.964059884888,3.45396863043017,1264887.0,24.2639614499862,17.5282666855876,0.375,0.5,0.8125,0.7142856999999999,0.7,0.6906667,0.4444444444444444,14.05049413867467,3.7524789844880773,901.8747025734992
Malawi,MWI,1996,1200.32058232422,21.8350400834961,24.1506099700928,45.3003137160008,0.47589426589626,10352228.0,7.60901266137278,20.6414758960251,0.125,0.0,0.375,0.3928570999999999,0.325,0.25,0.4722222222222221,16.152712416807358,3.6800543143712217,
Malawi,MWI,1997,1221.09404555353,21.8350400834961,24.1506099700928,45.3003137160008,0.383630956028333,10562035.0,7.57792763018952,19.8213745887778,0.125,0.0,0.28125,0.3928570999999999,0.2999999999999999,0.25,0.5069444444444444,16.172776620688577,3.677724573883666,20.773463229309982
Malawi,MWI,1998,1241.52433181826,21.8350400834961,31.6595001220703,45.3003137160008,0.475121088003641,10792876.0,7.55092924738369,19.4927025817737,0.125,0.0,0.1875,0.3928570999999999,0.2749999999999999,0.25,0.5555555555555555,16.194396937467182,3.680034813393752,20.430286264730057
Malawi,MWI,1999,1249.77523298871,21.8350400834961,36.4167785644531,45.3003137160008,2.26460373648876,11047804.0,7.5135285458728,19.5355403517942,0.125,0.0,0.21875,0.3928570999999999,0.2749999999999999,0.25,0.5555555555555555,16.21774232366206,3.7241804029662484,8.250901170450106
Malawi,MWI,2000,1239.39174838676,21.8350400834961,31.0989303588867,45.3003137160008,1.02470810251001,11315942.0,7.46932184385657,19.0442214399711,0.125,0.0,0.25,0.3928570999999999,0.2749999999999999,0.25,0.5555555555555555,16.24172317427532,3.693801355078446,-10.383484601950158
Malawi,MWI,2001,1149.58039601898,21.8350400834961,32.2248115539551,45.3003137160008,0.772615057834218,11593058.0,7.37417747380644,17.8929694043274,0.0625,0.0,0.34375,0.3749999999999999,0.2624999999999999,0.1875,0.548611111111111,16.2659171149176,3.687510224445592,-89.81135236777982
Malawi,MWI,2002,1140.84274642418,21.8350400834961,31.3253707885742,45.3003137160008,0.115974414290585,11880440.0,7.32558338695983,19.8051602224861,0.0,0.0,0.4375,0.3571429,0.25,0.125,0.4467592592592592,16.29040399242192,3.6709351041848977,-8.737649594800132
Malawi,MWI,2003,1176.12385998737,21.8350400834961,31.3253707885742,45.3003137160008,1.41089085148224,12181574.0,7.32418089561344,21.1842295520251,0.0,0.0,0.4375,0.3571429,0.25,0.125,0.4444444444444444,16.31543512223099,3.7033626663555452,35.28111356319005
Malawi,MWI,2004,1208.2196975075,21.8350400834961,28.9145393371582,45.3003137160008,2.13119600751874,12500737.0,7.31333986901233,18.4439345804436,0.0,0.0,0.5625,0.3571429,0.35,0.125,0.4444444444444444,16.34129824052974,3.7209556976007283,32.09583752013009
Malawi,MWI,2005,1214.7426419188,21.8350400834961,28.7130393981934,45.3003137160008,2.62567004771803,12840031.0,7.29116665542571,17.5211453129149,0.0,0.0,0.5625,0.3571429,0.35,0.125,0.4444444444444444,16.36807834843482,3.73285622585153,6.522944411299932
Malawi,MWI,2006,1237.27386519947,21.8350400834961,30.5642108917236,45.3003137160008,0.611208219192404,13198701.0,7.28606453983858,19.2118062737994,0.125,0.0,0.6875,0.3928570999999999,0.375,0.4156667,0.4444444444444444,16.395629049388226,3.683461338933885,22.53122328067002
Malawi,MWI,2007,1318.33196397214,21.8350400834961,30.2626094818115,45.3003137160008,1.92814440747221,13576343.0,7.33962384215238,21.2991638406833,0.125,0.0,0.6875,0.4107143,0.425,0.4156667,0.4375,16.423839424408413,3.71602752865193,81.05809877267006
Malawi,MWI,2008,1378.42886690465,21.8350400834961,32.6917381286621,45.3003137160008,2.5237027903489,13976417.0,7.35091784510326,18.9378891840899,0.125,0.0,0.5,0.3928570999999999,0.425,0.421,0.4270833333333333,16.452882038763207,3.7304137394821275,60.09690293250992
Malawi,MWI,2009,1449.72601522136,21.8350400834961,33.3515281677246,45.3003137160008,0.545293920588433,14395788.0,7.38279591587207,18.0681311857964,0.125,0.0,0.5,0.3928570999999999,0.425,0.421,0.4583333333333333,16.48244629122452,3.681803154928739,71.29714831671004
Malawi,MWI,2010,1504.37514113215,21.8350400834961,33.6619814891638,45.3003137160008,0.957814621345542,14826463.0,7.41034226105237,17.9317288193438,0.125,0.0,0.6875,0.3928570999999999,0.425,0.4446666999999999,0.4976851851851852,16.51192425008032,3.692135842707443,54.64912591078996
Malawi,MWI,2011,1533.22889572405,21.8350400834961,34.7371599213107,45.3003137160008,6.97752227761724,15265022.0,7.43000826765297,18.1661996680566,0.125,0.0,0.5625,0.3928570999999999,0.425,0.4446666999999999,0.4861111111111111,16.541074690864686,3.8319007640129046,28.853754591900042
Malawi,MWI,2012,1518.14803849238,21.8350400834961,34.8210140987042,45.3003137160008,-0.101285426070357,15709577.0,7.41200628337524,17.7185220797601,0.125,0.0,0.5625,0.3928570999999999,0.425,0.4526667,0.4629629629629629,16.5697811479996,3.665389917618538,-15.080857231670052
Malawi,MWI,2013,1555.50607410511,21.8350400834961,37.847295845447,45.3003137160008,5.61985138978348,16161816.0,7.43262439071895,17.4239449035616,0.0,0.0,0.625,0.4285714,0.425,0.4499999999999999,0.4583333333333333,16.598162042855343,3.8020408179213705,37.358035612729964
Malawi,MWI,2014,1597.56484331405,21.8350400834961,39.5435659506335,45.3003137160008,6.79541385727369,16621538.0,7.45700723560081,17.2649267145494,0.0,0.0,0.625,0.3928570999999999,0.425,0.4386666999999999,0.4583333333333333,16.626209942382506,3.827946961759794,42.05876920894002
Malawi,MWI,2015,1597.69145324855,21.8350400834961,39.7291461793841,45.3003137160008,3.12107477506801,17085587.0,7.4618491939916,17.556172133103,0.0,0.0,0.5,0.3928570999999999,0.425,0.435,0.4583333333333333,16.653745859093828,3.7446388010441356,0.12660993450003843
Malawi,MWI,2016,1593.59549264808,21.8350400834961,38.1843681335449,45.3003137160008,1.46272973143861,17557739.0,7.46328269252168,17.655842210407,0.0,0.0,0.5,0.3928570999999999,0.425,0.435,0.4583333333333333,16.68100543629395,3.7046391886854457,-4.095960600470107
Malawi,MWI,2017,1613.0593571462,21.8350400834961,39.6154222954854,45.3003137160008,1.0085487596618,18039715.0,7.47607864197338,17.747962478614,0.0,0.0,0.5,0.3928570999999999,0.425,0.433,0.4583333333333333,16.70808632968104,3.693399274165417,19.463864498120074
Malaysia,MYS,1996,17771.7118795056,42.4956253054404,67.9570693969727,181.766982485457,5.03534293107291,20850087.0,33.5326872358579,43.5282108681601,0.375,0.5,0.625,0.5714286,0.525,0.25,0.75,16.85286872682368,3.7889056814364634,
Malaysia,MYS,1997,18604.514527465,43.1143206941216,68.1468505859375,185.66511116237,5.13624115805327,21375218.0,34.9041582468403,44.5735375006654,0.3125,0.5,0.53125,0.55357145,0.4624999999999999,0.25,0.75,16.877742818348647,3.791185433245291,832.8026479593973
Malaysia,MYS,1998,16817.1719190401,26.825729144233,79.0882873535156,209.492202808189,2.99775085201455,21906713.0,33.0434790102773,43.8757533284141,0.25,0.5,0.4375,0.5357143,0.3999999999999999,0.25,0.7314814814814815,16.902303723144577,3.7417186500254975,-1787.3426084248968
Malaysia,MYS,1999,17428.6256563043,21.8912502826136,77.5431137084961,217.570919391949,4.9214666648934,22435531.0,32.9554924589858,46.4590177015866,0.25,0.5,0.5,0.5357143,0.4249999999999999,0.1875,0.6018518518518519,16.92615651005959,3.7863264379395845,611.4537372641971
Malaysia,MYS,2000,18532.9096706227,25.2920165768334,76.4828262329102,220.406788982074,4.03842862393763,22967816.0,33.4351388739869,48.3205714911013,0.25,0.5,0.5625,0.5357143,0.4499999999999999,0.125,0.5833333333333334,16.94960453314419,3.7660969868454064,1104.2840143184003
Malaysia,MYS,2001,18186.4411330146,25.1234475110543,75.6187362670898,203.364636010653,0.597029318252079,23526538.0,33.1074833927324,46.2026949988513,0.1875,0.5,0.625,0.5357143,0.5125,0.1875,0.5648148148148148,16.973639661062144,3.6831048771000927,-346.4685376080997
Malaysia,MYS,2002,18708.8694877279,23.4843285587911,75.0011596679688,199.356232695655,3.16612432250471,24102477.0,31.983268584749,45.1153796974529,0.125,0.5,0.6875,0.5357143,0.575,0.25,0.5555555555555556,16.99782521475187,3.7457033932215804,522.4283547133018
Malaysia,MYS,2003,19329.0062757538,22.4142665765613,80.088996887207,194.195129056831,2.92094209456765,24679602.0,32.0229328319874,46.5786626994835,0.25,0.5,0.625,0.6071428999999999,0.625,0.5,0.5555555555555556,17.02148767097257,3.7398955991555365,620.1367880258986
Malaysia,MYS,2004,20168.5062099425,20.9548400162009,80.5677719116211,210.374265897124,3.50787262049412,25256772.0,30.1257514365518,48.5303176049683,0.25,0.5,0.625,0.6071428999999999,0.625,0.5,0.5925925925925926,17.044604915340127,3.753742747224948,839.4999341887014
Malaysia,MYS,2005,20767.5857243346,22.3035148589531,76.2537536621094,203.854644595624,2.73438734940078,25836071.0,29.7290353840448,46.3683224854575,0.25,0.5,0.625,0.6071428999999999,0.625,0.5,0.6064814814814815,17.06728221293972,3.7354538458317648,599.0795143920986
Malaysia,MYS,2006,21444.4857715028,21.9550121987185,75.8026123046875,202.577146840398,4.72716484834358,26417909.0,30.2585868769536,46.5156572562267,0.25,0.5,0.625,0.6071428999999999,0.625,0.5326666999999999,0.6041666666666666,17.08955274719203,3.781910176165152,676.9000471682011
Malaysia,MYS,2007,22305.118263117,22.4041843268104,74.2519378662109,192.465506357652,4.68684578287436,26998389.0,28.4616445857605,44.5959960321039,0.25,0.5,0.65625,0.6071428999999999,0.625,0.5326666999999999,0.6296296296296297,17.111287792561058,3.780991320603405,860.6324916142003
Malaysia,MYS,2008,22898.0027575442,20.5703234889584,74.8359527587891,176.668324785148,3.28081949125174,27570059.0,28.6735233682948,45.1050654004356,0.25,0.5,0.6875,0.5714286,0.65,0.5453333,0.611111111111111,17.132240959276174,3.748408716840612,592.8844944271987
Malaysia,MYS,2009,22106.6417311801,21.9763571094904,75.0242767333984,162.558970452699,0.056692316075743,28124778.0,27.0122786996455,40.9678238412473,0.25,0.5,0.625,0.5714286,0.65,0.5453333,0.611111111111111,17.15216156068021,3.6694250777014226,-791.3610263640985
Malaysia,MYS,2010,23307.9698543785,22.4353995573594,77.2140274047852,157.944764886771,4.26864663854031,28655776.0,27.6126866890139,40.4989323548818,0.25,0.5,0.6875,0.6428571,0.65,0.5396666999999999,0.611111111111111,17.170865621286968,3.7714105985818147,1201.3281231984001
Malaysia,MYS,2011,24115.8181203958,22.1831391427095,77.5925369262695,154.937684607226,5.07446032143377,29162039.0,28.4457123438212,39.8242687277964,0.25,0.5,0.6875,0.6428571,0.65,0.5396666999999999,0.611111111111111,17.188378421505462,3.7897901389434265,807.8482660172995
Malaysia,MYS,2012,25006.3587781537,25.3634484150354,81.2371978759766,147.841754766013,2.82905738174529,29662831.0,27.5753121325756,40.1350010090069,0.25,0.5,0.6875,0.6428571,0.65,0.5469999999999999,0.611111111111111,17.205405372246748,3.737710346403191,890.5406577578979
Malaysia,MYS,2013,25736.3525554142,26.4770560781611,80.938362121582,142.720991464873,3.49431175959971,30174265.0,27.9426283781274,39.8853736547897,0.375,0.5,0.6875,0.7142856999999999,0.6,0.5496667,0.611111111111111,17.222499999879854,3.753424967267418,729.9937772605008
Malaysia,MYS,2014,26818.4317281659,25.9744966527874,83.2836303710938,138.312231176843,3.14122940365348,30696137.0,27.7466386648955,39.9244244845871,0.375,0.5,0.6875,0.7142856999999999,0.6,0.5496667,0.611111111111111,17.239647406598586,3.7451152269545847,1082.079172751699
Malaysia,MYS,2015,27699.6278860387,25.8656435310901,81.5115814208984,131.37007244526,3.27094402931735,31232798.0,27.5188412788598,38.4497222119902,0.375,0.5,0.6875,0.7142856999999999,0.6,0.5476667,0.611111111111111,17.25697935060338,3.7481760713092593,881.1961578728005
Malaysia,MYS,2016,28425.3707609412,25.5177878242928,79.8283920288086,126.8990100257,4.47130958598651,31789685.0,27.4867972058341,37.6832749440922,0.375,0.5,0.6875,0.7142856999999999,0.6,0.5513333,0.611111111111111,17.274652455518293,3.7760649639023924,725.7428749025021
Malaysia,MYS,2017,29551.5457597197,25.062965299807,78.8863677978516,133.155173371956,2.9358203805856,32355644.0,27.7174531720201,38.114672270307,0.375,0.5,0.6875,0.75,0.625,0.5513333,0.611111111111111,17.292299061369842,3.740248993944037,1126.174998778497
Namibia,NAM,1996,7538.92462342201,20.790361977649,58.3823509216309,96.5442239771745,3.2260875510111,1646103.0,15.0300007283559,21.1979399357399,0.5,0.5,0.75,0.5,0.4499999999999999,0.5,0.875,14.313921841698251,3.7471186633330644,
Namibia,NAM,1997,7656.32512542986,17.3233014637944,59.9309501647949,92.8410903733921,2.18948734194013,1689264.0,15.1568589415769,21.7987010136062,0.4375,0.5,0.59375,0.5,0.4125,0.5,0.7719907407407408,14.339804081055329,3.722365983601326,117.40050200785026
Namibia,NAM,1998,7709.89004370134,20.3560086932669,59.6171989440918,92.1305009296504,2.48462846936643,1732745.0,14.4339914632654,22.6777558253996,0.375,0.5,0.4375,0.5,0.375,0.5,0.6666666666666666,14.36521799130837,3.7294761841477766,53.564918271479655
Namibia,NAM,1999,7773.94354148714,20.3117591384071,61.3067893981934,91.1002051465947,1.32098385387931,1776368.0,13.7511111720494,21.3526121541791,0.375,0.5,0.25,0.5,0.4,0.5,0.6666666666666666,14.39008195122327,3.7011448528313546,64.05349778579966
Namibia,NAM,2000,7858.38789521253,16.5253249746361,63.7193412780762,85.1322442947268,5.00609742133938,1818647.0,13.0939200027898,23.4721656586449,0.375,0.5,0.0625,0.5,0.425,0.5,0.6666666666666666,14.413603925855032,3.78824391908288,84.4443537253901
Namibia,NAM,2001,7786.54169496761,20.8687638156416,67.4832611083984,88.5841018380245,10.6634799262844,1857048.0,13.5874018436326,26.4736692021938,0.3125,0.375,0.25,0.5,0.4125,0.4375,0.6481481481481481,14.434499226631848,3.908740286405246,-71.8462002449196
Namibia,NAM,2002,8017.28134128559,20.0150516311876,66.1111907958984,94.4152228948906,4.40514414376661,1889970.0,14.2386726441668,27.0947589417095,0.25,0.25,0.4375,0.5,0.3999999999999999,0.375,0.5879629629629629,14.452072043002762,3.7745477861989962,230.73964631798026
Namibia,NAM,2003,8237.36597245597,19.1070762255361,65.2594223022461,95.9524743817213,1.32166219939022,1917464.0,14.8932685259878,24.046084192885,0.25,0.25,0.4375,0.5,0.3999999999999999,0.375,0.5833333333333334,14.466514559123455,3.701161604594791,220.084631170379
Namibia,NAM,2004,9130.82442337694,18.5551964998877,64.5331420898438,81.8622605916543,3.38257441805413,1942082.0,15.6798759277016,25.0806097462037,0.25,0.25,0.5,0.4642856999999999,0.425,0.375,0.5601851851851851,14.479271666363976,3.7508027065133986,893.4584509209708
Namibia,NAM,2005,9245.1365329555,18.5929897520353,63.1600494384766,80.6803802939816,5.37845791807398,1966582.0,15.230479956579,24.7834954243766,0.25,0.25,0.5625,0.5,0.4499999999999999,0.5,0.5277777777777778,14.491808076930004,3.7966370952936828,114.3121095785591
Namibia,NAM,2006,9773.29833199798,21.5809448218232,62.1227416992188,86.8339693259998,7.62577614409133,1991888.0,14.9403743395773,30.1227634369521,0.5,0.5,0.8125,0.5714286,0.575,0.5513333,0.5277777777777778,14.504593992682537,3.8458496420658568,528.1617990424802
Namibia,NAM,2007,10162.2400708746,21.7359540685266,62.7577209472656,104.979303758915,7.57033929521728,2018600.0,14.628755038893,31.8127689142862,0.5,0.5,0.8125,0.5714286,0.575,0.5513333,0.5277777777777778,14.51791525517962,3.8446643520791564,388.94173887662146
Namibia,NAM,2008,10286.5124067605,24.9914768196301,62.7577209472656,119.644498184785,8.71835372051848,2047056.0,14.3065615584923,34.1905617107713,0.5,0.5,0.8125,0.5714286,0.575,0.5493333,0.5833333333333334,14.531913709883492,3.8689277405406615,124.27233588589843
Namibia,NAM,2009,10166.2899453939,27.5975136236148,62.7577209472656,123.762844292976,9.27473594549885,2077394.0,13.8573701691241,28.7519450755932,0.5,0.5,0.6875,0.5714286,0.575,0.5493333,0.5833333333333334,14.54662526291823,3.8804784499832956,-120.22246136659851
Namibia,NAM,2010,10614.6201576671,24.9229735192104,68.0998401813149,108.072477173606,2.51525326747705,2109811.0,13.5507413018776,27.429068418358,0.5,0.5,0.6875,0.5714286,0.575,0.5409999999999999,0.6041666666666666,14.562109401956585,3.7302110747910984,448.3302122731984
Namibia,NAM,2011,10965.2729759535,22.3725520036532,72.4541177178611,102.189147754138,6.41681322346953,2146325.0,13.7161290734498,29.3288911804647,0.5,0.5,0.6875,0.5714286,0.575,0.5413333,0.6111111111111112,14.579268101166765,3.819676691098997,350.65281828640036
Namibia,NAM,2012,11266.6089486464,25.747072877261,74.2465574610051,100.2134087743,7.98613044962652,2194654.0,13.88434170649,29.9807546724013,0.5,0.5,0.6875,0.5714286,0.575,0.5413333,0.6111111111111112,14.601535416739429,3.8535202840674563,301.3359726929011
Namibia,NAM,2013,11593.5753768689,31.101729044753,76.142480002464,97.7249042303832,6.45232765797467,2252508.0,14.4430863425725,26.5483435015895,0.5,0.5,0.75,0.5714286,0.575,0.5413333,0.6111111111111112,14.627555264017136,3.8204553930992096,326.9664282224985
Namibia,NAM,2014,11982.6963648348,35.1384333246714,76.7595646559311,103.080137009254,3.58316691192793,2312139.0,14.8319252028987,26.630102972046,0.5,0.5,0.75,0.5714286,0.575,0.5413333,0.6111111111111112,14.653684060574326,3.7555053298832997,389.1209879659
Namibia,NAM,2015,12166.5658392058,30.9877338435542,78.2608012276393,97.2390317873478,7.40068055968424,2374300.0,17.0031930879038,27.5636536225028,0.5,0.5,0.75,0.5714286,0.6,0.5436667,0.6111111111111112,14.680213636342014,3.841028141157574,183.86947437100025
Namibia,NAM,2016,11846.7880832757,21.8257119918373,79.2606097203135,93.966187960162,3.34570437311555,2439213.0,19.3335461984749,27.5134032744188,0.5,0.5,0.75,0.5714286,0.6,0.5436667,0.6111111111111112,14.707186414226461,3.7499359263692553,-319.7777559300994
Namibia,NAM,2017,11408.7253099967,17.9309679447275,79.5334606379175,81.2196661011436,2.17505730200543,2506853.0,17.6271021822091,26.0770180870695,0.5,0.5,0.75,0.5714286,0.575,0.5436667,0.6111111111111112,14.734539138508017,3.7220170520076388,-438.0627732789999
Niger,NER,1996,1239.47664115174,10.9699988705018,6.19324016571045,36.539997643493,0.358757876839845,10044852.0,7.62391622814093,21.1832268463029,0.3333333,0.25,0.6818181999999999,0.1818181999999999,0.3333333,0.0833333,0.3379629629629629,16.12257092197775,3.6770955738878044,
Niger,NER,1997,1217.31253567922,10.4359633046053,6.3285698890686,33.1743453903346,0.827804537088488,10383969.0,7.58096257885527,20.7958859775178,0.16666665,0.25,0.6818181999999999,0.4090908999999999,0.3333333,0.125,0.1944444444444444,16.155773828861744,3.6888908983287156,-22.164105472520077
Niger,NER,1998,1294.16191156539,10.2853747297938,6.22143983840942,35.0196895457842,-0.0667540048083058,10741413.0,7.53223042039444,18.6015467563389,0.0,0.25,0.6818181999999999,0.6363635999999999,0.3333333,0.1666667,0.1944444444444444,16.189617295734603,3.6662733310407876,76.84937588617004
Niger,NER,1999,1247.64712892756,9.34926616353232,6.40421009063721,31.3752367245391,0.0632545894461929,11117411.0,7.4774096615829,17.5650732293517,0.08333335,0.25,0.6969696999999999,0.6363635999999999,0.3333333,0.45833335,0.1944444444444444,16.224023085887044,3.6695923434172295,-46.51478263782997
Niger,NER,2000,1190.56674543223,12.8987592824872,6.30063009262085,34.7127807043604,0.703342920154778,11509630.0,7.43782752239492,18.0983791582371,0.1666667,0.25,0.7121212,0.6363635999999999,0.3333333,0.75,0.25,16.2586947211051,3.6857745427184043,-57.080383495330125
Niger,NER,2001,1233.06511808278,12.9187965036887,6.231369972229,33.0136670843015,0.922420853977935,11920647.0,7.3979283452684,17.2090719474884,0.1666667,0.25,0.7121212,0.61728895,0.39285715,0.70833335,0.25,16.293782580540004,3.6912534860712274,42.49837265054998
Niger,NER,2002,1248.82313660601,13.1124812957632,6.28120994567871,30.8343857497549,0.281340736477619,12349144.0,7.35702298378818,16.5393297044005,0.1666667,0.25,0.7121212,0.5982143,0.452381,0.6666667,0.25,16.32909738787247,3.6751352835006514,15.758018523230021
Niger,NER,2003,1231.2780915085,12.9749705139819,6.86678981781006,33.3827931416238,0.5459244666531,12796984.0,7.31944840165148,17.3087523149077,0.1666667,0.25,0.7121212,0.5982143,0.452381,0.625,0.25,16.364720154269325,3.681819030398262,-17.545045097509956
Niger,NER,2004,1192.0823507557,14.2520471754012,8.35079956054688,36.9641044464896,0.649159742962507,13265836.0,7.28218944840771,17.7534672936549,0.1666667,0.25,0.7121212,0.5982143,0.452381,0.625,0.25,16.40070264194255,3.6844148269086285,-39.19574075280002
Niger,NER,2005,1233.87551052205,18.2210881945706,9.26323986053467,38.3477418070736,1.13506754317922,13756192.0,7.24789370015473,16.3274879150549,0.1666667,0.25,0.6818181999999999,0.5982143,0.452381,0.625,0.25,16.43699968067722,3.69654303316635,41.79315976635007
Niger,NER,2006,1260.12046671298,19.023650215607,10.6787004470825,36.5313731842429,0.847497530197073,14268581.0,7.21409089889163,16.6265686310414,0.3076956999999999,0.4245724999999999,0.6515152,0.5982143,0.7813914,0.354,0.25,16.473570615209326,3.6893830963728584,26.244956190929997
Niger,NER,2007,1252.74827252938,18.8051078635007,10.3014001846313,35.5028028471007,1.72858641411291,14803610.0,7.18125297404061,19.6749864140836,0.348,0.4003333,0.5757576,0.5982143,0.7787499999999999,0.354,0.2662037037037037,16.510381695460968,3.7111603718372397,-7.372194183599959
Niger,NER,2008,1300.55418500177,25.5219399888777,10.6592998504639,39.7112440540383,3.87903143663185,15361915.0,7.16349273402347,21.2545623661563,0.36,0.2583333,0.5606061,0.5982143,0.75625,0.3409999999999999,0.3125,16.547402017487798,3.762401362994339,47.80591247238999
Niger,NER,2009,1277.69230957636,28.4299311788699,11.1999397277832,49.5122567031625,8.62089060209857,15943675.0,7.1420811367675,22.3397565462644,0.25,0.25,0.25,0.5357143,0.3999999999999999,0.1969999999999999,0.3194444444444444,16.584572819544356,3.8668905641872993,-22.861875425410062
Niger,NER,2010,1336.56410237447,31.870470362767,12.8063202484136,51.9459863027627,10.146689915564,16548835.0,7.13570312362932,23.0003411876002,0.25,0.25,0.375,0.5357143,0.4499999999999999,0.3626667,0.3194444444444444,16.621826324987627,3.8983163600745714,58.87179279810994
Niger,NER,2011,1318.10130997844,31.5627689193736,13.6643213754076,50.2463951569345,12.1645061403035,17176283.0,7.12827612984375,22.7795105220039,0.25,0.25,0.5625,0.5357143,0.5,0.472,0.3194444444444444,16.65904015310364,3.9384148442360845,-18.462792396029954
Niger,NER,2012,1403.18971067857,28.8051401650125,14.8037867184503,45.08596447308,8.92367913404553,17836769.0,7.16880842153462,26.5372397334702,0.25,0.25,0.3125,0.3571429,0.3,0.3886667,0.3194444444444444,16.69677261491226,3.8732059240624803,85.08840070013002
Niger,NER,2013,1423.26169034701,29.5948792086768,15.9596510320284,46.2951491493291,7.03516563238375,18519898.0,7.2788239339477,26.0465019475956,0.25,0.25,0.3125,0.3571429,0.3,0.386,0.3194444444444444,16.73435633360372,3.8331490233030574,20.071979668440008
Niger,NER,2014,1462.82122998491,30.7842595780715,17.8459505465436,45.7416008365932,7.57591181433667,19215909.0,7.3853261476647,23.6059602383299,0.25,0.25,0.3125,0.3214286,0.3,0.384,0.3194444444444444,16.771249139693932,3.8447835611130063,39.55953963789989
Niger,NER,2015,1471.66135329224,32.6070143030411,19.6922012498743,44.727430371186,5.46761764113716,19939498.0,7.50446652545395,22.5383286848915,0.25,0.25,0.3125,0.3214286,0.375,0.3783333,0.3194444444444444,16.80821319680619,3.7986363860488046,8.840123307330032
Niger,NER,2016,1500.00858681288,27.0108807832762,22.6700395113082,36.4881092245519,2.89774478323805,20685753.0,7.61469756040317,21.2451950725883,0.25,0.25,0.3125,0.3214286,0.375,0.382,0.3194444444444444,16.844955808748235,3.7393443583934296,28.347233520639975
Niger,NER,2017,1520.0015371232,25.7950329752951,23.7611505662509,39.0711117370149,3.02823024727599,21435446.0,7.73738272444432,21.0721536929256,0.25,0.25,0.25,0.3214286,0.375,0.3753333,0.3194444444444444,16.880556511540654,3.742441156400974,19.99295031032011
Nigeria,NGA,1996,4869.82113341489,21.8350400834961,22.8324108123779,68.6270739127592,0.26881827016538,113754779.0,9.54419300895748,37.4454787243492,0.0,0.0,0.0,0.2857143,0.0999999999999999,0.125,0.4444444444444444,18.549555636890457,3.674817838984873,
Nigeria,NGA,1997,4884.04743279879,21.8350400834961,22.8324108123779,68.6270739127592,0.233794418819082,116754792.0,9.51031795858009,35.2488501000654,0.0,0.125,0.125,0.2857143,0.0999999999999999,0.125,0.375,18.5755865072038,3.6739294489290755,14.226299383900368
Nigeria,NGA,1998,4880.87997128038,21.8350400834961,22.8324108123779,68.6270739127592,0.137154046877584,119846254.0,9.44981317889986,28.7024397281229,0.0,0.25,0.25,0.2857143,0.0999999999999999,0.125,0.25,18.601720270963884,3.6714740368778616,-3.167461518410164
Nigeria,NGA,1999,4781.67311002018,21.8350400834961,22.8324108123779,68.6270739127592,1.69906893526275,123047320.0,9.35105153383933,29.3636932703443,0.0,0.25,0.1875,0.26785715,0.1124999999999999,0.125,0.2638888888888889,18.62807956292679,3.7104384344272185,-99.20686126020064
Nigeria,NGA,2000,4889.00321939426,21.8350400834961,23.9613494873047,68.6270739127592,1.64832098964767,126382494.0,9.44468546500594,33.823003290999,0.0,0.25,0.125,0.25,0.125,0.125,0.3055555555555555,18.654823541162504,3.7091960234312915,107.33010937408017
Nigeria,NGA,2001,5039.54869772676,21.8350400834961,26.3999805450439,68.6270739127592,1.61861555824339,129862595.0,9.51055094379011,28.2762662656489,0.0,0.125,0.15625,0.25,0.1124999999999999,0.125,0.2824074074074074,18.68198749560408,3.7084680583216882,150.54547833250035
Nigeria,NGA,2002,5654.89706065018,21.8350400834961,28.8738098144531,68.6270739127592,1.97158413526786,133471989.0,9.83547318780682,23.0408371863292,0.0,0.0,0.1875,0.25,0.0999999999999999,0.125,0.2222222222222222,18.709402201056726,3.7170838776906114,615.3483629234197
Nigeria,NGA,2003,5905.31482803165,21.8350400834961,28.8738098144531,68.6270739127592,1.91462056992191,137202644.0,10.0081138670062,26.0024149026732,0.0,0.0,0.25,0.2142857,0.075,0.0,0.2222222222222222,18.73696955149589,3.715698433749605,250.41776738147018
Nigeria,NGA,2004,6275.29894529583,21.8350400834961,33.9481201171875,68.6270739127592,1.38037387490881,141057045.0,10.2908376851396,28.390040064544,0.0,0.0,0.25,0.2142857,0.075,0.0,0.2222222222222222,18.764674948081673,3.702610429045954,369.98411726418
Nigeria,NGA,2005,6496.93228200091,21.8350400834961,33.7729187011719,68.6270739127592,2.83629405374322,145017253.0,10.4401672640988,28.2015834476344,0.0,0.0,0.25,0.1785714,0.075,0.0,0.25,18.79236328640918,3.737882626259019,221.63333670508018
Nigeria,NGA,2006,6702.94533358778,21.8350400834961,33.1262817382812,68.6270739127592,2.03575267319875,149077334.0,10.5727952943675,25.7516355955536,0.0,0.0,0.25,0.1785714,0.075,0.1173333,0.2777777777777777,18.819975756107524,3.7186422624215476,206.01305158686955
Nigeria,NGA,2007,6949.42650737506,21.8350400834961,30.4232006072998,68.6270739127592,2.16919536982392,153267261.0,10.7426050541748,24.344717837607,0.0625,0.0,0.3125,0.1785714,0.0999999999999999,0.2006667,0.2777777777777777,18.847693765915224,3.7218752703304285,246.48117378728057
Nigeria,NGA,2008,7215.76946222422,21.8350400834961,33.6112785339355,68.6270739127592,2.41373918254011,157595014.0,10.973269711087,24.7142488981493,0.125,0.0,0.25,0.1785714,0.125,0.2843333,0.2777777777777777,18.875539104177133,3.7277730083878904,266.34295484915947
Nigeria,NGA,2009,7581.40572117009,21.8350400834961,37.1381416320801,68.6270739127592,2.90024873175983,162049464.0,11.2860924114517,21.236761481448,0.125,0.0,0.1875,0.1785714,0.125,0.2843333,0.2777777777777777,18.90341218609621,3.7394038746834495,365.6362589458704
Nigeria,NGA,2010,7962.6395731076,21.8350400834961,41.7837982177734,68.6270739127592,1.64207369186652,166642886.0,11.693850520163,25.3174522378126,0.125,0.0,0.0625,0.1785714,0.125,0.2823333,0.2777777777777777,18.931363679538883,3.709042970350217,381.2338519375098
Nigeria,NGA,2011,8153.53178680367,21.8350400834961,43.0239906311035,68.6270739127592,2.133117701613,171379598.0,12.0198964900238,28.2777998870502,0.0,0.0,0.0625,0.1785714,0.125,0.2943332999999999,0.2777777777777777,18.95939153137289,3.72100222230549,190.89221369607003
Nigeria,NGA,2012,8265.9055121162,21.8350400834961,44.4557914733887,68.6270739127592,1.52378233769127,176200625.0,12.8412813208701,27.0730175029593,0.0,0.0,0.0625,0.1785714,0.125,0.2923332999999999,0.2777777777777777,18.987133824240974,3.706140510525241,112.37372531253004
Nigeria,NGA,2013,8581.207822956,21.8350400834961,52.7967300415039,68.6270739127592,1.06953936497778,181049443.0,13.8414585365112,25.7423212364316,0.0,0.0,0.125,0.1785714,0.0999999999999999,0.209,0.2777777777777777,19.01428072319634,3.694916012356266,315.30231083979925
Nigeria,NGA,2014,8884.77428661657,21.8350400834961,42.7821502685547,68.6270739127592,0.817478467870197,185896915.0,14.0370747834518,24.6436085906069,0.0,0.0,0.125,0.1785714,0.0999999999999999,0.2086666999999999,0.2777777777777777,19.040702862989782,3.6886327162264547,303.56646366057066
Nigeria,NGA,2015,8892.05798706748,21.8350400834961,43.8246917724609,68.6270739127592,0.621501637000126,190671878.0,13.938221168355,20.160782897492,0.125,0.0,0.25,0.1428571,0.175,0.2373333,0.2777777777777777,19.066064597714888,3.6837200389704168,7.283700450909237
Nigeria,NGA,2016,8534.69281513898,21.8350400834961,39.3068084716797,68.6270739127592,0.853395742751916,195443700.0,13.5681320668665,18.17313172689,0.125,0.0,0.25,0.1428571,0.1999999999999999,0.2333333,0.2777777777777777,19.090782921492547,3.689530466581178,-357.36517192849897
Nigeria,NGA,2017,8396.78452274331,21.8350400834961,39.3068084716797,68.6270739127592,0.642182922336257,200254579.0,13.4438107400148,22.3151171946859,0.0,0.0,0.25,0.2142857,0.3,0.2313333,0.2777777777777777,19.115100015061934,3.6842396105799655,-137.9082923956703
Nicaragua,NIC,1996,4311.49316853482,24.3527424512762,46.7293815612793,48.4828382973154,2.78528780163945,4729974.0,17.1997210574905,20.0096187363388,0.25,0.0,0.25,0.4285714,0.375,0.375,0.5787037037037037,15.369430475041886,3.736667712633042,
Nicaragua,NIC,1997,4408.32889987936,24.3527424512762,46.7293815612793,58.0055306487605,4.63328538246985,4809573.0,16.958275036922,19.4364888589049,0.1875,0.0,0.28125,0.4464285499999999,0.3625,0.3125,0.5277777777777778,15.386119072671224,3.7797693930453025,96.83573134453945
Nicaragua,NIC,1998,4502.59836619887,24.3527424512762,46.7293815612793,57.0137150680369,4.70730631064372,4883655.0,17.1538025874522,19.2326445448166,0.125,0.0,0.3125,0.4642856999999999,0.35,0.25,0.5277777777777778,15.401404677661702,3.7814577134550507,94.26946631951068
Nicaragua,NIC,1999,4750.94886822618,24.3527424512762,51.8964805603027,62.5376445208417,6.9460085675925,4954018.0,17.7494135215321,20.2606473106374,0.0625,0.0,0.4375,0.4821428499999999,0.3124999999999999,0.25,0.5277777777777778,15.415709724308705,3.831217679405627,248.35050202730963
Nicaragua,NIC,2000,4878.24776981667,24.3527424512762,53.405029296875,61.2984974600022,5.21568567857809,5022633.0,17.1314731520442,20.1553281368856,0.0,0.0,0.5625,0.5,0.2749999999999999,0.25,0.5277777777777778,15.429465055255593,3.7929767978416686,127.29890159049046
Nicaragua,NIC,2001,4958.32771126837,24.3527424512762,56.3652381896973,57.9801315472268,2.80655753554232,5087825.0,17.1423339115095,21.4993404064897,0.0625,0.0,0.59375,0.4821428499999999,0.3124999999999999,0.3125,0.5092592592592592,15.442361185304119,3.7371745140648427,80.0799414516996
Nicaragua,NIC,2002,4935.48539005128,24.3527424512762,60.6764602661133,58.0912844080785,3.90334311480045,5149909.0,16.8606721849539,21.462279778213,0.125,0.0,0.625,0.4642856999999999,0.35,0.375,0.4513888888888888,15.454489796759061,3.7629659127076596,-22.842321217090102
Nicaragua,NIC,2003,5000.6117655634,24.3527424512762,60.6764602661133,62.1750658877514,3.78225034215297,5210963.0,16.7558156251749,20.5947609449169,0.125,0.0,0.625,0.4642856999999999,0.375,0.5,0.4444444444444444,15.466275425404621,3.760150811326124,65.12637551211992
Nicaragua,NIC,2004,5204.38202801757,24.3527424512762,65.4347305297852,67.195316780004,4.31560328721207,5272912.0,16.9291172795252,21.396991205962,0.125,0.0,0.625,0.4642856999999999,0.375,0.5,0.4444444444444444,15.4780935192299,3.77249093662072,203.77026245416982
Nicaragua,NIC,2005,5356.95850970538,24.3527424512762,68.5747222900391,71.6457237072991,3.81407422484717,5342105.0,18.2528361703461,20.9665631875219,0.0,0.0,0.5,0.4285714,0.375,0.25,0.4444444444444444,15.4911305152107,3.7608914043022033,152.57648168780997
Nicaragua,NIC,2006,5500.40577576797,24.3527424512762,69.0923385620117,87.309670832079,4.24030000066427,5418855.0,17.8218254065589,20.8761042755265,0.0,0.0,0.5,0.4285714,0.375,0.356,0.4444444444444444,15.505395281026697,3.770757858206569,143.44726606259064
Nicaragua,NIC,2007,5697.21109549591,25.6033444308362,72.1754989624023,93.025730229333,5.14186605474194,5497243.0,18.8658225251305,20.7270584901063,0.0,0.0,0.53125,0.3571429,0.325,0.356,0.4444444444444444,15.519757433705603,3.7913123725373485,196.8053197279396
Nicaragua,NIC,2008,5809.09964464617,26.9478632047373,70.7740936279297,96.7939847302055,7.38263377911966,5576593.0,18.1638756120922,21.9642332178631,0.0,0.0,0.5625,0.3571429,0.325,0.369,0.4444444444444444,15.53408875372584,3.840640574357291,111.88854915026059
Nicaragua,NIC,2009,5538.3658931707,20.3151722208419,70.7740936279297,86.9936104453444,5.22852820149836,5656601.0,17.2888637690498,21.0756591800109,0.0,0.0,0.5625,0.3571429,0.325,0.369,0.4444444444444444,15.548333916538239,3.793266077994539,-270.73375147547085
Nicaragua,NIC,2010,5701.12790180564,21.1737341412017,71.3924407958984,100.364058423919,5.59335824334059,5737450.0,17.2962218556913,21.9687134501788,0.0,0.0,0.375,0.3571429,0.325,0.3576667,0.4375,15.562525593009457,3.8014491791053433,162.76200863494068
Nicaragua,NIC,2011,5976.25284495841,24.6137378801078,71.3924407958984,111.827453935999,9.5791738556055,5819051.0,17.4170166794161,23.1571014574195,0.0,0.0,0.375,0.3928570999999999,0.325,0.352,0.4166666666666667,15.57664791984222,3.8867426755051877,275.12494315276945
Nicaragua,NIC,2012,6275.7876907774,28.0647253576682,71.3924407958984,115.177288474198,7.36516075625111,5901287.0,17.5214562915653,24.5476946484698,0.0,0.0,0.375,0.3928570999999999,0.325,0.352,0.3796296296296296,15.590681190135607,3.8402651862160573,299.5348458189901
Nicaragua,NIC,2013,6494.14961103199,28.3444246593661,71.3924407958984,110.984207880382,8.78722600899979,5983845.0,17.5973490684899,25.3876146457155,0.0,0.0,0.5,0.4285714,0.35,0.3486667,0.3611111111111111,15.604574063011174,3.8703648122896275,218.3619202545906
Nicaragua,NIC,2014,6712.21749816316,27.3334223631277,71.3924407958984,106.698200190796,9.06363827053251,6066492.0,17.6450562643793,25.0984490191451,0.0,0.0,0.5,0.4285714,0.35,0.344,0.3611111111111111,15.618291236595546,3.8761116735238277,218.0678871311693
Nicaragua,NIC,2015,6939.03286207731,29.2635345695181,71.3924407958984,98.194164594236,7.58033255797744,6149417.0,17.7292431261366,25.7346979136282,0.0,0.0,0.5,0.4285714,0.325,0.2586666999999999,0.3611111111111111,15.631868001158265,3.844878120905958,226.8153639141501
Nicaragua,NIC,2016,7158.75799760378,27.6439068627152,71.3924407958984,93.8137278130087,7.44462628012218,6232666.0,17.7419415403541,25.7948753609806,0.0,0.0,0.4375,0.4285714,0.35,0.2436666999999999,0.3611111111111111,15.645314889046944,3.8419712774271075,219.72513552646978
Nicaragua,NIC,2017,7391.19683946294,26.7613567520877,71.3924407958984,96.3805864351182,7.51057620596971,6316231.0,17.7333424523565,24.8173354804008,0.0,0.25,0.4375,0.4285714,0.35,0.2386666999999999,0.3611111111111111,15.658633385791992,3.843384987546602,232.43884185916068
Nepal,NPL,1996,2105.50832713857,22.530362014037,43.1790885925293,58.4577686983002,0.423749430010865,22741862.0,26.027971954416,21.4930517891794,0.5,0.375,0.6875,0.5,0.5625,0.5,0.4444444444444444,16.939717969052275,3.678738272319243,
Nepal,NPL,1997,2166.3126334505,21.6724358585877,43.1790885925293,64.0355348949959,0.468752021000606,23219463.0,25.9502152764491,21.4004342044754,0.5,0.375,0.6875,0.5,0.5625,0.5,0.4444444444444444,16.960501450418924,3.679874159265391,60.80430631192985
Nepal,NPL,1998,2188.2220157023,21.7304592065682,43.1790885925293,56.7096012897007,0.247611787038703,23680357.0,25.8658421826715,21.0759693529891,0.5,0.375,0.6875,0.5,0.5625,0.5,0.4444444444444444,16.980156486109042,3.674280024714679,21.909382251799798
Nepal,NPL,1999,2242.65011822095,19.0824942403724,33.1490211486816,52.5669812534353,0.0864397656827156,24125199.0,25.9420636401699,20.4411231566268,0.5,0.375,0.59375,0.47916665,0.5625,0.5,0.4444444444444444,16.9987674953104,3.6701830861821843,54.42810251865012
Nepal,NPL,2000,2340.81563141298,19.3218230879501,34.4201507568359,55.7105890041319,-0.0088242529452383,24546509.0,26.0469211414698,20.7355700311999,0.5,0.375,0.5,0.4583333,0.5625,0.5,0.4444444444444444,17.016080243239806,3.6677535907469436,98.16551319203018
Nepal,NPL,2001,2413.8142127556,19.1951166818665,37.3896903991699,55.7999210803706,0.347091875363344,24946748.0,26.1101888860973,16.6609082977555,0.5,0.375,0.4375,0.4583333,0.53125,0.46875,0.4444444444444444,17.03225407107074,3.676800423200099,72.99858134261967
Nepal,NPL,2002,2380.24424587571,19.5647773499651,41.0556297302246,46.2307185004451,-0.0983748686510898,25328981.0,26.0863983245352,16.9468247421334,0.5,0.375,0.375,0.4583333,0.5,0.4375,0.4444444444444444,17.04745983167162,3.6654644082028027,-33.56996687988976
Nepal,NPL,2003,2439.49479601556,19.9241819389677,42.0749092102051,44.2478836156195,0.233443620739643,25688758.0,26.2170438561494,16.9713000603375,0.5,0.375,0.25,0.4166667,0.4375,0.3125,0.4444444444444444,17.06156406118512,3.6739205468416825,59.25055013985002
Nepal,NPL,2004,2521.54105171428,20.341165051076,42.0749092102051,46.1472867206087,-0.0057375573705338,26016656.0,26.4204926483877,16.6573202744672,0.0,0.25,0.0625,0.3214286,0.25,0.125,0.4444444444444444,17.074247544700842,3.667832402600189,82.04625569871996
Nepal,NPL,2005,2580.23106308364,19.9417385462122,45.098201751709,44.0629474798613,0.030156295078659,26309458.0,26.5530783484872,16.4670892346949,0.0,0.0,0.0625,0.3214286,0.2749999999999999,0.25,0.4444444444444444,17.08543909028131,3.6687484158914105,58.690011369360036
Nepal,NPL,2006,2641.34799494749,20.7208860024095,42.5181617736816,44.7619877569242,-0.073509433259411,26565425.0,26.7607517222647,16.0679668054868,0.3664346,0.1423611,0.1226852,0.4254234,0.3862776,0.3419999999999999,0.4444444444444444,17.095121153876377,3.6661005690754163,61.11693186384991
Nepal,NPL,2007,2708.7143922589,21.0677812172398,42.0970306396484,44.5792750200254,0.0556064154566332,26788492.0,26.9220808503573,15.873140183038,0.2768386,0.251938,0.2383720999999999,0.4267022,0.3491942,0.3419999999999999,0.4444444444444444,17.10348298760561,3.6693973964940647,67.36639731140986
Nepal,NPL,2008,2852.60983167965,21.8775516208999,48.0189094543457,46.0362063511913,0.0079321573519278,26990037.0,27.0918731488652,16.049986636556,0.2928038,0.2001717999999999,0.3611110999999999,0.414417,0.3459723999999999,0.4049999999999999,0.4444444444444444,17.11097839292206,3.6681813534837477,143.89543942075034
Nepal,NPL,2009,2961.83900365912,21.3543437434229,49.2625999450684,47.0794477633688,0.297715388957693,27173035.0,27.4652814849839,15.0668034711092,0.125,0.25,0.1875,0.25,0.1999999999999999,0.3016667,0.4444444444444444,17.11773571605067,3.6755502289541693,109.22917197946981
Nepal,NPL,2010,3085.31407004502,22.2077275326256,55.5892906188965,45.9849057742707,0.548294665887946,27341952.0,27.8928871547682,14.2007622567226,0.125,0.25,0.1875,0.25,0.1999999999999999,0.308,0.4444444444444444,17.12393282050544,3.681878703444334,123.47506638589994
Nepal,NPL,2011,3176.65040602417,23.9823906217099,58.9935111999512,36.296758890097,0.435814930594323,27464494.0,28.1349175388113,13.393470598846,0.125,0.25,0.1875,0.25,0.1999999999999999,0.308,0.4444444444444444,17.128404637551764,3.679042937942721,91.33633597915014
Nepal,NPL,2012,3316.50073452021,23.9904073980284,63.1414794921875,37.921906058758,0.42369151125933,27534915.0,28.2461597376037,13.9771618084251,0.0,0.0,0.1875,0.25,0.1999999999999999,0.3053333,0.4444444444444444,17.130965430011273,3.6787368095905606,139.85032849603977
Nepal,NPL,2013,3426.5579593796,24.7302314405737,65.4935302734375,41.8653757376722,0.334712330597339,27589996.0,28.4222470247151,13.7983375627601,0.125,0.0,0.375,0.1785714,0.25,0.409,0.4444444444444444,17.132963837458416,3.6764871245166053,110.05722485939032
Nepal,NPL,2014,3621.73168937112,25.2520846904925,67.5318298339844,45.9826416115927,0.133746236524448,27672370.0,28.7654562253962,13.5645652301586,0.125,0.0,0.4375,0.1785714,0.1999999999999999,0.2423333,0.4444444444444444,17.13594503656333,3.6713873420220273,195.17372999151985
Nepal,NPL,2015,3745.26182249477,27.5538074614607,68.6131210327148,46.6657303895158,0.213029527712984,27823629.0,29.0678150000097,13.1616546296789,0.125,0.0,0.375,0.1785714,0.1999999999999999,0.2423333,0.4444444444444444,17.141396217615444,3.6734023685854544,123.5301331236501
Nepal,NPL,2016,3743.7445783578,28.7052216904199,71.7744979858398,42.115486124737,0.432212944008614,27955462.0,29.2458220804006,12.6554177701811,0.125,0.0,0.375,0.2142857,0.2249999999999999,0.3286667,0.4444444444444444,17.146123194638047,3.6789519939970314,-1.517244136970021
Nepal,NPL,2017,4071.70431755798,30.5754363978224,74.4113311767578,44.6424106224996,0.677439884182991,28011258.0,29.5331268335257,12.8625858899927,0.125,0.0,0.375,0.1785714,0.2749999999999999,0.3393333,0.4444444444444444,17.148117094458925,3.6851247419538224,327.95973920018014
Pakistan,PAK,1996,3526.14160875155,17.3770725313453,19.8385200500488,38.3301268339895,1.45605449462756,138557092.0,22.3656292645908,21.9943844205166,0.0,0.25,0.125,0.3214286,0.2749999999999999,0.125,0.4768518518518518,18.746793022477483,3.7044749036545292,
Pakistan,PAK,1997,3462.58145605889,16.342998757985,19.8385200500488,36.8522661008964,1.14722858022912,142531804.0,22.8638508564107,21.5572792952471,0.0625,0.25,0.1875,0.33928575,0.3249999999999999,0.125,0.5462962962962963,18.775075725751588,3.696844692567131,-63.56015269265981
Pakistan,PAK,1998,3454.17665330544,15.0446883393535,19.8385200500488,34.011725180531,0.813610045502484,146522356.0,20.7910365631046,22.0530195066132,0.125,0.25,0.25,0.3571429,0.375,0.125,0.5,18.80268858228659,3.6885359771230823,-8.404802753449985
Pakistan,PAK,1999,3484.45678319813,13.9313887010491,19.8385200500488,32.3199628094266,0.84479500663461,150565377.0,20.7906860767509,22.103173212169,0.0625,0.25,0.28125,0.3749999999999999,0.3249999999999999,0.125,0.4722222222222222,18.829907953142147,3.689315565022666,30.28012989268973
Pakistan,PAK,2000,3531.71291531612,14.6006779173585,19.8385200500488,21.4599638884654,0.309595026317044,154879127.0,21.9168001022284,17.1836347813683,0.0,0.25,0.3125,0.3928570999999999,0.2749999999999999,0.125,0.4444444444444444,18.858155551311402,3.675851159763506,47.25613211799009
Pakistan,PAK,2001,3559.72784658715,14.2869087417283,19.8385200500488,23.5772074298467,0.38910658649849,159270907.0,21.9157668668644,17.5934942779914,0.0625,0.25,0.21875,0.3571428499999999,0.2999999999999999,0.1875,0.4398148148148148,18.886117134222577,3.677862990613942,28.014931271030036
Pakistan,PAK,2002,3563.67846926558,13.2524104312207,19.8385200500488,23.1290159545291,0.843517300073237,163222549.0,21.9042034799587,17.1588876671988,0.125,0.25,0.125,0.3214286,0.325,0.25,0.4166666666666667,18.91062516496874,3.689283635776406,3.950622678430136
Pakistan,PAK,2003,3668.77938852508,13.6048655925718,19.8385200500488,24.6501585248398,0.475207711805665,167110248.0,21.9062278779398,17.3885833649452,0.125,0.25,0.125,0.3214286,0.325,0.25,0.4166666666666667,18.934164326214958,3.6800369982252814,105.10091925949973
Pakistan,PAK,2004,3859.64601808903,13.9407707135863,21.7634296417236,24.8083348519064,0.845585701616171,171286000.0,21.4010260296558,18.9071452885794,0.125,0.25,0.125,0.3214286,0.325,0.25,0.4166666666666667,18.958845237829987,3.6893353235831152,190.86662956395003
Pakistan,PAK,2005,4042.15457513378,14.5564437884802,22.6038208007812,29.8784940550747,1.51575083116461,175453212.0,21.4012290263022,19.9330293059047,0.125,0.25,0.125,0.3214286,0.325,0.25,0.4166666666666667,18.98288297273548,3.7059431394524824,182.50855704474998
Pakistan,PAK,2006,4185.86655659206,16.5722141638029,27.2463207244873,33.0497193672284,2.63975006245443,179682690.0,21.8294373303491,20.199119664936,0.125,0.25,0.125,0.3214286,0.325,0.2973332999999999,0.4166666666666667,19.00670302546737,3.7331930250983656,143.7119814582802
Pakistan,PAK,2007,4257.92556870432,15.8259362226991,29.0634307861328,30.7878814312746,3.03571933817685,184493231.0,22.1239222393199,19.9449553163591,0.125,0.25,0.09375,0.3214286,0.3125,0.2556666999999999,0.4421296296296296,19.033123337845193,3.742618603550034,72.05901211225955
Pakistan,PAK,2008,4233.34830715497,16.2864226089835,29.1768093109131,34.3489608135242,2.68936656124595,189499113.0,21.2145848244886,21.1955484525846,0.125,0.25,0.125,0.3214286,0.2749999999999999,0.2266667,0.4444444444444444,19.059894907014083,3.7343789670570517,-24.577261549349714
Pakistan,PAK,2009,4270.43882264229,15.8677374304576,29.0589694976807,33.3268872863988,1.24801305527951,194376534.0,22.1032041109789,20.3372467582902,0.0,0.25,0.1875,0.3214286,0.3,0.2266667,0.4444444444444444,19.0853077379727,3.699341195991063,37.09051548731986
Pakistan,PAK,2010,4228.7817715945,14.2515524271765,29.2962900661933,31.9890020462315,1.02791108080423,199239047.0,22.5749402191579,20.9650197800876,0.0,0.25,0.1875,0.3571429,0.3,0.235,0.4675925925925925,19.110015908000946,3.6938810332111824,-41.65705104778954
Pakistan,PAK,2011,4246.06710882497,12.9216275193967,29.7271460529531,32.3626382751438,0.575055145839944,203746065.0,22.8445876813913,21.1864809532945,0.0,0.25,0.1875,0.3571429,0.2749999999999999,0.235,0.4722222222222222,19.132385001923385,3.682552188619904,17.28533723046985
Pakistan,PAK,2012,4292.02110293486,13.4589869383626,30.6300201416016,31.3189732760076,0.343453048660945,207667125.0,22.8062422172086,21.9583720724829,0.0,0.25,0.1875,0.3571429,0.2749999999999999,0.2356666999999999,0.4722222222222222,19.15144699995918,3.676708342792515,45.95399410989012
Pakistan,PAK,2013,4407.14705841377,13.2723804456408,31.544819132504,30.8902743401844,0.515353849332245,211073978.0,22.9218710481259,20.8910295084645,0.125,0.25,0.1875,0.3214286,0.3,0.238,0.4722222222222222,19.167719241364942,3.681049053477223,115.12595547890942
Pakistan,PAK,2014,4520.23463399286,13.1975542100222,32.6573427323505,29.4698256903998,0.695308116834202,214264647.0,22.8731919147454,20.8659912298838,0.125,0.25,0.25,0.3214286,0.3,0.238,0.4560185185185185,19.18272248183325,3.6855730276795446,113.0875755790903
Pakistan,PAK,2015,4645.28631071145,14.100930545333,34.6741466548496,26.6881860172247,0.557734356032139,217290883.0,24.0196465170967,19.602614668814,0.125,0.25,0.25,0.3214286,0.3,0.2299999999999999,0.4444444444444444,19.19674749312717,3.6821163253831064,125.05167671858999
Pakistan,PAK,2016,4886.61212115378,14.2311450167729,35.8643246680809,24.7015780480573,0.821349998064174,220138869.0,23.5931478863573,18.1501179723214,0.125,0.25,0.25,0.2857143,0.3,0.2276667,0.4444444444444444,19.209769132449225,3.688729523679587,241.3258104423303
Pakistan,PAK,2017,5031.56060738433,14.6228910849517,35.3224248744451,25.472035002344,0.735837049658425,223273967.0,24.2732941155522,18.0993270885214,0.125,0.25,0.25,0.2857143,0.325,0.2253333,0.4444444444444444,19.223910131420755,3.6865890903266165,144.94848623054986
Peru,PER,1996,7437.19257195658,22.2364792118343,69.5675964355469,31.6542040912644,6.282348119331,24811171.0,16.3718720829414,28.8696665339292,0.125,0.5,0.3125,0.6785713999999999,0.35,0.375,0.4166666666666667,17.026804593568784,3.8167228553494916,
Peru,PER,1997,7773.82700600992,23.4995642490559,69.7785491943359,33.4695458506827,3.67902174881379,25274147.0,16.4435068423001,29.3515380394435,0.125,0.5,0.375,0.66071425,0.3249999999999999,0.375,0.4513888888888889,17.04529261310383,3.7577447337298953,336.63443405334056
Peru,PER,1998,7603.80928968867,23.1526699715843,77.4557418823242,32.9530217853936,2.96199214687156,25738095.0,16.247556005804,28.4747764260145,0.125,0.5,0.4375,0.6428571,0.3,0.375,0.5,17.063482786922332,3.740870332931481,-170.0177163212502
Peru,PER,1999,7585.32788841374,21.2376147275093,78.551513671875,33.2057765558493,3.86553540501237,26186504.0,16.0937920705209,28.6013693710666,0.0625,0.375,0.28125,0.625,0.3125,0.3125,0.5,17.080754759698063,3.76208782944594,-18.48140127493025
Peru,PER,2000,7669.0953178046,19.6700704381341,80.8428726196289,35.5380321623178,1.56479019339424,26598331.0,16.0054350329326,29.0341336995526,0.0,0.25,0.125,0.6071428999999999,0.325,0.25,0.5046296296296297,17.09635906501886,3.707147655454924,83.76742939086034
Peru,PER,2001,7611.6662817532,17.9666569877333,83.8087387084961,35.0644014310212,2.19922450158059,26964601.0,15.8454113776061,29.0351564426085,0.1875,0.25,0.25,0.5892857499999999,0.3624999999999999,0.3125,0.5370370370370371,17.110035526770627,3.7226013682685792,-57.429036051400544
Peru,PER,2002,7931.57975039907,16.7309319065239,85.1464004516602,35.2491813317695,3.93562084538866,27288217.0,15.9032494863897,29.4440321551084,0.375,0.25,0.375,0.5714286,0.3999999999999999,0.375,0.4444444444444444,17.12196559190828,3.763714952687621,319.9134686458701
Peru,PER,2003,8174.37942683849,16.9210666692767,78.4806213378906,37.6246103251002,2.27308642513175,27580490.0,15.8858983783921,29.8893494570244,0.375,0.0,0.25,0.5714286,0.3999999999999999,0.375,0.4675925925925925,17.132619232926583,3.7243850936511302,242.79967643942018
Peru,PER,2004,8495.986392858,16.7885581415755,81.8064575195312,41.9360782679273,2.39489207548148,27852190.0,15.9243170434693,32.6500976155483,0.125,0.0,0.3125,0.5714286,0.375,0.375,0.4722222222222222,17.14242219269735,3.727319701956548,321.60696601950985
Peru,PER,2005,8949.95442691077,17.062082002321,82.8499298095703,47.3573174768394,3.39034816926813,28101180.0,15.9956940351609,34.3566674243965,0.125,0.0,0.3125,0.5357143,0.3,0.375,0.4722222222222222,17.151322161890555,3.75098536424305,453.96803405277024
Peru,PER,2006,9547.91327762554,17.7861377815903,85.8261795043945,51.7850560338442,3.91065680458787,28324491.0,16.1603707169499,37.4577549944707,0.25,0.0,0.4375,0.5357143,0.2749999999999999,0.4536667,0.4722222222222222,17.159237430030842,3.7631356840327,597.9588507147691
Peru,PER,2007,10286.3548193625,19.9854235156854,88.9029235839844,55.6881132836815,5.37428655925625,28530699.0,16.3549713647477,37.6989799588981,0.25,0.0,0.46875,0.5535713999999999,0.2749999999999999,0.4536667,0.4722222222222222,17.16649125846528,3.79654346005079,738.4415417369601
Peru,PER,2008,11151.530521564,23.4265803656735,90.2652816772461,58.4337673899053,5.74335697642786,28719041.0,16.4877290783361,36.3269344719167,0.25,0.0,0.4375,0.5714286,0.2749999999999999,0.4603333,0.4722222222222222,17.173070945041996,3.8047943060357174,865.1757022015008
Peru,PER,2009,11204.3768755244,22.1386315989042,93.8280029296875,48.1119296153519,5.32237544034606,28896811.0,16.5852891975862,33.551682543695,0.25,0.25,0.4375,0.6071428999999999,0.325,0.4603333,0.4930555555555556,17.179241835579223,3.795377467751098,52.84635396039994
Peru,PER,2010,12059.0180183322,23.5133786325771,96.13037109375,51.6728089370033,5.73087732837535,29086019.0,17.0032586141996,35.7720066029406,0.25,0.5,0.4375,0.6428571,0.35,0.4633333,0.5,17.18576820433559,3.8045164233383577,854.6411428078009
Peru,PER,2011,12726.5999815198,23.3485326044448,97.5231475830078,55.9882802838607,4.47262658184166,29304086.0,16.7867515721933,37.2361002771383,0.25,0.5,0.4375,0.6071428999999999,0.325,0.4696667,0.4884259259259259,17.19323755231435,3.776095139347052,667.5819631875984
Peru,PER,2012,13395.3993805891,25.0445259194971,96.4381103515625,52.6198952632294,7.36173683394684,29550366.0,17.3881253260053,35.5335533553355,0.25,0.5,0.4375,0.6071428999999999,0.325,0.4656667,0.4537037037037037,17.201606721367007,3.8401916106015017,668.7993990693012
Peru,PER,2013,14052.1376191683,25.3007969740008,101.583869934082,49.7871424471444,4.75734900182415,29817919.0,17.4275297526951,33.8594367461678,0.25,0.5,0.5,0.6071428999999999,0.35,0.4679999999999999,0.4444444444444444,17.210620113023694,3.782597508885621,656.7382385791989
Peru,PER,2014,14244.5660212948,24.5405155067793,99.8733825683594,46.8531210912899,2.12302965027806,30115826.0,16.9700939435403,31.701403934103,0.25,0.5,0.5,0.6071428999999999,0.375,0.4679999999999999,0.4444444444444444,17.220561405480876,3.7207579638592145,192.42840212650117
Peru,PER,2015,14542.7930911313,23.0885681385006,100.251571655273,45.1627686891148,3.86551316954964,30457600.0,17.0712534538066,30.3378798708175,0.25,0.5,0.5,0.6071428999999999,0.375,0.4693332999999999,0.4444444444444444,17.2318461433014,3.7620873128008583,298.22706983649914
Peru,PER,2016,14917.4489473588,21.4469450397426,102.150123596191,45.3888411964154,3.54628188735842,30866494.0,16.6445161065982,30.5565505783828,0.25,0.5,0.5625,0.6071428999999999,0.425,0.4716667,0.4675925925925925,17.245181849377758,3.7546422674096225,374.6558562275004
Peru,PER,2017,15069.5221084659,20.607596923788,101.044578552246,47.5135503619971,3.5133314939664,31324637.0,16.0729121611482,31.2978841231473,0.25,0.5,0.5625,0.6071428999999999,0.425,0.4663333,0.4768518518518518,17.259915502414668,3.7538706398480026,152.07316110710053
Philippines,PHL,1996,4631.77197705972,19.3691805807864,73.7158889770508,63.8553035508774,1.60277940029249,72190242.0,17.3850377004078,35.6640292877993,0.375,0.5,0.6875,0.6428571,0.5499999999999999,0.375,0.5416666666666666,18.09481545622687,3.708079758736861,
Philippines,PHL,1997,4758.70845808515,19.3691805807864,72.8753204345703,77.2286459172662,1.29853131183765,73908810.0,17.4679375258693,35.660668266115,0.375,0.5,0.625,0.6428571,0.5499999999999999,0.375,0.5902777777777777,18.118342607498672,3.7005902281890943,126.93648102543011
Philippines,PHL,1998,4616.67292900617,19.3691805807864,70.5079727172852,80.077201518421,3.0701111773194,75791024.0,17.0827524829953,34.8831650767205,0.375,0.5,0.5625,0.6428571,0.5499999999999999,0.375,0.6620370370370371,18.143490439908398,3.743433082603179,-142.03552907897938
Philippines,PHL,1999,4650.75926947589,19.3691805807864,69.9469299316406,77.1614937122172,2.13567999418902,77753257.0,16.976233553962,33.5507082480636,0.3125,0.5,0.375,0.60714285,0.4749999999999999,0.375,0.6944444444444443,18.169051011682665,3.72106425269613,34.08634046971929
Philippines,PHL,2000,4740.43891694569,19.3691805807864,69.9469299316406,85.1533684600039,1.77722452613512,79625397.0,16.9053571528669,34.9752847681216,0.25,0.5,0.1875,0.5714286,0.3999999999999999,0.375,0.5555555555555556,18.19284367027425,3.7123488251971195,89.67964746980033
Philippines,PHL,2001,4778.4008437474,18.3117584849423,70.5786285400391,84.9003886237531,0.96298544393499,81401488.0,16.4873407415809,34.8976152580491,0.25,0.5,0.34375,0.55357145,0.4249999999999999,0.4375,0.4675925925925925,18.214904123188756,3.6922646847011538,37.96192680171043
Philippines,PHL,2002,4856.49948429567,18.3438642061175,74.9138336181641,83.8448040937789,2.09827504516588,83068889.0,16.2256240546885,34.78343526285,0.25,0.5,0.5,0.5357143,0.4499999999999999,0.5,0.4444444444444444,18.23518082150135,3.7201583363462283,78.09864054826994
Philippines,PHL,2003,5003.38317718716,18.6282779227354,76.8219680786133,87.5746443636636,0.565263243432102,84731835.0,16.2356145915591,34.5405640298629,0.25,0.5,0.25,0.5714286,0.425,0.375,0.4675925925925925,18.255001956770283,3.6823058069005694,146.88369289148977
Philippines,PHL,2004,5229.45080700165,18.5446006809846,78.5408630371094,87.1252848232048,0.623144777963454,86394504.0,16.4755346552149,33.6186962072883,0.25,0.5,0.25,0.5714286,0.3999999999999999,0.375,0.4722222222222221,18.27443463221471,3.6837613291308964,226.06762981448992
Philippines,PHL,2005,5386.81653712891,18.1815181976669,78.3063812255859,83.8456745708051,1.54906009249231,88015962.0,16.4737808765234,33.8136763053241,0.25,0.5,0.25,0.5714286,0.3999999999999999,0.375,0.4861111111111111,18.293028753719174,3.706761447158049,157.36573012725967
Philippines,PHL,2006,5578.57225112139,18.7189130549452,76.9573211669922,80.8505386728775,2.12091886479217,89508986.0,16.5553114873051,33.4625853303804,0.25,0.5,0.25,0.5714286,0.3999999999999999,0.4659999999999999,0.5,18.309849591611815,3.7207068486024713,191.7557139924802
Philippines,PHL,2007,5840.06810169965,18.8739864213654,77.0709991455078,73.6449799920629,1.87121245887706,91075184.0,16.8212414954478,33.000860932449,0.25,0.5,0.25,0.5714286,0.3999999999999999,0.4659999999999999,0.5,18.327195932149728,3.714641389725804,261.4958505782597
Philippines,PHL,2008,5987.03757861835,19.0839168538075,78.008903503418,67.6810707730401,0.737800589215242,92699095.0,16.6743907044337,32.765288410954,0.25,0.5,0.25,0.5714286,0.3999999999999999,0.4539999999999999,0.5,18.344869278600722,3.686638290164554,146.96947691870082
Philippines,PHL,2009,5965.30730902221,18.6154178372915,80.1762771606445,60.8865907869758,1.17324821246427,94384250.0,16.0177091105099,31.5225426812628,0.125,0.5,0.25,0.5714286,0.375,0.4539999999999999,0.5,18.3628847845705,3.6974898145032413,-21.730269596140715
Philippines,PHL,2010,6273.03927731515,20.4021361731953,80.1762771606445,66.1042785137797,0.513698049517659,96337125.0,16.3828363361583,32.3395560456604,0.125,0.5,0.25,0.5714286,0.375,0.4539999999999999,0.5,18.383364326875824,3.68100733219975,307.7319682929401
Philippines,PHL,2011,6388.31296959977,18.9666386616273,80.1762771606445,60.7958366999075,0.856963002985963,98248614.0,16.1063617933783,31.3386827828469,0.125,0.5,0.3125,0.5714286,0.375,0.4539999999999999,0.5,18.403011711922172,3.689619586076391,115.27369228462067
Philippines,PHL,2012,6697.55620962768,19.9300649509853,80.1762771606445,57.8420055133082,1.22763000703119,100175512.0,16.0360685514524,31.3994933632444,0.125,0.5,0.3125,0.6071428999999999,0.375,0.4599999999999999,0.5,18.422434335511554,3.6988367958621637,309.24324002790945
Philippines,PHL,2013,7016.53846470436,20.7830144026363,80.1762771606445,55.8247812320298,1.31642638378197,102076336.0,16.370875903122,30.7754466314331,0.125,0.5,0.3125,0.6071428999999999,0.375,0.4636667,0.513888888888889,18.441231493296232,3.701032298689248,318.9822550766803
Philippines,PHL,2014,7340.361585912,20.8621733408651,81.5640314318642,57.4681720875945,1.92937522802216,103767130.0,16.7792824480067,31.0474444753394,0.125,0.5,0.3125,0.6071428999999999,0.3999999999999999,0.5589999999999999,0.5277777777777778,18.45765982151688,3.7160574745943844,323.8231212076398
Philippines,PHL,2015,7691.76308685047,22.2316433811431,82.0085254812081,59.1415921053094,1.84018010717942,105312992.0,17.0786139842483,30.4819509834967,0.125,0.5,0.3125,0.6071428999999999,0.3999999999999999,0.5613332999999999,0.5277777777777778,18.472447359805635,3.7138850260518494,351.40150093847024
Philippines,PHL,2016,8131.82537948653,24.9966239249849,82.7837574272484,61.7760657653871,2.59850803494211,106735719.0,17.8383742084965,30.2859171672694,0.125,0.5,0.25,0.5714286,0.375,0.5646667,0.5277777777777778,18.485866430633134,3.732206179632426,440.0622926360602
Philippines,PHL,2017,8584.13622709699,25.6429281897957,80.9227600097656,68.1683697426727,3.12238778404896,108119693.0,18.6636563552646,30.1265505767725,0.125,0.5,0.4375,0.5714286,0.35,0.4736667,0.5277777777777778,18.498749449179837,3.744669845566858,452.31084761045895
Papua New Guinea,PNG,1996,4167.03622077872,17.2294523672863,19.9277896881104,107.803352613066,2.13047333489178,4813361.0,9.47838569307076,34.8109555977453,0.25,0.25,0.25,0.2857143,0.2749999999999999,0.375,0.5833333333333334,15.38690635842178,3.72093820095181,
Papua New Guinea,PNG,1997,3864.23030411237,15.2804169727103,19.9277896881104,99.2079750268377,0.573526453442751,4987883.0,8.83901038145092,29.8025312164529,0.1875,0.25,0.25,0.26785715,0.2624999999999999,0.3125,0.5717592592592592,15.42252232969769,3.68251372799269,-302.8059166663502
Papua New Guinea,PNG,1998,3590.10012280793,13.976935004357,19.9277896881104,102.860932133887,2.88798382712168,5166390.0,8.32102194756559,31.3547593418422,0.125,0.25,0.25,0.25,0.25,0.25,0.5555555555555555,15.457684936959236,3.7391123166468603,-274.13018130444016
Papua New Guinea,PNG,1999,3531.659532466,12.1023255023674,19.9277896881104,116.006802066106,8.57120177875045,5349333.0,8.25231249629807,35.086427584332,0.125,0.25,0.28125,0.26785715,0.25,0.25,0.5046296296296297,15.492482625141857,3.8658503678154696,-58.44059034192969
Papua New Guinea,PNG,2000,3326.79859970528,20.4163848887611,19.9277896881104,115.421837958873,2.74030313917345,5537064.0,7.92121033563129,39.3290741387457,0.125,0.25,0.3125,0.2857143,0.25,0.25,0.3981481481481482,15.526975134945157,3.735595000448736,-204.86093276072006
Papua New Guinea,PNG,2001,3211.75932963208,21.1598107018843,19.9277896881104,117.580367053663,2.05072450909515,5728435.0,7.63160980257225,38.4906168540731,0.125,0.25,0.3125,0.2857143,0.25,0.25,0.3425925925925925,15.560953102044278,3.7190055163849585,-115.03927007319999
Papua New Guinea,PNG,2002,3100.79509952543,19.4233881000386,19.9277896881104,118.919110291279,0.672123736108209,5924003.0,7.35310172833299,34.9054094633435,0.125,0.25,0.3125,0.2857143,0.25,0.25,0.3333333333333333,15.594523129589044,3.684991329399746,-110.96423010665012
Papua New Guinea,PNG,2003,3064.44402995345,18.1519365579371,19.9277896881104,123.449069006746,4.76766811241029,6123997.0,7.26654064701312,35.2516732907512,0.125,0.25,0.3125,0.2857143,0.25,0.25,0.3333333333333333,15.627725709175726,3.7828323802326898,-36.35106957198013
Papua New Guinea,PNG,2004,3046.33289602666,18.133666800386,19.9277896881104,131.082911016249,0.828665064000147,6328041.0,7.20525662812185,36.990625566481,0.0,0.25,0.25,0.25,0.3,0.25,0.3333333333333333,15.660501425575742,3.6889124110239075,-18.11113392678999
,PNG,2005,3124.41010014527,18.133666800386,19.9277896881104,131.082911016249,1.1836299082010535,6537880.5,7.36050307340097,36.17812293185035,0.0625,0.25,0.25,0.375,0.3625,0.359,0.3472222222222222,15.692608400892555,3.6977084142982064,78.0772041186101
Papua New Guinea,PNG,2006,3202.48730426388,18.133666800386,19.9277896881104,131.082911016249,1.53859475240196,6747720.0,7.51574951868009,35.3656202972197,0.125,0.25,0.25,0.5,0.425,0.4679999999999999,0.3611111111111111,15.724715376209367,3.7065044175725053,78.0772041186101
Papua New Guinea,PNG,2007,3345.85030363442,18.133666800386,19.9277896881104,131.082911016249,1.36861708392094,6963345.0,7.77604503815297,34.5397977398031,0.125,0.25,0.28125,0.5,0.425,0.4679999999999999,0.3611111111111111,15.756170663915162,3.702320475462453,143.3629993705399
Papua New Guinea,PNG,2008,3233.91811872812,18.133666800386,19.9277896881104,131.082911016249,0.410070468415145,7183002.0,7.42533347957142,34.3859870110461,0.125,0.25,0.3125,0.5,0.425,0.4679999999999999,0.3611111111111111,15.787228098709642,3.678392752928982,-111.93218490629988
Papua New Guinea,PNG,2009,3349.64345389883,18.133666800386,19.9277896881104,131.082911016249,3.61496051286185,7406438.0,7.54303186091638,29.7716417489587,0.125,0.25,0.3125,0.5,0.425,0.4679999999999999,0.3611111111111111,15.817860314961417,3.756248662268989,115.72533517070997
Papua New Guinea,PNG,2010,3579.17141222267,18.133666800386,19.9277896881104,131.082911016249,0.249749808529939,7633523.0,7.5159086334611,33.1688098579341,0.125,0.25,0.3125,0.5,0.425,0.4679999999999999,0.4027777777777778,15.848060157710348,3.674334259852689,229.5279583238398
Papua New Guinea,PNG,2011,3514.83277391807,18.133666800386,19.9277896881104,131.082911016249,0.202496658911332,7859346.0,7.15676102368444,31.3362203529409,0.125,0.25,0.3125,0.5,0.425,0.4606667,0.4166666666666667,15.87721408207374,3.6731349039457495,-64.33863830459995
Papua New Guinea,PNG,2012,3577.4517726759,18.133666800386,37.0596555013801,131.082911016249,0.135226482435046,8081390.0,7.05907068567581,27.5731803314458,0.125,0.25,0.3125,0.5,0.425,0.4606667,0.4166666666666667,15.905074569145917,3.6714250004710034,62.61899875783001
Papua New Guinea,PNG,2013,3615.28323843913,18.133666800386,37.0596555013801,131.082911016249,0.126069328063533,8302698.0,7.02188978423923,26.5405471816928,0.125,0.25,0.4375,0.5357143,0.425,0.4619999999999999,0.4166666666666667,15.932091200629925,3.671192013567932,37.83146576322997
Papua New Guinea,PNG,2014,3998.61805004308,18.133666800386,37.0596555013801,131.082911016249,0.126824295087963,8523441.0,7.8594013309283,32.7848336169925,0.125,0.25,0.4375,0.5357143,0.4499999999999999,0.5343333,0.4305555555555555,15.958330807833592,3.671211224364708,383.33481160395013
Papua New Guinea,PNG,2015,4154.52332559184,18.133666800386,37.0596555013801,131.082911016249,0.138228028178879,8743246.0,8.0620626149653,34.8049301310481,0.125,0.25,0.375,0.5,0.425,0.5343333,0.4444444444444444,15.983792188936338,3.6715013574552122,155.90527554876007
Papua New Guinea,PNG,2016,4275.74858615698,18.133666800386,37.0596555013801,131.082911016249,-0.188417025477419,8961718.0,8.11289621736575,34.7299715804552,0.125,0.25,0.375,0.5,0.3999999999999999,0.5343333,0.4444444444444444,16.008472619228314,3.6631573646405555,121.22526056514016
Papua New Guinea,PNG,2017,4322.22282084806,18.133666800386,37.0596555013801,131.082911016249,-0.788236305745218,9178714.0,8.080284330864,36.3598597357265,0.125,0.25,0.375,0.5,0.3999999999999999,0.5343333,0.4444444444444444,16.032397774585302,3.6476515680740103,46.4742346910798
Paraguay,PRY,1996,10825.2874881089,19.5250814769698,46.9779205322266,103.035267206036,1.42822235904122,4687543.0,18.8538264645439,31.4493057482251,0.125,0.0,0.25,0.25,0.3,0.375,0.5,15.360419335883416,3.703789632709209,
Paraguay,PRY,1997,11033.0157241318,19.1714570335291,50.4627914428711,95.9342762479745,2.3170574100351,4794412.0,18.722274557724,31.1785640245962,0.0625,0.0,0.25,0.25,0.2875,0.3125,0.4652777777777777,15.382961839619183,3.725445460210002,207.7282360229001
Paraguay,PRY,1998,10802.5597410663,16.6428852631057,54.6340599060059,101.606320138559,3.6779944686054,4900025.0,18.3305113323388,32.9920082544748,0.0,0.0,0.25,0.25,0.2749999999999999,0.25,0.4166666666666667,15.404751069189226,3.757720760512455,-230.45598306549982
Paraguay,PRY,1999,10435.3986807111,15.9277856934993,61.2352600097656,77.5552756906357,0.986752370140912,5003135.0,17.8852462880865,35.128827047079,0.0,0.0,0.15625,0.25,0.2749999999999999,0.25,0.3657407407407407,15.425575473790659,3.6928566745832803,-367.1610603551999
Paraguay,PRY,2000,9998.5928544516,15.4396190485206,64.4096298217773,78.6447297611485,1.21729436901028,5100868.0,16.0268940355888,35.5635329986887,0.0,0.0,0.0625,0.25,0.2749999999999999,0.25,0.3611111111111111,15.444921475336322,3.698580932301204,-436.80582625950046
Paraguay,PRY,2001,9749.25865842257,15.6186328134319,68.1916809082031,72.6056990118238,1.16763488895181,5187689.0,15.7514142035319,38.5619118460378,0.0,0.0,0.03125,0.25,0.2499999999999999,0.25,0.3518518518518518,15.461799069356381,3.6973506748672897,-249.33419602902904
Paraguay,PRY,2002,9610.74777842153,15.1959191892824,69.8106307983398,79.4415656482927,1.25620797120523,5261328.0,15.5901638941506,42.1710275465435,0.0,0.0,0.0,0.25,0.2249999999999999,0.25,0.2592592592592592,15.475894214397284,3.6995439161851746,-138.51088000104028
Paraguay,PRY,2003,9903.45028992176,17.7461734755594,67.5210266113281,81.1273637701163,-0.750191694990596,5326436.0,15.9912235231625,40.2733826715247,0.0,0.0,0.0,0.25,0.2249999999999999,0.25,0.25,15.48819309230926,3.6486422245002346,292.7025115002307
Paraguay,PRY,2004,10187.194394255,18.3035266148838,68.885986328125,80.1044466155542,0.976461922292792,5388175.0,16.643950290812,38.4052880586144,0.0,0.0,0.5,0.25,0.2749999999999999,0.25,0.25,15.499717481160783,3.6926004017044636,283.7441043332401
Paraguay,PRY,2005,10290.100822296,19.1467974071334,68.879280090332,85.0219636540457,0.067986029076693,5448097.0,15.7817043530633,39.2893886541103,0.125,0.25,0.5,0.2857143,0.3,0.375,0.25,15.510777114902268,3.669712925675544,102.90642804100025
Paraguay,PRY,2006,10672.9933252383,19.2755065466128,68.669563293457,84.7335313048126,1.39842122336644,5505148.0,16.8704715038543,38.3057903240628,0.25,0.25,0.5625,0.3928570999999999,0.375,0.4553333,0.25,15.521194394075993,3.7030553609073085,382.89250294229896
Paraguay,PRY,2007,11141.8704701878,17.8836584721614,69.0111694335938,79.0011374202968,0.588024684579866,5559386.0,18.249901656358,37.1011236408528,0.25,0.25,0.5625,0.3928570999999999,0.375,0.4553333,0.25,15.530998408350028,3.682878431912183,468.8771449494998
Paraguay,PRY,2008,11751.1391651711,18.9270603992875,70.5332565307617,80.7775746572591,1.83503669212255,5613574.0,19.0541054232134,36.7688484491586,0.25,0.25,0.5625,0.3928570999999999,0.375,0.4633333,0.25,15.540698329440156,3.713759608293983,609.2686949833005
Paraguay,PRY,2009,11601.2854565092,18.5322818455041,71.5204086303711,70.8419818624334,0.860674450934396,5671236.0,17.6835306626184,37.38083932116,0.25,0.25,0.5625,0.3928570999999999,0.375,0.4633333,0.25,15.550917817694073,3.689712299328472,-149.85370866189987
Paraguay,PRY,2010,12738.5765601697,21.2916134287483,73.1651100594436,81.2575233746789,2.76173378510708,5737971.0,19.1951784730766,34.6039155110683,0.25,0.25,0.5625,0.3928570999999999,0.375,0.4633333,0.2708333333333333,15.5626163957625,3.7361061829271116,1137.2911036605
Paraguay,PRY,2011,13109.4665717904,20.9477801569282,75.882698059082,78.4921238489902,1.95875255092925,5814626.0,17.8201624877357,34.0345623930043,0.25,0.25,0.5625,0.3928570999999999,0.375,0.4633333,0.2777777777777777,15.57588719742356,3.716771960725865,370.89001162070053
Paraguay,PRY,2012,12834.8015915131,19.536014511612,82.8002090454102,74.7649574561086,2.61172771954696,5897008.0,16.8787508405536,34.5140981436728,0.25,0.25,0.5625,0.3928570999999999,0.375,0.4586667,0.2777777777777777,15.58995583118124,3.732522608306419,-274.66498027730086
Paraguay,PRY,2013,13700.7030515391,19.0570473119846,82.8002090454102,73.369871384133,1.13236628162524,5982445.0,17.4709393744846,33.232924993924,0.125,0.25,0.5,0.3928570999999999,0.3999999999999999,0.4586667,0.2777777777777777,15.604340072397141,3.696476014937093,865.9014600259998
Paraguay,PRY,2014,14219.3544308099,19.777462531577,82.8002090454102,69.0837249630891,2.5135375460501,6069811.0,19.1330366310391,33.6080758464952,0.125,0.25,0.5,0.3928570999999999,0.3999999999999999,0.4586667,0.2847222222222222,15.618838190562629,3.7301699176095964,518.651379270801
Paraguay,PRY,2015,14427.6002349811,19.3997932117964,82.8002090454102,66.9150655259457,2.22350808882639,6159103.0,19.7376851684197,34.582253753407,0.125,0.25,0.5625,0.4285714,0.3999999999999999,0.5443333,0.3055555555555555,15.63344187038471,3.723188154864438,208.24580417119978
Paraguay,PRY,2016,14826.6636909978,19.0796183746636,81.8651046483746,67.7593152322119,2.27032682691763,6249126.0,19.4250659381741,34.4967803217785,0.25,0.25,0.5625,0.4642856999999999,0.4499999999999999,0.5423333,0.3090277777777777,15.647952331956425,3.7243185080355135,399.0634560167
Paraguay,PRY,2017,15320.3366476954,19.1922400182251,81.8651046483746,71.0801344038459,1.9468132140751,6338660.0,19.5067195196682,34.3937589134318,0.25,0.25,0.5625,0.4642856999999999,0.4499999999999999,0.5436667,0.3472222222222221,15.662178105369644,3.716481645581142,493.67295669759915
West Bank and Gaza,PSE,1996,3932.22694732854,34.6286954481464,67.3162078857422,89.2685358986391,5.19709056780854,2587997.0,27.2079564723054,26.5896292820272,0.25,0.25,0.25,0.2916667,0.5625,0.25,0.4444444444444444,14.766395161805102,3.7925577912459225,
West Bank and Gaza,PSE,1997,4311.53876740636,32.7650406936539,69.5173492431641,90.3372519814884,4.33533698600989,2706518.0,27.5137745578137,23.2299590403745,0.25,0.25,0.25,0.2916667,0.5625,0.25,0.4444444444444444,14.811173865331236,3.7729446044483663,379.31182007782036
West Bank and Gaza,PSE,1998,4805.19156878644,32.1082649097792,69.5173492431641,88.9915925070062,5.13725120968612,2776568.0,28.012709061532,22.9804808495993,0.25,0.25,0.25,0.2916667,0.5625,0.25,0.4444444444444444,14.836726550786667,3.791208228671231,493.65280138007984
West Bank and Gaza,PSE,1999,5071.82121719043,39.3800337141787,73.5706024169922,96.3452893800337,4.44188476235941,2848431.0,28.4667412371026,24.7448023974527,0.25,0.25,0.25,0.2916667,0.5625,0.25,0.4444444444444444,14.862279225404196,3.775390535062404,266.62964840398945
West Bank and Gaza,PSE,2000,4520.88992531975,30.642618694362,76.0071334838867,87.6390949554896,1.43744162248919,2922153.0,27.1934299465025,21.4924888724036,0.25,0.25,0.25,0.2916667,0.5625,0.25,0.4444444444444444,14.887831573531647,3.704016677489896,-550.9312918706801
West Bank and Gaza,PSE,2001,3996.50878001821,29.0531258585808,78.0870895385742,82.7259784699153,0.478966972250668,2997784.0,26.3065623011224,24.0227789294902,0.25,0.25,0.25,0.3125,0.53125,0.28125,0.4444444444444444,14.913384240596756,3.6801318099540135,-524.3811453015396
West Bank and Gaza,PSE,2002,3409.17287422698,25.3810675516058,80.3683166503906,76.2528826143203,0.265481748129816,3075373.0,22.530778627806,20.0686202823556,0.25,0.25,0.25,0.3333333,0.5,0.3125,0.4444444444444444,14.938937077843171,3.6747332411480893,-587.3359057912298
West Bank and Gaza,PSE,2003,3788.92652721128,27.9460685483871,83.0590972900391,76.398689516129,0.324395161290323,3154969.0,23.9194318262962,23.1905241935484,0.25,0.25,0.375,0.2916667,0.5625,0.3125,0.4444444444444444,14.964489545195919,3.6762259449483126,379.7536529842996
West Bank and Gaza,PSE,2004,4503.08034061409,24.1489431035606,86.8646087646484,81.1235906237101,0.445786535161087,3236626.0,23.0679140029838,19.9887032651908,0.3939394,0.4242423999999999,0.4393939,0.3569024,0.530303,0.3636363999999999,0.4444444444444444,14.990042296117503,3.6792946606182477,714.1538134028106
West Bank and Gaza,PSE,2005,4885.07252184444,23.8601556860526,88.3457794189453,83.8363540589578,0.707064400959869,3320396.0,24.4951026986817,20.9844509042667,0.25,0.25,0.375,0.3333333,0.5,0.4375,0.4444444444444444,15.015594912057008,3.685867864704529,381.99218123035007
West Bank and Gaza,PSE,2006,4714.37331793342,20.9524521810669,90.0953369140625,82.6374735897388,0.347548940784922,3406334.0,22.4208152995098,18.3553652562497,0.225014,0.4832896,0.3125,0.3333333,0.6428121,0.601,0.4444444444444444,15.041147491210783,3.676811988628399,-170.69920391102005
West Bank and Gaza,PSE,2007,4769.52328096801,19.9580446034011,90.4300994873047,91.9992434272745,0.33694998022594,3494496.0,22.5595685540968,17.5679625840398,0.592,0.5956667,0.25,0.25,0.6457499999999999,0.601,0.4444444444444444,15.066700003407036,3.676543761708939,55.149963034589746
West Bank and Gaza,PSE,2008,4984.80579890695,17.9675530750711,89.9040603637695,79.4799190194791,0.70458524841322,3591977.0,21.9521882867495,17.336944626833,0.36,0.505,0.25,0.2916667,0.6525,0.583,0.4444444444444444,15.094213583663867,3.685805697022407,215.28251793894015
West Bank and Gaza,PSE,2009,5270.66331643219,18.1938483990254,90.0118637084961,75.1511928466305,3.7160419011341,3689099.0,22.6826616185945,17.5581582299615,0.5,0.5,0.25,0.5714286,0.425,0.2776667,0.4444444444444444,15.120893083828648,3.7586082745466607,285.8575175252399
West Bank and Gaza,PSE,2010,5432.24363072522,18.8493518566338,89.1773371332236,68.4976501575169,1.85860711452246,3786161.0,22.899446923315,18.6262459329649,0.5,0.75,0.1875,0.6785713999999999,0.475,0.348,0.4444444444444444,15.146863399059427,3.714334223716767,161.58031429302991
West Bank and Gaza,PSE,2011,5805.32115329251,21.0770509829163,88.2808414383622,67.2495329024414,2.13515604683715,3882986.0,23.8236203827054,18.9342129964867,0.25,0.5,0.0625,0.6428571,0.375,0.249,0.4444444444444444,15.17211526078134,3.7210515687983845,373.07752256728963
West Bank and Gaza,PSE,2012,6009.10925822042,20.4711510107795,88.0041466962408,66.9293273483831,0.515918270255689,3979998.0,24.7180090452297,20.2360669702828,0.25,0.5,0.0625,0.5357143,0.375,0.2433333,0.4444444444444444,15.196792126004308,3.68106327482396,203.78810492791035
West Bank and Gaza,PSE,2013,6142.20204342591,21.7246864710887,87.7419851728182,66.2713181162369,1.40253913684002,4076708.0,25.8712880072103,18.5586918722948,0.25,0.5,0.0625,0.5357143,0.375,0.2433333,0.4444444444444444,15.220800603242228,3.7031568545098623,133.09278520549015
West Bank and Gaza,PSE,2014,5990.42661523778,21.1612829438801,87.618042824034,67.7398371659149,1.14163752860063,4173398.0,25.9153538838698,17.9717935338142,0.25,0.5,0.0625,0.5357143,0.3999999999999999,0.324,0.4444444444444444,15.244241369668607,3.6967060155903915,-151.7754281881298
West Bank and Gaza,PSE,2015,6072.65031768549,23.6509117975437,88.3909219114319,70.7809681944405,0.751035803856381,4270092.0,26.6156033072998,16.4252383269875,0.25,0.5,0.0,0.5357143,0.35,0.2356666999999999,0.4444444444444444,15.267146164827114,3.6869698579446553,82.22370244770991
West Bank and Gaza,PSE,2016,6464.13352537371,23.9773066587041,88.6612882360835,65.4225141833383,1.92447798073354,4367088.0,27.945482014435,17.2627779869396,0.375,0.5,0.0,0.5714286,0.3999999999999999,0.2329999999999999,0.4444444444444444,15.28960721238368,3.71593831894088,391.4832076882194
West Bank and Gaza,PSE,2017,6426.79521615335,26.000744047619,89.7461522132674,68.4486607142857,1.14056698202946,4454805.0,28.4083142320202,19.2317708333333,0.375,0.5,0.0,0.5714286,0.3999999999999999,0.2319999999999999,0.4444444444444444,15.309494071361987,3.696679460223415,-37.338309220359406
Rwanda,RWA,1996,888.131009878549,14.3704263730672,7.50258016586304,32.2300658207659,0.160597843045858,6708764.0,4.7677793706055,18.0858143118481,0.25,0.25,0.25,0.25,0.25,0.125,0.4444444444444444,15.718925438356646,3.6720702445369264,
Rwanda,RWA,1997,874.694728296322,13.8097794362117,7.50258016586304,33.4674605100182,0.139882181600427,7755238.0,4.89121473788347,18.6100661259461,0.25,0.25,0.25,0.25,0.25,0.125,0.4444444444444444,15.863879172944449,3.671543435337138,-13.436281582227025
Rwanda,RWA,1998,913.71963460585,14.8076611218115,7.50258016586304,28.7944635910011,0.356901652992421,8081681.0,4.96777416850018,18.7027196430495,0.25,0.25,0.25,0.25,0.25,0.125,0.4444444444444444,15.905110577150092,3.67704861711655,39.02490630952809
Rwanda,RWA,1999,945.733218859969,11.9734139200974,7.50258016586304,27.3335364212359,0.0806635452643209,8147912.0,5.01018532657913,18.3717229844475,0.25,0.25,0.25,0.25,0.25,0.125,0.4444444444444444,15.913272378804965,3.6700359445915733,32.013584254118996
Rwanda,RWA,2000,1016.66199090104,12.2911723538114,10.2389402389526,27.4848638250445,0.391524366669991,8213931.0,5.07855370532945,16.8199894205861,0.25,0.25,0.25,0.25,0.25,0.125,0.4444444444444444,15.921342294915554,3.677924102816869,70.92877204107094
Rwanda,RWA,2001,1093.18409838429,12.7844289211049,11.1507501602173,29.1989094376925,0.940709512317624,8287094.0,5.18563368141458,16.4383277981487,0.25,0.25,0.25,0.25,0.25,0.125,0.4444444444444444,15.930210043503857,3.691709514373945,76.52210748325012
Rwanda,RWA,2002,1220.7394919553,12.6161021461481,12.1046600341797,27.6094381162173,0.0762969152415173,8400180.0,5.34285063168204,16.3918384200183,0.25,0.25,0.25,0.25,0.25,0.125,0.4444444444444444,15.943763811200443,3.6699246960837746,127.55539357100997
Rwanda,RWA,2003,1220.49916686742,13.1689898461308,13.584939956665,29.3106242354101,0.219807223769547,8586875.0,5.75204771845288,14.2873220806925,0.25,0.25,0.4375,0.2916667,0.3125,0.1875,0.4444444444444444,15.965745549117145,3.6735744390556704,-0.2403250878801373
Rwanda,RWA,2004,1277.19280440829,14.3572006203523,15.3283996582031,33.4616731030871,0.324006427230548,8816844.0,6.28124433392908,14.5850139685545,0.3131313,0.3232323,0.4444443999999999,0.3468013,0.4191919,0.2525253,0.4444444444444444,15.992174654239014,3.6762161027958338,56.693637540869986
Rwanda,RWA,2005,1360.29587570276,15.1471395794747,16.4831008911133,34.2165383418652,0.271318643761601,9054528.0,6.90167073315931,14.9498202744611,0.25,0.25,0.4375,0.2916667,0.3125,0.3125,0.4444444444444444,16.018775632485728,3.6748812315067343,83.10307129447006
Rwanda,RWA,2006,1446.71094686551,14.6756752242305,18.1992893218994,33.2214370724059,0.923071050017332,9299246.0,7.58169506319415,15.8329921631119,0.375,0.25,0.4375,0.4642856999999999,0.425,0.294,0.4444444444444444,16.045443987103486,3.691269702296845,86.41507116275011
Rwanda,RWA,2007,1516.26750609323,16.2864963533095,20.3850002288818,35.9709731972278,2.02144725253631,9549933.0,8.34757035927484,16.7334821839077,0.375,0.25,0.5625,0.4642856999999999,0.425,0.294,0.4444444444444444,16.072044801438267,3.7182950540311195,69.55655922771984
Rwanda,RWA,2008,1641.77767401672,20.6175261375337,22.1014308929443,37.6045108548055,1.97476605952382,9804269.0,9.11025686416649,16.2638385339331,0.375,0.25,0.5625,0.4642856999999999,0.4499999999999999,0.2903332999999999,0.4444444444444444,16.09832856303061,3.717161210542727,125.51016792349014
Rwanda,RWA,2009,1699.94452992694,20.2783517973557,26.5538196563721,36.8056280084816,2.0912940636988,10060432.0,9.87457991833873,15.6885811871245,0.375,0.25,0.5625,0.3928570999999999,0.35,0.207,0.4444444444444444,16.1241207634591,3.7199891719430616,58.166855910219965
Rwanda,RWA,2010,1779.15851051568,19.8702412861231,32.4029083251953,37.2788790923351,3.52981463633808,10317553.0,10.7568709646393,16.328981915635,0.375,0.25,0.5625,0.3928570999999999,0.325,0.1916667,0.4444444444444444,16.149357274421202,3.7542567141256082,79.21398058874001
Rwanda,RWA,2011,1874.21498172873,20.5062993645138,36.6210098266602,39.71610247751,1.62859755954292,10573733.0,11.7438572095097,18.1678448507507,0.375,0.25,0.5625,0.4285714,0.325,0.1916667,0.4444444444444444,16.17388355941799,3.7087127376476845,95.05647121304992
Rwanda,RWA,2012,1988.01219478847,22.6354803172049,39.662769317627,40.5408629987193,3.52219420805752,10829901.0,12.7465327873046,18.2255034210874,0.375,0.25,0.5625,0.4285714,0.325,0.1953333,0.4444444444444444,16.197821569998098,3.7540782441520992,113.79721305973999
Rwanda,RWA,2013,2032.40480194092,23.679889481248,30.2092864949597,42.6934924295362,2.98932057367113,11093340.0,12.8479389648138,17.6168559784511,0.375,0.25,0.5625,0.4285714,0.35,0.1959999999999999,0.4444444444444444,16.221855576354702,3.7415187202101166,44.392607152449955
Rwanda,RWA,2014,2106.21454365589,22.6405677164575,41.8218654918977,43.902733691075,3.81112336248267,11364757.0,12.9606040642806,17.5513834863908,0.375,0.25,0.5625,0.4642856999999999,0.375,0.1916667,0.4444444444444444,16.246027721597287,3.760822756051316,73.80974171496996
Rwanda,RWA,2015,2238.53941469642,23.9635111173265,39.4099042857311,45.2019756159103,1.89710171173713,11640022.0,13.1106442860006,17.4466631881327,0.375,0.25,0.5625,0.4642856999999999,0.3999999999999999,0.1856667,0.4444444444444444,16.269959976210632,3.715271961207526,132.32487104053007
Rwanda,RWA,2016,2316.63731573814,27.1363763441333,38.506238583342,49.4849071069892,3.21723490346275,11919183.0,13.2212606976614,16.8369912939315,0.375,0.25,0.5625,0.4642856999999999,0.3999999999999999,0.1856667,0.4444444444444444,16.293659760882395,3.7469098464741766,78.09790104171998
Rwanda,RWA,2017,2351.59686866227,22.7136711423585,39.6912128982215,53.6752674177253,2.96153582649288,12202060.0,13.3457153044732,17.2842232487373,0.375,0.5,0.5625,0.4642856999999999,0.3999999999999999,0.1896667,0.4444444444444444,16.3171154298619,3.740859502821353,34.959552924130094
Sudan,SDN,1996,2924.29077148438,12.006718003226,32.2981796264648,20.0298432137309,0.0044354253890224,25231528.0,10.9825816414397,14.5744443111901,0.0,0.0,0.0,0.2142857,0.0499999999999999,0.0,0.2962962962962963,17.043604921238376,3.668092102953852,
Sudan,SDN,1997,3380.18676757813,8.97458620000376,32.2981796264648,17.858606720307,0.838100557144089,25799821.0,11.6996779094881,14.0313239141513,0.0,0.0,0.0,0.2142857,0.0499999999999999,0.0,0.25,17.06587815064324,3.6891482627633088,455.89599609375
Sudan,SDN,1998,3441.17919921875,10.2263950817264,32.2981796264648,21.8751479870534,3.29504622454876,26458999.0,11.8842382094219,14.5647329644475,0.0,0.0,0.0,0.2142857,0.0499999999999999,0.0,0.25,17.091106923041977,3.7487437742371186,60.99243164062
Sudan,SDN,1999,3459.22998046875,10.3437659226407,32.2981796264648,24.7143682332999,3.47125085431825,27130613.0,11.9898428320203,15.5325796562813,0.0,0.0,0.0,0.2142857,0.0499999999999999,0.0,0.25,17.116173316151965,3.752884334963674,18.05078125
Sudan,SDN,2000,3575.85205078125,24.8880308630392,32.2981796264648,29.4042344599492,3.19972610023634,27816745.0,12.3409879807566,20.0797178625874,0.0,0.0,0.0,0.2142857,0.0499999999999999,0.0,0.25,17.14114877140713,3.746496719171247,116.6220703125
Sudan,SDN,2001,3701.548828125,20.5310077647122,32.2981796264648,20.2933456223411,3.65224475988548,28516770.0,12.6577264505778,19.5381154442319,0.0,0.0,0.0625,0.2142857,0.0999999999999999,0.0,0.25,17.16600292830681,3.757119662281079,125.69677734375
Sudan,SDN,2002,3814.31323242188,21.5663517910828,32.1063385009766,25.6255617213052,3.93215499570306,29228727.0,12.9347075229876,20.7757913955766,0.0,0.0,0.125,0.2142857,0.15,0.0,0.2777777777777778,17.190662619205884,3.7636345507440963,112.76440429688
Sudan,SDN,2003,3946.92260742188,22.074814442888,33.3529090881348,26.4402280670553,6.31782319761386,29896035.0,13.2203897239673,19.8413102544769,0.0,0.0,0.0,0.2142857,0.0999999999999999,0.0,0.2777777777777778,17.213236454321205,3.8175029948560626,132.609375
Sudan,SDN,2004,4041.05712890625,23.6117319230397,36.5913009643555,30.4323376195052,5.67090591014718,30556637.0,13.5235293040859,21.4151752034683,0.0,0.0,0.125,0.2142857,0.0999999999999999,0.0,0.2777777777777778,17.235092503121706,3.803179969368643,94.13452148437
Sudan,SDN,2005,4152.32275390625,21.2067763046123,36.3686599731445,35.8715914021946,4.4387993666553,31262444.0,13.7682909398473,21.9763462611458,0.0,0.0,0.1875,0.25,0.0999999999999999,0.0,0.2777777777777778,17.25792809487018,3.775319790191884,111.265625
Sudan,SDN,2006,4299.97412109375,22.8891769937744,34.6569290161133,36.2025936172703,4.06910716037147,31992435.0,14.0932163710477,22.9778613068907,0.125,0.25,0.1875,0.3214286,0.3,0.18,0.2777777777777778,17.28101005782303,3.766806704118366,147.6513671875
Sudan,SDN,2007,4415.78515625,21.3061261282548,33.9691314697266,34.4033361615632,2.53091571467554,32764135.0,14.4528098189696,26.3285235935348,0.0,0.25,0.21875,0.25,0.3,0.18,0.2777777777777778,17.30484506050634,3.730586711444559,115.81103515625
Sudan,SDN,2008,4446.40966796875,20.668907969621,35.8935012817383,36.7410978273835,2.54980980762297,33623980.0,14.5136428794609,28.2073396404398,0.0,0.25,0.1875,0.25,0.3,0.177,0.2777777777777778,17.330750090594364,3.7310396658238973,30.62451171875
Sudan,SDN,2009,4188.0546875,22.325908295006,39.4921493530273,32.7808783344833,3.3441756822644,34569113.0,14.316367871824,25.6508731569437,0.0,0.25,0.125,0.25,0.3,0.177,0.2777777777777778,17.358471182411144,3.749899972056369,-258.35498046875
Sudan,SDN,2010,4219.8369140625,20.3985392323003,39.6667785644531,32.728309950035,3.50004539535845,35414399.0,14.3521537009291,21.1420469221691,0.0,0.25,0.125,0.25,0.3,0.1639999999999999,0.2777777777777778,17.382629075052602,3.7535593393875777,31.7822265625
Sudan,SDN,2011,4467.6259765625,23.2624340175259,35.2129783630371,27.512339023518,3.15234852962884,36140806.0,14.5028839464614,20.3300649001863,0.0,0.25,0.125,0.25,0.2749999999999999,0.1626667,0.2777777777777778,17.402933172707495,3.7453779696908094,247.7890625
Sudan,SDN,2012,4145.931640625,19.7241316199789,38.7272605895996,21.8561745247301,6.14212434699966,36923178.0,13.8052573479818,17.6175266828595,0.0,0.25,0.125,0.2142857,0.25,0.0793333,0.2777777777777778,17.424350068984186,3.813633195210947,-321.6943359375
Sudan,SDN,2013,4130.48583984375,17.1950466966314,40.9434089660645,26.8585245020134,3.92312074519106,37785849.0,13.9323615436392,20.2367455588648,0.0,0.25,0.1875,0.1428571,0.2249999999999999,0.0846667,0.2777777777777778,17.447445251883284,3.7634249407782807,-15.44580078125
Sudan,SDN,2014,4207.50048828125,15.0415341466529,42.046989440918,20.8451090041313,2.52698516017578,38823318.0,14.077574714542,18.1004960644315,0.0,0.25,0.1875,0.1428571,0.2249999999999999,0.0846667,0.2777777777777778,17.474531629216873,3.730492457167586,77.0146484375
Sudan,SDN,2015,4159.1943359375,12.8081335322639,42.5230712890625,18.3782728546541,3.34135261447755,40024431.0,14.0824672341187,16.0712107361815,0.0,0.25,0.3125,0.1428571,0.2249999999999999,0.079,0.2777777777777778,17.505000625615814,3.749833571019717,-48.30615234375
Sudan,SDN,2016,4174.56103515625,9.3059152625505,40.9556007385254,15.2816698903461,2.49532759301928,41259892.0,14.3433828167511,17.3546057080676,0.0,0.25,0.375,0.1428571,0.2249999999999999,0.079,0.2777777777777778,17.535401472293305,3.729732987988214,15.36669921875
Sudan,SDN,2017,4061.01831054688,10.7686344431485,43.0903282165527,17.8313898297102,2.58043876395005,42714306.0,14.2071848775554,16.6174079698297,0.0,0.25,0.375,0.1428571,0.25,0.0716667,0.2777777777777778,17.57004448062728,3.731773508388634,-113.54272460937
Senegal,SEN,1996,2822.46837323856,16.3904751259118,14.0669403076172,46.272432717398,0.212746510943075,9067014.0,12.9452435360624,24.2254129816603,0.25,0.25,0.1875,0.4642856999999999,0.375,0.375,0.5,16.02015366097777,3.6733951827817077,
Senegal,SEN,1997,2840.60808859832,15.8480598951591,13.8685998916626,47.2413224036235,2.95970811733686,9283495.0,12.9122589290202,23.3582596823514,0.3125,0.25,0.15625,0.4642856999999999,0.4375,0.375,0.4652777777777777,16.043748757957594,3.7408161235884934,18.139715359759975
Senegal,SEN,1998,2938.69162551525,18.7449802067005,13.8054399490356,48.0986748167655,1.0929925848965,9502952.0,12.9486017674828,23.5753068360213,0.375,0.25,0.125,0.4642856999999999,0.5,0.375,0.4166666666666667,16.067113150374635,3.695498644334543,98.08353691692992
Senegal,SEN,1999,3050.17800998696,18.2880250024253,14.6024398803711,49.4852621662422,2.45246449488128,9730887.0,13.0046947124193,23.2443931005786,0.375,0.25,0.15625,0.4642856999999999,0.5,0.375,0.4166666666666667,16.090815714129423,3.7287037766210136,111.48638447171015
Senegal,SEN,2000,3093.28791602615,19.2253255567794,15.2092504501343,48.680089723263,1.35774452423374,9968260.0,13.0809945048364,24.0081947042607,0.375,0.25,0.1875,0.4642856999999999,0.5,0.375,0.4166666666666667,16.114916703454703,3.7020522545164587,43.10990603918981
Senegal,SEN,2001,3149.33113703503,18.9542217193381,15.5517797470093,49.7205780648314,0.692757272925303,10212942.0,13.189474886194,23.8843480318636,0.5,0.25,0.3125,0.4821428499999999,0.55,0.4375,0.4166666666666667,16.139166395422563,3.685509043331452,56.04322100888021
Senegal,SEN,2002,3075.23157503112,20.4321036574164,16.9281692504883,53.1442994641329,1.18024440779397,10466214.0,13.882266184657,24.7837929266149,0.625,0.25,0.4375,0.5,0.6,0.5,0.3888888888888889,16.163663008413018,3.6976632048244418,-74.09956200391025
Senegal,SEN,2003,3170.03494688479,17.4102276457347,16.9281692504883,50.8212198933376,0.986458285223565,10721176.0,14.7114436650586,24.2086161157819,0.25,0.25,0.4375,0.4285714,0.475,0.375,0.3888888888888889,16.187731502356044,3.6928493516164758,94.80337185366989
Senegal,SEN,2004,3240.3020166984,17.4976895109659,19.9657497406006,53.6592031275529,1.36534663159615,10975704.0,15.6356170418419,25.0673709569857,0.25,0.25,0.4375,0.4285714,0.475,0.375,0.3888888888888889,16.21119475176446,3.702239802503282,70.2670698136103
Senegal,SEN,2005,3301.82076160815,18.2940175082513,22.2482490539551,54.9032435689485,1.52551294776184,11235472.0,16.5423135006853,23.6818582271971,0.25,0.25,0.5,0.4285714,0.5,0.5,0.3888888888888889,16.234586563293913,3.7061830344772857,61.518744909749785
Senegal,SEN,2006,3301.03152414193,21.2140610383753,24.2208805084229,54.1362378092613,2.47770837743402,11500094.0,17.5316982556926,23.4152166861911,0.25,0.25,0.5625,0.3214286,0.375,0.429,0.3888888888888889,16.257865854168923,3.729310050725369,-0.7892374662201291
Senegal,SEN,2007,3316.42037834774,21.0584702020658,24.2208805084229,59.2713043549794,2.51145667497291,11770344.0,17.1649032375867,23.6352865631739,0.25,0.25,0.5625,0.3214286,0.375,0.429,0.3888888888888889,16.281093790616563,3.7301199988481093,15.388854205810276
Senegal,SEN,2008,3359.70567090311,22.5827096407528,30.7020606994629,62.7617698176319,2.70404739796078,12048959.0,16.693345953655,22.0817260947223,0.375,0.5,0.5,0.3928570999999999,0.325,0.429,0.3703703703703704,16.304488907122327,3.734729601430023,43.28529255536978
Senegal,SEN,2009,3371.46166688616,19.892181730254,30.7020606994629,52.3072908773365,2.05299535843601,12337389.0,16.2764655415499,22.0007291744608,0.375,0.5,0.5,0.3571429,0.35,0.429,0.3611111111111111,16.32814504677734,3.7190606013130005,11.75599598305007
Senegal,SEN,2010,3403.56707165919,18.5165937108428,37.1267013549805,52.4578551962948,1.68778336701059,12635413.0,15.7796964506197,21.7761763055679,0.25,0.5,0.3125,0.3214286,0.325,0.4256666999999999,0.3611111111111111,16.352014064393476,3.7101622746268745,32.10540477302993
Senegal,SEN,2011,3362.87940537332,21.016036842452,42.6368983156004,57.5768785989578,1.90106996405963,12958897.0,15.2735160022577,23.3061329625455,0.25,0.5,0.375,0.3214286,0.325,0.4336666999999999,0.3611111111111111,16.377293214408876,3.715368578794588,-40.68766628586991
Senegal,SEN,2012,3405.10864460824,20.7024327245936,46.4158677062967,61.9753040040375,1.56368019565039,13310495.0,14.7233444030222,23.1117975253125,0.25,0.5,0.75,0.3214286,0.35,0.4529999999999999,0.375,16.404063454891087,3.707120407479275,42.22923923491999
Senegal,SEN,2013,3385.42590686562,22.1689175500657,49.0776594909389,60.6267663596737,1.64581763022307,13710849.0,14.1948949845482,24.294212523467,0.25,0.5,0.75,0.3214286,0.35,0.4549999999999999,0.3888888888888889,16.43369804815788,3.709134696227936,-19.682737742619793
Senegal,SEN,2014,3484.01219749797,23.4796505671231,50.546931380439,58.4425289760992,2.03613121185767,14152102.0,13.5956397199236,23.1526032786161,0.375,0.5,0.75,0.3214286,0.375,0.4549999999999999,0.3888888888888889,16.465373792918506,3.7186514483367024,98.58629063235003
Senegal,SEN,2015,3593.79477120389,23.0173333396773,50.5380516052246,58.1103376742017,2.30194934655844,14593331.0,12.9921811664,23.5966085082289,0.375,0.5,0.625,0.3571429,0.375,0.4526667,0.3657407407407407,16.496075270024956,3.725081253889081,109.78257370591973
Senegal,SEN,2016,3710.05531589724,23.9281241214968,50.5380516052246,54.1081692072139,2.48110320660753,15034521.0,12.6227485209244,23.3440535101312,0.375,0.5,0.625,0.3571429,0.375,0.4569999999999999,0.3611111111111111,16.525859581415173,3.7293915551996917,116.26054469334986
Senegal,SEN,2017,3871.4514678592,25.8256617810862,50.5380516052246,57.7052798455617,2.80185380597297,15475002.0,15.1250427755088,23.2776942790053,0.375,0.5,0.625,0.3571429,0.375,0.4549999999999999,0.3611111111111111,16.55473657039598,3.7370624587634937,161.3961519619602
Solomon Islands,SLB,1996,2957.81917928087,6.48019093498172,24.0200595855713,98.795453322306,1.16423758458683,396009.0,22.2841442523749,9.50877599494871,0.4848484999999999,0.3131313,0.6111111,0.3400672999999999,0.3434342999999999,0.3181817999999999,0.4444444444444444,12.889194742443031,3.6972664551558037,
Solomon Islands,SLB,1997,2848.31969373436,6.59114710842544,24.0200595855713,100.91097317163,6.43275577805472,407474.0,21.1269573441379,9.50877599494871,0.4848484999999999,0.3131313,0.6111111,0.3400672999999999,0.3434342999999999,0.3181817999999999,0.4444444444444444,12.917734860087833,3.820026328173788,-109.49948554650973
Solomon Islands,SLB,1998,2805.2662186594,7.21564930020228,24.0200595855713,83.1388019998149,1.92417308012615,419071.0,20.4714091837955,9.50877599494871,0.4848484999999999,0.3131313,0.6111111,0.3400672999999999,0.3434342999999999,0.3181817999999999,0.4444444444444444,12.945798021850697,3.7159308998892477,-43.05347507496026
Solomon Islands,SLB,1999,2717.52715749125,6.90346862875386,24.0200595855713,69.1617439923623,2.02868816012206,430500.0,19.3974789409139,9.50877599494871,0.4848484999999999,0.3131313,0.6111111,0.3400672999999999,0.3434342999999999,0.3181817999999999,0.4444444444444444,12.972704925727596,3.718470813938199,-87.73906116814987
Solomon Islands,SLB,2000,2276.82191920056,7.62912028660779,19.1796207427979,58.5523280892414,0.477405088785097,440469.0,15.3316934243531,9.50877599494871,0.4848484999999999,0.3131313,0.6111111,0.3400672999999999,0.3434342999999999,0.3181817999999999,0.4444444444444444,12.995597617612372,3.68009241902321,-440.70523829069
Solomon Islands,SLB,2001,2055.27436724543,7.91161202565028,23.1048603057861,45.1100685673042,-2.10427182649691,449125.0,12.3912654207545,9.50877599494871,0.4848484999999999,0.3131313,0.6111111,0.3400672999999999,0.3434342999999999,0.3181817999999999,0.4444444444444444,13.01505875096497,3.612764353075448,-221.54755195513007
Solomon Islands,SLB,2002,1960.42387516654,5.98848474268828,30.1493606567383,45.1275100252581,0.04208946552377,457671.0,10.7511248297276,9.50877599494871,0.4848484999999999,0.3131313,0.6111111,0.3400672999999999,0.3434342999999999,0.3181817999999999,0.4444444444444444,13.03390804932801,3.669052765369252,-94.85049207888983
Solomon Islands,SLB,2003,2050.30870033396,9.0353023276316,30.1493606567383,55.9586091334969,-0.24166681936572,466154.0,10.8322838232536,9.50877599494871,0.4848484999999999,0.3131313,0.6111111,0.3400672999999999,0.3434342999999999,0.3181817999999999,0.4444444444444444,13.052273475828422,3.6617904994661767,89.8848251674201
Solomon Islands,SLB,2004,2168.50586845628,9.91933482221827,30.1493606567383,62.8118976683083,-0.642148336511867,474611.0,11.124004292557,9.67379284707701,0.4848484999999999,0.3131313,0.6111111,0.3400672999999999,0.3434342999999999,0.3181817999999999,0.4444444444444444,13.070252907114217,3.651450262564933,118.19716812231991
Solomon Islands,SLB,2005,2287.27362263512,12.6024533088224,30.6725997924805,66.5710765635257,0.099144118861877,483080.0,11.3684983624477,8.5987215506694,0.625,0.5,0.625,0.4166667,0.375,0.4375,0.4444444444444444,13.087939620437679,3.6705066366534176,118.76775417883982
Solomon Islands,SLB,2006,2340.65153178621,11.6455348040394,35.7089614868164,69.7893991429226,7.17813029275399,491594.0,11.08613479675,9.32536931430012,0.5,0.5,0.625,0.375,0.375,0.4375,0.4444444444444444,13.105410485751667,3.8362381964402044,53.37790915109008
Solomon Islands,SLB,2007,2384.31783066088,13.1013585665304,36.7365608215332,83.7476138715,12.3665456662597,500156.0,10.7500955025488,9.98457958747137,0.5,0.5,0.6875,0.4166667,0.375,0.4375,0.4444444444444444,13.122677328116646,3.942342661843464,43.66629887467025
Solomon Islands,SLB,2008,2489.78306207696,13.3782748829013,36.7365608215332,87.3526158028726,9.68358178998539,508790.0,10.8028142293766,10.2651535362455,0.5,0.5,0.6875,0.4166667,0.375,0.4375,0.4444444444444444,13.139792602172358,3.888882006456739,105.46523141607986
Solomon Islands,SLB,2009,2514.89101043351,12.7912021106499,36.7365608215332,71.8849530192377,6.03099456453907,518141.0,10.3255685079265,11.8218587913377,0.5,0.5,0.6875,0.4166667,0.375,0.4375,0.4444444444444444,13.15800461494864,3.8111777870920354,25.10794835654997
Solomon Islands,SLB,2010,2682.28532344354,17.9438829858377,50.952808380127,96.1485545423385,18.4740701129879,532968.0,10.7446253871868,12.9725534512526,0.5,0.5,0.6875,0.4583333,0.375,0.4375,0.4444444444444444,13.1862185401057,4.05433340810256,167.39431301003015
Solomon Islands,SLB,2011,2777.47851512924,15.0193620851994,49.3238906860352,107.247515572534,11.2842365456827,552945.0,10.7535619082636,18.6507336880232,0.5,0.5,0.6875,0.5,0.4375,0.4375,0.4444444444444444,13.223015626550223,3.92111930397288,95.19319168569973
Solomon Islands,SLB,2012,2743.45849913875,16.0046283404087,49.0498504638672,104.823434628967,2.01494633587355,573606.0,9.90934557074283,18.2452798557842,0.5,0.5,0.6875,0.5,0.4375,0.4375,0.4444444444444444,13.259699771819305,3.71813722974073,-34.02001599048981
Solomon Islands,SLB,2013,2783.59190841229,15.5989290209478,49.0498504638672,99.6074605551315,4.15538562986034,594945.0,9.33380545298194,15.6478383600355,0.5,0.5,0.6875,0.5,0.4375,0.4375,0.4444444444444444,13.296225924106643,3.7687999742609373,40.13340927354011
Solomon Islands,SLB,2014,2716.42200217839,13.9231456196125,49.0498504638672,93.4534070100296,1.5740038730018,616908.0,8.84161935036936,16.8607057072847,0.5,0.5,0.7777778,0.5555555999999999,0.6111111,0.4375,0.4444444444444444,13.332476804165715,3.7073738021408755,-67.16990623390029
Solomon Islands,SLB,2015,2664.72477884762,15.97327126439,49.0498504638672,88.1884859107326,2.46368311219347,639415.0,8.43801863512329,15.5522182353588,0.5,0.5,0.8333332999999999,0.5555555999999999,0.6111111,0.4375,0.4444444444444444,13.36831053875429,3.728973255877764,-51.6972233307697
Solomon Islands,SLB,2016,2715.23362293936,15.8971117975636,49.0498504638672,85.54984577725,2.70706733520786,662379.0,8.56937016653862,15.5564744358205,0.5,0.5,0.8333332999999999,0.5555555999999999,0.6111111,0.4375,0.4444444444444444,13.403594688360647,3.73480171380553,50.508844091739775
Solomon Islands,SLB,2017,2703.66346303885,18.1335509801423,49.0498504638672,82.1974922027324,2.91769302207799,685672.0,8.39822535874993,17.6021668174714,0.6666667,0.4166667,0.7222221999999999,0.5555555999999999,0.6111111,0.4375,0.4444444444444444,13.438156116676879,3.739818409315524,-11.570159900510134
Sierra Leone,SLE,1996,2084.1822265,11.03600434571,25.5431499481201,49.5955306540939,0.0705024171323443,4199210.0,7.65577371484254,36.3032055377816,0.5,0.25,0.5606061,0.0909090999999999,0.3333333,0.5833332999999999,0.2268518518518518,15.250407208463375,3.6697770507107634,
Sierra Leone,SLE,1997,1936.55653107258,-2.42435790046364,25.5431499481201,28.2780240362665,0.211710507869611,4253716.0,7.51320944913341,27.0943056169704,0.5,0.125,0.5328283,0.0454545499999999,0.41666665,0.2916666499999999,0.3287037037037037,15.263303746906448,3.673368878194067,-147.62569542742017
Sierra Leone,SLE,1998,1951.82091117813,5.31347525555798,25.5431499481201,35.3326795564082,0.0155993330333948,4295785.0,7.35965699871201,23.7526478441056,0.5,0.0,0.5050505,0.0,0.5,0.0,0.3240740740740741,15.27314510014983,3.668377022474271,15.264380105550117
Sierra Leone,SLE,1999,1903.3269610781,0.292869776037837,25.5431499481201,33.7491637023642,0.0796552797705397,4318043.0,7.16390080179004,24.3055417552645,0.5,0.0,0.53535355,0.0454545499999999,0.5,0.0,0.3333333333333333,15.278313079907706,3.6700102581394223,-48.493950100029906
Sierra Leone,SLE,2000,1981.50608696758,1.09681037230364,25.5431499481201,57.5299628959222,6.13349349626252,4423611.0,6.75102332046453,26.7592113729712,0.5,0.0,0.5656566,0.0909090999999999,0.5,0.0,0.3333333333333333,15.302467114902331,3.8134427126964767,78.17912588947979
Sierra Leone,SLE,2001,1749.35086324104,10.3479835903356,25.5431499481201,35.9381586081315,0.584947649727907,4692716.0,6.31438412728408,8.02011314843721,0.45833335,0.0,0.6186868999999999,0.3043830999999999,0.4821428499999999,0.22916665,0.3333333333333333,15.361522290379973,3.6828010400244353,-232.15522372653982
Sierra Leone,SLE,2002,2089.26152736756,10.9785927983031,25.5431499481201,38.9169111968846,0.538476849671278,4971435.0,6.18225510217632,8.92815293953229,0.4166667,0.0,0.6717172,0.5178571,0.4642856999999999,0.4583333,0.3194444444444444,15.419219289941147,3.6816315031565945,339.91066412652003
Sierra Leone,SLE,2003,2196.28134548105,10.8781249783208,25.5431499481201,46.4464363702625,0.402080514728161,5177687.0,6.00880109958322,10.4640211289669,0.4166667,0.0,0.6717172,0.5178571,0.5357143,0.4583333,0.3055555555555556,15.459869182553538,3.678190877983238,107.01981811348969
Sierra Leone,SLE,2004,2260.83818961545,9.99271197361333,25.5431499481201,46.1719991766037,2.73329141184343,5355717.0,6.50373544006908,11.9277477569509,0.4166667,0.0,0.8838383999999999,0.5178571,0.6488094999999999,0.5833332999999999,0.3194444444444444,15.493675333174812,3.735427693856521,64.55684413440031
Sierra Leone,SLE,2005,2296.65767887048,10.9919362832176,25.5431499481201,47.547983989225,3.56470945553037,5501712.0,6.14462889744613,11.4194355058338,0.25,0.0,0.8232322999999999,0.5178571,0.6488094999999999,0.5833332999999999,0.2824074074074074,15.520570056256256,3.7550735420828665,35.81948925503002
Sierra Leone,SLE,2006,2342.75461136539,10.3480655166595,25.5431499481201,22.0888664739674,1.80375615409317,5624466.0,5.78722756378325,25.2475228320461,0.1865344,0.3907522,0.8232322999999999,0.5178571,0.6045448999999999,0.357,0.2777777777777778,15.542636746009611,3.712996520334029,46.09693249490965
Sierra Leone,SLE,2007,2377.80530113361,9.95886493587095,25.5431499481201,21.8067992689239,2.6278911435046,5749352.0,5.53667507675472,24.3286197684471,0.1949999999999999,0.379,0.8232322999999999,0.5178571,0.61275,0.357,0.2777777777777778,15.564597884703357,3.7329093628341057,35.05068976822031
Sierra Leone,SLE,2008,2404.65198784353,10.1742952422536,25.5431499481201,21.2566155636984,1.27696981909264,5894722.0,5.23914778719317,22.4354575177107,0.1349999999999999,0.2433333,0.7954545,0.5178571,0.65125,0.411,0.2777777777777778,15.589568101875885,3.7000573246283173,26.84668670992005
Sierra Leone,SLE,2009,2376.58254518958,11.0063444019559,25.5431499481201,23.0753395976546,2.79329478350427,6055646.0,5.05856610874361,19.4026088860298,0.125,0.0,0.4375,0.3571429,0.3,0.3036667,0.2824074074074074,15.616501783100667,3.736858527953434,-28.06944265395032
Sierra Leone,SLE,2010,2459.76814418708,34.2329697821293,25.5431499481201,27.9541259241389,5.59265918271249,6222714.0,5.08389027956281,20.2650996328359,0.125,0.0,0.5,0.3571429,0.325,0.4003333,0.3055555555555556,15.643716864655904,3.8014335631042004,83.18559899750016
Sierra Leone,SLE,2011,2590.52839483651,46.3315709602933,40.4235687255859,43.7807969332619,19.5505875068329,6387251.0,5.08414934887008,19.6837646221541,0.125,0.0,0.5,0.3928570999999999,0.325,0.4003333,0.3055555555555556,15.669814686908651,4.072835572513523,130.76025064942996
Sierra Leone,SLE,2012,2792.92626544926,29.2017427211432,44.5522918701172,53.3813447139398,11.7630516727995,6551080.0,5.48415246641025,23.5297216066996,0.125,0.0,0.375,0.3928570999999999,0.3,0.3236667,0.287037037037037,15.695140632162074,3.93056414928899,202.39787061275
Sierra Leone,SLE,2013,3124.72832450941,17.4626810057996,39.2237892150879,53.3627646114117,5.72675143806855,6714051.0,5.86794731373045,26.4303748873975,0.125,0.0,0.5625,0.3571429,0.3,0.3213333,0.287037037037037,15.71971320150255,3.8044245356890527,331.80205906015
Sierra Leone,SLE,2014,2812.52832195116,15.7638262887875,39.2237892150879,51.1187772788807,4.88007878489104,6876385.0,6.07060518331261,20.452711739982,0.125,0.0,0.5,0.3571429,0.3,0.3186666999999999,0.3055555555555556,15.74360378119836,3.785387371321929,-312.20000255825016
Sierra Leone,SLE,2015,2628.17058146385,17.8284163457472,39.8463706970215,36.4823958242319,3.71866092366771,7037655.0,6.47284673087584,16.6428629261418,0.25,0.0,0.5625,0.3571429,0.3,0.3183333,0.3055555555555556,15.7667857181471,3.7586693382503373,-184.3577404873099
Sierra Leone,SLE,2016,2732.26093997048,17.4249472909029,42.1386795043945,43.0672126969961,2.27663664378768,7205328.0,7.86621022514084,19.515679548632,0.25,0.0,0.5625,0.3571429,0.3,0.3183333,0.3055555555555556,15.79033144910746,3.7244707494178977,104.09035850663031
Sierra Leone,SLE,2017,2753.42719846704,18.8979192279547,41.5312194824219,41.5213782343591,7.19540249608134,7379299.0,9.16065531150503,19.5143905015015,0.25,0.0,0.5625,0.3571429,0.3,0.322,0.3078703703703704,15.81418934112951,3.8366107680484243,21.16625849655975
El Salvador,SLV,1996,7062.30007824136,16.3027275157438,51.079158782959,55.2818567293307,4.190829059171076,5805286.0,27.1234801682847,25.4182555701882,0.0,0.0,0.375,0.5,0.175,0.125,0.4166666666666667,15.574279612029818,3.7696176650988056,
El Salvador,SLV,1997,7234.94456228435,16.6605047793441,51.079158782959,63.5570927549383,0.577629026954658,5844578.0,25.4897129542908,25.217032511178,0.0,0.0,0.375,0.4821428499999999,0.175,0.125,0.488425925925926,15.581025122920387,3.682616941982721,172.64448404298946
El Salvador,SLV,1998,7381.114604175,17.1187026500635,51.079158782959,60.8722907509534,10.0824491417474,5880781.0,25.4677126769854,26.1831281933452,0.0,0.0,0.375,0.4642856999999999,0.175,0.125,0.5555555555555555,15.587200304229277,3.8970129637923265,146.17004189065028
El Salvador,SLV,1999,7498.46741097206,16.6266071037221,52.2663192749023,60.9904896201298,1.91240900881117,5913900.0,25.8544528133651,26.8741488650012,0.0,0.0,0.53125,0.4642856999999999,0.175,0.125,0.5555555555555555,15.592816239315317,3.715644606361516,117.35280679706011
El Salvador,SLV,2000,7545.44796218991,17.6829807789147,54.8399314880371,68.7100889044911,1.47137092746017,5943366.0,25.0951000191064,26.8777211081236,0.0,0.0,0.6875,0.4642856999999999,0.175,0.125,0.5555555555555555,15.597786365765376,3.70485181809207,46.98055121785001
El Salvador,SLV,2001,7580.32338410159,17.1934331203458,57.1768608093262,65.8907385362251,2.2707041485317,5968060.0,24.5061947712461,27.0779450585016,0.0625,0.0,0.6875,0.4642856999999999,0.2375,0.1875,0.5416666666666666,15.601932641993123,3.7243276125906357,34.87542191167995
El Salvador,SLV,2002,7675.67106195114,17.5481562370395,60.6978416442871,65.9190907767708,3.71125187529755,5986631.0,25.2473701717762,27.2751357818747,0.125,0.0,0.6875,0.4642856999999999,0.3,0.25,0.4444444444444445,15.605039541507573,3.758496583264646,95.34767784954965
El Salvador,SLV,2003,7780.27177685599,17.6938407879822,64.1438369750977,68.23698247861,1.06615183714648,5998599.0,25.4254404482822,26.9525306163395,0.125,0.0,0.5625,0.4642856999999999,0.3,0.25,0.4444444444444445,15.607036666632538,3.69483183030258,104.60071490485007
El Salvador,SLV,2004,7841.53237886842,16.6858634096008,67.8388290405273,69.7822641767691,2.64681242347754,6004671.0,24.5751064329054,25.6039214354494,0.125,0.0,0.625,0.4285714,0.325,0.25,0.4652777777777778,15.608048390855389,3.7333619167213365,61.260602012430354
El Salvador,SLV,2005,8050.5345128919,16.2928289563206,67.6287612915039,69.7158116750578,3.47761600217717,6005578.0,23.0309747100175,24.4712886106953,0.125,0.0,0.6875,0.4285714,0.325,0.25,0.4583333333333333,15.608199428498438,3.7530335866094227,209.0021340234798
El Salvador,SLV,2006,8404.24674903143,16.8883036070873,67.4043807983398,73.4555675070266,1.50707286112592,6002319.0,23.8608694564993,24.4717932435785,0.125,0.0,0.6875,0.4285714,0.325,0.374,0.4328703703703704,15.607656619122706,3.70572983800253,353.71223613953043
El Salvador,SLV,2007,8548.83476118605,18.5229620703337,67.3213119506836,77.6210560347995,9.11434743633077,6009824.0,24.3095780334531,24.5219333695828,0.1875,0.0,0.75,0.4642856999999999,0.325,0.374,0.3888888888888889,15.60890618795101,3.877162387176891,144.58801215461972
El Salvador,SLV,2008,8704.80584632591,18.6674294444454,66.1245803833008,80.6659739399085,5.0206011155903,6029297.0,24.3942894018384,25.8812946540508,0.25,0.0,0.8125,0.5,0.325,0.38,0.3888888888888889,15.61214114401583,3.788572160914222,155.9710851398595
El Salvador,SLV,2009,8494.49847423621,15.1486056397082,66.7064819335938,66.0711911744487,2.09486399547314,6048279.0,21.4434787110406,24.9700311675857,0.25,0.0,0.75,0.5714286,0.3,0.38,0.3888888888888889,15.615284492066161,3.7200756827495036,-210.30737208969913
El Salvador,SLV,2010,8648.92982717672,14.7530995364247,68.1448218125398,73.5372876725398,-0.613406192808089,6068249.0,21.3498133804435,25.2759118643186,0.25,0.25,0.75,0.5714286,0.3,0.3823333,0.3888888888888889,15.618580818338195,3.6521959426148145,154.4313529405099
El Salvador,SLV,2011,8943.06191543327,16.2875460096688,69.7446217742312,79.2766437025052,0.603930846788838,6090127.0,21.2694992800749,26.1954132809565,0.25,0.25,0.75,0.5714286,0.3,0.3823333,0.4074074074074074,15.622179657527601,3.6832783994750873,294.13208825655056
El Salvador,SLV,2012,9165.42034804478,16.5962082936854,70.8309781500769,77.6485716222883,2.01123945886672,6113975.0,20.9790830408976,26.589358065851,0.25,0.25,0.75,0.5714286,0.325,0.3823333,0.3981481481481481,15.626087856008137,3.718047225859351,222.35843261150876
El Salvador,SLV,2013,9327.56424468351,17.5342504374525,72.2452860122263,80.4511944908271,1.11490857279595,6138839.0,20.3544694099045,26.1216427113687,0.25,0.25,0.75,0.5714286,0.325,0.3843333,0.3888888888888888,15.6301463571933,3.6960427812866543,162.14389663873044
El Salvador,SLV,2014,9451.744607867,15.4447723169571,71.3858349113676,78.1044257477935,2.2408951362935,6162955.0,20.889303828096,26.0135339989829,0.25,0.25,0.6875,0.5714286,0.325,0.3843333,0.3703703703703704,15.634067090538723,3.7236080826189735,124.18036318349004
El Salvador,SLV,2015,9646.15432339854,15.6921765456792,70.725825383614,76.5602707370519,2.10997804482034,6183676.0,22.1773062471115,25.2889295441979,0.25,0.25,0.6875,0.5714286,0.325,0.3879999999999999,0.3888888888888889,15.63742363631995,3.720441861364301,194.4097155315394
El Salvador,SLV,2016,9863.76121214453,15.4902789954955,68.2966095615156,72.8190933731491,1.98198031581358,6200800.0,21.0988068052631,24.8348278708617,0.25,0.25,0.6875,0.5714286,0.325,0.3879999999999999,0.3842592592592592,15.64018903521894,3.7173365222405277,217.60688874599145
El Salvador,SLV,2017,10064.7934942601,16.0287823584352,66.1074423967185,74.3046511916519,2.01688451540263,6213533.0,21.8856684993032,25.1714727339037,0.25,0.25,0.6875,0.5714286,0.3,0.381,0.3611111111111111,15.64224037416944,3.7181842859894054,201.03228211556961
"Somalia, Fed. Rep.",SOM,2007,887.36935223579,15.7360330751388,6.01468992233276,88.5736460782288,2.5963438148083,11322582.0,18.2047685316094,24.9820287872223,0.1666667,0.0,0.3383838,0.125,0.0416667,0.1666667,0.0833333333333333,16.24230978492218,3.732154366943107,
,SOM,2008,932.85631157425,15.7360330751388,6.01468992233276,88.5736460782288,2.568887702359062,11550297.6,18.09225604720546,24.9820287872223,0.13333336,0.0,0.27070704,0.12857142,0.03333336,0.13333336,0.0833333333333333,16.261473276968328,3.7314959520187694,45.48695933846
,SOM,2009,978.34327091271,15.7360330751388,6.01468992233276,88.5736460782288,2.541431589909824,11778013.2,17.97974356280152,24.9820287872223,0.10000002,0.0,0.20303028,0.13214283999999998,0.02500002,0.10000002,0.0833333333333333,16.280636769014475,3.730837537094432,45.48695933846
,SOM,2010,1023.83023025117,15.7360330751388,6.01468992233276,88.5736460782288,2.513975477460586,12005728.8,17.86723107839758,24.9820287872223,0.06666667999999999,0.0,0.13535352,0.13571426,0.016666680000000003,0.06666667999999999,0.0833333333333333,16.299800261060618,3.7301791221700946,45.48695933846
,SOM,2011,1069.3171895896298,15.7360330751388,6.01468992233276,88.5736460782288,2.4865193650113477,12233444.4,17.75471859399364,24.9820287872223,0.03333333999999999,0.0,0.06767676,0.13928568,0.008333340000000002,0.03333333999999999,0.0833333333333333,16.318963753106765,3.7295207072457575,45.48695933845988
"Somalia, Fed. Rep.",SOM,2012,1114.80414892809,15.7360330751388,6.01468992233276,88.5736460782288,2.45906325256211,12461160.0,17.6422061095897,24.9820287872223,0.0,0.0,0.0,0.1428571,0.0,0.0,0.0833333333333333,16.33812724515291,3.72886229232142,45.48695933846011
"Somalia, Fed. Rep.",SOM,2013,1197.72166459747,14.3695600150118,6.01468992233276,83.3409991258378,5.09591217775954,12869594.0,17.479865283555,24.9820287872223,0.0,0.0,0.0,0.1428571,0.0,0.0,0.0833333333333333,16.370378110545698,3.79027484079503,82.91751566938001
"Somalia, Fed. Rep.",SOM,2014,1259.27432882615,13.4104063533751,6.01468992233276,81.7010414559322,4.55624629490798,13339491.0,17.3781909365989,24.9820287872223,0.0,0.0,0.0,0.1428571,0.0,0.0,0.0833333333333333,16.406239516767133,3.778009199981955,61.55266422867999
"Somalia, Fed. Rep.",SOM,2015,1343.92517439606,13.1480812127699,6.01468992233276,76.4793322385239,4.92510820324606,13806963.0,17.2392777902779,24.9820287872223,0.0,0.0,0.0625,0.1428571,0.0,0.0,0.0833333333333333,16.44068366052182,3.786409020107003,84.65084556990996
"Somalia, Fed. Rep.",SOM,2016,1384.15517410135,12.8456368959279,6.01468992233276,74.3615625516249,4.9896102178043,14348740.0,17.1982410705064,24.9820287872223,0.0,0.0,0.0625,0.1428571,0.0,0.0,0.0833333333333333,16.47917276112931,3.787870656360166,40.22999970529008
"Somalia, Fed. Rep.",SOM,2017,1527.66029071672,13.8251070470324,6.01468992233276,68.6756490932841,4.84156553446397,14916629.0,16.9938514745092,24.9820287872223,0.0,0.0,0.125,0.1428571,0.0,0.0,0.0648148148148148,16.51798725591345,3.7845127355468096,143.50511661537007
"Somalia, Fed. Rep.",SOM,2018,1504.97908203481,16.1056776324146,6.01468992233276,73.8219230280706,5.18226851263813,15452487.0,17.0546077474781,24.9820287872223,0.0,0.0,0.125,0.1428571,0.0,0.0,0.0555555555555555,16.553280583941895,3.792223677722549,-22.681208681909993
"Somalia, Fed. Rep.",SOM,2019,1491.29493918405,16.0813308687616,6.01468992233276,70.2980591497227,5.16404805914972,16030971.0,17.1079320108474,24.9820287872223,0.0,0.0,0.125,0.1428571,0.0,0.0,0.0555555555555555,16.590033159054354,3.7918128056893132,-13.684142850760054
Serbia,SRB,1996,10035.0555901615,10.3924966279946,91.1882629394531,27.3190037104059,4.43777510044016e-06,7622185.0,21.5973146060892,31.6062105699369,0.0,0.25,0.0625,0.2857143,0.15,0.125,0.4722222222222222,15.846573763162013,3.6679789950543085,
Serbia,SRB,1997,10965.5278855606,11.2308465663505,91.1882629394531,32.6780204946957,2.72525634678692,7598538.0,21.5685497728207,31.071682848602,0.0,0.125,0.03125,0.2857143,0.15,0.125,0.4722222222222222,15.843466549934584,3.735235935013082,930.4722953990986
Serbia,SRB,1998,11598.3788474662,11.2489243558119,91.1882629394531,39.1669755756981,0.537990822566861,7567745.0,21.5704208433207,30.948270829289,0.0,0.0,0.0,0.2857143,0.15,0.125,0.4722222222222222,15.839405826782757,3.6816192640166436,632.8509619056003
Serbia,SRB,1999,10438.5043036479,10.4747103318631,91.1882629394531,24.1979423920709,0.536432041377847,7540401.0,21.4078295960394,30.3432481685121,0.0625,0.0,0.0625,0.26785715,0.1624999999999999,0.125,0.4722222222222222,15.835786054212777,3.6815800097607476,-1159.8745438182996
Serbia,SRB,2000,11105.9948800547,11.6099546865985,91.1882629394531,21.109043880746,0.679511512803921,7516346.0,21.390157293519,35.1538213869747,0.125,0.0,0.125,0.25,0.175,0.125,0.4722222222222222,15.832590806624337,3.6851767261429003,667.4905764068008
Serbia,SRB,2001,11879.225653864,11.8296339650732,89.7503128051758,53.8950786178485,1.30646368055417,7503433.0,21.3098879568021,32.5337516849194,0.0625,0.0,0.28125,0.25,0.1374999999999999,0.125,0.4722222222222222,15.830871340384249,3.7007862093923456,773.2307738092986
Serbia,SRB,2002,12661.9921205411,14.6643831280374,88.7098770141602,54.302882889577,3.13724220833625,7500031.0,21.5521574452872,31.0933385156358,0.0,0.0,0.4375,0.25,0.0999999999999999,0.125,0.4722222222222222,15.830417845164103,3.7450209935036414,782.7664666770997
Serbia,SRB,2003,13273.7451115678,16.6034392821689,88.2943801879883,58.2946720222191,6.42739472772176,7480591.0,21.6335154876143,28.8089951022913,0.0,0.0,0.4375,0.25,0.0999999999999999,0.125,0.4722222222222222,15.827822491203936,3.8199087683146087,611.7529910267003
Serbia,SRB,2004,14194.4239957638,19.3912200813942,88.1681365966797,72.2876162455649,4.00991273848132,7463157.0,21.8854911032255,29.8266761335649,0.0,0.25,0.375,0.2857143,0.125,0.125,0.4722222222222222,15.825489207000233,3.7654368483466185,920.6788841960006
Serbia,SRB,2005,15077.621172828,19.254267304221,88.5904083251953,71.9925488520017,7.8055726004638,7440769.0,22.4476541177362,28.929036607637,0.0,0.25,0.3125,0.2857143,0.125,0.125,0.4722222222222222,15.822484896077732,3.8496842142474765,883.1971770641994
Serbia,SRB,2006,15727.468589842,21.1836643543655,88.9565811157227,75.529235364472,15.759397156392,7411569.0,24.1253733179615,29.108060215991,0.25,0.25,0.3125,0.4285714,0.375,0.4706667,0.4722222222222222,15.818552850673209,4.0060969739929275,649.8474170139998
Serbia,SRB,2007,17028.1573139848,23.60012476264,89.437370300293,72.7165875771534,9.85383583099953,7381579.0,24.2024906725102,28.2391713833774,0.25,0.25,0.375,0.4285714,0.375,0.4706667,0.4722222222222222,15.814498265803124,3.8923607452085287,1300.6887241428012
Serbia,SRB,2008,17983.3557621585,23.470962898577,90.4638137817383,75.7432462868839,7.48017377130846,7350222.0,24.2073916379417,27.5052601244094,0.25,0.25,0.375,0.4285714,0.375,0.4663333,0.4722222222222222,15.810241210864822,3.8427335257879998,955.1984481736981
Serbia,SRB,2009,17488.1952473271,18.5980956940405,91.4844589233398,63.5017226157541,6.23823937763422,7320807.0,23.5107640149067,24.3265430810242,0.25,0.25,0.375,0.4285714,0.3999999999999999,0.5496667,0.4722222222222222,15.806231262359454,3.815752001638896,-495.16051483139745
Serbia,SRB,2010,17841.5052482398,17.5450937651917,91.4276275634766,73.7088615865295,3.88925451665989,7291436.0,23.8511093511744,25.0306267248726,0.25,0.25,0.375,0.4285714,0.3999999999999999,0.5443333,0.4722222222222222,15.80221120390094,3.7626387954318576,353.31000091269743
Serbia,SRB,2011,17986.6586186398,17.3249042888346,93.6310501098633,75.7493613069523,9.6203440965999,7236519.0,25.0384610452386,26.27931177307,0.25,0.25,0.375,0.4285714,0.3999999999999999,0.5443333,0.4722222222222222,15.794650985822992,3.8875868052411056,145.15337040000304
Serbia,SRB,2012,17993.8893372708,19.9488493046734,94.1696166992188,82.0766814348254,2.82759932149649,7201497.0,24.8634504494525,26.5789003129754,0.25,0.25,0.375,0.4285714,0.3999999999999999,0.5443333,0.4722222222222222,15.789799617901284,3.737675631494303,7.230718630999036
Serbia,SRB,2013,18163.2800557557,16.3735582258297,94.4092102050781,84.3322563766638,4.08141056622247,7166553.0,24.5461520337826,27.8782873721815,0.25,0.25,0.5,0.3928570999999999,0.475,0.639,0.4722222222222222,15.784935483375975,3.7670911896654666,169.39071848489766
Serbia,SRB,2014,17922.510092839,15.8714091473802,94.3444137573242,88.3815023270446,4.07119376860245,7131787.0,24.290033582477,26.5460326998823,0.25,0.25,0.5,0.5357143,0.5,0.6403333,0.4722222222222222,15.780072532341089,3.7668549574241865,-240.76996291670002
Serbia,SRB,2015,18247.884779382,16.8018814009636,96.6696090698242,93.5281477663237,5.67381755834409,7095383.0,24.0882198338049,26.6399519622231,0.25,0.25,0.6875,0.5714286,0.575,0.6403333,0.4722222222222222,15.774954989733269,3.8032448962774645,325.3746865430003
Serbia,SRB,2016,18889.4599757385,16.9932725263997,96.234733581543,97.6906940431804,5.57770746372387,7058322.0,24.1485223050938,26.5319225334739,0.25,0.25,0.625,0.5714286,0.5499999999999999,0.6356666999999999,0.4722222222222222,15.769718045842655,3.8010995049754412,641.5751963565017
Serbia,SRB,2017,19439.0723263919,17.7771152801229,95.4950866699219,102.740445166934,6.29636171721257,7020858.0,25.1107219738397,26.6030717363846,0.25,0.25,0.625,0.5714286,0.525,0.6303333,0.4722222222222222,15.764396133188413,3.81703110389728,549.6123506533986
Sao Tome and Principe,STP,2003,4161.63833167542,21.8350400834961,36.1393585205078,68.6270739127592,3.3305327757187,153814.0,22.6215762996087,15.6164167398658,0.375,0.375,0.6875,0.4583333,0.5,0.375,0.4444444444444444,11.943505860556789,3.749579038058071,
Sao Tome and Principe,STP,2004,4202.56186898775,21.8350400834961,39.6760902404785,68.6270739127592,3.05544616526837,157705.0,22.7756653992395,15.6164167398658,0.3131313,0.3838383999999999,0.6969696999999999,0.3905724,0.530303,0.3838383999999999,0.4444444444444444,11.968487819151903,3.743085861998659,40.923537312330154
Sao Tome and Principe,STP,2005,4371.49721644128,21.8350400834961,43.0029182434082,68.6270739127592,11.4796071529221,161639.0,20.545686629082,15.6164167398658,0.25,0.375,0.75,0.4166667,0.5,0.375,0.4444444444444444,11.99312691919241,3.9249838572812252,168.93534745353008
,STP,2006,4534.790693029835,21.8350400834961,44.73871421813965,68.6270739127592,17.81800408250955,165669.5,20.89249066970475,15.6164167398658,0.21875,0.25,0.671875,0.36011905,0.46875,0.4375,0.4444444444444444,12.01746013157464,4.0366640369788165,163.29347658855477
Sao Tome and Principe,STP,2007,4698.08416961839,21.8350400834961,46.4745101928711,68.6270739127592,24.156401012097,169700.0,21.2392947103275,15.6164167398658,0.1875,0.125,0.59375,0.3035714,0.4375,0.5,0.4444444444444444,12.04179334395687,4.148344216676408,163.29347658855477
Sao Tome and Principe,STP,2008,4873.1813112046,21.8350400834961,43.6149482727051,68.6270739127592,42.0928084101522,173793.0,21.728720805238,15.6164167398658,0.25,0.25,0.625,0.3214286,0.475,0.5,0.4444444444444444,12.06562596877793,4.397721100265938,175.09714158621045
Sao Tome and Principe,STP,2009,4919.19529822865,21.8350400834961,49.2131805419922,68.6270739127592,7.72419866486855,177853.0,21.8430196582417,16.2938340677334,0.25,0.25,0.625,0.3214286,0.35,0.5,0.4444444444444444,12.088718267986772,3.8479505495104394,46.01398702405004
Sao Tome and Principe,STP,2010,4882.04796466341,21.8350400834961,50.2788581848145,68.6270739127592,26.6286088078235,181802.0,21.7630726515502,14.6892729961318,0.25,0.25,0.5,0.3214286,0.35,0.5,0.4444444444444444,12.110678962239529,4.186639018116116,-37.14733356523993
Sao Tome and Principe,STP,2011,4876.47315792145,21.8350400834961,48.8370208740234,68.6270739127592,14.1981181119688,185649.0,21.7399143565472,11.9865058848595,0.25,0.25,0.4375,0.3214286,0.35,0.5,0.4444444444444444,12.131618459605226,3.977263243044315,-5.5748067419599465
Sao Tome and Principe,STP,2012,4919.55294386577,21.8350400834961,56.3386497497559,68.6270739127592,9.95129371315347,189439.0,21.8188196088749,12.3018328482048,0.25,0.25,0.4375,0.3214286,0.35,0.5,0.4444444444444444,12.151827630677777,3.8943466337718924,43.079785944320065
Sao Tome and Principe,STP,2013,5072.11200195866,21.8350400834961,63.3046607971191,68.6270739127592,4.55447319839345,193148.0,22.0518266779949,13.3437075212036,0.25,0.25,0.5,0.3571429,0.35,0.5,0.4444444444444444,12.171217190757702,3.7779686516836466,152.55905809288925
Sao Tome and Principe,STP,2014,5223.09572886388,21.8350400834961,74.2815475463867,68.6270739127592,9.03727468460171,196767.0,22.3444581788216,12.8163490377908,0.25,0.25,0.5,0.3571429,0.35,0.5,0.4444444444444444,12.189780648753196,3.8755649732644493,150.98372690522046
Sao Tome and Principe,STP,2015,5210.2037755431,21.8350400834961,82.4009170532227,68.6270739127592,10.7400374911446,200291.0,22.2226673610833,11.6794591576073,0.25,0.25,0.5,0.3571429,0.35,0.5,0.4444444444444444,12.207531580766418,3.91027529357446,-12.891953320779976
Sao Tome and Principe,STP,2016,5388.5091334891,21.8350400834961,83.8791198730469,68.6270739127592,7.98279155418215,203689.0,22.4514421392706,10.3295203947605,0.25,0.25,0.5,0.3571429,0.35,0.5,0.4444444444444444,12.224354509208187,3.8534494804252097,178.30535794600019
Sao Tome and Principe,STP,2017,5521.20249597413,21.8350400834961,90.4435729980469,68.6270739127592,10.6236604862763,206970.0,22.5871136165866,9.07470301028009,0.375,0.25,0.5,0.3214286,0.35,0.5,0.4444444444444444,12.2403339658147,3.9079409596121204,132.69336248502987
Sao Tome and Principe,STP,2018,5674.72379094011,21.8350400834961,90.4435729980469,68.6270739127592,6.17598418618007,210187.0,22.697429429875,8.38826200521501,0.375,0.25,0.5,0.3214286,0.35,0.5,0.4444444444444444,12.255757647308222,3.814380130250932,153.5212949659799
Suriname,SUR,1996,16184.4999295065,38.0238689980572,69.0101776123047,98.1681931723564,2.21739064227939,438830.0,24.702128552836,26.2603278270889,0.5,0.25,0.7676767999999999,0.3636363999999999,0.5,0.5,0.4166666666666667,12.991869652107505,3.7230403658325963,
Suriname,SUR,1997,16754.3511427064,38.0238689980572,69.0101776123047,98.1681931723564,-0.993067417943757,448067.0,23.2586790682495,27.1663306968473,0.5,0.375,0.7525252499999999,0.4090909499999999,0.5,0.54166665,0.4513888888888889,13.012700285593121,3.6423009700506594,569.8512131998996
Suriname,SUR,1998,16789.7549005356,38.0238689980572,69.0101776123047,98.1681931723564,0.819192510239906,457406.0,18.8504046022008,21.1583472115947,0.5,0.5,0.7373737,0.4545455,0.5,0.5833332999999999,0.5,13.033328864345275,3.6886755769414483,35.40375782920091
Suriname,SUR,1999,16217.5173031438,38.0238689980572,69.0101776123047,98.1681931723564,-6.93903255008462,466916.0,15.0768885216708,21.8868815680718,0.5,0.5,0.6919191499999999,0.4090909499999999,0.5,0.625,0.5,13.053906790662433,3.47301002845784,-572.2375973918006
Suriname,SUR,2000,16220.1790603262,38.0238689980572,69.0101776123047,98.1681931723564,-10.2567136211785,476643.0,16.3240288120365,24.8905012043069,0.5,0.5,0.6464646,0.3636363999999999,0.5,0.6666667,0.5,13.074525159989774,3.3643929867745337,2.6617571823990147
Suriname,SUR,2001,16556.9440609927,38.0238689980572,69.0101776123047,98.1681931723564,-3.21235324229173,486560.0,18.1025941434698,24.7682310008803,0.41666665,0.5,0.6919191499999999,0.3827110499999999,0.4821428499999999,0.6666667,0.4907407407407407,13.095117558154065,3.5824155519443277,336.7650006665008
Suriname,SUR,2002,16678.0718706582,38.0238689980572,70.4287109375,98.1681931723564,-6.73022296587416,496551.0,19.7353663655192,28.6630219074672,0.3333333,0.5,0.7373737,0.4017856999999999,0.4642856999999999,0.6666667,0.4444444444444444,13.115443490115156,3.4794671422317918,121.12780966550054
Suriname,SUR,2003,17383.5015505612,38.0238689980572,70.4287109375,98.1681931723564,-5.97242023566089,506414.0,21.9694285901725,26.7990256381011,0.3333333,0.5,0.7525253,0.4017856999999999,0.4642856999999999,0.6666667,0.4444444444444444,13.135111770226496,3.5025568939237566,705.429679902998
Suriname,SUR,2004,18585.5170864176,38.0238689980572,70.4287109375,98.1681931723564,-2.51332036478539,513923.0,24.1001545205134,31.0288898927889,0.3333333,0.5,0.7373737,0.4017856999999999,0.5357143,0.6666667,0.4444444444444444,13.149830673582768,3.6016680444646547,1202.0155358564007
Suriname,SUR,2005,19220.2839696605,38.0238689980572,68.3932418823242,98.1681931723564,1.56127119820371,519313.0,24.3185731857319,33.8436415595019,0.3333333,0.5,0.6616162,0.5357143,0.5357143,0.7083332999999999,0.4444444444444444,13.160263988837393,3.7070612693959895,634.7668832429008
Suriname,SUR,2006,20113.6707547695,38.0238689980572,69.8493118286133,98.1681931723564,-6.22149014709964,524997.0,24.6562115805571,36.9830696641688,0.4366015,0.2988889,0.6444443999999999,0.3650417999999999,0.4498096,0.652,0.4444444444444444,13.171149732042695,3.4950265588694664,893.3867851089999
Suriname,SUR,2007,20902.1391589279,42.3024438655254,70.2995910644531,101.377000372162,-8.40083736509118,531016.0,24.7931080867689,37.0673613695571,0.3950711,0.2910798,0.7198068,0.4021843,0.4658236999999999,0.652,0.4444444444444444,13.182549314777518,3.4265992018608253,788.4684041584005
Suriname,SUR,2008,21515.8119551093,45.4629820581563,70.8968505859375,109.166838523407,-6.54973190348526,537245.0,25.1771008463226,40.0701175500103,0.4083738,0.3773585,0.7852564,0.4137558,0.4849685999999999,0.6579999999999999,0.4444444444444444,13.194211369153635,3.485015149609566,613.6727961813995
Suriname,SUR,2009,21906.4105447498,47.076518142508,68.5604400634766,87.9206617785298,-2.41006768189509,543568.0,24.9276714367424,34.2921601804851,0.25,0.25,0.625,0.4642856999999999,0.525,0.5526667,0.4444444444444444,13.20591193240711,3.60448063103761,390.5985896405
Suriname,SUR,2010,22772.4754543689,37.5385641624281,70.6480069546381,90.9613941465855,-5.85344056449596,549923.0,25.0750702785586,35.1705161344117,0.25,0.25,0.625,0.4642856999999999,0.525,0.5549999999999999,0.4444444444444444,13.217535365842485,3.506134187656503,866.064909619101
Suriname,SUR,2011,23829.5332856393,37.5385641624281,68.2217083635148,90.9613941465855,3.28538383339053,556269.0,25.4866195898585,35.1093274287296,0.25,0.25,0.625,0.4642856999999999,0.525,0.5549999999999999,0.4444444444444444,13.229009066872399,3.748516225048965,1057.0578312703983
Suriname,SUR,2012,24193.8412373922,37.5385641624281,68.4763406082679,90.9613941465855,3.40245351551791,562633.0,25.3194304660798,35.2622611658756,0.25,0.25,0.625,0.4642856999999999,0.525,0.5549999999999999,0.4444444444444444,13.240384606912526,3.7512697338771415,364.3079517529004
Suriname,SUR,2013,24624.0219854601,37.5385641624281,68.5071438994946,90.9613941465855,3.62949532348678,569020.0,25.3507332957912,32.2536953065191,0.25,0.25,0.625,0.4642856999999999,0.525,0.5589999999999999,0.4444444444444444,13.251672619281557,3.7565883012719086,430.1807480678981
Suriname,SUR,2014,24414.3554759734,37.5385641624281,67.3043899536133,90.9613941465855,-1.13866864622319,575373.0,25.3842729331119,30.2474846767665,0.25,0.25,0.625,0.4642856999999999,0.525,0.5589999999999999,0.4444444444444444,13.262775543121073,3.638480091310959,-209.6665094866985
Suriname,SUR,2015,23327.5252497447,37.5385641624281,70.1560287475586,90.9613941465855,3.5828587235507,581627.0,25.3981170990417,27.2599156580204,0.25,0.25,0.625,0.4642856999999999,0.525,0.5589999999999999,0.4444444444444444,13.273586347096252,3.755498121753812,-1086.8302262286998
Suriname,SUR,2016,21950.4122148625,37.5385641624281,71.6250318633699,90.9613941465855,6.9833403838341,587757.0,25.5612586886059,26.7553600175618,0.25,0.25,0.625,0.4642856999999999,0.525,0.5589999999999999,0.4444444444444444,13.284070577538948,3.8320268250612486,-1377.1130348822007
Suriname,SUR,2017,22070.5137570835,37.5385641624281,71.6250318633699,90.9613941465855,2.67494793416759,593713.0,25.63751598025,38.273693894809,0.25,0.25,0.625,0.4285714,0.525,0.5586667,0.4560185185185185,13.294153000913871,3.734034475538515,120.10154222100027
Eswatini,SWZ,1996,5796.65255180591,16.4049087438983,46.7752113342285,85.2034551274939,1.35491846029588,989841.0,25.8420082973347,36.3538362643293,0.5,0.5,0.625,0.375,0.3125,0.1875,0.4444444444444444,13.805300613414387,3.701982525063375,
Eswatini,SWZ,1997,5876.80341246512,16.4049087438983,46.7752113342285,85.2034551274939,-0.892048929076706,1006635.0,25.8416606004456,37.6495616008246,0.5,0.5,0.625,0.375,0.3125,0.1875,0.4444444444444444,13.82212463664276,3.644943352903341,80.1508606592106
Eswatini,SWZ,1998,5952.85422728074,16.4049087438983,45.3353004455566,85.2034551274939,9.68479827643606,1019653.0,25.7756604741331,37.6727126732128,0.5,0.5,0.625,0.375,0.3125,0.1875,0.4444444444444444,13.834973912027523,3.8889069054549017,76.05081481561956
Eswatini,SWZ,1999,6062.34805111048,16.4049087438983,44.860279083252,85.2034551274939,6.34868014150224,1030782.0,25.6961922197974,36.7412613146096,0.5,0.5,0.625,0.375,0.3125,0.1875,0.4444444444444444,13.845829265579338,3.818181081472207,109.49382382974
Eswatini,SWZ,2000,6106.07478740465,16.4049087438983,43.3038711547852,85.2034551274939,5.34174285106622,1041414.0,25.5354319695165,40.5992598426629,0.5,0.5,0.625,0.375,0.3125,0.1875,0.4444444444444444,13.856090923294548,3.7958126443872375,43.72673629417022
Eswatini,SWZ,2001,6135.45299954297,16.4049087438983,43.7772598266602,85.2034551274939,1.95160425482532,1051064.0,25.3879739627763,40.5236959549355,0.5,0.5,0.625,0.41666665,0.3125,0.1875,0.4444444444444444,13.865314493807796,3.716598153942541,29.378212138320123
Eswatini,SWZ,2002,6335.81351839193,16.4049087438983,44.738208770752,85.2034551274939,6.66778898222294,1059441.0,25.4263856752757,40.6081262544602,0.5,0.5,0.625,0.4583333,0.3125,0.1875,0.4444444444444444,13.873252912388839,3.8251667193133785,200.36051884896006
Eswatini,SWZ,2003,6578.30152863605,16.4049087438983,44.4690589904785,85.2034551274939,-2.8000452332194,1066700.0,25.4315953487987,39.4301244039439,0.5,0.375,0.625,0.4583333,0.375,0.1875,0.4444444444444444,13.880081266083838,3.5938159639040554,242.48801024411932
Eswatini,SWZ,2004,6775.2217412302,16.4049087438983,48.3460006713867,85.2034551274939,2.56728759984033,1073159.0,25.4888291201901,41.0771172653395,0.5050505,0.3838383999999999,0.6464646,0.4713805,0.4191919,0.2676768,0.4444444444444444,13.886118125128228,3.731458484157931,196.92021259415014
Eswatini,SWZ,2005,7142.1921864324,16.4049087438983,50.5027885437012,85.2034551274939,-1.48002383468155,1079022.0,25.6144783569468,41.0212746530708,0.5,0.375,0.625,0.4583333,0.375,0.25,0.4444444444444444,13.891566560046453,3.62946456869391,366.9704452022006
Eswatini,SWZ,2006,7584.72030617794,16.4049087438983,54.4987907409668,85.2034551274939,3.764215946629,1084436.0,25.7453275826658,40.8003700979418,0.5,0.25,0.5,0.4642856999999999,0.425,0.3476667,0.4444444444444444,13.896571516275396,3.7597308783055303,442.5281197455397
Eswatini,SWZ,2007,7866.73073455273,16.4049087438983,58.3698616027832,85.2034551274939,1.10564693422697,1090705.0,25.8035699650871,41.1762081293634,0.5,0.25,0.5,0.4642856999999999,0.425,0.3476667,0.4444444444444444,13.902335750956071,3.6958128665713468,282.0104283747896
Eswatini,SWZ,2008,7926.37961138221,16.4049087438983,58.3698616027832,85.2034551274939,3.26736558419805,1098091.0,25.6594975295269,40.0734428796074,0.5,0.25,0.5,0.4642856999999999,0.425,0.3513332999999999,0.4444444444444444,13.909084686248274,3.748091757155678,59.64887682948029
Eswatini,SWZ,2009,7988.59750005303,16.4049087438983,59.5709686279297,85.2034551274939,1.86388312281576,1105153.0,25.5470526586383,40.6050176238161,0.5,0.25,0.5,0.4642856999999999,0.425,0.3513332999999999,0.4444444444444444,13.915495249739216,3.714462800540134,62.217888670819775
Eswatini,SWZ,2010,8245.64153332215,16.4049087438983,64.5977020263672,85.2034551274939,3.11096766561026,1111650.0,25.5278735041807,38.7137888432086,0.375,0.25,0.5,0.4642856999999999,0.3999999999999999,0.2633333,0.4444444444444444,13.921356855610922,3.7443997982937245,257.0440332691205
Eswatini,SWZ,2011,8350.89190932865,16.4049087438983,67.2353363037109,85.2034551274939,2.08998856482498,1117833.0,25.4159340429814,37.8793869465389,0.375,0.25,0.25,0.4642856999999999,0.3999999999999999,0.2753333,0.4444444444444444,13.926903442245472,3.7199575336822726,105.25037600649921
Eswatini,SWZ,2012,8645.84478287802,16.4049087438983,69.2019271850586,85.2034551274939,0.557730516305156,1123863.0,25.4887162137041,37.7231797224699,0.375,0.25,0.25,0.4642856999999999,0.3999999999999999,0.2733333,0.4444444444444444,13.932283305673833,3.6821162287385123,294.95287354937136
Eswatini,SWZ,2013,8951.05749805891,16.4049087438983,70.8080825805664,85.2034551274939,1.83246466722921,1129990.0,25.4045685575743,36.5678764085872,0.375,0.25,0.3125,0.4642856999999999,0.3999999999999999,0.2733333,0.4444444444444444,13.937720226055037,3.7136968857763106,305.21271518088906
Eswatini,SWZ,2014,9084.49405780635,16.1999359990967,73.7052383422852,91.6200186943398,0.601685882709023,1136299.0,25.1274970412079,36.1654875610372,0.375,0.25,0.3125,0.4642856999999999,0.3999999999999999,0.2696667,0.4444444444444444,13.9432879279061,3.6832219585441672,133.4365597474407
Eswatini,SWZ,2015,9186.65344720515,15.1021701798632,76.2872772216797,88.2620944023684,0.805945191942897,1142813.0,24.7548742981293,36.9658639938824,0.375,0.25,0.375,0.5,0.4499999999999999,0.2696667,0.4444444444444444,13.949004199876248,3.688344271580934,102.15938939879925
Eswatini,SWZ,2016,9402.50834103681,17.7706342085714,82.023935767308,89.3584874439935,0.721382841978235,1149507.0,24.451771837438,37.821426598306,0.375,0.25,0.375,0.5,0.4499999999999999,0.2676667,0.4444444444444444,13.954844582708786,3.6862268409468646,215.85489383165987
Eswatini,SWZ,2017,9660.55161538086,16.1959758932985,82.023935767308,86.8801420302976,-1.2917821060433,1158195.0,23.0632930083427,34.9112500521839,0.375,0.25,0.375,0.5,0.4499999999999999,0.2676667,0.4444444444444444,13.962374180132912,3.6344462650988243,258.0432743440506
Syrian Arab Republic,SYR,1996,7943.44060493443,23.6048849472467,42.482120513916,69.9141790558683,0.645415766215005,15018104.0,30.2412110420733,25.545952346144,0.0,0.0,0.375,0.3214286,0.3,0.125,0.6666666666666666,16.524767031227594,3.6843208042491944,
Syrian Arab Republic,SYR,1997,8126.36577647131,20.8517253265627,42.4340896606445,66.2229786914424,0.551525076820522,15417542.0,29.514233153826,28.574149408036,0.0,0.0,0.375,0.26785715,0.3,0.125,0.6319444444444444,16.551016574882325,3.68196002777695,182.92517153688004
Syrian Arab Republic,SYR,1998,8456.78287525056,20.5512344960554,43.1899795532227,61.424844770787,0.539443654452434,15820413.0,28.9160487859491,26.4606980380647,0.0,0.0,0.375,0.2142857,0.3,0.125,0.5833333333333334,16.576811689367183,3.6816558488000055,330.4170987792495
Syrian Arab Republic,SYR,1999,7951.39014713749,18.7654134089943,43.2545585632324,64.3084049166638,1.65681022400414,16228061.0,28.2919943026759,29.9642775170555,0.0,0.0,0.375,0.2142857,0.3,0.125,0.5833333333333334,16.602252523858237,3.709403964371428,-505.3927281130691
Syrian Arab Republic,SYR,2000,7807.92995548742,17.2549227689325,43.7118301391602,65.2849861212903,1.42577626259779,16637888.0,26.0944176120409,33.3190732492983,0.0,0.0,0.375,0.2142857,0.3,0.125,0.5185185185185185,16.62719312232878,3.703729383512705,-143.46019165007056
Syrian Arab Republic,SYR,2001,7698.3969367866,20.3448020960813,44.8389511108398,67.3681324999384,0.543558163793316,17051338.0,25.7151866726972,30.1239825545581,0.0625,0.0,0.46875,0.23214285,0.3375,0.1875,0.4722222222222222,16.65173929233453,3.6817594518965167,-109.53301870081941
Syrian Arab Republic,SYR,2002,7811.81601910972,20.3212138681126,46.175178527832,71.6443076814108,0.556379172450294,17468332.0,25.7117959371859,29.1438723722823,0.125,0.0,0.5625,0.25,0.375,0.25,0.4722222222222222,16.675900256836155,3.682082215303218,113.41908232312016
Syrian Arab Republic,SYR,2003,8177.54506854394,23.2442376063968,60.3702812194824,61.5469905405418,0.732998623113997,17889296.0,25.6025787910985,28.2611670668232,0.0,0.0,0.5625,0.2142857,0.35,0.125,0.4722222222222222,16.699713159016888,3.6865179644216206,365.72904943421963
Syrian Arab Republic,SYR,2004,8528.65604597154,21.6672152537195,63.2146301269531,78.1149285929097,1.09618743838262,18336875.0,26.5193173222909,30.0234984698763,0.0,0.0,0.5,0.2142857,0.35,0.125,0.4722222222222222,16.72442467222453,3.6955779855863957,351.1109774276001
Syrian Arab Republic,SYR,2005,8828.94590461523,23.0170109888359,66.2456588745117,80.1330024866606,1.73256383601582,18814091.0,27.3992261753181,31.1872111563835,0.0,0.0,0.4375,0.2142857,0.375,0.25,0.4722222222222222,16.750116721477628,3.711257611641177,300.2898586436895
Syrian Arab Republic,SYR,2006,8885.80539630373,21.5198180727107,67.4928436279297,74.2052265865927,1.95248910452015,19637022.0,28.2648424761424,34.9830051366887,0.125,0.25,0.5,0.25,0.325,0.162,0.4722222222222222,16.79292727099002,3.7166196702015464,56.859491688499475
Syrian Arab Republic,SYR,2007,8829.30906367425,20.3943116667442,68.0717620849609,76.3793535157197,3.06919397837023,20884125.0,29.0595874075818,34.0578017634269,0.125,0.25,0.5,0.2678571,0.325,0.162,0.4722222222222222,16.854499906821328,3.743411369798171,-56.496332629478275
Syrian Arab Republic,SYR,2008,8903.77225264131,16.6958734671536,68.490966796875,74.2279600990172,2.7885874585822,21636564.0,32.9769579573298,34.2242837185363,0.0,0.25,0.5,0.2857143,0.35,0.156,0.5,16.88989526551676,3.736746351553882,74.46318896705998
Syrian Arab Republic,SYR,2009,9284.10162126587,17.9157021547543,69.7070083618164,59.9438252393676,4.74859703108017,21976969.0,33.6000060862685,27.2972838947834,0.0,0.25,0.5,0.4285714,0.3999999999999999,0.2393333,0.513888888888889,16.90550564484394,3.7823982636722917,380.3293686245597
Syrian Arab Republic,SYR,2010,9546.56048805399,20.4589000524604,70.8321380615234,64.0101646947258,2.3931861526359,22482421.0,32.5280017735215,30.4265241661983,0.0,0.25,0.5,0.4285714,0.3999999999999999,0.2436666999999999,0.513888888888889,16.928244317399727,3.727278661336055,262.45886678811985
Syrian Arab Republic,SYR,2011,9648.82426718361,21.6309427187093,72.3000030517578,50.6960943456553,1.19065657189387,22878098.0,31.4335808250079,33.7332140485501,0.0,0.25,0.0625,0.4285714,0.325,0.1496666999999999,0.4953703703703704,16.945690635359732,3.6979211992096306,102.26377912962016
Syrian Arab Republic,SYR,2012,7144.37244952745,12.7880398381139,73.1369705200195,35.3686903315942,1.791921362264885,22759763.0,29.1511052522142,25.0488124668991,0.0,0.25,0.0,0.2142857,0.125,0.0543332999999999,0.4675925925925925,16.940504798100104,3.7127076589771093,-2504.4518176561605
Syrian Arab Republic,SYR,2013,5530.97472757035,14.4562799501146,47.5814208984375,44.7052547833532,1.791921362264885,21666917.0,27.5048030119771,23.1936090167555,0.0,0.0,0.0,0.2142857,0.0249999999999999,0.062,0.4583333333333333,16.89129713912452,3.7127076589771093,-1613.3977219570997
Syrian Arab Republic,SYR,2014,5301.62535257941,8.23628950359433,47.5814208984375,54.2644225210945,1.791921362264885,20273659.0,26.8363264633578,19.4952280332547,0.0,0.0,0.0,0.2142857,0.0249999999999999,0.0579999999999999,0.4560185185185185,16.824833064536254,3.7127076589771093,-229.3493749909403
Syrian Arab Republic,SYR,2015,5302.07413721497,12.9635440303985,47.5814208984375,51.0862078228369,1.791921362264885,19424618.0,26.548380081229,15.4913360290372,0.0,0.0,0.0,0.2857143,0.0249999999999999,0.0476667,0.4305555555555555,16.782051840126016,3.7127076589771093,0.4487846355596048
Syrian Arab Republic,SYR,2016,5022.1127178437,7.88045908286559,47.5814208984375,67.1119365330928,1.791921362264885,19193834.0,25.9587269613884,16.2367796314778,0.0,0.0,0.0,0.2142857,0.0,0.0476667,0.4305555555555555,16.770099691686376,3.7127076589771093,-279.9614193712696
Chad,TCD,1996,1555.91392488298,14.9647881045588,8.40592956542969,46.6100331929446,2.45536342628588,7410108.0,2.45542991409061,12.4469525843613,0.25,0.375,0.4375,0.2916667,0.375,0.25,0.4444444444444444,15.818355707015632,3.7287734179967296,
Chad,TCD,1997,1588.09860417439,16.3306385807642,8.73291015625,49.313101141288,2.86749782361545,7670366.0,2.61244462895962,13.6671074417976,0.25,0.375,0.4375,0.2916667,0.375,0.25,0.4444444444444444,15.852875020960132,3.738625139193007,32.18467929141002
Chad,TCD,1998,1641.05715328512,14.1454908936555,9.62382984161377,48.0589828951249,1.24350917038373,7938840.0,2.77804151923519,12.8721708986712,0.25,0.375,0.4375,0.2916667,0.375,0.25,0.4444444444444444,15.887277852795394,3.6992297644821033,52.95854911073002
Chad,TCD,1999,1573.58531389989,16.972280963948,10.2139501571655,50.5078677642823,1.5980577412484,8222705.0,2.90021607598472,12.214345310795,0.25,0.375,0.40625,0.2916667,0.375,0.25,0.4444444444444444,15.922409909939185,3.7079639553685997,-67.47183938522994
Chad,TCD,2000,1506.71577205515,20.9415491831803,10.964280128479,51.5711720135652,8.29469631381898,8512093.0,3.01098337086802,10.9126742297265,0.25,0.375,0.375,0.2916667,0.375,0.25,0.4444444444444444,15.95699853373567,3.860042096749983,-66.86954184474007
Chad,TCD,2001,1626.56683129334,36.5792397497978,12.6534004211426,64.3219080406854,26.8795142899677,8804124.0,3.26267546522111,13.0831347755703,0.25,0.375,0.3125,0.2916667,0.375,0.25,0.4444444444444444,15.990730919619473,4.190444846843056,119.85105923819015
Chad,TCD,2002,1704.27295147382,59.7230692555054,13.4368200302124,126.350807849912,46.275241273497,9116192.0,3.4877748591051,14.2598695954881,0.25,0.375,0.25,0.2916667,0.375,0.25,0.4444444444444444,16.025562840690075,4.44790676920676,77.70612018047996
Chad,TCD,2003,1878.58578619738,48.6009827283796,14.8295497894287,83.3789149599315,25.9829201533053,9487833.0,3.77210613900773,30.0655483375136,0.1875249,0.0912698,0.44,0.322395,0.2518006,0.2627175,0.4444444444444444,16.065520904282444,4.176777846917711,174.31283472355994
Chad,TCD,2004,2400.97004980577,22.7403576794121,15.217809677124,101.768590921564,10.5541199124918,9920036.0,4.12181868237837,39.0982018059117,0.2325826,0.114366,0.6607143,0.3808982999999999,0.2323742,0.3721892,0.4444444444444444,16.110067209092808,3.906543483161359,522.38426360839
Chad,TCD,2005,2705.816508357,22.1110832933166,15.5320997238159,77.577493649797,-1.1476866334562,10328092.0,4.45207591593053,39.9644961738127,0.2383882,0.1397083,0.6135986999999999,0.3369913,0.2413813,0.306879,0.4444444444444444,16.150378216115634,3.638242959792989,304.84645855123017
Chad,TCD,2006,2596.03235458563,22.1188429771612,15.8697900772095,77.0815766029615,-2.86740171976294,10706424.0,4.67025387649723,39.4591190324475,0.125,0.0,0.25,0.2857143,0.2249999999999999,0.1383333,0.4444444444444444,16.186354586513506,3.591962400624193,-109.78415377137026
Chad,TCD,2007,2613.47387385213,22.2201872312874,18.2909908294678,75.1059962731949,-2.96036446114529,11081660.0,4.91911250821599,41.0245051426906,0.125,0.0,0.21875,0.2678571,0.2249999999999999,0.1383333,0.4444444444444444,16.22080213779536,3.589398530091969,17.44151926650011
Chad,TCD,2008,2601.36125803518,22.0523939544895,20.7904891967773,69.0677746090641,3.48233332294757,11476296.0,5.18041505617812,42.2215131050333,0.0,0.0,0.1875,0.25,0.1999999999999999,0.2173332999999999,0.4444444444444444,16.255794335846105,3.7531441852057537,-12.112615816949983
Chad,TCD,2009,2474.70758351267,23.9066588943508,22.7542705535889,64.8597511917067,3.04360891943899,11893754.0,5.52994955492803,34.9025737106603,0.0,0.0,0.25,0.2857143,0.175,0.2173332999999999,0.4444444444444444,16.291524030415367,3.742805505899348,-126.65367452250985
Chad,TCD,2010,2717.40540184377,22.2724742978321,22.369271805704,63.7311691270791,2.22641001271938,12312575.0,6.02355684526377,37.9286133933223,0.0,0.0,0.4375,0.2857143,0.15,0.1339999999999999,0.4444444444444444,16.326131737032263,3.7232582536873897,242.69781833109982
Chad,TCD,2011,2741.07083398912,23.347597439763,22.8224817551818,57.5437561870898,1.68950609671276,12754997.0,6.19953781355634,41.0747792133064,0.0,0.0,0.375,0.2857143,0.15,0.1373333,0.4444444444444444,16.36143375275678,3.71020443505222,23.66543214534977
Chad,TCD,2012,2886.27474563711,22.9050114032238,22.1087903431339,54.3851887421013,3.24047414068829,13210998.0,6.72727328468799,43.4028876654672,0.0,0.0,0.375,0.2857143,0.15,0.1373333,0.4444444444444444,16.39656029816599,3.7474579222157494,145.20391164799003
Chad,TCD,2013,2864.1130140853,25.540516356594,24.5326035474767,51.5308164549816,2.91179134022524,13691079.0,7.12744010342646,38.4745522079809,0.0,0.0,0.375,0.2857143,0.15,0.1333333,0.4444444444444444,16.432255083853516,3.7396781848658,-22.16173155180968
Chad,TCD,2014,2820.67795067436,24.8559283651473,22.8485794067383,40.8116269859319,-3.72317778039931,14188678.0,7.56737007077384,37.1094347348857,0.0,0.0,0.375,0.2857143,0.15,0.1333333,0.4444444444444444,16.46795495107476,3.56810845607664,-43.435063410940074
Chad,TCD,2015,2822.57929900236,22.2576244315119,22.2454248795188,48.5114982079885,3.84380092336452,14647621.0,7.93112463870717,33.9182904673272,0.0,0.0,0.4375,0.2857143,0.15,0.1333333,0.4444444444444444,16.499788559432787,3.7615826973251463,1.90134832800004
Chad,TCD,2016,2622.59780843796,16.0701130463914,22.530490847167,43.9580149331537,1.87837153237555,15114655.0,8.05075284435895,25.3450186548517,0.0,0.0,0.4375,0.2857143,0.15,0.1333333,0.4444444444444444,16.531175427087884,3.714815799447933,-199.98149056440025
Chad,TCD,2017,2496.26213644007,15.2004119098293,20.5855678473561,43.2900613852468,2.72215531343515,15622759.0,8.4324795097902,26.4585882128612,0.0,0.0,0.4375,0.2857143,0.1999999999999999,0.1333333,0.4444444444444444,16.56423938330971,3.735161918238774,-126.33567199788968
Togo,TGO,1996,2135.45581609458,10.6307695011456,23.0392093658447,59.4098688003353,0.108911179677093,4577860.0,7.80639611201936,25.7107323641827,0.3333333,0.25,0.5353534999999999,0.4545455,0.5,0.3333333,0.3611111111111111,15.336742416429939,3.6707553099283956,
Togo,TGO,1997,2366.40275146203,9.41153413902452,23.4432792663574,53.2069014922318,0.579188299254937,4725030.0,8.01367352151409,23.4014487368866,0.3333333,0.125,0.5505050499999999,0.4545455,0.5,0.29166665,0.3263888888888889,15.36838467973502,3.682656167910937,230.94693536745035
Togo,TGO,1998,2247.34887088094,13.5820660324304,23.4432792663574,55.737924512227,0.495891967675325,4860913.0,8.00066474898988,25.0035458184975,0.3333333,0.0,0.5656566,0.4545455,0.5,0.25,0.2777777777777777,15.396737044038135,3.6805585613505705,-119.0538805810902
Togo,TGO,1999,2238.93514971661,8.93353731923908,29.0356693267822,50.108899621779,0.677685876867208,5000269.0,8.08821699484341,23.8802933141669,0.3333333,0.0,0.5656566,0.4545455,0.5,0.25,0.2777777777777777,15.425002468940427,3.6851309148860723,-8.413721164330127
Togo,TGO,2000,2160.98936671986,13.2439531341497,31.6074600219727,48.8080041114183,2.50698256954936,5140037.0,8.3361675088505,30.3028277716404,0.3333333,0.0,0.5656566,0.4545455,0.5,0.25,0.2777777777777777,15.45257103040013,3.7300126594911838,-77.94578299675004
Togo,TGO,2001,2122.08047449583,13.9082566392287,34.4402694702148,51.3941520650307,3.46872208576776,5277382.0,8.39213284565738,29.378615828701,0.29166665,0.0,0.5808080999999999,0.5219156,0.51785715,0.25,0.2777777777777777,15.47894088887099,3.7528250335562383,-38.90889222402984
Togo,TGO,2002,2147.97438337226,14.3060506730983,38.4870300292969,51.609565282441,2.39840389095673,5413274.0,8.57797569655521,30.2198722396307,0.25,0.0,0.5959595999999999,0.5892857,0.5357143,0.25,0.2731481481481481,15.504364828109567,3.7274041829407,25.893908876430032
Togo,TGO,2003,2234.9772223053,14.4638878944037,40.5968894958496,55.389978417259,1.53192291487705,5552167.0,8.79854976107302,31.0741865107219,0.25,0.0,0.5353534999999999,0.5892857,0.5357143,0.25,0.25,15.529699040076967,3.706340522221431,87.00283893304004
Togo,TGO,2004,2157.02751991461,13.5656266178672,41.9863700866699,57.8710938708872,2.50559738999836,5696508.0,8.80084491054477,28.0385993487176,0.25,0.0,0.5959595999999999,0.5892857,0.5357143,0.25,0.25,15.555364089036553,3.7299794249740796,-77.94970239069016
Togo,TGO,2005,2004.25858232153,14.4880526959843,44.2280082702637,61.4542800128481,2.97971035930976,5844631.0,8.78890963366138,24.4297143100711,0.25,0.0,0.5959595999999999,0.5892857,0.5357143,0.1666667,0.25,15.58103419111156,3.7412907586391855,-152.76893759307995
Togo,TGO,2006,2000.54176015054,16.2029591948916,46.0299682617188,61.6128604620733,2.75216144371014,6010668.0,9.17865139179932,25.0511547993418,0.0,0.0,0.3125,0.4285714,0.325,0.3083333,0.25,15.609046614792268,3.735877887373498,-3.7168221709898717
Togo,TGO,2007,1920.26928670654,15.9304751770488,42.7597885131836,61.7740721086659,1.65977178667302,6188344.0,11.5654110815791,26.2884068802458,0.0,0.0,0.375,0.3214286,0.3,0.2249999999999999,0.25,15.638178242191408,3.709476496680571,-80.27247344400007
Togo,TGO,2008,1941.15486668393,16.7467287184294,42.7597885131836,62.3076674472105,1.11146694137374,6368812.0,13.2094324635818,23.8623598669256,0.0,0.0,0.5,0.3214286,0.35,0.3309999999999999,0.25,15.666923667955276,3.6959573509880776,20.88557997739008
Togo,TGO,2009,1989.82990346963,17.2536884088742,42.7597885131836,62.210419994299,0.980635149082811,6551865.0,16.703555361691,20.6628801268805,0.0,0.0,0.5,0.3214286,0.325,0.2476667,0.25,15.69526045253545,3.692704339484899,48.67503678569983
Togo,TGO,2010,2049.78055930203,17.8931098133478,42.7597885131836,66.7974885937104,2.63493273204289,6732590.0,17.9809126743209,20.3367703008535,0.125,0.0,0.5,0.3571429,0.35,0.365,0.2708333333333333,15.722470620100866,3.7330778055089024,59.95065583239989
Togo,TGO,2011,2111.47483429916,21.5932895996857,52.7706298828125,77.732312664143,13.4388023170829,6916474.0,18.6863188466467,21.7641490273027,0.125,0.0,0.5,0.3571429,0.375,0.4483333,0.2777777777777777,15.749416804745545,3.9629338821762863,61.69427499713038
Togo,TGO,2012,2186.30951971437,19.5498563995024,52.7706298828125,75.7132085684163,2.24458540176674,7100736.0,18.7731170612642,20.0154635557205,0.125,0.0,0.3125,0.3571429,0.325,0.2816667,0.2592592592592592,15.775709139441306,3.7236971863353343,74.8346854152096
Togo,TGO,2013,2254.98838359616,19.9517842192507,52.7706298828125,82.1477877564195,3.04894540679557,7285442.0,18.9311533283298,22.1985252830239,0.125,0.0,0.3125,0.2857143,0.325,0.2816667,0.25,15.801388805645917,3.7429319062442516,68.67886388179022
Togo,TGO,2014,2322.40408294543,23.3300366896798,52.7706298828125,70.9156517502517,0.844950465027458,7472450.0,19.0656575305715,23.8476899946971,0.125,0.0,0.3125,0.2857143,0.325,0.2816667,0.2523148148148148,15.82673361574168,3.6893194497803834,67.4156993492702
Togo,TGO,2015,2388.42609861568,25.102844981065,52.7706298828125,69.1281378813376,4.48026975109969,7663195.0,19.1732518697063,22.8664405321196,0.25,0.0,0.375,0.2857143,0.35,0.2803333,0.2777777777777777,15.851939687075529,3.7762702441953144,66.02201567024986
Togo,TGO,2016,2427.30036226403,22.346801163375,52.7706298828125,66.4450409805081,-0.76275824996834,7858289.0,19.2230086363589,20.8834101208291,0.25,0.0,0.375,0.2857143,0.35,0.2773333,0.2777777777777777,15.87707958348447,3.648315108278412,38.874263648349825
Togo,TGO,2017,2462.27744935268,16.9688001917549,60.769472220228,58.2088602526732,1.38645400988561,8057140.0,19.3320800168049,20.4016230144725,0.25,0.0,0.25,0.2857143,0.35,0.2683333,0.2777777777777777,15.902069336916494,3.702760348291371,34.97708708865002
Thailand,THA,1996,12456.3290857417,41.6549461863957,57.5684394836426,84.2741479979753,1.27616818910847,59920064.0,20.4812537915258,37.0812856626692,0.375,0.5,0.6875,0.5714286,0.625,0.625,0.7256944444444445,17.908521981952354,3.7000375064478965,
Thailand,THA,1997,11952.8491238372,34.6114374637763,59.4612503051758,95.0517906464755,2.59338342691776,60724584.0,19.3848796851317,36.5645997821799,0.375,0.5,0.625,0.55357145,0.6499999999999999,0.625,0.6550925925925926,17.921859198741057,3.7320834891865466,-503.47996190449885
Thailand,THA,1998,10897.1533831339,22.1517868670203,61.9174385070801,100.240473732828,6.43480671140772,61522630.0,17.263865047352,36.1117273377541,0.375,0.5,0.5625,0.5357143,0.6749999999999999,0.625,0.5555555555555556,17.93491564882717,3.8200712984367957,-1055.6957407033005
Thailand,THA,1999,11253.3874955905,20.4100107185522,61.9174385070801,100.706288704433,4.81780662046842,62299043.0,17.8684042506059,36.3788997763176,0.375,0.5,0.625,0.5357143,0.6749999999999999,0.625,0.5833333333333334,17.94745663853561,3.7839727889225054,356.2341124565992
Thailand,THA,2000,11622.5250278537,21.574927709465,61.9174385070801,121.297955351472,2.66312868727133,63007815.0,18.4783811264736,36.6694083813627,0.375,0.5,0.6875,0.5357143,0.6749999999999999,0.625,0.5694444444444445,17.95876934015263,3.7337520001762994,369.13753226320114
Thailand,THA,2001,11901.3182104659,22.480369975609,64.0281982421875,120.267966273533,4.21223509530842,63651141.0,18.8106325365952,36.3210034946673,0.25,0.375,0.6875,0.51785715,0.6124999999999999,0.625,0.5370370370370371,17.968927824676335,3.770111185297932,278.7931826122003
Thailand,THA,2002,12512.1831324963,21.9115852147245,65.5458221435547,114.969743021067,2.48815301889834,64266437.0,19.5725979213097,36.8944314471526,0.125,0.25,0.6875,0.5,0.5499999999999999,0.625,0.5277777777777778,17.978548093374993,3.7295607888145534,610.8649220303996
Thailand,THA,2003,13287.3048987459,23.0319014300881,65.5458221435547,116.692819704865,3.43593984811892,64868166.0,19.6641786537252,37.9181748920386,0.0,0.25,0.5625,0.4642856999999999,0.425,0.375,0.4143518518518518,17.98786756827699,3.7520559484790432,775.1217662496001
Thailand,THA,2004,13997.0013867292,24.8641915872839,67.444221496582,127.411873720393,3.38947495269123,65452047.0,19.9699143988443,37.9023024950671,0.0,0.25,0.5,0.4642856999999999,0.3999999999999999,0.375,0.3888888888888889,17.996828340892506,3.750964848172622,709.6964879832994
Thailand,THA,2005,14458.2551810694,27.7126228148178,71.8262786865234,137.853866832247,4.33958708070528,66017420.0,20.1922470878417,38.5052107116361,0.0,0.25,0.4375,0.4285714,0.375,0.375,0.3888888888888889,18.005429219706283,3.7730422850606247,461.25379434020033
Thailand,THA,2006,15051.0606748719,26.8466322343858,71.6298599243164,134.086946191268,4.0212567065949,66567687.0,20.4491402126191,39.146855883906,0.0,0.25,0.1875,0.4285714,0.325,0.2723333,0.3888888888888889,18.013729852614752,3.7656995117178393,592.8054938024998
Thailand,THA,2007,15742.6552891781,25.4562513958054,75.7808074951172,129.873226989717,3.28356939351343,67102394.0,20.724798132307,39.4313718771557,0.25,0.25,0.1875,0.4285714,0.325,0.2723333,0.3888888888888889,18.02173029430046,3.748473489237951,691.5946143061992
Thailand,THA,2008,15891.7823409885,26.4477158532838,75.2078475952148,140.437011540931,2.93824905393328,67619830.0,20.7177521610165,39.4796129651304,0.25,0.25,0.25,0.4285714,0.325,0.3103333,0.4004629629629629,18.029411855980317,3.7403066688750686,149.1270518104011
Thailand,THA,2009,15665.9031153449,23.108954889945,76.6007080078125,119.269418854589,2.27590224065624,68121080.0,20.5722949642587,38.6085988884387,0.375,0.25,0.3125,0.4285714,0.325,0.3103333,0.4166666666666667,18.03679728268746,3.7244530311496282,-225.87922564360088
Thailand,THA,2010,16730.3697884488,23.9927018003552,78.3943786621094,127.250522638251,4.32320928209171,68579447.0,20.6443965301725,39.9217256985357,0.375,0.25,0.3125,0.4285714,0.325,0.3016667,0.4166666666666667,18.04350345597278,3.7726658190011633,1064.4666731038997
Thailand,THA,2011,16766.3477057883,25.8363693834547,86.9894790649414,139.675407224576,0.667087644548593,69007208.0,19.4406386224083,37.9813982711097,0.375,0.25,0.3125,0.4285714,0.325,0.3016667,0.4166666666666667,18.04972153536493,3.684864928645816,35.97791733949998
Thailand,THA,2012,17869.6376607459,26.9936528421727,85.5365295410156,137.67493851024,3.24456444314608,69436098.0,19.8224243928808,37.343694137461,0.375,0.25,0.3125,0.4285714,0.325,0.3016667,0.4166666666666667,18.055917448742935,3.747554357104902,1103.2899549575995
Thailand,THA,2013,18242.4256715363,25.3835377004292,83.854850769043,132.462274174269,3.79126450872817,69845114.0,21.2596461834777,36.8985884648101,0.375,0.25,0.3125,0.5,0.375,0.2916667,0.4166666666666667,18.061790705645404,3.76036064117411,372.78801079040204
Thailand,THA,2014,18324.6144674875,24.6613910005394,123.525459289551,130.905495444398,1.22145318013998,70216367.0,23.5536913558203,36.7630403655124,0.375,0.25,0.25,0.5,0.3999999999999999,0.263,0.4166666666666667,18.067092004211077,3.6986838934903634,82.1887959511987
Thailand,THA,2015,18811.9975100064,24.5284891453984,124.330596923828,124.839662152526,2.22468548959784,70540795.0,23.7199822557498,36.1791773262667,0.25,0.25,0.3125,0.5,0.3999999999999999,0.253,0.4166666666666667,18.07170176708617,3.72321659672934,487.38304251890077
Thailand,THA,2016,19370.6087810117,23.7136263542096,122.563217163086,120.57522728913,0.843364340718618,70859841.0,23.7258928161447,35.586765405076,0.25,0.25,0.3125,0.5357143,0.4499999999999999,0.2473332999999999,0.4166666666666667,18.076214427650314,3.6892798133305065,558.6112710052985
Thailand,THA,2017,20094.6778762603,23.1083649306357,79.5062371844027,120.891427433638,1.81550260101987,71160187.0,22.9001965786271,35.018759526322,0.25,0.25,0.375,0.5357143,0.4499999999999999,0.2376666999999999,0.4166666666666667,18.080444062692088,3.713283142900137,724.0690952486002
Tajikistan,TJK,1996,1175.79407235242,13.2976977950713,71.8187484741211,156.670590142672,1.72470817120623,6066523.0,16.1470818822963,29.1754539559014,0.125,0.25,0.125,0.125,0.1875,0.125,0.4444444444444444,15.61829634661888,3.7110655476505268,
Tajikistan,TJK,1997,1181.28110133633,17.6792165187186,71.8187484741211,181.590119644925,1.95329872636048,6139829.0,15.7618604279552,25.9240061752219,0.125,0.25,0.125,0.125,0.1875,0.125,0.4444444444444444,15.630307612443609,3.716639356792886,5.487028983910022
Tajikistan,TJK,1998,1236.67552895556,13.4242368087389,71.8187484741211,106.89554276797,2.26786922364186,6176397.0,15.6520732320295,24.9536038232712,0.125,0.25,0.125,0.125,0.1875,0.125,0.4444444444444444,15.63624581161557,3.724259205443277,55.39442761922987
Tajikistan,TJK,1999,1275.82249026045,16.6260817843866,71.8187484741211,133.60594795539,0.616862155895911,6208370.0,15.5912601656635,27.4599628252788,0.125,0.25,0.15625,0.16666665,0.21875,0.15625,0.4444444444444444,15.641409100657476,3.6836034451743713,39.146961304890056
Tajikistan,TJK,2000,1365.23327447129,7.42150333016175,71.9670562744141,175.351206134214,2.73586929115128,6284735.0,15.8105690623389,35.2773269155426,0.125,0.25,0.1875,0.2083333,0.25,0.1875,0.4444444444444444,15.65363439435099,3.735489207802637,89.41078421084012
Tajikistan,TJK,2001,1467.39882474638,8.98275996567595,73.8529586791992,146.657305562056,0.878575236633123,6407377.0,16.2259814018356,36.1845697792339,0.1875,0.25,0.28125,0.2083333,0.3125,0.25,0.4444444444444444,15.672960696851817,3.690159346471045,102.1655502750898
Tajikistan,TJK,2002,1594.93890470219,6.2957366752585,75.8080596923828,138.6839688324,2.95358416825764,6531669.0,16.7812480146998,35.140580096584,0.25,0.25,0.375,0.2083333,0.375,0.3125,0.4444444444444444,15.692173211281897,3.740670762778307,127.54007995581014
Tajikistan,TJK,2003,1736.64039749855,8.03755198050993,78.0805816650391,137.669592976856,2.03493399294115,6658575.0,17.3832683353066,33.1163103288949,0.25,0.25,0.3125,0.2916667,0.375,0.25,0.4444444444444444,15.711416205841326,3.7186223953975275,141.70149279636007
Tajikistan,TJK,2004,1878.28696227255,10.3773126003275,79.29443359375,128.338170674363,13.1022122444311,6790547.0,17.9579704953732,30.916284273507,0.2121211999999999,0.2626263,0.3232323,0.3468013,0.3333333,0.2525253,0.4444444444444444,15.731042203200195,3.956515671969506,141.6465647739999
Tajikistan,TJK,2005,1965.30020458256,11.1189742735825,79.9551315307617,126.994699303416,2.35601238535648,6924720.0,17.3872030890814,27.3665806344184,0.3549194,0.2703704,0.4794006999999999,0.3745015,0.3973872,0.4268811999999999,0.4444444444444444,15.750608320417395,3.7263839266058443,87.0132423100099
Tajikistan,TJK,2006,2063.288508243,15.482260690719,80.7600173950195,141.153912074728,11.9647283955266,7057566.0,16.9167774320923,27.3641700231382,0.0,0.0,0.3125,0.1428571,0.125,0.1649999999999999,0.4444444444444444,15.769610932511407,3.9345157685062957,97.9883036604399
Tajikistan,TJK,2007,2181.89798056536,23.2256099465809,81.424560546875,145.528099715723,9.67777994325544,7194477.0,16.5073703227176,26.4284152322639,0.0,0.0,0.3125,0.1428571,0.125,0.1649999999999999,0.4444444444444444,15.78882434528949,3.888763245949528,118.60947232236003
Tajikistan,TJK,2008,2308.09430040334,24.5179872366861,82.2941436767578,114.480149093579,9.42813566158299,7338403.0,16.0761186814066,24.5575196250071,0.0,0.0,0.3125,0.1428571,0.125,0.1649999999999999,0.4444444444444444,15.808631938255381,3.8836397631966193,126.19631983798035
Tajikistan,TJK,2009,2349.50030269416,26.2932350873791,83.1336364746094,85.9781370434108,2.993500899093,7490230.0,15.6898375300622,24.5088106260756,0.0,0.0,0.1875,0.1428571,0.125,0.1649999999999999,0.4444444444444444,15.82911019613932,3.741617864482078,41.40600229081974
Tajikistan,TJK,2010,2449.27358745359,24.4893168360512,83.9114990234375,73.493044509473,1.6649590356128,7652141.0,15.7042431390204,24.9766261519968,0.0,0.0,0.3125,0.1428571,0.0999999999999999,0.0836667,0.4444444444444444,15.850496166610034,3.7096035261057763,99.77328475943023
Tajikistan,TJK,2011,2572.48074895498,28.592901490135,85.0206298828125,79.7842446734572,2.23653413214552,7824785.0,15.506227717681,22.4687490647166,0.0,0.0,0.3125,0.1428571,0.0999999999999999,0.0836667,0.4444444444444444,15.872806945773709,3.723502773270925,123.20716150138969
Tajikistan,TJK,2012,2700.09546037358,21.7232482834713,86.3469314575195,83.1759445401528,3.16697499395782,8014084.0,15.5518782367473,22.0426346192666,0.0,0.0,0.3125,0.1428571,0.0999999999999999,0.0836667,0.4444444444444444,15.89671117656071,3.7457234850370855,127.61471141860011
Tajikistan,TJK,2013,2828.38542075147,24.1894450213912,86.9873504638672,71.7437428882341,3.351407966942,8216724.0,15.5948436367522,23.1151646451446,0.0,0.0,0.3125,0.1428571,0.0999999999999999,0.0836667,0.4444444444444444,15.921682269151143,3.7500700616376292,128.2899603778901
Tajikistan,TJK,2014,2943.08867917317,26.1845441957946,86.9873504638672,54.6071596053705,3.58397838530001,8425552.0,15.5335193842685,22.6047415105536,0.0,0.0,0.3125,0.1428571,0.125,0.079,0.4444444444444444,15.946779670030818,3.7555243089525545,114.70325842169996
Tajikistan,TJK,2015,3041.44479553257,38.7166570546395,86.9873504638672,49.9378160689555,5.48892076080458,8643840.0,15.5429061991158,30.220213504702,0.0,0.0,0.3125,0.1428571,0.125,0.065,0.4444444444444444,15.972357602177821,3.7991134897436383,98.35611635939995
Tajikistan,TJK,2016,3169.9667820524,40.0691363252255,86.9873504638672,55.7246446907573,3.45540459636672,8865631.0,15.5487038830762,32.2133662345342,0.0,0.0,0.3125,0.1428571,0.125,0.063,0.4444444444444444,15.997692786545485,3.7525126709893186,128.52198651983008
Tajikistan,TJK,2017,3312.71202243506,31.245780585806,86.9873504638672,53.7861046057767,2.46572647891723,9085946.0,15.5241052656209,31.8468579622965,0.0,0.0,0.3125,0.25,0.15,0.0643333,0.4444444444444444,16.02223949213457,3.729022331199083,142.74524038266009
Turkmenistan,TKM,1996,4712.83357844039,41.2917419354839,84.1078318050495,152.516129032258,4.54270296774194,4263819.0,25.8057957580808,65.2141935483871,0.375,0.25,0.75,0.25,0.375,0.25,0.4444444444444444,15.26567603005311,3.7776994408751703,
Turkmenistan,TKM,1997,4105.36902304428,38.6768676867687,84.1078318050495,103.690369036904,4.40181902520252,4336730.0,24.9780342213245,45.027902790279,0.375,0.25,0.75,0.25,0.375,0.25,0.4444444444444444,15.28263139645305,3.7744714802443826,-607.46455539611
Turkmenistan,TKM,1998,4323.30168204311,45.4948195784209,84.1078318050495,96.3201143265452,2.39092220078599,4410507.0,25.0204329519686,40.5716327259736,0.375,0.25,0.75,0.25,0.375,0.25,0.4444444444444444,15.299500433532618,3.7272241932069257,217.93265899883045
Turkmenistan,TKM,1999,4945.08541988288,39.6709050112191,84.1078318050495,90.4761904761905,5.1008663674894,4492170.0,25.2531802563804,43.6499626028422,0.375,0.25,0.75,0.25,0.375,0.25,0.4444444444444444,15.317846661791783,3.790386746669718,621.7837378397699
Turkmenistan,TKM,2000,5112.52948147352,34.7386559448593,84.1078318050495,103.580317825005,4.50998914417002,4582677.0,25.0561625820816,41.0606930882634,0.375,0.25,0.75,0.25,0.375,0.25,0.4444444444444444,15.337794101367688,3.77695082361548,167.44406159063965
Turkmenistan,TKM,2001,5228.80329286491,31.7126612120372,84.1078318050495,81.9858549438358,4.80936153099431,4675409.0,25.0933230710025,41.971987241714,0.375,0.25,0.71875,0.25,0.375,0.25,0.4444444444444444,15.357827417394217,3.7837807950167623,116.27381139139015
Turkmenistan,TKM,2002,5138.87117760604,27.5596816976127,84.1078318050495,63.7046861184792,6.18552665782493,4769465.0,25.035803533341,40.2984084880637,0.375,0.25,0.6875,0.25,0.375,0.25,0.4444444444444444,15.377744906912156,3.814590532775523,-89.93211525887
Turkmenistan,TKM,2003,5203.8543813176,25.4187357966501,84.1078318050495,63.201750694386,3.78088241730494,4863865.0,24.9049351200618,38.8856156889151,0.375,0.25,0.75,0.25,0.375,0.25,0.4444444444444444,15.397344152906545,3.7601189652150677,64.98320371156024
Turkmenistan,TKM,2004,5360.22429910532,23.0536196152804,84.1078318050495,59.3199674884855,5.17229951232728,4958093.0,24.9030938923784,37.8718504470333,0.2828283,0.2525253,0.6868687,0.2760943,0.3333333,0.2323231999999999,0.4444444444444444,15.416531950655314,3.7919988972387033,156.36991778771971
Turkmenistan,TKM,2005,5945.95239804804,22.9195946475561,84.1078318050495,53.9723419741336,5.16047701696434,5052257.0,25.1610457557293,37.0639941772577,0.0,0.0,0.625,0.0,0.0999999999999999,0.0,0.4444444444444444,15.435345830032158,3.791732258740591,585.72809894272
Turkmenistan,TKM,2006,6476.82805700551,19.5019564924266,84.1078318050495,52.4473010022922,7.11222302125938,5147105.0,25.4409064828984,35.7901703447346,0.0,0.0,0.625,0.0,0.125,0.061,0.4444444444444444,15.453945172943907,3.834815260979498,530.8756589574705
Turkmenistan,TKM,2007,7060.14844993043,18.6,84.1078318050495,56.2777777777778,6.75922962962963,5244046.0,25.8186919480009,37.7096296296296,0.0,0.0,0.4375,0.0,0.125,0.061,0.4444444444444444,15.472604086449515,3.8271594917006357,583.3203929249194
Turkmenistan,TKM,2008,7944.99590073106,31.7,84.1078318050495,94.7240751970891,6.62635738831615,5345029.0,26.8203999387389,60.5457853244391,0.0,0.0,0.4375,0.0,0.125,0.0573333,0.4444444444444444,15.491677715147702,3.8242624887566405,884.8474508006302
Turkmenistan,TKM,2009,8264.86534322735,46.6,84.1078318050495,104.95217927132,22.5235632084151,5451592.0,26.917701527664,60.9102428355696,0.0,0.0,0.4375,0.0,0.125,0.0573333,0.4444444444444444,15.511418417507963,4.122222607192138,319.8694424962896
Turkmenistan,TKM,2010,8842.33283585112,51.8808271961717,84.1078318050495,96.8630558404027,16.0841101892421,5564356.0,27.1229160042908,59.1311643516361,0.0,0.0,0.4375,0.0,0.125,0.0573333,0.4444444444444444,15.531891992440189,4.011990747808289,577.4674926237712
Turkmenistan,TKM,2011,9929.68934634645,51.9318442057253,84.1078318050495,111.062833823441,11.6000011402509,5683417.0,27.7366321895013,65.8692912440737,0.0,0.0,0.4375,0.0,0.125,0.0573333,0.4444444444444444,15.55306337027543,3.927357909932062,1087.3565104953286
Turkmenistan,TKM,2012,10794.2335233663,47.2,84.1078318050495,109.333652637251,8.90000000898042,5808546.0,28.1070192678864,66.5798559141072,0.0,0.0,0.4375,0.0,0.125,0.0573333,0.4444444444444444,15.574841011492842,3.8727134757873296,864.5441770198504
Turkmenistan,TKM,2013,11633.2905987757,47.2,84.1078318050495,98.5928226795449,7.30000002103605,5939341.0,28.3230579184476,63.4277120836429,0.0,0.0,0.4375,0.0,0.125,0.0573333,0.4444444444444444,15.597108910792116,3.8388640375538654,839.0570754094006
Turkmenistan,TKM,2014,12544.3983464061,47.2796271319005,84.1078318050495,91.0934829576602,8.8000010883235,6075283.0,28.5428083135171,60.6696011092838,0.0,0.0,0.5,0.0,0.125,0.061,0.4444444444444444,15.619739295069381,3.870631146950548,911.1077476303999
Turkmenistan,TKM,2015,13057.8303253557,47.2796271319005,84.1078318050495,81.2999305660859,8.49997845154391,6215770.0,28.4363907270257,54.2933303537937,0.0,0.0,0.5,0.0,0.125,0.061,0.4444444444444444,15.642600329939155,3.864357474021136,513.4319789496003
Turkmenistan,TKM,2016,13552.8477118745,46.9663409509215,84.1078318050495,62.0460846966262,6.20181210651458,6360041.0,28.4398577157487,51.4325436635517,0.0,0.0,0.4375,0.0,0.125,0.061,0.4444444444444444,15.665545539068084,3.814949509389129,495.01738651879896
Turkmenistan,TKM,2017,14107.6671199289,40.8398999563062,84.1078318050495,53.5753567069955,5.49999584909072,6507061.0,28.3939466955598,47.0438896506004,0.0,0.0,0.4375,0.0,0.125,0.0573333,0.4444444444444444,15.688398606632127,3.799361437013145,554.8194080543999
Timor-Leste,TLS,2000,3783.78349040621,37.9699390865205,41.3206901550293,175.648459523834,2.8843532964724328,745088.0,8.87271816562778,16.0859533086706,0.375,0.5,0.4375,0.25,0.3125,0.5,0.4444444444444444,13.521258953313799,3.7390259963341057,
Timor-Leste,TLS,2001,4038.33583266948,31.9085403114409,41.3206901550293,166.743432303288,2.8843532964724328,812249.0,9.3159210749583,13.180799429851,0.375,0.5,0.4375,0.25,0.3125,0.5,0.4444444444444444,13.607563453531347,3.7390259963341057,254.55234226327002
Timor-Leste,TLS,2002,3480.98860481918,27.3565225771631,44.7095603942871,180.403747192172,2.8843532964724328,879159.0,8.3725267120958,11.9202405343952,0.375,0.5,0.4375,0.25,0.3125,0.5,0.4444444444444444,13.68672218513121,3.7390259963341057,-557.3472278503
Timor-Leste,TLS,2003,3264.94649227443,21.6740027373294,46.5835189819336,122.311960519559,0.921419163129843,916878.0,7.84324175731701,10.1751433861072,0.375,0.375,0.5625,0.25,0.375,0.4375,0.4444444444444444,13.728730790514721,3.691228502868586,-216.04211254475013
Timor-Leste,TLS,2004,3234.97572893373,16.6516507524375,57.962100982666,107.330836147183,2.8843532964724328,929074.0,7.67509609100677,5.49680073339855,0.4040403999999999,0.4848484999999999,0.6565656999999999,0.2929293,0.3989899,0.4191919,0.4444444444444444,13.741944746507185,3.7390259963341057,-29.97076334070016
Timor-Leste,TLS,2005,3263.94469592966,15.6375433517852,59.4707984924316,74.6712693208544,0.196422873807942,948311.0,7.70088102493564,5.29247593737281,0.3444071999999999,0.1592000999999999,0.5611111,0.3613579,0.3681627,0.3414123,0.4444444444444444,13.762438841015102,3.672980637774783,28.96896699593026
Timor-Leste,TLS,2006,3038.95253397881,11.9644511315993,59.4707984924316,98.8757187138751,1.86827372807191,976597.0,7.08298263620461,5.03931378115436,0.4007539,0.1274509999999999,0.5050505,0.3069387,0.3431810999999999,0.641,0.4444444444444444,13.791830382686241,3.714569787405536,-224.99216195085
Timor-Leste,TLS,2007,3256.56973696199,18.5116222854517,59.4707984924316,128.760893188042,1.60190394822128,1004889.0,7.65982925394089,5.31519604811852,0.2942188,0.1480286999999999,0.5333333,0.3171801999999999,0.315121,0.641,0.4444444444444444,13.820388640748607,3.7080582884197413,217.61720298318005
Timor-Leste,TLS,2008,3530.88221940661,31.1867502757513,57.0646095275879,135.250768661926,6.12128417638544,1032429.0,8.45626942508073,7.70251167026116,0.3518768,0.1833333,0.4741379,0.3812945,0.4166508,0.722,0.4444444444444444,13.84742580490886,3.8131731915350615,274.31248244461995
Timor-Leste,TLS,2009,3792.3582606223,48.7217032528556,67.0938568115234,157.686439820937,6.59681588921818,1058782.0,9.2962804026892,10.0345846512573,0.0,0.0,0.4375,0.3571429,0.1999999999999999,0.4073333,0.4444444444444444,13.872630693293832,3.8236172558073793,261.47604121568975
Timor-Leste,TLS,2010,4047.24946392086,42.6868663552232,68.3026309590313,134.400510427226,3.43944724816262,1084679.0,9.33738499198109,9.13730561255393,0.0,0.0,0.375,0.3571429,0.1999999999999999,0.4073333,0.4444444444444444,13.896795570580457,3.7521382618210026,254.89120329855996
Timor-Leste,TLS,2011,4189.79980348341,70.1085769660032,70.1640602638495,140.766344089557,4.70566335701583,1110207.0,10.0595505803179,12.9857431156539,0.0,0.0,0.375,0.3571429,0.2249999999999999,0.4906666999999999,0.4444444444444444,13.920057943121082,3.7814202707499196,142.5503395625501
Timor-Leste,TLS,2012,4297.91482204398,57.6008064351503,70.0278421982138,128.500488863095,3.47958024159337,1134885.0,10.6738399647305,12.7911410611587,0.0,0.0,0.5,0.3571429,0.2249999999999999,0.4886666999999999,0.4444444444444444,13.942042763324517,3.753079640109709,108.1150185605702
Timor-Leste,TLS,2013,4340.27851790544,40.2465640142135,67.8276665960217,79.634121567732,4.00200675225529,1158695.0,11.2590154844998,20.1062137855102,0.125,0.0,0.5,0.3571429,0.2249999999999999,0.4913333,0.4444444444444444,13.96280579283455,3.7652537487585915,42.363695861459746
Timor-Leste,TLS,2014,4445.3594272103,41.0756466405035,69.3739464182596,82.7357767711716,2.34229136010836,1181903.0,11.9393629408756,16.979297360775,0.125,0.0,0.5,0.3214286,0.2249999999999999,0.4913333,0.4444444444444444,13.982637255375685,3.7260534731167034,105.08090930486014
Timor-Leste,TLS,2015,4467.80011988177,35.628659348021,72.9840325557506,60.0769230184537,2.70363935182192,1205131.0,12.4198895962795,18.3707616020673,0.125,0.0,0.5,0.3214286,0.2249999999999999,0.4913333,0.4444444444444444,14.0020996624759,3.7347198573928684,22.44069267147006
Timor-Leste,TLS,2016,4515.4226379882,38.253604599224,77.3856943732818,60.3106239445445,0.333972458756695,1228312.0,13.1373208443359,19.2291160430386,0.125,0.0,0.5,0.3214286,0.2249999999999999,0.4913333,0.4444444444444444,14.021152241204794,3.6764683969006757,47.62251810643011
Timor-Leste,TLS,2017,4290.02726532164,32.944829681811,81.1665700933061,58.6347534789983,0.423750951361252,1251703.0,11.7713177131771,15.7805274141176,0.125,0.0,0.5625,0.3214286,0.2249999999999999,0.4896666999999999,0.4444444444444444,14.04001638096492,3.678738310740672,-225.39537266656043
Timor-Leste,TLS,2018,4188.84115175127,32.9208519722836,83.0952419040915,64.8191803659945,3.08007810122631,1275959.0,10.8961340777813,16.4990210288231,0.125,0.0,0.5625,0.3214286,0.2249999999999999,0.4896666999999999,0.4444444444444444,14.059209394433132,3.7436689987041514,-101.18611357036934
Tonga,TON,1996,5510.7084261902,25.2771049725938,92.3290100097656,77.8333565419141,0.128315740863586,100275.0,30.0265342805786,18.9002641392339,0.5454545,0.4040403999999999,0.8030303,0.4478113999999999,0.5959595999999999,0.469697,0.4444444444444444,11.515681663163946,3.671249174423318,
Tonga,TON,1997,5455.90517573817,18.9298623885803,92.3290100097656,71.850198257484,-0.0048978691415935,100674.0,29.5553717594045,16.7080753801791,0.5454545,0.4040403999999999,0.8030303,0.4478113999999999,0.5959595999999999,0.469697,0.4444444444444444,11.519652785719655,3.6678538410824806,-54.803250452029715
Tonga,TON,1998,5541.68325773841,19.9033477259452,92.3290100097656,78.2916318575919,0.0238688418561464,101388.0,29.5596949335148,16.3991078143938,0.5454545,0.4040403999999999,0.8030303,0.4478113999999999,0.5959595999999999,0.469697,0.4444444444444444,11.526719882992374,3.6685880203087633,85.77808200023992
Tonga,TON,1999,5632.72252396599,19.5540078085107,101.259719848633,60.7775208771412,0.480977947157759,102046.0,29.6108291032149,17.1083137486243,0.5454545,0.4040403999999999,0.8030303,0.4478113999999999,0.5959595999999999,0.469697,0.4444444444444444,11.533188770451641,3.680182524752147,91.0392662275799
Tonga,TON,2000,5808.26509143352,19.7261510145368,100.165519714355,61.508239295468,4.49717744985392,102677.0,29.9887672002247,18.1054832340091,0.5454545,0.4040403999999999,0.8030303,0.4478113999999999,0.5959595999999999,0.469697,0.4444444444444444,11.539353156805507,3.7766574903197228,175.5425674675298
Tonga,TON,2001,5860.08077786935,23.1839915188947,97.5217514038086,62.4065643935194,4.21200124520251,103288.0,29.90014585437,18.4174602892502,0.5454545,0.4040403999999999,0.8030303,0.4478113999999999,0.5959595999999999,0.469697,0.4444444444444444,11.545286163474483,3.7701057951553003,51.815686435829775
Tonga,TON,2002,6085.11323193626,23.9297188195537,101.04744720459,73.8374093817514,2.56728501801885,103874.0,30.396747511566,17.687542530742,0.5454545,0.4040403999999999,0.8030303,0.4478113999999999,0.5959595999999999,0.469697,0.4444444444444444,11.55094353215775,3.7314584223029903,225.03245406690985
Tonga,TON,2003,6053.8798660639,20.1250717288707,109.53938293457,73.2160568173731,0.0901243029612134,104464.0,29.8962404746506,17.0678003356506,0.5454545,0.4040403999999999,0.8030303,0.4478113999999999,0.5959595999999999,0.469697,0.4444444444444444,11.556607366056351,3.670276933597077,-31.233365872359172
Tonga,TON,2004,5900.45741291394,19.7063691847424,97.9341201782227,73.9737151214869,2.39886931834874,105071.0,28.811212054066,16.5603761993835,0.5454545,0.4040403999999999,0.8030303,0.4478113999999999,0.5959595999999999,0.469697,0.4444444444444444,11.562401108430754,3.727415378825981,-153.42245314996035
Tonga,TON,2005,5828.37054398018,21.6534087068824,97.9341201782227,76.2080494394572,2.29371409620501,105671.0,28.1053781053781,16.6647322768346,0.25,0.5,0.75,0.5,0.75,0.5,0.4444444444444444,11.5680952361037,3.7248826728888993,-72.08686893376034
Tonga,TON,2006,5670.9141842869,20.5220100117669,97.8654708862305,66.3549884749532,3.75983551599556,106253.0,27.0558170813719,15.3239515886713,0.25,0.5,0.75,0.5,0.75,0.5,0.4444444444444444,11.573587733136854,3.759628852839339,-157.4563596932794
Tonga,TON,2007,5506.65177833752,20.2246238134897,102.244041442871,68.2299182500325,5.89035555053906,106726.0,25.85562575615,15.7013029178113,0.25,0.5,0.6875,0.5,0.75,0.5625,0.4444444444444444,11.578029451202275,3.808061705625782,-164.26240594938008
Tonga,TON,2008,5758.56828665219,20.0175440686659,103.846702575684,72.6563791156237,6.24719241143554,107020.0,26.638596867625,15.5113181085154,0.25,0.5,0.6875,0.5,0.75,0.5625,0.4444444444444444,11.580780355869482,3.815949138291137,251.91650831466995
Tonga,TON,2009,5453.87514548883,24.3059965617122,104.440650939941,74.3406648891028,0.0790635732994994,107203.0,24.8586056236095,16.7737154226022,0.25,0.5,0.6875,0.5,0.75,0.5625,0.4444444444444444,11.582488840355545,3.669995183588312,-304.69314116336045
Tonga,TON,2010,5488.75040326595,28.6607072079984,105.640548706055,70.7976681214649,1.27041874988286,107400.0,24.6341071141371,18.0424982701103,0.5,0.5,0.8125,0.5,0.75,0.625,0.4444444444444444,11.58432477200052,3.6998953552633185,34.87525777712017
Tonga,TON,2011,5847.44389420769,27.9219321736928,107.053398132324,78.8578648859134,1.8451444721178,107570.0,25.8702191663086,19.0875708794809,0.5,0.5,0.875,0.5416667,0.75,0.6875,0.4444444444444444,11.585906373655035,3.714006062910424,358.6934909417405
Tonga,TON,2012,5907.26711603507,34.9883672497694,94.5147705078125,77.9722872799652,-0.178618753397925,107460.0,25.7565132962943,18.8662320133186,0.5,0.5,0.875,0.5416667,0.75,0.625,0.4444444444444444,11.584883270027714,3.6634086723970483,59.82322182737971
Tonga,TON,2013,5951.69432111238,22.2028837785637,95.4586410522461,82.731581196292,1.38770980540009,107078.0,25.439239646979,15.8952134096482,0.5,0.5,0.875,0.5416667,0.75,0.625,0.4444444444444444,11.581322158778578,3.702791309921426,44.427205077309736
Tonga,TON,2014,6096.86914784745,21.5967097250699,96.7714748784441,74.7304245935745,3.00261120308574,106609.0,25.7204689896998,16.128191902045,0.3333333,0.5833332999999999,0.8888889,0.6111111,0.6666667,0.625,0.4444444444444444,11.576932594944521,3.741833898411376,145.17482673507038
Tonga,TON,2015,6194.63923003718,23.3162751064744,103.261224756552,81.3902410936397,3.37347770551723,106095.0,25.7244675267273,15.5472098085233,0.3333333,0.5833332999999999,0.8888889,0.6111111,0.6666667,0.625,0.4444444444444444,11.572099623608649,3.750588921146818,97.77008218972969
Tonga,TON,2016,6639.13678737964,24.1973377109968,103.261224756552,87.7771675387955,3.9505771329227,105524.0,25.5545028979046,15.9723714684611,0.3333333,0.5833332999999999,0.8888889,0.6111111,0.6666667,0.625,0.4444444444444444,11.5667031706507,3.7640618395424896,444.4975573424599
Tonga,TON,2017,6862.66870605024,26.6999595514284,103.261224756552,88.0434937486257,-3.40708330022208,105356.0,26.0069561314933,16.4212234408385,0.5,0.6666667,0.8333332999999999,0.6111111,0.7222221999999999,0.625,0.4444444444444444,11.565109862207676,3.5769856969541394,223.53191867060013
Tunisia,TUN,1996,7821.79219107359,23.1943271636343,58.3619918823242,85.7203547620671,1.21680620022798,9294432.0,30.8454049385624,28.4884849184163,0.25,0.75,0.5,0.3928570999999999,0.3999999999999999,0.25,0.6111111111111112,16.04492617673915,3.6985688458351054,
Tunisia,TUN,1997,8136.3376111408,23.6717313039916,59.8096504211426,80.5007104439621,1.65189067777703,9421270.0,31.0121220269789,26.500867351831,0.25,0.75,0.5625,0.3928570999999999,0.3999999999999999,0.25,0.6111111111111112,16.058480563140915,3.709283467009657,314.5454200672093
Tunisia,TUN,1998,8417.98493264685,24.0342362299869,66.0825881958008,79.9794582620079,2.98459369650589,9541667.0,31.1717789806752,25.7754506092035,0.25,0.75,0.625,0.3928570999999999,0.3999999999999999,0.25,0.6111111111111112,16.07117887090855,3.7414066015940097,281.6473215060505
Tunisia,TUN,1999,8821.98791288257,24.3549702746199,69.9536819458008,77.9051139411665,1.51382652723785,9655963.0,31.3822217727812,26.0458998081996,0.25,0.75,0.65625,0.3928570999999999,0.3999999999999999,0.25,0.6111111111111112,16.08308631350069,3.7058958446647883,404.0029802357203
Tunisia,TUN,2000,9134.41506327005,25.1666474141621,72.4827117919922,82.639110670191,3.49602747137556,9764935.0,31.5649909332367,26.8066210495559,0.25,0.75,0.6875,0.3928570999999999,0.3999999999999999,0.25,0.6111111111111112,16.094308568251982,3.7534651781725334,312.42715038747883
Tunisia,TUN,2001,9380.56317617024,25.3250762291157,74.8093338012695,89.5522011944661,2.04621697501891,9869677.0,31.7168135115858,26.4366983342993,0.3125,0.75,0.53125,0.4107142499999999,0.4125,0.3125,0.6064814814814815,16.10497778676401,3.718896166283701,246.14811290019134
Tunisia,TUN,2002,9407.55676671593,24.763838401031,76.4910736083984,85.3421759692656,3.41507220577273,9971515.0,31.7400165760544,26.5762343014844,0.375,0.75,0.375,0.4285714,0.425,0.375,0.5555555555555556,16.115243186547158,3.7515660765426624,26.993590545689585
Tunisia,TUN,2003,9752.02442335824,22.9003878642588,76.0593566894531,82.390340709916,1.96504647635127,10071632.0,31.8415147548692,25.5614419956351,0.25,0.5,0.625,0.4285714,0.35,0.375,0.5555555555555556,16.125233416393524,3.716924968963803,344.4676566423095
Tunisia,TUN,2004,10263.8055422408,22.1288154794856,80.0033264160156,86.9253446966283,1.89888949723214,10166163.0,32.1183062402669,25.5797726482743,0.375,0.5,0.4375,0.3928570999999999,0.4499999999999999,0.375,0.5555555555555556,16.134575509064252,3.715315490724245,511.7811188825599
Tunisia,TUN,2005,10529.1598956845,21.4499295455088,83.4392318725586,90.2512478803945,2.20844919497596,10255472.0,32.254356780267,26.4335697738291,0.25,0.5,0.4375,0.3928570999999999,0.425,0.25,0.5555555555555556,16.143322072266976,3.722824313555026,265.35435344369944
Tunisia,TUN,2006,10983.9221903991,22.5836061561056,85.9542694091797,93.9409304094309,9.42473369729129,10346410.0,32.1376261744862,27.1847312495356,0.375,0.5,0.625,0.4642856999999999,0.525,0.2686667,0.5555555555555556,16.152150254254337,3.8835697626176136,454.762294714601
Tunisia,TUN,2007,11613.9247511428,23.0432471999118,89.6093063354492,104.059400976647,3.89395159860218,10441702.0,32.6924296275612,28.9083416057516,0.3125,0.5,0.59375,0.4285714,0.5,0.2686667,0.5555555555555556,16.161318249721084,3.762747866906705,630.0025607437001
Tunisia,TUN,2008,11990.1962371716,23.628811069379,91.0540390014648,114.343660218696,5.79738619600755,10542635.0,33.3620313270408,31.44941852471,0.25,0.5,0.5,0.4285714,0.525,0.3486667,0.5555555555555556,16.17093816468564,3.805996477591875,376.2714860287997
Tunisia,TUN,2009,12229.7752536693,24.3334719448099,88.8368377685547,93.0168787876722,3.50988118042442,10650681.0,32.1702862178674,28.0412153272481,0.25,0.5,0.5,0.4285714,0.5,0.2653333,0.5555555555555556,16.18113448562808,3.753789806454651,239.57901649770065
Tunisia,TUN,2010,12458.2710366551,26.0078083562899,88.1112289428711,100.151009836799,2.88814231758981,10765980.0,33.272480164779,29.5235517709565,0.25,0.5,0.5625,0.4285714,0.4499999999999999,0.1763333,0.6018518518518519,16.191901813286325,3.739116084782119,228.49578298579945
Tunisia,TUN,2011,12068.7136257667,23.1108457618913,89.3414688110352,100.106379304237,0.899077534980039,10886035.0,33.5858915293943,30.54812597421,0.375,0.5,0.3125,0.3214286,0.425,0.351,0.5648148148148148,16.20299142497063,3.6906711173539204,-389.5574108883993
Tunisia,TUN,2012,12436.3958115735,23.8562334816964,89.3414688110352,101.550723929668,3.28518933963283,11009647.0,32.9758035751167,30.1215368230456,0.375,0.5,0.375,0.3571429,0.425,0.3556667,0.5925925925925926,16.214282537252267,3.7485116441918036,367.6821858067997
Tunisia,TUN,2013,12587.9950645596,23.3100539589265,87.2357025146484,98.9549566862038,2.1744128074392,11141361.0,33.2136723196893,29.1379467288349,0.375,0.25,0.375,0.3571429,0.475,0.5253333,0.5833333333333334,16.2261750471085,3.7220014646974624,151.5992529860996
Tunisia,TUN,2014,12824.0028914441,21.5386454071231,84.9663467407227,96.1071038558701,2.03842746868013,11274288.0,33.3799065674883,27.1288836396189,0.5,0.25,0.4375,0.3928570999999999,0.475,0.5436667,0.5833333333333334,16.238035381497696,3.7187071692922973,236.0078268845009
Tunisia,TUN,2015,12802.7917211433,20.9814458888535,85.7816009521484,87.2485306596052,2.11999260597179,11402264.0,33.104187268085,24.8970515198959,0.5,0.25,0.4375,0.3928570999999999,0.5,0.5573332999999999,0.5833333333333334,16.249322577840157,3.7206844172853937,-21.211170300801314
Tunisia,TUN,2016,12803.8797371543,20.4975710197309,90.3264236450195,87.0926643641466,1.40344558640993,11528674.0,33.3531673104354,24.0076023041992,0.5,0.25,0.375,0.3928570999999999,0.525,0.5466667,0.5833333333333334,16.260347968035465,3.7031791942547176,1.0880160110009456
Tunisia,TUN,2017,12955.4014814241,20.0462692931679,90.3264236450195,95.8091979825804,1.9233125677007,11650498.0,33.2897491995898,23.624101204276,0.5,0.5,0.4375,0.5,0.525,0.4606667,0.5833333333333334,16.27085956967672,3.7159099610111945,151.52174426979946
Turkiye,TUR,1996,13826.9201097072,24.642885719721,59.2662200927734,39.6477180344549,0.288376703171623,61951134.0,23.5102702736249,33.2559430925955,0.25,0.25,0.3125,0.4642856999999999,0.375,0.25,0.6064814814814815,17.94185648709839,3.675313601046899,
Turkiye,TUR,1997,14631.2958814739,24.8723867638259,59.2662200927734,42.7610666826994,0.305135116508485,62852966.0,24.781536770091,33.2224731022753,0.125,0.25,0.25,0.4464285499999999,0.35,0.1875,0.5486111111111112,17.956308699523518,3.675738193508557,804.3757717666995
Turkiye,TUR,1998,14704.3385744207,22.205994628538,59.2662200927734,40.3769887377902,0.340536066432393,63734383.0,24.4169894885646,31.0177716471483,0.0,0.25,0.1875,0.4285714,0.325,0.125,0.5,17.97023475513323,3.6766345225159114,73.04269294680125
Turkiye,TUR,1999,14066.1896257233,19.9197261956537,69.3712387084961,37.6665043273244,0.305056291376802,64591923.0,24.1843825594786,28.2828588017996,0.0625,0.25,0.28125,0.4642857,0.3624999999999999,0.125,0.4629629629629629,17.98359994545787,3.675736196810827,-638.1489486974006
Turkiye,TUR,2000,14856.914625257,22.3110247868039,74.5879898071289,42.3746746988077,0.357417831801301,65425961.0,26.2681751143831,26.8038683547198,0.125,0.25,0.375,0.5,0.3999999999999999,0.125,0.5277777777777778,17.996429710131764,3.677061675078883,790.7249995337006
Turkiye,TUR,2001,13872.1287284566,18.0765435272869,85.3136215209961,49.9447830679013,1.65780492583561,66245128.0,24.9818138839444,25.5218513969355,0.1875,0.25,0.34375,0.5,0.4374999999999999,0.1875,0.5462962962962963,18.008872495599242,3.709428326428403,-984.7858968004002
Turkiye,TUR,2002,14587.894621656,19.6716408524051,90.1109924316406,48.1026101234402,0.449376588359619,67048795.0,25.3413565064741,24.6318670867085,0.25,0.25,0.3125,0.5,0.475,0.25,0.5,18.02093121078204,3.6793852722266718,715.7658931993992
Turkiye,TUR,2003,15255.7177960689,20.9444240457006,91.8227310180664,46.3681553387846,0.539644361182156,67831730.0,25.0508373590589,24.8432929751477,0.25,0.25,0.3125,0.5,0.475,0.25,0.5300925925925926,18.032540652278197,3.68166090283236,667.8231744129007
Turkiye,TUR,2004,16583.8837094062,25.6417207426795,88.3136901855469,48.9934575435266,0.679008638958041,68592617.0,27.2793407626019,25.1592284848331,0.25,0.25,0.375,0.5,0.475,0.25,0.5555555555555556,18.043695477576367,3.6851641075807255,1328.1659133372996
Turkiye,TUR,2005,17902.5966004487,26.8770342277655,84.943717956543,46.3088308846211,1.97338571270823,69329557.0,28.7768518642608,25.2941440738888,0.25,0.25,0.5,0.5,0.5,0.375,0.5555555555555556,18.054381895591845,3.717127663603633,1318.7128910425017
Turkiye,TUR,2006,18972.0089563632,29.0425348290191,88.5527877807617,48.9456766641314,3.60660172381881,70045349.0,29.213227576963,26.0949736856779,0.375,0.25,0.5625,0.5357143,0.475,0.3566667,0.5555555555555556,18.064653447387645,3.7560532878397,1069.4123559144973
Turkiye,TUR,2007,19909.083519675,28.5042444802335,90.7344512939453,48.027468179713,3.21746696332257,70158112.0,29.1970888257755,26.4310925169888,0.375,0.25,0.53125,0.5357143,0.475,0.3566667,0.5555555555555556,18.06626200999946,3.746915320874672,937.0745633118022
Turkiye,TUR,2008,19839.5845462269,27.3051055897033,89.0569686889648,50.7612500066681,2.56004537243285,71051678.0,29.2665200496327,26.2111946844741,0.375,0.25,0.5,0.5357143,0.475,0.3563332999999999,0.5555555555555556,18.07891804347377,3.7312849607741208,-69.49897344810233
Turkiye,TUR,2009,18612.1925231905,22.9623515725507,80.1907424926758,47.0391385732199,1.31290302296241,72039206.0,27.710364093047,24.0534082630626,0.375,0.25,0.625,0.5357143,0.4499999999999999,0.3563332999999999,0.5555555555555556,18.092721070437985,3.700945274875341,-1227.3920230363983
Turkiye,TUR,2010,19897.4464836887,24.87828284324,84.2024002075195,46.9433366709891,1.16274364749147,73142150.0,28.6990495125983,24.5086143505767,0.375,0.25,0.5,0.5357143,0.4499999999999999,0.3576667,0.5185185185185185,18.10791537960499,3.6972294179739382,1285.2539604981976
Turkiye,TUR,2011,21760.4291923634,27.9887488412804,87.80322265625,53.651583897618,1.91686136260632,74223629.0,28.9650366794661,26.8475365830986,0.375,0.25,0.5,0.5357143,0.4499999999999999,0.3576667,0.5,18.122593121050695,3.7157529696527125,1862.9827086747027
Turkiye,TUR,2012,22517.7148287875,27.3995231020684,85.0204315185547,53.3277612968607,1.55241965245755,75175827.0,28.5007782275892,26.6835564000517,0.375,0.25,0.5,0.5357143,0.4499999999999999,0.3586667,0.5,18.135340301078177,3.70684394421222,757.2856364240979
Turkiye,TUR,2013,24117.3121099839,28.7953288884594,102.209701538086,53.0683530043043,1.40962960980578,76147624.0,28.8625238348854,27.7513691316392,0.375,0.25,0.5,0.5357143,0.4499999999999999,0.3543332999999999,0.5,18.148184448375215,3.7033315882103635,1599.597281196402
Turkiye,TUR,2014,24888.8521742576,29.0843333155967,105.97550201416,54.30677404128,1.41530142282668,77181884.0,28.9211378228255,28.1981753928692,0.375,0.25,0.5,0.5357143,0.4499999999999999,0.3373333,0.4675925925925925,18.161675337201256,3.7034713392620975,771.5400642737004
Turkiye,TUR,2015,25984.8027306177,30.0119130355216,107.243186950684,51.8749252596832,2.225752648523,78218479.0,28.2848566246646,27.9632974104138,0.375,0.25,0.375,0.5357143,0.4499999999999999,0.3373333,0.4722222222222222,18.175016494732592,3.723242374839804,1095.9505563600978
Turkiye,TUR,2016,26489.6436816046,30.0433084585307,108.547561645508,48.870183807987,1.58873607703875,79277962.0,27.8341440772129,28.3385128402288,0.375,0.25,0.375,0.5357143,0.4499999999999999,0.3346667,0.4722222222222222,18.188470753912224,3.7077352929346015,504.8409509869016
Turkiye,TUR,2017,28194.688309381,30.2598822010726,112.977333068848,56.1356585158689,1.29532700760314,80312698.0,27.590605625973,29.0347245862534,0.375,0.25,0.375,0.5357143,0.4499999999999999,0.3293333,0.4722222222222222,18.201438310871755,3.7005110500991156,1705.0446277763986
Tanzania,TZA,1996,1730.55456542969,11.3429234260611,5.0444598197937,35.7265066969485,1.59077685028243,30945762.0,7.51332938927696,8.97212033896713,0.125,0.0,0.375,0.3571429,0.325,0.0,0.5277777777777778,17.24774664950052,3.7077853580131683,
Tanzania,TZA,1997,1755.8037109375,10.1373549819879,5.5465898513794,28.8587832233337,1.41496919733439,31578089.0,7.48142016414411,8.95303842819244,0.125,0.125,0.40625,0.3571429,0.325,0.0,0.5231481481481481,17.267974083645413,3.70346315390625,25.24914550781
Tanzania,TZA,1998,1773.72424316406,22.607984129031,5.5465898513794,26.1436420608095,1.41550329957581,32420458.0,7.45481496073212,20.23597314949,0.125,0.25,0.4375,0.3571429,0.325,0.0,0.4722222222222222,17.294300232098788,3.703476313059097,17.92053222656
Tanzania,TZA,1999,1810.97155761719,19.5997270860923,5.5465898513794,25.0220548113162,4.06712098236526,33300330.0,7.42821898600614,19.7937333397483,0.125,0.25,0.34375,0.33928575,0.325,0.0,0.4722222222222222,17.32107789484121,3.7667607711220223,37.24731445313
Tanzania,TZA,2000,1839.93664550781,18.763909618931,5.5465898513794,23.9891151549808,3.46551698028756,34260139.0,7.40444629124217,19.21152665607,0.125,0.25,0.25,0.3214286,0.325,0.0,0.4722222222222222,17.34949313725003,3.7527498665167887,28.965087890619998
Tanzania,TZA,2001,1899.74536132813,19.5825981449716,5.5465898513794,28.0301432282533,4.04947475303632,35198299.0,7.38633372046587,19.3805148755861,0.125,0.25,0.34375,0.3214286,0.325,0.0,0.4722222222222222,17.376508343947517,3.766352586034158,59.80871582032
Tanzania,TZA,2002,1982.64428710938,19.2975411959793,5.5465898513794,27.4992172734904,2.79955328638088,36121304.0,7.37123121893028,21.4945294072568,0.125,0.25,0.4375,0.3214286,0.325,0.0,0.4722222222222222,17.40239341542851,3.737007649718682,82.89892578125
Tanzania,TZA,2003,2059.83740234375,21.7017881940806,5.5465898513794,30.4488358249326,2.09316343526651,37089555.0,7.35594069822038,23.2451517323038,0.125,0.25,0.4375,0.3214286,0.325,0.0,0.4722222222222222,17.428845978512484,3.7200344736979236,77.19311523437
Tanzania,TZA,2004,2155.24145507813,25.6740520256466,5.5465898513794,33.609786736665,2.65421873789577,38109668.0,7.34145268956587,23.1054997824457,0.125,0.25,0.4375,0.3214286,0.2749999999999999,0.125,0.4722222222222222,17.45597858742791,3.7335390031221873,95.40405273438
Tanzania,TZA,2005,2253.09326171875,28.5449716514674,5.5465898513794,36.9592732894013,5.08562696835774,39182076.0,7.33927491721965,22.9395155844488,0.0,0.25,0.4375,0.3214286,0.2749999999999999,0.125,0.4722222222222222,17.483729980816282,3.790042477168456,97.85180664062
Tanzania,TZA,2006,2334.1044921875,31.5031858875853,5.5465898513794,42.7681664691467,2.16456512450246,40294902.0,7.33394616651742,22.84522243779,0.25,0.25,0.5625,0.3214286,0.325,0.506,0.4884259259259259,17.511735542491294,3.7217632650672727,81.01123046875
Tanzania,TZA,2007,2423.61596679688,33.8875320870203,5.5465898513794,48.0583947796554,2.66011088834969,41435512.0,7.3708964987358,23.1971900747875,0.25,0.25,0.53125,0.3214286,0.325,0.506,0.5462962962962963,17.539648873026096,3.7336798631770174,89.51147460938
Tanzania,TZA,2008,2493.25927734375,36.0601528558413,5.5465898513794,49.0265445510865,4.94943766923668,42570728.0,7.40011676488204,23.7375391938967,0.25,0.25,0.5,0.3214286,0.325,0.5093333,0.5370370370370371,17.56667746239344,3.786960584544301,69.64331054687
Tanzania,TZA,2009,2560.81103515625,30.9967357868291,5.5465898513794,43.5326006456317,3.24017488387777,43633982.0,7.43017297387218,21.6769086388074,0.25,0.25,0.5,0.3214286,0.325,0.5093333,0.5277777777777778,17.591346831329595,3.7474508664317314,67.5517578125
Tanzania,TZA,2010,2654.80346679688,30.7705684106003,31.8920497894287,47.6404394295683,5.66396796617806,44758488.0,7.51634022035151,23.5561736572068,0.25,0.25,0.5,0.3571429,0.325,0.5213333,0.5069444444444445,17.616791683018707,3.803025243007561,93.99243164063
Tanzania,TZA,2011,2779.70776367188,35.0995294827868,31.8920497894287,56.1661241821809,3.54720849735785,46029367.0,7.61543948227423,26.3820840879185,0.25,0.25,0.5,0.3571429,0.325,0.5213333,0.5,17.644790185523192,3.7546639580240413,124.904296875
Tanzania,TZA,2012,2822.4853515625,32.9644448669364,31.8920497894287,54.3689490815138,4.53878496380622,47374260.0,7.67195901698643,25.3994987211663,0.25,0.25,0.5,0.3571429,0.325,0.5293333,0.4814814814814814,17.673589622300607,3.777609811512336,42.77758789062
Tanzania,TZA,2013,2924.86328125,33.9571812287903,32.3857446198788,48.6316275295495,4.57242839319348,48824128.0,7.74607629474209,25.4467450324696,0.25,0.25,0.5,0.3571429,0.35,0.5256666999999999,0.4722222222222222,17.703735195346187,3.7783791865369554,102.3779296875
Tanzania,TZA,2014,3027.56909179688,33.1703490007101,29.6310806274414,45.3560223433065,2.8329281892962,50351512.0,7.83732800190639,25.1415034758525,0.25,0.25,0.5,0.3571429,0.35,0.5256666999999999,0.4722222222222222,17.734539226329797,3.737802500487906,102.70581054688
Tanzania,TZA,2015,3111.44458007813,31.8711320581175,26.090669631958,40.7576808778314,3.17633492826527,52020962.0,7.87043007642645,24.4873501095853,0.25,0.25,0.5,0.3571429,0.35,0.5193333,0.4722222222222222,17.76715732992416,3.745944528543155,83.87548828125
Tanzania,TZA,2016,3214.24682617188,32.7538452434608,25.6429992626308,35.4204704002636,1.73591210997565,53824013.0,7.91321058053826,24.8583993681558,0.25,0.25,0.5,0.3571429,0.35,0.5253333,0.4722222222222222,17.801230282421738,3.7113394627391925,102.80224609375
Tanzania,TZA,2017,3318.28833007813,35.1589886009781,26.3711632016128,33.1125919853124,1.76011643802415,55652890.0,7.93788936940802,25.0421511861537,0.25,0.25,0.5,0.3214286,0.35,0.5156666999999999,0.4722222222222222,17.834644584022023,3.711930956725682,104.04150390625
Uganda,UGA,1996,1367.94573764936,16.9728012774724,10.1793003082275,35.3854868820104,2.00179157800548,21231550.0,18.949992926128,14.7093091916828,0.25,0.25,0.0625,0.5,0.2249999999999999,0.125,0.4444444444444444,16.870998888005726,3.717817792357197,
Uganda,UGA,1997,1396.63106915218,16.8941618081021,10.1793003082275,34.1585669652784,2.79136538541262,21856046.0,18.8600661054302,15.9366696942402,0.125,0.25,0.0625,0.5,0.1749999999999999,0.0625,0.4513888888888889,16.89998819178958,3.7368125515717123,28.68533150282019
Uganda,UGA,1998,1422.20789184705,15.9240447805555,10.1793003082275,30.043921931244,3.18915524586374,22515806.0,18.7615539945705,16.4380304481358,0.0,0.25,0.0625,0.5,0.125,0.0,0.5,16.92972815384696,3.7462472129282514,25.57682269486986
Uganda,UGA,1999,1487.75796178874,19.265179238009,10.1793003082275,36.0247101570245,2.33722633189323,23257281.0,18.6617871599156,17.8468236368977,0.0,0.25,0.0625,0.5,0.125,0.0,0.5,16.962128845260487,3.725931460736126,65.55006994169003
Uganda,UGA,2000,1487.00498853512,19.233964611848,10.1793003082275,32.7490333383822,2.59476174980504,24000150.0,18.5428692823011,21.4381815994678,0.0,0.25,0.0625,0.5,0.125,0.0,0.5,16.993570679959095,3.732116489687789,-0.7529732536199845
Uganda,UGA,2001,1516.96423755695,19.047563027436,10.1793003082275,35.3299767819725,2.59388837097761,24745676.0,18.4213188599645,21.168654308304,0.0,0.25,0.0625,0.5,0.125,0.0,0.5,17.024161365056308,3.732095578938122,29.95924902182992
Uganda,UGA,2002,1598.5828380849,19.9632838513961,10.1793003082275,36.2777941561831,2.98852729237692,25532870.0,18.3046045961668,22.9201021171547,0.0,0.25,0.0625,0.5,0.125,0.0,0.5,17.055477238829166,3.741499904944001,81.6186005279501
Uganda,UGA,2003,1649.1482601448,20.6833256726828,10.1793003082275,36.5857264641268,3.06033199910157,26352124.0,18.1493723824902,22.6767077659616,0.0,0.25,0.0625,0.5,0.125,0.0,0.5,17.087059474861288,3.7432015563177625,50.5654220598999
Uganda,UGA,2004,1709.36159216857,19.9444298032441,19.1225490570068,35.4600862456436,3.72085072270846,27154515.0,17.8234358585165,20.8640088141741,0.0,0.25,0.1875,0.5,0.125,0.0,0.5,17.11705392568701,3.7587203915506615,60.213332023770135
Uganda,UGA,2005,1765.03788457066,22.2017167509714,19.1225490570068,38.9942854839061,4.11082611076276,27963289.0,17.4723512090348,23.5101064935397,0.0,0.25,0.125,0.5,0.15,0.125,0.5,17.14640313650482,3.7677710228246735,55.676292402089985
Uganda,UGA,2006,1898.97915280479,20.9249602485175,19.1225490570068,43.6332857896204,6.45705802026041,28794003.0,17.1595208313288,22.7661611506903,0.25,0.25,0.4375,0.3214286,0.4499999999999999,0.4213332999999999,0.5,17.17567772898626,3.8205590669416982,133.9412682341299
Uganda,UGA,2007,1999.0624896434,21.8688822859194,24.0911102294922,46.7774166522822,6.65659725038112,29653430.0,16.8640675374796,25.0773314305706,0.25,0.25,0.4375,0.3214286,0.4499999999999999,0.4213332999999999,0.4861111111111111,17.205088393408122,3.824922544132516,100.0833368386102
Uganda,UGA,2008,2110.10049271503,22.7482520102968,24.0911102294922,56.2582682050634,5.04737190164171,30539553.0,16.5478467703589,25.768110035453,0.25,0.25,0.4375,0.3214286,0.4499999999999999,0.4176667,0.4722222222222222,17.234533253849825,3.789177743854372,111.0380030716301
Uganda,UGA,2009,2188.29916246327,24.5565945444507,24.0911102294922,47.0638780748379,3.3491615513943,31451151.0,16.2361103483299,27.2861852856713,0.25,0.25,0.5,0.3214286,0.4499999999999999,0.4176667,0.4722222222222222,17.263946170010623,3.750017233313571,78.19866974823981
Uganda,UGA,2010,2244.60595194584,26.6490161355142,24.0911102294922,38.2692490371291,2.03900471067451,32390802.0,12.7912726651547,27.5918336188994,0.25,0.25,0.5,0.3214286,0.4499999999999999,0.4183332999999999,0.4722222222222222,17.29338508244255,3.7187211761550603,56.30678948256991
Uganda,UGA,2011,2384.4653273154,26.381152491705,24.0911102294922,39.7552255606122,3.2086060344385,33354543.0,11.0272341348781,27.5582956754514,0.25,0.25,0.4375,0.3214286,0.4499999999999999,0.421,0.4722222222222222,17.322704572918525,3.7467062661448294,139.85937536955998
Uganda,UGA,2012,2405.09455932767,25.7805974372942,24.0911102294922,43.5021371397314,4.41438584859015,34337438.0,11.0139164807625,27.1786073378959,0.25,0.25,0.4375,0.3214286,0.4499999999999999,0.422,0.4537037037037037,17.351746832900652,3.7747598374167453,20.629232012270222
Uganda,UGA,2013,2420.88808087266,31.4664204101325,24.0911102294922,43.1091548734687,3.79031709675384,35337042.0,9.76520314583242,25.4646646803777,0.25,0.25,0.4375,0.3214286,0.4499999999999999,0.424,0.4444444444444445,17.380442348463145,3.7603385895905928,15.793521544989744
Uganda,UGA,2014,2470.50380909598,26.2315329113631,24.0911102294922,36.0144010819085,3.24589612959273,36395539.0,6.78552503228429,25.222682012996,0.25,0.25,0.4375,0.3214286,0.4499999999999999,0.424,0.4444444444444445,17.409956797627338,3.747585751562528,49.615728223320275
Uganda,UGA,2015,2520.0201028843,23.2629074282493,24.0911102294922,37.6892983324358,2.27760507458345,37531446.0,6.81283757436838,27.1098848763257,0.25,0.25,0.375,0.3571429,0.475,0.424,0.4444444444444445,17.440689726189955,3.724494113376254,49.51629378831967
Uganda,UGA,2016,2554.22769062073,24.8711103998499,24.0911102294922,31.2093620232119,2.1425304891559,38799152.0,6.80467892367048,26.1664603884593,0.25,0.25,0.375,0.3571429,0.4499999999999999,0.3419999999999999,0.4444444444444445,17.47390897445832,3.7212300770336877,34.207587736430014
Uganda,UGA,2017,2543.84754394956,24.052422886294,24.0911102294922,36.8370529334101,2.61088918011351,40177388.0,6.81704113840997,26.0309948147929,0.25,0.25,0.375,0.3571429,0.4499999999999999,0.3363333,0.4444444444444445,17.508814932661206,3.732502539854322,-10.380146671169769
Ukraine,UKR,1996,9969.5009765625,20.7203226241735,94.7813720703125,93.8566450766079,1.16924072792846,51226109.0,28.207736314008,33.7810817110122,0.125,0.0,0.3125,0.4642856999999999,0.1999999999999999,0.125,0.4722222222222221,17.751759920961348,3.697390481400414,
Ukraine,UKR,1997,9754.0498046875,19.8329140470198,94.7813720703125,84.2414161623735,1.2422352423285,50786885.0,26.8287043089702,30.4803727306807,0.0625,0.0,0.25,0.4285713999999999,0.1749999999999999,0.125,0.4722222222222221,17.743148729616067,3.6991982437226563,-215.451171875
Ukraine,UKR,1998,9646.0546875,19.5880810581619,94.7813720703125,86.0497284415116,1.77400963613502,50379731.0,26.1996300517224,30.6287953369138,0.0,0.0,0.1875,0.3928570999999999,0.15,0.125,0.4722222222222221,17.735099509303332,3.712270314188547,-107.9951171875
Ukraine,UKR,1999,9704.4453125,19.2660337927968,94.7813720703125,101.951706965548,1.57058250563469,49976446.0,26.0941139824608,32.0180616672544,0.0,0.0,0.25,0.3928570999999999,0.1375,0.125,0.4722222222222221,17.727062392408804,3.707289831791926,58.390625
Ukraine,UKR,2000,10364.0625,19.7447311046512,97.8325805664062,115.735714934593,1.83783307310592,49556660.0,25.6559277978213,31.6502770712209,0.0,0.0,0.3125,0.3928570999999999,0.125,0.125,0.4351851851851852,17.718627239574204,3.7138277975933036,659.6171875
Ukraine,UKR,2001,11379.3857421875,19.7703326624837,99.4165725708008,99.9261276192731,2.01477599147626,49106855.0,25.8762812114206,29.9078962945424,0.0,0.0,0.375,0.3928570999999999,0.1749999999999999,0.125,0.4074074074074074,17.709509216418134,3.7181330939146244,1015.3232421875
Ukraine,UKR,2002,12092.7890625,19.2061946373506,100.038528442383,95.994669810112,1.57657070830023,48677281.0,26.1765585797595,30.2155139276837,0.0,0.0,0.4375,0.3928570999999999,0.2249999999999999,0.125,0.3611111111111111,17.700722990506748,3.7074367951477916,713.4033203125
Ukraine,UKR,2003,13342.8798828125,20.5812045933911,101.250122070312,102.590182257396,2.73791628490563,48315136.0,26.5944407445069,30.4267094517856,0.0,0.0,0.4375,0.3928570999999999,0.2249999999999999,0.125,0.3611111111111111,17.69325546496984,3.735538050940992,1250.0908203125
Ukraine,UKR,2004,15021.06640625,22.424372944309,98.8390197753906,109.981708544962,2.55131815944331,47979507.0,27.0865454973239,29.3717696283534,0.0,0.0,0.4375,0.3928570999999999,0.2249999999999999,0.125,0.3611111111111111,17.686284561050634,3.7310758172024605,1678.1865234375
Ukraine,UKR,2005,15610.5732421875,21.8700049199147,95.1181106567383,94.6475701087848,8.7495509827803,47585556.0,27.3495323767276,30.1861914393484,0.0,0.0,0.4375,0.3928570999999999,0.2249999999999999,0.125,0.4004629629629629,17.678039848789414,3.869578950597873,589.5068359375
Ukraine,UKR,2006,16901.5078125,24.3894884764733,97.1627883911133,89.181052639031,5.00872538573992,47278694.0,27.6517878940007,30.5434517130428,0.0,0.0,0.5,0.3928570999999999,0.2749999999999999,0.4813332999999999,0.4166666666666667,17.671570329158346,3.7883034021194684,1290.9345703125
Ukraine,UKR,2007,18374.013671875,27.1194744816311,97.6914291381836,88.0465606718626,6.8531805098082,47062798.0,27.8956882086386,30.6585222325477,0.0,0.0,0.5625,0.3928570999999999,0.3,0.4813332999999999,0.4166666666666667,17.666993416757858,3.8292028419779953,1472.505859375
Ukraine,UKR,2008,18883.986328125,25.9064470907401,97.740348815918,94.1718921417534,5.68814936936009,46819175.0,27.8707488723098,28.083434007624,0.0,0.0,0.625,0.3928570999999999,0.3,0.4813332999999999,0.4166666666666667,17.66180342055564,3.8035644202267584,509.97265625
Ukraine,UKR,2009,16092.7958984375,18.3174558256128,97.3778762817383,87.4761626200316,3.9234187670663,46623731.0,27.864380986191,24.759831137373,0.0,0.0,0.5,0.3928570999999999,0.325,0.5646667,0.4166666666666667,17.657620239847986,3.7634318560931077,-2791.1904296875
Ukraine,UKR,2010,16811.794921875,18.016214744977,98.1416817681323,95.72973045329,4.56840018285092,46456003.0,27.6202902247422,25.6492814021248,0.0,0.0,0.5625,0.3928570999999999,0.325,0.5433333,0.4166666666666667,17.654016272137,3.7782870985656816,718.9990234375
Ukraine,UKR,2011,17783.95703125,18.3513220642495,96.1171826388401,104.805073904259,4.256089748054,46307853.0,27.6030735650808,24.8391242667758,0.0,0.0,0.5625,0.3928570999999999,0.325,0.6053333,0.4166666666666667,17.650822137499816,3.7711215025905824,972.162109375
Ukraine,UKR,2012,17848.740234375,19.4035210842878,99.4775493061556,102.622788356626,4.47720109403357,46210056.0,27.8164754183168,24.2660524050508,0.0,0.0,0.5,0.3928570999999999,0.325,0.5303333,0.3981481481481481,17.64870801634493,3.7761999450098402,64.783203125
Ukraine,UKR,2013,17889.091796875,17.3158498598174,99.4303801060075,94.0016694501782,2.36694390135139,46126770.0,26.6881133013717,22.4302649907366,0.0,0.0,0.5,0.3571429,0.3,0.528,0.3888888888888888,17.646904055251827,3.726647120169679,40.3515625
Ukraine,UKR,2014,16978.8125,14.1360438334756,98.2963249258606,100.691782483624,0.634438528402592,45972380.0,26.3371206273024,22.8189915653958,0.0,0.0,0.0625,0.3928570999999999,0.2749999999999999,0.514,0.3888888888888888,17.6435513610898,3.68404508140539,-910.279296875
Ukraine,UKR,2015,15403.7099609375,13.5487069936597,90.502896110392,107.806616298156,-0.217508398305494,45784896.0,24.9225998018664,21.7279577419459,0.0,0.25,0.1875,0.3928570999999999,0.2749999999999999,0.5233333,0.3888888888888888,17.63946483487636,3.66241085180483,-1575.1025390625
Ukraine,UKR,2016,15856.8125,15.4563637377393,88.5457508688536,105.521204913122,4.42178946686191,45616832.0,24.4706691004535,23.1783620717483,0.0,0.25,0.1875,0.3928570999999999,0.325,0.5233333,0.3981481481481481,17.6357873511043,3.7749296812445414,453.1025390625
Ukraine,UKR,2017,16310.3603515625,15.7762894271386,86.788702271804,104.034982911399,3.28306130596563,45436041.0,24.5220360831255,23.2888002154817,0.0,0.25,0.125,0.4642856999999999,0.35,0.523,0.4166666666666667,17.631816224710168,3.7484615218382014,453.5478515625
Uzbekistan,UZB,1996,3046.56376344753,23.000095157758,85.7901000976562,57.1985913618542,0.645212527339969,23351981.0,18.1201652254374,26.0832065159454,0.0,0.0,0.125,0.0357143,0.175,0.0,0.6666666666666666,16.96619242070387,3.6843157000490456,
Uzbekistan,UZB,1997,3150.0853013379,28.3160836583643,85.7901000976562,57.1985913618542,1.13126132489788,23758960.0,18.1515966559079,22.8733761248119,0.0,0.0,0.0625,0.0357143,0.175,0.0,0.6666666666666666,16.98347032254635,3.696448599694847,103.52153789036993
Uzbekistan,UZB,1998,3234.35751357407,27.9912269676124,85.7901000976562,45.4179547762326,0.931351445248341,24134929.0,18.287488802015,22.4,0.0,0.0,0.0,0.0357143,0.175,0.0,0.6666666666666666,16.99917072672034,3.6914761966420864,84.27221223616971
Uzbekistan,UZB,1999,3326.4252682467,25.245929364013,85.7901000976562,36.6188588125863,0.7096656112296,24476008.0,18.6138513741708,21.0461041218419,0.0,0.0,0.0,0.0357143,0.175,0.0,0.6666666666666666,17.013203971271643,3.6859330889737536,92.06775467263014
Uzbekistan,UZB,2000,3410.65044991898,22.8682884875292,85.3468933105469,44.0540299791129,0.542857629929967,24787054.0,18.7555180517343,20.2297579555228,0.0,0.0,0.0,0.0357143,0.175,0.0,0.6666666666666666,17.025832099051964,3.6817418132543365,84.22518167228009
Uzbekistan,UZB,2001,3509.72863761694,26.8186709439019,85.3468933105469,56.776277587152,0.726225245162731,25090283.0,18.9408802232919,19.9520841370069,0.0,0.0,0.0625,0.0357143,0.175,0.0,0.6666666666666666,17.03799123752924,3.686348215212172,99.07818769795995
Uzbekistan,UZB,2002,3604.69346202514,20.4907250812059,85.3468933105469,58.954524710746,0.674044441759953,25399980.0,19.1609482473908,19.3887412418459,0.0,0.0,0.125,0.0357143,0.175,0.0,0.6666666666666666,17.05025898395699,3.685039532941232,94.9648244082
Uzbekistan,UZB,2003,3711.77853054423,20.0944737911418,95.4466171264648,70.4592746850874,0.815041487200325,25711259.0,19.4393000601376,20.445956928078,0.0,0.0,0.0,0.0357143,0.175,0.0,0.6666666666666666,17.06243958620924,3.688571774818577,107.08506851908987
Uzbekistan,UZB,2004,3939.53039814876,21.4419704754914,96.2950973510742,76.5956691950086,1.46799380148438,26029350.0,19.8481363464155,22.3056846912976,0.0,0.0,0.0625,0.0357143,0.175,0.0,0.6666666666666666,17.07473534389004,3.7047687242952207,227.75186760453016
Uzbekistan,UZB,2005,4160.95512970703,19.8776643179221,87.8653335571289,69.5252584247083,1.49216056466347,26356975.0,20.2648759895523,26.0120326061017,0.0,0.0,0.0625,0.0714286,0.175,0.0,0.6666666666666666,17.087243541746197,3.7053631927022077,221.4247315582702
Uzbekistan,UZB,2006,4413.72281227266,21.6289781253402,88.7272109985352,67.4712921717973,1.19530557570436,26699043.0,20.7474912278192,26.8384702412792,0.125,0.0,0.125,0.0714286,0.15,0.0616667,0.6666666666666666,17.10013831748601,3.698036371531219,252.7676825656299
Uzbekistan,UZB,2007,4764.56391427529,23.5133025895708,89.7682189941406,74.4141929762327,2.99176207276698,27076008.0,21.3023661646641,26.8627172756297,0.125,0.0,0.15625,0.0714286,0.15,0.0616667,0.6666666666666666,17.114158617008275,3.741576626142581,350.84110200262967
Uzbekistan,UZB,2008,5115.64391465594,26.7771453792424,88.2303695678711,79.7479920348578,1.85438789059302,27494774.0,21.8618159499155,29.0650709010567,0.125,0.0,0.1875,0.0714286,0.15,0.0579999999999999,0.6666666666666666,17.129506544584512,3.71423138893083,351.08000038064984
Uzbekistan,UZB,2009,5439.55068123847,28.3518580027382,89.0436019897461,68.673142199791,1.81985173937585,27939328.0,22.4140311486212,30.3526438159739,0.0,0.0,0.125,0.0714286,0.15,0.0579999999999999,0.6666666666666666,17.145545895756676,3.713389244468901,323.9067665825305
Uzbekistan,UZB,2010,5760.80511957791,22.5907016952306,89.9835586547852,49.2689977994484,3.34115466012917,28385506.0,22.8214036211282,21.2295148101409,0.0,0.0,0.3125,0.0714286,0.125,0.0579999999999999,0.6666666666666666,17.16138925597404,3.749828914793956,321.25443833943973
Uzbekistan,UZB,2011,6100.25100998284,20.7843666958629,89.7831726074219,49.6542884929351,2.68375111593279,28823196.0,22.84965392143,19.7779804592697,0.0,0.0,0.3125,0.0714286,0.0999999999999999,0.0579999999999999,0.6666666666666666,17.176691072293167,3.7342448162920583,339.44589040492974
Uzbekistan,UZB,2012,6435.56467226429,20.894843279837,92.0473722973161,44.2393191333204,1.10230120247607,29261903.0,22.8231892949853,20.427938155189,0.0,0.0,0.3125,0.0714286,0.0999999999999999,0.0573333,0.6666666666666666,17.19179702320951,3.69572979775509,335.31366228145
Uzbekistan,UZB,2013,6797.77494784494,21.7617594826989,92.0626676426806,42.3779149727359,0.945033981533171,29724065.0,22.8458937425096,21.2945196362137,0.0,0.0,0.3125,0.0714286,0.0999999999999999,0.0573333,0.6666666666666666,17.20746757868497,3.6918173147634894,362.21027558065
Uzbekistan,UZB,2014,7145.10980664151,22.185351439757,91.7418371921357,36.3570546649043,1.00027476951682,30222994.0,22.8827137262897,22.0708925481202,0.0,0.0,0.3125,0.0714286,0.125,0.0816667,0.6666666666666666,17.22411361645009,3.693193336021989,347.3348587965702
Uzbekistan,UZB,2015,7529.76364274179,22.0905771004939,92.2428124917835,30.7561914307089,1.20794015152469,30749346.0,22.9042032680756,22.520460823215,0.0,0.0,0.375,0.0714286,0.125,0.065,0.6666666666666666,17.24137931621896,3.6983493078150262,384.6538361002804
Uzbekistan,UZB,2016,7839.97820100236,21.6785573020986,92.8148657883702,29.1922970388042,1.93048466413592,31284568.0,23.0554068019345,22.9212712989472,0.0,0.0,0.5625,0.0714286,0.125,0.065,0.6666666666666666,17.258635530749462,3.7160844664773265,310.2145582605699
Uzbekistan,UZB,2017,8047.05375469466,22.9671633501257,93.8775736591193,42.5595081895217,2.57993736270607,31819178.0,23.0527389904132,24.7253778434458,0.0,0.0,0.5,0.0714286,0.15,0.1483333,0.6666666666666666,17.275579779158274,3.731761499595258,207.07555369229976
St. Vincent and the Grenadines,VCT,1996,8923.70555514296,21.8350400834961,78.9735565185547,68.6270739127592,12.8645169940336,113119.0,21.0655950220379,17.617483408192,0.5858586,0.6363635999999999,0.8636364,0.6127946,0.7474746999999999,0.6212120999999999,0.4444444444444444,11.636204481130399,3.9519582753048708,
St. Vincent and the Grenadines,VCT,1997,9234.69888368764,21.8350400834961,78.9735565185547,68.6270739127592,26.5894907239771,113141.0,21.2717058222676,19.0291593005176,0.5858586,0.6363635999999999,0.8636364,0.6127946,0.7474746999999999,0.6212120999999999,0.4444444444444444,11.636398945954978,4.186044352985614,310.9933285446805
St. Vincent and the Grenadines,VCT,1998,9609.10378620502,21.8350400834961,78.9735565185547,68.6270739127592,23.8082020678648,113180.0,21.3935902966327,19.2491846506141,0.5858586,0.6363635999999999,0.8636364,0.6127946,0.7474746999999999,0.6212120999999999,0.4444444444444444,11.636743586140783,4.142830796113959,374.404902517379
St. Vincent and the Grenadines,VCT,1999,9853.34736551962,21.8350400834961,78.9735565185547,68.6270739127592,14.5363717367812,113366.0,21.0620314936862,17.8484084402904,0.5858586,0.6363635999999999,0.8636364,0.6127946,0.7474746999999999,0.6212120999999999,0.4444444444444444,11.638385622634527,3.983581050166727,244.24357931459963
St. Vincent and the Grenadines,VCT,2000,9999.05879203685,21.8350400834961,78.9735565185547,68.6270739127592,12.6913900432479,113545.0,20.6792831181852,16.6518139228873,0.5858586,0.6363635999999999,0.8636364,0.6127946,0.7474746999999999,0.6212120999999999,0.4444444444444444,11.63996332014088,3.948625742311842,145.7114265172313
St. Vincent and the Grenadines,VCT,2001,10177.8094583896,21.8350400834961,78.9735565185547,68.6270739127592,3.86141465002383,113501.0,20.5690752527143,16.2047821116351,0.5858586,0.6363635999999999,0.8636364,0.6127946,0.7474746999999999,0.6212120999999999,0.4444444444444444,11.639575736893718,3.7619920783837943,178.75066635274925
St. Vincent and the Grenadines,VCT,2002,10736.0878714164,21.8350400834961,85.5541229248047,68.6270739127592,5.38789344689429,113347.0,20.5633595646098,15.3325637846608,0.5858586,0.6363635999999999,0.8636364,0.6127946,0.7474746999999999,0.6212120999999999,0.4444444444444444,11.63821801131596,3.796848863968736,558.2784130267992
St. Vincent and the Grenadines,VCT,2003,11475.3312414531,21.8350400834961,85.5010681152344,68.6270739127592,6.85125115746727,113141.0,20.7720764869799,15.7103068403561,0.5858586,0.6363635999999999,0.8636364,0.6127946,0.7474746999999999,0.6212120999999999,0.4444444444444444,11.636398945954978,3.829160922198965,739.2433700367001
St. Vincent and the Grenadines,VCT,2004,11979.907294501,21.8350400834961,94.3642807006836,68.6270739127592,15.120110354189,112835.0,20.874727978049,16.1819535599222,0.5858586,0.6363635999999999,0.8636364,0.6127946,0.7474746999999999,0.6212120999999999,0.4444444444444444,11.633690716065077,3.9943909508087647,504.57605304790013
St. Vincent and the Grenadines,VCT,2005,12320.0710011077,21.8350400834961,89.9227676391602,68.6270739127592,6.88174169420403,112450.0,20.795257509724,15.803460598478,0.875,0.875,0.9125,0.9166667,0.8125,0.875,0.4444444444444444,11.630272850189183,3.82982319633036,340.16370660670145
St. Vincent and the Grenadines,VCT,2006,13233.4068930431,21.8350400834961,89.9227676391602,68.6270739127592,18.6436807370603,112014.0,21.1370262390671,15.9185016274684,0.875,0.875,0.875,0.875,0.8125,0.875,0.4444444444444444,11.62638806988103,4.057271330413117,913.3358919353996
St. Vincent and the Grenadines,VCT,2007,13732.3622591495,21.8350400834961,104.393867492676,68.6270739127592,11.7815895828964,111531.0,21.3953488372093,17.5789207618579,0.875,0.875,0.875,0.875,0.8125,0.875,0.4444444444444444,11.62206682422267,3.9309280303335004,498.9553661064001
St. Vincent and the Grenadines,VCT,2008,13850.3936790063,21.8350400834961,108.906349182129,68.6270739127592,21.4509743987017,111028.0,21.0431736499704,15.7098142403655,0.875,0.875,0.875,0.875,0.875,0.875,0.4444444444444444,11.617546707432952,4.104684712017077,118.0314198567994
St. Vincent and the Grenadines,VCT,2009,13723.7838252622,21.8350400834961,111.075256347656,68.6270739127592,15.3014273138421,110508.0,20.8274382730136,15.8660687716811,0.875,0.875,0.875,0.875,0.875,0.8125,0.4444444444444444,11.61285224458704,3.9977250022662902,-126.60985374409938
St. Vincent and the Grenadines,VCT,2010,13175.7230154228,21.8350400834961,110.652717590332,68.6270739127592,13.3089028738841,109959.0,20.5317611433553,15.903054750972,0.875,0.875,0.9375,0.875,0.875,0.8125,0.4444444444444444,11.607871942279182,3.960461795644527,-548.0608098394005
St. Vincent and the Grenadines,VCT,2011,13168.8964291743,21.8350400834961,108.306083679199,68.6270739127592,11.8576076339128,109349.0,20.3267703887283,15.1351236077184,0.875,0.875,0.9375,0.875,0.875,0.8125,0.4444444444444444,11.602309026104914,3.9324188071152317,-6.826586248500462
St. Vincent and the Grenadines,VCT,2012,13397.9632982701,21.8350400834961,105.851867675781,68.6270739127592,18.1986473300916,108736.0,20.1949701366164,14.5760767657253,0.875,0.875,0.9375,0.875,0.875,0.8125,0.4444444444444444,11.596687401575542,4.049544188118262,229.06686909580094
St. Vincent and the Grenadines,VCT,2013,13804.1837951887,21.8350400834961,108.723846435547,68.6270739127592,20.0776834830317,108135.0,20.23317121949,14.7069261247007,0.875,0.875,0.9375,0.875,0.875,0.8125,0.4444444444444444,11.591144973163663,4.08177146298903,406.22049691859866
St. Vincent and the Grenadines,VCT,2014,14040.2460690452,21.8350400834961,111.371963500977,68.6270739127592,16.1399244753356,107535.0,19.9941013657607,14.1124131006087,0.6666667,0.6666667,0.8888889,0.7777778,0.5555555999999999,0.8125,0.4444444444444444,11.585580954209748,4.013000327683911,236.06227385650163
St. Vincent and the Grenadines,VCT,2015,14508.8609465459,21.8350400834961,114.022842407227,68.6270739127592,15.7495814618354,106960.0,20.1245612048466,14.9489099213637,0.6666667,0.6666667,0.8888889,0.7222221999999999,0.6666667,0.8125,0.4444444444444444,11.580219561021574,4.00591827009303,468.61487750069864
St. Vincent and the Grenadines,VCT,2016,15197.7482513352,21.8350400834961,114.022842407227,68.6270739127592,8.66074512206484,106349.0,20.0940495568819,14.3822033821215,0.6666667,0.75,0.8888889,0.7222221999999999,0.6666667,0.8125,0.4444444444444444,11.574490820628384,3.8677241058934353,688.8873047893012
St. Vincent and the Grenadines,VCT,2017,15533.2212821544,21.8350400834961,114.022842407227,68.6270739127592,19.5953970726633,105663.0,20.1171786635298,14.6706100723592,0.6666667,0.75,0.8333332999999999,0.7222221999999999,0.6666667,0.8125,0.4444444444444444,11.5680195272798,4.0735983451003825,335.47303081919927
"Venezuela, RB",VEN,1996,6575.77541290499,15.2717472795582,56.0293006896973,55.9724277883021,3.09455717335353,22662113.0,22.5557782645448,44.7587058654958,0.125,0.0,0.4375,0.3571429,0.3,0.25,0.5555555555555555,16.93620510135744,3.744011617782449,
"Venezuela, RB",VEN,1997,6575.77541290499,25.4754298264334,56.0293006896973,51.2450364065399,7.22526529614492,23131685.0,24.0716545243611,46.3535894096273,0.125,0.0,0.4375,0.3571429,0.3,0.25,0.5208333333333333,16.956713923898704,3.8372545989645164,0.0
"Venezuela, RB",VEN,1998,6575.77541290499,28.568852953675,56.0293006896973,43.5993929334366,5.50052336097173,23601337.0,24.6969857323003,40.5740835171807,0.125,0.0,0.4375,0.3571429,0.3,0.25,0.4722222222222221,16.976813963303997,3.7993732453293596,0.0
"Venezuela, RB",VEN,1999,6575.77541290499,23.7031423246597,56.0293006896973,42.0702304843238,2.99266605554676,24066593.0,22.9002472657412,41.940661829383,0.1875,0.0,0.4375,0.39285715,0.3125,0.3125,0.4722222222222221,16.996335295799806,3.7415980653842467,0.0
"Venezuela, RB",VEN,2000,6575.77541290499,21.0146991127765,59.0772895812988,47.8572215529808,4.01463241741596,24526708.0,22.9889839292935,46.4048482561673,0.25,0.0,0.4375,0.4285714,0.325,0.375,0.4722222222222221,17.015273244983806,3.7655461383095066,0.0
"Venezuela, RB",VEN,2001,6575.77541290499,24.0472760450107,63.1789817810059,42.141268017362,3.01356175819466,24979922.0,22.2485631469406,42.9102931639246,0.1875,0.0,0.4375,0.4107142499999999,0.2875,0.3125,0.4375,17.03358298019098,3.74209350872747,0.0
"Venezuela, RB",VEN,2002,6575.77541290499,21.9244284175156,67.2197189331055,48.5757106494068,0.819216932585212,25435671.0,20.8264449076426,46.6549699116747,0.125,0.0,0.4375,0.3928570999999999,0.25,0.25,0.287037037037037,17.051663156177,3.688676187624386,0.0
"Venezuela, RB",VEN,2003,6575.77541290499,15.4694928286595,68.4049072265625,50.577007378194,1.88111477594963,25892703.0,19.9924708756272,48.8417070697997,0.125,0.0,0.3125,0.3214286,0.2249999999999999,0.25,0.2222222222222222,17.069471788143495,3.7148826224306686,0.0
"Venezuela, RB",VEN,2004,6575.77541290499,18.3371952452711,71.0196380615234,55.3674556023219,1.32412757366554,26340838.0,20.4630636727823,51.1134764353283,0.125,0.0,0.3125,0.3214286,0.2249999999999999,0.25,0.3055555555555556,17.086631106467642,3.70122248472583,0.0
"Venezuela, RB",VEN,2005,6575.77541290499,20.2684776056469,73.3435287475586,60.1273297561422,1.68369269808689,26785804.0,20.6494359006429,53.0883974696502,0.125,0.0,0.4375,0.3214286,0.2249999999999999,0.25,0.3333333333333333,17.103382640980357,3.710062156418587,0.0
"Venezuela, RB",VEN,2006,6575.77541290499,22.3339760255626,75.8546676635742,58.6655915584603,0.107915126446007,27224686.0,22.1837874825646,51.9276623968995,0.125,0.0,0.375,0.3214286,0.2249999999999999,0.3473333,0.3101851851851852,17.119634729931168,3.6707299528461483,0.0
"Venezuela, RB",VEN,2007,6575.77541290499,25.0222903632995,78.2070236206055,56.1990954818909,1.89178854425804,27649363.0,23.1293994132024,49.2828626757633,0.0,0.0,0.375,0.2142857,0.1374999999999999,0.264,0.25,17.135113283859756,3.715142583489148,0.0
"Venezuela, RB",VEN,2008,6575.77541290499,22.1005317675378,79.8805770874023,51.8290123789932,0.659274461280102,28053696.0,22.8729914448606,50.6124593374834,0.0,0.0,0.375,0.2142857,0.125,0.2613333,0.2453703703703703,17.14963098160458,3.6846687940992853,0.0
"Venezuela, RB",VEN,2009,6575.77541290499,23.5287174805576,80.7918167114258,38.5209296583297,-0.344767329112459,28438298.0,22.4641943117532,40.8120935299234,0.0,0.0,0.375,0.2142857,0.125,0.2613333,0.2013888888888888,17.163247350984037,3.6591386973736744,0.0
"Venezuela, RB",VEN,2010,6575.77541290499,18.6820335726765,80.7240982055664,46.1368935240203,0.402601927997842,28813101.0,21.9677409284925,48.4086022795909,0.0,0.0,0.375,0.2142857,0.125,0.256,0.1944444444444444,17.1763407722122,3.678204053304596,0.0
"Venezuela, RB",VEN,2011,6575.77541290499,17.7307124255529,81.6782836914062,49.6381215967995,1.85002511047875,29185212.0,21.7971873569326,48.6321324133785,0.0,0.0,0.375,0.2142857,0.125,0.2526666999999999,0.1944444444444444,17.189172734863057,3.714125044140218,0.0
"Venezuela, RB",VEN,2012,6575.77541290499,18.1886729488896,83.8216934204102,50.6485838828706,1.33819275777321,29553826.0,21.2617412983533,48.6321324133785,0.0,0.25,0.375,0.2142857,0.125,0.255,0.1944444444444444,17.201723802737035,3.7015697405288868,0.0
"Venezuela, RB",VEN,2013,6575.77541290499,25.516427691348,91.4725494384766,62.4795214214587,0.828407125440933,29912198.0,21.3259307880631,48.6321324133785,0.0,0.25,0.25,0.2142857,0.0999999999999999,0.2523333,0.1944444444444444,17.213776948465313,3.688905962751655,0.0
"Venezuela, RB",VEN,2014,6575.77541290499,17.0428624250491,90.8081207275391,64.2074401112959,0.528670192739894,30254079.0,21.3454768491602,48.6321324133785,0.0,0.25,0.1875,0.2142857,0.075,0.2523333,0.1944444444444444,17.22514160937923,3.681384522826742,0.0
"Venezuela, RB",VEN,2015,6575.77541290499,17.4626493546021,88.8302230834961,60.288846101805,2.35633150346133,30573972.0,21.3119844799713,48.6321324133785,0.0,0.25,0.1875,0.2142857,0.0499999999999999,0.25,0.1944444444444444,17.235659649439437,3.726391610861382,0.0
"Venezuela, RB",VEN,2016,6575.77541290499,10.8589937535261,85.1329498291016,41.307217198655,1.40548157326263,30765720.0,21.1378092637334,48.6321324133785,0.0,0.25,0.1875,0.2142857,0.0499999999999999,0.2393333,0.1944444444444444,17.241911673604527,3.703229369994469,0.0
"Venezuela, RB",VEN,2017,6575.77541290499,8.06286288818543,83.9518280029297,42.5829358408751,-0.25801825119328,30565323.0,20.0638940937792,48.6321324133785,0.0,0.25,0.1875,0.2142857,0.0499999999999999,0.2123333,0.1944444444444444,17.23537672174867,3.6613704005120042,0.0
Viet Nam,VNM,1996,3584.02898335147,26.3189430810628,56.8839797973633,92.7057468018939,9.71308063712156,73156447.0,10.4119570771189,29.7298886912026,0.125,0.25,0.5,0.3928570999999999,0.375,0.125,0.6111111111111112,18.108110829187464,3.889485613041816,
Viet Nam,VNM,1997,3820.30249485434,26.6989347082325,56.8839797973633,94.3444840684516,8.2700967582097,74226889.0,12.2887907632106,32.0751347955985,0.125,0.25,0.5,0.4107142499999999,0.4125,0.125,0.5787037037037037,18.12263704140881,3.85952372080729,236.27351150286995
Viet Nam,VNM,1998,3982.95805965603,27.0211652082866,56.8839797973633,97.0012485118429,6.14121440264586,75299660.0,11.2393214421041,32.4912677242346,0.125,0.25,0.5,0.4285714,0.4499999999999999,0.125,0.5555555555555556,18.136986190767956,3.8136131144880885,162.65556480169016
Viet Nam,VNM,1999,4119.05367208231,25.7034770041656,56.8839797973633,102.787406603958,4.92266345680124,76287452.0,11.633984211904,34.4947517390022,0.125,0.25,0.5,0.4285714,0.4499999999999999,0.125,0.5555555555555556,18.15001903974425,3.7863535793287166,136.09561242628024
Viet Nam,VNM,2000,4349.22348751462,27.646803095692,56.8839797973633,111.417094419512,4.16392407955693,77154011.0,12.0662187889969,36.7307753268455,0.125,0.25,0.5,0.4285714,0.4499999999999999,0.125,0.5555555555555556,18.161314138013708,3.7689970200704224,230.1698154323094
Viet Nam,VNM,2001,4570.26846577385,29.1507287630248,56.8839797973633,111.955937998525,3.97733545270572,77969361.0,13.4973543819823,38.1294216644677,0.125,0.25,0.53125,0.4285714,0.4374999999999999,0.125,0.4907407407407407,18.171826512617958,3.764682155346965,221.04497825923045
Viet Nam,VNM,2002,4809.62151118535,31.1384532684289,56.8839797973633,116.696868652499,3.99268705133996,78772224.0,14.2644746609775,38.4866787864761,0.125,0.25,0.5625,0.4285714,0.425,0.125,0.4722222222222221,18.18207101807504,3.7650378650216867,239.3530454114998
Viet Nam,VNM,2003,5090.28990869885,33.3540361533182,56.8839797973633,124.327954439125,3.66601229989583,79563777.0,15.9419360062358,39.4700078083864,0.125,0.25,0.5625,0.4285714,0.425,0.125,0.4722222222222221,18.19206949699657,3.757441095094795,280.66839751350017
Viet Nam,VNM,2004,5421.09702829121,33.2539734687344,56.8839797973633,133.016497868747,3.54408107288199,80338971.0,16.8415132468136,40.2087495299221,0.125,0.25,0.5625,0.4285714,0.425,0.125,0.4722222222222221,18.201765391194925,3.7545907476055023,330.8071195923603
Viet Nam,VNM,2005,5776.36304451268,31.2735981689298,56.8839797973633,130.714846045026,3.39040363930871,81088313.0,18.2306495423517,38.1311399002846,0.125,0.25,0.5625,0.4285714,0.425,0.125,0.4722222222222221,18.211049414991678,3.7509866674877133,355.2660162214697
Viet Nam,VNM,2006,6098.24495436514,31.363976770146,56.8839797973633,138.313621869598,3.61600090432522,82167897.0,19.5708016119931,38.5847310338981,0.125,0.25,0.5625,0.4285714,0.425,0.175,0.5254629629629629,18.22427524846784,3.7562729772219337,321.88190985246
Viet Nam,VNM,2007,6418.54381402878,35.1069043263026,56.8839797973633,154.605383996554,8.65471771434805,83633375.0,20.3881132940118,38.5116248479069,0.1875,0.25,0.5625,0.4285714,0.425,0.175,0.5532407407407408,18.241953232831822,3.8675980896013114,320.29885966363963
Viet Nam,VNM,2008,6659.13561432065,31.8052012101133,56.8839797973633,154.317479627758,9.6630390545572,85175788.0,21.0771358253329,37.0776963788801,0.25,0.25,0.5625,0.4285714,0.425,0.1676667,0.5833333333333334,18.26022778474988,3.888461444875121,240.59180029187064
Viet Nam,VNM,2009,6914.33863589545,33.857133934242,56.8839797973633,134.706317721758,7.16881988884276,86460018.0,21.8479630251233,37.3881863793419,0.25,0.25,0.5625,0.3928570999999999,0.3999999999999999,0.1676667,0.5833333333333334,18.275192656958534,3.8360373079457597,255.2030215748
Viet Nam,VNM,2010,7274.73310698016,35.1596865348136,56.8839797973633,113.977687539714,5.4347392933443,87455152.0,21.6785952420111,33.0228771360005,0.25,0.25,0.5625,0.3928570999999999,0.3999999999999999,0.1813333,0.5416666666666666,18.286636682792928,3.797899597027632,360.39447108470995
Viet Nam,VNM,2011,7652.61895672271,30.5694066495721,56.8839797973633,125.260577940829,4.30487434902161,88468314.0,21.2757181730152,34.580408780539,0.25,0.25,0.5625,0.3928570999999999,0.3999999999999999,0.182,0.5277777777777778,18.298155023273896,3.772244197323067,377.8858497425499
Viet Nam,VNM,2012,7979.86828926858,28.6527327899415,56.8839797973633,123.224116745985,4.27832287681174,89510356.0,21.1899640109416,35.8602323946766,0.25,0.25,0.5625,0.3928570999999999,0.3999999999999999,0.1796666999999999,0.5277777777777778,18.309864897220354,3.771633316612892,327.24933254586995
Viet Nam,VNM,2013,8324.19871250047,28.3027845322716,56.8839797973633,130.846354866743,4.16454517277325,90573104.0,21.1832292145355,35.575150437736,0.25,0.25,0.625,0.3928570999999999,0.375,0.193,0.5277777777777778,18.32166787263861,3.7690113518152013,344.33042323189056
Viet Nam,VNM,2014,8751.88280634375,28.4047020277577,56.8839797973633,135.410521454361,3.94086189051961,91679578.0,21.4461042822337,35.2985684880333,0.25,0.25,0.5625,0.3928570999999999,0.425,0.1969999999999999,0.5277777777777778,18.333810218860823,3.7638365239327967,427.6840938432797
Viet Nam,VNM,2015,9248.02396069622,30.1767255413004,89.4548341262217,144.914228195237,4.93190773329022,92823254.0,22.7436707500954,34.2665466382117,0.25,0.25,0.5625,0.4642856999999999,0.4499999999999999,0.2843333,0.5277777777777778,18.346207759035742,3.7865632004023113,496.14115435247004
Viet Nam,VNM,2016,9743.1882231455,29.8938593535094,90.1583347107672,145.409507973118,4.90089302916746,94000117.0,24.7622070388361,34.1152288612372,0.25,0.25,0.5,0.4642856999999999,0.4499999999999999,0.2793333,0.5277777777777778,18.35880659555264,3.7858597444907307,495.1642624492797
Viet Nam,VNM,2017,10290.5487142244,30.5447649065873,91.0725198149335,160.98008365887,5.01148721749681,95176977.0,25.7768318231697,35.3903640729728,0.25,0.25,0.625,0.4642856999999999,0.4499999999999999,0.2693333,0.5092592592592592,18.37124864278546,3.788365911382964,547.3604910788999
Vanuatu,VUT,1996,3229.10220217595,18.6335616438356,30.5998096466064,92.9417808219178,12.523285011715,170911.0,9.22429038156041,9.93493150684932,0.4545455,0.4949495,0.7525253,0.5387204999999999,0.6363635999999999,0.5202019999999999,0.4444444444444444,12.048904083139497,3.94537921451777,
Vanuatu,VUT,1997,3315.48137240776,16.9050180345504,30.5998096466064,96.196924634563,11.0837578711861,174626.0,9.419993574954,8.50787825096501,0.4545455,0.4949495,0.7525253,0.5387204999999999,0.6363635999999999,0.5202019999999999,0.4444444444444444,12.070407549607491,3.917138122986253,86.3791702318099
Vanuatu,VUT,1998,3285.13835226801,16.7608455167878,30.5998096466064,94.7409334170479,7.77121291962937,178313.0,9.34791551413535,8.17412622955721,0.4545455,0.4949495,0.7525253,0.5387204999999999,0.6363635999999999,0.5202019999999999,0.4444444444444444,12.091301320118161,3.8489525507668225,-30.343020139750024
Vanuatu,VUT,1999,3228.59180513043,18.5528864221085,30.5998096466064,91.232330240222,5.00112608347965,182048.0,9.20227645413331,8.32249298991125,0.4545455,0.4949495,0.7525253,0.5387204999999999,0.6363635999999999,0.5202019999999999,0.4444444444444444,12.112031160592064,3.7881313849456797,-56.54654713757964
Vanuatu,VUT,2000,3342.16726611558,19.1795090943084,34.476390838623,87.1557917790657,7.44669130551293,186281.0,9.48674126098219,11.2229908389199,0.4545455,0.4949495,0.7525253,0.5387204999999999,0.6363635999999999,0.5202019999999999,0.4444444444444444,12.135016933564337,3.8420155738698853,113.57546098514968
Vanuatu,VUT,2001,3148.33464010842,18.3591248665955,34.9720115661621,87.7721451440768,6.98039768364935,191031.0,9.00488597248901,9.04749199573106,0.4545455,0.4949495,0.7525253,0.5387204999999999,0.6363635999999999,0.5202019999999999,0.4444444444444444,12.160196232262647,3.8319630674912175,-193.8326260071599
Vanuatu,VUT,2002,2911.04134701793,18.9970727436872,38.2522010803223,91.6997236888901,5.3932717652808,195863.0,8.35709039301854,8.95138565917982,0.4545455,0.4949495,0.7525253,0.5387204999999999,0.6363635999999999,0.5202019999999999,0.4444444444444444,12.18517581981719,3.796969553552686,-237.2932930904899
Vanuatu,VUT,2003,2962.03107292132,16.2316200390371,38.7092895507812,91.5679895901106,5.72730354776944,200746.0,8.51458438711853,8.18998048145738,0.4545455,0.4949495,0.7525253,0.5387204999999999,0.6363635999999999,0.5202019999999999,0.4444444444444444,12.209800687737197,3.8044368322063544,50.98972590339008
Vanuatu,VUT,2004,3005.79726389788,22.5620665147171,40.8122901916504,98.7059775016543,5.4358941630547,205711.0,8.63200697066512,7.59748057740852,0.4545455,0.4949495,0.7525253,0.5387204999999999,0.6363635999999999,0.5202019999999999,0.4444444444444444,12.23423241132403,3.7979254863409415,43.766190976559756
Vanuatu,VUT,2005,3089.43704035765,23.4147585056086,40.8122901916504,100.173820339297,3.35516527658254,210760.0,8.91608391608392,7.84740891814221,0.75,0.75,1.0,0.5833332999999999,0.875,0.5,0.4444444444444444,12.258480069045312,3.750158414996913,83.63977645977002
Vanuatu,VUT,2006,3270.70237527622,27.5164057517846,40.8122901916504,89.5414618090556,9.88873620776164,215923.0,9.52918203514862,8.09487564543005,0.75,0.75,1.0,0.5833332999999999,0.875,0.5,0.4444444444444444,12.282681772900064,3.893072359706999,181.26533491857026
Vanuatu,VUT,2007,3283.36553319499,31.8802223146433,40.8122901916504,90.1716511021211,6.61419496414564,221276.0,9.64528773259821,7.94926084161972,0.75,0.625,1.0,0.5416667,0.875,0.5625,0.4444444444444444,12.30717058932295,3.823996892639541,12.663157918769684
Vanuatu,VUT,2008,3381.38564426088,40.3538078612833,40.8122901916504,105.774852580058,6.38080367466041,226896.0,9.97518557110784,9.10913251925229,0.75,0.625,1.0,0.5416667,0.875,0.5625,0.4444444444444444,12.332251448996965,3.8188865134449843,98.02011106588998
Vanuatu,VUT,2009,3396.73599458141,39.9260160930806,40.8122901916504,108.489179063187,5.42349577313271,232731.0,10.0186669831781,11.1955989060499,0.75,0.625,1.0,0.5416667,0.875,0.5625,0.4444444444444444,12.35764285595108,3.7976475101692473,15.350350320530197
Vanuatu,VUT,2010,3359.84954476432,35.3637146901348,55.240120859084,103.823312203828,9.40930036151551,238248.0,10.3507081713786,12.8730998830697,0.75,0.625,1.0,0.5416667,0.8125,0.5,0.4444444444444444,12.381071624235867,3.883252136755536,-36.886449817090124
Vanuatu,VUT,2011,3390.96103912602,26.9109643712358,55.240120859084,96.9987664175314,7.93578473613464,243474.0,10.2839323814213,9.99492054277629,0.75,0.625,1.0,0.5416667,0.8125,0.5,0.4444444444444444,12.4027695468294,3.8524521350885155,31.111494361699897
Vanuatu,VUT,2012,3350.77088958974,23.3450734720979,55.240120859084,104.451629665983,8.07506480226511,248883.0,10.0115834713607,7.87407257715292,0.75,0.625,1.0,0.5416667,0.8125,0.5,0.4444444444444444,12.424742203444938,3.8554043572472887,-40.19014953627993
Vanuatu,VUT,2013,3292.23424552549,26.6849857724711,55.240120859084,106.410757127713,7.83052394467406,254482.0,9.71791875288139,8.21151592925291,0.75,0.625,1.0,0.5416667,0.8125,0.5,0.4444444444444444,12.446989315099216,3.8502151989741664,-58.536644064249685
Vanuatu,VUT,2014,3302.29177948687,23.5107714430272,55.240120859084,105.199318296807,1.7146015060309,260240.0,9.75249471301502,7.50006657257742,0.8333332999999999,0.4166667,0.8333332999999999,0.6111111,0.8888889,0.5,0.4444444444444444,12.469363403746675,3.7108183944399817,10.057533961379704
Vanuatu,VUT,2015,3357.63888534014,32.8582816010049,57.2510185241699,108.758665668253,4.08340749314985,266101.0,9.57736985666593,10.7490519094664,0.5,0.3333333,0.7777778,0.6111111,0.8333332999999999,0.5,0.4444444444444444,12.491634972908976,3.7671373559827304,55.34710585327002
Vanuatu,VUT,2016,3397.76730446483,24.4896789648019,57.2510185241699,106.351935265734,5.49263637992702,272087.0,9.89645310118787,10.4769109101537,0.5,0.3333333,0.7777778,0.5555555999999999,0.8333332999999999,0.5,0.4444444444444444,12.513880822365545,3.799196681271348,40.128419124690026
Vanuatu,VUT,2017,3465.91968561101,27.1438658614984,57.2510185241699,105.526573713997,4.34327388667744,278507.0,10.4758162906594,10.1699916743073,0.5,0.3333333,0.8333332999999999,0.5555555999999999,0.8888889,0.5,0.4444444444444444,12.537202063251096,3.773127011789522,68.15238114618023
Samoa,WSM,1996,4333.51287211017,31.5721407000319,76.3173217773438,87.9199711386734,0.464171058597735,176071.0,24.2938345654903,26.8949620745344,0.5,0.5,1.0,0.625,0.875,0.6875,0.4444444444444444,12.078648281274507,3.6797585925471608,
Samoa,WSM,1997,4325.13822221329,31.5721407000319,79.395866394043,87.9199711386734,7.00234996176022,177547.0,23.8517799577108,24.8975391877605,0.5,0.5,1.0,0.625,0.875,0.6875,0.4444444444444444,12.086996273875236,3.832438595297696,-8.374649896880328
Samoa,WSM,1998,4386.51915961412,31.5721407000319,78.7284622192383,87.9199711386734,1.11323349425146,178905.0,23.7761150184036,23.171589562107,0.5,0.5,1.0,0.625,0.875,0.6875,0.4444444444444444,12.094615807223962,3.6960012023651814,61.38093740083059
Samoa,WSM,1999,4448.31977912795,31.5721407000319,79.046272277832,87.9199711386734,-0.281322366753033,180275.0,23.5587286805663,27.2079388995037,0.5,0.5,0.96875,0.625,0.875,0.6875,0.4444444444444444,12.102244288850423,3.6607713689081436,61.80061951382959
Samoa,WSM,2000,4638.59446502597,31.5721407000319,77.3879165649414,87.9199711386734,-0.466208760178323,181685.0,23.8223325746603,27.7265036026668,0.5,0.5,0.9375,0.625,0.875,0.6875,0.4444444444444444,12.110035201333199,3.656006110046691,190.27468589801992
Samoa,WSM,2001,4941.1152254089,31.5721407000319,78.0200500488281,87.9199711386734,0.531202467169116,183166.0,24.4965283774915,29.4524257767869,0.5,0.5,0.90625,0.625,0.875,0.6875,0.4444444444444444,12.118153583992262,3.681448303916537,302.52076038293035
Samoa,WSM,2002,5183.45456244226,31.5721407000319,78.0871734619141,87.9199711386734,0.567585520505441,184471.0,23.6720951006665,30.0120902795379,0.5,0.5,0.875,0.625,0.875,0.6875,0.4444444444444444,12.125252969428159,3.6823642450227734,242.3393370333597
Samoa,WSM,2003,5425.44383557984,31.5721407000319,81.3155212402344,76.272148769255,0.817062394804595,185430.0,22.8753601445693,31.0083906253848,0.5,0.5,0.9375,0.625,0.875,0.6875,0.4444444444444444,12.130438124177513,3.6886223117788473,241.9892731375803
Samoa,WSM,2004,5568.34734622238,31.5721407000319,81.9052886962891,72.5293703149674,0.60844907406956,186249.0,21.5062506352272,32.3616645013541,0.4747475,0.5050505,0.8585859,0.5555555999999999,0.7676767999999999,0.6515152,0.4444444444444444,12.134845136241806,3.683391983152307,142.9035106425399
Samoa,WSM,2005,5914.889706043,31.5721407000319,81.7751388549805,76.2247442670718,0.78935616966683,186978.0,21.0295506679261,31.5654807150702,0.5,0.5,0.9375,0.625,0.875,0.6875,0.4444444444444444,12.138751590065427,3.687929237896189,346.5423598206198
Samoa,WSM,2006,6017.47704264273,31.5721407000319,81.539176940918,82.4691938417408,4.3862032048739,187709.0,19.6385158358902,31.3319535429466,0.5,0.5,0.9375,0.5833332999999999,0.8125,0.625,0.4444444444444444,12.142653497660518,3.7741130451718545,102.5873365997304
Samoa,WSM,2007,6013.27628827659,31.5721407000319,80.4865264892578,83.2022041824641,1.18938989753826,188753.0,17.9788913820327,31.214843755466,0.5,0.5,0.9375,0.5833332999999999,0.8125,0.625,0.4444444444444444,12.148199858939703,3.6978898168914465,-4.200754366140245
Samoa,WSM,2008,6182.76327854773,31.5721407000319,80.4865264892578,73.8864270586579,7.15667986967314,190107.0,16.9562780269058,30.6045956016331,0.5,0.5,0.9375,0.5833332999999999,0.8125,0.625,0.4444444444444444,12.155347610705201,3.835775304846113,169.4869902711398
Samoa,WSM,2009,6104.12751491364,31.5721407000319,82.5911865234375,75.9793921615973,1.57134083023162,191513.0,15.288621737284,22.4714571910199,0.5,0.5,0.9375,0.5833332999999999,0.8125,0.625,0.4444444444444444,12.162716191980255,3.7073084439008115,-78.63576363408993
Samoa,WSM,2010,6427.31156227699,13.2698861799845,84.0352967940982,78.5698016774915,0.0494567694984404,193023.0,15.0135571755614,14.7777818454724,0.5,0.5,0.9375,0.5833332999999999,0.8125,0.625,0.4444444444444444,12.170569812487518,3.669240618495491,323.18404736335015
Samoa,WSM,2011,6616.7710962495,36.5956948810845,82.7630728993357,81.600955014363,2.0416002953816,194713.0,14.2896338019076,15.766152527034,0.5,0.5,0.9375,0.5833332999999999,0.8125,0.5625,0.4444444444444444,12.17928709427085,3.718784155979281,189.45953397251014
Samoa,WSM,2012,6311.96070235073,39.3388315566307,82.3821348963746,82.7339794775292,2.69957638721683,196498.0,13.4049140372834,16.3070738394005,0.5,0.5,0.9375,0.5833332999999999,0.8125,0.5625,0.4444444444444444,12.18841262121998,3.73462282966029,-304.8103938987706
Samoa,WSM,2013,6262.32372017912,7.09089584404757,82.3821348963746,77.877751737476,1.72885382959682,198268.0,13.0731405496939,15.1467287917872,0.5,0.5,0.9375,0.5833332999999999,0.8125,0.5625,0.4444444444444444,12.197379973492513,3.711166909893593,-49.636982171609816
Samoa,WSM,2014,6247.90480904724,36.2584774391252,87.4514117977902,80.5007740440855,2.86810154101309,200037.0,12.9558247181588,15.2095204342126,0.5,0.75,0.9444444,0.5555555999999999,0.8888889,0.5625,0.4444444444444444,12.20626262748246,3.7386394995853385,-14.418911131880122
Samoa,WSM,2015,6432.35979168526,34.8502999542219,87.5602107303153,74.6343545643839,3.26002743040368,201782.0,13.1839198561521,14.5012807041262,0.5,0.75,0.9444444,0.6111111,0.8888889,0.5625,0.4444444444444444,12.214948141529517,3.747918835736721,184.45498263801983
Samoa,WSM,2016,6887.30523545286,34.6136802621545,87.3532286947715,75.2118171706314,0.298684612802242,203499.0,13.9325878696613,14.408683481377,0.5,0.75,0.9444444,0.6111111,0.8888889,0.5625,0.4444444444444444,12.223421283864786,3.675574784385967,454.9454437676004
Samoa,WSM,2017,6919.01572858501,31.1668537469007,87.3532286947715,74.011085031494,1.04146807605773,205415.0,14.0168400198118,13.1849554636851,0.6666667,0.75,0.9444444,0.6111111,0.8888889,0.5625,0.4444444444444444,12.232792470229555,3.694218210314508,31.710493132150077
"Yemen, Rep.",YEM,1996,6575.77541290499,22.642331396705,36.0791206359863,85.9391074430978,-0.925161426893741,17313177.0,8.830648837475,43.6912860353771,0.125,0.0,0.0625,0.3214286,0.125,0.25,0.5555555555555555,16.666978503599875,3.6440779844552655,
"Yemen, Rep.",YEM,1997,6575.77541290499,24.236794723318,36.0791206359863,80.145988654048,-2.02535761463574,17873936.0,8.6756521278722,45.1081445658861,0.0625,0.0,0.09375,0.3035714499999999,0.1124999999999999,0.1875,0.5208333333333333,16.698854176244552,3.614890972268673,0.0
"Yemen, Rep.",YEM,1998,6575.77541290499,23.6503380265952,36.0791206359863,72.6619985473237,-3.47032437981897,18446013.0,8.53885861963136,34.6870068699482,0.0,0.0,0.125,0.2857143,0.0999999999999999,0.125,0.4166666666666667,16.730358861749647,3.575215920672041,0.0
"Yemen, Rep.",YEM,1999,6575.77541290499,18.7062815111396,36.0791206359863,72.0039277408966,-4.02653360193704,19029420.0,9.16675630287312,43.102259288301,0.0,0.0,0.125,0.2857143,0.0999999999999999,0.125,0.3611111111111111,16.761496813165742,3.5595142176303183,0.0
"Yemen, Rep.",YEM,2000,6575.77541290499,18.9276615951282,36.0791206359863,75.4388386390908,0.066115307019514,19624141.0,10.0828154967204,48.7835790730058,0.0,0.0,0.125,0.2857143,0.0999999999999999,0.125,0.3611111111111111,16.79227110093179,3.669665251461126,0.0
"Yemen, Rep.",YEM,2001,6575.77541290499,19.5604238250263,39.9282608032227,70.8923979770182,1.57455746010621,20226147.0,10.8747500878583,44.9083545705105,0.0,0.0,0.125,0.2857143,0.0999999999999999,0.125,0.324074074074074,16.82248678073183,3.7073873881227257,0.0
"Yemen, Rep.",YEM,2002,6575.77541290499,18.4838501666927,39.9282608032227,74.7304558609206,1.06889926368752,20835086.0,11.8042871256944,45.1536229524171,0.0,0.0,0.125,0.2857143,0.0999999999999999,0.125,0.3055555555555555,16.85214899849592,3.6949001060067412,0.0
"Yemen, Rep.",YEM,2003,6575.77541290499,20.7266658273967,40.8348007202148,74.3826165968098,-0.756584613746177,21456379.0,12.7554084915677,45.9141110094936,0.0,0.0,0.1875,0.2857143,0.0999999999999999,0.125,0.3055555555555555,16.881532595010448,3.64847582572199,0.0
"Yemen, Rep.",YEM,2004,6575.77541290499,20.2796968195702,41.5881881713867,71.8466740069203,1.03534601615477,22095167.0,13.7302631669536,47.8015521496085,0.0,0.0,0.1875,0.2857143,0.0999999999999999,0.125,0.3055555555555555,16.910869500048282,3.694065962155118,0.0
"Yemen, Rep.",YEM,2005,6575.77541290499,18.5296186599287,40.5307083129883,76.773285677642,-1.80531053584597,22790085.0,14.2206226017972,51.5233832621526,0.0,0.0,0.1875,0.2857143,0.0999999999999999,0.125,0.3055555555555555,16.941836174799654,3.6207971330824633,0.0
"Yemen, Rep.",YEM,2006,6575.77541290499,16.3837695995646,40.5307083129883,82.0761626564135,5.88029989730047,23543083.0,14.4939344892358,51.9588106170624,0.25,0.25,0.1875,0.4285714,0.325,0.266,0.3055555555555555,16.974342662260238,3.8078385342127157,0.0
"Yemen, Rep.",YEM,2007,6575.77541290499,17.1942959985092,40.5307083129883,79.1234205876059,4.23684804102557,24318082.0,14.7699584017575,52.3036364513925,0.25,0.25,0.1875,0.4285714,0.35,0.266,0.3055555555555555,17.006730787942306,3.7706783405366298,0.0
"Yemen, Rep.",YEM,2008,6575.77541290499,15.4159109184981,37.9779014587402,81.244718850294,5.7769623200871,25111941.0,15.1887501867735,52.5715277111729,0.25,0.25,0.0625,0.4285714,0.325,0.1816667,0.3055555555555555,17.038854067848504,3.805542208138211,0.0
"Yemen, Rep.",YEM,2009,6575.77541290499,13.5448141590362,37.9779014587402,68.0713910145084,0.51412085018398,25927724.0,15.550538386863,52.7856660563457,0.125,0.0,0.0625,0.4285714,0.2749999999999999,0.1816667,0.3055555555555555,17.07082341745292,3.681017985696494,0.0
"Yemen, Rep.",YEM,2010,6575.77541290499,11.6610683680339,39.0662307739258,64.3856367797178,0.610357927076417,26754387.0,15.9866962517778,52.9607477523107,0.125,0.0,0.0625,0.4642856999999999,0.3,0.1713333,0.3055555555555555,17.102209055236806,3.6834399659154897,0.0
"Yemen, Rep.",YEM,2011,6575.77541290499,5.50051218577221,40.6695289611816,63.0594579549043,-1.58233916831705,27582897.0,14.7905819167716,53.1065650909838,0.125,0.0,0.0625,0.4285714,0.175,0.1689999999999999,0.3055555555555555,17.13270650095145,3.6267464125772317,0.0
"Yemen, Rep.",YEM,2012,6575.77541290499,8.70429265290944,40.9747505187988,61.3616371825683,-0.0402221829314871,28433647.0,14.7131910082057,39.7484554361741,0.0,0.0,0.125,0.3928570999999999,0.15,0.1873332999999999,0.287037037037037,17.16308379055554,3.6669515618465507,0.0
"Yemen, Rep.",YEM,2013,6575.77541290499,8.1057745110384,42.7084617614746,52.5118781367089,-0.330496410064222,29312952.0,14.8761664861244,38.9944141504647,0.0,0.0,0.0625,0.3928570999999999,0.175,0.1763333,0.2777777777777777,17.19354005820914,3.6595061728817955,0.0
South Africa,ZAF,1996,10623.8603593151,15.8049377773119,82.7563323974609,42.199251732528,0.500131495666207,45123018.0,24.4082911647613,29.8899862560641,0.5,0.5,0.5,0.4642856999999999,0.525,0.5,0.75,17.624903073376665,3.6806654294355536,
South Africa,ZAF,1997,10770.2779624828,16.1501322913786,82.7563323974609,42.3013344291831,2.25505250994968,45666838.0,24.4132508795736,29.2506309429667,0.5625,0.5,0.5,0.4642856999999999,0.5625,0.5,0.7129629629629629,17.636882968839796,3.7239498778741353,146.41760316769978
South Africa,ZAF,1998,10693.6882326622,16.5139705071343,82.7563323974609,44.0357453368965,0.359738435986599,46223880.0,24.4907980841354,28.576366566325,0.625,0.5,0.5,0.4642856999999999,0.6,0.5,0.548611111111111,17.649007127264625,3.6771203781373423,-76.58972982060004
South Africa,ZAF,1999,10831.6589617949,14.841275516056,79.1032485961914,42.2582960172673,0.992187596290552,46730335.0,24.4985973814634,27.6656022125323,0.5625,0.5,0.5625,0.4999999999999999,0.5874999999999999,0.5,0.4583333333333333,17.659904104892576,3.6929920067251722,137.9707291326995
South Africa,ZAF,2000,11183.825503143,14.3870549981056,74.3193817138672,46.2207217354077,0.638427514423676,47159719.0,24.5095614438168,28.2297555130289,0.5,0.5,0.625,0.5357143,0.575,0.5,0.4444444444444444,17.669050696380875,3.684145284308788,352.1665413481005
South Africa,ZAF,2001,11387.492366782,14.3633064576751,73.9493103027344,49.170945185829,5.36834529785161,47566800.0,25.3144832517258,28.531613122664,0.5,0.5,0.625,0.55357145,0.5375,0.5,0.4421296296296296,17.677645617881485,3.7964100803469796,203.66686363900044
South Africa,ZAF,2002,11697.5657261687,14.0272853046852,74.4450225830078,53.4655016294369,1.14635726911695,48019415.0,25.8361260639437,28.5059160154765,0.5,0.5,0.625,0.5714286,0.5,0.5,0.4050925925925925,17.687115987084095,3.696823082371674,310.07335938669894
South Africa,ZAF,2003,11923.1211013633,14.65691258189,75.5357818603516,45.723862568979,0.397492744432543,48500348.0,25.2583294351287,26.8928680646111,0.5,0.5,0.625,0.5714286,0.5,0.5,0.3796296296296296,17.69708155175811,3.678074944512455,225.55537519460086
South Africa,ZAF,2004,12341.2102655828,15.1672389589002,78.2966613769531,45.6435752240041,0.274199790569949,48991421.0,26.2845485842511,26.3036366679746,0.5,0.5,0.625,0.5714286,0.5,0.5,0.4166666666666667,17.707155779525408,3.6749542728727786,418.08916421950016
South Africa,ZAF,2005,12861.5633089114,15.8783049029154,80.4203414916992,47.4277813970329,2.25781874505445,49490033.0,26.0556561015562,26.0150792659507,0.5,0.5,0.625,0.5714286,0.5,0.5,0.4259259259259259,17.71728187393531,3.724016648232398,520.3530433285996
South Africa,ZAF,2006,13444.2332126058,17.365539559823,83.7833480834961,53.7681412741145,0.205125538574008,49998277.0,26.0811190264201,24.8591176319147,0.5,0.5,0.6875,0.5714286,0.5,0.597,0.4444444444444445,17.72749912279935,3.673201666660691,582.669903694401
South Africa,ZAF,2007,14016.2444716386,19.0216163054292,85.5366287231445,57.125139137747,1.97755772219349,50528584.0,25.9643350224814,25.2946183090828,0.5,0.5,0.6875,0.5714286,0.5,0.597,0.4444444444444445,17.73804977370956,3.7172290536303656,572.011259032799
South Africa,ZAF,2008,14297.6887802632,21.6148222161088,84.0473480224609,65.9745237996233,3.12686614310453,51114599.0,25.8846088367378,26.9415561091344,0.5,0.5,0.6875,0.5714286,0.5,0.597,0.4444444444444445,17.749580728651093,3.7447757237471766,281.44430862460104
South Africa,ZAF,2009,13910.7017093394,19.4908649747967,85.9605407714844,49.5875353278801,2.31217470344994,51728516.0,25.3043785111726,25.7430761887593,0.5,0.5,0.6875,0.5714286,0.5,0.597,0.4444444444444445,17.761519773484476,3.7253277685259203,-386.9870709238003
South Africa,ZAF,2010,14164.9958363115,17.5616357245929,86.5922045596808,50.4060871625999,0.884904611686012,52344051.0,24.7642208884722,25.3034630993363,0.5,0.5,0.6875,0.5714286,0.5,0.593,0.4652777777777778,17.77334886895931,3.6903173659682085,254.29412697209955
South Africa,ZAF,2011,14434.2611456048,17.8093691839418,88.9442291259766,54.6363504358971,0.903381424332556,52995205.0,24.2279884208336,24.8394911507999,0.5,0.5,0.6875,0.5714286,0.5,0.593,0.4699074074074074,17.785712014595102,3.6907785162148543,269.26530929329965
South Africa,ZAF,2012,14563.7624041032,17.934933446749,92.1625137329102,55.5826171933345,1.06492249485696,53782567.0,23.5137799704101,24.4686002355753,0.5,0.5,0.625,0.5714286,0.5,0.593,0.4444444444444445,17.800459957757965,3.694801278672961,129.5012584983997
South Africa,ZAF,2013,14681.096638957,18.5787122077315,92.1625137329102,58.875027630051,2.05358095229684,54678791.0,23.5450079753316,24.5517417673484,0.5,0.5,0.5625,0.6071428999999999,0.525,0.5966667,0.4375,17.816986477403347,3.7190748058124274,117.33423485380081
South Africa,ZAF,2014,14643.3384782936,18.301198735847,101.163200378418,59.4995740550593,1.51932743753979,55594838.0,23.4610684615302,24.3052820058227,0.5,0.5,0.5625,0.6071428999999999,0.525,0.594,0.4166666666666667,17.833600931171414,3.7060310379402828,-37.75816066340121
South Africa,ZAF,2015,14541.6748613669,18.0089532852253,104.622812990742,56.7266761447156,0.438735792056356,56723537.0,23.8477724905374,23.7323079746326,0.5,0.5,0.5625,0.6071428999999999,0.475,0.5853333,0.4166666666666667,17.85369981482955,3.6791166785821754,-101.66361692669852
South Africa,ZAF,2016,14501.2807823402,17.4415036155936,103.855987548828,55.8612575048782,0.684612553455795,57259551.0,23.3624826079134,23.7825372977493,0.5,0.5,0.5625,0.6071428999999999,0.4499999999999999,0.5803332999999999,0.4166666666666667,17.863105033642757,3.685304717037444,-40.39407902670064
South Africa,ZAF,2017,14573.5980840004,16.3988051798909,105.623168945312,53.5359318293741,0.539673956759456,57635162.0,23.352758098266,23.6105564955695,0.5,0.5,0.5625,0.6071428999999999,0.4499999999999999,0.5746667,0.4166666666666667,17.869643408155873,3.681661648081768,72.31730166019952
Zambia,ZMB,1996,2197.19564925242,25.8912216136989,68.1916809082031,63.8214821755312,3.53328309110399,9004053.0,6.48092744951384,33.2019994461786,0.0,0.0,0.375,0.3571429,0.25,0.125,0.4722222222222221,16.013185478325294,3.7543379345816152,
Zambia,ZMB,1997,2223.45745445731,25.8912216136989,68.1916809082031,58.272862622336,4.81956998648727,9237063.0,6.3700801032881,32.3806375563294,0.0,0.0,0.3125,0.33928575,0.25,0.125,0.4722222222222221,16.038734644207235,3.784012873310875,26.261805204890152
Zambia,ZMB,1998,2157.57339335667,25.8912216136989,68.1916809082031,56.2503070199594,5.59679036097289,9482408.0,6.09428731874876,27.2773913264713,0.0,0.0,0.25,0.3214286,0.25,0.125,0.4722222222222221,16.06494895587378,3.8015258441009294,-65.88406110064034
Zambia,ZMB,1999,2198.18912998648,25.8912216136989,68.1916809082031,59.7675342029156,4.7587086630329,9740005.0,5.4486614871555,22.8198423592505,0.0,0.0,0.3125,0.3214286,0.25,0.125,0.4722222222222221,16.091752291634954,3.782628459035833,40.61573662981027
Zambia,ZMB,2000,2220.5653712714,25.8912216136989,68.1916809082031,60.3874689884965,3.37996207983055,10017631.0,4.86742248873119,23.2438941549244,0.0,0.0,0.375,0.3214286,0.25,0.125,0.4537037037037037,16.119857298345977,3.750741317618243,22.37624128492007
Zambia,ZMB,2001,2268.96965564597,25.8912216136989,68.1916809082031,64.668282708979,3.54138670780308,10325185.0,5.0914349866908,23.3606116903584,0.0,0.0,0.375,0.3035714499999999,0.25,0.125,0.4166666666666667,16.150096711176957,3.7545276704508472,48.40428437456967
Zambia,ZMB,2002,2299.33289188114,25.8912216136989,68.1916809082031,64.9164969990648,7.11494136195091,10647949.0,5.29843083487285,23.8755524352252,0.0,0.0,0.375,0.2857143,0.25,0.125,0.4166666666666667,16.180877943328554,3.8348739899011157,30.363236235170007
Zambia,ZMB,2003,2383.87611741089,25.8912216136989,68.1916809082031,62.3128446757629,7.07893144253237,10983595.0,5.59665806243805,24.1349730396824,0.0,0.0,0.375,0.2857143,0.25,0.125,0.4166666666666667,16.211913444981484,3.834095726650477,84.54322552975009
Zambia,ZMB,2004,2471.72073328685,25.8912216136989,68.1916809082031,70.8130749317722,5.85168864010044,11338198.0,5.91733153475502,25.6961251757115,0.0,0.0,0.375,0.2857143,0.25,0.125,0.4398148148148148,16.24368802530876,3.807203274058413,87.84461587596024
Zambia,ZMB,2005,2564.47560965912,25.8912216136989,68.1916809082031,62.200282191364,4.28403218909524,11718819.0,6.21016588978794,26.8496240283076,0.0,0.0,0.375,0.2857143,0.2749999999999999,0.25,0.4722222222222221,16.27670665445045,3.771764704621519,92.75487637226979
Zambia,ZMB,2006,2673.46151928529,25.8912216136989,68.1916809082031,57.8568188739027,4.82712872237458,12129553.0,6.24705675394493,30.3961173223662,0.25,0.0,0.625,0.3571429,0.3999999999999999,0.5083333,0.4722222222222221,16.31115551190131,3.7841846783718163,108.98590962616981
Zambia,ZMB,2007,2796.3529332184,25.8912216136989,68.1916809082031,65.7714586909068,9.41811167277731,12565085.0,6.31085262298175,31.9096804308122,0.25,0.0,0.625,0.3571429,0.3999999999999999,0.5083333,0.4907407407407407,16.346432573345478,3.8834334903581054,122.89141393311002
Zambia,ZMB,2008,2908.14362510668,25.8912216136989,68.1916809082031,59.4548891205874,5.24050811284723,13021324.0,6.38858453602231,30.9906155705809,0.25,0.0,0.5,0.3571429,0.3999999999999999,0.5083333,0.4814814814814814,16.382098956079894,3.7935358522459985,111.79069188827998
Zambia,ZMB,2009,3065.84420108998,25.8912216136989,68.1916809082031,56.1213809555165,4.53277977632725,13490389.0,6.85011695806919,30.2244688791227,0.25,0.0,0.625,0.3571429,0.3999999999999999,0.5083333,0.4722222222222221,16.417488138069974,3.7774724195557168,157.70057598330004
Zambia,ZMB,2010,3266.50749293828,25.8912216136989,68.1916809082031,65.0147025206122,8.53319643791576,13965594.0,7.4494237883393,32.2389147610701,0.25,0.0,0.625,0.3571429,0.3999999999999999,0.5226666999999999,0.4722222222222221,16.45210736297007,3.865054025009201,200.6632918483001
Zambia,ZMB,2011,3335.64339500657,27.974700660769,68.1916809082031,72.7954324384283,4.72516156867912,14437796.0,7.85907951420157,34.4442819243584,0.25,0.25,0.625,0.3571429,0.3999999999999999,0.5396666999999999,0.4722222222222221,16.48536011746327,3.781864542140658,69.13590206828985
Zambia,ZMB,2012,3474.55252844092,23.8778545961034,68.1916809082031,75.367709855907,6.78938124085044,14913629.0,8.45342649153181,32.0106503918136,0.25,0.25,0.625,0.3571429,0.3999999999999999,0.5419999999999999,0.4537037037037037,16.517786117873747,3.8278157182099855,138.90913343435022
Zambia,ZMB,2013,3535.22449043144,25.8003983321329,68.1916809082031,80.4562410213373,7.48932505567266,15398997.0,8.88205405384097,32.5564491082462,0.25,0.25,0.625,0.2857143,0.4499999999999999,0.5419999999999999,0.4444444444444444,16.549813000331977,3.842929663675543,60.671961990519776
Zambia,ZMB,2014,3585.57748507131,31.0377113251483,68.1916809082031,76.1934997276313,5.55542791808588,15895315.0,9.33061922574485,32.9441480248783,0.25,0.25,0.625,0.2857143,0.425,0.4629999999999999,0.4444444444444444,16.58153503259498,3.80060151807183,50.3529946398703
Zambia,ZMB,2015,3576.92544834125,38.4531388748016,68.1916809082031,79.8652687573958,7.44741668984243,16399089.0,9.73687965715641,33.65724911523,0.25,0.25,0.625,0.3571429,0.425,0.4593333,0.4444444444444444,16.612736403450043,3.8420311334770254,-8.65203673005999
Zambia,ZMB,2016,3598.17166023389,36.4205905653916,68.1916809082031,73.958561254616,3.16251974813899,16914423.0,9.75125239684757,34.8771666095938,0.25,0.25,0.625,0.3571429,0.425,0.4496667,0.4444444444444444,16.64367730700112,3.745618253120169,21.246211892640076
Zambia,ZMB,2017,3612.50597664593,38.8072565095918,68.1916809082031,71.5856946542566,4.28050117059574,17441320.0,9.75334106605938,37.3040449214626,0.25,0.25,0.5,0.3571429,0.425,0.4393333,0.4259259259259259,16.674352718989415,3.7716834475737913,14.334316412039698
Zimbabwe,ZWE,1996,6474.16018296527,18.0397312299153,40.5330085754395,72.068361086766,0.945369558866491,11158360.0,13.9279499250072,23.0032135553608,0.125,0.25,0.3125,0.1071429,0.075,0.125,0.6574074074074074,16.227699640332613,3.6918256795510205,
Zimbabwe,ZWE,1997,6524.06265782805,18.0483946566674,41.5819091796875,82.2035387860323,1.58307944691821,11369827.0,13.8770360420042,22.5333958284509,0.0625,0.25,0.15625,0.08928575,0.0624999999999999,0.0625,0.5717592592592592,16.24647373808371,3.7075965090818013,49.902474862779854
Zimbabwe,ZWE,1998,6582.34841934183,20.6002888255728,41.5819091796875,88.5133289098786,6.93649740447289,11594297.0,13.8538635271634,20.8071503844503,0.0,0.25,0.0,0.0714286,0.0499999999999999,0.0,0.5,16.266023983501302,3.8310114257192027,58.28576151378002
Zimbabwe,ZWE,1999,6423.70886833195,2.55410624499016,40.1628303527832,70.9210813961962,0.859870290752751,11783458.0,13.7195389944465,19.1175398965241,0.0,0.25,0.0,0.0714286,0.0499999999999999,0.0,0.5,16.28220732636264,3.6896922118587323,-158.63955100988005
Zimbabwe,ZWE,2000,6170.33390832202,11.7992006872596,40.0179290771484,74.0708923168864,0.346617861278153,11892055.0,13.608123253751,19.1175398965241,0.0,0.25,0.0,0.0714286,0.0499999999999999,0.0,0.3657407407407407,16.291381172137136,3.6767884287672743,-253.37496000992996
Zimbabwe,ZWE,2001,6217.41179425199,12.1188659071637,42.1351890563965,67.8980938686723,0.0560409984146296,11971901.0,13.4943783782042,20.8724834855769,0.0,0.25,0.0,0.0714286,0.0499999999999999,0.0,0.2592592592592592,16.298072962154436,3.669408474746189,47.07788592996985
Zimbabwe,ZWE,2002,5610.19146861437,10.1729640282101,41.4578285217285,66.8098183680706,0.408179346755447,12087653.0,13.3041216634588,22.6274270746297,0.0,0.25,0.0,0.0714286,0.0499999999999999,0.0,0.1944444444444444,16.307695159096863,3.67834497534675,-607.2203256376197
Zimbabwe,ZWE,2003,4601.6607468251,13.8120582846174,39.1011009216309,70.4519675420993,0.0663118401535643,12232323.0,13.2347275202499,24.3823706636825,0.0,0.25,0.0,0.0714286,0.0499999999999999,0.0,0.1944444444444444,16.319592514140826,3.6696702600954225,-1008.5307217892696
Zimbabwe,ZWE,2004,4287.59829196083,5.1088921408281,39.1011009216309,76.0394249806318,0.149780494103469,12365896.0,13.2644152725679,24.3823706636825,0.0,0.25,0.0,0.0714286,0.0499999999999999,0.0,0.2407407407407407,16.330452999775975,3.6717951887914366,-314.0624548642709
Zimbabwe,ZWE,2005,4004.66443720945,2.00147614292537,39.1011009216309,76.043068640646,1.78526462032736,12483432.0,14.101114784374,26.4793991229974,0.0,0.25,0.0,0.0714286,0.0499999999999999,0.0,0.2951388888888889,16.33991296320616,3.7125451458075744,-282.9338547513794
Zimbabwe,ZWE,2006,3819.2334285389,2.22609813191353,39.1011009216309,82.8200302932942,0.734382888878689,12636445.0,13.7005259996088,30.6513058245743,0.125,0.25,0.375,0.0714286,0.0999999999999999,0.0873333,0.2916666666666667,16.352095736260964,3.6865526522839107,-185.43100867055
Zimbabwe,ZWE,2007,3631.53761566256,5.08050427310071,39.1011009216309,84.1682798999008,1.30128901270126,12804058.0,13.8221961320052,32.4614004438359,0.125,0.25,0.375,0.0714286,0.0999999999999999,0.0873333,0.2916666666666667,16.365272787996293,3.7006583657280405,-187.69581287634037
Zimbabwe,ZWE,2008,2954.09932377926,3.28768673607967,39.1011009216309,109.523540063377,1.16794929832503,12959149.0,12.8720178839789,30.4832503395201,0.125,0.0,0.3125,0.0714286,0.075,0.0843333,0.2916666666666667,16.377312660317767,3.697358468766704,-677.4382918832998
Zimbabwe,ZWE,2009,3299.41379594873,9.92942636300183,39.1011009216309,61.7764909650234,1.08574826151022,13142790.0,12.8500753088666,21.4538686244604,0.125,0.0,0.3125,0.0714286,0.075,0.0843333,0.2916666666666667,16.391383953336643,3.6953187148936513,345.3144721694698
Zimbabwe,ZWE,2010,3885.39378454343,17.0114751717126,39.1011009216309,83.1234047851259,1.01750672670554,13356548.0,13.0692931899738,20.6947355315308,0.125,0.0,0.3125,0.0714286,0.075,0.088,0.3125,16.407517384322183,3.6936221885683334,585.9799885947
Zimbabwe,ZWE,2011,4358.92582649309,14.6342759940464,39.1011009216309,89.4659437238642,2.44028634205117,13595424.0,13.0678704992738,21.7201786093983,0.125,0.0,0.3125,0.0714286,0.075,0.0893332999999999,0.3194444444444445,16.425243897053274,3.728411166406137,473.53204194966065
Zimbabwe,ZWE,2012,5003.48706186748,12.148509358484,75.8648109767885,74.1627003825153,2.04309866557655,13817887.0,12.2365840607824,25.3306858994948,0.125,0.0,0.25,0.0714286,0.075,0.089,0.3379629629629629,16.44147454262822,3.718820510949472,644.56123537439
Zimbabwe,ZWE,2013,5031.68744400391,9.18157663966075,52.4158515930176,58.6560737143829,1.95306467023546,14013808.0,11.4174859324702,23.8001125610251,0.0,0.0,0.25,0.0714286,0.0999999999999999,0.1723333,0.3472222222222221,16.455553758591822,3.716633665574084,28.200382136429653
Zimbabwe,ZWE,2014,5081.11240399225,9.6088282792033,52.4158515930176,54.6717592473918,2.42393171156853,14207359.0,10.6494778679205,23.7189510650842,0.0,0.0,0.375,0.0714286,0.125,0.176,0.3472222222222221,16.469270698154485,3.728018071245764,49.42495998833965
Zimbabwe,ZWE,2015,5102.71432347607,9.99586947542338,52.4158515930176,56.7496526604333,1.99867322543902,14399013.0,10.6149729133048,22.3586547006621,0.0,0.0,0.375,0.1071429,0.125,0.185,0.3472222222222221,16.482670289979676,3.7177420543437014,21.601919483819984
Zimbabwe,ZWE,2016,5070.40217016051,9.80823716818464,52.4158515930176,51.2190376594477,1.66841598492163,14600294.0,10.6068613435203,22.1153495385289,0.0,0.0,0.3125,0.1071429,0.125,0.185,0.3472222222222221,16.49655229195389,3.709688173635533,-32.312153315559954
Zimbabwe,ZWE,2017,5234.3838655748,11.3993419178061,52.4158515930176,55.028317831061,0.601908067055593,14812482.0,11.1212744741712,32.0157377663457,0.0,0.0,0.3125,0.1071429,0.0999999999999999,0.1886667,0.3472222222222221,16.51098082917964,3.683227544651465,163.9816954142907
