pais,country_code,year,pib_per_capita_ppc,formacao_bruta_capital_fixo_percent_pib,matricula_ensino_secundario_percent,comercio_percent_pib,investimento_estrangeiro_direto_percent_pib,populacao_total,emprego_industria_percent_emprego_total,valor_agregado_industrial_percent_pib,wgi_control_corruption,wgi_gov_effectiveness,wgi_political_stability,wgi_regulatory_quality,wgi_rule_law,wgi_voice_accountability,icrg_qog,fonte_dados,populacao_total_log,investimento_estrangeiro_direto_percent_pib_log,country_id,fonte_id,time_idx
Afghanistan,AFG,2002,-1.042132981351433,-1.3556431083276086,-1.789369912107202,-0.7763731705168406,-0.4248524530513809,-0.1518383334715616,-0.6468116678750814,-0.26920125700570696,-0.5866753058539755,-0.6291683203048694,-1.8174721234404299,-1.387612274755139,-1.077990834979806,-0.8381121802105763,0.12933429191213489,ambos,16.877878433493937,3.7007982202016705,0,0,0
Afghanistan,AFG,2003,-1.035920719144154,-1.3556431083276086,-1.7922947185843452,-0.7763731705168406,-0.4298316240990648,-0.14375427030421614,-0.6179128242509717,-0.3611637129192994,-0.5866753058539755,-0.6291683203048694,-1.5430217493697154,-0.8893908168159154,-1.077990834979806,-0.5110634158024079,0.12933429191213489,ambos,16.939330370724804,3.7000949863929815,0,0,1
Afghanistan,AFG,2004,-1.0417434838103632,-1.3556431083276086,-1.6022676528511013,-0.7763731705168406,-0.02763425481239888,-0.13881644973638624,-0.6165858274528706,-0.06702736716550714,-1.212208893524284,-0.025349315557772752,-1.268571375299001,-1.7434848301211545,-1.6993006093933776,-1.8192584734350818,0.12933429191213489,ambos,16.975088717719444,3.755363521324709,0,0,2
Afghanistan,AFG,2005,-1.0221606351560155,-1.3556431083276086,-1.5639671690843688,-0.7763731705168406,0.11086979733792968,-0.1337813291548781,-0.5740805880445679,-0.018061372565523797,-1.212208893524284,-0.025349315557772752,-1.8174721234404299,-1.7434848301211545,-1.6993006093933776,-1.8192584734350818,0.12933429191213489,ambos,17.010280885855995,3.7737105178703327,0,0,3
Afghanistan,AFG,2006,-1.0189351849265482,-1.3556431083276086,-1.2294528907493696,-0.7763731705168406,-0.05621298841791756,-0.12769842560782615,-0.5461519904059975,0.09894888076944125,-1.212208893524284,-1.232987325051966,-1.8174721234404299,-1.7434848301211545,-1.9754382869105211,-1.285514889920951,0.12933429191213489,ambos,17.05120790437846,3.7515355688706586,0,0,4
Afghanistan,AFG,2007,-0.9852570047204923,-1.3556431083276086,-1.25507016603014,-0.7763731705168406,-0.3148371685872269,-0.12480020019426785,-0.5021941863492938,-0.012193380869000984,-0.5866753058539755,-0.6291683203048694,-1.5430217493697154,-0.8893908168159154,-1.077990834979806,-0.2180277228926889,0.12933429191213489,ambos,17.07013387903706,3.7162113842501787,0,0,5
Afghanistan,AFG,2008,-0.9798609401098836,-1.3556431083276086,-0.8892762637736702,-0.7763731705168406,-0.5738585416690614,-0.12138282658410848,-0.4699169059578707,-0.009400331965390054,0.28907171688445654,1.4721218162150267,-1.8174721234404299,-1.1385018447185216,1.6764824982536954,-0.2389588438148117,0.12933429191213489,ambos,17.09199934001861,3.6795362842935204,0,0,6
Afghanistan,AFG,2009,-0.9241084086987557,-1.3556431083276086,-0.6951177265415409,-0.7763731705168406,-0.5744659290962103,-0.11551499974131658,-0.2745416676282908,-0.42923998091710075,-1.212208893524284,-1.232987325051966,-1.5430217493697154,-1.7434848301211545,-1.6993006093933776,-1.2924917558023175,0.12933429191213489,ambos,17.12846314774784,3.6794486833545803,0,0,7
Afghanistan,AFG,2010,-0.8817826818104266,-1.3556431083276086,-0.47305742735082795,-0.7763731705168406,-0.443020342340128,-0.11063455802015969,-0.10412198891643841,-0.4916240993385574,-1.212208893524284,-1.232987325051966,-1.5430217493697154,-1.7434848301211545,-1.6993006093933776,-1.3866817999518701,0.12933429191213489,ambos,17.157810013712236,3.6982298828819613,0,0,8
Afghanistan,AFG,2011,-0.8954452805329418,-1.3556431083276086,-0.4004867465103486,-0.7763731705168406,-0.6022630076927684,-0.10428858406575549,-0.025834240641698637,-0.3587051378534317,-1.212208893524284,-1.232987325051966,-1.5430217493697154,-1.7434848301211545,-1.6993006093933776,-1.3866817999518701,0.12933429191213489,ambos,17.194725043270065,3.675431393275858,0,0,9
Afghanistan,AFG,2012,-0.8613734350449741,-1.3556431083276086,-0.33085890883872315,-0.7763731705168406,-0.603590061278752,-0.09705536500869932,0.1573212385593945,-0.4910898192830252,-1.212208893524284,-1.232987325051966,-1.5430217493697154,-1.7434848301211545,-1.6993006093933776,-1.3866817999518701,0.12933429191213489,ambos,17.235203667549897,3.6752392005855863,0,0,10
Afghanistan,AFG,2013,-0.8522294409184158,-1.3556431083276086,-0.3123977513475781,-0.7763731705168406,-0.611575828059236,-0.09071505316571166,0.48419531378491826,-0.5507550707800865,-1.212208893524284,-1.232987325051966,-1.5430217493697154,-1.7434848301211545,-1.6993006093933776,-1.3866817999518701,0.12933429191213489,ambos,17.269385933208728,3.6740818683472667,0,0,11
Afghanistan,AFG,2014,-0.8565039550437842,-1.3556431083276086,-0.3337232596359946,-0.7763731705168406,-0.6168489155635953,-0.08373544777565455,0.822743341597849,-0.48507846331389004,-1.212208893524284,-1.232987325051966,-1.5430217493697154,-1.7434848301211545,-1.6993006093933776,-1.336098606575422,0.12933429191213489,ambos,17.305711120545837,3.67331693457649,0,0,12
Afghanistan,AFG,2015,-0.8640045127836463,-1.3556431083276086,-0.3750763241490818,-0.7763731705168406,-0.4988576425620691,-0.07753492266436096,0.6559511778917633,-0.4102562163965295,-1.212208893524284,-1.232987325051966,-1.5430217493697154,-1.529961775194336,-1.6993006093933776,-1.336098606575422,0.12933429191213489,ambos,17.33691071202379,3.690294794484138,0,0,13
Afghanistan,AFG,2016,-0.8653339524404148,-1.3556431083276086,-0.3647725794900337,-0.7763731705168406,-0.5631421413147334,-0.07235102995622376,0.48454593901402526,-1.3854806286253412,-1.212208893524284,-1.232987325051966,-1.5430217493697154,-1.529961775194336,-1.6993006093933776,-1.3744721538399731,0.12933429191213489,ambos,17.362267910467104,3.681080604959094,0,0,14
Afghanistan,AFG,2017,-0.8661976626810963,-1.3556431083276086,-0.2887816176985101,-0.7763731705168406,-0.6054525033845182,-0.06645430188297703,0.32894798783425316,-1.4201932751266582,-1.212208893524284,-1.232987325051966,-1.5430217493697154,-1.529961775194336,-1.6993006093933776,-1.3744721538399731,0.12933429191213489,ambos,17.390351282749602,3.6749694070708077,0,0,15
Afghanistan,AFG,2018,-0.8737514068619503,-1.3556431083276086,-0.22291506825835797,-0.7763731705168406,-0.5377768234172037,-0.06016509820268054,0.2185447181952551,-1.1411616527926711,-1.212208893524284,-1.232987325051966,-1.5430217493697154,-1.529961775194336,-1.6993006093933776,-1.3012132306125435,0.12933429191213489,ambos,17.419459377931894,3.6847264787349046,0,0,16
Angola,AGO,1998,-0.27779724330259825,1.0445455632338851,-1.866863023384337,0.49831491471096545,2.342303676261404,-0.18894185126414448,-1.29967509486122,2.082393752945463,-1.212208893524284,-1.232987325051966,-2.091922497511144,-1.529961775194336,-1.6993006093933776,-1.1651609446187448,-0.7972211667155573,ambos,16.534129446552562,4.030592663396631,1,0,0
Angola,AGO,2000,-0.2925175512553573,1.0445455632338851,-1.813647057744945,0.49831491471096545,1.0303924418645016,-0.1827636524130412,-1.2882123993273342,2.082393752945463,-1.212208893524284,-1.232987325051966,-2.091922497511144,-1.529961775194336,-1.6993006093933776,-1.1651609446187448,-0.7259476698980427,ambos,16.60020508338647,3.8876589862274917,1,0,1
Angola,AGO,2001,-0.2847145203921303,1.0445455632338851,-1.75462055290215,0.49831491471096545,3.547431456674633,-0.1794681782742738,-1.270807041011189,2.082393752945463,-1.212208893524284,-1.232987325051966,-1.954697310475787,-1.529961775194336,-1.6993006093933776,-1.1651609446187448,-0.7259476698980427,ambos,16.633742175485878,4.146015160214083,1,0,2
Angola,AGO,2002,-0.18394236284085724,1.0445455632338851,-1.7130969502618663,0.49831491471096545,1.1086915265366175,-0.17600473810747908,-1.2427053615780281,2.082393752945463,-1.212208893524284,-1.232987325051966,-1.8174721234404299,-1.529961775194336,-1.6993006093933776,-1.1651609446187448,-0.7259476698980427,ambos,16.667816935053647,3.896787714900477,1,0,3
Angola,AGO,2003,-0.18467725106769667,0.9324116684781831,-1.7130969502618663,0.5015086938872438,2.4232199525767184,-0.17232935956161408,-1.232104321593629,1.8316867997071702,-1.212208893524284,-1.232987325051966,-1.268571375299001,-1.529961775194336,-1.6993006093933776,-1.1651609446187448,-0.7259476698980427,ambos,16.702750360850082,4.038773924103109,1,0,4
Angola,AGO,2004,-0.10066171229651132,1.033720885729386,-1.7130969502618663,0.4929447579449164,0.7704901524706391,-0.16841116056218783,-1.2242858048907923,1.9467188078165598,-0.5866753058539755,-1.232987325051966,-0.1707698790161436,-1.529961775194336,-1.285094093117663,-1.1651609446187448,-0.7259476698980427,ambos,16.738694934122535,3.856745861039883,1,0,5
Angola,AGO,2005,0.020781915288521014,0.7677662395952964,-1.7130969502618663,0.6369594057336901,-1.2046368113886945,-0.1642899429482516,-1.2570933168527314,2.4341472962032746,-0.5866753058539755,-1.232987325051966,-0.445220253086858,-1.529961775194336,-1.1470252543590918,-0.5110634158024079,-0.7259476698980427,ambos,16.775157621533175,3.5841585331048624,1,0,6
Angola,AGO,2006,0.12428800006906987,0.029298148202840584,-1.7130969502618663,0.3255057107832237,-0.6647858234829274,-0.15996956697911674,-1.3025731498016975,2.2749560037950998,-1.212208893524284,-1.232987325051966,-0.445220253086858,-0.24881985843749468,-0.8708875768419492,-1.3988919693417903,-0.7259476698980427,ambos,16.812006539818828,3.666336057609025,1,0,7
Angola,AGO,2007,0.25097794945866825,0.43650964499691125,-1.7130969502618663,0.691717274404932,-0.8675496034149257,-0.1554155230104912,-1.3399789243286826,2.583141035197994,-1.212208893524284,-1.232987325051966,-0.033544691980786426,-0.1420583309740855,-0.8708875768419492,-0.9628266012788835,-0.44085368262798447,ambos,16.849432340085887,3.6362571341174603,1,0,8
Angola,AGO,2008,0.3550316734414482,0.9611043576027846,-1.4726390875752682,1.0246165148058206,-0.356161460941476,-0.1506418440097634,-1.3933092849338404,2.4411351005277555,-1.212208893524284,-1.232987325051966,0.6525812431959995,-0.03529680351067694,-0.594749899324806,-0.36280148369671245,-0.29830668899295476,ambos,16.887215235966003,3.71044966472105,1,0,9
Angola,AGO,2009,0.32496502170747615,2.4655132313348025,-1.4172024361752131,0.8381188383537082,-0.18126357452740305,-0.14565323149832038,-1.4381457005817682,1.1665587369627988,-1.212208893524284,-0.025349315557772752,0.3781308691252851,-0.03529680351067694,-0.594749899324806,-0.7988663284815967,-0.29830668899295476,ambos,16.92523085298683,3.7346112709293537,1,0,10
Angola,AGO,2010,0.3464379030978012,0.7598265124250925,-1.276936985886618,0.51061519620507,-1.2445306980405295,-0.14040249127036158,-1.4454203034015032,1.8005059927726594,-1.212208893524284,-0.025349315557772752,0.6525812431959995,0.1782268492821305,-0.7328187380833772,-0.8040991087121273,-0.29830668899295476,ambos,16.9637418337911,3.577809167437854,1,0,11
Angola,AGO,2011,0.3405432947551339,0.58083700598422,-1.2235561977843967,0.45373732767276065,-1.0749403969608085,-0.13489236190243092,-1.4590598961106516,2.1033928900461025,-1.212208893524284,-0.025349315557772752,0.3781308691252851,0.1782268492821305,-0.7328187380833772,-0.8040991087121273,-0.5834006762630131,ambos,17.002621292125475,3.6045263099715137,1,0,12
Angola,AGO,2012,0.4125411751963964,0.6228755167038206,-1.2235561977843967,0.24747047877232084,-0.832030864546552,-0.12917033592021387,-1.4515559527228064,2.202983126939514,-1.212208893524284,-0.025349315557772752,0.3781308691252851,0.1782268492821305,-0.7328187380833772,-0.7988663284815967,-0.7734633344430534,ambos,17.041457126105513,3.6415919375467194,1,0,13
Angola,AGO,2013,0.4283921042067757,0.5466283628190016,-1.2235561977843967,0.11408508794971346,-1.4905242562465233,-0.12327418658754397,-1.4593407242306782,1.953174172311432,-1.212208893524284,-0.025349315557772752,0.3781308691252851,-0.24881985843749468,-0.7328187380833772,-0.7988663284815967,-0.8684946635330724,ambos,17.079956931502593,3.5377410600745605,1,0,14
Angola,AGO,2014,0.4426432814286555,0.7008710664146869,-1.2235561977843967,-0.11171706590449297,-0.2364798223187268,-0.11733673188360262,-1.4636443232553074,1.419567727744297,-1.212208893524284,-0.025349315557772752,0.3781308691252851,-0.4623435112303015,-0.7328187380833772,-0.7988663284815967,-0.8922524958055774,ambos,17.117284210768364,3.727046186647445,1,0,15
Angola,AGO,2015,0.39357166832426244,0.7783199618012319,-1.2235561977843967,-0.5360450116883899,1.057627037162877,-0.11138806035198683,-1.4538284570475009,0.8119782567444179,-1.212208893524284,-0.025349315557772752,0.10368049505457075,-0.4623435112303015,-0.7328187380833772,-0.7988663284815967,-1.1535886508031312,ambos,17.15333492568806,3.8908436720679913,1,0,16
Angola,AGO,2016,0.3059251351075478,0.8999456126643416,-0.32926998508424804,-0.7674897299597706,-0.705992824115405,-0.1052708798501531,-1.4556533762526995,0.8672318172679592,-1.212208893524284,-0.025349315557772752,0.10368049505457075,-0.6758671640231085,-0.7328187380833772,-0.7901448536713706,-1.1535886508031312,ambos,17.189099338838567,3.6602960338717567,1,0,17
Angola,AGO,2017,0.24749203596511057,0.7855575418156325,-0.32926998508424804,-0.8067590523771331,-2.1875263757252617,-0.09899560770848419,-1.4545116363454715,0.8425177495454924,-1.212208893524284,-0.025349315557772752,0.3781308691252851,-0.6758671640231085,-0.7328187380833772,-0.7517713064068199,-1.1535886508031312,ambos,17.22450545979518,3.4146297432711052,1,0,18
Angola,AGO,2018,0.18580273486234994,0.18320257732852444,-0.32926998508424804,-0.4216248694918913,-1.91552885875675,-0.09265740797028202,-1.4625580031409167,1.1846989987411176,-0.5866753058539755,-0.025349315557772752,0.6525812431959995,-0.6758671640231085,-0.7328187380833772,-0.7517713064068199,-0.939768160350587,ambos,17.259037788762317,3.4644910993811173,1,0,19
Albania,ALB,1996,-0.4765016033057095,0.02191162419007475,0.19773286232012977,-0.843161013816432,-0.1661261659134871,-0.2604869367510372,-0.340108602429392,-0.6528565628926537,0.4558805067875822,-0.025349315557772752,1.900082903597374,0.3335171590461647,1.5683287586512662,0.7971316418302662,0.27188128554716456,ambos,14.968621764182094,3.736675264998031,2,0,0
Albania,ALB,1997,-0.5691627111986092,-0.2218713888449336,0.20022640908431247,-0.8339310238019432,-0.2911773840632699,-0.26060478503839135,-0.286881274698833,-0.5704191481513259,0.8729029819722665,-0.025349315557772752,1.700482611585918,-0.20999743046298341,1.108099204076802,1.2331967482541613,-0.6784320053530332,ambos,14.96236746519347,3.7194953123631147,2,0,1
Albania,ALB,1998,-0.502805536588248,-0.05297427166062286,0.24610926974120192,-0.7641458351692161,-0.3506693321950764,-0.26072262735934787,-0.34215816474948924,-0.8458508656452324,1.2899254571569505,-0.025349315557772752,1.500882319574462,-0.7535120199721311,0.647869649502338,1.6692618546780562,-0.15575969535792394,ambos,14.956074123273492,3.7112173309449195,2,0,2
Albania,ALB,1999,-0.39855393747517864,0.20212761929225012,0.2487578699775517,-0.6837953424039386,-0.43401408353900783,-0.2608404756467021,-0.28967361176265255,-0.711495356146817,0.8729029819722665,-0.025349315557772752,1.4454378550046967,-0.20999743046298341,0.18764009492787398,1.8872942770704981,-0.8684946635330736,ambos,14.949740602564484,3.6995038938287745,2,0,3
Albania,ALB,2000,-0.3245181272568771,1.1794383554230858,0.24577626344065304,-0.34336715594956474,0.04449295589017301,-0.26095831796765856,-0.2102979500110168,-0.4447114871384918,0.4558805067875822,-0.025349315557772752,1.3899933904349306,0.3335171590461647,-0.2725894596465904,2.1053266994629403,-1.2961356444381615,ambos,14.94336703628178,3.764959874874479,2,0,4
Albania,ALB,2001,-0.2273515018049582,1.7234547000734945,0.32410089034667383,-0.2666961064617067,0.2400733951124132,-0.2611304724068707,-0.19452573068144907,-0.22097033673791172,0.4558805067875822,0.5784696891893238,1.4897934266605088,0.7363000734814662,0.25338709525631764,1.9963103574472136,-1.2961356444381615,ambos,14.933982335057037,3.7905272794647797,2,0,5
Albania,ALB,2002,-0.173989913309812,1.620251955772602,0.398390540330132,-0.21601135959826873,-0.13035682872659496,-0.26118514250898833,-0.12466055127412426,-0.06606221614320724,0.4558805067875822,1.1822886939364206,1.5895934628860875,1.1390829879167674,0.7793636501592259,1.8872940154314866,-0.8684946635330736,ambos,14.930983569067594,3.741535573760024,2,0,6
Albania,ALB,2003,-0.10909147796475303,1.6398628777515982,0.5145763558230589,-0.24996308833542794,-0.11659404131344077,-0.26125312364437275,-0.1817843838547154,0.0047429190967192515,0.4558805067875822,1.1822886939364206,1.3234600329512118,1.1390829879167674,0.7793636501592259,2.1053266994629403,-0.44085368262798447,ambos,14.92724207860329,3.7433993750640937,2,0,7
Albania,ALB,2004,-0.04072694157703289,1.8805209182432885,0.5589966925369374,-0.24372279302210775,0.15271479630430043,-0.2613287596680053,-0.06137052409132708,0.05872656931397769,0.4558805067875822,1.1822886939364206,1.0018819188862713,1.1390829879167674,0.7793636501592259,2.1053266994629403,-0.44085368262798447,ambos,14.923062766201856,3.7791879650364057,2,0,8
Albania,ALB,2005,0.03107234285068807,1.9146535468467842,0.7033288516665254,-0.12519748791529545,-0.09729250131524893,-0.261420952445253,-0.0615984520890889,0.0927954021243407,0.3025867453662262,-0.042051432284281265,0.27073733994991833,-0.17918700460268494,-0.30613300788530795,0.8829073753691251,-0.4170958503554783,ambos,14.917944866732753,3.7460074139522197,2,0,9
Albania,ALB,2006,0.12058728460901125,1.9050134228707085,0.7523047807869254,-0.03552317779573249,-0.031813522041782616,-0.2615339560176755,-0.07171824408257815,0.11715773227293244,0.038858281816333155,-0.025349315557772752,0.3781308691252851,0.6052741548677444,0.09559429446805148,0.955859134397023,-0.7259476698980427,ambos,14.911635756385875,3.7548046470948484,2,0,10
Albania,ALB,2007,0.2249130955227677,1.6714403452635347,0.8207630959166864,0.1885449317844355,0.3731087944141098,-0.261668378957838,-0.027736161260197515,0.12960851685887065,0.038858281816333155,-0.025349315557772752,0.10368049505457075,0.6052741548677444,0.09559429446805148,0.955859134397023,-0.7259476698980427,ambos,14.904078571366577,3.8075522438794507,2,0,11
Albania,ALB,2008,0.3433364445825417,1.5038994668733572,0.8791644552323424,0.05301835331171272,0.9923858026504688,-0.26180383408480246,0.010338321128245646,0.12830304213056115,0.038858281816333155,-0.025349315557772752,0.10368049505457075,0.6052741548677444,0.09559429446805148,0.955859134397023,-0.44085368262798336,ambos,14.896405144368723,3.883197646704451,2,0,12
Albania,ALB,2009,0.39920130202128634,1.4321484531108113,0.9327525354101477,-0.002989715108723636,1.2548761558676427,-0.26192193892725774,0.13063190612212316,0.04516531494212525,0.038858281816333155,-0.025349315557772752,-0.1707698790161436,0.6052741548677444,0.09559429446805148,0.955859134397023,-0.44085368262798336,ambos,14.889666206198394,3.913611211205772,2,0,13
Albania,ALB,2010,0.45867251165343764,0.911870920988817,1.0906405616244021,0.06127155732503107,0.9242853216628898,-0.26200843976110044,0.18661422447245524,0.037388605933122376,0.038858281816333155,-0.025349315557772752,-0.1707698790161436,0.6052741548677444,0.09559429446805148,0.9471381828648201,-0.2032753599029346,ambos,14.88470158826458,3.8751536724764883,2,0,14
Albania,ALB,2011,0.507042927773585,1.095477102553258,1.1553240696256473,0.2114195963844455,0.7608320251012339,-0.26205513278949427,0.13696770073801812,-0.007278883051245023,-0.5866753058539755,-0.025349315557772752,-0.9941210012282867,0.6052741548677444,0.09559429446805148,0.9384167080545951,-0.15575969535792394,ambos,14.882011415871677,3.8555784892471894,2,0,15
Albania,ALB,2012,0.5533826497874679,0.7239257339413249,1.2326419525459986,0.10299957387205973,0.658066637998527,-0.26232055992393766,-0.09762809446191716,-0.13554899598951226,-0.5866753058539755,-0.025349315557772752,-0.7196706271575724,0.6052741548677444,0.09559429446805148,0.9139968925527774,-0.15575969535792394,ambos,14.86658005417129,3.8430721695014447,2,0,16
Albania,ALB,2013,0.6145676855558094,0.6250636628659023,1.4241063605010342,0.06760956999230387,1.0612741149765292,-0.26258192394154795,-0.0585014572289492,-0.12726018140532497,-0.5866753058539755,-0.025349315557772752,-0.1707698790161436,0.6052741548677444,0.23366313322662344,1.350062260615684,-0.15575969535792394,ambos,14.851148612470835,3.8912693752481813,2,0,17
Albania,ALB,2014,0.6881659403601197,0.47037253222153697,1.4392282451352525,0.046411244205758664,0.8597227462930068,-0.26283928450630206,0.09031012044663131,-0.26765006050943196,-0.5866753058539755,-0.025349315557772752,0.3781308691252851,0.6052741548677444,0.23366313322662344,1.350062260615684,-0.060728366267904905,ambos,14.835717242617529,3.8674673743718175,2,0,18
Albania,ALB,2015,0.7643290376099094,0.415997282107834,1.4073820492851896,-0.0623317864715741,0.8560377940789093,-0.26309270128217704,0.17415866562307444,-0.21304293621579065,-0.5866753058539755,-0.025349315557772752,0.3781308691252851,0.6052741548677444,0.23366313322662344,1.3919245024599296,0.12933429191213544,ambos,14.820286047536092,3.867026886441099,2,0,19
Albania,ALB,2016,0.8787648354144159,0.36096667575538033,1.2891325138725933,0.017152979562776945,0.8707471461237993,-0.2633422398995476,0.3176429473988594,-0.26444186286741683,0.038858281816333155,-0.025349315557772752,0.3781308691252851,0.8187978076605511,0.23366313322662344,1.3919245024599296,0.12933429191213544,ambos,14.80485470614354,3.86878404006497,2,0,20
Albania,ALB,2017,0.9856332399897426,0.43763528090742504,1.2314036746493906,0.09774002645214191,0.6962351771930826,-0.2635879600223906,0.2953835643638,-0.3408792087769595,0.038858281816333155,-0.025349315557772752,0.6525812431959995,0.8187978076605511,0.23366313322662344,1.4041341485718268,0.12933429191213544,ambos,14.7894231962491,3.847735473525586,2,0,21
Argentina,ARG,1996,1.9313861989940782,-0.5529396588341575,0.5413647400468716,-1.5088361993628208,-0.20679036916310226,-0.06749926870880682,0.6740230245757884,-0.036427597388804044,0.038858281816333155,2.3899267034306138,0.10368049505457075,1.2458451132461648,0.647869649502338,0.7971316418302662,1.8398982155324912,ambos,17.385431742354726,3.7311209999592077,3,0,0
Argentina,ARG,1997,2.151783090545569,-0.3969255560843685,0.39616157769372734,-1.4556610777901435,-0.10623721320341072,-0.06490986404015808,0.7568381909101153,0.012645543902864261,0.038858281816333155,1.7861076986835172,0.10368049505457075,1.2458451132461648,0.647869649502338,0.7971316418302662,1.6260777250799463,ambos,17.397578221608132,3.744799643250082,3,0,1
Argentina,ARG,1998,2.242974584692734,-0.32850423161757897,0.6194543036819175,-1.455258593812226,-0.22681343247304697,-0.06237373333656531,0.6836259798400556,-0.026424146240886286,0.038858281816333155,1.1822886939364206,0.10368049505457075,1.2458451132461648,0.647869649502338,0.7971316418302662,2.1249922028025505,ambos,17.409333477603187,3.7283747015904467,3,0,2
Argentina,ARG,1999,2.0834731058780815,-0.5611957987880775,1.040325985801211,-1.512431855264717,0.8268478810123011,-0.05985697552630178,0.5372706591186456,-0.06980141363405278,0.038858281816333155,1.1822886939364206,0.24090568208992794,1.1390832868497613,0.5098008107437664,0.7971316418302662,2.1725078673475595,ambos,17.420863909004733,3.863530740397022,3,0,3
Argentina,ARG,2000,2.0188226883371287,-0.7818269499251164,1.1822139835251868,-1.4764036471836057,-0.012116433195240625,-0.057355253038240184,0.4286476841249041,-0.08676685516339258,0.038858281816333155,1.1822886939364206,0.3781308691252851,1.032321460453358,0.3717319719851945,0.7971316418302662,2.6951801773426696,ambos,17.43219518945553,3.75743591974414,3,0,4
Argentina,ARG,2001,1.837479089324942,-1.0257348092268723,1.2332000898666369,-1.4987869217187522,-0.5124769836764962,-0.05490401224111135,0.3428258024744681,-0.14929323612327372,0.038858281816333155,1.1822886939364206,-0.1707698790161436,0.39175080100793147,0.16462871384733763,0.7971316418302662,2.457601854617619,ambos,17.443174656437904,3.6883497480664924,3,0,5
Argentina,ARG,2002,1.4651032807471625,-1.2944678479320846,1.2105090350292824,-0.9204386587948366,-0.26877410419089676,-0.05249046117824824,0.12163865340153615,0.295292312316793,0.038858281816333155,1.1822886939364206,-0.7196706271575724,-0.24881985843749468,-0.042474544290519535,0.7971316418302662,0.7945535955422727,ambos,17.45386878798872,3.722594931349827,3,0,6
Argentina,ARG,2003,1.6790629003980484,-0.9096409120726057,1.1761506202549505,-0.9526387133432405,-0.4269764638623253,-0.05013413383571796,0.3362042979851177,0.4699174634069838,0.038858281816333155,1.1822886939364206,0.10368049505457075,-0.03529680351067694,-0.042474544290519535,0.7971316418302662,0.3669126146371836,ambos,17.4642001874881,3.7004982957671193,3,0,7
Argentina,ARG,2004,1.9158410779533686,-0.8180294300410342,1.154855046667128,-0.9512466973940322,-0.2152216515752498,-0.04779748963919728,0.3787666864327619,0.14965868675000282,0.038858281816333155,1.1822886939364206,0.3781308691252851,-0.03529680351067694,0.23366313322662344,1.4512291706466032,1.0558897505398277,ambos,17.47434095243014,3.729965511779213,3,0,8
Argentina,ARG,2005,2.1652540000891367,-0.6414930612648592,1.0890439522944255,-0.9553553475998078,-0.18996643352867684,-0.045405721894333874,0.4567886492449149,0.13371274915422576,0.038858281816333155,1.1822886939364206,0.6525812431959995,-0.24881985843749468,0.23366313322662344,1.4512291706466032,1.2697102409923724,ambos,17.484615529385966,3.733422699750244,3,0,9
Argentina,ARG,2006,2.4062908013141757,-0.5227765342072302,1.0445609872207875,-0.9587785974560988,-0.23690951062700444,-0.042987385780516016,0.514871245097959,0.18198071053191253,0.038858281816333155,1.1822886939364206,0.3781308691252851,-0.6758671640231085,0.23366313322662344,1.517511227992666,0.984616253722313,ambos,17.49489800517857,3.726987090792238,3,0,10
Argentina,ARG,2007,2.7008494904287437,-0.3792453114762021,1.0365991845519775,-0.9439078194927562,-0.25961665286770047,-0.040632758861330005,0.5587840347175193,0.0323960334885722,0.038858281816333155,1.1822886939364206,0.5153560561606423,-0.5691056365596994,0.30269755260590925,1.517511227992666,0.984616253722313,ambos,17.504809024280334,3.7238591548982414,3,0,11
Argentina,ARG,2008,2.8214275732606744,-0.44052940168294585,1.072609939619592,-0.9596738970455395,-0.182871837562207,-0.038202137934649535,0.583474419937224,-0.06320667688046877,0.038858281816333155,1.1822886939364206,0.6525812431959995,-0.4623435112303015,0.3717319719851945,1.517511227992666,0.984616253722313,ambos,17.51493791187624,3.7343917328150487,3,0,12
Argentina,ARG,2009,2.5361422524439243,-0.8558275557461047,1.1891411767266757,-1.144088435086219,-0.44243921196225783,-0.03563251187437357,0.48547606989278597,-0.14588241903098217,0.038858281816333155,1.1822886939364206,0.10368049505457075,-0.4623435112303015,0.23366313322662344,1.517511227992666,0.984616253722313,ambos,17.525535658688707,3.698312137659311,3,0,13
Argentina,ARG,2010,2.880800331486922,-0.7274598049051285,1.2855251188067316,-1.1175290313768924,-0.18545082382028272,-0.03304391266941421,0.5160466335894637,-0.14800972752794592,0.038858281816333155,1.1822886939364206,0.10368049505457075,-0.4623435112303015,0.23366313322662344,1.5541406896063807,0.984616253722313,ambos,17.536099291647133,3.7340395841742726,3,0,14
Argentina,ARG,2011,3.0852169294559446,-0.6539532104010409,1.3511074955132023,-1.1106953323610427,-0.29577229486755274,-0.0304069677438984,0.6255289466490618,-0.15186458907008496,0.038858281816333155,1.1822886939364206,-0.1707698790161436,-0.4623435112303015,0.23366313322662344,1.5541406896063807,0.984616253722313,ambos,17.546746692365602,3.7188583916989404,3,0,15
Argentina,ARG,2012,2.995689823515663,-0.8224219882979353,1.4171191661746183,-1.2466944310432209,-0.162439948991777,-0.027835086385292147,0.5891941067759109,-0.21742262228163337,-0.5866753058539755,1.1822886939364206,-0.1707698790161436,-0.8893908168159154,0.09559429446805148,1.5541406896063807,0.7470379309972638,ambos,17.557023305765547,3.7371772383688286,3,0,16
Argentina,ARG,2013,3.0556479657965414,-0.7700936558073371,1.4833275505827628,-1.2813542108642297,-0.34221994552213286,-0.025324820015725325,0.6363857920101442,-0.252824774251262,-0.5866753058539755,1.1822886939364206,-0.1707698790161436,-0.8893908168159154,0.09559429446805148,1.5541406896063807,0.4144282791821931,ambos,17.566952895428013,3.712397200492552,3,0,17
Argentina,ARG,2014,2.902377587223125,-0.8075916674663789,1.5374999781877312,-1.3082986575327993,-0.4851385909967004,-0.022689963329404223,0.6796554405531824,-0.23011045472934416,-0.5866753058539755,1.1822886939364206,-0.1707698790161436,-0.8893908168159154,0.09559429446805148,1.5541406896063807,0.4144282791821931,ambos,17.57727033097395,3.692250263657863,3,0,18
Argentina,ARG,2015,2.972291208297853,-0.8578877564969551,1.5905125396058422,-1.4803624404355327,-0.30758748374094397,-0.019987537189139908,0.6221995376456589,-0.3241706871253061,-0.5866753058539755,1.1822886939364206,0.10368049505457075,-0.8893908168159154,0.23366313322662344,1.585537370989565,0.4144282791821931,ambos,17.58774291960538,3.71721877162902,3,0,19
Argentina,ARG,2016,2.8428648407475965,-1.0144397013269162,1.6662167076530325,-1.3755164228967347,-0.551218906677427,-0.017461955076679293,0.5147763203688466,-0.4161068827865549,0.6643918694866419,1.1822886939364206,0.10368049505457075,-0.03529680351067694,0.9240073270194807,1.5750718105285035,0.4144282791821931,ambos,17.59743203063941,3.682796042010293,3,0,20
Argentina,ARG,2017,2.922392158267614,-0.9066499598433887,1.6944041597725188,-1.3988906370667538,-0.34044229544768856,-0.015143526292334206,0.4554869786962631,-0.43886060039065466,0.6643918694866419,1.1822886939364206,0.6525812431959995,0.39175050207493695,0.9240073270194807,1.5750718105285035,0.4144282791821931,ambos,17.60624452638968,3.7126452538083337,3,0,21
Armenia,ARM,1996,-0.752110135517956,-0.576884332193508,0.675578694481886,0.16871471561749818,-0.4610267066268008,-0.2598264445929425,-0.40167289337586776,0.06685141261553067,0.6643918694866419,1.1822886939364206,-0.445220253086858,0.3561631269651382,0.647869649502338,0.14303411301392915,-0.6309163408080225,ambos,15.002968540234166,3.6956778545318607,4,0,0
Armenia,ARM,1998,-0.678347589254262,-0.7790012994012271,0.17829351606461377,-0.04596973416412166,1.4935337504096424,-0.26024608520871667,-0.41442935664454283,0.06685141261553067,0.4558805067875822,-0.025349315557772752,1.5230601054023682,-0.20999743046298375,2.4887873155248394,1.6692618546780562,-0.6309163408080225,ambos,14.981283551838382,3.940482815151818,4,0,1
Armenia,ARM,1999,-0.6491734133474465,-0.7543391603733116,0.2723949717118252,-0.0832264796867367,0.5034955159798359,-0.2604913936501184,-0.4161244254164253,0.06685141261553067,0.4558805067875822,-0.025349315557772752,1.2569264559071938,-0.4817547252175573,1.568328482513589,1.6692618546780562,-0.6309163408080225,ambos,14.968385943454633,3.8239616383242048,4,0,2
Armenia,ARM,2000,-0.6220013249477032,-0.11300149196109986,0.814700284438168,-0.03461001126706203,0.30014978277035803,-0.26017031792433476,-0.4189609704229444,0.06685141261553067,0.4558805067875822,-0.025349315557772752,0.9907928064120192,-0.7535120199721311,0.647869649502338,1.6692618546780562,-0.7259476698980427,ambos,14.985233784543238,3.798251357160348,4,0,3
Armenia,ARM,2001,-0.5540703173553909,-0.21918227468524906,0.8411749750714886,-0.10345984390246256,-0.07645846326896892,-0.26022580542293716,-0.4113755354700481,0.06685141261553067,0.2473693943019578,-0.025349315557772752,0.9852482501748928,0.4063091367651249,0.746490288063843,1.5602455126623296,-0.7497055021705478,ambos,14.98234239696137,3.7488149126662424,4,0,4
Armenia,ARM,2002,-0.4514909786850259,0.26602226802219425,0.8411749750714886,0.016282611759366825,0.16175692612754464,-0.2602974021953273,-0.3960248919455131,0.06685141261553067,0.038858281816333155,-0.025349315557772752,0.9797036939377665,1.566130293502381,0.8451109266253479,1.4512291706466032,-1.011041657168102,ambos,14.978599178336232,3.7803676344443087,4,0,5
Armenia,ARM,2003,-0.32642215427147137,0.5378247283979207,0.8411749750714886,0.19259811917333847,0.11225156642934382,-0.2604006208755231,-0.38442687782015145,0.06685141261553067,0.038858281816333155,-0.025349315557772752,1.4454380745649955,1.566130293502381,0.8451109266253479,0.7971316418302662,-1.011041657168102,ambos,14.973177923632031,3.7738918691750447,4,0,6
Armenia,ARM,2004,-0.217438997769491,0.6615108748780013,0.9087206267031438,-0.010276254104912749,0.5555190244910908,-0.2605056294750287,-0.36806839076819153,0.06685141261553067,0.038858281816333155,-0.025349315557772752,1.2458375629932403,1.566130293502381,0.8451109266253479,0.7971316418302662,-1.011041657168102,ambos,14.967632333450343,3.8304344672623833,4,0,7
Armenia,ARM,2005,-0.058697234875272716,1.5077997325888957,1.0318595696082027,-0.09545405952155324,0.3893294800134026,-0.2606160078324635,-0.3210727475494461,0.06685141261553067,0.9581734687225671,0.4839541419038623,0.8355483056166749,0.02570585477763178,0.3141567139475156,0.18708575010662873,-1.011041657168102,ambos,14.96176981792323,3.80960837101192,4,0,8
Armenia,ARM,2006,0.11479620216258696,2.3262429764781594,1.1479874469709583,-0.3601976546864002,0.6250559153533437,-0.2607311593080577,-0.2549680830122181,0.06685141261553067,0.038858281816333155,-0.025349315557772752,-0.445220253086858,1.032321460453358,0.09559429446805148,-0.2232605031232196,-1.011041657168102,ambos,14.955616935246796,3.839021418456004,4,0,9
Armenia,ARM,2007,0.31982695122163607,2.526581282758629,1.204061072933062,-0.47804687658018274,0.6154354567446079,-0.26084869734273153,-0.17015630071734045,0.06685141261553067,0.038858281816333155,-0.025349315557772752,-0.1707698790161436,1.032321460453358,0.09559429446805148,-0.2232605031232196,-1.011041657168102,ambos,14.949297243452433,3.837837795995314,4,0,10
Armenia,ARM,2008,0.4435116529297827,2.929811495266829,1.1937433955331884,-0.5487466619013687,0.7624166519022165,-0.2609698152160249,-0.11959690600010421,0.06685141261553067,0.038858281816333155,-0.025349315557772752,-0.445220253086858,1.032321460453358,0.09559429446805148,-0.1656999205873819,-1.011041657168102,ambos,14.942743020798124,3.8557701155709867,4,0,11
Armenia,ARM,2009,0.2070415308138722,2.4513988255271117,1.4260791600575078,-0.46935184321383167,0.8842589885264336,-0.2610957062074776,-0.1489581506469671,0.06685141261553067,0.038858281816333155,-0.025349315557772752,-0.7196706271575724,1.032321460453358,-0.042474544290519535,-0.1656999205873819,-1.011041657168102,ambos,14.935884664571704,3.8703954250087986,4,0,12
Armenia,ARM,2010,0.2511233619804121,2.0263662157752766,1.5987403058817222,-0.2552012052794995,0.3466236345139218,-0.2612221938387002,-0.14060327767350198,0.06685141261553067,0.038858281816333155,-0.025349315557772752,0.10368049505457075,1.032321460453358,-0.042474544290519535,-0.233726063584281,-1.011041657168102,ambos,14.928946103952764,3.804185882726331,4,0,13
Armenia,ARM,2011,0.33345898763839565,0.9799631882032807,1.1338753738366552,-0.11591853003515809,0.4734152377321568,-0.2613230259598164,-0.1913354726329152,0.06685141261553067,0.038858281816333155,-0.025349315557772752,-0.1707698790161436,1.032321460453358,-0.042474544290519535,-0.233726063584281,-1.011041657168102,ambos,14.923380198156904,3.8201998074091676,4,0,14
Armenia,ARM,2012,0.4537797802523205,0.11531690326481914,1.1338753738366552,0.07374332897472609,0.16477135346445163,-0.26134569827107323,-0.09135331524810061,0.06685141261553067,0.038858281816333155,-0.025349315557772752,-0.1707698790161436,1.032321460453358,-0.042474544290519535,-0.233726063584281,-1.011041657168102,ambos,14.92212441519471,3.7807605985909336,4,0,15
Armenia,ARM,2013,0.5131485319550694,-0.17374895280079383,0.8443891618166438,0.1200499787281144,-0.10902736501653382,-0.2613582277062415,-0.14769743133579,-0.026682451349262556,0.038858281816333155,-0.025349315557772752,-0.1707698790161436,0.39175050207493695,0.09559429446805148,-0.24593570969617817,-1.011041657168102,ambos,14.921429752721451,3.7444226009035253,4,0,16
Armenia,ARM,2014,0.5838033808256852,-0.32122457479296934,0.8316676038064279,0.0684305261984541,-0.040755570207789256,-0.2614071521673748,-0.138635599459563,-0.1470261829692724,0.038858281816333155,-0.025349315557772752,-0.1707698790161436,0.39175050207493695,0.5098008107437664,0.2093161703599922,-0.9872838248955976,ambos,14.918712630773157,3.7536078179028025,4,0,17
Armenia,ARM,2015,0.650282970300291,-0.24642357971388051,0.8288374640955434,-0.05063063292992721,-0.3482510433375847,-0.26146204302620724,-0.248968864024948,-0.1103699206646191,0.038858281816333155,-0.025349315557772752,0.10368049505457075,0.6052741548677444,0.5098008107437664,0.18664044050901055,-0.7259476698980427,ambos,14.91565533843341,3.7115551622189593,4,0,18
Armenia,ARM,2016,0.6622589684620058,-0.6406968735871647,0.8288374640955434,0.07712299739214787,-0.09967754997400766,-0.26153542971790716,-0.26597033499033856,-0.12137654127871896,0.038858281816333155,-0.025349315557772752,0.10368049505457075,0.39175050207493695,0.5098008107437664,0.16570931958688773,-0.7259476698980427,ambos,14.911553214620781,3.7456855124241946,4,0,19
Armenia,ARM,2017,0.8191170278877371,-0.605488395008817,0.8288374640955434,0.4004210411624996,-0.2698912819642486,-0.2616123962482266,-0.14131032523059564,-0.10193440827565449,0.038858281816333155,-0.025349315557772752,-0.1707698790161436,0.6052741548677444,0.5098008107437664,0.20582747578029698,-0.7259476698980427,ambos,14.90723283156562,3.722440590954203,4,0,20
Azerbaijan,AZE,1996,-0.6765549053068252,0.782643085821707,0.707447375602639,0.21580045638011716,2.8017452079478806,-0.23307153621442886,-0.8801656859833045,0.6794459599154344,-1.212208893524284,-1.232987325051966,-0.9941210012282867,-0.4623435112303015,-1.0089564156005206,-1.1651609446187448,-0.10824403081291442,ambos,15.864879544203989,4.076181165090625,5,0,0
Azerbaijan,AZE,1997,-0.6463939542337704,1.737619379969035,0.707447375602639,0.25152428441969393,4.269482065797543,-0.23262256478756557,-0.8896454150420453,0.8335232213569617,-1.212208893524284,-1.232987325051966,-1.268571375299001,-0.4623435112303015,-1.0089564156005206,-1.1651609446187448,-0.10824403081291442,ambos,15.87452628070435,4.209284200499521,5,0,1
Azerbaijan,AZE,1998,-0.5872002712343415,1.558671793638185,0.707447375602639,0.11053974351926545,3.372058684396923,-0.23217657655955187,-0.8890201704647362,0.6632528928703532,-1.212208893524284,-1.232987325051966,-1.5430217493697154,-0.4623435112303015,-1.0089564156005206,-1.1651609446187448,-0.10824403081291442,ambos,15.884017660965643,4.130024566349321,5,0,2
Azerbaijan,AZE,1999,-0.5406915925058696,0.7102887416928352,0.707447375602639,-0.1045729642101832,1.2955463863535828,-0.23176042032003405,-0.8880551743275422,1.0102246426973536,-1.212208893524284,-1.232987325051966,-1.268571375299001,-0.4623435112303015,-1.0089564156005206,-1.1651609446187448,-0.10824403081291442,ambos,15.892793646860005,3.9182418106547714,5,0,3
Azerbaijan,AZE,2000,-0.46259969513041677,0.059303927813591235,0.707447375602639,0.14892370216175374,-0.22233311780679915,-0.23136753303154303,-0.9277062241383632,1.2975666330869675,-1.212208893524284,-1.232987325051966,-0.9941210012282867,-0.4623435112303015,-1.0089564156005206,-1.1651609446187448,-0.15575969535792394,ambos,15.901008845471843,3.72898986233739,5,0,4
Azerbaijan,AZE,2001,-0.3861685840882308,0.02844792617269639,0.707447375602639,0.15667214277571626,1.8589868366377553,-0.23099403653557438,-0.9354850316754065,1.374894369610852,-1.212208893524284,-1.232987325051966,-1.268571375299001,-0.5691053376267052,-0.7328187380833774,-1.1651609446187448,-0.15575969535792394,ambos,15.908756503906819,3.980280455983335,5,0,5
Azerbaijan,AZE,2002,-0.3067460257139202,1.384946361588504,0.707447375602639,0.5636267204628346,5.027086459586634,-0.2306315778753492,-0.8400842063166237,1.6000680827334102,-1.212208893524284,-1.232987325051966,-1.5430217493697154,-0.6758671640231085,-0.45668106056623414,-1.1651609446187448,-0.15575969535792394,ambos,15.916218238817484,4.27162778396565,5,0,6
Azerbaijan,AZE,2003,-0.21296019984430847,3.662494609222881,0.707447375602639,0.991821156055075,8.982791899800079,-0.23026076625834516,-0.6555943874411845,1.7996448117413282,-1.212208893524284,-1.232987325051966,-1.5430217493697154,-0.6758671640231085,-0.45668106056623414,-1.1651609446187448,-0.15575969535792394,ambos,15.92379474745002,4.545903396975756,5,0,7
Azerbaijan,AZE,2004,-0.122140359327237,4.247382651606247,0.707447375602639,1.3973868166075156,8.858940730429044,-0.2298287990649245,-0.7891687487699944,1.986134858671663,-1.212208893524284,-1.232987325051966,-1.5430217493697154,-0.6758671640231085,-0.45668106056623414,-1.1651609446187448,-0.15575969535792394,ambos,15.932549019196312,4.538364607856677,5,0,8
Azerbaijan,AZE,2005,0.1937369751507006,2.2606079825529277,0.707447375602639,1.2327436270994327,5.259854298470613,-0.2293195670212995,-0.7660245592594688,2.6569697963512766,-1.212208893524284,-1.232987325051966,-1.5430217493697154,-0.6758671640231085,-0.45668106056623414,-1.1651609446187448,-0.559642843990508,ambos,15.942771673895882,4.290027170469374,5,0,9
Azerbaijan,AZE,2006,0.6889270338792014,0.8544931395961629,0.707447375602639,0.9252821967714642,3.087435895423999,-0.2287664819545855,-0.728761789009122,3.1731790975396663,-1.212208893524284,-1.232987325051966,-0.9941210012282867,-0.4623435112303015,-0.7328187380833772,-0.8058431943629627,-0.7259476698980427,ambos,15.953757538338117,4.103515607738441,5,0,10
Azerbaijan,AZE,2007,1.1689144676753587,-0.15110049577935897,0.707447375602639,0.674750198905358,1.778798173291066,-0.22818923297718982,-0.6920790304956298,3.273744493158245,-1.212208893524284,-1.232987325051966,-0.445220253086858,-0.4623435112303015,-0.7328187380833772,-0.8058431943629627,-0.7259476698980427,ambos,15.965096091670853,3.9716825825431834,5,0,11
Azerbaijan,AZE,2008,1.374249441975081,-0.49278510308173495,0.707447375602639,0.45972272849027973,0.7744477144994414,-0.22710275195616914,-0.7588889829131781,3.2200519995145145,-1.212208893524284,-1.232987325051966,-0.445220253086858,-0.4623435112303015,-0.7328187380833772,-0.8267743152850855,-0.7259476698980427,ambos,15.986094629575279,3.857223815743188,5,0,12
Azerbaijan,AZE,2009,1.5652124551232027,-0.46363326856398857,0.707447375602639,0.03835639049155439,0.4921014750853316,-0.2260058715039588,-0.6861925280316352,2.4456634326547095,-1.212208893524284,-1.232987325051966,-0.7196706271575724,-0.4623435112303015,-0.7328187380833772,-0.8267743152850855,-0.7259476698980427,ambos,16.006856109869055,3.8225383673144755,5,0,13
Azerbaijan,AZE,2010,1.6671593752580909,-0.5426984394583009,0.707447375602639,0.04538785789623165,0.45532065519161874,-0.22536693594075127,-0.5448757673883443,2.757948478961832,-1.212208893524284,-1.232987325051966,-0.445220253086858,-0.4623435112303015,-0.7328187380833772,-0.8337517044444757,-0.7259476698980427,ambos,16.018753985625754,3.817930068558167,5,0,14
Azerbaijan,AZE,2011,1.5824804113937854,-0.29911183666814617,0.701383057278091,0.20587009705416573,0.5363765272641376,-0.22465842621397367,-0.4966191875599834,2.9034450758281034,-1.212208893524284,-1.232987325051966,-0.7196706271575724,-0.4623435112303015,-0.7328187380833772,-0.8337517044444757,-0.7259476698980427,ambos,16.031783992744764,3.828057603371126,5,0,15
Azerbaijan,AZE,2012,1.6071530425721101,-0.023218320132968418,0.6957654146610386,0.14062652581659235,0.6756591539266505,-0.22392633728348887,-0.4679627591988198,2.7180042850253527,-1.212208893524284,-1.232987325051966,-0.7196706271575724,-0.4623435112303015,-0.7328187380833772,-0.8337517044444757,-0.7259476698980427,ambos,16.045071629579173,3.845224266074111,5,0,16
Azerbaijan,AZE,2013,1.737799204972473,0.381213253186322,0.7093400051946818,0.03637444872023171,-0.0355060267882431,-0.2232043017331272,-0.4560886588380407,2.5119593035432404,-1.212208893524284,-1.232987325051966,-0.445220253086858,-0.03529680351067694,-0.45668106056623414,-0.8494500451360677,-0.7259476698980427,ambos,16.05800609846676,3.7543106053531283,5,0,17
Azerbaijan,AZE,2014,1.7841537619897345,0.5794503625403479,0.7202250026090108,-0.11453367917398749,0.37679344239942847,-0.22249860814606356,-0.46563555863026873,2.221869072859371,-1.212208893524284,-1.232987325051966,-0.445220253086858,-0.03529680351067694,-0.3186122218076625,-0.8895676780514543,-0.7259476698980427,ambos,16.070488187123043,3.808019679509948,5,0,18
Azerbaijan,AZE,2015,1.7796090412221668,0.6272875043153149,0.7698105914814112,-0.023910016072980628,0.6808295854907334,-0.22181687561215985,-0.4980803995721761,1.4944154783863575,-1.212208893524284,-1.232987325051966,-0.445220253086858,-0.03529680351067694,-0.3186122218076625,-0.9104987989735771,-0.7259476698980427,ambos,16.082400284461865,3.845855886545209,5,0,19
Azerbaijan,AZE,2016,1.6517883077763007,0.28923591953139577,0.8340287285501156,0.48397273193410373,1.4256503475823614,-0.2211696944873321,-0.46242642412105556,1.7174892124329608,-0.5866753058539755,-0.025349315557772752,-0.445220253086858,0.1782268492821305,-0.3186122218076625,-0.920964359434638,-0.7259476698980427,ambos,16.093578855411227,3.9329126962579513,5,0,20
Azerbaijan,AZE,2017,1.6273978095232815,0.14176928677525014,0.9308285917388414,0.4934178068751645,0.5742052027700578,-0.2205956017343193,-0.45631308668950177,1.896845749511524,-0.5866753058539755,-0.025349315557772752,-0.445220253086858,-0.03529680351067694,-0.3186122218076625,-0.920964359434638,-0.7259476698980427,ambos,16.103391472455574,3.832749235095067,5,0,21
Burundi,BDI,2000,-1.1527128200688077,-0.09262817618332268,-1.9564545818765002,-0.16115048806531496,-0.418692914776951,-0.24078493095831505,-2.087277414573097,-0.9611019147221173,-0.5866753058539755,-0.6291683203048694,-1.5430217493697154,-0.8893908168159154,-1.077990834979806,-1.1651609446187448,0.12933429191213489,ambos,15.682716805126464,3.7016674795840476,6,0,0
Burundi,BDI,2002,-1.1510696697930571,-0.09262817618332268,-1.9381055070776485,-0.16115048806531496,-0.6164648765334598,-0.23867319608946266,-2.0725370646221286,-0.9389801676370843,0.038858281816333155,-0.6291683203048694,-1.268571375299001,-0.8893908168159154,-1.077990834979806,-0.5110634158024079,0.12933429191213489,ambos,15.735975857998893,3.6733726644725397,6,0,1
Burundi,BDI,2003,-1.1577662957110406,-0.09262817618332268,-1.9262099467791616,-0.16115048806531496,-0.6164648765334598,-0.23736642373259284,-2.0644161526951135,-0.9441910911999418,0.038858281816333155,-0.6291683203048694,-1.268571375299001,-0.8893908168159154,-1.077990834979806,-0.18401465139423934,0.12933429191213489,ambos,15.767566781152569,3.6733726644725397,6,0,2
Burundi,BDI,2004,-1.156277635255624,-0.09262817618332268,-1.8700514483537543,-0.16115048806531496,-0.6526804496475439,-0.23577040041526678,-2.056120546795527,-0.8955599500344306,0.15259179787280844,-0.40349845463630096,-1.1604546144978836,-0.632731132940318,-0.7746580144300651,-0.31285198000618175,0.12933429191213489,ambos,15.804843704568261,3.6681035236391417,6,0,3
Burundi,BDI,2005,-1.160465363361391,-0.09262817618332268,-1.8278226559005415,-0.16115048806531496,-0.6443766053295454,-0.2341198382565725,-2.0468472797206716,-0.844529690389304,0.038858281816333155,-0.025349315557772752,-0.7196706271575724,-0.8893908168159154,-0.7328187380833772,0.14303411301392915,0.12933429191213489,ambos,15.841986354859154,3.669314136871317,6,0,4
Burundi,BDI,2006,-1.1579971066085022,-0.09262817618332268,-1.7786044212428895,-0.16115048806531496,-0.6531006939792523,-0.23245970002957106,-2.036527826388063,-0.979864751238195,-0.5866753058539755,-1.232987325051966,0.10368049505457075,-0.24881985843749468,0.09559429446805148,-0.1604671403568512,0.12933429191213489,ambos,15.878002767826038,3.6680422174525416,6,0,5
Burundi,BDI,2007,-1.158460699008133,-0.09262817618332268,-1.7425141736812064,-0.16115048806531496,-0.6470807624181794,-0.23069169529856612,-2.0252122438374096,-0.8258579431623488,-0.5866753058539755,-1.232987325051966,0.3781308691252851,-0.24881985843749468,-0.042474544290519535,-0.5965319851417354,0.12933429191213489,ambos,15.914984479956809,3.66892006008753,6,0,6
Burundi,BDI,2008,-1.1574675118677842,-0.09262817618332268,-1.7425141736812064,-0.16115048806531496,-0.6119231319503124,-0.22864066852630288,-2.013401178681898,-0.9715061132533662,-0.5866753058539755,-1.232987325051966,0.10368049505457075,-0.24881985843749468,-0.042474544290519535,-0.5965319851417354,0.12933429191213489,ambos,15.956239795695874,3.6740315051435117,6,0,7
Burundi,BDI,2009,-1.1594708036687784,-0.09262817618332268,-1.5415505616517182,-0.16115048806531496,-0.6501013149312143,-0.226003467045686,-2.0005839063231345,-0.8409054424623178,-0.5866753058539755,-1.232987325051966,-0.1707698790161436,-0.24881985843749468,-0.594749899324806,-0.5965319851417354,0.12933429191213489,ambos,16.00690115065752,3.668479691309053,6,0,8
Burundi,BDI,2010,-1.159046512114404,-0.09262817618332268,-1.4377176383288204,-0.16115048806531496,-0.6468137334464759,-0.223445087645073,-1.9871429734343558,-0.9739363031563493,-0.5866753058539755,-1.232987325051966,-0.445220253086858,-0.24881985843749468,-0.594749899324806,-0.6837451634099209,0.12933429191213489,ambos,16.05371125127676,3.6689589811278895,6,0,9
Burundi,BDI,2011,-1.1585013523430647,-0.09262817618332268,-1.3281580136563516,-0.16115048806531496,-0.6272786928249418,-0.22140735997328123,-1.9729060095492303,-1.0221588225863214,-0.5866753058539755,-1.232987325051966,-0.445220253086858,-0.24881985843749468,-0.594749899324806,-0.6837451634099209,0.12933429191213489,ambos,16.089488233007184,3.671802226722758,6,0,10
Burundi,BDI,2012,-1.157369443576223,-0.09262817618332268,-1.227666465069125,-0.16115048806531496,-0.6489870376086679,-0.21930092326558573,-1.9568229428801618,-0.9400673227326142,-1.212208893524284,-1.232987325051966,-0.7196706271575724,-0.6758671640231085,-0.594749899324806,-0.7552600009865147,0.12933429191213489,ambos,16.125173444181293,3.6686421652703474,6,0,11
Burundi,BDI,2013,-1.1555411797989827,-0.09262817618332268,-1.0599041006165975,-0.16115048806531496,0.17955457801601793,-0.21710342142980762,-1.940353700505068,-0.9573276400642047,-1.212208893524284,-0.025349315557772752,-0.7196706271575724,-0.6758671640231085,-0.594749899324806,-0.7884007680205353,0.12933429191213489,ambos,16.16109211161257,3.782685523952119,6,0,12
Burundi,BDI,2014,-1.1543816366016384,-0.09262817618332268,-0.8410620812785884,-0.16115048806531496,-0.060418193609693846,-0.21495286917752435,-1.92345061133385,-0.9684667061753212,-1.212208893524284,-0.025349315557772752,-0.7196706271575724,-0.6758671640231085,-0.594749899324806,-0.802355023061291,0.12933429191213489,ambos,16.195036877083318,3.7509710677412507,6,0,13
Burundi,BDI,2015,-1.1584076392187381,-0.09262817618332268,-0.708308137942273,-0.16115048806531496,-0.6072186575892233,-0.21347442565965605,-1.9255117228863974,-0.9712694805214567,-1.212208893524284,-0.025349315557772752,-1.268571375299001,-0.6758671640231085,-0.7328187380833772,-0.9488728695161505,0.12933429191213489,ambos,16.217722047935712,3.6747134945705926,6,0,14
Burundi,BDI,2016,-1.1562706499269146,-0.09262817618332268,-0.5804261790779773,-0.16115048806531496,-0.65316655040753,-0.21232964696671666,-1.926115752448734,-0.8467587071170976,-1.212208893524284,-0.025349315557772752,-1.5430217493697154,-0.6758671640231085,-1.0089564156005206,-0.9645712102077426,0.12933429191213489,ambos,16.234940646792882,3.6680326098282783,6,0,15
Burundi,BDI,2017,-1.1541310427354254,-0.09262817618332268,-0.5532027359498738,-0.16115048806531496,-0.24986780312929058,-0.21073476323135112,-1.9267769477087842,-0.8406738095263803,-1.212208893524284,-0.025349315557772752,-1.268571375299001,-0.6758671640231085,-1.0089564156005206,-0.9767808563196397,0.12933429191213489,ambos,16.258445507434633,3.725203269305206,6,0,16
Burundi,BDI,2018,-1.1507540018602085,-0.09262817618332268,-0.6216923409498207,-0.16115048806531496,-0.6135135033750658,-0.2086305102252135,-1.9462587570589747,-0.762032421405101,-1.212208893524284,-0.025349315557772752,-0.9941210012282867,-0.6758671640231085,-1.1470252543590918,-0.9767808563196397,0.12933429191213489,ambos,16.288635323128048,3.673800849924711,6,0,17
Benin,BEN,1996,-0.9580496816986392,-0.7639454993192323,-1.6007372585270336,-0.49133565917900185,-0.762184254825515,-0.24125231468847802,0.3937571821703132,-1.1512262450917203,0.038858281816333155,0.5784696891893238,1.750382739478857,0.6052741548677444,0.9930417463987669,0.47008287742209764,0.12933429191213489,ambos,15.670535707361418,3.6520003900603895,7,0,0
Benin,BEN,1997,-0.9487721211592045,-0.6566574247022073,-1.6007372585270336,-0.42757824229442176,-0.5595545461741319,-0.24010970776430113,0.38345953510663366,-1.1299965495596758,0.038858281816333155,0.5784696891893238,1.750382739478857,0.6052741548677444,0.9930417463987669,0.47008287742209764,0.12933429191213489,ambos,15.700056722656301,3.6815970742737276,7,0,1
Benin,BEN,1998,-0.9458892159307721,-0.6502622384068815,-1.6007372585270336,-0.40194564661440607,-0.5730416286302916,-0.23887989000495535,0.37002716281793263,-1.2098263474277977,0.038858281816333155,0.5784696891893238,1.750382739478857,0.6052741548677444,0.9930417463987669,0.47008287742209764,0.12933429191213489,ambos,15.730886386257394,3.6796540921318486,7,0,2
Benin,BEN,1999,-0.9381894775803885,-0.3133958751337412,-1.6007372585270336,-0.5531216270446637,-0.6092141568155699,-0.23760708435018696,0.3615618680996503,-0.7514430866057866,0.038858281816333155,0.5784696891893238,1.750382739478857,0.6052741548677444,0.9930417463987669,0.47008287742209764,0.12933429191213489,ambos,15.761823340237667,3.674424271576101,7,0,3
Benin,BEN,2000,-0.9284151398759629,-0.4749506356244836,-1.5738383780121097,-0.7578241202415174,-0.717136289615421,-0.23630163056720865,0.3548486594752363,-0.6919917849788872,0.038858281816333155,0.5784696891893238,1.750382739478857,0.6052741548677444,0.9930417463987669,0.47008287742209764,0.12933429191213489,ambos,15.792589862431617,3.658656365009122,7,0,4
Benin,BEN,2001,-0.9202211764952115,-0.43412074699766423,-1.5120045983276624,-0.7314061678884423,-0.5736437191569708,-0.23496529470973943,0.34735840758629405,-0.4535691586193029,0.038858281816333155,0.5784696891893238,1.750382739478857,0.23160791194682945,0.8204556979505524,-0.020490269190155095,0.12933429191213489,ambos,15.823133408931024,3.6795672654057143,7,0,5
Benin,BEN,2002,-0.914382624921475,-0.6946059779144651,-1.4442282977587595,-0.8618583537178514,-0.7344469414966878,-0.23359403752653687,0.3378329583117527,-0.48286975057709924,0.038858281816333155,0.5784696891893238,1.750382739478857,-0.1420583309740855,0.647869649502338,-0.5110634158024079,0.12933429191213489,ambos,15.853534485069108,3.65610390151085,7,0,6
Benin,BEN,2003,-0.9130596897272316,-0.6182089718844183,-1.3966586788003104,-0.924405447374177,-0.6187376638673652,-0.23217615891171292,0.328015231776704,-0.4402650001221164,0.038858281816333155,0.5784696891893238,1.750382739478857,-0.1420583309740855,0.30269755260590925,0.14303411301392915,0.12933429191213489,ambos,15.88402650712785,3.673042803303262,7,0,7
Benin,BEN,2004,-0.908014535240181,-0.7946658077099823,-1.3314209649943998,-0.9741961716000466,-0.7687882637883088,-0.23070828188416984,0.3135216760936638,-0.5461689819451762,0.102043679720346,0.7187508525929841,1.0129705922399252,-0.2301275783016193,0.2852644287488969,0.16285536124915584,0.12933429191213489,ambos,15.914643813926924,3.6510208933997843,7,0,8
Benin,BEN,2005,-0.9140405274702053,-0.9213207755406662,-1.3314209649943998,-0.9976504934693253,-0.6769499211286678,-0.2291149553786038,0.2976586759601507,-0.45295960285804754,0.03102660129870084,-0.094860959384259,0.9946500417493583,0.06605702608518127,-0.1962694237836925,0.8002027605475643,0.12933429191213489,ambos,15.946849930012956,3.6645568652125595,7,0,9
Benin,BEN,2006,-0.9110931862685726,-1.027876145904567,-1.3314209649943998,-0.9779241231605195,-0.6842890866914597,-0.2275213424859482,0.2789234533768712,-0.49115619179781733,0.038858281816333155,-0.025349315557772752,1.2014819913374282,-0.4623435112303015,0.23366313322662344,0.9994659851701271,0.12933429191213489,ambos,15.978056615196333,3.6634818626039984,7,0,10
Benin,BEN,2007,-0.8996119946283431,-0.6770669572339678,-1.3314209649943998,-0.7065112299857382,-0.3554017592055559,-0.22596574151303409,0.2597296538209656,-0.6288440785196858,0.038858281816333155,-0.025349315557772752,1.2014819913374282,-0.4623435112303015,0.23366313322662344,0.9994659851701271,0.12933429191213489,ambos,16.00760756731954,3.710555887701563,7,0,11
Benin,BEN,2008,-0.8923753570944929,-0.8239381722448889,-1.3314209649943998,-0.7454085901442479,-0.567349059976169,-0.22432798324380226,0.2246594579712859,-0.7836583675612181,0.038858281816333155,-0.025349315557772752,0.9270316172667138,-0.4623435112303015,-0.042474544290519535,0.10989334597990859,0.12933429191213489,ambos,16.03780350384402,3.680474638000927,7,0,12
Benin,BEN,2009,-0.8952930551319255,-0.7366558058249835,-1.3314209649943998,-0.834708404419344,-0.6873261290403287,-0.22265168204543373,0.17538665245521284,-0.762000417988097,-0.5866753058539755,-0.025349315557772752,0.9270316172667138,-0.24881985843749468,-0.45668106056623414,0.5459581907647922,0.12933429191213489,ambos,16.067793864863926,3.663036674241036,7,0,13
Benin,BEN,2010,-0.8989497751790307,-0.6052920677218092,-1.3314209649943998,-0.6391722759074666,-0.5553490290474025,-0.22093299555781024,0.13451513157617448,-0.7545092181817076,-0.5866753058539755,-0.025349315557772752,0.6525812431959995,-0.24881985843749468,-0.594749899324806,0.5651452260360795,0.12933429191213489,ambos,16.097636278051944,3.6822021600694033,7,0,14
Benin,BEN,2011,-0.8991828499890152,-0.5354785321176787,-0.6434231196368689,-0.7616348133475054,-0.38959681165212995,-0.21916611250957274,0.09497904165916676,-0.7437678297996019,-0.5866753058539755,-0.025349315557772752,0.6525812431959995,-0.24881985843749468,-0.594749899324806,0.5459581907647922,0.12933429191213489,ambos,16.127414495337156,3.705763457237834,7,0,15
Benin,BEN,2012,-0.8920608978108476,-0.7804484161030114,-0.6434231196368689,-0.6593449126229098,-0.2113651776186724,-0.21735212475150023,-0.11445780221472601,-0.8425485707857268,-0.5866753058539755,-0.025349315557772752,0.6525812431959995,-0.24881985843749468,-0.594749899324806,0.5354926303037308,0.12933429191213489,ambos,16.157091146444312,3.7304941984983224,7,0,16
Benin,BEN,2013,-0.8751463348559532,-0.23483087888461548,-0.4152980776966321,-0.4133796264917882,-0.14984783830720444,-0.2154955190146625,-0.27814836821829514,-0.8185365814001722,-0.5866753058539755,-0.025349315557772752,0.6525812431959995,-0.24881985843749468,-0.594749899324806,0.5128174237307722,0.12933429191213489,ambos,16.18657965966323,3.738890080485947,7,0,17
Benin,BEN,2014,-0.8610654719741262,-0.12224858252804939,-0.3951405745228624,-0.23702874045169184,-0.11912720571997748,-0.21357929106561682,-0.2327324152861242,-0.888151310992669,-0.5866753058539755,-0.025349315557772752,0.6525812431959995,-0.24881985843749468,-0.594749899324806,0.4744433531881988,0.12933429191213489,ambos,16.216129844538738,3.74305658646922,7,0,18
Benin,BEN,2015,-0.8663464383916,-0.2605747862459536,-0.30335940304103626,-0.4844037303764903,-0.4234418205071853,-0.21160634057364505,-0.1940297694670348,-0.8903667535409433,0.038858281816333155,-0.025349315557772752,0.6525812431959995,-0.4623435112303015,-0.45668106056623414,0.4866535225781187,0.12933429191213489,ambos,16.245669004666507,3.7009973611886022,7,0,19
Benin,BEN,2016,-0.864755046755958,-0.3542414901831699,-0.2975271025518354,-0.41957749914809434,-0.4584594754917082,-0.20959470395899182,-0.1518921971314829,-0.9475076403466888,0.038858281816333155,-0.025349315557772752,0.6525812431959995,-0.4623435112303015,-0.45668106056623414,0.4779320477678937,0.12933429191213489,ambos,16.27491502379742,3.6960421045811005,7,0,20
Benin,BEN,2017,-0.8529459995362882,0.09588873760693951,-0.2975271025518354,-0.34722264515190876,-0.3767774314659309,-0.20755456586252957,-0.10312941549004494,-0.9972410307070948,0.038858281816333155,-0.025349315557772752,0.6525812431959995,-0.6758671640231085,-0.45668106056623414,0.4674664873068323,0.12933429191213489,ambos,16.30372680831075,3.707562783318775,7,0,21
Burkina Faso,BFA,1996,-1.1158112915501932,-0.011474466753853906,-1.9608139088670704,-1.024260670328278,-0.5437756158716194,-0.21581109372176752,-1.4966942148390718,-0.7140884903812349,1.2899254571569505,-0.025349315557772752,0.3476365782821381,0.8770311506893238,1.5683287586512662,0.3610667970453825,0.4144282791821931,ambos,16.1816283226489,3.683865444017611,8,0,0
Burkina Faso,BFA,1997,-1.1089084224506824,0.19129000537616284,-1.9608139088670704,-1.0464605535745266,-0.5837229453887569,-0.214150758603642,-1.4600406984624525,-0.6144876637728455,0.8729029819722665,-0.025349315557772752,0.7468369427447507,1.4205457401984716,1.5683287586512662,0.5790992194378242,0.12933429191213489,ambos,16.207408244782933,3.6781126321548108,8,0,1
Burkina Faso,BFA,1998,-1.1002286357714897,-0.03331176404393172,-1.9608139088670704,-0.9440643779717531,-0.6260424105931428,-0.21232240972630756,-1.425606562872615,-0.7673186151076361,0.4558805067875822,-0.025349315557772752,1.1460373072073633,1.96406032970762,1.5683287586512662,0.7971316418302662,-0.15575969535792394,ambos,16.235048564380783,3.6719818908669284,8,0,2
Burkina Faso,BFA,1999,-1.0913513741303515,-0.6729703378877804,-1.9608139088670704,-1.1092811506854776,-0.6126199794100292,-0.21032805776578883,-1.3832622185021224,-0.3817625960328654,0.4558805067875822,-0.025349315557772752,1.1460373072073633,1.6923030349530461,1.5683287586512662,1.0151640642227082,-0.15575969535792394,ambos,16.26435202400847,3.673930446305114,8,0,3
Burkina Faso,BFA,2000,-1.0937385283090053,-0.7456950525943206,-1.940691099597438,-1.1131136729192905,-0.5173248066048937,-0.2082361313372977,-1.3435456037838225,-0.4314458543972826,0.4558805067875822,-0.025349315557772752,1.1460373072073633,1.4205457401984716,1.5683287586512662,1.2331964866151495,-0.15575969535792394,ambos,16.294193463707646,3.6876564921562593,8,0,4
Burkina Faso,BFA,2001,-1.0864677712664101,-1.0881106829445617,-1.9340466306763908,-1.213806997715725,-0.6191634876360733,-0.20603181587534714,-1.3000067693421595,-0.5344986461035961,0.4558805067875822,-0.025349315557772752,1.1460373072073633,1.6801711383108837,1.5190183013016751,1.3422128286308765,-0.15575969535792394,ambos,16.32470339630017,3.672980989232341,8,0,5
Burkina Faso,BFA,2002,-1.083871618650637,-1.1250049809384002,-1.9340466306763908,-1.2238522333014508,-0.5809528060713743,-0.20372940686882435,-1.2529441533906427,-0.5349261516276026,0.4558805067875822,-0.025349315557772752,1.1460373072073633,1.9397965364232959,1.4697078439520836,1.4512291706466032,-0.3933380180829738,ambos,16.355607324654997,3.678512629377238,8,0,6
Burkina Faso,BFA,2003,-1.0738478208113005,-0.9990706419071593,-1.8890181850045975,-1.2512951256150546,-0.5460483428471092,-0.20133309272891417,-1.1957631763635266,-0.3683407742910076,0.4558805067875822,-0.025349315557772752,1.0129705922399252,1.9397965364232959,1.4697078439520836,1.0151643258617191,-0.44085368262798336,ambos,16.386788539678978,3.6835390351456967,8,0,7
Burkina Faso,BFA,2004,-1.0709486614879509,-0.8493868167577148,-1.8498588374320597,-1.1027094144786884,-0.6074833240288334,-0.19883913252425922,-1.140216170529696,-0.36548788186513975,0.4558805067875822,-0.025349315557772752,0.9464372347562064,1.9397965364232959,1.4697078439520836,1.0151643258617191,-0.44085368262798336,ambos,16.41823979818191,3.6746751392465726,8,0,8
Burkina Faso,BFA,2005,-1.0584494593006235,-0.8732572251272043,-1.813529181239634,-1.1407450545826132,-0.505131266753912,-0.1962640949412701,-1.083067886995179,-0.5740767352154698,0.4558805067875822,-0.025349315557772752,1.1460373072073633,1.9397965364232959,1.4697078439520836,0.7971316418302662,-0.44085368262798336,ambos,16.449707810801662,3.68939929669177,8,0,9
Burkina Faso,BFA,2006,-1.0510213778812851,-0.8178590090614368,-1.7852456139006265,-1.1135902792181493,-0.4294549862723107,-0.19362942917967538,-1.020854420878078,-0.5457985276151732,0.038858281816333155,-0.025349315557772752,0.9270316172667138,0.39175050207493695,0.647869649502338,0.5738661775682821,-0.44085368262798336,ambos,16.480911262347526,3.700148198173447,8,0,10
Burkina Faso,BFA,2007,-1.0484585080102393,-0.5406999133751076,-1.7445663560466236,-1.1521505249932653,-0.603716559583136,-0.19098870155801828,-0.9601433474931677,-0.37476067741533053,0.038858281816333155,0.5784696891893238,0.7898064302313567,0.39175050207493695,0.5788352301230523,0.35583401681485183,-0.44085368262798336,ambos,16.511239023988956,3.6752208783347835,8,0,11
Burkina Faso,BFA,2008,-1.0413839228760324,-0.6474589914177236,-1.646372571625377,-1.1054885193705244,-0.5920892187802042,-0.1883528305840883,-0.9178063505341381,-0.5421116304667636,0.038858281816333155,1.1822886939364206,0.10368049505457075,0.6052741548677444,0.5098008107437664,0.11687021186127565,-0.44085368262798336,ambos,16.540620674315917,3.6769036029585025,8,0,12
Burkina Faso,BFA,2009,-1.041384527816165,-0.46700815884048724,-1.5942768811172057,-0.962774517744717,-0.5486432882800549,-0.1856561799167968,-0.8491968039425034,-0.3406660657645953,0.038858281816333155,1.1822886939364206,0.10368049505457075,0.6052741548677444,0.7859384882609096,0.5529350566461593,-0.44085368262798336,ambos,16.5698122750222,3.683166218965998,8,0,13
Burkina Faso,BFA,2010,-1.0272569836522434,-0.3057536692359915,-1.5312580701796668,-0.7076895682979484,-0.5862586451578505,-0.18287326110517285,-0.7639633104560528,-0.08135282292400776,0.038858281816333155,1.1822886939364206,0.3781308691252851,0.6052741548677444,0.7859384882609096,0.5511909709953229,-0.44085368262798336,ambos,16.599070067936722,3.677746346768529,8,0,14
Burkina Faso,BFA,2011,-1.017421250484693,-0.18571239712975982,-1.4589908710875625,-0.46287050334395974,-0.44518530663152306,-0.17997711199801386,-0.6842919123286846,0.11245993280598557,0.038858281816333155,1.1822886939364206,-0.7196706271575724,0.6052741548677444,0.09559429446805148,0.11512612621043929,-0.6309163408080225,ambos,16.62863577397285,3.69792338836845,8,0,15
Burkina Faso,BFA,2012,-1.007898541443484,-0.05957474737052687,-1.3843690084949565,-0.3541390907939932,-0.19484725002026584,-0.17693198790670403,-0.6182441243811589,-0.013425770382921195,-0.5866753058539755,-0.025349315557772752,-0.445220253086858,0.6052741548677444,0.09559429446805148,0.10291595682051934,-0.7259476698980427,ambos,16.65880747967442,3.7327554956276,8,0,16
Burkina Faso,BFA,2013,-0.999927976646427,0.10123460062485885,-1.298992896646502,-0.2728454879651444,-0.015287464901794036,-0.17381083400951358,-0.5690069972049107,-0.24530639132991103,-0.5866753058539755,-0.025349315557772752,-0.445220253086858,0.6052741548677444,0.09559429446805148,0.21280434166166404,-0.7259476698980427,ambos,16.688815841880388,3.7570127788256356,8,0,17
Burkina Faso,BFA,2014,-0.996027049728314,-0.4827932392583991,-1.2278984614808646,-0.4243252441680288,-0.2051546865192257,-0.17062446738547107,-0.5033412737950431,-0.17555313517909757,-0.5866753058539755,-0.025349315557772752,-0.445220253086858,0.39175050207493695,0.09559429446805148,0.20233878120060264,-0.7021898376255382,ambos,16.718549634425617,3.7313450120114124,8,0,18
Burkina Faso,BFA,2015,-0.9932650474430821,-0.42392785682814216,-1.1076135119808381,-0.41660581897276056,-0.3105983436243365,-0.16735472631998022,-0.43879158499438414,-0.22308472295312454,0.038858281816333155,-0.025349315557772752,-0.7196706271575724,0.1782268492821305,-0.042474544290519535,0.3087389947400755,-0.44085368262798336,ambos,16.74816926347939,3.716800517719099,8,0,19
Burkina Faso,BFA,2016,-0.9841565270780095,-0.29092905698610305,-1.0338247254265323,-0.4513642685275046,-0.12094806215962112,-0.16402924120078594,-0.35906238648911193,-0.17957056392416343,0.6643918694866419,-0.025349315557772752,-0.7196706271575724,0.1782268492821305,-0.042474544290519535,0.3087389947400755,-0.3458223535379643,ambos,16.77742008708204,3.74281011500205,8,0,20
Burkina Faso,BFA,2017,-0.9737734617585806,-0.2136035127986947,-0.9532146847758054,-0.41138630843709567,-0.6503438146075807,-0.16069073740181203,-0.2723528749358811,-0.15792650156126226,0.6643918694866419,-0.025349315557772752,-0.445220253086858,0.1782268492821305,-0.042474544290519535,0.31745994627227747,-0.15575969535792394,ambos,16.805949245180287,3.668444328675499,8,0,21
Bangladesh,BGD,1996,-0.9467186968061617,-0.23220373375939296,-0.7808247748146713,-1.3760337308913488,-0.6484369607526107,0.4655887359470448,-0.7051509084689671,-0.4470764012004132,0.038858281816333155,-0.025349315557772752,-0.7196706271575724,-1.3164381224015291,-0.594749899324806,-0.5110634158024079,-0.7259476698980427,ambos,18.642721127000158,3.668722362830311,9,0,0
Bangladesh,BGD,1997,-0.9374564894344074,-0.10061981822370157,-0.7808247748146713,-1.3687849116931694,-0.602985407854061,0.4795255846685825,-0.6914880180765732,-0.4321221859806446,0.038858281816333155,-0.025349315557772752,-0.7196706271575724,-1.3164381224015291,-0.594749899324806,-0.5110634158024079,-0.36958018581046875,ambos,18.661256035799212,3.6753267750804977,9,0,1
Bangladesh,BGD,1998,-0.9255952056874495,-0.06364980595628507,-0.7808247748146713,-1.3236065139525646,-0.5870033441649174,0.4939897018539899,-0.6807028225621169,-0.36535681841093837,0.038858281816333155,-0.025349315557772752,-0.7196706271575724,-1.3164381224015291,-0.594749899324806,-0.5110634158024079,0.27188128554716456,ambos,18.68013564956749,3.6776387484609403,9,0,2
Bangladesh,BGD,1999,-0.915295381489597,0.00902567758602003,-0.6673628791273177,-1.3088465667710738,-0.5922406470473313,0.5088205735059658,-0.6489664026525581,-0.38918912919204013,0.038858281816333155,-0.025349315557772752,-0.5824454401222151,-1.3164381224015291,-0.594749899324806,-0.5110634158024079,0.12933429191213489,ambos,18.69913082743166,3.6768817062414025,9,0,3
Bangladesh,BGD,2000,-0.9020304040005317,0.1407220504138647,-0.6075671421455685,-1.2817091932505673,-0.5616100673188523,0.5233561442702185,-0.6295270420190509,-0.3972607205231782,0.038858281816333155,-0.025349315557772752,-0.445220253086858,-1.3164381224015291,-0.594749899324806,-0.5110634158024079,-0.3933380180829738,ambos,18.717404107968648,3.6813011945885528,9,0,4
Bangladesh,BGD,2001,-0.8885042135718838,0.1850262459796783,-0.5446459189369963,-1.2010241672935213,-0.6280859076556649,0.5368491884653004,-0.4520233153190391,-0.37179269270282506,-0.27390851201882116,-0.025349315557772752,-0.7196706271575724,-1.4231999487979325,-0.8018531574626634,-0.8381121802105763,-0.5358850117180035,ambos,18.73407304032073,3.671684899873238,9,0,5
Bangladesh,BGD,2002,-0.8791185564360312,0.2052689420021446,-0.5027347171032704,-1.292006852394899,-0.6368109098502968,0.5495447758767054,-0.2725063767212015,-0.35042280825586786,-0.5866753058539755,-0.025349315557772752,-0.9941210012282867,-1.529961775194336,-1.0089564156005206,-1.1651609446187448,-1.2961356444381615,ambos,18.749507103782477,3.6704158612559565,9,0,6
Bangladesh,BGD,2003,-0.8653146031367146,0.24618483508960592,-0.5061356853442576,-1.3300634749259568,-0.5755032389255411,0.5616964963058414,-0.08286385504717476,-0.3809669199129085,-0.5866753058539755,-0.025349315557772752,-0.7196706271575724,-1.529961775194336,-1.0089564156005206,-1.1651609446187448,-1.4861983026182013,ambos,18.764060156729165,3.6792990587660506,9,0,7
Bangladesh,BGD,2004,-0.8484593670438856,0.2840569066790499,-0.6224866245081678,-1.3533029586234648,-0.5328950255693583,0.5732265896914954,-0.018094551637613938,-0.35540335200193474,-1.212208893524284,-0.025349315557772752,-0.445220253086858,-1.529961775194336,-0.7328187380833772,-1.1651609446187448,-1.5337139671632107,ambos,18.777675635702337,3.685426639246202,9,0,8
Bangladesh,BGD,2005,-0.824610667940405,0.385640396630749,-0.663672496131337,-1.1342129219151291,-0.44870110646514527,0.58404325107227,0.05996654173577063,-0.31189064605019107,-1.212208893524284,-0.025349315557772752,-0.7196706271575724,-1.529961775194336,-0.7328187380833772,-1.1651609446187448,-0.7259476698980427,ambos,18.79028228724006,3.6974254555115884,9,0,9
Bangladesh,BGD,2006,-0.7983681234076666,0.42364149444666305,-0.6444602121669156,-1.0262477391073523,-0.542275113128824,0.5941275789002539,0.11883983211635218,-0.24534245399132484,-1.212208893524284,-0.025349315557772752,-0.7196706271575724,-0.8893908168159154,-0.45668106056623414,-0.3174505472727722,-0.44085368262798336,ambos,18.801893964669873,3.6840808877283973,9,0,10
Bangladesh,BGD,2007,-0.7682933236212234,0.4278026206268177,-0.6167928237396633,-0.9730508854465487,-0.510448546104124,0.6035742062093542,0.15560621196384677,-0.21144239733701553,-1.212208893524284,-0.025349315557772752,-0.033544691980786426,-0.8893908168159154,-0.3876466411869483,-0.3174505472727722,-0.060728366267904905,ambos,18.812650389915355,3.6886396792908043,9,0,11
Bangladesh,BGD,2008,-0.7415717637323779,0.43068250998534846,-0.685245069160549,-0.8952072940370835,-0.3998822419755948,0.6124342232630688,0.19302514882921035,-0.19249711462980484,-1.212208893524284,-0.025349315557772752,-0.445220253086858,-0.8893908168159154,-0.3186122218076625,-0.4203620662325501,0.12933429191213544,ambos,18.822634795508918,3.704317451389403,9,0,12
Bangladesh,BGD,2009,-0.7185556385445978,0.43114107819358277,-0.5567744388005428,-0.9686795599642652,-0.4996421075636823,0.6207838985231864,0.21988191094565956,-0.14493144320433266,-1.212208893524284,-0.025349315557772752,-0.7196706271575724,-0.8893908168159154,-0.3186122218076625,-0.4203620662325501,0.29563911781966906,ambos,18.83195372036144,3.6901828637229124,9,0,13
Bangladesh,BGD,2010,-0.691191536742473,0.4360590327275341,-0.5069598627063362,-1.0352302862448377,-0.4664931742830084,0.6287088676958832,0.2575982313336049,-0.17329959152931426,-1.212208893524284,-0.025349315557772752,-0.445220253086858,-0.8893908168159154,-0.3186122218076625,-0.3593127891170181,0.31939695009217406,ambos,18.8407190256461,3.6949018057258955,9,0,14
Bangladesh,BGD,2011,-0.657314334490693,0.5783092299759178,-0.4979757575414344,-0.7557113581946895,-0.4814654098985921,0.6369967609078256,0.3072020720149387,-0.1658688211203992,-1.212208893524284,-0.025349315557772752,-0.9941210012282867,-0.8893908168159154,-0.3186122218076625,-0.3610568747678536,0.12933429191213489,ambos,18.849804284542497,3.692773178677682,9,0,15
Bangladesh,BGD,2012,-0.6215475404679512,0.6802270594734351,-0.4285334917422878,-0.7356564302130657,-0.4455774261116396,0.6458212122648554,0.3610675963673176,-0.14372783381419865,-1.212208893524284,-0.025349315557772752,-0.9941210012282867,-0.8893908168159154,-0.3186122218076625,-0.3610568747678536,0.12933429191213489,ambos,18.859387843607575,3.6978678658703434,9,0,16
Bangladesh,BGD,2013,-0.5871157839424205,0.695645740470006,-0.2857077254119804,-0.7883900874004218,-0.3498987556898333,0.6545443243569646,0.4090714092759015,-0.06031124447301036,-1.212208893524284,-0.025349315557772752,-0.9941210012282867,-0.8893908168159154,-0.042474544290519535,-0.3610568747678536,0.12933429191213489,ambos,18.868771927048552,3.7113249917002067,9,0,17
Bangladesh,BGD,2014,-0.550409904028753,0.7184498900350723,-0.2857077254119804,-0.840188019484485,-0.3965498367975146,0.6630929073835775,0.37505269384048373,-0.05997856724003911,-1.212208893524284,-0.025349315557772752,-0.7196706271575724,-0.8893908168159154,-0.042474544290519535,-0.3750111298086102,0.12933429191213489,ambos,18.87788360432871,3.7047861758645397,9,0,18
Bangladesh,BGD,2015,-0.5080083959569908,0.755857829397474,-0.14828013460867379,-0.9107530954354112,-0.3996854767585707,0.6715547509204396,0.3673522501075289,-0.01644713550133043,-1.212208893524284,-0.025349315557772752,-0.7196706271575724,-0.8893908168159154,-0.042474544290519535,-0.38373260461883524,0.12933429191213489,ambos,18.886821798050054,3.704345133801832,9,0,19
Bangladesh,BGD,2016,-0.45877770972719195,0.9197617048256628,0.023299234280153826,-1.2232237003292168,-0.4996401482499913,0.6800792595323362,0.3646431452181672,0.3380763610856125,-1.212208893524284,-0.025349315557772752,-0.7196706271575724,-1.1029144696087223,-0.042474544290519535,-0.38373260461883524,0.12933429191213489,ambos,18.895746122154705,3.6901831433016263,9,0,20
Bangladesh,BGD,2017,-0.4105400056813903,1.0054169464152747,-0.04271818130953095,-1.2620046547664974,-0.5456909775013854,0.6882783727465149,0.3592205735850999,0.3530629570474901,-1.212208893524284,-0.025349315557772752,-0.445220253086858,-1.1029144696087223,-0.18054338304909118,-0.4360604069241423,-0.01321270172289425,ambos,18.90425529525891,3.6835903669887693,9,0,21
Bosnia and Herzegovina,BIH,1996,-0.6249875825838926,1.3795276910913554,0.6316560738957523,0.9903126914767474,-0.1816816062585853,-0.2562674227350069,1.6556644531789686,-0.1110977744279507,0.038858281816333155,-1.232987325051966,0.10368049505457075,0.1782268492821305,0.647869649502338,1.4512291706466032,0.12933429191213489,ambos,15.170119960673638,3.7345542115797214,10,0,0
Bosnia and Herzegovina,BIH,1997,-0.40825955385127,1.4014880965273955,0.6316560738957523,0.7906832357272998,-0.1816816062585853,-0.2554143412255805,1.6798893247134836,-0.1514524769055526,0.038858281816333155,-1.232987325051966,0.10368049505457075,0.1782268492821305,0.647869649502338,1.4512291706466032,0.12933429191213489,ambos,15.20635156739618,3.7345542115797214,10,0,1
Bosnia and Herzegovina,BIH,1998,-0.2771554629143266,1.2016302572312927,0.6316560738957523,1.5182701815494932,-0.36988669801586455,-0.2549899573236355,1.7175478201559815,0.0336461769447316,0.038858281816333155,-1.232987325051966,0.10368049505457075,0.1782268492821305,0.647869649502338,1.4512291706466032,0.12933429191213489,ambos,15.223898302945834,3.70852862932931,10,0,2
Bosnia and Herzegovina,BIH,1999,-0.19028275933039634,0.15140607834018804,0.6316560738957523,1.4064956065908651,0.0065234854986938725,-0.25474563930425176,1.6940687992405636,-0.22346360192471423,0.038858281816333155,-1.232987325051966,0.10368049505457075,0.1782268492821305,0.647869649502338,1.4512291706466032,0.12933429191213489,ambos,15.233862054202223,3.759919608294406,10,0,3
Bosnia and Herzegovina,BIH,2000,-0.13816007731685906,1.024817380082553,0.6316560738957523,0.34681222767782977,-0.194474283161186,-0.25456983342964773,1.7180670234035966,-0.4593344237235125,0.038858281816333155,-1.232987325051966,0.10368049505457075,0.1782268492821305,0.647869649502338,1.4512291706466032,0.12933429191213489,ambos,15.240970823043142,3.732806495642143,10,0,4
Bosnia and Herzegovina,BIH,2001,-0.11546940746233383,0.771192102022589,0.6316560738957523,0.3665160270672514,-0.2960969920464571,-0.25445249228609795,1.7105970756429467,-0.5095107540872678,0.038858281816333155,-1.232987325051966,0.10368049505457075,0.1782268492821305,0.647869649502338,1.4512291706466032,0.12933429191213489,ambos,15.245687584967584,3.7188133686544678,10,0,5
Bosnia and Herzegovina,BIH,2002,-0.05812624077580508,0.765723501051812,0.6316560738957523,0.1541231945055626,0.042826636665237,-0.25440139605620216,1.7098600868789935,-0.6033938624422774,0.038858281816333155,-1.232987325051966,0.10368049505457075,0.1782268492821305,0.647869649502338,1.4512291706466032,0.12933429191213489,ambos,15.247734567304686,3.7647392110872104,10,0,6
Bosnia and Herzegovina,BIH,2003,-0.006889098827133447,0.6198019339580719,0.6316560738957523,0.2076548626741823,0.13247825557603995,-0.2544579515399927,1.7179004439026435,-0.6030021196791625,0.038858281816333155,-1.232987325051966,0.10368049505457075,0.1782268492821305,0.647869649502338,1.4512291706466032,0.12933429191213489,ambos,15.24546863209506,3.7765427784616854,10,0,7
Bosnia and Herzegovina,BIH,2004,0.08787467139730502,0.5173533048260863,0.6316560738957523,0.24378563368140949,0.8790388914113764,-0.25468190624402914,1.7229339972305533,-0.5684163430265307,0.038858281816333155,-1.232987325051966,0.10368049505457075,0.1782268492821305,0.647869649502338,1.4512291706466032,0.12933429191213489,ambos,15.236444964672744,3.8697731984276036,10,0,8
Bosnia and Herzegovina,BIH,2005,0.15797495431117053,0.8153888582857551,0.6316560738957523,0.3176839151573344,0.3190488854924485,-0.25494737514325644,1.7472100040756398,-0.468080827879344,0.038858281816333155,-1.232987325051966,0.10368049505457075,0.1782268492821305,0.647869649502338,1.4512291706466032,0.12933429191213489,ambos,15.225642043897976,3.800668947695476,10,0,9
Bosnia and Herzegovina,BIH,2006,0.24991299386275098,0.07504931482320808,0.6316560738957523,0.18616320686326157,0.4970552061137785,-0.2551455848412209,1.7653377250140374,-0.5017750545274946,0.038858281816333155,-1.232987325051966,0.3781308691252851,0.1782268492821305,0.647869649502338,1.3692487726089477,0.12933429191213489,ambos,15.21749936444285,3.823157404757468,10,0,10
Bosnia and Herzegovina,BIH,2007,0.36160271502488495,0.5796738528466971,0.6316560738957523,0.2943295439266853,1.3890714951821963,-0.25544299783372965,1.9961665294326196,-0.43967089906956613,0.038858281816333155,-1.232987325051966,0.10368049505457075,-0.03529680351067694,0.5098008107437664,1.1512166118555174,0.12933429191213489,ambos,15.20515554944756,3.9288096662174214,10,0,11
Bosnia and Herzegovina,BIH,2008,0.4817660048403248,0.8164637167176343,0.7849283624064484,0.3702111445158111,0.2663890776033363,-0.2558360641141516,1.9725378972088832,-0.3201254490525902,0.038858281816333155,-1.232987325051966,0.10368049505457075,-0.24881985843749468,0.3717319719851945,0.919229672783308,0.12933429191213489,ambos,15.188604424666972,3.793918056992153,10,0,12
Bosnia and Herzegovina,BIH,2009,0.4583211289222279,0.18461178232116254,0.849044628523744,0.00939468642185228,-0.515940237600691,-0.25624028755827105,1.8406553817468068,-0.34470120240910923,0.038858281816333155,-1.232987325051966,-0.445220253086858,-0.24881985843749468,0.3717319719851945,0.919229672783308,0.12933429191213489,ambos,15.171292875152089,3.6878545394802167,10,0,13
Bosnia and Herzegovina,BIH,2010,0.5055201415830946,-0.17643001545750125,0.7954319936145798,0.21924360471955648,-0.20139747766473615,-0.25664792378187445,1.766668107199629,-0.3826517272349239,0.038858281816333155,-1.232987325051966,-0.445220253086858,-0.24881985843749468,0.23366313322662344,0.4168827706523608,0.12933429191213489,ambos,15.15352628656011,3.7318593840290224,10,0,14
Bosnia and Herzegovina,BIH,2011,0.5569844933992119,-0.0234897330770046,0.8753369519949601,0.4188455380341537,-0.2109330602860212,-0.2570636265751671,1.503449478756735,-0.40446562197556046,0.038858281816333155,-1.232987325051966,-0.7196706271575724,-0.24881985843749468,0.09559429446805148,-0.03313632917327859,0.12933429191213489,ambos,15.135077069782364,3.7305534203560864,10,0,15
Bosnia and Herzegovina,BIH,2012,0.5777735799288004,-0.04036072533407188,0.9858961473607883,0.4278187675158804,-0.25539897626827435,-0.25749132779423284,1.691434380427299,-0.4521557778526308,0.038858281816333155,-1.232987325051966,-0.7196706271575724,-0.24881985843749468,0.09559429446805148,-0.05581153574623776,0.12933429191213489,ambos,15.115733282218619,3.724440885234138,10,0,16
Bosnia and Herzegovina,BIH,2013,0.6537178033757156,-0.14393082881561198,1.0406126415976218,0.4216032443353623,-0.3519880875300823,-0.25784486072350005,1.6275614413485486,-0.3935553116292965,0.038858281816333155,-1.232987325051966,-0.7196706271575724,-0.24881985843749468,0.09559429446805148,-0.07150987643782986,0.12933429191213489,ambos,15.099456529084296,3.7110330547307324,10,0,17
Bosnia and Herzegovina,BIH,2014,0.7019502471153585,0.09144547731562264,0.9678710432731404,0.4977760191977798,-0.13982793530205506,-0.25811949400959333,1.6547538400155961,-0.4075518210051159,0.038858281816333155,-1.232987325051966,-0.7196706271575724,-0.24881985843749468,0.09559429446805148,-0.11337211828207489,0.12933429191213489,ambos,15.086626924859026,3.740250945004446,10,0,18
Bosnia and Herzegovina,BIH,2015,0.8155756151963879,-0.1566629975061622,0.802585145523733,0.43208750849124405,-0.2449190272706627,-0.25839566662629293,1.5852890309591603,-0.44351794046433496,0.038858281816333155,-1.232987325051966,-0.7196706271575724,-0.24881985843749468,0.09559429446805148,-0.10465064347184956,0.12933429191213489,ambos,15.073557257222427,3.725884886889557,10,0,19
Bosnia and Herzegovina,BIH,2016,0.913127288850834,-0.18843860911588145,0.7105079377863209,0.4306937340712369,-0.33337475760206736,-0.2586673644447182,1.824496224899111,-0.3918255764415089,0.038858281816333155,-1.232987325051966,-0.7196706271575724,-0.24881985843749468,0.09559429446805148,-0.09767377759048336,0.12933429191213489,ambos,15.060530483467558,3.7136308499712767,10,0,20
Bosnia and Herzegovina,BIH,2017,1.0147787268301613,-0.05629877503510605,0.7285214542479389,0.6748685455860625,-0.16714896983303207,-0.2589318011571436,1.5865757749619467,-0.3268461927065324,0.038858281816333155,-1.232987325051966,-0.7196706271575724,0.39175050207493695,0.09559429446805148,-0.09767377759048336,0.12933429191213489,ambos,15.047686780394104,3.7365359392335824,10,0,21
Belarus,BLR,1996,-0.06586848713900208,-0.18990560797773418,1.0994752987877727,0.6786181136508023,-0.527436608202935,-0.2187726524469026,2.276343208166896,0.6016576553531626,0.038858281816333155,0.5784696891893238,0.9270316172667138,-0.3911693588766917,0.9930417463987669,0.47008287742209764,0.984616253722313,ambos,16.133926676384327,3.686208920010353,11,0,0
Belarus,BLR,1997,0.08137548315722508,0.31303219278304417,1.0706695640506074,1.513898381466525,-0.21809376600003894,-0.21902405258035526,2.3038075967739795,0.744406965263451,1.0814143446713258,0.2765601868157756,1.225045861334541,-0.3005833946698377,1.2806852525250165,1.0696723660500769,0.984616253722313,ambos,16.129770632360252,3.7295715899206363,11,0,1
Belarus,BLR,1998,0.20479078291661026,0.3982643929781155,0.7622861411359543,1.4395436870006422,-0.4199603491964152,-0.219295344683737,2.3007927063470497,0.6924409455910311,2.1239704075263184,-0.025349315557772752,1.5230601054023682,-0.20999743046298375,1.5683287586512662,1.6692618546780562,0.984616253722313,ambos,16.125266280434644,3.7014886757577043,11,0,2
Belarus,BLR,1999,0.26324127102579264,0.44578795310476244,0.7622861411359543,1.3778571806426165,-0.013516829624270294,-0.2195651750196824,2.2584348636788314,0.5835792277962083,1.7069479323416346,-0.025349315557772752,1.3234598133909126,-0.4817547252175573,1.5683287586512662,1.2331967482541613,0.984616253722313,ambos,16.120765982447526,3.7572490736057973,11,0,3
Belarus,BLR,2000,0.36215901868572214,0.3094605025637697,0.7622861411359543,1.9815934394893846,-0.4903319018654484,-0.21984635941044936,2.247539548014616,0.5396757028570472,1.2899254571569505,-0.025349315557772752,1.1238595213794567,-0.7535120199721311,1.5683287586512662,0.7971316418302662,0.6044909373622335,ambos,16.116054669572076,3.69151047565672,11,0,4
Belarus,BLR,2001,0.4500202949842633,0.002686976350050991,0.7622861411359543,1.8489474362770275,-0.5178588840836117,-0.2201510096433672,2.2006982400633643,0.454763295439317,0.8729029819722665,-0.025349315557772752,1.2236597771653344,-0.3944044117414039,1.2395932047336906,0.7971316418302662,0.31939695009217406,ambos,16.110925003203995,3.687580087779876,11,0,5
Belarus,BLR,2002,0.5504514449638239,-0.08020525864215239,0.7622861411359543,1.6733292309506402,-0.357293698199094,-0.22052689866481323,2.178008383790639,0.4005047459017699,0.4558805067875822,-0.025349315557772752,1.3234600329512118,-0.03529680351067694,0.9108576508161146,0.7971316418302662,-0.15575969535792394,ambos,16.104559347182825,3.710291332153878,11,0,6
Belarus,BLR,2003,0.6952361041734371,0.13341608520454437,0.7622861411359543,1.7645780557436663,-0.4848963970423253,-0.22093738086011913,2.1710048148617624,0.4779446780828476,0.4558805067875822,-0.025349315557772752,1.5230601054023682,-0.03529680351067694,0.9108576508161146,1.2331964866151495,-0.15575969535792394,ambos,16.09756125598547,3.69228475087404,11,0,7
Belarus,BLR,2004,0.9397581841108723,0.32348834341019567,0.7622861411359543,1.9969191455332007,-0.5296851393766714,-0.22133476084607762,2.1967065034690525,0.6685092106615965,0.4558805067875822,-0.025349315557772752,1.5230601054023682,-0.03529680351067694,0.9108576508161146,0.7971316418302662,-0.15575969535792394,ambos,16.090739561961733,3.6858867427209465,11,0,8
Belarus,BLR,2005,1.1677961032449604,0.4687617454258111,0.7622861411359543,1.3211639332548752,-0.47595490166363746,-0.22172992133209202,2.208968722452973,0.9044123719950622,0.4558805067875822,-0.025349315557772752,1.3234600329512118,-0.03529680351067694,0.9108576508161146,-0.0749985710175242,-0.15575969535792394,ambos,16.083909507065975,3.69355714361565,11,0,9
Belarus,BLR,2006,1.431992156679998,0.8496252389390051,0.7622861411359543,1.4784114407834739,-0.4844870772203894,-0.22208188509876434,2.2306747286210653,0.851561206652397,-0.5866753058539755,-0.025349315557772752,0.3781308691252851,-1.529961775194336,-1.1470252543590918,-1.2366757821953387,-0.15575969535792394,ambos,16.0777865457212,3.6923430332801934,11,0,10
Belarus,BLR,2007,1.6812231384833827,1.0574382993410332,0.7622861411359543,1.5905552953938127,0.044920633437665995,-0.22234423357199498,2.2360679784907527,0.8381963562375057,-0.5866753058539755,-0.025349315557772752,0.5153560561606423,-1.529961775194336,-1.1470252543590918,-1.2366757821953387,-0.15575969535792394,ambos,16.073198070843794,3.7650165025978013,11,0,11
Belarus,BLR,2008,1.9974132194149432,1.2909154592551575,1.8873582736367567,1.6325673997500845,-0.02339071075812724,-0.22254093377134154,2.2717265933408415,0.9868544044285275,-0.5866753058539755,-0.025349315557772752,0.6525812431959995,-1.529961775194336,-1.1470252543590918,-1.2366757821953387,-0.15575969535792394,ambos,16.06974392066271,3.7559306715967486,11,0,12
Belarus,BLR,2009,2.01217409872853,1.561491573861174,1.8145979143939464,1.0233155840683448,-0.008128009422614704,-0.22268055941029777,2.1956196363084546,0.7601167392039417,-0.5866753058539755,-0.025349315557772752,0.3781308691252851,-1.529961775194336,-1.0089564156005206,-1.2366757821953387,-0.15575969535792394,ambos,16.067284766508173,3.757967878959646,11,0,13
Belarus,BLR,2010,2.277232267373322,1.9599815337510678,1.7179529465679162,1.2349549108400781,-0.22753309354297496,-0.22280434426336265,2.1831682940353887,0.6997010470665546,-0.5866753058539755,-0.025349315557772752,-0.1707698790161436,-1.529961775194336,-1.0089564156005206,-1.2366757821953387,-0.15575969535792394,ambos,16.065099539178743,3.728275854666176,11,0,14
Belarus,BLR,2011,2.4850283290095008,1.821743146654244,1.6442134353193651,2.457196346555525,0.48035329665759796,-0.22293675652750056,2.1328780830325287,0.757950799963652,-0.5866753058539755,-0.025349315557772752,-0.1707698790161436,-1.529961775194336,-1.0089564156005206,-1.2680724635785234,-0.15575969535792394,ambos,16.06275671028449,3.8210687354937436,11,0,15
Belarus,BLR,2012,2.555835210307282,1.3045264765798794,1.596042425137935,2.3151124371294327,-0.26366101165052347,-0.2230251009782323,2.085333974479987,0.7740614872726045,0.038858281816333155,-0.025349315557772752,-0.1707698790161436,-1.529961775194336,-1.0089564156005206,-1.2890035845006456,-0.5834006762630131,ambos,16.061190534447658,3.72330101170549,11,0,16
Belarus,BLR,2013,2.5959114544327773,1.7612922644445563,1.4826860722905209,1.3482385251680475,-0.13318262459313523,-0.22304672916989185,2.043673371788219,0.742526628195893,0.038858281816333155,-0.025349315557772752,-0.1707698790161436,-1.529961775194336,-1.0089564156005206,-1.2890035845006456,-0.7259476698980427,ambos,16.060806734485627,3.741152465103053,11,0,17
Belarus,BLR,2014,2.658125843199262,1.2812994203365893,1.4460619520972025,1.0818982536724477,-0.24014936875311807,-0.2230150833964954,1.9796821670968232,0.6986351169932636,0.038858281816333155,-0.025349315557772752,-0.1707698790161436,-1.529961775194336,-1.0089564156005206,-1.1756265050798063,-0.7021898376255371,ambos,16.06136825010128,3.726541394430769,11,0,18
Belarus,BLR,2015,2.5012169444136023,0.7277092932941601,1.4238359208543852,1.234863458773787,-0.14142628547556113,-0.222940139474996,1.9468775252378914,0.4738666928353868,0.038858281816333155,-0.025349315557772752,-0.1707698790161436,-1.529961775194336,-1.0089564156005206,-1.187836151191704,-0.3339434374017109,ambos,16.062696782328022,3.740033987367266,11,0,19
Belarus,BLR,2016,2.4017503218218423,0.3383547204141487,1.4264857053338895,1.504980512044838,-0.19637013236524242,-0.2228906004748997,1.8600821660945162,0.328811862923729,0.038858281816333155,-0.025349315557772752,0.3781308691252851,-1.3164381224015291,-1.0089564156005206,-1.2017904062324598,-0.01321270172289425,ambos,16.06357399311405,3.732547227550527,11,0,20
Belarus,BLR,2017,2.4998388981130453,0.42531809931861725,1.4088329189636937,1.7420812002378427,-0.24546213056518498,-0.2229525913469942,1.755723991955776,0.3786785523912046,0.038858281816333155,-0.025349315557772752,0.3781308691252851,-1.3164381224015291,-1.0089564156005206,-1.273305243809054,-0.01321270172289425,ambos,16.062476170000544,3.7258101054752455,11,0,21
Belize,BLZ,1996,0.15321849931709866,-0.5467458550025615,0.045325507324118205,0.17872215749602105,-0.31236851827630124,-0.2781338884530491,-0.10700495623076188,-0.4625287877203689,1.2899254571569505,1.1822886939364206,1.2014819913374282,1.3526066407095743,0.9930417463987669,1.7782779350547717,0.12933429191213489,ambos,12.256342666552065,3.7165545320412012,12,0,0
Belize,BLZ,1997,0.16510317846435896,-0.6003748200445894,0.045325507324118205,0.3495146591169755,-0.413899488295624,-0.27809131223906774,0.06589826631754728,-0.5429557839703288,1.2899254571569505,1.1822886939364206,1.2014819913374282,1.3526066407095743,0.9930417463987669,1.7782779350547717,0.12933429191213489,ambos,12.28971042165561,3.7023434252191647,12,0,1
Belize,BLZ,1998,0.16992929037825022,-0.7451589007825251,0.045325507324118205,0.3446623964757175,-0.3211196958796377,-0.2780452098840462,0.030817217482504388,-0.5378507744319864,1.2899254571569505,1.1822886939364206,1.2014819913374282,1.3526066407095743,0.9930417463987669,1.7782779350547717,0.12933429191213489,ambos,12.324628715651741,3.715337567702977,12,0,2
Belize,BLZ,1999,0.25441766818596095,-0.15911233297044156,0.045325507324118205,0.5782784798185253,0.37335910246024473,-0.27799815887179047,-0.1034217369177601,-0.5730366229748052,1.2899254571569505,1.1822886939364206,1.2014819913374282,1.477162154660877,0.9930417463987669,1.9418023172588559,0.12933429191213489,ambos,12.359051210127255,3.8075840049571057,12,0,3
Belize,BLZ,2000,0.3892103322376336,0.26080965261669564,0.1511892310834447,0.67358877990763,-0.1990163251264897,-0.2779519789535988,-0.03562086629296848,-0.35832272947994537,1.2899254571569505,1.1822886939364206,1.2014819913374282,1.6017176686121801,0.9930417463987669,2.1053266994629403,0.12933429191213489,ambos,12.391721992416803,3.7321852333091976,12,0,4
Belize,BLZ,2001,0.41956150904428985,-0.06202919065346965,0.20858522589271808,0.5736316399352662,0.2597423474502221,-0.277906753659039,-0.028892959370291193,-0.5117023932053889,1.2899254571569505,1.1822886939364206,1.3387071783727853,1.6017176686121801,0.9930417463987669,2.1053266994629403,0.12933429191213489,ambos,12.422715110502024,3.7930627099874674,12,0,5
Belize,BLZ,2002,0.45854314245794375,-0.31484731672528976,0.20858522589271808,0.5712210430136807,-0.29538680388321403,-0.2778612300445943,-0.016064781970037592,-0.5948516303128182,1.2899254571569505,1.1822886939364206,1.4759323654081427,1.6017176686121801,0.9930417463987669,2.1053266994629403,0.12933429191213489,ambos,12.45297178519878,3.7189118418806175,12,0,6
Belize,BLZ,2003,0.5721447446943757,-0.690046416868848,0.4235787285778183,0.6085269521266135,-0.7996464261779102,-0.2778148651680739,-0.0216399926700527,-0.8102014800369508,1.2899254571569505,1.1822886939364206,1.4759323654081427,1.6017176686121801,1.3382138432951955,1.7782779350547717,0.12933429191213489,ambos,12.482874492410676,3.6464312989168266,12,0,7
Belize,BLZ,2004,0.6046689349512033,-0.832553314957683,0.47446109807667647,0.37667668864219145,0.7397599118585558,-0.2777676828950688,-0.0001261978708369761,-0.7946184268109459,1.3657476343856438,1.304272209275429,1.2347488896395864,1.2192442618121164,1.0104748702557789,1.6428336981237612,0.12933429191213489,ambos,12.512413308764906,3.853026776083004,12,0,8
Belize,BLZ,2005,0.5909074246309489,-0.7391798495204943,0.4246701725918798,0.5688283116777404,0.8526523846731893,-0.2777196951583743,0.01694924992779741,-0.8299915938695175,1.2899254571569505,1.1822886939364206,1.4759323654081427,1.6017176686121801,1.3382138432951955,1.7782779350547717,0.12933429191213489,ambos,12.541587280940522,3.8666220338591426,12,0,9
Belize,BLZ,2006,0.6203959470320842,-0.7135614228751106,0.4545781112815698,0.7398278464993688,0.5437375963880569,-0.2776710869163191,0.009345720802934526,-0.6698762020824554,0.038858281816333155,-0.025349315557772752,0.10368049505457075,-0.24881985843749468,0.5098008107437664,0.7971316418302662,0.12933429191213489,ambos,12.570295531946122,3.8289722729070914,12,0,10
Belize,BLZ,2007,0.6294527581085494,-0.6114614136390835,0.4327555766050528,0.6548061692545774,0.7860329324107992,-0.27762203119443646,-0.006686135744142897,-0.5750309949926558,0.038858281816333155,-0.025349315557772752,0.10368049505457075,-0.24881985843749468,0.5098008107437664,0.7971316418302662,0.12933429191213489,ambos,12.5984558913214,3.8586216505885886,12,0,11
Belize,BLZ,2008,0.5462345852315268,-0.07309692130429725,0.4298735684728763,0.93107933105638,1.0541658201373314,-0.2775727427830435,-0.0034487640178523663,-0.5675596934719397,0.6643918694866419,-0.025349315557772752,0.3781308691252851,-0.24881985843749468,0.23366313322662344,0.7971316418302662,0.12933429191213489,ambos,12.625973061434594,3.8904394957131574,12,0,12
Belize,BLZ,2009,0.4892500756773641,-0.7408398907664828,0.41908879938548804,0.46954533605524945,0.4746672928940293,-0.27752350210283216,-0.04783658719785477,-0.6393946366185161,1.2899254571569505,-0.025349315557772752,0.3781308691252851,-0.24881985843749468,0.23366313322662344,1.4512291706466032,0.12933429191213489,ambos,12.652727680463201,3.8203566716489843,12,0,13
Belize,BLZ,2010,0.47130173446074,-1.062356801407463,0.43756819225496024,0.6229137168389933,0.3113789467153053,-0.27747797252198975,-0.0918985218349456,-0.737352583062667,1.2899254571569505,-0.025349315557772752,0.3781308691252851,-0.24881985843749468,0.23366313322662344,1.4512291706466032,0.12933429191213489,ambos,12.676844729438978,3.799688506673797,12,0,14
Belize,BLZ,2011,0.4307182275890963,-1.0177909837846613,0.4558292163629702,0.9733089754115692,0.2573482348692758,-0.27743589151901743,-0.10237336764560605,-0.6822425286258955,1.2899254571569505,-0.025349315557772752,0.3781308691252851,-0.24881985843749468,0.23366313322662344,1.4512291706466032,0.12933429191213489,ambos,12.698629405183658,3.792754439784717,12,0,15
Belize,BLZ,2012,0.46081624005630134,-1.1021680242212102,0.5528257270068411,1.0968718313784225,1.118960514093747,-0.27739343463299004,-0.1161009429543394,-0.9136388818940574,1.2899254571569505,-0.025349315557772752,0.3781308691252851,-0.24881985843749468,0.09559429446805148,1.4512291706466032,0.12933429191213489,ambos,12.720138015645993,3.897978797294949,12,0,16
Belize,BLZ,2013,0.49386046096592867,-0.9673898546486337,0.6200835055570022,1.0243899856580547,0.1395582880180434,-0.27735039900638586,-0.11318400896560678,-0.9386267290025115,1.2899254571569505,-0.025349315557772752,0.3781308691252851,-0.24881985843749468,0.09559429446805148,1.4512291706466032,0.12933429191213489,ambos,12.741477704750539,3.7774690293881044,12,0,17
Belize,BLZ,2014,0.524832399865752,-0.7487950128742492,0.6088324618148545,0.9790503927938987,0.5010736266099505,-0.27730686816877265,-0.11700058039077758,-0.9361383848592318,1.2899254571569505,-0.025349315557772752,0.3781308691252851,-0.24881985843749468,-0.042474544290519535,1.4512291706466032,0.12933429191213489,ambos,12.762609412427334,3.8236592808127146,12,0,18
Belize,BLZ,2015,0.5362508581911306,-0.7615357954982027,0.6426555874872365,0.8906564870559082,-0.1818574922517315,-0.27726265716182175,-0.314961545639842,-1.0435864594570854,1.2899254571569505,-0.025349315557772752,0.3781308691252851,-0.24881985843749468,-0.042474544290519535,1.4512291706466032,0.12933429191213489,ambos,12.783623772244713,3.7345302030022967,12,0,19
Belize,BLZ,2016,0.49360115728073495,-0.559747241942166,0.8754590286647219,0.6706241934318921,-0.397797803660974,-0.2772127064802842,-0.2765803009733565,-0.9691206531055276,1.2899254571569505,-0.025349315557772752,0.3781308691252851,-0.24881985843749468,-0.042474544290519535,1.4512291706466032,0.12933429191213489,ambos,12.806846828539697,3.7046106669350736,12,0,20
Belize,BLZ,2017,0.42034875728691085,-0.8757108640678859,0.8245614451542739,0.7057143233898965,-0.40774317876317917,-0.27716200999903423,-0.2779962777029635,-1.0822987260529109,1.2899254571569505,-0.025349315557772752,0.3781308691252851,-0.24881985843749468,-0.042474544290519535,1.4512291706466032,0.12933429191213489,ambos,12.829877786508225,3.7032108882842087,12,0,21
Bolivia,BOL,1996,-0.24964808518383858,-0.7837990966102104,0.22287994208498313,-0.6849324540023465,0.4679440024240021,-0.2315278143393338,0.563002303097825,0.07754223993311565,-0.5866753058539755,1.1822886939364206,-0.1707698790161436,1.032321460453358,0.23366313322662344,-0.5110634158024079,-0.15575969535792394,ambos,15.897665539933016,3.819514052628532,13,0,0
Bolivia,BOL,1997,-0.21712415069535537,-0.44552130506891763,0.22287994208498313,-0.6671066276466324,0.9593886980750129,-0.23065574178603085,0.6414004235349093,-0.04959969234656528,-0.27390851201882116,1.1822886939364206,0.24090568208992794,0.9255596340569545,0.30269755260590897,-0.18401465139423934,0.20060778872965002,ambos,15.915722518283058,3.8793081349222067,13,0,1
Bolivia,BOL,1998,-0.18234469991175825,0.061337041345611236,0.22287994208498313,-0.6144607341637144,1.301193184167133,-0.22978766671918635,0.681751163157889,-0.0748406706926444,0.038858281816333155,1.1822886939364206,0.6525812431959995,0.8187978076605511,0.3717319719851945,0.14303411301392915,0.6995222664522537,ambos,15.93337862732327,3.9188830474513914,13,0,2
Bolivia,BOL,1999,-0.1970905993349866,-0.4299711200045389,0.4242795040570197,-0.8502383626583687,1.4805623086667954,-0.228914114499254,0.6812479777451326,-0.15762038112680257,0.038858281816333155,1.1822886939364206,0.3781308691252851,0.8187978076605511,0.3717319719851945,0.14303411301392915,0.6995222664522537,ambos,15.950836918083409,3.9390407075563147,13,0,3
Bolivia,BOL,2000,-0.18862611392990108,-0.5765248032172844,0.3339754789986743,-0.8086936349786066,0.8806922744757412,-0.22803991790837014,0.5708943343227266,-0.10783317136406398,0.038858281816333155,1.1822886939364206,0.10368049505457075,0.8187978076605511,0.3717319719851945,0.14303411301392915,0.6995222664522537,ambos,15.96800818840528,3.8699703207370533,13,0,4
Bolivia,BOL,2001,-0.1888173562579719,-1.0563024788545292,0.4434975818344599,-0.8194452126909615,0.8632466084492043,-0.2271663776212332,0.17839267018639196,-0.13446543101686967,-0.27390851201882116,1.1822886939364206,-0.3079950660515008,0.8187978076605511,0.30269755260590897,-0.18401465139423934,0.6520066019072441,ambos,15.984877009422076,3.8678884246748755,13,0,5
Bolivia,BOL,2002,-0.1800312689181059,-0.8476032184379211,0.6186828988630795,-0.6996387481622165,0.8438748437538407,-0.22628562395927793,0.530894240458521,-0.13004051199346725,-0.5866753058539755,1.1822886939364206,-0.7196706271575724,0.8187978076605511,0.23366313322662344,-0.5110634158024079,0.12933429191213489,ambos,16.001601833902388,3.8655715858141564,13,0,6
Bolivia,BOL,2003,-0.16870372593883498,-1.209277110413658,0.7213484378370152,-0.623566642472967,-0.22618789909876966,-0.2253886058971947,0.8628387544324102,-0.11975712977430406,-0.5866753058539755,1.1822886939364206,-0.9941210012282867,0.8187978076605511,0.23366313322662344,-0.5110634158024079,0.12933429191213489,ambos,16.018352771239886,3.728460611945986,13,0,7
Bolivia,BOL,2004,-0.14098675168170066,-1.3276013827399318,0.8266264346899088,-0.4638291733216716,-0.5230439362633096,-0.22447224477377073,0.8627975917892802,-0.015756566097147495,-0.5866753058539755,-0.025349315557772752,-0.7196706271575724,0.6052741548677444,0.09559429446805148,-0.5110634158024079,0.12933429191213489,ambos,16.035180020391003,3.6868380178706506,13,0,8
Bolivia,BOL,2005,-0.10978489986685523,-1.1696753423176038,0.8643998883939837,-0.16804514726533962,-1.0907720316160319,-0.22353870042497315,0.7117849419535118,-0.06347777306493826,-1.212208893524284,-0.025349315557772752,-0.7196706271575724,0.39175050207493695,-0.042474544290519535,0.14303411301392915,0.12933429191213489,ambos,16.0520365075939,3.6020621943371056,13,0,9
Bolivia,BOL,2006,-0.07356116492315866,-1.0114940863373816,0.8342072251788841,0.03236399354201515,-0.2245530121898913,-0.22257849821125558,0.46050487190934714,0.05222399787827867,0.038858281816333155,-0.025349315557772752,-0.7196706271575724,-0.24881985843749468,-0.45668106056623414,0.5320039357240365,0.12933429191213489,ambos,16.06908291202096,3.728685111427094,13,0,10
Bolivia,BOL,2007,-0.039136616263073916,-0.7882538205200719,0.8146423463079999,0.07665637690482686,-0.16503272253147888,-0.22159839209481358,0.7453274425994054,0.10555975467493338,0.038858281816333155,-0.025349315557772752,-0.7196706271575724,-0.24881985843749468,-0.45668106056623414,0.5320039357240365,0.12933429191213489,ambos,16.086188075507305,3.736824191763798,13,0,11
Bolivia,BOL,2008,0.01628846907316741,-0.653900826453881,0.790007881047225,0.274426753420757,-0.1159075399253843,-0.2206145450470142,0.8022695245246004,0.22660070968626772,0.038858281816333155,-0.025349315557772752,-0.7196706271575724,-0.24881985843749468,-0.45668106056623414,0.5616565314563843,0.12933429191213489,ambos,16.10306921746769,3.7434922524117793,13,0,12
Bolivia,BOL,2009,0.038123293143729725,-0.7471084523733608,0.7315698275824637,-0.13941518369486738,-0.226654348815512,-0.2196276014388089,0.8845494374534355,0.18410603529051564,0.038858281816333155,-0.025349315557772752,-0.445220253086858,-0.6758671640231085,-0.594749899324806,0.5616565314563843,0.10557645963962983,ambos,16.119721927852904,3.7283965507385695,13,0,13
Bolivia,BOL,2010,0.07078836446612584,-0.735844825695129,0.876501043338186,0.06066396542469934,-0.09966680686048802,-0.21863676177290609,0.5416315654071788,0.26067489837950153,0.038858281816333155,-0.025349315557772752,-0.445220253086858,-0.6758671640231085,-0.7328187380833772,0.5215383752629751,-0.15575969535792394,ambos,16.136165994403104,3.7456869626163325,13,0,14
Bolivia,BOL,2011,0.11915671747425609,-0.44592416380185523,0.7875499442485594,0.2631906277254978,-0.026353739586290677,-0.21764285537858588,0.2806963527416619,0.27951180965167927,0.038858281816333155,-0.025349315557772752,-0.445220253086858,-0.6758671640231085,-0.7328187380833772,0.5075846435002416,-0.15575969535792394,ambos,16.15239369068889,3.7555346962577603,13,0,15
Bolivia,BOL,2012,0.168416123023978,-0.5189377222789768,0.8494033733197976,0.33492637661944225,0.031235069851421975,-0.2166471948633421,0.2929895288349344,0.19293492495238126,0.038858281816333155,-0.025349315557772752,-0.9941210012282867,-0.6758671640231085,-0.7328187380833772,0.5075846435002416,-0.3458223535379643,ambos,16.168390206772496,3.763202838677985,13,0,16
Bolivia,BOL,2013,0.2440809924744202,-0.4344822699222318,0.9128393054618981,0.2268779579830058,0.3449762146373041,-0.21565199376072117,0.14829078485066804,0.12466751874772597,0.038858281816333155,-0.025349315557772752,-0.445220253086858,-0.6758671640231085,-0.7328187380833772,0.4988631686900165,0.1412132080483871,ambos,16.184127650052286,3.8039761147639273,13,0,17
Bolivia,BOL,2014,0.30370633992548546,-0.2016658735709068,0.9378428155115924,0.3441015072218639,-0.30536702075900213,-0.2146599011513015,0.7541407614752567,0.049986340516551916,0.038858281816333155,-0.025349315557772752,-0.445220253086858,-0.6758671640231085,-0.594749899324806,0.4988631686900165,0.27188128554716456,ambos,16.199573236394517,3.7175271154319267,13,0,18
Bolivia,BOL,2015,0.3565148822415591,-0.1545433846224369,0.9796977385005669,-0.1595908879685764,-0.35945098435939243,-0.21367057098401657,0.7460424742469869,-0.1527247069622818,0.038858281816333155,-0.025349315557772752,-0.445220253086858,-0.6758671640231085,-0.594749899324806,0.4918863028086494,0.27188128554716456,ambos,16.214741846986296,3.709989586882939,13,0,19
Bolivia,BOL,2016,0.40179845102782846,-0.23940716182641902,0.9797477177446244,-0.49472885435806746,-0.4806463937332267,-0.21268423594837663,0.7544419362931417,-0.14235587208244982,0.038858281816333155,-0.025349315557772752,-0.445220253086858,-0.6758671640231085,-0.594749899324806,0.47095518188652663,0.27188128554716456,ambos,16.229638904043668,3.692889736760169,13,0,20
Bolivia,BOL,2017,0.4476572191936862,0.0570306950778192,0.9358010714848828,-0.8093231960196194,-0.38209683707407743,-0.21170236377821566,0.6443104631052778,0.26407822116970026,0.038858281816333155,-0.025349315557772752,-0.445220253086858,-0.6758671640231085,-0.594749899324806,0.4465353663847095,0.27188128554716456,ambos,16.24425135997914,3.7068165453753696,13,0,21
Brazil,BRA,1996,0.7292238385662088,-0.48528942990732776,1.123227173198959,-1.6794558711218521,-0.3952791118288042,0.700309028999937,0.9005525681383962,-0.3921799949579858,0.6643918694866419,-0.025349315557772752,0.3781308691252851,1.459368168172983,0.3717319719851945,0.14303411301392915,1.5548042282624317,ambos,18.91661128470367,3.7049648537548863,14,0,0
Brazil,BRA,1997,0.7672853209551945,-0.4268726928726096,1.123227173198959,-1.652119597562402,-0.2772613627510018,0.7149810572459676,0.9056597389955336,-0.3709280224953165,0.6643918694866419,-0.025349315557772752,0.24090568208992794,1.459368168172983,0.3717319719851945,0.14303411301392915,1.0083740859948176,ambos,18.931476327267145,3.7214218018435647,14,0,1
Brazil,BRA,1998,0.7435640290165504,-0.49719758109656587,1.123227173198959,-1.656119241768297,-0.06896612218340771,0.7298850948329286,0.8960777898791402,-0.4106955990779789,0.6643918694866419,-0.025349315557772752,0.10368049505457075,1.459368168172983,0.3717319719851945,0.14303411301392915,0.12933429191213489,ambos,18.946353536988816,3.7498226220799946,14,0,2
Brazil,BRA,1999,0.7233703405426993,-0.6820552360804034,1.123227173198959,-1.5240734841194958,0.1747522657351483,0.7446930256857512,0.7902081082478012,-0.4418231054696986,0.6643918694866419,-0.025349315557772752,0.7898064302313567,1.2458448143131708,0.3717319719851945,0.14303411301392915,0.12933429191213489,ambos,18.960918813619266,3.7820606205600233,14,0,3
Brazil,BRA,2000,0.7835135671907393,-0.526010664074818,1.123227173198959,-1.475900391972514,0.22727027027308125,0.7588735957869027,0.7746021323197454,-0.3364213995566291,0.6643918694866419,-0.025349315557772752,1.4759323654081427,1.032321460453358,0.3717319719851945,0.14303411301392915,0.12933429191213489,ambos,18.974670926371488,3.7888734290590778,14,0,4
Brazil,BRA,2001,0.7851232522441678,-0.5122499825660616,1.123227173198959,-1.3510346407968028,0.07218655189665722,0.7724944103887126,0.7373967935433051,-0.36713158378849264,0.3516250756514875,-0.025349315557772752,1.3387071783727853,0.8187978076605511,0.30269755260590897,0.14303411301392915,0.03430296282211527,ambos,18.98770447661307,3.7686201122103666,14,0,5
Brazil,BRA,2002,0.8224052973747975,-0.5718281976117248,1.123227173198959,-1.3312122245708837,-0.08424249815542814,0.7856340946800605,0.8012438700073394,-0.37919511791104366,0.038858281816333155,-0.025349315557772752,1.2014819913374282,0.6052741548677444,0.23366313322662344,0.14303411301392915,-0.48836934717299396,ambos,19.000118682802906,3.7477668941802107,14,0,6
Brazil,BRA,2003,0.8214293433187484,-0.7319062856386447,1.123227173198959,-1.316041044858286,-0.3362366962641418,0.7982781085497537,0.7229983205760304,-0.32996304686958694,0.038858281816333155,-0.025349315557772752,1.2014819913374282,0.8187978076605511,0.09559429446805148,0.14303411301392915,0.4144282791821931,ambos,19.011920822285454,3.713231858311101,14,0,7
Brazil,BRA,2004,0.9187333493684894,-0.6452377580097248,1.123227173198959,-1.2713474674825629,-0.17873700460579384,0.8105238713394242,0.7369371353638392,-0.22766522335236533,0.038858281816333155,-0.025349315557772752,1.2014819913374282,0.8187978076605511,0.09559429446805148,0.14303411301392915,-0.2032753599029346,ambos,19.02321996392645,3.734956066458975,14,0,8
Brazil,BRA,2005,0.9649681196936569,-0.6772232771469252,1.123227173198959,-1.3466605076174083,-0.35014836550661405,0.8225339793191703,0.7874968249960868,-0.23887920025375436,0.038858281816333155,-0.025349315557772752,1.2014819913374282,0.8187978076605511,0.09559429446805148,0.14303411301392915,-0.2507910244479441,ambos,19.034179025119446,3.711290118844329,14,0,9
Brazil,BRA,2006,1.0301164863905763,-0.6585545155021258,1.123227173198959,-1.3770331116086185,-0.34678328766615885,0.8342579806300476,0.7813573907472741,-0.2914631761592308,0.038858281816333155,-0.025349315557772752,1.2014819913374282,0.6052741548677444,0.09559429446805148,0.7762005209081434,-0.17951752763042955,ambos,19.04476240931544,3.711760149810612,14,0,10
Brazil,BRA,2007,1.1470052876741108,-0.5634080832179228,1.123227173198959,-1.398803153400627,-0.095222835305185,0.8455894466698982,0.8585646974111085,-0.32648599134720224,0.038858281816333155,-0.025349315557772752,1.2014819913374282,0.7120356823311532,0.16462871384733763,0.7762005209081434,-0.44085368262798447,ambos,19.05488609132504,3.7462866654579754,14,0,11
Brazil,BRA,2008,1.247427360238706,-0.3950835848698974,1.123227173198959,-1.3416974603170433,-0.13025573446394248,0.8564183510987514,0.9590642727735682,-0.32983957275650766,0.038858281816333155,-0.025349315557772752,1.2014819913374282,0.8187978076605511,0.3717319719851945,0.7762005209081434,-0.2507910244479441,ambos,19.064465937633432,3.7415492769451593,14,0,12
Brazil,BRA,2009,1.2214663924654494,-0.4294096206980933,1.123227173198959,-1.4914132959351392,-0.32309932450061196,0.8666366961518545,0.8828180874311807,-0.4307901340731312,0.038858281816333155,-0.025349315557772752,1.2014819913374282,0.8187978076605511,0.3717319719851945,0.7762005209081434,0.12933429191213489,ambos,19.073422259981363,3.7150620692352234,14,0,13
Brazil,BRA,2010,1.3890470134087571,-0.2558584884708949,1.123227173198959,-1.4720520907009402,-0.0008793038507406195,0.876314061959175,0.8668752472298522,-0.3145565736446644,0.038858281816333155,-0.025349315557772752,1.2014819913374282,0.8187978076605511,0.647869649502338,1.1669149525471094,0.12933429191213489,ambos,19.081831092189226,3.7589339569640297,14,0,14
Brazil,BRA,2011,1.473478212901573,-0.24685934690806594,1.123227173198959,-1.438275398989944,0.03152017180907778,0.8857577060694257,0.8299490167816244,-0.32843769263980743,0.038858281816333155,-0.025349315557772752,1.2014819913374282,0.39175050207493695,0.647869649502338,1.1669149525471094,0.12933429191213489,ambos,19.08996923098976,3.7632406550625612,14,0,15
Brazil,BRA,2012,1.5039890128598206,-0.23380729054778432,1.123227173198959,-1.403986013027838,0.0034862716033808327,0.8952524941407538,0.8179749073445091,-0.40945268900946996,0.038858281816333155,-0.025349315557772752,1.2014819913374282,0.39175050207493695,0.647869649502338,1.1669149525471094,-0.060728366267904905,ambos,19.098085215782188,3.7595153331234097,14,0,16
Brazil,BRA,2013,1.56508050234445,-0.2101607551575229,1.4668866405115053,-1.3844655126192063,-0.12134949985541964,0.9048117849376077,0.7957485545315873,-0.48548447942750483,0.038858281816333155,1.1822886939364206,0.3781308691252851,0.39175050207493695,0.5098008107437664,0.7308495844842026,-0.15575969535792394,ambos,19.106190332216418,3.7427557681469175,14,0,17
Brazil,BRA,2014,1.5563734842811208,-0.33600642137805015,1.4196620982973889,-1.4164497869520156,-0.02864063362304944,0.9143987598197858,0.7847023487257812,-0.5484245652681606,0.038858281816333155,1.1822886939364206,0.3781308691252851,0.39175050207493695,0.5098008107437664,0.7762005209081434,-0.17951752763042955,ambos,19.1142534739533,3.755228971451941,14,0,18
Brazil,BRA,2015,1.4330664286740693,-0.5827840489200072,1.3584002507264576,-1.350530678475636,-0.025001676713927324,0.9238877485525503,0.6830193938641338,-0.6414876249619613,0.038858281816333155,1.1822886939364206,0.10368049505457075,0.39175050207493695,0.5098008107437664,0.7029415976807135,-0.44085368262798447,ambos,19.122170691649817,3.7557154036408478,14,0,19
Brazil,BRA,2016,1.3231873881014704,-0.8627837363980433,1.4165011594528032,-1.4208591885442632,0.0703992400878911,0.9330914062481469,0.48740454251294124,-0.7255881150690714,0.038858281816333155,1.1822886939364206,0.3781308691252851,0.39175050207493695,0.647869649502338,1.1285408820045355,-0.44085368262798447,ambos,19.129790418317146,3.768384288831086,14,0,20
Brazil,BRA,2017,1.3386440197187846,-0.9797197066175091,1.4272263350348788,-1.427076945669036,-0.06942575280107714,0.9419534817090677,0.43005749444208485,-0.7394968062778816,0.038858281816333155,1.1822886939364206,0.3781308691252851,0.39175050207493695,0.5098008107437664,1.121564016123169,-0.44085368262798447,ambos,19.137072884881615,3.749760831632428,14,0,21
Bhutan,BTN,1996,-0.6178351529753944,1.8304010062415181,-1.4366132272094339,0.3256477461875481,-0.5727975145730761,-0.27611441795821684,-1.7150201547644497,0.5899884677486233,1.915459044827259,1.7861076986835172,1.2014819913374282,0.8543851827703502,1.6833859401916245,1.1241804062384346,0.12933429191213489,ambos,13.21546202265876,3.6796892933686527,15,0,0
Bhutan,BTN,1997,-0.593686523065811,1.215142464402849,-1.4366132272094339,0.34256027930424543,-0.6883081778357498,-0.27605527305782485,-1.709146385688729,0.5637386060911664,1.915459044827259,1.7861076986835172,1.2014819913374282,0.8543851827703502,1.6833859401916245,1.1241804062384346,0.12933429191213489,ambos,13.233364355702154,3.6628926770679517,15,0,1
Bhutan,BTN,1998,-0.5657486895047449,1.3960064692430232,-1.4366132272094339,0.3533625782310291,-0.6228729184949617,-0.27599120587933107,-1.6945525115547249,0.49345482494690907,1.915459044827259,1.7861076986835172,1.2014819913374282,0.8543851827703502,1.6833859401916245,1.1241804062384346,0.12933429191213489,ambos,13.25240167627428,3.672442353564936,15,0,2
Bhutan,BTN,1999,-0.524628085218358,2.10622625254804,-1.3157504251324839,0.36158919632299197,-0.6075130630760593,-0.27591278354797305,-1.6847190298103536,0.7608136822157716,1.6026922509921049,1.7861076986835172,1.3387071783727853,0.8543851827703502,1.6833859401916245,1.1241804062384346,0.12933429191213489,ambos,13.275221794047642,3.6746708293872365,15,0,3
Bhutan,BTN,2000,-0.5177309647979013,3.5985413360951615,-1.1934826923728776,0.017503079978318854,-0.4124827218260167,-0.27582755952323795,-1.6662261753794758,0.5262377656873163,1.2899254571569505,1.7861076986835172,1.4759323654081427,0.8543851827703502,1.6833859401916245,1.1241804062384346,0.12933429191213489,ambos,13.299444560727938,3.7025431232723305,15,0,4
Bhutan,BTN,2001,-0.4792126149362848,4.795879290668261,-1.072344615203657,-0.06770457135567462,-0.4124827218260167,-0.27574444163689066,-1.6516758076423703,0.7024779378537725,1.2899254571569505,1.7861076986835172,1.4759323654081427,0.8543851827703502,1.6833859401916245,1.1241804062384346,0.12933429191213489,ambos,13.322516666307516,3.7025431232723305,15,0,5
Bhutan,BTN,2002,-0.41269719219063605,5.485935249233547,-1.072344615203657,-0.09128137172411992,-0.5776632736812662,-0.2756632091322163,-1.6354046678711698,0.727960023141871,1.2899254571569505,1.7861076986835172,1.4759323654081427,0.8543851827703502,1.6833859401916245,1.1241804062384346,0.12933429191213489,ambos,13.344562482869929,3.678987417201223,15,0,6
Bhutan,BTN,2003,-0.36309901683487616,5.313913534404744,-1.072344615203657,-0.0166912154840244,-0.5630784814787584,-0.2755841304971114,-1.6312939237391595,0.7626781555981716,2.5409926324975673,1.7861076986835172,1.750382739478857,1.3526066407095743,1.6833859401916245,0.7971316418302662,0.12933429191213489,ambos,13.36556677783231,3.681089771738406,15,0,7
Bhutan,BTN,2004,-0.334073904566392,5.607016887127257,-1.072344615203657,0.4544234086038399,-0.4427157693911921,-0.2755072773283483,-1.6077370634642225,0.6313289337621844,2.0228736707945236,1.6946199414154597,1.7891939744578422,-0.08921654343117058,1.2615088715098388,0.47999323990069975,0.12933429191213489,ambos,13.385565752097767,3.6982729938109244,15,0,8
Bhutan,BTN,2005,-0.2843979086684453,4.731963427270118,-0.7101264612141897,0.7067651011262275,-0.527226772092286,-0.27543973173999586,-1.5950878446357015,0.5868462681521307,2.5409926324975673,1.7861076986835172,2.299283487620286,1.6017176686121801,1.6833859401916245,0.47008287742209764,0.12933429191213489,ambos,13.402818397511647,3.6862389807562526,15,0,9
Bhutan,BTN,2006,-0.24110380551512206,3.104412338224215,-0.6180756015312144,1.0094282891292443,-0.5399133229457326,-0.2753864279429514,-1.6102061123619535,0.717124421484676,2.5409926324975673,1.7861076986835172,2.299283487620286,1.6017176686121801,1.6833859401916245,-0.44827005303603945,0.12933429191213489,ambos,13.41622630893119,3.684419901967777,15,0,10
Bhutan,BTN,2007,-0.08374812782741597,2.1292881442059524,-0.48085686530723415,0.9737176518364238,0.37554433850832336,-0.2753396394521944,-1.6105155766580683,1.2208992230304028,2.5409926324975673,1.7861076986835172,1.2014819913374282,1.6017176686121801,1.6833859401916245,-0.44827005303603945,0.12933429191213489,ambos,13.427849021547885,3.8078612422669402,15,0,11
Bhutan,BTN,2008,-0.04270606686584613,2.7348884316803934,-0.36227558402762844,0.8291401905661554,-0.6117806459458838,-0.27529363852593375,-1.5965598611575273,1.1534497019915106,2.5409926324975673,1.7861076986835172,1.750382739478857,1.6017176686121801,1.6833859401916245,0.32094864085197267,0.12933429191213489,ambos,13.439145894640738,3.674052167619303,15,0,12
Bhutan,BTN,2009,0.0392520698099832,3.2861170884749256,-0.17966894431592811,0.8176657958704329,-0.4130278475813384,-0.2752480731467051,-1.5479324208357967,1.0399492959280372,0.6643918694866419,1.1822886939364206,1.750382739478857,-1.3164381224015291,0.23366313322662344,0.20233878120060264,0.12933429191213489,ambos,13.450211389219234,3.70246629066289,15,0,13
Bhutan,BTN,2010,0.18346529631434969,4.856282545314722,-0.021216986968016657,0.9179663173161308,0.11720366868054398,-0.27520246600269255,-1.485917488892605,1.0287407866734566,0.6643918694866419,1.1822886939364206,1.750382739478857,-1.3164381224015291,0.23366313322662344,0.3052503001603803,0.12933429191213489,ambos,13.46116575428176,3.774541541478535,15,0,14
Bhutan,BTN,2011,0.29233833035253504,5.468439763725005,0.12526467679088155,0.8535919624901487,-0.3780179651297449,-0.2751562562525124,-1.153328976787893,0.8692004099985179,0.6643918694866419,1.1822886939364206,1.750382739478857,-1.3164381224015291,0.23366313322662344,0.28606326488909384,0.12933429191213489,ambos,13.472143808717853,3.7073888036418867,15,0,15
Bhutan,BTN,2012,0.3564108400805277,5.63372616925633,0.3112866313281856,0.5992824404045745,-0.4373589900107805,-0.2751091097778935,-1.0596906349648443,0.9356927412882216,0.6643918694866419,1.1822886939364206,1.750382739478857,-1.3164381224015291,0.23366313322662344,0.3000175199298496,0.12933429191213489,ambos,13.483221559389266,3.6990309181614722,15,0,16
Bhutan,BTN,2013,0.36664059188912457,4.930618568844516,0.47584554349188457,0.6285627711978947,-0.4695886534901896,-0.27506141439468623,-0.9169880171336605,0.9885475615298498,0.6643918694866419,1.1822886939364206,1.750382739478857,-1.7434848301211545,0.3717319719851945,0.7657349604470819,0.12933429191213489,ambos,13.494304793473349,3.6944620878198946,15,0,17
Bhutan,BTN,2014,0.446054621641548,3.874020813497821,0.7456021668138159,0.42169095861375316,-0.4564143577672385,-0.2750144827103845,-0.9353175789742385,0.888196900085491,1.2899254571569505,1.1822886939364206,1.750382739478857,-1.7434848301211545,0.3717319719851945,0.774456435257307,0.12933429191213489,ambos,13.505091958538623,3.696332179965557,15,0,18
Bhutan,BTN,2015,0.543938495053253,4.058520680420209,0.785051136063237,0.4712389577488593,-0.6019422801890815,-0.2749698600219923,-1.0919311496069928,0.9570593548985823,1.2899254571569505,1.1822886939364206,1.750382739478857,0.39175050207493695,1.0620761657780524,0.7849219957183684,0.12933429191213489,ambos,13.515241602006995,3.675477837615399,15,0,19
Bhutan,BTN,2016,0.6813619733476479,4.152342097659161,0.8011543496043871,0.08603880729115616,-0.565330524265499,-0.27492661557146864,-0.9409867676271926,0.9554616284870805,1.2899254571569505,1.1822886939364206,1.750382739478857,0.39175050207493695,1.0620761657780524,0.7849219957183684,0.12933429191213489,ambos,13.524980433660359,3.6807654348584995,15,0,20
Bhutan,BTN,2017,0.7054481065189349,3.82994753308297,0.8331011586843491,0.09776966668703382,-0.7653093887524116,-0.2748880189447527,-0.8129214604606306,1.004810233691701,2.5409926324975673,1.1822886939364206,1.750382739478857,1.032321460453358,1.3382138432951955,0.8110858968710225,0.12933429191213489,ambos,13.533593171071674,3.6515369944848075,15,0,21
Botswana,BWA,1996,0.4592524726233243,0.04441074241764414,0.3935529823567834,0.509496660388565,-0.39661064563645015,-0.2702248077974252,0.5535772432559423,1.5392128504650826,1.915459044827259,1.1822886939364206,1.2014819913374282,1.67289182096579,1.200145004536624,0.7971316418302662,1.5548042282624317,ambos,14.244636852616853,3.704777624673271,16,0,0
Botswana,BWA,1997,0.5627537323380303,0.427179635228156,0.3935529823567834,1.022407985866568,-0.3046167790479046,-0.27001134798694165,0.40494277041700977,1.5615917019904033,1.915459044827259,1.1822886939364206,1.2014819913374282,1.67289182096579,1.200145004536624,0.7971316418302662,1.2697102409923713,ambos,14.267663304021562,3.7176312759953327,16,0,1
Botswana,BWA,1998,0.5299005924536477,0.6620801779564509,0.3935529823567834,0.8258504735121602,-0.3053818386799196,-0.26980128305674894,0.29068086097054824,1.3818065963931592,1.915459044827259,1.1822886939364206,1.2014819913374282,1.67289182096579,1.200145004536624,0.7971316418302662,1.2697102409923713,ambos,14.289817415029844,3.7175250580616925,16,0,2
Botswana,BWA,1999,0.6644163133764776,0.4885415940118389,0.41790741332173337,0.7412230244199749,-0.536523913588363,-0.2695918744303031,0.19543542736537414,1.486927413173255,1.915459044827259,1.1822886939364206,0.9270316172667138,1.67289182096579,1.200145004536624,0.7971316418302662,1.2697102409923713,ambos,14.311424350966972,3.6849062211833647,16,0,3
Botswana,BWA,2000,0.6611877166240493,0.3023050678394718,0.4583440897426312,0.5376622666845444,-0.48071288040119703,-0.2693807534477176,0.11326770950047961,1.6123075833917215,1.915459044827259,1.1822886939364206,0.6525812431959995,1.67289182096579,1.200145004536624,0.7971316418302662,1.2697102409923713,ambos,14.332745398748768,3.69288027523316,16,0,4
Botswana,BWA,2001,0.6259351551579433,0.39630792426762845,0.42592025672426526,0.40979904325028954,-0.5557445096723759,-0.2691726932271518,0.5425232429649043,1.4840814605954824,1.915459044827259,1.1822886939364206,0.9270316172667138,1.67289182096579,1.200145004536624,0.7971316418302662,1.1746789119023522,ambos,14.353321773190213,3.682145274287707,16,0,5
Botswana,BWA,2002,0.7050530874562668,0.5845383468863351,0.44687151228136635,0.5350770343916014,0.6590365983391528,-0.26897873160434915,0.41074056556113825,1.4169293853085416,1.915459044827259,1.1822886939364206,1.2014819913374282,1.67289182096579,1.200145004536624,0.7971316418302662,0.984616253722313,ambos,14.372129860919422,3.843190945692412,16,0,6
Botswana,BWA,2003,0.7614093929917128,0.6503695906413445,0.4716535818261457,0.3606544602850032,0.3202452284143398,-0.2687939343684125,0.2820638325567071,1.0531257286504807,3.166526220167876,1.1822886939364206,1.750382739478857,1.67289182096579,1.4762826820537673,2.1053266994629403,0.984616253722313,ambos,14.389726105982914,3.8008217884556057,16,0,7
Botswana,BWA,2004,0.7804528200240116,0.629282605147684,0.5379731522650563,0.5107244622683507,0.11002352976851003,-0.2686065298166812,-0.0332957737131898,0.9866627113304774,2.5409926324975673,1.1822886939364206,1.2014819913374282,1.67289182096579,1.3382138432951955,1.4512291706466032,1.0558897505398277,ambos,14.40725991656998,3.773599432616691,16,0,8
Botswana,BWA,2005,0.8367424595978442,0.32620908050563757,0.5800950005863286,0.4382881703596683,0.08887134495196733,-0.26841124365358937,-0.3159545236802635,1.3240563882640128,3.166526220167876,1.1822886939364206,1.4759323654081427,1.67289182096579,1.3382138432951955,1.4512291706466032,1.2697102409923713,ambos,14.425209823039111,3.7708188761592316,16,0,9
Botswana,BWA,2006,0.9731132828026705,-0.2889454116808281,0.6571645772345232,0.3832761037870511,0.20538058287105623,-0.26820457360368744,-0.573862057058454,1.6393972402256132,1.915459044827259,1.1822886939364206,2.024833113549571,1.459368168172983,1.200145004536624,1.2506394362356008,1.3647415700823915,ambos,14.44386158420207,3.7860394657441026,16,0,10
Botswana,BWA,2007,1.0588877225519087,0.2327066633513909,0.6858003601231915,0.7286520561892251,0.16548627169020905,-0.267985696304093,-0.48389253072014965,1.5440332894980702,1.915459044827259,1.1822886939364206,2.024833113549571,1.566130293502381,1.200145004536624,1.2506394362356008,1.7686247187149755,ambos,14.463242921456144,3.7808537734868013,16,0,11
Botswana,BWA,2008,1.0872598575660826,0.33177372208949596,0.5165539773328667,0.7435230178423402,0.19586029128527735,-0.2677543850316935,-0.38965592827908185,1.1780483899917786,1.915459044827259,1.1822886939364206,2.024833113549571,1.67289182096579,1.200145004536624,1.2279637063846187,1.2697102409923724,ambos,14.483325058634472,3.7848044041703064,16,0,12
Botswana,BWA,2009,0.7065837606013531,0.689041829275021,0.5165539773328667,0.4375743071113073,-0.29264024576067715,-0.2675115347461438,-0.2969526939692354,0.492486024659957,1.915459044827259,1.1822886939364206,2.024833113549571,1.67289182096579,1.200145004536624,1.2279637063846187,1.2697102409923724,ambos,14.503983832824327,3.719292582724614,16,0,13
Botswana,BWA,2010,0.864066944667024,0.49883547004621054,0.5165539773328667,0.6165445650623531,-0.35116885359230154,-0.26725833276058597,-0.2629063570771805,0.8575765318185353,1.915459044827259,1.1822886939364206,1.750382739478857,1.67289182096579,1.200145004536624,1.2558722164661313,1.2697102409923724,ambos,14.525078182091555,3.711147534341345,16,0,14
Botswana,BWA,2011,0.9673123099850116,0.9147380450924878,0.5165539773328667,0.7421642445097535,-0.3140137796354876,-0.26701714709999436,-0.23405846023056198,1.2050326374751195,1.915459044827259,1.1822886939364206,1.750382739478857,1.67289182096579,1.200145004536624,1.2558722164661313,1.2697102409923724,ambos,14.544765920466252,3.7163258502027365,16,0,15
Botswana,BWA,2012,0.9256528957528439,1.068280682216256,0.5165539773328667,1.1174660154931486,-0.4697418479854803,-0.2668078339359117,-0.2329100924151454,0.8823725445934552,1.915459044827259,1.1822886939364206,1.750382739478857,1.67289182096579,1.200145004536624,1.2942457637306821,1.2697102409923724,ambos,14.561543314558246,3.694440321268144,16,0,16
Botswana,BWA,2013,1.1363839356251342,0.598754310288051,0.5165539773328667,1.5216538999230222,-0.5712238873996729,-0.26661652139368747,-0.21306511559119778,1.0104446625892836,1.915459044827259,1.1822886939364206,1.750382739478857,1.459368168172983,1.200145004536624,1.3169209703036406,1.2697102409923724,ambos,14.576635494956179,3.6799161806063165,16,0,17
Botswana,BWA,2014,1.2382960855792589,0.337792545160204,0.5165539773328667,1.3389844896615244,-0.07083656451288389,-0.2664294032290458,-0.19965086319927117,1.2339355877766178,1.915459044827259,1.1822886939364206,1.750382739478857,1.2458451132461648,1.200145004536624,1.2977344583103771,1.293468073264877,ambos,14.591179678053388,3.7495711452940266,16,0,18
Botswana,BWA,2015,1.0804906096058486,0.5398263254125739,0.5165539773328667,1.1472723478558202,-0.16400408184542678,-0.2662430785952981,-0.20509929089919754,0.8797511276006927,1.915459044827259,1.1822886939364206,1.750382739478857,1.2458451132461648,1.200145004536624,1.2977344583103771,1.5548042282624317,ambos,14.605454993901557,3.736964272172015,16,0,19
Botswana,BWA,2016,1.2164135214171783,0.22680132297369462,0.5165539773328667,0.7858509449781822,-0.48819395951713385,-0.2660551191685808,-0.19048490195529205,1.114091629368113,1.915459044827259,1.1822886939364206,1.750382739478857,1.2458451132461648,1.200145004536624,1.2977344583103771,1.5548042282624317,ambos,14.619652004765468,3.691815092180292,16,0,20
Botswana,BWA,2017,1.2831801066731208,0.18561613683150768,0.5165539773328667,0.2470192274393951,-0.3704335746686562,-0.26586436746774034,-0.18442624373070238,0.8426909652397673,1.915459044827259,1.1822886939364206,1.750382739478857,1.2458451132461648,1.200145004536624,1.2872688978493156,1.3647415700823915,ambos,14.63385676318741,3.7084520099294114,16,0,21
Central African Republic,CAF,1996,-1.120696284951345,-1.9321960104942983,-1.9000465701345548,-0.7654891312838132,-0.46384338653494095,-0.25888834788270043,-0.10042241580188847,-0.20532365320540583,-0.5866753058539755,-0.025349315557772752,-1.268571375299001,-0.8893908168159154,-1.077990834979806,-0.8381121802105763,0.12933429191213489,ambos,15.049808666810318,3.6952780588916827,17,0,0
Central African Republic,CAF,1998,-1.112519235773258,-1.7439623184012862,-1.9000465701345548,-0.6502544483632544,-0.5214802972458483,-0.2577376564896412,-0.13169196447806833,-0.20532365320540583,-0.5866753058539755,-0.025349315557772752,-1.268571375299001,-0.8893908168159154,-1.077990834979806,-0.8381121802105763,0.12933429191213489,ambos,15.10442028909513,3.6870618594337627,17,0,1
Central African Republic,CAF,2000,-1.121017911328438,-1.4020778445377409,-1.9000465701345548,-0.8068915857586331,-0.6365662288066941,-0.25651699715076365,-0.1655665787404629,-0.20532365320540583,-0.5866753058539755,-0.025349315557772752,-1.268571375299001,-0.8893908168159154,-1.077990834979806,-0.8381121802105763,0.12933429191213489,ambos,15.15926713051414,3.6704514717076115,17,0,2
Central African Republic,CAF,2002,-1.1143653673360099,-1.5774016161359925,-1.8994538768577092,-1.084469461459916,-0.5543845253784973,-0.25548683295762553,-0.19620650356842956,-0.20532365320540583,0.038858281816333155,-0.025349315557772752,-1.268571375299001,-0.3911693588766917,-0.7328187380833772,-0.5110634158024079,0.12933429191213489,ambos,15.203323265812157,3.6823408803398836,17,0,3
Central African Republic,CAF,2003,-1.1290693057744172,-1.967473027128116,-1.8994538768577092,-1.0809046758507939,-0.4804471579201242,-0.25490803868322576,-0.22235077867874276,-0.20532365320540583,0.038858281816333155,-0.025349315557772752,-0.7196706271575724,-0.8893908168159154,-1.4231629318762347,-0.8381121802105763,0.12933429191213489,ambos,15.227250175196597,3.6929180889011906,17,0,4
Central African Republic,CAF,2004,-1.1224401899315037,-1.9181294759373924,-1.8994538768577092,-1.1677208735048796,-0.44588071957255127,-0.2543726141537013,-0.23091780621921107,-0.20532365320540583,-0.10014929331637375,-0.20832483009388783,-0.4285868039357791,-0.8742929070039444,-1.1372626829081505,-0.47142091933195385,0.12933429191213489,ambos,15.24888576606012,3.6978249186550682,17,0,5
Central African Republic,CAF,2005,-1.1249316056524614,-1.5483450262752685,-1.8994538768577092,-1.1146250474586004,-0.5214438014500581,-0.25379993543694324,-0.24739519419450978,-0.20532365320540583,0.038858281816333155,-0.025349315557772752,-0.445220253086858,-0.8893908168159154,-0.7328187380833772,-0.5110634158024079,0.12933429191213489,ambos,15.271520096312171,3.687067083363523,17,0,6
Central African Republic,CAF,2006,-1.1201138487932984,-1.5035987500849222,-1.8994538768577092,-1.0761197784306253,-0.23855987057901343,-0.2532703042795847,-0.2588277959393554,-0.20532365320540583,0.038858281816333155,-0.025349315557772752,-0.9941210012282867,-0.3911693588766917,-1.077990834979806,-0.9767808563196397,0.12933429191213489,ambos,15.292006618246427,3.7267600811586497,17,0,7
Central African Republic,CAF,2007,-1.1152356197955209,-1.448721290652137,-1.8994538768577092,-1.0416804219791014,-0.0693652808650022,-0.2527620208931939,-0.27037307759144014,-0.20532365320540583,0.36914001610625613,-0.06560375485584508,-0.9941210012282867,-0.3911693588766917,2.0451262977390816,-0.9767808563196397,0.12933429191213489,ambos,15.31128043151746,3.749768961395998,17,0,8
Central African Republic,CAF,2008,-1.1154266783971112,-1.2014682285206193,-1.8994538768577092,-1.1330333824129217,0.37441416421902146,-0.25218796990496495,-0.28937497899701337,-0.20532365320540583,0.3641357474048937,-0.017298234476077298,-0.9941210012282867,-0.3911693588766917,2.04236492096391,-0.8459613505563723,0.12933429191213489,ambos,15.332610568994948,3.807717868506552,17,0,9
Central African Republic,CAF,2009,-1.09760331011614,-1.1780462762968837,-1.8633176926356751,-1.2185709733364356,-0.2956954924320089,-0.2523665859528853,-0.2955347280018423,-0.20532365320540583,-0.5866753058539755,-1.232987325051966,-1.268571375299001,-0.03529680351067694,-0.8708875768419492,-1.4948260991421787,0.12933429191213489,ambos,15.326022320848274,3.7188690409544414,17,0,10
Central African Republic,CAF,2010,-1.0861500254149332,-0.7886378714673065,-1.8633176926356751,-1.1332379749817023,-0.15113359132076043,-0.25258168652273616,-0.3083945486686028,-0.2106574202995658,-0.5866753058539755,-1.232987325051966,-0.9941210012282867,-0.03529680351067694,-0.8708875768419492,-1.5018029650235452,0.12933429191213489,ambos,15.318030297778142,3.7387153203338563,17,0,11
Central African Republic,CAF,2011,-1.080517613296268,-1.1184898003026116,-1.7214373855087377,-1.1319262196567828,-0.38864269108890753,-0.252151950762055,-0.3175924166354079,-0.032596483237103006,-0.5866753058539755,-1.232987325051966,-0.9941210012282867,-0.03529680351067694,-0.8708875768419492,-1.5018029650235452,0.12933429191213489,ambos,15.333933891276702,3.7058974890148457,17,0,12
Central African Republic,CAF,2012,-1.0714376001901182,-1.4387446704005844,-1.73225712439612,-1.173083004053924,-0.165338764399892,-0.2518785286546947,-0.3279581763139373,0.04141768075382977,-0.5866753058539755,-1.232987325051966,-1.268571375299001,-0.24881985843749468,-1.0089564156005206,-1.4721508925692202,0.12933429191213489,ambos,15.343922562875568,3.7367825111587636,17,0,13
Central African Republic,CAF,2013,-1.158172207906352,-1.9741286328375889,-1.73225712439612,-1.0178963794807276,-0.6343694788666077,-0.2516901635129339,-0.3740698989178192,-0.23733241561080295,-0.5866753058539755,-1.232987325051966,-2.091922497511144,-0.24881985843749468,-1.8373694481519498,-1.5593635475593828,0.12933429191213489,ambos,15.350746339965747,3.6707711260690505,17,0,14
Central African Republic,CAF,2014,-1.1574319174073453,-0.18060591545760213,-1.73225712439612,-0.5908062936521581,-0.6214452922572195,-0.251804939105473,-0.3992294237068385,-0.6312340766415703,-0.5866753058539755,-1.232987325051966,-2.091922497511144,-0.24881985843749468,-1.8373694481519498,-1.5593635475593828,0.12933429191213489,ambos,15.346593986872179,3.6726496893636065,17,0,15
Central African Republic,CAF,2015,-1.1511530419964182,-0.2512430603374597,-1.73225712439612,-0.5893515710830343,-0.6225810359210102,-0.25176831735639543,-0.4087698414523626,-0.4101550854105094,-1.212208893524284,-1.232987325051966,-2.091922497511144,-0.6758671640231085,-1.6993006093933776,-1.109344447733743,0.12933429191213489,ambos,15.347920763040102,3.6724847475026836,17,0,16
Central African Republic,CAF,2016,-1.146671697567987,-0.21431365943362177,-1.7927640864126884,-0.6653343889858385,-0.5839668694935194,-0.2512650934752535,-0.42037496260520607,-0.45089783991389387,-1.212208893524284,-1.232987325051966,-1.8174721234404299,-0.6758671640231085,-1.6993006093933776,-1.102367581852377,0.12933429191213489,ambos,15.365976082890791,3.6780774028076677,17,0,17
Central African Republic,CAF,2017,-1.1422055397837536,0.1927450020485216,-1.7254701897514169,-0.47314996242518426,-0.5953712499548692,-0.25078868855176933,-0.4321435643780659,-0.5262750433406409,-1.212208893524284,-1.232987325051966,-1.8174721234404299,-0.6758671640231085,-1.6993006093933776,-1.118065922543969,0.12933429191213489,ambos,15.382773894886062,3.6764289096865683,17,0,18
Central African Republic,CAF,2018,-1.1389463993768187,-0.7569543517834015,-1.7254701897514169,-0.6906312696266846,-0.5116985923026968,-0.250280673653275,-0.44230146406256876,-0.5414563972016616,-1.212208893524284,-1.232987325051966,-1.8174721234404299,-0.6758671640231085,-1.6993006093933776,-1.118065922543969,0.12933429191213489,ambos,15.400380740009895,3.688461016034019,17,0,19
China,CHN,1996,-0.850827880150005,1.122033996303743,-0.4055371581381093,-1.1565379069153858,0.15593729618845673,6.9849988370835145,0.7747197552540529,1.6578814542853948,0.038858281816333155,1.1822886939364206,-0.1707698790161436,-0.03529680351067694,-0.45668106056623414,-1.1651609446187448,1.697351221897461,ambos,20.92010648066089,3.779608543805638,18,0,0
China,CHN,1997,-0.8135387700643144,1.0421643480204523,-0.3177255762605117,-1.1366354913761072,0.16802224692763762,7.059727968265745,0.8017267656410234,1.6540637406470877,0.038858281816333155,0.5784696891893238,-0.1707698790161436,-0.03529680351067694,-0.3186122218076628,-1.1651609446187448,1.2697102409923724,ambos,20.930340980894513,3.7811842157337407,18,0,1
China,CHN,1998,-0.7795402573417306,1.2625876862783902,-0.3177255762605117,-1.1988816303613012,0.11652155110485544,7.1304894449780205,0.7748262609323008,1.5404118121056147,0.038858281816333155,-0.025349315557772752,-0.1707698790161436,-0.03529680351067694,-0.18054338304909118,-1.1651609446187448,1.2697102409923724,ambos,20.939936484949733,3.7744520787069757,18,0,2
China,CHN,1999,-0.7436316902710128,1.214758432185268,-0.1766732670902736,-1.1682561045640223,-0.003407387702002249,7.194926540129165,0.7073962485551323,1.4997879162449688,0.038858281816333155,-0.025349315557772752,-0.3079950660515008,0.07146502288572677,-0.18054338304909118,-1.1651609446187448,1.2697102409923724,ambos,20.948594998872725,3.758597130207362,18,0,3
China,CHN,2000,-0.7000619078650442,1.2113824650755811,-0.14572202821373084,-1.0001204389397547,-0.05165066489890329,7.254053541328039,0.929488527265737,1.5096840528601454,0.038858281816333155,-0.025349315557772752,-0.445220253086858,0.1782268492821305,-0.18054338304909118,-1.1651609446187448,0.6044909373622335,ambos,20.956474564796,3.752147648899147,18,0,4
China,CHN,2001,-0.6543692744701988,1.309828720371441,-0.04745633843450558,-1.0270986024824165,-0.04594561659051198,7.308974232148992,0.6128960279556237,1.4429843035640855,-0.27390851201882116,-0.025349315557772752,-0.3079950660515008,-0.0352965045776821,-0.3186122218076628,-1.1651609446187448,0.12933429191213489,ambos,20.963738371168652,3.752912509788917,18,0,5
China,CHN,2002,-0.5988072382891491,1.4949199267742688,-0.024744315511949364,-0.9076014323088023,-0.03020462740010797,7.359986932476981,0.4915170035502472,1.4094590114543453,-0.5866753058539755,-0.025349315557772752,-0.1707698790161436,-0.24881985843749468,-0.45668106056623414,-1.1651609446187448,0.4144282791821931,ambos,20.970438366840987,3.7550198341705308,18,0,6
China,CHN,2003,-0.5319958156448503,1.8700509453017033,0.019237346787786814,-0.6494422150476327,-0.05188720815073975,7.407718114070422,0.5184845704084973,1.502065343187642,-0.5866753058539755,-0.025349315557772752,-0.1707698790161436,-0.03529680351067694,-0.45668106056623414,-1.1651609446187448,0.937100589177303,ambos,20.976666976197475,3.7521159235304378,18,0,7
China,CHN,2004,-0.4585339333820243,2.02338965518767,0.019237346787786814,-0.42965023715926537,-0.052850480151985436,7.453510216411629,0.6398076320885108,1.522985817514187,-0.5866753058539755,-0.025349315557772752,-0.1707698790161436,0.1782268492821305,-0.45668106056623414,-1.1651609446187448,0.984616253722313,ambos,20.982606304344,3.751986718328936,18,0,8
China,CHN,2005,-0.36686314314111984,2.0136736980351153,0.019237346787786814,-0.35060901293204827,0.1324811952069953,7.49912332682186,0.8152378587796733,1.6190915523671336,-0.5866753058539755,-0.025349315557772752,-0.1707698790161436,0.39175050207493695,-0.45668106056623414,-1.1651609446187448,0.984616253722313,ambos,20.988487554235046,3.776543163219354,18,0,9
China,CHN,2006,-0.2536055355828426,1.922973553715278,0.3809837188601555,-0.28639628813903856,0.12422457863481573,7.542678030025875,1.003997324933434,1.661329050523935,-1.212208893524284,-0.025349315557772752,-0.1707698790161436,0.39175050207493695,-0.18054338304909118,-0.8651483858276593,0.9133427569047985,ambos,20.994071297904505,3.7754619003789305,18,0,10
China,CHN,2007,-0.11081780339643692,1.8199384205813884,0.5293627184341969,-0.3533295380067,0.1050434920973221,7.583637350230746,1.2198962892523946,1.6026622785058686,-1.212208893524284,-0.025349315557772752,-0.1707698790161436,0.39175050207493695,-0.042474544290519535,-0.8651483858276593,1.0558897505398277,ambos,20.999294016564452,3.7729454782267795,18,0,11
China,CHN,2008,-0.0018511486936607742,1.957073950422907,0.6927631438903519,-0.4857167587990628,-0.010468775687519662,7.6240298626541945,1.2738318394543469,1.6069441527732784,-1.212208893524284,-0.025349315557772752,-0.1707698790161436,0.39175050207493695,0.09559429446805148,-0.852938216437739,1.2697102409923724,ambos,21.00441788587695,3.7576557116894467,18,0,12
China,CHN,2009,0.1137813123865212,2.515101981725679,0.8955697747379497,-0.8429290281690426,-0.21165702211781326,7.663437919457279,1.3548062892030606,1.5184704500132076,-1.212208893524284,-0.025349315557772752,-0.445220253086858,0.39175050207493695,0.09559429446805148,-0.852938216437739,1.2697102409923724,ambos,21.009391699882055,3.7304541991056044,18,0,13
China,CHN,2010,0.2567577830793934,2.5284770764535063,0.9858096652355002,-0.6849969466958344,0.03506172200774401,7.701891352628494,1.476165442087011,1.5626221191754033,-1.212208893524284,-0.025349315557772752,-0.445220253086858,0.39175050207493695,0.23366313322662344,-0.8354957900953109,0.7470379309972638,ambos,21.014221296765218,3.7637102928271684,18,0,14
China,CHN,2011,0.39537944977729444,2.527896689786929,1.0310133534293082,-0.6823303592813748,-0.014758313342853374,7.745625047763484,1.5841181277658953,1.570451255824963,-1.212208893524284,-0.025349315557772752,-0.445220253086858,0.39175050207493695,0.23366313322662344,-0.8354957900953109,0.4857017759997094,ambos,21.019685872709946,3.7570834009978427,18,0,15
China,CHN,2012,0.5167062799206358,2.5713011675413653,1.0392353329332105,-0.7539861411416782,-0.16693337437680175,7.8002474186994775,1.691956041498955,1.4769099360602025,-1.212208893524284,-0.025349315557772752,-0.1707698790161436,0.39175050207493695,0.23366313322662344,-0.8599156055971285,0.41442827918219427,ambos,21.026469327293388,3.736565309137894,18,0,16
China,CHN,2013,0.6455167993427139,2.595750386087415,1.0392353329332105,-0.7994441647282386,-0.13106443725725814,7.854243317877057,1.6650200498508823,1.3691413983250291,-0.5866753058539755,-0.025349315557772752,-0.1707698790161436,0.1782268492821305,0.23366313322662344,-0.8599156055971285,0.41442827918219427,ambos,21.03313005706539,3.741439653161385,18,0,17
China,CHN,2014,0.7780257930788302,2.51153827046598,1.0392353329332105,-0.8531387546161001,-0.2140770899799689,7.905673666043989,1.6381173337829118,1.2761840631012351,0.038858281816333155,1.1822886939364206,-0.1707698790161436,1.032321460453358,0.3717319719851945,-0.423850237534222,0.41442827918219427,ambos,21.039433320956196,3.730122449700646,18,0,18
China,CHN,2015,0.9106014487009672,2.297896414082728,1.0392353329332105,-1.0092388766829326,-0.2774152606861985,7.9534048476374295,1.5570978852892252,1.0891972646518362,0.038858281816333155,1.1822886939364206,-0.1707698790161436,1.032321460453358,0.3717319719851945,-0.39943094531042733,0.41442827918219427,ambos,21.045247882418547,3.7214005169880235,18,0,19
China,CHN,2016,1.0473243471446847,2.2329573631248336,1.0392353329332105,-1.0824756335212726,-0.3866302662524114,8.000718381391927,1.6035847792047084,0.9857592914895997,0.038858281816333155,1.1822886939364206,-0.1707698790161436,1.2458451132461648,0.3717319719851945,-0.39943094531042733,0.41442827918219427,ambos,21.050978391475102,3.706180129069235,18,0,20
China,CHN,2017,1.194379986366132,2.2738898498759066,1.0392353329332105,-1.0599908569943928,-0.42174843937662343,8.05098528200752,1.6475796083123817,1.012428574209746,0.038858281816333155,1.1822886939364206,0.10368049505457075,1.032321460453358,0.3717319719851945,-0.4064078111917944,0.41442827918219427,ambos,21.057030841605584,3.7012363658271545,18,0,21
Cote d'Ivoire,CIV,1996,-0.5893998025458826,-0.4183201046933318,-1.53765629161671,-0.5992574656206404,-0.3928869853213621,-0.18725370676634306,-0.556856888301202,-1.1136623245395303,1.2899254571569505,1.1822886939364206,1.750382739478857,-0.4623435112303015,-0.45668106056623414,-0.5110634158024079,1.5548042282624317,ambos,16.552621897040634,3.7053011264267233,19,0,0
Cote d'Ivoire,CIV,1997,-0.5498192117875977,-0.5595438408618973,-1.53765629161671,-0.5643250098168477,-0.2507412641107187,-0.18364488338681242,-0.5274903302002057,-0.9760385096755495,0.6643918694866419,0.5784696891893238,1.064256804302071,-0.4623435112303015,-0.7328187380833774,-0.8381121802105763,0.6282487696347385,ambos,16.59104313032214,3.7250829152674183,19,0,1
Cote d'Ivoire,CIV,1998,-0.5467541388849453,-0.5379667806147828,-1.53765629161671,-0.5745681166841711,0.02434487778651928,-0.17996494054670753,-0.5317818644357766,-1.0361783387767813,0.038858281816333155,-0.025349315557772752,0.3781308691252851,-0.4623435112303015,-1.0089564156005206,-1.1651609446187448,0.12933429191213489,ambos,16.62875820142858,3.762288477281492,19,0,2
Cote d'Ivoire,CIV,1999,-0.5625424180957519,-0.409497994752633,-1.53765629161671,-0.5094770214589845,-0.4353166345053241,-0.17667156657993024,-0.545842093840407,-1.05915802756746,-0.5866753058539755,-0.6291683203048694,-0.8568958141929295,-0.6758671640231085,-1.4231629318762353,-1.4922097090269133,0.12933429191213489,ambos,16.66134602446462,3.699319737422061,19,0,3
Cote d'Ivoire,CIV,2000,-0.5847851814942142,-0.7613045239656728,-1.53765629161671,-0.5364922546735141,-0.40580966121892825,-0.173789384809785,-0.5738605334989267,-1.095186770431428,-1.212208893524284,-1.232987325051966,-2.091922497511144,-0.8893908168159154,-1.8373694481519498,-1.8192584734350818,-1.391166973528181,ambos,16.689018981274685,3.703483177963289,19,0,4
Cote d'Ivoire,CIV,2001,-0.6189956906476688,-0.8850190534389644,-1.53765629161671,-0.5902537457646765,-0.36971332203443236,-0.17092605685636922,-0.6154843885192047,-1.0749570639062156,-1.212208893524284,-1.232987325051966,-1.954697310475787,-0.8893908168159154,-1.8373694481519498,-1.8192584734350818,-1.1060729862581211,ambos,16.715772908955746,3.7085529187067627,19,0,5
Cote d'Ivoire,CIV,2002,-0.6548512411702897,-0.8707136024717674,-1.53765629161671,-0.5092333206403744,-0.44751246375461157,-0.1680868987800328,-0.6556321761956718,-1.0480264463175388,-1.212208893524284,-1.232987325051966,-1.8174721234404299,-0.8893908168159154,-1.8373694481519498,-1.8192584734350818,-1.2961356444381609,ambos,16.74161254263829,3.697593827384219,19,0,6
Cote d'Ivoire,CIV,2003,-0.7009628453820971,-1.1874816260881147,-1.53765629161671,-0.5860119674156234,-0.5173622288503631,-0.1652780917687921,-0.7092965365446893,-0.9884782120355914,-1.212208893524284,-1.232987325051966,-2.091922497511144,-0.8893908168159154,-1.8373694481519498,-1.8192584734350818,-1.2961356444381609,ambos,16.76653532943069,3.6876511387723983,19,0,7
Cote d'Ivoire,CIV,2004,-0.6966424467914084,-1.1088071946734923,-1.53765629161671,-0.44482171979766594,-0.4429311349245037,-0.16247711863773043,-0.7092314560539625,-0.9622309371403414,-1.212208893524284,-1.232987325051966,-2.091922497511144,-0.6758671640231085,-1.4231629318762347,-1.8192584734350818,-1.5812296317082204,ambos,16.790785040649293,3.698242509982266,19,0,8
Cote d'Ivoire,CIV,2005,-0.7051055768042361,-1.0792331541361468,-1.53765629161671,-0.3081534063234006,-0.3994407529967802,-0.15965227991587203,-0.7247175140735299,-0.9038289629612303,-1.212208893524284,-1.232987325051966,-2.091922497511144,-0.8893908168159154,-1.4231629318762347,-1.8192584734350818,-2.151417606248339,ambos,16.814659936559117,3.70437956231427,19,0,9
Cote d'Ivoire,CIV,2006,-0.7025659420193415,-1.0179191110941275,-1.53765629161671,-0.28288567486145894,-0.4106302209250962,-0.15679828937485546,-0.7310002615915653,-0.8737305524360828,-0.5866753058539755,-1.232987325051966,-1.8174721234404299,-0.6758671640231085,-1.285094093117663,-0.7936335482510659,-2.151417606248339,ambos,16.838215915027817,3.7028041794271878,19,0,10
Cote d'Ivoire,CIV,2007,-0.7099648358077837,-0.7207149226302966,-1.53765629161671,-0.3485494613563638,-0.38352938503546297,-0.1539120086894909,-0.7511570414017944,-0.882161934230191,-0.5866753058539755,-1.232987325051966,-1.8174721234404299,-0.6758671640231085,-1.285094093117663,-0.7936335482510659,-2.1276597739758345,ambos,16.861487128400267,3.706615483789148,19,0,11
Cote d'Ivoire,CIV,2008,-0.6954814317936598,-0.7908957888247423,-1.53765629161671,-0.3337371503552839,-0.41304713686499395,-0.15102498220441396,-0.7493771558318439,-0.8047223494982089,0.038858281816333155,-1.232987325051966,-1.8174721234404299,-0.6758671640231085,-1.1470252543590918,-0.8128205835223529,-1.628745296253231,ambos,16.884234895563782,3.702463571831622,19,0,12
Cote d'Ivoire,CIV,2009,-0.6873719297082087,-0.7920614271267093,-1.53765629161671,-0.1962073591030104,-0.44822183294906665,-0.1481402229504627,-0.7553715934170226,-0.7539023603405345,0.038858281816333155,-0.025349315557772752,-0.7196706271575724,-0.6758671640231085,-0.7328187380833772,-0.3767552154594457,-1.5812296317082204,ambos,16.906459416033595,3.6974933482711294,19,0,13
Cote d'Ivoire,CIV,2010,-0.6593702812327773,-0.23544730507564177,-1.53765629161671,-0.17295666956385616,-0.4740004852363853,-0.14521594227815207,-0.75397838579915,-0.9245425122209427,0.038858281816333155,-0.025349315557772752,-0.445220253086858,-0.4623435112303015,-0.7328187380833772,-0.4203620662325501,-1.7950501221607646,ambos,16.928495326462812,3.6938350455159994,19,0,14
Cote d'Ivoire,CIV,2011,-0.7073203562737371,-0.5814210227412996,-1.53765629161671,-0.2530817952005885,-0.5095391436999777,-0.14226892963060758,-0.848260252125621,-0.8588020361679901,0.038858281816333155,-0.025349315557772752,-1.268571375299001,-0.4623435112303015,-0.8708875768419492,-0.40989650577148873,-1.8663236189782797,ambos,16.95022190231203,3.6887696358681645,19,0,15
Cote d'Ivoire,CIV,2012,-0.6749641178197465,-0.6704290821180804,-1.53765629161671,-0.09076487766926404,-0.4943543963167222,-0.13937476136748472,-0.8421941235638679,-0.777648931646895,0.038858281816333155,-0.025349315557772752,-0.7196706271575724,-0.4623435112303015,-0.8708875768419492,-0.38024391003914093,-2.05638627715832,ambos,16.97110910332852,3.6909370942948394,19,0,16
Cote d'Ivoire,CIV,2013,-0.6207806335275907,-0.2320521194604015,-1.53765629161671,-0.4380100726891993,-0.4867488789899327,-0.1365544630742754,-0.8139429281340049,-0.6733208122632997,0.038858281816333155,-0.025349315557772752,0.10368049505457075,-0.4623435112303015,-0.8708875768419492,-0.38024391003914093,-2.151417606248339,ambos,16.991051901325182,3.692020936398144,19,0,17
Cote d'Ivoire,CIV,2014,-0.5744510386743931,-0.020688604016440206,-0.833870632949795,-0.5737955381442983,-0.49614056483053964,-0.1330484884582832,-1.0318386173313663,-0.6008711332634004,0.038858281816333155,-0.025349315557772752,0.10368049505457075,-0.4623435112303015,-0.7328187380833772,-0.33140480231352826,-2.1039019417033296,ambos,17.015301254872075,3.6906823817290295,19,0,18
Cote d'Ivoire,CIV,2015,-0.5441075920326923,0.11081468682090215,-0.7064504213453986,-0.6018420680874904,-0.4647130080677717,-0.1287589647316508,-1.2401203204561186,-0.5777806731029141,0.038858281816333155,-0.025349315557772752,-0.1707698790161436,-0.4623435112303015,-0.45668106056623414,-0.3697783495780795,-1.8663236189782797,ambos,17.044191871513355,3.6951545937184838,19,0,19
Cote d'Ivoire,CIV,2016,-0.5127646553122992,0.07869381980787232,-0.6248705366687509,-0.7514838756371977,-0.4446580965786432,-0.12432555535810498,-1.4050199719118812,-0.5192904740637952,0.038858281816333155,-0.025349315557772752,-0.1707698790161436,-0.4623435112303015,-0.45668106056623414,-0.28256517130989306,-1.8663236189782797,ambos,17.073199551412287,3.6979980342750167,19,0,20
Cote d'Ivoire,CIV,2017,-0.4776478698373113,-0.0891478771705626,-0.5220306529072821,-0.7197106024734782,-0.3286543216764828,-0.11988675236103909,-1.2725912748813186,-0.6039653166123472,0.038858281816333155,-0.025349315557772752,-0.7196706271575724,-0.4623435112303015,-0.45668106056623414,-0.26163405038777027,-1.8663236189782797,ambos,17.101423267958054,3.7142885928147815,19,0,21
Cameroon,CMR,1996,-0.7729687607515479,-0.6216457141472633,-1.4103009012885168,-0.8227062739984254,-0.4888418383562817,-0.1993509062533041,-0.5871257506599766,0.23412907016606696,-1.212208893524284,-1.232987325051966,-1.8174721234404299,-1.1029144696087223,-1.8373694481519498,-1.8192584734350818,1.5548042282624317,ambos,16.411866002171134,3.691722791445013,20,0,0
Cameroon,CMR,1997,-0.7633986678496261,-0.5435120375542789,-1.4103009012885168,-0.7252315118551428,-0.4109029855267891,-0.19720027643785074,-0.5889082583304226,0.11540578122691746,-0.8994420996891298,-0.6291683203048694,-1.131346188263644,-0.8893908168159154,-1.4921973512555209,-1.8192584734350818,0.5569752728172239,ambos,16.43838152086693,3.702765745463357,20,0,1
Cameroon,CMR,1998,-0.7525883216382946,-0.49443830849278536,-1.377900933261866,-0.9046890816142387,-0.5679982533004422,-0.19499482139393962,-0.5918511060714473,0.04318638697533152,-0.5866753058539755,-0.025349315557772752,-0.445220253086858,-0.6758671640231085,-1.1470252543590918,-1.8192584734350818,-0.7259476698980427,ambos,16.4648619358756,3.6803810951122786,20,0,2
Cameroon,CMR,1999,-0.7427473778053202,-0.6223175335663617,-1.3225709845848717,-1.0516347285458536,-0.6005700964744941,-0.19272591967689542,-0.6007682001202094,0.036187201480788356,-0.5866753058539755,-0.025349315557772752,-0.033544691980786426,-0.6758671640231085,-1.1470252543590918,-1.8192584734350818,-0.7259476698980427,ambos,16.491391568056166,3.6756765182869047,20,0,3
Cameroon,CMR,2000,-0.7363466520530149,-0.6246461221027432,-1.2679023582793942,-0.7409741591507759,-0.38907114966611567,-0.19041399426604247,-0.6185304001543198,0.12169832576481834,-0.5866753058539755,-0.025349315557772752,0.3781308691252851,-0.6758671640231085,-1.1470252543590918,-1.8192584734350818,-1.1535886508031319,ambos,16.517719196983666,3.7058373027591456,20,0,4
Cameroon,CMR,2001,-0.7271029487878122,-0.4137072984848857,-1.0826563608425819,-0.6350626346447623,-0.6721742374640587,-0.18804617564154355,-0.6427736641170577,-0.0705793436857228,-0.8994420996891298,-0.025349315557772752,-0.033544691980786426,-0.782628990419512,-1.285094093117663,-1.8192584734350818,-1.2961356444381615,ambos,16.543983520836914,3.66525576225029,20,0,5
Cameroon,CMR,2002,-0.7171700187769158,-0.3793881330776891,-1.2360347313106657,-0.7248802256573393,0.05843206998695213,-0.18556392747557207,-0.7171595734986265,0.03744498425908381,-1.212208893524284,-0.025349315557772752,-0.445220253086858,-0.8893908168159154,-1.4231629318762347,-1.8192584734350818,-1.2961356444381615,ambos,16.570796000684467,3.766803869454518,20,0,6
Cameroon,CMR,2003,-0.7017418582895988,-0.5188837082262525,-1.178399396844616,-0.9643087344484843,-0.2866239752219393,-0.18296966615919621,-0.7821232778372759,0.11673657616956225,-0.5866753058539755,-0.025349315557772752,-0.445220253086858,-0.8893908168159154,-1.285094093117663,-1.1651609446187448,-1.2961356444381615,ambos,16.59807071231974,3.7201260803236464,20,0,7
Cameroon,CMR,2004,-0.6766379829691135,-0.4549610108069415,-1.3022933287649652,-0.9179678601129255,-0.590348520968107,-0.1802839101341034,-0.8320088667415655,0.05428517140899591,-0.5866753058539755,-0.025349315557772752,-0.445220253086858,-0.8893908168159154,-1.285094093117663,-1.1651609446187448,-1.2961356444381615,ambos,16.62554486104953,3.677155275614486,20,0,8
Cameroon,CMR,2005,-0.6801074135705096,-0.4926023153278913,-1.284274432334119,-0.8261335825283637,-0.43506071424116843,-0.17751486319713003,-0.8972072560425242,0.07845035457343989,-1.212208893524284,-0.025349315557772752,-0.445220253086858,-0.8893908168159154,-1.4231629318762347,-1.8192584734350818,-1.2961356444381615,ambos,16.65310224425257,3.699355922450181,20,0,9
Cameroon,CMR,2006,-0.6738689883807466,-0.5803769684557876,-1.414454444456035,-0.7649070432551198,-0.6040627255384594,-0.17467597360869008,-0.8924890316007892,0.14025909476111525,0.038858281816333155,-0.025349315557772752,0.10368049505457075,-0.8893908168159154,-1.0089564156005206,-0.8128205835223529,-0.8209789989880629,ambos,16.68058775546917,3.6751707372945353,20,0,10
Cameroon,CMR,2007,-0.6647487227764003,-0.4922671348450041,-1.0874861937319105,-0.5873014450268914,-0.5149044813778402,-0.17169582358832433,-0.8885575043654228,0.008130171104616758,0.038858281816333155,-0.025349315557772752,0.10368049505457075,-0.7826292893525062,-0.801853157462663,-0.3767552154594457,-0.5121271794454985,ambos,16.70865053635569,3.6880026673420745,20,0,11
Cameroon,CMR,2008,-0.6650999186257655,-0.333246787051341,-0.928405331775798,-0.4795182857037471,-0.640279718774841,-0.16856847657032212,-0.8445392826067114,0.04785700422490318,0.038858281816333155,-0.025349315557772752,-0.1707698790161436,-0.6758671640231085,-0.594749899324806,0.09245039635945763,-0.03697053399539987,ambos,16.73727638011924,3.6699108803943545,20,0,12
Cameroon,CMR,2009,-0.6671432186088846,-0.49030567498683,-0.7864486359831874,-0.9081342842460148,-0.18606187130628477,-0.1653471110573762,-0.8039780503964543,-0.04322964092714691,0.038858281816333155,-0.025349315557772752,-0.445220253086858,-0.6758671640231085,-0.7328187380833772,-0.3436144484254257,0.12933429191213489,ambos,16.765930300865584,3.7339561302925386,20,0,13
Cameroon,CMR,2010,-0.6671423457444713,-0.49919782839748794,-0.7864486359831874,-0.761008334976279,-0.3124186498788741,-0.16204117782344213,-0.7584890858111292,-0.09900809530749342,0.038858281816333155,-0.025349315557772752,-0.7196706271575724,-0.8893908168159154,-0.7328187380833772,-0.35233592323565105,-0.44085368262798447,ambos,16.794506914056875,3.716547564810017,20,0,14
Cameroon,CMR,2011,-0.6639676732320929,-0.44964722858719186,-0.49357494325599266,-0.6365239201826194,-0.28036688727695247,-0.1586747095184522,-0.703429016041821,-0.10467611230159564,0.038858281816333155,-0.025349315557772752,-0.7196706271575724,-1.1029144696087223,-0.7328187380833772,-0.35233592323565105,-0.5834006762630131,ambos,16.82279114234682,3.720992204548723,20,0,15
Cameroon,CMR,2012,-0.6528834837384125,-0.5390725916067871,-0.3768128202085777,-0.6797093844427058,-0.3475330444629729,-0.15523075560654298,-0.6347346930005898,-0.03372446887322381,-0.5866753058539755,-0.025349315557772752,-0.7196706271575724,-1.1029144696087223,-0.7328187380833772,-0.34710314300512035,-0.7734633344430534,ambos,16.850921612819235,3.711655443600087,20,0,16
Cameroon,CMR,2013,-0.6392316861115832,-0.5152229519161561,-0.311750120456407,-0.690214626201773,-0.36955745601493706,-0.15169359462977716,-0.5597702104179565,-0.023930278445475045,-0.5866753058539755,-0.025349315557772752,-0.7196706271575724,-1.3164381224015291,-0.8708875768419492,-0.7692137327492478,-0.8684946635330736,ambos,16.87901254859009,3.7085747544953014,20,0,17
Cameroon,CMR,2014,-0.6220792039411205,-0.38883493473435204,-0.15899807912213004,-0.6565650547900798,-0.30448892708643743,-0.1477705867138054,-0.49618013350922924,-0.11044493298201533,-0.5866753058539755,-0.025349315557772752,-0.7196706271575724,-1.3164381224015291,-0.8708875768419492,-0.7884007680205353,-0.8684946635330736,ambos,16.909271766701025,3.717649025369204,20,0,18
Cameroon,CMR,2015,-0.6056333187362374,-0.48878684130038363,-0.10942936451654166,-0.8103684279697967,-0.27635362930981955,-0.14357310063808054,-0.47155180061594504,-0.1620047777576652,-0.5866753058539755,-0.025349315557772752,-0.7196706271575724,-1.3164381224015291,-0.7328187380833772,-0.3087290724625466,-0.8684946635330736,ambos,16.94066519990367,3.721547336710751,20,0,19
Cameroon,CMR,2016,-0.5954139867357027,-0.3863273458827443,-0.07660794776467128,-0.9528164714474849,-0.309999533700967,-0.13945182932656502,-0.4567330994394901,-0.23807890109127638,-0.5866753058539755,-0.025349315557772752,-0.7196706271575724,-1.3164381224015291,-0.7328187380833772,-0.3436144484254257,-0.8684946635330736,ambos,16.97055852111667,3.7168837153984677,20,0,20
Cameroon,CMR,2017,-0.5908101686464532,-0.40588742374036746,-0.07660794776467128,-0.9946544754319467,-0.25875656367106664,-0.13542785206233002,-0.448555758145236,-0.23138199453375324,-0.5866753058539755,-0.025349315557772752,-0.7196706271575724,-1.3164381224015291,-0.7328187380833772,-0.3174505472727722,-1.0585573217131117,ambos,16.99890849974382,3.7239778116593154,20,0,21
"Congo, Dem. Rep.",COD,1996,-1.1095595376238994,0.5389081593406323,-1.0813804804474805,-0.3809445012112749,-0.5783786219046775,-0.009133991537789076,-1.1910491066625446,0.4455610741137735,-1.212208893524284,-0.025349315557772752,-1.315699115293227,-1.2970266094812797,-1.1930480165201638,-0.5110634158024079,-3.0066995680585173,ambos,17.628732045955584,3.6788841880801293,21,0,0
"Congo, Dem. Rep.",COD,1997,-1.1236185616893026,-2.440477683273061,-1.0813804804474805,-1.1530141578480984,-0.780940940453056,-0.004755980166880133,-1.2289054569031663,-0.4833771005562443,-0.7951864183396,-0.6291683203048694,-1.1715435074118365,-1.8405411989904272,-1.1930480165201638,-0.9471285222263031,-2.507785090335913,ambos,17.644801808469893,3.6492159156685346,21,0,1
"Congo, Dem. Rep.",COD,1998,-1.1314310491268793,-2.4889314406697736,-1.0813804804474805,-0.3122694433844654,-0.48094723319908833,0.0028076102635750276,-1.2414877458414921,-0.5506676480256751,-0.3781639431549159,-1.232987325051966,-1.0273878995304457,-2.384055788499575,-1.1930480165201638,-1.3831936286501982,-2.5315429226084176,ambos,17.67197013335985,3.692846924444804,21,0,2
"Congo, Dem. Rep.",COD,1999,-1.144476680526672,-2.3715509263404027,-1.0813804804474805,-0.9371511795220292,-0.6120870760185461,0.012445556081297215,-1.2564546583499072,-0.6954970130817808,-0.3781639431549159,-1.232987325051966,-0.6947206729912527,-2.384055788499575,-1.1930480165201638,-1.3831936286501982,-3.291793555328576,ambos,17.705553195339245,3.6740077304182623,21,0,3
"Congo, Dem. Rep.",COD,2000,-1.160481951147876,-0.9967603286990382,-1.0813804804474805,-1.3487643751706495,-0.5671934570229555,0.02195880418710654,-1.2694656897841485,-0.3866927015226505,-0.3781639431549159,-1.232987325051966,-0.3620534464520598,-2.384055788499575,-1.1930480165201638,-1.3831936286501982,-3.291793555328576,ambos,17.73763126952393,3.680497057679722,21,0,4
"Congo, Dem. Rep.",COD,2001,-1.1680293442926384,-1.9362209119461722,-1.0813804804474805,-1.4060882477012495,-0.41307058990098405,0.03165541759340477,-1.2842808342624545,0.24999380868567475,-0.3781639431549159,-1.232987325051966,-0.22898651192432282,-0.9961526432123191,-0.8314393766448823,-1.3831936286501982,-3.291793555328576,ambos,17.76930193235908,3.702460266108051,21,0,5
"Congo, Dem. Rep.",COD,2002,-1.1682390622219359,-1.843414338372872,-1.0813804804474805,-1.2818506881642895,-0.27744905298973804,0.0413083211701588,-1.2868427940966112,0.46767858200221235,-0.3781639431549159,-1.232987325051966,-0.09591957739658585,0.39175050207493695,-0.4698307367696009,-1.3831936286501982,-3.291793555328576,ambos,17.799863992366205,3.721395843282467,21,0,6
"Congo, Dem. Rep.",COD,2003,-1.1647176642286412,-1.601648245767677,-1.0813804804474805,-0.5635965453338183,0.11243918165765347,0.05081483917936345,-1.296550935210195,0.15309004894008962,-0.3781639431549159,-1.232987325051966,0.014969351742945619,0.39175050207493695,-0.4698307367696009,-1.3831936286501982,-3.291793555328576,ambos,17.82907642507385,3.7739164903384825,21,0,7
"Congo, Dem. Rep.",COD,2004,-1.1595378838127344,-1.2724862124896523,-1.0813804804474805,-0.7000411338456615,0.04149076898239591,0.06068250920769717,-1.2887687022136596,0.3977474912842996,-1.212208893524284,-1.232987325051966,-0.7196706271575724,-1.7434848301211545,-1.4231629318762347,-1.8192584734350818,-3.291793555328576,ambos,17.85852221097908,3.7645622724634706,21,0,8
"Congo, Dem. Rep.",COD,2005,-1.155226116082123,-0.6794161432331117,-1.0813804804474805,-0.6508896563152309,-0.4037646808156047,0.07129066288807842,-1.2872731257685932,0.39135423661343954,-1.212208893524284,-1.232987325051966,-1.268571375299001,-1.7434848301211545,-1.285094093117663,-1.1651609446187448,-3.291793555328576,ambos,17.88923948749085,3.703771083865674,21,0,9
"Congo, Dem. Rep.",COD,2006,-1.1523155682715034,-0.8614465482158781,-1.0813804804474805,-0.8328461108034048,-0.36413456022506807,0.08226993247174638,-1.2988970957900616,0.1895992469003303,-0.3781639431549159,-1.232987325051966,-0.31769787479624756,0.39175050207493695,-0.4698307367696009,-0.3750111298086102,-3.291793555328576,ambos,17.920067941338424,3.7093341692613775,21,0,10
"Congo, Dem. Rep.",COD,2007,-1.144125368769533,-0.6941490318573963,-1.0813804804474805,-0.012378335263088914,1.068133053473443,0.09337843422957857,-1.3069370527322657,0.6136648412839311,-0.46156858831991376,-0.19763916593067946,-0.05156400574077366,0.39175050207493695,1.0896899335297667,-0.3750111298086102,-3.291793555328576,ambos,17.95032109934068,3.8920694905613105,21,0,11
"Congo, Dem. Rep.",COD,2008,-1.1372678123499411,0.08048070076216308,-1.0011336870990972,-0.013703385881955524,0.6761257321364835,0.10479162798511249,-1.2887881635811647,0.4955829988523641,-0.48658993182672616,-0.20246971796865568,-0.05156400574077366,0.39175050207493695,1.448668914302053,-0.6261845808740837,-3.291793555328576,ambos,17.980479227151672,3.8452812796967635,21,0,12
"Congo, Dem. Rep.",COD,2009,-1.14150266187877,-0.06657546173807666,-0.9448579674210442,-0.30044997414923735,-0.8822288972121972,0.11685198496628108,-1.3116731417265766,0.7448485820468442,-1.212208893524284,-1.232987325051966,-1.5430217493697154,-1.529961775194336,-1.285094093117663,-0.9855023311298658,-3.173004393966052,ambos,18.011388998597972,3.634044011458041,21,0,13
"Congo, Dem. Rep.",COD,2010,-1.1341232048860796,0.6272469255907194,-0.9576973329626085,0.220095105934287,1.332387576698389,0.12968567061883118,-1.2702990688997635,0.17358955380544355,-1.212208893524284,-1.232987325051966,-1.5430217493697154,-1.529961775194336,-1.285094093117663,-1.008177537702824,-3.0066995680585173,ambos,18.043264157409112,3.9224180168649734,21,0,14
"Congo, Dem. Rep.",COD,2011,-1.1269995157468675,0.8267445432999977,-0.8885866620767149,0.2903045938255943,0.40458464587040605,0.14332648458572866,-1.2605426617148303,0.9711415538594175,-1.212208893524284,-1.232987325051966,-1.5430217493697154,-1.529961775194336,-1.285094093117663,-1.008177537702824,-3.0066995680585173,ambos,18.0760658133975,3.8115382592002014,21,0,15
"Congo, Dem. Rep.",COD,2012,-1.1178200497904769,0.589288419381038,-0.8939635964523654,-0.19525496693506403,1.0313372177042137,0.15767750273635037,-1.2545468841518357,1.0159992549563264,-1.212208893524284,-1.232987325051966,-1.8174721234404299,-1.529961775194336,-1.4231629318762347,-1.0482956938962336,-3.0066995680585173,ambos,18.109451861893856,3.8877696338666037,21,0,16
"Congo, Dem. Rep.",COD,2013,-1.1065501720443136,0.9167019576099285,-0.9043490062853622,-0.025239703113498154,0.19777907782874898,0.17280099039708488,-1.248425520524343,1.083676984609576,-1.212208893524284,-1.232987325051966,-1.8174721234404299,-1.3164381224015291,-1.4231629318762347,-1.0639940345878258,-3.0066995680585173,ambos,18.143468946367356,3.785053449935257,21,0,17
"Congo, Dem. Rep.",COD,2014,-1.099084485949631,1.040843092960792,-0.808000240927194,0.02002205652384987,0.03060047924399806,0.18839624112389358,-1.2405642154410899,1.2207282469220813,-1.212208893524284,-1.232987325051966,-1.8174721234404299,-1.3164381224015291,-1.4231629318762347,-1.0779477663505588,-3.0066995680585173,ambos,18.177375849261054,3.7631186604194276,21,0,18
"Congo, Dem. Rep.",COD,2015,-1.0930456785940008,0.4369456704615971,-0.7717631133081322,-0.4554111341337902,-0.14588683085211374,0.20410152415707056,-1.2495389311446135,1.1301936686912835,-1.212208893524284,-1.232987325051966,-1.8174721234404299,-1.3164381224015291,-1.4231629318762347,-1.0151544035841906,-3.0066995680585173,ambos,18.210398283117286,3.739428270583928,21,0,19
"Congo, Dem. Rep.",COD,2016,-1.0996750886224598,0.6820543053743853,-0.7717631133081322,-0.15739702070598083,-0.2308911292204142,0.2215286797342424,-1.2649956261443818,0.9726999270487007,-1.212208893524284,-1.232987325051966,-2.091922497511144,-1.3164381224015291,-1.4231629318762347,-1.0465510849673751,-3.0066995680585173,ambos,18.245808365011783,3.727814492369483,21,0,20
"Congo, Dem. Rep.",COD,2017,-1.0986424864922315,0.5914093510439455,-0.7717631133081322,-0.21813325211091464,-0.16503890402731536,0.24018550391081755,-1.2662604646519235,1.0261050649514318,-1.212208893524284,-1.232987325051966,-2.091922497511144,-1.529961775194336,-1.561231770634807,-1.102367581852377,-3.196762226238557,ambos,18.282376826641887,3.7368233499076595,21,0,21
"Congo, Rep.",COG,1996,-0.14091944004726004,1.0991825336573589,-0.5563585257946808,1.5979308152471352,-0.22360501596047216,-0.26252295803308695,0.8830463281377693,2.075958819078455,1.2899254571569505,-0.025349315557772752,0.7468367231844513,-0.20999743046298375,0.647869649502338,0.3610667970453825,-0.15575969535792394,ambos,14.854650935189996,3.728815265338407,22,0,0
"Congo, Rep.",COG,1997,-0.17271249425319088,-0.12692877505743724,-0.5563585257946808,1.8115518265833954,-1.024172211073677,-0.26215854836081415,0.830284747949372,2.495997086183557,1.7069479323416346,-0.025349315557772752,0.8133703002284695,-0.4817547252175573,-0.27258918350891304,-0.5110634158024079,-0.29830668899295365,ambos,14.876027340196522,3.612387419863677,22,0,1
"Congo, Rep.",COG,1998,-0.15590782630845257,0.20470411524926618,-0.5563585257946808,2.1935282792224795,-2.1763464939047346,-0.26177551159492446,0.8035862155217088,1.591922928244919,2.1239704075263184,-0.025349315557772752,0.8799038772724876,-0.7535120199721311,-1.1930480165201638,-1.3831936286501982,-0.7259476698980427,ambos,14.898014467191974,3.416728937814705,22,0,2
"Congo, Rep.",COG,1999,-0.21550952453337915,0.4770741530648051,-0.5563585257946808,1.6847253880776019,-1.161035756816996,-0.2612933490976606,0.7665184267225255,2.864708105530887,2.1239704075263184,-0.025349315557772752,1.0795041692839433,-0.20999743046298341,-0.7328187380833772,-1.3831936286501982,-0.7259476698980427,ambos,14.925021572501281,3.5910521188632534,22,0,3
"Congo, Rep.",COG,2000,-0.17696133118882099,-0.21019144908740295,-0.5563585257946808,1.467216175973787,-1.1855247624573892,-0.2605865039958411,0.8569986244416403,3.7750537151400723,2.1239704075263184,-0.025349315557772752,1.2791044612953992,0.3335171590461647,-0.2725894596465904,-1.3831936286501982,-0.29830668899295476,ambos,14.963340221121792,3.5871861130815064,22,0,4
"Congo, Rep.",COG,2001,-0.17743055935751317,0.4387365004401627,-0.5563585257946808,1.665494767033529,-1.501155021279204,-0.25986342432588205,0.8468324587628981,3.217536592657806,1.2899254571569505,-0.025349315557772752,1.212570884251381,1.1633473790670799,0.056146094270985415,-0.9471285222263031,-0.15575969535792394,ambos,15.00107638861627,3.535972770989076,22,0,5
"Congo, Rep.",COG,2002,-0.15325738936134506,-0.012587471036730047,-0.9601264580439532,1.802771937660477,0.5003432279502337,-0.25939664916828437,0.8443285805410584,3.036037296407643,0.4558805067875822,-0.025349315557772752,1.1460373072073633,1.9931775990879945,0.38488164818856124,-0.5110634158024079,-0.7259476698980427,ambos,15.024701325013437,3.8235680772316383,22,0,6
"Congo, Rep.",COG,2003,-0.17593536738631307,0.34319398162934744,-0.9217195474500197,2.4248654718264833,0.4453279806870582,-0.25882994878202087,0.8068820858518916,2.856459488663764,0.4558805067875822,-0.025349315557772752,1.345637818779118,1.192464050581466,0.38488164818856124,-0.5110634158024079,-1.2961356444381615,ambos,15.052653306406334,3.8166744010350677,22,0,7
"Congo, Rep.",COG,2004,-0.1759369095493307,-0.0898079174713032,-0.7536509640772968,1.6839700196464134,-0.32080047151797786,-0.2581151683712614,0.8005002247122636,3.248994642096108,0.4558805067875822,-0.025349315557772752,1.4121711762628373,1.192464050581466,0.38488164818856124,-0.5110634158024079,-1.2961356444381615,ambos,15.08683027993803,3.715381986012199,22,0,8
"Congo, Rep.",COG,2005,-0.13135609331243128,0.09405728068159483,-0.7536509640772968,1.3405930873718888,1.4548759965828812,-0.25733453086269836,0.7628680521765575,2.901471936790362,-1.212208893524284,-1.232987325051966,-1.268571375299001,-1.529961775194336,-1.1470252543590918,-1.1651609446187448,-1.2961356444381615,ambos,15.122868307793754,3.9361788655775527,22,0,9
"Congo, Rep.",COG,2006,-0.08411993516732436,0.32805818250392643,-0.7536509640772968,1.5163565599346602,2.574033845852493,-0.2564931733247508,0.8134932928235153,2.9783353524959777,-1.212208893524284,-1.232987325051966,-1.268571375299001,-1.529961775194336,-0.7328187380833772,-0.8267743152850855,-1.2961356444381615,ambos,15.16030821783384,4.053846011198384,22,0,10
"Congo, Rep.",COG,2007,-0.20603161268085424,4.365618914053429,-0.7536509640772968,2.1843726586940546,2.1839422081375788,-0.2556398531594164,0.6570263162778524,2.5132980092946138,-1.212208893524284,-1.232987325051966,-0.8568958141929295,-1.529961775194336,-0.7328187380833772,-0.8267743152850855,-1.2961356444381615,ambos,15.19690066285481,4.014384778039786,22,0,11
"Congo, Rep.",COG,2008,-0.17446781591268243,2.0470210113694045,-0.7536509640772968,1.7345463408934745,2.2722073284291415,-0.2548458031888256,0.7123806123046639,3.08816113552723,-1.212208893524284,-0.025349315557772752,-0.7196706271575724,-1.529961775194336,-0.7328187380833772,-0.8703811660581899,-1.2961356444381615,ambos,15.22978918141721,4.023450868364806,22,0,12
"Congo, Rep.",COG,2009,-0.09219948298759538,3.6561198812059943,-0.7536509640772968,1.8055704556510743,1.486203474879956,-0.25384522636187773,0.7615478569524177,2.398479557027492,-1.212208893524284,-0.025349315557772752,-0.1707698790161436,-1.529961775194336,-0.7328187380833772,-0.8703811660581899,-1.2961356444381615,ambos,15.269748573668851,3.939668123064965,22,0,13
"Congo, Rep.",COG,2010,-0.025745700726097935,1.954255210163989,-0.7536509640772968,1.4717170142399814,1.3721919247451557,-0.2527648847640895,0.8504125121040862,3.275320712327061,-1.212208893524284,-0.025349315557772752,-0.1707698790161436,-1.529961775194336,-0.7328187380833772,-0.8791021175903929,-1.2961356444381615,ambos,15.311172869239357,3.9269106022731384,22,0,14
"Congo, Rep.",COG,2011,-0.039364616135070085,1.3593527007455708,-0.7536509640772968,1.4870323706470385,-0.31971315755760493,-0.2518852348857086,0.8225243857921236,3.249781960473416,-1.212208893524284,-0.025349315557772752,-0.1707698790161436,-1.529961775194336,-0.7328187380833772,-0.8791021175903929,-1.2961356444381615,ambos,15.343678760265108,3.7155332649493404,22,0,15
"Congo, Rep.",COG,2012,0.04829264896604574,1.8781423763612766,-0.4701752812707211,0.6980761783853192,-0.722019578314067,-0.25110527158008555,0.8930114040338084,3.202625779135342,-1.212208893524284,-0.025349315557772752,-0.1707698790161436,-1.529961775194336,-0.7328187380833772,-0.8791021175903929,-1.4861983026182013,ambos,15.37164283682433,3.657936981334199,22,0,16
"Congo, Rep.",COG,2013,0.0063208609062214635,2.9575023410666867,-0.4701752812707211,0.568995033587507,1.1770618270981623,-0.2504092972548739,0.8275705665164297,2.9248040207967225,-1.212208893524284,-0.025349315557772752,-0.1707698790161436,-1.529961775194336,-0.7328187380833772,-0.8791021175903929,-1.5812296317082215,ambos,15.395952109956783,3.904691278734835,22,0,17
"Congo, Rep.",COG,2014,0.06016955073707012,3.8979980880403002,-0.4701752812707211,0.8943375231755739,2.1694963718916127,-0.2497006025697676,0.8422193833001702,2.5911837180159107,-1.212208893524284,-0.025349315557772752,-0.1707698790161436,-1.529961775194336,-0.7328187380833772,-0.8791021175903929,-1.5812296317082215,ambos,15.420112998324193,4.012893125597638,22,0,18
"Congo, Rep.",COG,2015,0.03307080373459279,6.705279901747251,-0.4701752812707211,1.2757216486567335,5.368768371852114,-0.24897448600337968,0.7746052765670625,1.8112826441451308,-1.212208893524284,-0.025349315557772752,-0.445220253086858,-1.529961775194336,-0.7328187380833772,-0.8756139462887207,-1.5812296317082215,ambos,15.444276867618186,4.298521503661278,22,0,19
"Congo, Rep.",COG,2016,-0.11259256979798198,6.6835450754160455,-0.4701752812707211,1.4192618850661343,-0.5725271780215438,-0.24822895477887863,0.5808893965400067,0.9553323769909482,-1.212208893524284,-0.025349315557772752,-0.445220253086858,-1.529961775194336,-0.7328187380833772,-0.8756139462887207,-1.5812296317082215,ambos,15.468493857117297,3.679728274442156,22,0,20
"Congo, Rep.",COG,2017,-0.2064874741351986,1.6980131088313173,-0.4701752812707211,0.6159079078767027,5.8769839137344535,-0.24746242183447648,0.4634835627627045,1.5844208611245745,-1.212208893524284,-0.025349315557772752,-0.445220253086858,-1.529961775194336,-0.7328187380833772,-0.8163087548240241,-1.7712922898882606,ambos,15.49279625986241,4.337230975753385,22,0,21
Colombia,COL,1996,0.3801715381290079,-0.12731708663653074,0.4658534232044002,-1.0863427307383806,-0.09315793839067439,-0.061837443679374514,0.7984181410717747,0.12473520271708913,0.038858281816333155,1.1822886939364206,0.6525812431959995,0.6052741548677444,-0.18054338304909118,-0.5110634158024079,0.6520066019072441,ambos,17.41180163979288,3.7465651957989086,23,0,0
Colombia,COL,1997,0.40709479597891046,-0.2957181185576699,0.4658534232044002,-1.0993345997637947,0.25894244861062615,-0.057909143568643566,0.5725804790384059,0.004239514066771895,0.038858281816333155,1.1822886939364206,0.10368049505457075,0.8187978076605511,-0.04247454429051984,-0.5110634158024079,-0.6784320053530332,ambos,17.429697446005832,3.792959724158159,23,0,1
Colombia,COL,1998,0.386253876794066,-0.4494570451507381,0.4658534232044002,-1.0902714576821215,-0.1507386942688628,-0.05390559525013056,0.41738760356147697,-0.05318176373013989,0.038858281816333155,1.1822886939364206,-0.445220253086858,1.032321460453358,0.09559429446805148,-0.5110634158024079,-0.7259476698980427,ambos,17.447612390433594,3.738768998175876,23,0,2
Colombia,COL,1999,0.28711749949438353,-1.1385429109554681,0.4658534232044002,-1.0832862139429749,-0.34740134565727315,-0.04995167542767934,0.13488165422272722,-0.02570035168040315,-0.27390851201882116,1.1822886939364206,-0.5824454401222151,1.1390832868497613,-0.3186122218076628,-0.5110634158024079,-0.44085368262798447,ambos,17.464995747865814,3.7116738366017494,23,0,3
Colombia,COL,2000,0.3070866987572749,-1.0317678120322606,0.4658534232044002,-1.1844858776672889,-0.2266842109902732,-0.04616258927446336,0.26105349011162987,0.023238474182961908,-0.5866753058539755,1.1822886939364206,-0.7196706271575724,1.2458451132461648,-0.7328187380833772,-0.5110634158024079,-0.916010328078083,ambos,17.481375574938387,3.728392449391518,23,0,4
Colombia,COL,2001,0.3085728045401523,-0.8779005818937848,0.4658534232044002,-1.148622552779337,-0.20061099156903572,-0.04246743212022557,0.24039595296427246,0.016298412626819466,-0.27390851201882116,0.5784696891893238,-0.7196706271575724,0.8187978076605511,-0.45668106056623414,-0.18401465139423934,-1.011041657168102,ambos,17.497095043378415,3.73196702261481,23,0,5
Colombia,COL,2002,0.32375260595972477,-0.717305024529716,0.5291632457288968,-1.175315241477756,-0.27236294201590633,-0.03879560358099158,0.37155126994125665,0.041914393228788135,0.038858281816333155,-0.025349315557772752,-0.7196706271575724,0.39175050207493695,-0.18054338304909118,0.14303411301392915,-0.6784320053530332,ambos,17.5124742712189,3.722099041386284,23,0,6
Colombia,COL,2003,0.3622838548490269,-0.5496000760018771,0.5291632457288968,-1.0726232285889488,-0.33546003575911754,-0.0351396993572167,0.2943778774988217,0.15692508957716717,0.038858281816333155,-0.025349315557772752,-0.9941210012282867,0.39175050207493695,-0.042474544290519535,0.14303411301392915,-0.44085368262798447,ambos,17.52755536143462,3.7133401506776287,23,0,7
Colombia,COL,2004,0.42566816209175057,-0.46213994306762085,0.7025706898488692,-1.0915936678234748,-0.1879576481280411,-0.03152560168211997,0.4153885982301246,0.22570157565899776,0.038858281816333155,-0.025349315557772752,-0.9941210012282867,0.39175050207493695,-0.042474544290519535,0.14303411301392915,-0.44085368262798447,ambos,17.542243733631764,3.7336971700204087,23,0,8
Colombia,COL,2005,0.48407739349971235,-0.20480268508674443,0.847624040751144,-1.0462780813070878,0.5764970188624031,-0.028030450111554098,0.3956673227152088,0.27775859392612035,0.038858281816333155,-0.025349315557772752,-0.7196706271575724,0.8187978076605511,0.09559429446805148,0.14303411301392915,-0.44085368262798447,ambos,17.556246375412684,3.833032767431639,23,0,9
Colombia,COL,2006,0.5792133703654274,-0.008390634672015784,0.9679002882340829,-0.9817993358242817,0.07652448162574947,-0.024676696200061094,0.416490667210876,0.32505148733201433,0.038858281816333155,-0.025349315557772752,-0.1707698790161436,1.032321460453358,0.09559429446805148,0.6052628589514663,-0.36958018581046875,ambos,17.56950067419941,3.769192240729426,23,0,10
Colombia,COL,2007,0.6809630534606201,0.17328457831911157,1.0664475297363516,-1.0556883820301555,0.10037199941021208,-0.02142924559637438,0.3982013372415311,0.29707406461358654,0.038858281816333155,-0.025349315557772752,-0.1707698790161436,1.032321460453358,0.09559429446805148,0.6052628589514663,-0.44085368262798336,ambos,17.582169583867444,3.7723316514905143,23,0,11
Colombia,COL,2008,0.721675782252309,-0.08880115800756389,1.1105199617733514,-0.9955662153008524,0.10870103577325034,-0.018306230183101766,0.38850614298578356,0.42691643154482045,0.038858281816333155,-0.025349315557772752,-0.1707698790161436,1.032321460453358,0.09559429446805148,0.6296826744532834,-0.13200186308542003,ambos,17.594203499071423,3.7734258108205965,23,0,12
Colombia,COL,2009,0.7210325972838816,-1.847532069457677e-05,1.2565621234305295,-1.1121492043866792,-0.04877699563864879,-0.015247061191608078,0.34446597897167475,0.3529577460097111,0.038858281816333155,-0.025349315557772752,-0.1707698790161436,1.032321460453358,0.09559429446805148,0.6296826744532834,0.12933429191213489,ambos,17.60585263581619,3.7525329873354036,23,0,13
Colombia,COL,2010,0.7882477667859815,-0.07315154180755279,1.317469720719832,-1.138058751211598,-0.2608341716223668,-0.012229388496112187,0.3445485835723375,0.3633582931243066,0.038858281816333155,1.1822886939364206,0.10368049505457075,1.2458451132461648,0.23366313322662344,0.6314267601041192,0.12933429191213489,ambos,17.617212319197417,3.723691163555586,23,0,14
Colombia,COL,2011,0.909943076272538,-0.08855351060512064,1.3627249182998962,-0.9867669805869732,0.11157358810206625,-0.009351824717786141,0.4401059801409302,0.5248856553916663,0.038858281816333155,1.1822886939364206,0.6525812431959995,1.67289182096579,0.23366313322662344,0.6453810151448758,0.12933429191213489,ambos,17.627925691726062,3.7738028915184545,23,0,15
Colombia,COL,2012,0.9736948309275245,-0.18432428980613041,1.2190477359370746,-1.0052292976971378,0.05638414316721101,-0.006629977953010995,0.4325076126556989,0.533531359508849,0.038858281816333155,1.1822886939364206,0.6525812431959995,1.67289182096579,0.23366313322662344,0.6453810151448758,-0.060728366267904905,ambos,17.637954769771113,3.766533163801091,23,0,16
Colombia,COL,2013,1.06814396172921,-0.1584999384032566,1.2504659285532018,-1.0298885048642192,0.08879707346801526,-0.004029976962048505,0.28791255765004325,0.4784887738559125,0.038858281816333155,1.1822886939364206,0.10368049505457075,1.459368168172983,0.09559429446805148,0.6314267601041192,-0.15575969535792394,ambos,17.647441862852087,3.7708090991811973,23,0,17
Colombia,COL,2014,1.152942897840273,0.0028647313560048043,1.2237705212335146,-1.0443957867241442,0.08854300884051039,-0.0015608131062313341,0.3133510521110346,0.331107737041824,0.038858281816333155,1.1822886939364206,0.10368049505457075,1.459368168172983,0.09559429446805148,0.6314267601041192,-0.15575969535792394,ambos,17.65636897829878,3.770775653801724,23,0,18
Colombia,COL,2015,1.2038442582162205,0.08817629350922908,1.2350107943823836,-1.0190159497092153,0.039257352556615305,0.0008526603934616901,0.28125550650993714,0.1306285893409719,0.6643918694866419,1.1822886939364206,0.3781308691252851,1.2458451132461648,0.3717319719851945,1.0797017742789234,-0.15575969535792394,ambos,17.66501840188146,3.764266381583235,23,0,19
Colombia,COL,2016,1.2309899334411987,-0.06265106615934535,1.2618253887127029,-1.0817350661038123,0.2041261997237235,0.0036423808984627076,0.2176907582310107,0.05531223110233729,0.6643918694866419,1.1822886939364206,0.3781308691252851,1.2458451132461648,0.5098008107437664,1.088423249089149,-0.15575969535792394,ambos,17.67492388716488,3.7858768226136355,23,0,20
Colombia,COL,2017,1.2284209685635818,-0.11193650633936013,1.2908890860770574,-1.1084645316894002,0.11515827649314977,0.007780471485092223,0.24732562036489225,-0.01783050227039352,0.6643918694866419,1.1822886939364206,0.6525812431959995,1.2458451132461648,0.3717319719851945,1.088423249089149,-0.15575969535792394,ambos,17.689438659478032,3.7742732551567637,23,0,21
Comoros,COM,1996,-0.8752902344603825,-0.6699180950267406,-1.1427184752751878,-1.0946629640255279,-0.6307986492161827,-0.27641081069671897,-0.47390392980636403,-1.239928639761035,0.038858281816333155,-0.6291683203048694,0.6525812431959995,-1.1385018447185216,-0.3876466411869483,-0.5110634158024079,0.12933429191213489,ambos,13.120577784181174,3.6712905081307734,24,0,0
Comoros,COM,1997,-0.8639470194608557,-0.6699253534342269,-1.1427184752751878,-1.0946853771685974,-0.6525702917906636,-0.2763590820286671,-0.4752085301620091,-1.2399744825883587,0.038858281816333155,-0.6291683203048694,0.6525812431959995,-1.1385018447185216,-0.3876466411869483,-0.5110634158024079,0.12933429191213489,ambos,13.137799623170833,3.668119593092917,24,0,1
Comoros,COM,1998,-0.8714018676508245,-0.6699278548955108,-1.1427184752751878,-1.0946793847523242,-0.6350619993910855,-0.27630645840096035,-0.4800746874462517,-1.2399408405607395,0.038858281816333155,-0.6291683203048694,0.6525812431959995,-1.1385018447185216,-0.3876466411869483,-0.5110634158024079,0.12933429191213489,ambos,13.155020288169096,3.670670366771838,24,0,2
Comoros,COM,1999,-0.8675528034589077,-0.6699278841316714,-1.1427184752751878,-1.0946820877152155,-0.6407853713172109,-0.27625103653273264,-0.483591184975667,-1.2399719841211345,0.038858281816333155,-0.32725881793132106,0.5153560561606423,-1.0139463307672185,-0.3876466411869483,-0.674587798006492,0.12933429191213489,ambos,13.172841639743476,3.6698372474129908,24,0,3
Comoros,COM,2000,-0.8802496181726187,-0.6699257208806583,-1.1427184752751878,-1.0946727447648699,-0.6487087947648432,-0.2761902150745872,-0.4752257745386729,-1.2399600449005457,0.038858281816333155,-0.025349315557772752,0.3781308691252851,-0.8893908168159154,-0.3876466411869483,-0.8381121802105763,0.12933429191213489,ambos,13.192040548038538,3.668682732036762,24,0,4
Comoros,COM,2001,-0.8662807373132329,-0.6699205607078813,-1.1427184752751878,-1.0946800009665647,-0.5997436884180031,-0.27612374940421835,-0.4758042016923304,-1.2399516576405982,0.3516250756514875,0.2765601868157756,0.5153560561606423,-0.6402800878463033,-0.21506059273873393,-0.5110634158024079,0.12933429191213489,ambos,13.212608021747075,3.6757961561863617,24,0,5
Comoros,COM,2002,-0.8556707965750749,-0.6699238206161615,-1.0298814837060948,-1.0946831924828067,-0.6359121309629328,-0.27605392465194484,-0.4753174644545493,-1.2399564674810453,0.6643918694866419,0.5784696891893238,0.6525812431959995,-0.3911693588766917,-0.042474544290519535,-0.18401465139423934,0.12933429191213489,ambos,13.233768785828047,3.6705466617394706,24,0,6
Comoros,COM,2003,-0.8557207237096005,-0.6699226856925404,-0.889596302968894,-1.0946878399655782,-0.6281526945474518,-0.27598904007696623,-0.47336046336072735,-1.2399594488015564,0.6643918694866419,-0.025349315557772752,-0.1707698790161436,-0.8893908168159154,-0.042474544290519535,-0.8381121802105763,0.12933429191213489,ambos,13.25303894604265,3.6716751919329966,24,0,7
Comoros,COM,2004,-0.8504676172264003,-0.6699212612989852,-0.7582742889169451,-1.0946848172911952,-0.6346357566329025,-0.27592397054365897,-0.4693106994045732,-1.2399581955908208,1.06245892547087,0.2308163081817468,0.10368049505457075,-0.49182009806986926,0.0900157611068507,0.2421398309120422,0.12933429191213489,ambos,13.271998161620989,3.6707323847932343,24,0,8
Comoros,COM,2005,-0.834350258595045,-0.6699236547046011,-0.7582742889169451,-1.0946747560558234,-0.638614049096526,-0.27585253486400674,-0.41505914743617434,-1.239941073519457,0.6643918694866419,-0.025349315557772752,-0.1707698790161436,-0.8893908168159154,-0.042474544290519535,-0.18401465139423934,0.12933429191213489,ambos,13.292406528814716,3.6701533964064557,24,0,9
Comoros,COM,2006,-0.8519141316029979,-0.6699222023585458,-0.7582742889169451,-1.0946786721613777,-0.6337521592782495,-0.2757804846453914,-0.3563680343442996,-1.2399466126559948,1.2899254571569505,-0.025349315557772752,0.10368049505457075,-0.8893908168159154,-0.042474544290519535,0.22152581647188907,0.12933429191213489,ambos,13.31257704275383,3.670860935337109,24,0,10
Comoros,COM,2007,-0.8573092427091967,-0.8038622781556984,-0.7582742889169451,-1.170271814760091,-0.48438351940333435,-0.2757078497198016,-0.29246985425116756,-1.2228962801643153,1.2899254571569505,-0.025349315557772752,-0.1707698790161436,-0.8893908168159154,-0.042474544290519535,0.22152581647188907,0.12933429191213489,ambos,13.332507602399195,3.6923577781766133,24,0,11
Comoros,COM,2008,-0.848678524352471,-0.47876720364023173,-0.7582742889169451,-1.0812737535561145,-0.5646665975435677,-0.2756339857162857,-0.2277335670181987,-1.2458692067146848,1.2899254571569505,-0.025349315557772752,-0.1707698790161436,-1.1385018447185216,-0.042474544290519535,0.054076849094907245,0.12933429191213489,ambos,13.352376081971961,3.6808610638356796,24,0,12
Comoros,COM,2009,-0.843143323309682,-0.727138381691335,-0.7582742889169451,-1.0324961393750547,-0.3860587345461925,-0.2755585704493681,-0.16620952428609956,-1.251081869469633,-0.3364618707858521,0.40134928677844095,-0.1707698790161436,-1.1385018447185216,1.1311105851573384,0.054076849094907245,0.12933429191213489,ambos,13.372262582506938,3.7062603847101303,24,0,13
Comoros,COM,2010,-0.8350947652271076,-0.5795579943831725,-0.7582742889169451,-0.9844512517368622,-0.49261642220522855,-0.2754816695494234,-0.0997191213766059,-1.2760123022107246,-0.13629112273135327,0.3852476076702525,-0.1707698790161436,-1.1385018447185216,1.593641194998553,-0.034880414824114955,0.12933429191213489,ambos,13.392141628686023,3.691184871944994,24,0,14
Comoros,COM,2011,-0.825267004708389,-0.7170730546481591,-0.7582742889169451,-0.9713488402418563,-0.258149966192435,-0.27540279377184024,-0.032038637911707225,-1.2825381854414104,-0.11126977922454091,0.1034655664733424,-0.1707698790161436,-1.1385018447185216,1.586737753060624,0.02268016771172304,0.12933429191213489,ambos,13.41212877821976,3.724061488574555,24,0,15
Comoros,COM,2012,-0.8199014882955252,-0.7208455146212177,-0.7582742889169451,-0.9478232963777317,-0.47482709925584077,-0.2753218058894715,0.034384041418774845,-1.3222468811284183,0.21400768636401946,0.5382152498912516,0.10368049505457075,-0.8893908168159154,1.7800341273226243,0.02268016771172304,0.12933429191213489,ambos,13.432243734683661,3.6937175172427605,24,0,16
Comoros,COM,2013,-0.8087910014427576,-0.7789506415228402,-0.163582563626491,-0.9933667709432082,-0.5872016045285594,-0.2752349232061761,0.10446945274426,-1.2866439875227116,1.2899254571569505,-0.025349315557772752,0.10368049505457075,-0.8893908168159154,-0.042474544290519535,0.02268016771172304,0.12933429191213489,ambos,13.453382199726912,3.677610100735243,24,0,17
Comoros,COM,2014,-0.8092422948033653,-0.8975288553551137,-0.07284082371833338,-0.9935849105743697,-0.5822330477433767,-0.27514357169100395,0.17212570255891654,-1.289765712183774,1.2899254571569505,0.37719652658855707,0.5915922223891077,-0.05902132167321687,0.9546895366437654,0.02268016771172304,0.12933429191213489,ambos,13.47513631842175,3.678327787399973,24,0,18
Comoros,COM,2015,-0.8140469014618367,-1.108443664707067,-0.07284082371833338,-1.0351689827553312,-0.5641178398897169,-0.2750530077403281,0.07100586490184675,-1.3903662345099799,1.2899254571569505,0.37719652658855707,0.5915922223891077,-0.05902132167321687,0.9546895366437654,0.12210299209180635,0.12933429191213489,ambos,13.496245622908777,3.680940097483119,24,0,19
Comoros,COM,2016,-0.808019582189416,-1.2320904364650336,-0.07284082371833338,-1.054700777772303,-0.5918637345340354,-0.2749631597573761,-0.02375324324357533,-1.4367037358745067,1.2899254571569505,0.37719652658855707,0.5915922223891077,-0.05902132167321687,0.9546895366437654,0.12210299209180635,0.12933429191213489,ambos,13.516756752789885,3.67693620737443,24,0,20
Comoros,COM,2017,-0.7992002605180033,-1.1294087074498023,-0.23765604273469412,-0.9665998018207711,-0.5898833531607437,-0.2748740933725228,-0.11958545064912952,-1.4967007873506621,1.2899254571569505,0.37719652658855707,0.5915922223891077,-0.05902132167321687,0.9546895366437654,0.12210299209180635,0.12933429191213489,ambos,13.536682506066116,3.6772225195385797,24,0,21
Cabo Verde,CPV,2002,-0.6039057035850063,-0.09262817618332268,0.10406870160777351,0.804015085297,-0.2373510871045072,-0.2766020993733524,0.30833176799908085,-0.6671314344497187,1.2899254571569505,1.1822886939364206,1.750382739478857,0.6052741548677444,1.3382138432951955,0.47008287742209764,0.12933429191213489,ambos,13.054185173985214,3.7269263562955617,25,0,0
Cabo Verde,CPV,2003,-0.5843485619163492,-0.09262817618332268,0.13760632620469762,0.7365527428081668,0.1902137334990956,-0.2765642903111327,0.3256890868469253,-0.7112626336796515,1.2899254571569505,1.1822886939364206,1.750382739478857,0.6052741548677444,1.3382138432951955,0.47008287742209764,0.12933429191213489,ambos,13.067662177434242,3.784071158398849,25,0,1
Cabo Verde,CPV,2004,-0.5206074532291818,-0.09262817618332268,0.12359826580884327,0.8178912715219668,0.6260017477784525,-0.2765285694881077,0.3926434892299017,-0.7370221095715251,1.1635551617757947,1.1578919908686187,1.7004828311462172,0.6153392287870618,1.5683287586512662,0.9292724246017426,0.12933429191213489,ambos,13.08023010687067,3.839137710331103,25,0,2
Cabo Verde,CPV,2005,-0.4762066048776928,-0.09262817618332268,0.2437856748255204,0.8985869677949778,0.7954653917344403,-0.2764942925333259,0.4355470829908935,-0.6539498778462297,1.2899254571569505,1.1822886939364206,1.750382739478857,0.6052741548677444,1.3382138432951955,0.7971316418302662,0.12933429191213489,ambos,13.09214331657951,3.859758299269557,25,0,3
Cabo Verde,CPV,2006,-0.42014137578248617,-0.09262817618332268,0.6531378771876971,1.2901357145257355,1.4245330640156684,-0.27646080314304045,0.4842595172759684,-0.6638884603573542,1.915459044827259,2.3899267034306138,1.4759323654081427,0.6052741548677444,2.0285580370880534,2.5291818981359264,0.12933429191213489,ambos,13.103647319577679,3.9327876200994045,25,0,4
Cabo Verde,CPV,2007,-0.29684612543251504,-0.09262817618332268,0.6129095021395544,0.6039666719808036,1.3804948159698476,-0.2764282146788075,0.5692849472829918,-1.0889340159320982,1.915459044827259,2.3899267034306138,1.4759323654081427,0.6052741548677444,1.9595236177087672,2.5291818981359264,0.12933429191213489,ambos,13.114716212227703,3.9278451834518995,25,0,5
Cabo Verde,CPV,2008,-0.2368821361391393,-0.09262817618332268,0.6721374454456365,0.5098109072188834,1.2296195558940037,-0.2763973982346912,0.6139695920786808,-0.9659591453638049,1.915459044827259,1.1822886939364206,1.2014819913374282,0.39175050207493695,1.7524203595709098,2.5954639554819896,0.12933429191213489,ambos,13.125071706567704,3.9107247347636,25,0,6
Cabo Verde,CPV,2009,-0.26293835502300283,-0.09262817618332268,0.640199189137268,0.20450159823780775,0.5367122170317927,-0.27636884305530296,0.5809079877325297,-0.9251381209081342,1.915459044827259,1.1822886939364206,0.6525812431959995,0.39175050207493695,1.3382138432951955,2.159398587419083,0.12933429191213489,ambos,13.13457254131076,3.828099333621812,25,0,7
Cabo Verde,CPV,2010,-0.2513633649544083,-0.09262817618332268,0.7241476268708931,0.35235455517902087,0.4607039510548517,-0.27634710746848484,0.5734154299698411,-1.0111390243518288,1.915459044827259,1.1822886939364206,0.6525812431959995,0.39175050207493695,1.200145004536624,1.7460089492071575,0.12933429191213489,ambos,13.141744347188022,3.8186058741419826,25,0,8
Cabo Verde,CPV,2011,-0.2135007721990472,-0.09262817618332268,0.8381628569330626,0.49789726815000435,0.22052766090070053,-0.2763371853491111,0.5898106100105042,-1.0422163474864652,1.915459044827259,1.1822886939364206,0.9270316172667138,0.6052741548677444,1.200145004536624,1.742520777905486,0.12933429191213489,ambos,13.145001197426827,3.7880013481515107,25,0,9
Cabo Verde,CPV,2012,-0.20274816596170406,-0.09262817618332268,0.9561743962625192,0.5006135938071402,0.5172689852518271,-0.27633415441907994,0.5736064851373248,-1.0893302343641649,1.915459044827259,1.1822886939364206,0.9270316172667138,0.6052741548677444,1.200145004536624,1.742520777905486,0.12933429191213489,ambos,13.145993962828806,3.8256794323328527,25,0,10
Cabo Verde,CPV,2013,-0.19635368856857846,-0.09262817618332268,1.1293625452881184,0.3704140030264774,0.11656993035785773,-0.27633254349170117,0.5620310605499445,-1.0415219634685702,1.915459044827259,1.1822886939364206,0.9270316172667138,0.39175050207493695,1.200145004536624,1.742520777905486,0.12933429191213489,ambos,13.146521212880565,3.774458424126139,25,0,11
Cabo Verde,CPV,2014,-0.18883684937150783,-0.09262817618332268,1.0879516382028978,0.5196183051572423,0.8939488801527823,-0.27633194088553353,0.5518356207934105,-0.9681187563553564,1.915459044827259,1.1822886939364206,0.9270316172667138,0.39175050207493695,1.200145004536624,1.723333742634199,0.12933429191213489,ambos,13.14671837203256,3.8715494180205012,25,0,12
Cabo Verde,CPV,2015,-0.17852058172663018,-0.09262817618332268,1.196212729488228,0.5982205096077415,0.3071158474513993,-0.27633153517049,0.540414361519459,-1.03837538517421,1.915459044827259,1.1822886939364206,0.9270316172667138,0.1782268492821305,1.200145004536624,1.723333742634199,0.12933429191213489,ambos,13.146851090955545,3.7991431428099744,25,0,13
Cabo Verde,CPV,2016,-0.13058211837711248,-0.09262817618332268,1.255938876305293,0.6380254180712743,0.5412672385044882,-0.2763305805468581,0.5440694121219096,-1.201428891825044,1.915459044827259,1.1822886939364206,0.9270316172667138,0.1782268492821305,1.200145004536624,1.7460089492071575,0.12933429191213489,ambos,13.147163301309806,3.828665405174625,25,0,14
Cabo Verde,CPV,2017,-0.0778538263311195,-0.09262817618332268,1.2996928667085519,0.7738612292006308,0.3253921718839632,-0.2763285579380381,0.5596727209672513,-1.2138141250155192,1.915459044827259,1.1822886939364206,0.9270316172667138,0.1782268492821305,1.200145004536624,1.7355433887460963,0.12933429191213489,ambos,13.147824475122155,3.8014790783840824,25,0,15
Cabo Verde,CPV,2018,-0.03358683351048031,-0.09262817618332268,1.1345913235880436,0.942868341845523,0.1681360635659871,-0.2763254434784391,0.5562910944057451,-1.0373046442470273,1.915459044827259,1.1822886939364206,0.9270316172667138,0.1782268492821305,1.3382138432951955,1.7355433887460963,0.12933429191213489,ambos,13.14884171171736,3.7811990436914886,25,0,16
Cuba,CUB,1996,-0.3050838651018778,-1.3299304659512732,0.692339091956679,-1.1856992718182433,-0.22972392934182378,-0.21398497031077487,0.3955516738428032,-0.02865576752561721,0.038858281816333155,-0.025349315557772752,0.10368049505457075,-1.3164381224015291,-1.0089564156005206,-0.5110634158024079,0.984616253722313,ambos,16.209946308054217,3.7279748787134044,26,0,0
Cuba,CUB,1998,-0.3050838651018778,-1.2738673621254442,0.6757762359161814,-1.1892070786281057,-0.22972392934182378,-0.2135512012652491,0.3656370944492201,-0.0927764307198186,0.038858281816333155,-0.025349315557772752,-0.1707698790161436,-1.1029144696087223,-0.7328187380833772,-0.5110634158024079,1.2697102409923724,ambos,16.21655658917889,3.7279748787134044,26,0,1
Cuba,CUB,2000,-0.3050838651018778,-1.3046213377060156,0.6639692726750764,-1.2307264225620473,-0.22972392934182378,-0.21310731917562317,0.35301901189224033,-0.12489444694832123,0.038858281816333155,1.1822886939364206,-0.1707698790161436,-1.1029144696087223,-0.7328187380833772,-0.5110634158024079,0.6995222664522537,ambos,16.223276050396194,3.7279748787134044,26,0,2
Cuba,CUB,2002,-0.3050838651018778,-1.6347287074444168,0.9068594332453891,-1.415173744348651,-0.22972392934182378,-0.2126997605151899,0.33054920193205534,-0.27830184720516016,0.038858281816333155,1.1822886939364206,-0.1707698790161436,-1.1029144696087223,-0.7328187380833772,-0.5110634158024079,0.984616253722313,ambos,16.229406140363054,3.7279748787134044,26,0,3
Cuba,CUB,2003,-0.3050838651018778,-1.749673711533305,1.022124308364469,-1.3611816948159512,-0.22972392934182378,-0.2125090446127356,0.3305499731657566,-0.37830791094186,0.038858281816333155,1.1822886939364206,-0.445220253086858,-1.1029144696087223,-0.7328187380833772,-0.5110634158024079,0.984616253722313,ambos,16.232261842601822,3.7279748787134044,26,0,4
Cuba,CUB,2004,-0.3050838651018778,-1.7167644682135244,0.9981346117237294,-1.2238844200628713,-0.22972392934182378,-0.21233379361311758,0.22022901799926897,-0.4173179885350691,0.038858281816333155,1.1822886939364206,0.10368049505457075,-1.529961775194336,-0.7328187380833772,-0.5110634158024079,0.984616253722313,ambos,16.234878809125995,3.7279748787134044,26,0,5
Cuba,CUB,2005,-0.3050838651018778,-1.6577755988657823,1.0433773939901714,-0.989936170729911,-0.22972392934182378,-0.2121918052806725,0.18297960142291586,-0.4602179969210923,0.038858281816333155,-1.232987325051966,0.10368049505457075,-1.1029144696087223,-0.8708875768419492,-1.1651609446187448,0.984616253722313,ambos,16.236994064349627,3.7279748787134044,26,0,6
Cuba,CUB,2006,-0.3050838651018778,-1.483344026046468,1.0715532584836311,-1.0530984545151139,-0.22972392934182378,-0.21209636678307642,0.05095773831184652,-0.40350545535413973,2.5409926324975673,1.1822886939364206,0.6525812431959995,-0.8893908168159154,0.3717319719851945,-0.3331488879643643,0.984616253722313,ambos,16.238413338336013,3.7279748787134044,26,0,7
Cuba,CUB,2007,-0.3050838651018778,-1.5697111523238274,1.071261084770059,-1.0304418209655213,-0.22972392934182378,-0.21204432786234417,0.03707635843965318,-0.3765455562982578,2.5409926324975673,1.1822886939364206,0.6525812431959995,-0.8893908168159154,0.44076639136448026,-0.11511620393291096,0.984616253722313,ambos,16.23918636576318,3.7279748787134044,26,0,8
Cuba,CUB,2008,-0.3050838651018778,-1.4317912399399462,1.0720976010113707,-0.8284719318446241,-0.22972392934182378,-0.21201753873667484,0.0441220595393177,-0.38829979134967113,2.5409926324975673,1.1822886939364206,0.6525812431959995,-0.8893908168159154,0.5098008107437664,0.10291595682051934,0.46194394372720377,ambos,16.23958407982495,3.7279748787134044,26,0,9
Cuba,CUB,2009,-0.3050838651018778,-1.6923635556616972,1.0334412805618458,-1.1773105615244293,-0.22972392934182378,-0.21199989609867836,-0.02504359681730212,-0.3700449258103274,2.5409926324975673,1.1822886939364206,0.6525812431959995,-0.8893908168159154,0.5098008107437664,0.10291595682051934,0.41442827918219427,ambos,16.239845917847003,3.7279748787134044,26,0,10
Cuba,CUB,2010,-0.3050838651018778,-1.6959478513099093,1.044574129607957,-0.9628919973515694,-0.22972392934182378,-0.2119838464888676,-0.09089744507764698,-0.3458756964248035,2.5409926324975673,1.1822886939364206,0.6525812431959995,-0.8893908168159154,0.5098008107437664,0.10291595682051934,0.6282487696347391,ambos,16.240084053871602,3.7279748787134044,26,0,11
Cuba,CUB,2011,-0.3050838651018778,-1.8092145807176778,1.0378326773655153,-0.7690921264669851,-0.22972392934182378,-0.2119590143416436,-0.08293860938866553,-0.39902460366830256,2.5409926324975673,1.1822886939364206,0.6525812431959995,-0.8893908168159154,0.5098008107437664,0.10291595682051934,0.6995222664522537,ambos,16.240452389051217,3.7279748787134044,26,0,12
Cuba,CUB,2012,-0.3050838651018778,-1.8031023803603559,0.9910148301788035,-0.8008925513798982,-0.22972392934182378,-0.2119494442397341,0.19303492175412656,-0.3062562052683454,2.5409926324975673,1.1822886939364206,0.6525812431959995,-0.8893908168159154,0.5098008107437664,0.10291595682051934,0.5094596082722133,ambos,16.240594306138963,3.7279748787134044,26,0,13
Cuba,CUB,2013,-0.3050838651018778,-1.744694485739535,1.00562969462959,-0.8457151337035776,-0.22972392934182378,-0.2119793239594116,-0.07429874501234114,-0.32440054983755506,1.915459044827259,1.1822886939364206,0.6525812431959995,-1.1029144696087223,0.5098008107437664,0.10291595682051934,0.41442827918219427,ambos,16.240151146645264,3.7279748787134044,26,0,14
Cuba,CUB,2014,-0.3050838651018778,-1.8585663298453947,1.1739935894428926,-0.9924710079293677,-0.22972392934182378,-0.21205325955969984,-0.1172104619114946,-0.4079110399332226,1.915459044827259,1.1822886939364206,0.6525812431959995,-1.1029144696087223,0.5098008107437664,0.10291595682051934,0.41442827918219427,ambos,16.23905372971546,3.7279748787134044,26,0,15
Cuba,CUB,2015,-0.3050838651018778,-1.6963335429762383,1.1778307949427522,-1.2150961415247383,-0.22972392934182378,-0.21211715967905806,-0.11291707586293923,-0.39103431157070345,1.915459044827259,1.1822886939364206,0.6525812431959995,-1.1029144696087223,0.3717319719851945,0.10291595682051934,0.41442827918219427,ambos,16.238104296994422,3.7279748787134044,26,0,16
Cuba,CUB,2016,-0.3050838651018778,-1.6759517025603348,1.2395833653064272,-1.3413619731761675,-0.22972392934182378,-0.21217356003650842,-0.10372126121837444,-0.34176025154206524,0.6643918694866419,1.1822886939364206,0.6525812431959995,-0.8893908168159154,0.3717319719851945,0.09245039635945763,0.41442827918219427,ambos,16.237265546701742,3.7279748787134044,26,0,17
Cuba,CUB,2017,-0.3050838651018778,-1.5471117652577566,1.279039026361597,-1.3717805401240228,-0.22972392934182378,-0.21227966048679292,-0.0861469175595548,-0.22348215317943984,0.6643918694866419,1.1822886939364206,0.6525812431959995,-0.8893908168159154,0.3717319719851945,0.06628649520680413,0.6044909373622335,ambos,16.23568577912036,3.7279748787134044,26,0,18
Cuba,CUB,2018,-0.3050838651018778,-1.3566553196151325,1.3039531520991265,-1.3467548649950016,-0.22972392934182378,-0.21240323054954063,-0.0783149296449497,-0.17987264573666112,0.6643918694866419,1.1822886939364206,0.6525812431959995,-0.8893908168159154,0.3717319719851945,0.01221460725066164,0.6995222664522537,ambos,16.2338427488325,3.7279748787134044,26,0,19
Djibouti,DJI,2013,-0.6399031057285699,0.2881799749120311,0.16913018693441792,7.9716043667115395,1.794243634517139,-0.2735128299054663,-1.7225575201880188,-1.3085340385029829,-0.5866753058539755,-0.025349315557772752,-0.1707698790161436,-0.8893908168159154,-0.7328187380833772,-0.8668924714784952,0.12933429191213489,ambos,13.800219239395316,3.97334441174381,27,0,0
Djibouti,DJI,2014,-0.6046806465989368,0.6534050891822233,0.16913018693441792,6.543036988525396,0.5520073993714313,-0.27340607315143495,-1.7020109986740324,-1.2895957149851809,-0.5866753058539755,-0.025349315557772752,-0.1707698790161436,-0.8893908168159154,-0.7328187380833772,-0.8616596912479645,0.12933429191213489,ambos,13.818224870881757,3.8299988626929133,27,0,1
Djibouti,DJI,2015,-0.5663469782025855,0.9313694736464464,0.16913018693441792,5.665331946127009,0.3845361158636591,-0.27330108841752015,-1.677896163623774,-1.307817135568522,-0.5866753058539755,-0.025349315557772752,-0.1707698790161436,-0.8893908168159154,-0.7328187380833772,-0.8773580319395566,0.12933429191213489,ambos,13.835620981023732,3.8090012061743703,27,0,2
Djibouti,DJI,2016,-0.5268470913717169,0.6148801704892367,0.16913018693441792,4.058449282511667,0.42116697486155175,-0.27319763108141637,-1.6546692205871918,-1.3125390071921517,-0.5866753058539755,-0.025349315557772752,-0.1707698790161436,-0.8893908168159154,-0.7328187380833772,-0.8895676780514543,0.12933429191213489,ambos,13.852472953806734,3.8136318270832352,27,0,3
Djibouti,DJI,2017,-0.49767262723249617,0.41975580764479464,0.16913018693441792,6.758195798948843,0.39108431234310465,-0.2730950806377629,-1.634975435807879,-1.2232406908668523,-0.5866753058539755,-0.025349315557772752,-0.445220253086858,-0.8893908168159154,-0.7328187380833772,-0.9017778474413741,0.12933429191213489,ambos,13.868901550643526,3.809830559590184,27,0,4
Djibouti,DJI,2018,-0.4725146110689541,0.708260424336463,0.16913018693441792,6.59634737253044,0.3674350375330884,-0.2729934072545711,-1.6138506472485001,-1.0906012222126884,-0.5866753058539755,-0.025349315557772752,-0.445220253086858,-0.8893908168159154,-0.7328187380833772,-0.8825908121700873,0.12933429191213489,ambos,13.88492747286544,3.8068320417199213,27,0,5
Djibouti,DJI,2019,-0.4398557337550449,0.8659109533606583,0.16913018693441792,7.1932913007638435,0.3377816817244866,-0.27289301068048705,-1.595973970445162,-1.0388392085033569,-0.5866753058539755,-0.025349315557772752,-0.445220253086858,-0.6758671640231085,-0.594749899324806,-0.9000332385125157,0.12933429191213489,ambos,13.90050406709392,3.8030595101562095,27,0,6
Djibouti,DJI,2020,-0.44251663376237843,0.8989785839704746,0.16913018693441792,4.426748841466026,0.22702985859604685,-0.27279469041280224,-1.601687595667629,-1.0442479999218617,-0.5866753058539755,-0.025349315557772752,-0.1707698790161436,-0.6758671640231085,-0.7328187380833772,-0.9104987989735771,0.12933429191213489,ambos,13.915526919032175,3.78884234757626,27,0,7
Dominica,DMA,2000,0.7908733900462089,-0.09262817618332268,1.5683531360867629,-0.16115048806531496,0.2663261847700478,-0.27897991768039515,-0.02565520912438202,-0.9342830979939449,2.5409926324975673,2.3899267034306138,1.4759323654081427,2.34905015445401,2.0285580370880534,2.1053266994629403,0.12933429191213489,ambos,11.13476419138941,3.7939099669369503,28,0,0
Dominica,DMA,2002,0.7290855767613337,-0.09262817618332268,1.7612048925877033,-0.16115048806531496,0.28174546368235287,-0.27898077684166384,-0.02565520912438202,-0.42632160919521733,2.5409926324975673,2.3899267034306138,1.4759323654081427,2.34905015445401,2.0285580370880534,2.1053266994629403,0.12933429191213489,ambos,11.132660157883807,3.795891429201963,28,0,1
Dominica,DMA,2003,0.8421225296128879,-0.09262817618332268,1.9627266764248008,-0.16115048806531496,0.8154810918741244,-0.27897979835244113,-0.02565520912438202,-0.7856669625076084,2.5409926324975673,2.3899267034306138,1.4759323654081427,2.34905015445401,2.0285580370880534,2.1053266994629403,0.12933429191213489,ambos,11.135056068452863,3.8621659992560553,28,0,2
Dominica,DMA,2004,0.9263434955207495,-0.09262817618332268,1.855000655624303,-0.16115048806531496,0.4833415192740881,-0.27897909431751267,-0.02565520912438202,-0.8533771703397106,2.3261628801361676,2.0849676735554907,1.2791044612953992,1.96406032970762,1.8193627599053261,1.9335434202210091,0.12933429191213489,ambos,11.136776411196116,3.821442750397336,28,0,3
Dominica,DMA,2005,0.9439976214951857,-0.09262817618332268,1.8379356691223083,-0.16115048806531496,0.19173804418665802,-0.2789785871737082,-0.02565520912438202,-0.916083206914937,2.5409926324975673,2.3899267034306138,1.4759323654081427,2.34905015445401,2.0285580370880534,2.1053266994629403,0.12933429191213489,ambos,11.138013809905521,3.7842691539909747,28,0,4
Dominica,DMA,2006,1.0405986218228778,-0.09262817618332268,1.800405831460821,-0.16115048806531496,0.4457168854537082,-0.27897815759307387,-0.02565520912438202,-0.88341841053862,2.5409926324975673,2.3899267034306138,1.4759323654081427,2.847271612393234,2.0285580370880534,1.7782779350547717,0.12933429191213489,ambos,11.139060762931893,3.816723299841844,28,0,5
Dominica,DMA,2007,1.1649070699657296,-0.09262817618332268,1.7826682108571432,-0.16115048806531496,0.9356751298939092,-0.2789779129707682,-0.02565520912438202,-0.909581360107271,2.5409926324975673,2.3899267034306138,1.4759323654081427,2.847271612393234,2.0285580370880534,1.7782779350547717,0.12933429191213489,ambos,11.13965645507838,3.87650354155026,28,0,6
Dominica,DMA,2008,1.340668122764169,-0.09262817618332268,1.7118416056827437,-0.16115048806531496,1.3956376057079038,-0.27897787120598433,-0.02565520912438202,-1.0397529534130165,2.5409926324975673,2.3899267034306138,1.4759323654081427,2.847271612393234,2.0285580370880534,1.7782779350547717,0.12933429191213489,ambos,11.139758123161226,3.9295474241090824,28,0,7
Dominica,DMA,2009,1.3102174002601943,-0.09262817618332268,1.7455795306725057,-0.16115048806531496,1.272946017588819,-0.2789778115420073,-0.02565520912438202,-1.1598096224614536,2.5409926324975673,2.3899267034306138,1.4759323654081427,2.847271612393234,2.0285580370880534,1.7782779350547717,0.12933429191213489,ambos,11.139903345351431,3.915671242956912,28,0,8
Dominica,DMA,2010,1.3076432027774423,-0.09262817618332268,1.6321347405283475,-0.16115048806531496,1.2692045239789933,-0.27897784137399584,-0.02565520912438202,-1.1281450684233305,2.5409926324975673,2.3899267034306138,1.4759323654081427,2.847271612393234,2.0285580370880534,1.7782779350547717,0.12933429191213489,ambos,11.139830736892515,3.9152450469431415,28,0,9
Dominica,DMA,2011,1.3014119252735887,-0.09262817618332268,1.6510112592336552,-0.16115048806531496,1.006113533545016,-0.2789766838928422,-0.02565520912438202,-1.024252861559376,2.5409926324975673,2.3899267034306138,1.4759323654081427,2.847271612393234,2.0285580370880534,1.7782779350547717,0.12933429191213489,ambos,11.142644086196546,3.8848113483221662,28,0,10
Dominica,DMA,2012,1.2948574246067828,-0.09262817618332268,1.4197738115461418,-0.16115048806531496,1.2402527856861192,-0.2789762960769917,-0.02565520912438202,-1.004419403778635,2.5409926324975673,2.3899267034306138,1.4759323654081427,2.847271612393234,2.0285580370880534,1.7782779350547717,0.12933429191213489,ambos,11.143584935780687,3.9119409799688123,28,0,11
Dominica,DMA,2014,1.3082502077105949,-0.09262817618332268,1.0799862912778262,-0.16115048806531496,-0.27601242999115944,-0.27896880824787923,-0.02565520912438202,-1.1283023837426718,2.1239704075263184,1.58483453608275,1.5674156770581809,2.2660131451531416,1.2615088715098388,1.7782779350547717,0.12933429191213489,ambos,11.16157915574956,3.7215945187472963,28,0,12
Dominica,DMA,2015,1.218700821232196,-0.09262817618332268,1.1724994144708016,-0.16115048806531496,-0.4386980369312148,-0.2789685874911644,-0.02565520912438202,-1.2621022562604745,2.1239704075263184,1.58483453608275,1.5674156770581809,2.2660131451531416,2.4887873155248394,1.7782779350547717,0.12933429191213489,ambos,11.162104779940375,3.6988415118473754,28,0,13
Dominica,DMA,2019,1.3229644330775496,-0.09262817618332268,1.5225519883043388,-0.16115048806531496,1.0585600755121483,-0.2789836824773433,-0.02565520912438202,-0.8851185011630353,2.1239704075263184,0.7797428517900907,1.3234600329512118,2.2660131451531416,2.7956072026662677,1.7782779350547717,0.12933429191213489,ambos,11.125511451119438,3.890952597715376,28,0,14
Dominican Republic,DOM,1996,0.04190372073383489,-0.4187209459703553,-0.36973042805745227,-0.022718967495665106,-0.5248098513636237,-0.23146124127380638,1.3085280630203548,0.5451068751189586,0.038858281816333155,-0.025349315557772752,0.10368049505457075,-0.24881985843749468,-0.042474544290519535,-0.5110634158024079,1.4597728991724117,ambos,15.899055543988734,3.686585159366096,29,0,0
Dominican Republic,DOM,1997,0.1365762285325758,-0.3036529005309796,-0.36973042805745227,0.02351136824665245,-0.29628696059164816,-0.23061888138104533,1.2429806042883944,0.42531254757995,-0.5866753058539755,-0.6291683203048694,-0.1707698790161436,-0.14205833097408582,-0.3186122218076628,-0.8381121802105763,1.4835307314449162,ambos,15.916478607850456,3.7187870263638274,29,0,1
Dominican Republic,DOM,1998,0.20811786006585228,0.31923876937255236,-0.36973042805745227,0.07227937955319966,-0.11348772209932341,-0.22980575683701027,1.3010874488790105,0.49260554397231243,-1.212208893524284,-1.232987325051966,-0.445220253086858,-0.03529680351067694,-0.594749899324806,-1.1651609446187448,0.984616253722313,ambos,15.933013848188056,3.7438195628174102,29,0,2
Dominican Republic,DOM,1999,0.2725446624689457,0.06095759805759927,-0.3051804536514552,0.08365573239134196,0.4095140582504674,-0.22899524557516746,1.1733629567779849,0.5128655160015652,-1.212208893524284,-1.232987325051966,0.24090568208992794,0.07146502288572677,-0.594749899324806,-1.1651609446187448,0.984616253722313,ambos,15.949228259611491,3.812161069971075,29,0,3
Dominican Republic,DOM,2000,0.31944932016394945,0.2904192704350834,-0.14761701891408222,0.1707732665463959,0.05843317359557099,-0.2281719900878392,1.136337653780758,0.38837784693350313,-1.212208893524284,-1.232987325051966,0.9270316172667138,0.1782268492821305,-0.594749899324806,-1.1651609446187448,0.984616253722313,ambos,15.965432813744103,3.7668040153155093,29,0,4
Dominican Republic,DOM,2001,0.33360216752498884,0.11282447495326975,-0.14761701891408222,-0.08467700503016053,0.08998376248603598,-0.22736000512576468,1.0002317279253727,0.22627719054233322,-0.5866753058539755,-1.232987325051966,0.6525812431959995,0.1782268492821305,-0.4566810605662344,-0.8381121802105763,0.4144282791821931,ambos,15.98116236416215,3.770965301567826,29,0,5
Dominican Republic,DOM,2002,0.38165493900942904,0.2550346924523256,0.15528490509475795,-0.13661915398457888,-0.05647774337830576,-0.22657272701656248,0.7106767276598652,0.3396623019422528,0.038858281816333155,-1.232987325051966,0.3781308691252851,0.1782268492821305,-0.3186122218076625,-0.5110634158024079,-1.2961356444381615,ambos,15.996180640439352,3.751500037916504,29,0,6
Dominican Republic,DOM,2003,0.33505480860084336,-0.31411847313213753,0.15528490509475795,0.3204169201748002,-0.14951233810731096,-0.22580673104795324,0.8013399205809499,0.40610323309358887,-1.212208893524284,-1.232987325051966,-0.445220253086858,-0.03529680351067694,-0.8708875768419492,-1.1651609446187448,-1.2961356444381615,ambos,16.01057959156221,3.7389356768063826,29,0,7
Dominican Republic,DOM,2004,0.3545191332198369,-0.2674041125948828,0.19408827803656983,0.23038038193125732,0.07895758011690437,-0.22506527487308073,0.9276231833409136,0.40030082742017126,0.038858281816333155,-1.232987325051966,-0.1707698790161436,-0.03529680351067694,-0.45668106056623414,-0.5110634158024079,-1.2961356444381615,ambos,16.02432251929006,3.769512998281132,29,0,8
Dominican Republic,DOM,2005,0.487548229874321,-0.0041477348908487924,0.25316751347521715,-0.3420797745600542,-0.10656900569625467,-0.22434845992070584,0.8448139293597081,0.27116698193151445,-0.5866753058539755,-1.232987325051966,-0.1707698790161436,-0.03529680351067694,-0.45668106056623414,-0.5110634158024079,-1.2961356444381615,ambos,16.03743154192161,3.744754814491299,29,0,9
Dominican Republic,DOM,2006,0.6277678192219233,0.39166131980101854,0.25316751347521715,-0.28067389148323746,0.05260059939063037,-0.22365546879434378,0.8087550109782385,0.3414820805693706,-0.5866753058539755,-1.232987325051966,0.9270316172667138,0.1782268492821305,-0.18054338304909118,0.12210299209180635,-1.1773464830756368,ambos,16.049943568766107,3.7660328424017924,29,0,10
Dominican Republic,DOM,2007,0.7461341395989475,0.5318489370851865,0.5930383788663418,-0.35441078684549243,0.24307617742884555,-0.22297246541773014,0.8333006309530212,0.29438961947300085,-0.5866753058539755,-1.232987325051966,0.9270316172667138,0.1782268492821305,-0.18054338304909118,0.12210299209180635,-1.011041657168102,ambos,16.062123956218045,3.790914769794667,29,0,11
Dominican Republic,DOM,2008,0.7872143925285626,0.6503982692625264,0.5509314289213955,-0.348620271483843,0.339156149198092,-0.22227158074721207,0.6971570711476315,0.19638863468838363,-0.5866753058539755,-1.232987325051966,0.9270316172667138,0.1782268492821305,-0.18054338304909118,0.13431263820370354,-1.011041657168102,ambos,16.074470878155346,3.8032346862803097,29,0,12
Dominican Republic,DOM,2009,0.7815825672995471,0.04189120358809378,0.6216228451254278,-0.6618384096669118,-0.03841594761245031,-0.2215428747642227,0.24634894418054834,0.027454735116948598,-0.5866753058539755,-1.232987325051966,0.3781308691252851,0.1782268492821305,-0.18054338304909118,0.13431263820370354,-1.011041657168102,ambos,16.087148283105613,3.7539210980398567,29,0,13
Dominican Republic,DOM,2010,0.9282474070937987,0.2753616130981204,0.5225321933586646,-0.5047156788160866,-0.06156156813698998,-0.22079761202761813,0.29921102432770447,0.020496440195964315,-0.5866753058539755,-1.232987325051966,0.6525812431959995,0.39175050207493695,-0.18054338304909118,0.13431263820370354,-1.011041657168102,ambos,16.099949602776967,3.750817527555452,29,0,14
Dominican Republic,DOM,2011,0.970501610966671,0.20968160797546756,0.5028379752972162,-0.41718483569430975,0.00999771757713228,-0.2200491513018468,0.25664773920812284,0.043105766905406066,-0.5866753058539755,-1.232987325051966,0.6525812431959995,0.39175050207493695,-0.18054338304909118,0.13431263820370354,-1.011041657168102,ambos,16.11264301230637,3.7603818534345685,29,0,15
Dominican Republic,DOM,2012,1.004711564477434,0.12080922793472994,0.5230485482632611,-0.4335468864359258,0.33338371666969296,-0.2193046045329661,0.3230029085707032,0.028028957898671072,0.038858281816333155,-0.025349315557772752,0.6525812431959995,0.39175050207493695,-0.042474544290519535,0.18489635485817477,-1.2011043153481413,ambos,16.125112177462572,3.8024987824510976,29,0,16
Dominican Republic,DOM,2013,1.0894170730418444,-0.09988787070315884,0.5659149356811627,-0.4827340400221785,-0.20602593372260478,-0.2185682197961379,0.09721541654691569,0.08489836777073304,0.038858281816333155,-0.025349315557772752,0.6525812431959995,0.39175050207493695,0.7859384882609096,0.6645680504161628,-1.2961356444381609,ambos,16.137293585660856,3.731225698122295,29,0,17
Dominican Republic,DOM,2014,1.229548508287564,-0.05431048602919023,0.6000175903855942,-0.5162618033566813,-0.030734127899231047,-0.2178421390281362,0.18261348448640208,0.1136085474247038,0.038858281816333155,-0.025349315557772752,0.9270316172667138,0.39175050207493695,0.7859384882609096,0.652357881026242,-1.1773464830756368,ambos,16.149160987709564,3.754949019440649,29,0,18
Dominican Republic,DOM,2015,1.3757668856292455,-0.008415745546297095,0.5936293673903698,-0.6125437754691654,-0.1043767713184769,-0.2171303418162263,0.1708615377962711,-0.007816238261178636,0.038858281816333155,-0.025349315557772752,0.9270316172667138,0.6052741548677444,0.647869649502338,0.652357881026242,-1.1060729862581222,ambos,16.16065980703347,3.7450509718757563,29,0,19
Dominican Republic,DOM,2016,1.524401633391698,-0.05794464380742815,0.5992917649116429,-0.6304595578128068,-0.07082747009245277,-0.21643465387810423,0.26436830047119875,-0.09607672894374045,0.038858281816333155,-0.025349315557772752,0.9270316172667138,0.8187978076605511,0.647869649502338,0.652357881026242,-1.0585573217131128,ambos,16.17177204849853,3.749572368171513,29,0,20
Dominican Republic,DOM,2017,1.6039439671391476,-0.20387104242392778,0.5937302770436435,-0.658682333761545,0.1426421176222098,-0.21574605402044875,0.3159207948053272,-0.10406998677698767,0.038858281816333155,-0.025349315557772752,0.9270316172667138,0.8187978076605511,0.647869649502338,0.6506137953754065,-0.939768160350587,ambos,16.1826507969577,3.777872205796777,29,0,21
Algeria,DZA,1996,0.3063977946219553,0.2704346314826066,-0.16601596188925863,-0.5730768246697814,-0.5528926388725449,-0.10616599463137029,0.8227344117370525,1.4398475691220194,-0.5866753058539755,1.1822886939364206,-2.091922497511144,-0.4623435112303015,-1.1470252543590918,0.14303411301392915,-0.15575969535792394,ambos,17.183945221991646,3.6825554138408965,30,0,0
Algeria,DZA,1997,0.29402213852469694,0.03691274467627225,-0.17284521206117406,-0.6155433374311443,-0.5591065967747118,-0.10290680812340929,0.8313017575965537,1.4398475691220194,-0.8994420996891298,0.5784696891893238,-2.091922497511144,-0.4623435112303015,-1.2160596737383775,-0.18401465139423934,-0.08448619854040938,ambos,17.202585417943496,3.681661542231231,30,0,1
Algeria,DZA,1998,0.3490884250145397,0.37566661662214224,-0.17284521206117406,-0.8233212716651734,-0.43327300296327076,-0.10007377157111222,0.8705807637316945,1.4398475691220194,-1.212208893524284,-0.025349315557772752,-2.091922497511144,-0.4623435112303015,-1.285094093117663,-0.5110634158024079,-0.3933380180829738,ambos,17.218510780198983,3.699608653662448,30,0,2
Algeria,DZA,1999,0.3785156715847878,0.21116349983818297,0.044242340185793816,-0.6537541732403592,-0.5486381510300372,-0.09756656596356507,0.8924682582217984,1.4398475691220194,-1.212208893524284,-0.6291683203048694,-1.5430217493697154,-0.4623435112303015,-1.285094093117663,-0.5110634158024079,-0.44085368262798447,ambos,17.232396068218378,3.6831669571727663,30,0,3
Algeria,DZA,2000,0.4182470800991778,-0.23858846634591843,0.03881160611784241,-0.3070662652049865,-0.5640843990996883,-0.09500376546225697,0.9352405315197496,2.2004621683813674,-1.212208893524284,-1.232987325051966,-0.9941210012282867,-0.4623435112303015,-1.285094093117663,-0.5110634158024079,-0.44085368262798447,ambos,17.24639275334567,3.680944913519467,30,0,4
Algeria,DZA,2001,0.4457674035541192,0.3001132792249851,0.1895313061507605,-0.5491151349877413,-0.32572219016361015,-0.09245415666626176,0.9765678071908483,1.1533631825994695,-1.212208893524284,-0.6291683203048694,-1.131346188263644,-0.35558168483389807,-0.3186122218076628,0.14303411301392915,-0.4646115149004878,ambos,17.26012566631711,3.7146969366252365,30,0,5
Algeria,DZA,2002,0.5160005678122281,0.5422378460628035,0.3276627058728468,-0.4892486024685164,-0.3506215998927521,-0.08995057266211802,0.9469044440050334,1.0656996839719368,-1.212208893524284,-0.025349315557772752,-1.268571375299001,-0.24881985843749468,0.647869649502338,0.7971316418302662,-0.7259476698980427,ambos,17.273429613664987,3.71122400017917,30,0,6
Algeria,DZA,2003,0.6088506336485925,0.4206086896518505,0.43082623687038785,-0.4549690514137051,-0.5016508854976148,-0.08741495506872737,0.9340501007136591,1.255887372030338,-1.212208893524284,-1.232987325051966,-0.445220253086858,-0.4623435112303015,0.3717319719851945,0.14303411301392915,-0.7259476698980427,ambos,17.286725765667956,3.6898961857206656,30,0,7
Algeria,DZA,2004,0.6672997394584836,0.41846830249897554,0.5824903284250773,-0.35066938554929294,-0.48510705625089307,-0.08471535103457478,1.2178155159483566,1.5019566868812668,-1.212208893524284,-1.232987325051966,-0.1707698790161436,-0.4623435112303015,0.09559429446805148,0.14303411301392915,-0.48836934717299396,ambos,17.30069016948995,3.692254754116389,30,0,8
Algeria,DZA,2005,0.7436823950454464,0.2648632887220797,0.6630058443391053,-0.19133782583587872,-0.4645797158122648,-0.08184573449798403,1.3286822086088235,1.796883362337521,0.038858281816333155,-1.232987325051966,-0.1707698790161436,-0.4623435112303015,-0.042474544290519535,0.14303411301392915,-0.15575969535792394,ambos,17.315323257500037,3.6951735189762283,30,0,9
Algeria,DZA,2006,0.7708779517914464,0.30526698650651807,0.7217631093115198,-0.21822510443820983,-0.391821984039274,-0.0787774727163968,1.417312231094155,1.9963706037638929,0.038858281816333155,-1.232987325051966,-0.1707698790161436,-0.4623435112303015,-0.042474544290519535,0.04186720298301006,-0.15575969535792394,ambos,17.330735993413512,3.7054508023827624,30,0,10
Algeria,DZA,2007,0.7998321379806274,0.6482825528162385,0.3614654663892628,-0.1708487033841985,-0.44639731369391433,-0.07540102859445381,1.4985255509178639,1.9528961207992628,0.038858281816333155,-1.232987325051966,0.10368049505457075,-0.1420583309740855,-0.042474544290519535,0.04186720298301006,-0.15575969535792394,ambos,17.347426709700578,3.697751763213963,30,0,11
Algeria,DZA,2008,0.8135796260600157,0.8955352689049604,0.6042339568862213,-0.06962506313588535,-0.3975873640672173,-0.07165684555032187,1.561945731502009,2.057005050345047,0.038858281816333155,-1.232987325051966,0.3781308691252851,-0.4623435112303015,-0.18054338304909118,0.06803110413566356,-0.15575969535792394,ambos,17.365615239790287,3.704640264453719,30,0,12
Algeria,DZA,2009,0.7983027332325933,1.9535334399378856,1.1886812583314679,-0.26561184627966455,-0.3337833753012198,-0.06763857216228729,1.6231839100588867,1.253610078943408,0.038858281816333155,-1.232987325051966,-0.7196706271575724,-1.1029144696087223,-0.3186122218076625,0.06803110413566356,-0.15575969535792394,ambos,17.384774091463974,3.7135738930637303,30,0,13
Algeria,DZA,2010,0.8568129403754706,1.7174294252688047,1.3458718198168094,-0.28867370219943533,-0.42713502433011785,-0.06347527354537873,1.703335145554837,1.5238526829661505,0.038858281816333155,-1.232987325051966,-1.268571375299001,-1.1029144696087223,-0.3186122218076625,0.08896222505778636,0.08181862736712536,ambos,17.404244679238634,3.7004759023671925,30,0,14
Algeria,DZA,2011,0.8785371797311937,1.2002214986625646,1.434270232184267,-0.3256152203053976,-0.4474725054718088,-0.0592084638947871,1.7671953665170812,1.5024186714013192,0.038858281816333155,-1.232987325051966,-0.7196706271575724,-1.3164381224015291,-0.3186122218076625,0.08896222505778636,0.12933429191213489,ambos,17.423813622438452,3.697599487003756,30,0,15
Algeria,DZA,2012,0.8868325715247746,1.1780824334805766,1.434270232184267,-0.3681170218298751,-0.5379553431672036,-0.05477668334781315,1.7314064329170944,1.3525088011182482,0.038858281816333155,-1.232987325051966,-0.445220253086858,-1.3164381224015291,-0.3186122218076625,0.15698836805468488,0.12933429191213489,ambos,17.443741700918686,3.6847008656611484,30,0,16
Algeria,DZA,2013,0.8988709363374027,1.5628046548979566,1.434270232184267,-0.41480900454710157,-0.5246560677090227,-0.05019446008285437,1.7024215786526173,1.0637872407431817,0.038858281816333155,-1.232987325051966,-0.445220253086858,-1.3164381224015291,-0.18054338304909118,0.15698836805468488,0.12933429191213489,ambos,17.463937011971144,3.686607181938624,30,0,17
Algeria,DZA,2014,0.9429889495379442,1.932377364301628,1.434270232184267,-0.47954372049154326,-0.5435305402037205,-0.04547587479848083,1.795876945586759,0.9648662791859699,0.038858281816333155,-1.232987325051966,-0.445220253086858,-1.3164381224015291,-0.18054338304909118,0.15698836805468488,0.12933429191213489,ambos,17.484315663869246,3.683900635402995,30,0,18
Algeria,DZA,2015,0.9677299880176574,2.442327292536344,1.434270232184267,-0.5876231115573499,-0.7037230434822968,-0.04061625580529407,1.8054692353058084,0.4792371509630041,0.038858281816333155,-1.232987325051966,-0.445220253086858,-1.3164381224015291,-0.18054338304909118,0.1779194889768077,0.12933429191213489,ambos,17.504878142922962,3.6606296840095753,30,0,19
Algeria,DZA,2016,1.0083548218725131,2.5123070085625807,1.434270232184267,-0.6877037690516923,-0.49495567780020727,-0.0356570337689172,1.833007412730258,0.43311324629565706,0.038858281816333155,-0.025349315557772752,-0.445220253086858,-1.1029144696087223,-0.18054338304909118,0.10989334597990859,0.12933429191213489,ambos,17.5254350535327,3.6908513571376025,30,0,20
Algeria,DZA,2017,0.9958134580143813,2.284676866976351,1.434270232184267,-0.68596343578455,-0.5401686355534866,-0.030653743919134186,1.784073816534391,0.5394873561256505,0.038858281816333155,-0.025349315557772752,-0.445220253086858,-1.1029144696087223,-0.18054338304909118,0.10989334597990859,0.12933429191213489,ambos,17.54575505911875,3.6843832596251596,30,0,21
Ecuador,ECU,1996,0.11241454596252515,-1.1498727950382208,-0.2734184947963201,-0.8488594793123465,-0.3069491862536553,-0.20891985664803295,0.045557455283020326,-0.019978726347351983,-0.5866753058539755,-1.232987325051966,-1.5430217493697154,0.39175050207493695,-0.3186122218076625,-0.5110634158024079,1.5072885637174218,ambos,16.284537709910413,3.7173074183202606,31,0,0
Ecuador,ECU,1997,0.14674385007578536,-1.1230165001805237,-0.2734184947963201,-0.8255667282646347,-0.20373631032469652,-0.20760619310182057,0.11081445988017405,-0.09659503353620663,-0.5866753058539755,-0.6291683203048694,-0.8568958141929295,0.605274154867744,-0.3186122218076625,-0.5110634158024079,1.5072885637174218,ambos,16.303007849141178,3.731539222623592,31,0,1
Ecuador,ECU,1998,0.16726517031481727,-0.9401788033146561,-0.2734184947963201,-0.8727076379084975,-0.10952609139414576,-0.2062932455233321,-0.019976428037527166,-0.10136719870114268,-0.5866753058539755,-0.025349315557772752,-0.1707698790161436,0.8187978076605511,-0.3186122218076625,-0.5110634158024079,0.8895849246322929,ambos,16.32113322497039,3.744355191396946,31,0,2
Ecuador,ECU,1999,0.07266441586517548,-1.1941097196897157,-0.2734184947963201,-0.7039692706482369,-0.0760169912605069,-0.2049829589582175,0.18203130664085224,0.14659733097683705,-0.5866753058539755,-0.6291683203048694,-0.5824454401222151,0.49851232847134097,-0.24957780242837668,-0.5110634158024079,0.6995222664522537,ambos,16.338900148818645,3.748874318197987,31,0,3
Ecuador,ECU,2000,0.06372126002235477,-0.9249799261357536,-0.2734184947963201,-0.23307570864993785,-0.6769180026183869,-0.20367983207034188,0.18194071095680636,0.6412339461818277,-0.5866753058539755,-1.232987325051966,-0.9941210012282867,0.1782268492821305,-0.18054338304909118,-0.5110634158024079,0.6995222664522537,ambos,16.356262347588256,3.664561537946128,31,0,4
Ecuador,ECU,2001,0.09686747786858226,-0.8903185903168123,-0.261638569349296,-0.5026496487574951,-0.24606595712997306,-0.20235807212245172,0.1743278543927461,0.12011793981018905,-0.5866753058539755,-1.232987325051966,-0.8568958141929295,-0.0352965045776821,-0.18054338304909118,-0.18401465139423934,0.5569752728172239,ambos,16.37357015854204,3.7257269563380837,31,0,5
Ecuador,ECU,2002,0.14051782717024275,-0.718067430248036,-0.22704619488741976,-0.5413557203509399,-0.146957651841482,-0.20099933244162205,0.07872971137676152,0.07972475305643427,-0.5866753058539755,-1.232987325051966,-0.7196706271575724,-0.24881985843749468,-0.18054338304909118,0.14303411301392915,-0.08448619854040938,ambos,16.391055354222164,3.739282804534492,31,0,6
Ecuador,ECU,2003,0.15622913068328526,-0.8734145608633235,-0.24248891374463025,-0.6122409829681822,-0.16107157071287592,-0.19960418580203199,-0.02052799379722006,0.043407868229118275,-0.5866753058539755,-1.232987325051966,-0.7196706271575724,-0.24881985843749468,-0.042474544290519535,0.14303411301392915,0.6995222664522537,ambos,16.408696484679165,3.737363514202045,31,0,7
Ecuador,ECU,2004,0.22904718909891536,-0.8330291939043339,-0.22104325281007747,-0.504217255889606,-0.23744456004757236,-0.1981937592179343,-0.10512658673402937,0.22050190225012317,-1.212208893524284,-1.232987325051966,-0.9941210012282867,-0.24881985843749468,-0.042474544290519535,0.14303411301392915,0.6995222664522537,ambos,16.42621999902884,3.7269134995395214,31,0,8
Ecuador,ECU,2005,0.2842061694963148,-0.7693955231856987,-0.13201221124032816,-0.3332277074847876,-0.43919245434386234,-0.1967769664874916,-0.16007986323846804,0.4263627763488377,-1.212208893524284,-1.232987325051966,-0.7196706271575724,-0.4623435112303015,-0.18054338304909118,0.14303411301392915,0.4857017759997094,ambos,16.443518784726013,3.6987715681263955,31,0,9
Ecuador,ECU,2006,0.32499763997693726,-0.7352284739497256,-0.05673871662740715,-0.2203447837363808,-0.549590359094394,-0.19534522196441478,-0.14667450382508587,0.64963633996426,-1.212208893524284,-1.232987325051966,-0.7196706271575724,-0.8893908168159154,-0.45668106056623414,0.472699267537363,0.41442827918219427,ambos,16.46070132525026,3.6830301185391416,31,0,10
Ecuador,ECU,2007,0.32788334035005,-0.7486766534033243,-0.0027109963999552137,-0.132919482123609,-0.5854835944758452,-0.19389752329389032,-0.14192101095630172,0.7033350035559625,-1.212208893524284,-1.232987325051966,-0.7196706271575724,-0.8893908168159154,-0.6637843187040913,0.472699267537363,0.41442827918219427,ambos,16.477780241364155,3.677858318163647,31,0,11
Ecuador,ECU,2008,0.4057545134823319,-0.6311733026615164,-0.0027109963999552137,0.03388823758158685,-0.3509178594176586,-0.19242722987527908,-0.12483559602287027,0.9948784967990779,-1.212208893524284,-1.232987325051966,-0.7196706271575724,-0.8893908168159154,-0.8708875768419492,0.472699267537363,0.41442827918219427,ambos,16.49483221806267,3.711182605601912,31,0,12
Ecuador,ECU,2009,0.395157123911319,-0.5457963356224383,0.8118014466586564,-0.4672271080661675,-0.5636733449627986,-0.19093114371941428,-0.12011532525123704,0.3399561588485524,-1.212208893524284,-0.025349315557772752,-0.445220253086858,-1.7434848301211545,-0.8708875768419492,0.472699267537363,0.41442827918219427,ambos,16.51188991898578,3.681004110335739,31,0,13
Ecuador,ECU,2010,0.43428952226740003,-0.35541906175097954,1.0138523987513206,-0.22223296503920933,-0.6109427945970056,-0.18943512319392417,-0.15739413467768004,0.5754169410434768,-1.212208893524284,-0.025349315557772752,-0.445220253086858,-1.529961775194336,-0.8708875768419492,0.4953744741103216,0.20060778872965002,ambos,16.528660798395343,3.6741736592199996,31,0,14
Ecuador,ECU,2011,0.5512195988697507,-0.2066362402616375,1.1633680892601275,-0.09847810538920515,-0.5104118669605711,-0.18794631604325238,-0.22603924443360557,0.868181271321715,-1.212208893524284,-0.025349315557772752,-0.445220253086858,-1.529961775194336,-0.8708875768419492,0.4866535225781187,0.12933429191213544,ambos,16.54507616708198,3.6886449211872256,31,0,15
Ecuador,ECU,2012,0.6276347328522958,-0.06144763673830477,1.2668582809534843,-0.18661614867670592,-0.540372146812283,-0.18647877910037816,-0.20823825049022207,0.8419167374117645,-1.212208893524284,-0.025349315557772752,-0.445220253086858,-1.529961775194336,-0.8708875768419492,0.4971190830391801,0.12933429191213544,ambos,16.56099751011032,3.6843540508255184,31,0,16
Ecuador,ECU,2013,0.7363172011115461,0.15486859697762675,1.3429583595568246,-0.29035684950136775,-0.5217962545833772,-0.185077069423319,-0.0013823962111354196,0.8202110293996002,-1.212208893524284,-0.025349315557772752,0.3781308691252851,-1.529961775194336,-0.45668106056623414,0.5128174237307722,0.12933429191213544,ambos,16.575971598767588,3.6870166328387963,31,0,17
Ecuador,ECU,2014,0.7923875812611472,0.10139294734285867,1.4127922914343614,-0.3486821506970133,-0.5219624576117579,-0.18371675461349674,0.11244122142692284,0.7264887960658263,-1.212208893524284,-0.025349315557772752,0.3781308691252851,-1.529961775194336,-0.45668106056623414,0.5128174237307722,0.10557645963962983,ambos,16.590292186526465,3.686992841473457,31,0,18
Ecuador,ECU,2015,0.7650381727550727,-0.01276224328689633,1.3477526018804926,-0.7438775890355104,-0.41545281402029544,-0.18233791413881853,0.0695085366793548,0.08884917154931209,-0.5866753058539755,-0.025349315557772752,0.10368049505457075,-1.9570084829139611,-0.45668106056623414,0.5128174237307722,-0.15575969535792394,ambos,16.604601491624386,3.702124432834341,31,0,19
Ecuador,ECU,2016,0.720997406069613,-0.23403490055276724,1.2497020026664571,-0.9558429845707173,-0.5162329856180846,-0.18091245819891663,-0.06283937687643454,0.04232858744867683,-0.5866753058539755,-0.025349315557772752,0.10368049505457075,-1.529961775194336,-0.042474544290519535,0.5023518632697108,-0.15575969535792394,ambos,16.619182405511555,3.6878126683751,31,0,20
Ecuador,ECU,2017,0.8094565281073052,-0.14362081751773417,1.1803930790759634,-0.866237980752082,-0.547626568070002,-0.17939472595219919,-0.07206335449543218,0.12046919340557305,-0.5866753058539755,-0.025349315557772752,0.3781308691252851,-1.529961775194336,-0.042474544290519535,0.538981324883426,-0.15575969535792394,ambos,16.63447701298995,3.6833123078642367,31,0,21
"Egypt, Arab Rep.",EGY,1996,-0.014003195699505899,0.15505632835578612,0.09340063646830249,-0.7694370226623379,-0.488986560861181,0.12052730981456679,0.8680455770903345,0.2083719656752397,0.038858281816333155,1.1822886939364206,0.10368049505457075,-0.24881985843749468,0.3717319719851945,-0.5110634158024079,0.7470379309972638,ambos,18.02062173154026,3.6917021722381116,32,0,0
"Egypt, Arab Rep.",EGY,1997,0.02903282397543319,0.37642306568994116,0.24266774480909495,-0.8627353030138442,-0.4548734543538282,0.12890229453372423,0.6961319060441128,0.16494321758275676,0.038858281816333155,1.1822886939364206,0.5153560561606423,-0.24881985843749468,0.3717319719851945,-0.5110634158024079,0.6995222664522537,ambos,18.041347324662613,3.6965506830366066,32,0,1
"Egypt, Arab Rep.",EGY,1998,0.07303937966553407,-0.1575707046116832,0.24266774480909495,-0.9153556308656808,-0.4315912039056599,0.13792082684151066,0.6889659427083544,0.1352838437598812,0.038858281816333155,1.1822886939364206,0.9270316172667138,-0.24881985843749468,0.3717319719851945,-0.5110634158024079,0.6995222664522537,ambos,18.0631954002999,3.6998463536230553,32,0,2
"Egypt, Arab Rep.",EGY,1999,0.12429352229938279,-0.22202104368250544,0.4545665236555363,-1.0189943178406253,-0.448046503731111,0.14733377383559906,0.7324111200083018,0.11485041410142656,0.038858281816333155,1.1822886939364206,0.9270316172667138,-0.14205833097408582,0.3717319719851945,-0.5110634158024079,0.6995222664522537,ambos,18.085501041648662,3.6975181838444517,32,0,3
"Egypt, Arab Rep.",EGY,2000,0.18291946926612387,-0.4478223076678008,0.5175460988380635,-0.9999171957663915,-0.4370923570428136,0.15665525595295904,0.553220075633791,0.3115328980894035,0.038858281816333155,1.1822886939364206,0.9270316172667138,-0.03529680351067694,0.3717319719851945,-0.5110634158024079,0.6995222664522537,ambos,18.107110239202743,3.699068628739333,32,0,4
"Egypt, Arab Rep.",EGY,2001,0.2031753251749987,-0.5961314541890316,0.5738070580877204,-0.9768857995396878,-0.5612561588758965,0.16601501251155926,0.5528200949235123,0.3238298216157809,0.038858281816333155,0.5784696891893238,0.5153560561606423,0.07146502288572677,0.6478696495023374,-0.18401465139423934,0.6757644341797486,ambos,18.12834827514973,3.681352143781643,32,0,5
"Egypt, Arab Rep.",EGY,2002,0.2070820208856032,-0.5853375871387186,0.5531104544075085,-0.9426902010354602,-0.5205976891781114,0.17548433003110953,0.4607250951051928,0.4647645960923637,0.038858281816333155,-0.025349315557772752,0.10368049505457075,0.1782268492821305,0.9240073270194807,0.14303411301392915,0.4144282791821931,ambos,18.149385510845462,3.687188186405773,32,0,6
"Egypt, Arab Rep.",EGY,2003,0.22303383240456703,-0.7674449239202491,0.5418710089462176,-0.7917834296704769,-0.601797812340819,0.1851165481070405,0.34192075284952883,0.530610531203569,0.038858281816333155,-0.025349315557772752,-0.445220253086858,-0.24881985843749468,0.9240073270194807,0.14303411301392915,0.4144282791821931,ambos,18.17034004287379,3.67549875720517,32,0,7
"Egypt, Arab Rep.",EGY,2004,0.25310223075035754,-0.7564400847678013,0.515746430156637,-0.45349357419303055,-0.375179702434548,0.1948053514987505,0.3656073425637306,0.6391429436297261,0.038858281816333155,-0.025349315557772752,-0.445220253086858,-0.03529680351067694,0.9240073270194807,0.14303411301392915,0.4144282791821931,ambos,18.19098381609706,3.707786813569732,32,0,8
"Egypt, Arab Rep.",EGY,2005,0.2902370703135473,-0.5725673913568199,0.515746430156637,-0.3043256389820774,0.3955251579101853,0.20449216211362897,0.5750583266058586,0.5957038317306542,0.038858281816333155,-0.025349315557772752,-0.7196706271575724,0.6052741548677444,0.7859384882609096,-0.5110634158024079,0.4144282791821931,ambos,18.211205911117368,3.810392618027761,32,0,9
"Egypt, Arab Rep.",EGY,2006,0.3665439581959201,-0.4743725964092291,0.515746430156637,-0.34600379626020045,0.9822222687997205,0.21403481262729987,0.6539779347448856,0.763527652140181,0.038858281816333155,-0.025349315557772752,-0.7196706271575724,0.6052741548677444,0.9240073270194807,-0.26686683061830097,0.5569752728172239,ambos,18.230735045108954,3.882001238330481,32,0,10
"Egypt, Arab Rep.",EGY,2007,0.45165008300230447,-0.21751199437977634,0.515746430156637,-0.24256220224130237,0.8995940417958197,0.22343679338241718,0.6572404180421678,0.6723946010012432,0.038858281816333155,-0.025349315557772752,-0.033544691980786426,0.92555933512396,0.9240073270194807,-0.26686683061830097,0.6757644341797486,ambos,18.249610366590566,3.8722211008037086,32,0,11
"Egypt, Arab Rep.",EGY,2008,0.542637879154766,-0.044674815067159486,0.515746430156637,-0.05067274364830192,0.366811319307431,0.23291479797701745,0.7242181342274698,0.7683644685833824,0.038858281816333155,-0.025349315557772752,0.10368049505457075,1.2458451132461648,1.0620761657780524,-0.26861143954716044,0.41442827918219427,ambos,18.268284407697465,3.8067528379725957,32,0,12
"Egypt, Arab Rep.",EGY,2009,0.5928645246535871,-0.45243011413910167,-0.01108940181427499,-0.49029950465365496,-0.03266528851827593,0.24268087815172723,0.8395663022532249,0.7352269429637759,0.038858281816333155,-0.025349315557772752,0.10368049505457075,1.2458451132461648,1.3382138432951955,0.1674539285157463,0.41442827918219427,ambos,18.28716805972427,3.754690705946657,32,0,13
"Egypt, Arab Rep.",EGY,2010,0.6527051786309527,-0.4162001462725951,0.043665166050954905,-0.7407298686078023,-0.14330746338031425,0.2527905572035351,1.0680034532987677,0.7325559428519594,0.038858281816333155,-0.025349315557772752,-0.1707698790161436,1.2458451132461648,1.200145004536624,0.024424253362558532,0.41442827918219427,ambos,18.306347571917446,3.7397785788053763,32,0,14
"Egypt, Arab Rep.",EGY,2011,0.64575525537808,-0.7192535040986402,0.32642200219963324,-0.8186369470027619,-0.6893245229063735,0.26410873607570956,0.8195871786963069,0.7465435362871723,0.038858281816333155,-0.025349315557772752,-1.268571375299001,1.2458451132461648,0.3717319719851945,0.1779194889768077,0.15309212418463936,ambos,18.327392179306386,3.6627436292171915,32,0,15
"Egypt, Arab Rep.",EGY,2012,0.6449162265537597,-0.9632232900816355,0.3433998056104958,-0.9506909392233238,-0.47815116371203437,0.27644690046654735,0.9920099722208338,1.0225822245197178,0.038858281816333155,-0.025349315557772752,-1.268571375299001,1.032321460453358,0.09559429446805148,-0.15174566554662616,0.05806079509462031,ambos,18.349839758611708,3.693244761078763,32,0,16
"Egypt, Arab Rep.",EGY,2013,0.6421204607756803,-1.1702074106667018,0.37512120206422883,-0.9605351600383063,-0.3992214887829648,0.2894092097206964,0.8940893825873187,1.0757587473599346,0.038858281816333155,-0.025349315557772752,-1.5430217493697154,0.39175050207493695,0.23366313322662344,-0.3767552154594457,0.12933429191213489,ambos,18.372892394798654,3.7044104080902813,32,0,17
"Egypt, Arab Rep.",EGY,2014,0.6538064137083118,-1.23567390278625,0.35620458084473583,-1.0608820393514389,-0.3894550971346352,0.30250605527656427,0.935145274252579,1.0760406361050698,0.038858281816333155,-0.025349315557772752,-0.445220253086858,0.6052741548677444,0.23366313322662344,-0.8320070955156162,0.12933429191213489,ambos,18.39565679022458,3.7057833659718304,32,0,18
"Egypt, Arab Rep.",EGY,2015,0.6970250873061405,-1.0892956559844427,0.35620458084473583,-1.1211638297898125,-0.28563756692302816,0.31484867060008564,1.0189919253735822,0.8033043630365344,0.038858281816333155,-0.025349315557772752,0.10368049505457075,0.1782268492821305,0.5098008107437664,-0.3924535561510378,0.12933429191213489,ambos,18.41664604549217,3.720262671634638,32,0,19
"Egypt, Arab Rep.",EGY,2016,0.7420143040986503,-0.9907233834799817,0.44227307575894875,-1.2548316086725246,-0.22684950865236167,0.3270633603905389,1.0449012669815454,0.45409385188344853,0.6643918694866419,-0.025349315557772752,0.10368049505457075,-0.4623435112303015,0.5098008107437664,-0.3697783495780795,0.12933429191213489,ambos,18.43699287478265,3.7283697466858277,32,0,20
"Egypt, Arab Rep.",EGY,2017,0.7854559926481229,-0.7672051690733956,0.4669124457249907,-0.8890688000660698,-0.13158438562959937,0.33930323434568044,1.1871483511032048,0.6163837894684664,0.6643918694866419,-0.025349315557772752,0.10368049505457075,-0.4623435112303015,0.3717319719851945,-0.3610568747678536,0.12933429191213489,ambos,18.45697465897674,3.7413691651629124,32,0,21
Eritrea,ERI,1996,-0.3050838651018778,0.5986942087611298,-1.2497742070887983,1.255285184190713,0.27161127510238064,-0.26668941884077607,-0.6616805865255283,-0.6794530356668261,1.915459044827259,-0.025349315557772752,-1.268571375299001,-0.8893908168159154,0.647869649502338,-1.1651609446187448,0.12933429191213489,ambos,14.570911620610332,3.794589572481966,33,0,0
Eritrea,ERI,1998,-0.3050838651018778,1.1677353093767198,-1.1311672674944064,0.6249308121398732,-0.6524670970346815,-0.26637943464831515,-0.6732687242616433,-0.6481545183727975,1.915459044827259,-0.025349315557772752,-1.268571375299001,-0.8893908168159154,0.647869649502338,-1.1651609446187448,0.12933429191213489,ambos,14.59502807675907,3.668134646558942,33,0,1
Eritrea,ERI,2000,-0.3050838651018778,-0.07874994223636979,-0.6602718037862065,-0.16108709674883542,0.03683164621206957,-0.26598200096477737,-0.6738387562901413,-0.6581660410837475,1.915459044827259,-0.025349315557772752,-1.268571375299001,-0.8893908168159154,0.30269755260590925,-1.1651609446187448,0.12933429191213489,ambos,14.625120792276563,3.7639449162430054,33,0,2
Eritrea,ERI,2002,-0.3050838651018778,0.8360782411916337,-0.6144648144902545,0.09200846480629929,-0.10734374056050433,-0.26511122311977514,-0.6575916339056613,-0.6570647224157498,1.915459044827259,1.1822886939364206,0.10368049505457075,-0.6402797889133092,0.647869649502338,-1.1651609446187448,0.12933429191213489,ambos,14.688049591256517,3.744650131596167,33,0,3
Eritrea,ERI,2003,-0.3050838651018778,0.4720727995705166,-0.5854659526525173,0.01696040969110526,-0.15088336374463063,-0.2645090644319854,-0.6663640758609919,-0.6133318266515925,1.915459044827259,1.1822886939364206,0.10368049505457075,-0.6402797889133092,0.647869649502338,-1.1651609446187448,0.12933429191213489,ambos,14.729359912099552,3.738749333776855,33,0,4
Eritrea,ERI,2004,-0.3050838651018778,-0.2887769897693321,-0.5828235600729731,-0.22823363921821957,-0.2732543263202033,-0.2638862858737473,-0.6620116437792558,-0.6203476023147084,1.7701330800322121,1.060305178597412,0.037147137570851474,-0.49182009806986926,0.647869649502338,-0.8149874778158156,0.12933429191213489,ambos,14.770362169965155,3.721975835656148,33,0,5
Eritrea,ERI,2005,-0.3050838651018778,-0.2795080315300357,-0.4311266369111882,-0.3579920479728809,-0.6307308778123095,-0.2635108145001402,-0.6793243925356242,-0.5492674429033113,1.915459044827259,1.1822886939364206,0.10368049505457075,-0.6402797889133092,0.647869649502338,-1.1651609446187448,0.12933429191213489,ambos,14.794293719157062,3.6713003629662517,33,0,6
Eritrea,ERI,2006,-0.3050838651018778,-1.0860599505964823,-0.3761919090507149,-0.8184854787965318,-0.43140651133211616,-0.26325851344063494,-0.6901728871660289,-0.742474628138456,0.038858281816333155,-0.025349315557772752,0.10368049505457075,-1.9570084829139611,-1.0089564156005206,-0.9802695508993351,0.12933429191213489,ambos,14.810058897476228,3.6998724540225867,33,0,7
Eritrea,ERI,2007,-0.3050838651018778,-1.2081078311958628,-0.48415092390326675,-1.129486716980683,-0.5578614379417092,-0.2630215281240235,-0.6911000930730675,-0.6552775032496432,0.038858281816333155,-0.025349315557772752,0.10368049505457075,-1.9570084829139611,-1.0089564156005206,-0.9802695508993351,0.12933429191213489,ambos,14.82464406446432,3.6818407211032746,33,0,8
Eritrea,ERI,2008,-0.3050838651018778,-1.2032666872461308,-0.43856009901201604,-1.245694473668123,-0.15911046001316084,-0.262585354620225,-0.6872320328460363,-0.09313773249867977,0.038858281816333155,-0.025349315557772752,0.10368049505457075,-1.9570084829139611,-1.1470252543590918,-1.4163343956842183,0.12933429191213489,ambos,14.850944466749846,3.7376304175643575,33,0,9
Ethiopia,ETH,1996,-1.1835327629676344,1.1460289417116576,-1.8967615816148555,-0.7321104930884883,-0.6097374542781111,0.0754188790865158,-1.5120151425555082,-1.4625535688419113,-1.212208893524284,-1.232987325051966,-0.7196706271575724,-1.7434848301211545,-1.285094093117663,-1.1651609446187448,0.41442827918219427,ambos,17.900942789757654,3.6743484122183596,34,0,0
Ethiopia,ETH,1997,-1.183680002479947,1.1460289417116576,-1.8967615816148555,-0.7321104930884883,-0.08014870141065937,0.08697521865564845,-1.5140995506229584,-1.2651527687388016,-1.212208893524284,-1.232987325051966,-0.7196706271575724,-1.7434848301211545,-1.285094093117663,-1.1651609446187448,0.41442827918219427,ambos,17.93299433175192,3.7483182072883383,34,0,1
Ethiopia,ETH,1998,-1.1916235881435315,1.1460289417116576,-1.8967615816148555,-0.7321104930884883,-0.08434804060652526,0.0986633022523767,-1.517721484148894,-1.3167208443542813,-1.212208893524284,-1.232987325051966,-0.7196706271575724,-1.7434848301211545,-1.285094093117663,-1.1651609446187448,0.41442827918219427,ambos,17.964398938392602,3.747752676719821,34,0,2
Ethiopia,ETH,1999,-1.1894006184123733,1.1460289417116576,-1.8162981065570356,-0.7321104930884883,-0.49840080323092456,0.11066194878214265,-1.515977536611013,-1.2657552589438759,-1.212208893524284,-1.232987325051966,-0.7196706271575724,-1.7434848301211545,-1.285094093117663,-1.1651609446187448,0.41442827918219427,ambos,17.995643780518122,3.6903599724666276,34,0,3
Ethiopia,ETH,2000,-1.1860285830189674,1.1460289417116576,-1.7745105060676727,-0.7321104930884883,-0.36771205207082025,0.12281510114672659,-1.5005501723261652,-1.3065356882109698,-1.212208893524284,-1.232987325051966,-0.7196706271575724,-1.7434848301211545,-1.285094093117663,-1.1651609446187448,0.41442827918219427,ambos,18.02632611030214,3.7088332470305754,34,0,4
Ethiopia,ETH,2001,-1.1799024126089879,1.1460289417116576,-1.6699402165774124,-0.7321104930884883,0.08918814137662145,0.13520294176480777,-1.4808378910805282,-1.263245669679275,-1.212208893524284,-1.232987325051966,-0.7196706271575724,-1.7434848301211545,-1.285094093117663,-1.1651609446187448,0.41442827918219427,ambos,18.05666122309009,3.770860577654865,34,0,5
Ethiopia,ETH,2002,-1.1818451328733062,1.1460289417116576,-1.6030075365681644,-0.7321104930884883,-0.08520624376799125,0.14801730225521023,-1.4640801937925882,-1.195285836895168,-1.212208893524284,-1.232987325051966,-0.7196706271575724,-1.7434848301211545,-1.285094093117663,-1.1651609446187448,0.41442827918219427,ambos,18.08710157038558,3.7476370619940074,34,0,6
Ethiopia,ETH,2003,-1.1881926951601482,1.1460289417116576,-1.5895244370160324,-0.7321104930884883,0.2899469307759624,0.1611263490943729,-1.4499279206120932,-1.1819655468802166,-1.212208893524284,-1.232987325051966,-0.7196706271575724,-1.7434848301211545,-1.285094093117663,-1.1651609446187448,0.41442827918219427,ambos,18.11731179327751,3.7969437655189764,34,0,7
Ethiopia,ETH,2004,-1.176051257344786,1.1460289417116576,-1.52044445954434,-0.7321104930884883,0.28789855910731704,0.1745181852852836,-1.4242514309435395,-1.1998652339667732,-1.212208893524284,-1.232987325051966,-0.445220253086858,-1.529961775194336,-1.285094093117663,-1.1651609446187448,0.41442827918219427,ambos,18.147259264171065,3.7966810411673446,34,0,8
Ethiopia,ETH,2005,-1.1648563264980734,1.1460289417116576,-1.4344568941576339,-0.7321104930884883,-0.27947503998220613,0.1881828111453985,-1.4020684631343174,-1.2748821987226067,-1.212208893524284,-1.232987325051966,-0.445220253086858,-1.529961775194336,-1.1470252543590918,-0.5110634158024079,0.41442827918219427,ambos,18.176919488507085,3.721115595572824,34,0,9
Ethiopia,ETH,2006,-1.1540177946249641,1.1460289417116576,-1.3034523672642266,-0.7321104930884883,-0.029186087181989923,0.20212043549863712,-1.3890937451832828,-1.2913225162044755,0.038858281816333155,-0.025349315557772752,-0.9941210012282867,-0.4623435112303015,-0.3186122218076625,-0.12383767874313628,0.41442827918219427,ambos,18.206292391288425,3.75515603835729,34,0,10
Ethiopia,ETH,2007,-1.1414178454913229,1.1460289417116576,-1.203146289667508,-0.7321104930884883,-0.45643159306527564,0.21643816115009737,-1.3741255088048043,-1.2915583810268703,0.038858281816333155,-0.025349315557772752,-0.9941210012282867,-0.4623435112303015,-0.3186122218076625,-0.12383767874313628,0.3906704469096892,ambos,18.235593983504305,3.6963297356970912,34,0,11
Ethiopia,ETH,2008,-1.1287895665357643,1.1460289417116576,-1.1648295280451573,-0.7321104930884883,-0.5833707127225802,0.23099886238145906,-1.360223985977408,-1.4072278878088937,0.038858281816333155,-0.025349315557772752,-0.9941210012282867,-0.24881985843749468,-0.3186122218076625,-0.15872305470601542,0.5569752728172239,ambos,18.264537552057362,3.678163502046063,34,0,12
Ethiopia,ETH,2009,-1.1185326778238251,1.1460289417116576,-1.1526034789958242,-0.7321104930884883,-0.5340748704034797,0.24569987538751234,-1.3458284789549892,-1.4510124525562755,0.038858281816333155,-0.025349315557772752,-0.9941210012282867,-0.24881985843749468,-0.3186122218076625,-0.15872305470601542,0.5569752728172239,ambos,18.292934152767867,3.68525746765959,34,0,13
Ethiopia,ETH,2010,-1.1008111601641912,1.1460289417116576,-1.1020183183099461,-0.7321104930884883,-0.48502941153007767,0.26080010006361776,-1.3244099078460265,-1.4717891834195955,0.038858281816333155,-0.025349315557772752,-0.9941210012282867,-0.24881985843749468,-0.3186122218076625,-0.3052409011608753,0.5569752728172239,ambos,18.321285898247123,3.69226581041887,34,0,14
Ethiopia,ETH,2011,-1.084191646570107,1.1460289417116576,-1.0514259153577952,-0.7321104930884883,-0.3092983767258277,0.2763810851335277,-1.3020105492164302,-1.4525884284413169,0.038858281816333155,-0.025349315557772752,-0.9941210012282867,-0.6758671640231085,-0.3186122218076625,-0.286053865889588,0.5569752728172239,ambos,18.349721343686003,3.716981124214443,34,0,15
Ethiopia,ETH,2012,-1.071618473887021,1.750525344736662,-0.9873302034819177,-0.8145022896745325,-0.5409962276958615,0.29218486145992273,-1.2835201789006263,-1.4683583711405033,0.038858281816333155,-0.025349315557772752,-0.7196706271575724,-1.1029144696087223,-0.45668106056623414,-0.2982635120014852,0.3669126146371836,ambos,18.377760382733136,3.6842644747683164,34,0,16
Ethiopia,ETH,2013,-1.053692475493375,1.3850818280654276,-0.9873302034819177,-0.9286032697578415,-0.16003640706463088,0.3079360559233949,-1.2608992002296244,-1.3455129359339435,0.038858281816333155,-0.025349315557772752,-0.7196706271575724,-1.529961775194336,-0.18054338304909118,-0.27907700000822183,0.46194394372720377,ambos,18.4049451056335,3.737504406843703,34,0,17
Ethiopia,ETH,2014,-1.0351052307311275,1.8590330904269117,-0.9873302034819177,-0.9498389890152064,-0.06987529161150531,0.32390726130202435,-1.2966148334500296,-1.1341278684297729,0.038858281816333155,-0.025349315557772752,-0.7196706271575724,-1.3164381224015291,0.09559429446805148,-0.2982635120014852,0.5569752728172239,ambos,18.431775083544263,3.7497003941836287,34,0,18
Ethiopia,ETH,2015,-1.014801984765429,2.1833761965251086,-1.0707899612588552,-0.9813701422314477,0.08647693116689316,0.34032395373126073,-1.3324213084302345,-0.8976702739558967,0.038858281816333155,-0.025349315557772752,-0.7196706271575724,-1.3164381224015291,0.09559429446805148,-0.27907700000822183,0.5569752728172239,ambos,18.458623101896155,3.7705036312572164,34,0,19
Ethiopia,ETH,2016,-0.9957819429021851,1.7809059712981126,-1.0707899612588552,-1.1196212711916596,0.40509608450333573,0.357334314664361,-1.364491488152146,-0.42627516042440583,0.6643918694866419,-0.025349315557772752,-0.9941210012282867,-1.3164381224015291,0.09559429446805148,-0.319194632923608,0.5569752728172239,ambos,18.485701926715073,3.811602895383928,34,0,20
Ethiopia,ETH,2017,-0.9751854294810721,1.9135752855372152,-1.0707899612588552,-1.2299225196565502,0.2668984908620947,0.3749251583624098,-1.397955835189694,-0.2882937817881607,0.038858281816333155,-0.025349315557772752,-0.9941210012282867,-0.8893908168159154,0.23366313322662344,-0.3505913143067922,0.5569752728172239,ambos,18.512954336169543,3.793983581623201,34,0,21
Fiji,FJI,1996,0.029883028192670847,-0.09262817618332268,0.47751167857806237,-0.16115048806531496,-1.2468956885266544,-0.27459295671293743,0.16836380146812932,-0.5233691046629132,1.915459044827259,1.7861076986835172,1.750382739478857,0.6052741548677444,1.3382138432951955,1.1241804062384346,0.12933429191213489,ambos,13.597093320014151,3.577431495364466,35,0,0
Fiji,FJI,1998,-0.012279697706158294,-0.09262817618332268,0.47751167857806237,-0.16115048806531496,-0.438313188117666,-0.27448276331383126,0.4827952615698396,-0.5077174973204803,1.915459044827259,1.7861076986835172,1.750382739478857,0.6052741548677444,1.3382138432951955,1.1241804062384346,0.12933429191213489,ambos,13.619810709567563,3.698895951847534,35,0,1
Fiji,FJI,2000,0.04699504267208422,-0.09262817618332268,0.4388330105640448,-0.16115048806531496,-0.6473690430116049,-0.27437148403034384,0.459191382271834,-0.6224713657822043,1.915459044827259,1.7861076986835172,1.2014819913374282,0.3561631269651382,0.647869649502338,-0.5110634158024079,0.12933429191213489,ambos,13.642239917770734,3.6688780397979817,35,0,2
Fiji,FJI,2002,0.08979792014570631,-0.09262817618332268,0.4542522782733277,-0.16115048806531496,-0.36078594347425624,-0.2742692199737799,0.43799227745637953,-0.5962653267629705,1.915459044827259,1.7861076986835172,1.2014819913374282,1.3526066407095743,1.3382138432951955,0.47008287742209764,0.12933429191213489,ambos,13.662417651830449,3.7098028170369046,35,0,3
Fiji,FJI,2003,0.09035174275251319,-0.09262817618332268,0.5151118696833438,-0.16115048806531496,-0.3469355890038449,-0.27422007475593174,0.4167985352501365,-0.7004010785977424,1.2899254571569505,1.7861076986835172,1.2014819913374282,0.6052741548677444,1.3382138432951955,0.14303411301392915,0.12933429191213489,ambos,13.671971541416795,3.711738881272961,35,0,4
Fiji,FJI,2004,0.15081289976690893,-0.09262817618332268,0.6161780403687238,-0.16115048806531496,0.9656243446382822,-0.2741718662625224,0.4282322651553014,-0.6078917250136363,1.3657476343856438,1.353065615411032,1.1903928788631755,-0.08921654343117058,1.373079538733865,0.5064213964549945,0.12933429191213489,ambos,13.681255474967603,3.8800443178642103,35,0,5
Fiji,FJI,2005,0.14768639393039032,-0.09262817618332268,0.6161780403687238,-0.16115048806531496,0.3618345258877323,-0.27412405751775887,0.41767583259611024,-0.8848592662472232,0.6643918694866419,1.7861076986835172,1.4759323654081427,0.6052741548677444,1.6833859401916245,0.7971316418302662,0.12933429191213489,ambos,13.690378081206722,3.80612062794001,35,0,6
Fiji,FJI,2006,0.1613446615194038,-0.09262817618332268,0.5881790251202103,-0.16115048806531496,2.6679998069586355,-0.27407640986573323,0.28413178501275776,-0.9090386032215463,0.6643918694866419,1.7861076986835172,1.4759323654081427,0.6052741548677444,1.6833859401916245,1.1424951370452918,0.12933429191213489,ambos,13.699387893129048,4.063123229426467,35,0,7
Fiji,FJI,2007,0.13674668441611146,-0.09262817618332268,0.570055978002989,-0.16115048806531496,1.750867725518387,-0.2740318587741134,0.14045932838070196,-0.9660161112572657,0.6643918694866419,1.1822886939364206,1.2014819913374282,0.3561631269651382,0.9930417463987669,1.1424951370452918,0.12933429191213489,ambos,13.707739361170393,3.9686704211874546,35,0,8
Fiji,FJI,2008,0.14266884280169154,-0.09262817618332268,0.5697265583485935,-0.16115048806531496,2.7197186120776147,-0.2739986438381221,0.024298292358761662,-0.9153807308669905,0.6643918694866419,0.5784696891893238,0.9270316172667138,-0.3911693588766917,0.9930417463987669,0.8546922243661038,0.12933429191213489,ambos,13.71392070220264,4.068192919331687,35,0,9
Fiji,FJI,2009,0.11652552971916383,-0.09262817618332268,0.5719764890701995,-0.16115048806531496,1.2261052444542813,-0.2739757328709572,-0.10851045759279834,-0.8658785968842542,0.6643918694866419,0.5784696891893238,0.6525812431959995,-0.6402797889133092,0.30269755260590925,0.8546922243661038,0.12933429191213489,ambos,13.718162302694372,3.9103224369484395,35,0,10
Fiji,FJI,2010,0.15346618728001993,-0.09262817618332268,0.5719764890701995,-0.16115048806531496,0.33881504288887854,-0.27395675972627387,-0.20344733546978974,-0.841218762816742,0.6643918694866419,1.1822886939364206,0.6525812431959995,-0.3911693588766917,0.30269755260590925,0.07500797001703005,0.12933429191213489,ambos,13.721661310478456,3.803191215083227,35,0,11
Fiji,FJI,2011,0.1887508974794573,-0.09262817618332268,0.7380108922822343,-0.16115048806531496,0.3518363141733573,-0.273941426084187,-0.30943330230864075,-0.8043455409511132,1.2899254571569505,1.1822886939364206,0.9270316172667138,-0.1420583309740855,0.30269755260590925,0.10117187116968356,0.12933429191213489,ambos,13.724480206614603,3.804849329782317,35,0,12
Fiji,FJI,2012,0.20666218678595252,-0.09262817618332268,0.6735207872774138,-0.16115048806531496,0.5680755825684461,-0.2739299169030252,-0.436680655102274,-0.8621009065230391,1.2899254571569505,1.1822886939364206,0.9270316172667138,-0.1420583309740855,0.30269755260590925,0.10117187116968356,0.12933429191213489,ambos,13.726590815748962,3.8319905130341194,35,0,13
Fiji,FJI,2013,0.27584014170434573,-0.09262817618332268,0.6735207872774138,-0.16115048806531496,0.3645079554890333,-0.2739213610887246,-0.5250135333197651,-0.8943724041052331,1.2899254571569505,1.1822886939364206,0.9270316172667138,-0.1420583309740855,0.30269755260590925,0.06977518978649934,0.12933429191213489,ambos,13.728156940598906,3.806460287664785,35,0,14
Fiji,FJI,2014,0.3622871914435182,-0.09262817618332268,0.8918620698755093,-0.16115048806531496,0.7077154357710326,-0.2739140045203615,-0.6242262958155306,-1.0051735192688214,2.1239704075263184,1.9873808612842838,1.5674156770581809,1.2695696314087057,1.5683287586512662,1.1163312358926383,0.12933429191213489,ambos,13.72950158748823,3.849133849464282,35,0,15
Fiji,FJI,2015,0.4355381842642289,-0.09262817618332268,0.8792704251267184,-0.16115048806531496,0.11390021358635254,-0.27390807988744625,-0.7194228823793395,-0.9919133004952415,2.1239704075263184,1.9873808612842838,1.5674156770581809,1.2695696314087057,1.5683287586512662,1.1581934777368839,0.12933429191213489,ambos,13.73058318973727,3.774108204067438,35,0,16
Fiji,FJI,2016,0.47701196096407056,-0.09262817618332268,0.9279177673304739,-0.16115048806531496,0.7363297856730843,-0.2739045716455991,-0.8096434659986249,-0.9056268144903614,2.1239704075263184,1.9873808612842838,1.5674156770581809,1.2695696314087057,1.5683287586512662,1.1320295765842303,0.12933429191213489,ambos,13.731223104088945,3.852610790382704,35,0,17
Fiji,FJI,2017,0.5733477374226987,-0.09262817618332268,0.9279177673304739,-0.16115048806531496,0.6133148713217877,-0.27390699996946266,-0.7952620108213897,-0.9481785419224907,2.1239704075263184,1.9873808612842838,1.3234600329512118,1.2695696314087057,1.5683287586512662,1.241917961425375,0.12933429191213489,ambos,13.73078021380369,3.837576707982288,35,0,18
Fiji,FJI,2018,0.6483926782564036,-0.09262817618332268,1.0327395018187064,-0.16115048806531496,0.8163142673606911,-0.2739164209114297,-0.7858947902931129,-0.9612903510208642,2.1239704075263184,2.7924725455769432,1.5674156770581809,1.2695696314087057,1.8751480935173388,1.241917961425375,0.12933429191213489,ambos,13.729060114531087,3.8622660968437668,35,0,19
"Micronesia, Fed. Sts.",FSM,2004,-0.771696971222637,-0.09262817618332268,0.7901731426661378,0.642320879678187,0.4726343345215839,-0.27872089249068294,-0.02565520912438202,-1.7550331966002384,1.7701330800322121,1.353065615411032,1.7004828311462172,1.2595045574893875,2.1540753138527604,1.5106923920742614,0.12933429191213489,ambos,11.625593217623642,3.8201019591722045,36,0,0
"Micronesia, Fed. Sts.",FSM,2005,-0.7567882554713957,-0.09262817618332268,0.8581246371048394,0.6080106617936439,0.4726343345215839,-0.2787239532527026,-0.02565520912438202,-1.8289635323242133,1.2899254571569505,1.1822886939364206,2.299283487620286,1.8508280986487975,2.7189022308809108,2.1053266994629403,0.12933429191213489,ambos,11.620999296255672,3.8201019591722045,36,0,1
Gabon,GAB,1996,2.364306372028032,0.09873655867518978,-0.6467305591820096,0.6465336502680216,-1.5296667809165827,-0.27251530190774276,-1.0151093336252361,2.370706906217638,-1.212208893524284,-1.232987325051966,-1.268571375299001,-0.24881985843749468,-1.1470252543590918,-1.8192584734350818,0.4144282791821931,ambos,13.957024009030413,3.531214714508021,37,0,0
Gabon,GAB,1997,2.4782970043064974,0.9089129816230174,-0.6321505666726216,0.7298069693317935,-1.030338898753286,-0.27233974662184207,-0.9940983909256622,2.2273342716942617,-0.8994420996891298,-1.232987325051966,-0.9941210012282867,-0.24881985843749468,-0.9399219962212344,-1.8192584734350818,0.05806079509462031,ambos,13.982244591416515,3.611435840769142,37,0,1
Gabon,GAB,1998,2.5120078683561324,1.9097125420110896,-0.6321505666726216,0.6553650746570149,-0.1360150350652976,-0.27215898267075,-0.9858616537183781,1.3480516567436145,-0.5866753058539755,-1.232987325051966,-0.7196706271575724,-0.24881985843749468,-0.7328187380833772,-1.8192584734350818,-0.44085368262798447,ambos,14.007565425364536,3.740768312323159,37,0,2
Gabon,GAB,1999,2.083354189227812,0.4266015488877594,-0.6934358653914588,0.7064174875036335,-0.3178722412358812,-0.27197235375071965,-0.9739296168304266,1.8227260492563384,-0.27390851201882116,-1.232987325051966,-0.3079950660515008,-0.24881985843749468,-0.3876466411869483,-1.4922097090269133,-0.44085368262798447,ambos,14.033052046988223,3.715789341075841,37,0,3
Gabon,GAB,2000,1.9346146365008483,-0.09022140937780723,-0.6934358653914588,0.821807641788827,0.3041203102880563,-0.27177811170722516,-0.9472524936323443,2.4450980064843346,0.038858281816333155,-1.232987325051966,0.10368049505457075,-0.24881985843749468,-0.042474544290519535,-1.1651609446187448,-0.44085368262798447,ambos,14.058906047384149,3.79875975588011,37,0,4
Gabon,GAB,2001,1.9178309156420636,0.011911362441100993,-0.5389848118276571,0.2968508025832718,-1.0040060004308922,-0.27157515275669214,-0.9329651765346824,1.7302276522848274,0.038858281816333155,-1.232987325051966,0.10368049505457075,-0.14205833097408582,-0.042474544290519535,-1.1651609446187448,-0.44085368262798447,ambos,14.085224669090543,3.615492952440313,37,0,5
Gabon,GAB,2002,1.8247949425938501,0.29794001775406803,-0.5094272608775678,0.3294138992230867,-0.6497283242906009,-0.2713630711840771,-0.9186186965219103,1.6972321749082162,0.038858281816333155,-1.232987325051966,0.10368049505457075,-0.03529680351067694,-0.042474544290519535,-1.1651609446187448,-0.44085368262798447,ambos,14.112005681147911,3.6685340804102826,37,0,6
Gabon,GAB,2003,1.808969300246031,-0.0009748718242428265,-0.5094272608775678,0.1998996841376947,-0.38573301358608375,-0.27114103169370213,-0.895018771057947,1.6741007648348396,0.038858281816333155,-1.232987325051966,0.10368049505457075,-0.03529680351067694,-0.042474544290519535,-1.1651609446187448,-0.44085368262798447,ambos,14.139296230801866,3.706306120226489,37,0,7
Gabon,GAB,2004,1.7438122042190978,-0.13940726608338647,-0.5094272608775678,0.24247351038968562,0.0534819928562615,-0.27090679688643,-0.8676958450893608,2.0473313227768433,0.038858281816333155,-1.232987325051966,-0.1707698790161436,-0.03529680351067694,-0.042474544290519535,-1.1651609446187448,-1.011041657168102,ambos,14.167300590125356,3.766149416878773,37,0,8
Gabon,GAB,2005,1.7358056078853834,-0.20173220751460458,-0.5094272608775678,0.3058887081373969,-0.057988901508792316,-0.27065688835240215,-0.8335689718089659,2.7518867282498145,0.038858281816333155,-1.232987325051966,0.10368049505457075,-0.03529680351067694,-0.042474544290519535,-1.1651609446187448,-1.2961356444381615,ambos,14.196338651936443,3.751297211538805,37,0,9
Gabon,GAB,2006,1.56248643623342,0.06332381504164505,-0.5094272608775678,0.4424747667225772,-0.19980941691233262,-0.2703893431467755,-0.8146284501988349,2.713735101746705,0.038858281816333155,-0.025349315557772752,0.3781308691252851,-0.6758671640231085,-0.594749899324806,-0.9087547133227408,-1.2961356444381615,ambos,14.226518940365919,3.7320767143026385,37,0,10
Gabon,GAB,2007,1.6412601065317263,0.12090014973757146,-0.5094272608775678,0.34026559670853573,0.2663428978076876,-0.27010355269698477,-0.7781091380171634,2.5259963520354787,0.038858281816333155,-0.025349315557772752,0.5153560561606423,-0.4623435112303015,-0.3186122218076625,-0.6907220292912875,-1.2961356444381615,ambos,14.257781928322053,3.793912116781243,37,0,11
Gabon,GAB,2008,1.4533696932482598,0.288181368912181,-0.5094272608775678,0.45263088493360887,0.12575870439413664,-0.26979963633098397,-0.749591143159815,2.9041146451012856,0.038858281816333155,-0.025349315557772752,0.6525812431959995,-0.24881985843749468,0.09559429446805148,0.01221460725066164,-0.7734633344430534,ambos,14.289989159568977,3.7756628935451975,37,0,12
Gabon,GAB,2009,1.3665064078464653,0.8336062072782664,-0.5094272608775678,0.2929554479882593,0.26465415717845,-0.26947517765770485,-0.7294253206182717,1.9591735335097975,0.038858281816333155,-0.025349315557772752,-0.1707698790161436,-0.24881985843749468,-0.042474544290519535,-0.423850237534222,-0.6903109214892854,ambos,14.323265672538021,3.79369486603599,37,0,13
Gabon,GAB,2010,1.4589646805420564,1.0611765852211097,-0.5094272608775678,0.45724565036625814,-0.015683528423820446,-0.26912719944469554,-0.6723420598409847,2.3561915160809908,0.038858281816333155,-0.025349315557772752,0.3781308691252851,-0.24881985843749468,-0.042474544290519535,-0.37326704415777384,-0.08448619854040938,ambos,14.357765078913914,3.7569599157227382,37,0,14
Gabon,GAB,2011,1.551882905775505,0.7308469396909045,-0.5094272608775678,0.4962095546043035,0.42601780043389303,-0.2687566503491903,-0.6155981016248523,2.8321024572161253,0.038858281816333155,-0.025349315557772752,0.3781308691252851,-0.24881985843749468,-0.042474544290519535,-0.3401257538457308,-0.13200186308542003,ambos,14.39323903064084,3.814243430397963,37,0,15
Gabon,GAB,2012,1.5962611406245906,0.6166251114475261,-0.5094272608775678,0.5498125034637591,0.03668963635368365,-0.2683694072729227,-0.5663106028780511,2.660050063418921,0.038858281816333155,-0.025349315557772752,0.3781308691252851,-0.24881985843749468,0.09559429446805148,0.10989334597990859,-0.29830668899295476,ambos,14.42901370137103,3.7639260932656513,37,0,16
Gabon,GAB,2013,1.6538846961200566,0.8841016463747796,-0.5094272608775678,0.500181138815856,-0.3313132642068341,-0.26797461073716794,-0.5146465911957682,2.474664553543686,0.038858281816333155,-0.025349315557772752,0.3781308691252851,-0.24881985843749468,0.09559429446805148,0.14477819866476493,-0.29830668899295476,ambos,14.46421461227973,3.713918150495945,37,0,17
Gabon,GAB,2014,1.6796377834475202,1.5805949260344265,-0.5094272608775678,0.00279280157254323,0.5605486950704447,-0.2675847663115035,-0.46506723141642364,2.1495370202270636,0.038858281816333155,-0.025349315557772752,0.3781308691252851,-0.6758671640231085,0.09559429446805148,0.14477819866476493,-0.29830668899295476,ambos,14.497798995189344,3.831058049618198,37,0,18
Gabon,GAB,2015,1.7003438493015095,0.797560408084753,-0.5094272608775678,0.015273566490070214,-0.602796362679912,-0.26721132947951187,-0.4175361290674327,1.7698442721297618,0.038858281816333155,-0.025349315557772752,-0.1707698790161436,-0.6758671640231085,0.09559429446805148,0.14477819866476493,-0.29830668899295476,ambos,14.528945542220939,3.6753541537133514,37,0,19
Gabon,GAB,2016,1.676530957807519,0.5251660798685754,-0.5094272608775678,-0.09563882200573601,0.8981623608206682,-0.2668574206671896,-0.3703648196235961,1.5066739760564345,0.038858281816333155,-0.025349315557772752,-0.1707698790161436,-0.6758671640231085,0.09559429446805148,0.1412900273630928,-0.29830668899295476,ambos,14.557594082485055,3.87205079665686,37,0,20
Gabon,GAB,2017,1.611979350686504,-0.1635790650358354,-0.5094272608775678,0.047792799546497684,0.886511962508575,-0.26651975835580216,-0.3166028840727994,1.5426017084620038,0.038858281816333155,-0.025349315557772752,-0.1707698790161436,-0.6758671640231085,0.09559429446805148,0.11861429751211143,-0.29830668899295476,ambos,14.584183027238714,3.870663856062118,37,0,21
Georgia,GEO,1996,-0.6593177129134314,-0.49439773336606296,0.5215678327594484,-0.8058230600249459,0.3490075004056522,-0.25258941897415427,-0.9201400530107413,-0.33363396105715554,-0.5866753058539755,-0.025349315557772752,-0.9941210012282867,-0.3911693588766917,-1.077990834979806,0.47008287742209764,0.12933429191213489,ambos,15.317741807213967,3.8044893453654547,38,0,0
Georgia,GEO,1997,-0.5678478619000006,-0.5073460516572555,0.5489372536601094,-0.45543606027884054,0.5551526395488326,-0.2534353706383302,-0.9356451438165959,-0.4022263338395919,-0.5866753058539755,-0.025349315557772752,-0.9941210012282867,-0.3911693588766917,-1.077990834979806,0.47008287742209764,0.12933429191213489,ambos,15.285666632754493,3.8303890273822874,38,0,1
Georgia,GEO,1998,-0.5258338740569208,0.3520835534956252,0.5489372536601094,-0.5771012942546582,0.6311105826063387,-0.25406963451213926,-0.9653869322964116,-0.43739471065729574,-0.5866753058539755,-0.025349315557772752,-0.9941210012282867,-0.3911693588766917,-1.077990834979806,0.47008287742209764,0.12933429191213489,ambos,15.260924408757294,3.8397656174818575,38,0,2
Georgia,GEO,1999,-0.48673332674253406,0.4313258044484535,0.651753707668346,-0.47290791584499675,-0.13924072093821452,-0.2545852207693139,-1.0672116048361935,-0.48499865071137227,-0.5866753058539755,0.2765601868157756,-0.9941210012282867,-0.2666138449253884,-1.077990834979806,0.47008287742209764,0.12933429191213489,ambos,15.240350644869334,3.740330640773063,38,0,3
Georgia,GEO,2000,-0.45523466940623347,0.3392395596320486,0.7203587993945374,-0.3127899760968067,0.09882653628201797,-0.25506289653550795,-1.0168116014079147,-0.504500735512708,-0.5866753058539755,0.5784696891893238,-0.9941210012282867,-0.1420583309740855,-1.077990834979806,0.47008287742209764,0.12933429191213489,ambos,15.220904358024884,3.7721284971119973,38,0,4
Georgia,GEO,2001,-0.4003334865554573,0.5557711137303977,0.832246157420554,-0.2933611454104592,-0.05639504129448636,-0.2554373357223131,-1.0955018075393164,-0.5430748512813888,-0.5866753058539755,0.5784696891893238,-0.9941210012282867,-0.1420583309740855,-1.077990834979806,0.47008287742209764,0.12933429191213489,ambos,15.205391977889382,3.7515111369336522,38,0,5
Georgia,GEO,2002,-0.34208508633615486,0.22263394166450132,0.9572079442591105,-0.052169433361070966,0.17295336149087046,-0.2556512788110103,-1.2509604535278538,-0.35894438202482193,-0.5866753058539755,0.5784696891893238,-0.9941210012282867,-0.1420583309740855,-1.077990834979806,0.47008287742209764,0.12933429191213489,ambos,15.196419443407827,3.781826436632412,38,0,6
Georgia,GEO,2003,-0.2281356556469113,0.5700211823955664,1.1034090219304697,0.12232636131085897,0.8145611117058545,-0.2558110529749966,-1.2649327059704603,-0.24617018081487504,0.6643918694866419,0.5784696891893238,-0.7196706271575724,0.3561631269651382,-0.7328187380833772,1.1241804062384346,0.12933429191213489,ambos,15.189665787052444,3.862055461324907,38,0,7
Georgia,GEO,2004,-0.15855230707538948,0.6680491608059074,0.9824998693493852,0.1632273889920485,1.0285989715530048,-0.25595660921326585,-1.1986361252420041,-0.23861233337392973,0.2971416005922738,-0.13077804600743154,0.666655497498944,0.015833891572655096,-0.4482577568512512,0.6987276397610671,0.12933429191213489,ambos,15.183473164524123,3.887448909855417,38,0,8
Georgia,GEO,2005,-0.040384723883300985,0.7437731906896987,1.1670049484596636,0.32274462551748284,0.5831384848401212,-0.25610499949044213,-1.1285651980142486,-0.27355737813182635,0.8137102398516354,-0.09702601280768022,1.0729105539369694,0.13075808337942352,-0.026221080591860645,0.7318919543061246,0.12933429191213489,ambos,15.17712024396229,3.833853963544688,38,0,9
Georgia,GEO,2006,0.08684776185420728,0.43202911969383195,1.2697620848584408,0.45630728478996535,1.9927797100344824,-0.2562369881403434,-1.2080333446579476,-0.44452259727822213,0.6643918694866419,-0.025349315557772752,-0.1707698790161436,1.459368168172983,0.23366313322662344,0.34362384742493096,0.12933429191213489,ambos,15.171435398299133,3.9944632564147833,38,0,10
Georgia,GEO,2007,0.2703351344503067,0.4520943402212149,1.6060228529482568,0.4350350238324857,2.6008608851553956,-0.2563574437434922,-1.0621867035867314,-0.5126103656589165,0.3516250756514875,0.5784696891893238,-0.445220253086858,1.67289182096579,0.5788352301230523,0.7796892154878377,0.12933429191213489,ambos,15.166218932302503,4.05650342300568,38,0,11
Georgia,GEO,2008,0.3134466497798845,-0.07370726752465162,1.7125076182838266,0.3741445327868408,1.5375241312736336,-0.25642730429415184,-1.0738038998705193,-0.6763146708133944,0.6643918694866419,1.1822886939364206,-1.5430217493697154,1.67289182096579,0.647869649502338,0.7308495844842026,0.12933429191213489,ambos,15.163181027797277,3.9453580433891933,38,0,12
Georgia,GEO,2009,0.2682178214532054,-0.8398886984495998,1.5597189752121376,0.13859129619275476,0.42033807477682295,-0.25663034080785496,-1.0876196933165307,-0.677766613624621,0.6643918694866419,1.1822886939364206,-1.8174721234404299,1.67289182096579,0.647869649502338,0.7308495844842026,0.12933429191213489,ambos,15.154299179687957,3.813527280011585,38,0,13
Georgia,GEO,2010,0.378863648185727,-0.4853714700124905,1.5597189752121376,0.23973731676794247,0.643138579807857,-0.256795753217667,-1.0346237542532546,-0.8491386839349243,0.6643918694866419,1.1822886939364206,-0.7196706271575724,1.67289182096579,0.647869649502338,0.7256168042536718,0.12933429191213489,ambos,15.14700442903804,3.8412423771762283,38,0,14
Georgia,GEO,2011,0.5272783938369069,-0.341108423237068,1.5597189752121376,0.3499565069363551,0.6694452516772608,-0.256976260613658,-0.9924548406504483,-0.7820341662899889,0.6643918694866419,1.1822886939364206,-0.7196706271575724,1.67289182096579,0.647869649502338,0.7517807054063256,0.12933429191213489,ambos,15.13898279076799,3.844464646896065,38,0,15
Georgia,GEO,2012,0.6624031008310545,-0.12873312305745593,1.5597189752121376,0.47402076580259467,0.3492195383040328,-0.25714073629903134,-1.0071588929129962,-0.6844293893990697,0.6643918694866419,1.1822886939364206,-0.1707698790161436,1.67289182096579,0.647869649502338,0.8895776003289824,0.12933429191213489,ambos,15.131617137547895,3.804516333020287,38,0,16
Georgia,GEO,2013,0.7697297831643929,-0.5098509681160884,1.5736596689055178,0.5925658143080951,0.3918175293103441,-0.2572075957516483,-1.0036698486613953,-0.7524455541512903,0.6643918694866419,1.1822886939364206,0.10368049505457075,1.67289182096579,0.7859384882609096,0.9628365235564122,0.12933429191213489,ambos,15.128607416942188,3.8099233814373155,38,0,17
Georgia,GEO,2014,0.853662348591591,-0.14588688126003738,1.5273089804979243,0.6256030829695386,1.135433098919995,-0.25719717842126555,-0.9743903624341382,-0.7409368678315218,1.2899254571569505,1.1822886939364206,0.10368049505457075,1.8864154737585968,1.0620761657780524,0.9401607937054308,0.12933429191213489,ambos,15.129076955818467,3.8998864662179957,38,0,18
Georgia,GEO,2015,0.9225518733138262,0.15423732943442542,1.5637267476512415,0.6856340312767846,1.3409334996666342,-0.257162203397953,-0.9851453158945122,-0.6072003620986255,1.2899254571569505,1.1822886939364206,0.3781308691252851,1.8864154737585968,1.0620761657780524,0.9506263541664922,0.12933429191213489,ambos,15.130651769447157,3.9233842699258354,38,0,19
Georgia,GEO,2016,0.9980960309019311,0.4064761567880269,1.600458388670018,0.624892658447123,1.2269099154480196,-0.2571489042974815,-0.8800954274323766,-0.6613885810872465,1.2899254571569505,1.1822886939364206,0.3781308691252851,1.8864154737585968,1.0620761657780524,0.9593478289767179,0.12933429191213489,ambos,15.131249935277683,3.9104145652637152,38,0,20
Georgia,GEO,2017,1.1167108574024402,0.30145637837629363,1.66350005789068,0.847450498426161,1.3968759449928507,-0.2571459270650296,-0.7134507923285601,-0.4819139929908385,1.915459044827259,1.1822886939364206,0.10368049505457075,2.313462779344211,1.0620761657780524,0.9593478289767179,0.12933429191213489,ambos,15.131383795988436,3.9296865009870094,38,0,21
Ghana,GHA,1996,-0.8433325020726242,-0.28444803057524615,-1.1222900423689075,-0.03543496923719954,-0.35068012310046737,-0.17312605861278327,-0.8814202852355376,-0.2885753688745021,0.038858281816333155,-0.025349315557772752,0.10368049505457075,-0.24881985843749468,0.09559429446805148,-0.5110634158024079,1.5548042282624317,ambos,16.695280874191734,3.7112158232160537,39,0,0
Ghana,GHA,1997,-0.8352335460192979,0.14398556524906297,-1.1222900423689075,0.34809371363590796,-0.4458442055464508,-0.17056780450652195,-0.8102744540582677,-0.11379107405998136,-0.27390851201882116,-0.025349315557772752,-0.033544691980786426,-0.24881985843749468,-0.2495778024283773,-0.5110634158024079,1.1984367441748578,ambos,16.71907046861335,3.69783008924251,39,0,1
Ghana,GHA,1998,-0.8249288115924511,-0.03431839220353945,-1.1222900423689075,0.20852922277698574,-0.2620567068825106,-0.16788842656056957,-0.7363531173108872,-0.1473605928928462,-0.5866753058539755,-0.025349315557772752,-0.1707698790161436,-0.24881985843749468,-0.594749899324806,-0.5110634158024079,0.17684995645714552,ambos,16.743394144488267,3.7235224516427805,39,0,2
Ghana,GHA,1999,-0.8158556305684647,-0.26400233490559444,-1.1222900423689075,0.2406590767889694,-0.10105258434590873,-0.16513297704395263,-0.662143288470219,-0.135125751505825,0.038858281816333155,-0.025349315557772752,-0.1707698790161436,-0.24881985843749468,-0.04247454429051984,-0.5110634158024079,-0.013212701722894819,ambos,16.767806223957724,3.7454998818280734,39,0,3
Ghana,GHA,2000,-0.8103204445733427,0.05466434606302996,-1.119024263098317,1.2387462626985517,-0.07097266664312281,-0.16222601085776503,-0.6164537355375151,-0.13586705756573988,0.6643918694866419,-0.025349315557772752,-0.1707698790161436,-0.24881985843749468,0.5098008107437664,-0.5110634158024079,-0.44085368262798447,ambos,16.792930581058577,3.7495528441986563,39,0,4
Ghana,GHA,2001,-0.8040282405772694,0.5422048745438498,-1.1781206040801555,1.064299146897584,-0.35947913176583407,-0.1590639274723582,-0.6100274014171246,-0.15159001107209663,0.6643918694866419,-0.025349315557772752,-0.3079950660515008,-0.24881985843749468,0.5098008107437664,-0.5110634158024079,0.08181862736712536,ambos,16.819561634132963,3.709985649229601,39,0,5
Ghana,GHA,2002,-0.7956528936803201,-0.46902205304172556,-1.1302350153903826,0.6993783912116073,-0.48631308227200026,-0.15570890868455295,-0.5985949992447234,-0.14659606205281364,0.6643918694866419,-0.025349315557772752,-0.445220253086858,-0.24881985843749468,0.5098008107437664,-0.5110634158024079,-0.15575969535792394,ambos,16.847063009785597,3.6920830050628846,39,0,6
Ghana,GHA,2003,-0.783393464413532,0.03513712492047801,-1.0800703889659877,0.6935050263233529,-0.34004407219086963,-0.15232406984104724,-0.580407502928667,-0.15209736904124502,0.6643918694866419,-0.025349315557772752,-0.445220253086858,-0.24881985843749468,0.5098008107437664,-0.5110634158024079,-0.15575969535792394,ambos,16.874062970833112,3.712700813452236,39,0,7
Ghana,GHA,2004,-0.7685247140550594,0.6941783100345569,-0.990035086473291,0.7627653544445279,-0.3791569885163909,-0.1489137186809798,-0.5580969950037067,-0.1933541971094325,0.038858281816333155,-0.025349315557772752,-0.1707698790161436,-0.24881985843749468,0.09559429446805148,-0.5110634158024079,-0.15575969535792394,ambos,16.900548611850326,3.707229033698979,39,0,8
Ghana,GHA,2005,-0.7515172474786844,0.7698429630607044,-0.9183203725321073,0.7192065779151658,-0.41745279942320246,-0.1454464063220783,-0.529216990519757,-0.15916475133267127,0.038858281816333155,-0.025349315557772752,-0.1707698790161436,-0.24881985843749468,0.23366313322662344,0.14303411301392915,-0.36958018581046875,ambos,16.92677618297617,3.701842398422976,39,0,9
Ghana,GHA,2006,-0.7311347774288505,-0.021931980300408424,-0.8561286179719659,-0.25880262379157964,-0.12068793067378242,-0.1419186901528703,-0.5088602727818238,-0.6396428934768821,0.6643918694866419,-0.025349315557772752,0.6525812431959995,-0.24881985843749468,0.647869649502338,0.8581809189457987,-0.15575969535792394,ambos,16.952772905479257,3.7428453301680786,39,0,10
Ghana,GHA,2007,-0.7213932306729751,-0.8797161844585203,-0.7146608096396492,-0.23452802890435506,0.321278886945382,-0.13832944252419066,-0.491088299708088,-0.6303809328330288,0.6643918694866419,-0.025349315557772752,0.5153560561606423,-0.24881985843749468,0.647869649502338,0.8581809189457987,-0.01321270172289425,ambos,16.978547192551996,3.8009538263947684,39,0,11
Ghana,GHA,2008,-0.6838302623198129,-0.7455696646724815,-0.6314855197070249,-0.11363274378816046,1.0028467831825938,-0.134703859533523,-0.42307028472638303,-0.6381814012591452,0.6643918694866419,-0.025349315557772752,0.3781308691252851,-0.24881985843749468,0.647869649502338,0.8581809189457987,-0.01321270172289425,ambos,17.00392498977837,3.884427576226324,39,0,12
Ghana,GHA,2009,-0.6697429578476675,-0.8682950765528751,-0.5639295219807009,-0.05316879004089588,0.9401443980098035,-0.13104814026807682,-0.39878762534437295,-0.7122585163132893,0.6643918694866419,-0.025349315557772752,0.9270316172667138,-0.24881985843749468,0.3717319719851945,0.8581809189457987,-0.01321270172289425,ambos,17.028877838623096,3.8770327218187335,39,0,13
Ghana,GHA,2010,-0.6359304500514292,-1.3182775275876222,-0.5639295219807009,0.05677516022943678,0.7199216285403516,-0.12739472999854018,-0.34984667803322433,-0.7540164986570951,0.6643918694866419,-0.025349315557772752,0.9270316172667138,-0.24881985843749468,0.3717319719851945,0.9750461696683099,0.41442827918219427,ambos,17.053207980056367,3.8506185075556267,39,0,14
Ghana,GHA,2011,-0.5598541482437035,-1.2924943098963046,-0.28623220202309496,0.37406401601650313,0.7910302538019335,-0.12369500855006253,-0.21710279207861674,-0.2647227701083629,0.6643918694866419,-0.025349315557772752,0.9270316172667138,-0.24881985843749468,0.3717319719851945,0.9750461696683099,0.5569752728172239,ambos,17.077257693668894,3.859224008513937,39,0,15
Ghana,GHA,2012,-0.5099485388161933,-0.79184961083925,-0.24552540136308032,0.5737952615477983,0.743198625948036,-0.11988140646870062,-0.13640101011350406,0.009080252957766469,0.6643918694866419,-0.025349315557772752,0.9270316172667138,-0.24881985843749468,0.3717319719851945,0.9750461696683099,0.5569752728172239,ambos,17.10145678355615,3.853443629652049,39,0,16
Ghana,GHA,2013,-0.4720264371909904,0.16863582427257012,0.16913018693441792,-0.36806812294427044,0.24492156379547428,-0.11599176264866266,-0.045642672653916944,0.590780538343598,0.6643918694866419,-0.025349315557772752,0.6525812431959995,-0.03529680351067694,0.3717319719851945,1.0291180576244527,0.5569752728172239,ambos,17.12554957576071,3.791152830925331,39,0,17
Ghana,GHA,2014,-0.4682504435635273,0.4574058613928161,0.01636025957920272,-0.27863722916284417,0.4227669381539759,-0.11208139156301775,-0.04660258148676519,0.5747500061462201,0.6643918694866419,-0.025349315557772752,0.6525812431959995,-0.03529680351067694,0.5098008107437664,1.0291180576244527,0.5807331050897284,ambos,17.149199430214516,3.813833595502474,39,0,18
Ghana,GHA,2015,-0.46999771787875494,0.5288442644854283,0.12752606399569186,0.0900063013037849,0.47633871994369403,-0.10817652746244918,-0.05464235180360335,0.34227836021020486,0.6643918694866419,-0.025349315557772752,0.6525812431959995,-0.24881985843749468,0.3717319719851945,0.6854991713382856,0.8420692600872839,ambos,17.172270702707674,3.8205660387241367,39,0,19
Ghana,GHA,2016,-0.461234224533949,0.2639891587289207,0.13532818930027823,-0.16121387938179452,0.4326740354948845,-0.1042346836289411,-0.06271369828715412,0.05565458908145515,1.2899254571569505,-0.025349315557772752,0.6525812431959995,-0.24881985843749468,0.23366313322662344,0.6663121360669987,0.8420692600872839,ambos,17.195032822314534,3.815082055588276,39,0,20
Ghana,GHA,2017,-0.41234256077021586,-0.4555180548588767,0.11260149436308009,-0.08357853300951357,0.2896382597268622,-0.10034690729138299,-0.03406731560127938,0.24463559061208434,0.6643918694866419,-0.025349315557772752,1.2014819913374282,0.39175050207493695,0.3717319719851945,0.6558465756059372,0.6520066019072441,ambos,17.2169864008525,3.7969041797565586,39,0,21
Guinea,GIN,1996,-0.9777982274173842,-1.1557535012272664,-1.8029253308610997,-1.2660241137251735,-0.5797951518004935,-0.23302956260661514,-1.6951083493037111,-0.557108325329183,2.1239704075263184,-0.025349315557772752,0.10368049505457075,0.3335171590461647,0.647869649502338,-0.5110634158024079,0.4144282791821931,ambos,15.86578535553773,3.678679742709214,40,0,0
Guinea,GIN,1997,-0.967784537499903,-1.1122071806657203,-1.8029253308610997,-1.2884494616226159,-0.5986631028126518,-0.2320669738338179,-1.6915993029310208,-0.6092629278571456,1.7069479323416346,0.5784696891893238,0.3032807870660265,0.8770314496223183,0.647869649502338,-0.29303099340996586,0.4381861114546987,ambos,15.886336466435633,3.6759525694114785,40,0,1
Guinea,GIN,1998,-0.9619757504434324,-1.257966969151951,-1.8029253308610997,-1.1729326070893102,-0.5939740755762243,-0.23116831501236743,-1.6894765389213353,-0.49081773812543344,1.2899254571569505,1.1822886939364206,0.5028810790774823,1.4205457401984716,0.647869649502338,-0.0749985710175242,0.6995222664522537,ambos,15.90514881103419,3.676631016140468,40,0,2
Guinea,GIN,1999,-0.95676006433512,-1.1722759095695896,-1.792344241890849,-1.183648485831882,-0.4335436201033143,-0.23007567070252347,-1.6829017060830045,-0.6054164929191669,1.2899254571569505,1.1822886939364206,0.3809030374636986,1.4205457401984716,0.647869649502338,-0.0749985710175242,0.6995222664522537,ambos,15.92755529214952,3.6995704002460004,40,0,3
Guinea,GIN,2000,-0.9549662953672395,-1.1155040604043265,-1.792344241890849,-1.0678712367336005,-0.6137040542714332,-0.2290989177015884,-1.675631352741474,-0.46053090401176894,1.2899254571569505,1.1822886939364206,0.2589249958499144,1.4205457401984716,0.647869649502338,-0.0749985710175242,0.6995222664522537,ambos,15.947168886231443,3.6737732103213436,40,0,4
Guinea,GIN,2001,-0.9468368182620842,-1.4556458476107312,-1.6281522022442587,-0.9659162853172754,-0.6464222406039961,-0.22843588385807392,-1.6666274159527745,-0.4356585387183181,1.2899254571569505,1.1822886939364206,0.3254585728939326,0.6926244683438971,0.8286741075088176,-0.0749985710175242,0.6995222664522537,ambos,15.960266999009594,3.669016040769764,40,0,5
Guinea,GIN,2002,-0.9340926848306903,-1.5553722523057187,-1.5295675078792736,-1.0286750347157634,-0.5315055281566606,-0.2276357541282277,-1.6505541534845536,-0.4640099815083629,1.2899254571569505,1.1822886939364206,0.3919921499379508,-0.03529680351067694,1.0094785655152971,-0.0749985710175242,0.4381861114546987,ambos,15.975848327580957,3.685625835093075,40,0,6
Guinea,GIN,2003,-0.9378089843994023,-1.0972550516352737,-1.4777604044385217,-1.114503273912472,-0.3785787537779705,-0.2264620742048335,-1.6006381891943438,-0.44093128343189303,1.2899254571569505,1.1822886939364206,0.4585255074216696,-0.40896304643159187,0.614996011269277,-0.2930307317709545,0.41442827918219427,ambos,15.998273512744674,3.707310145435378,40,0,7
Guinea,GIN,2004,-0.9371718321640228,-1.1028110924896073,-1.4058651856322748,-1.128453956968494,-0.3303747833875751,-0.22531685399846438,-1.5419293279113773,-0.5106795019050614,0.8729032321857014,1.1822886939364206,0.4585255074216696,-0.40896304643159187,0.614996011269277,-0.2930307317709545,0.15309212418463936,ambos,16.019680626107228,3.7140489147654003,40,0,8
Guinea,GIN,2005,-0.933631486315777,-1.2018276615762606,-1.2474099175340707,-0.7406906256347653,-0.22452339358771323,-0.22422429918458592,-1.4708767069101023,-0.4216411591141021,0.8729032321857014,1.1822886939364206,0.2589249958499144,-0.7826292893525062,0.614996011269277,-0.2930307317709545,0.12933429191213544,ambos,16.039684819383734,3.728689178130993,40,0,9
Guinea,GIN,2006,-0.9370060946843816,-0.3263484747393751,-1.129167850211819,-0.11735070592832819,-0.13524906594417163,-0.22305890062119818,-1.403213981945206,0.6063053212083188,-0.5866753058539755,-1.232987325051966,-0.9941210012282867,-0.8893908168159154,-0.594749899324806,-0.5947878994908995,0.12933429191213544,ambos,16.060590682957766,3.7408722133666594,40,0,10
Guinea,GIN,2007,-0.9208271804965688,0.2450667476103156,-1.129167850211819,-0.06693566246867212,0.42133595079139463,-0.22173967042593246,-1.3290567490922969,0.31274834388941647,-1.212208893524284,-1.232987325051966,-0.9941210012282867,-0.8893908168159154,-1.0089564156005206,-1.4669181123386894,-0.15575969535792394,ambos,16.0837404101744,3.8136531382488514,40,0,11
Guinea,GIN,2008,-0.9144782822954346,-0.006951369993430585,-1.0951391309877434,-0.26853291085770603,0.3059335903531467,-0.22032808636068116,-1.2363431811067245,0.49398917400336995,-1.212208893524284,-1.232987325051966,-1.268571375299001,-1.1029144696087223,-1.285094093117663,-1.454707942948769,-0.15575969535792394,ambos,16.107931268197678,3.7989918479668,40,0,12
Guinea,GIN,2009,-0.9282453379785206,-0.2072921431658891,-1.0951391309877434,-0.10488158738195016,-0.4164034209016319,-0.21886832363400896,-1.1516715793307748,0.44010392347355104,-1.212208893524284,-1.232987325051966,-1.5430217493697154,-1.1029144696087223,-1.561231770634807,-1.0186430981638854,-0.15575969535792394,ambos,16.1323471147031,3.7019903898484703,40,0,13
Guinea,GIN,2010,-0.9196591025372317,-0.42514191077945906,-1.0951391309877434,0.0035555324754269653,0.3090988882488649,-0.21736149796228565,-1.0378111925272575,0.4422046649970043,-1.212208893524284,-1.232987325051966,-1.5430217493697154,-1.1029144696087223,-1.561231770634807,-0.8965450672108435,-0.36958018581046875,ambos,16.15694004331181,3.7993968635069173,40,0,14
Guinea,GIN,2011,-0.9079302481716179,0.11572307414337774,-0.9682680068642231,0.3641602363723567,1.8119382800611152,-0.21580591488856463,-0.9164010749215188,0.46734927570797585,-1.212208893524284,-1.232987325051966,-1.268571375299001,-1.1029144696087223,-1.561231770634807,-0.8965450672108435,-0.44085368262798336,ambos,16.18170977622365,3.975244850242405,40,0,15
Guinea,GIN,2012,-0.8945719519569879,0.29931349271970337,-0.9635592922565355,0.38507498370016957,0.7336960559283277,-0.21422618580335503,-0.7945051877691078,0.3805418911821442,-1.212208893524284,-1.232987325051966,-1.268571375299001,-1.1029144696087223,-1.561231770634807,-0.8965450672108435,-0.44085368262798336,ambos,16.206251389583,3.8522912695141978,40,0,16
Guinea,GIN,2013,-0.8886526783163479,0.09479078403377439,-0.9635592922565355,0.20349871324706625,-0.6531379434635654,-0.21261351623644825,-0.6745739192639939,0.21857571526735953,-1.212208893524284,-1.232987325051966,-1.268571375299001,-1.1029144696087223,-1.6993006093933776,-0.887823592400618,-0.44085368262798336,ambos,16.230698537222622,3.6680367832328025,40,0,17
Guinea,GIN,2014,-0.8838156073554339,0.007814375889830435,-0.9028722737056688,0.09729200907403143,-0.8005517854182638,-0.210936654196696,-0.5372881215929184,0.2230473293499187,-1.212208893524284,-1.232987325051966,-0.445220253086858,-1.1029144696087223,-1.6993006093933776,-0.8581709966682697,-0.44085368262798336,ambos,16.25550046967284,3.646296324487146,40,0,18
Guinea,GIN,2015,-0.8786085190981499,0.1601776382850669,-0.9028722737056688,-0.02852440457454622,-0.5475411190605765,-0.20918166217907297,-0.5672698843645536,-0.05884124704048135,-1.212208893524284,-1.232987325051966,0.10368049505457075,-1.1029144696087223,-1.561231770634807,-0.39943094531042733,-0.44085368262798336,ambos,16.280815595251266,3.68332458475528,40,0,19
Guinea,GIN,2016,-0.8442873122029647,3.6063474708302747,-0.9028722737056688,1.1164252106088006,2.640879078401651,-0.20735618313903184,-0.516185452966542,0.25732032969137614,-1.212208893524284,-1.232987325051966,0.3781308691252851,-1.1029144696087223,-1.285094093117663,-0.39943094531042733,-0.44085368262798336,ambos,16.306484680024308,4.060454435799751,40,0,20
Guinea,GIN,2017,-0.8095123669941802,0.3778137374063387,-0.9028722737056688,0.8087211446169277,0.3253178099196401,-0.20549091419273488,-0.48724956817610593,0.38700270673282805,-1.212208893524284,-1.232987325051966,0.10368049505457075,-1.1029144696087223,-1.285094093117663,-0.39943094531042733,-0.44085368262798336,ambos,16.332049909756208,3.801469585071664,40,0,21
"Gambia, The",GMB,1996,-0.9429121014588594,-1.922119334141971,-1.5705577003651892,-0.6530193382861783,-0.4337420596240422,-0.2716239519234737,-0.21676235038789393,-0.5290826132411303,1.2899254571569505,1.1822886939364206,1.5230601054023682,-0.20999743046298375,2.4887873155248394,-0.0749985710175242,2.3150548609825896,ambos,14.078959618443138,3.6995423486551453,41,0,0
"Gambia, The",GMB,1997,-0.9357635082829647,-2.1164226593952695,-1.5705577003651892,-0.7296529287455533,-0.3995220821971798,-0.2714003373041062,-0.22349480081564238,-0.958192674084832,1.2899254571569505,1.1822886939364206,1.5895936824463863,0.8770314496223183,2.4887873155248394,0.14303411301392915,1.8398982155324912,ambos,14.107351470439893,3.7043681207967603,41,0,1
"Gambia, The",GMB,1998,-0.9334011479895289,-2.1516446020437843,-1.5705577003651892,-0.5682579198076799,-0.16002550987505296,-0.2711730294845628,-0.2216163106773793,-0.9168350362824761,1.2899254571569505,1.1822886939364206,1.6561272594904046,1.96406032970762,2.4887873155248394,0.3610667970453825,1.8398982155324912,ambos,14.135409063075869,3.7375058899179368,41,0,2
"Gambia, The",GMB,1999,-0.9203834427818229,-2.167313921126758,-1.5705577003651892,-0.610620633889466,0.40912171499908895,-0.2709415809850162,-0.22636099471942286,-0.9565311457893003,1.2899254571569505,1.1822886939364206,1.4565269674789487,1.96406032970762,2.4887873155248394,0.3610667970453825,1.8398982155324912,ambos,14.163191173933425,3.8121115132371184,41,0,3
"Gambia, The",GMB,2000,-0.9101380069780338,-2.1906383222110177,-1.5705577003651892,-0.49592663530410314,0.31909739933744363,-0.27070707172344993,-0.2278529560328729,-1.0210763246369765,1.2899254571569505,1.1822886939364206,1.256926675467493,1.96406032970762,2.4887873155248394,0.3610667970453825,1.8398982155324912,ambos,14.190574876125378,3.8006751461161006,41,0,4
"Gambia, The",GMB,2001,-0.8983344947237867,-1.389910597723999,-1.5705577003651892,-0.769997870031564,0.24957613629510528,-0.27046885136251475,-0.22866862349001377,-1.025748533181938,1.2899254571569505,1.1822886939364206,1.2901933542093524,1.765095311605,2.0943050374164973,0.6881155614535507,1.8398982155324912,ambos,14.217644791530562,3.791753035015874,41,0,5
"Gambia, The",GMB,2002,-0.9220881194563234,-1.8616578826365568,-1.5705577003651892,-0.40051214335488994,0.642410862491732,-0.27022613830411213,-0.2304194798188062,-0.9387311776983694,1.2899254571569505,1.1822886939364206,1.3234600329512118,1.566130293502381,1.6998227593081547,1.0151643258617191,1.6023198928074407,ambos,14.244491651749431,3.8411530922849204,41,0,6
"Gambia, The",GMB,2003,-0.9065762494770876,-1.52725932632874,-1.5705577003651892,-0.13268095285783968,0.0029330907258335584,-0.2699760269125625,-0.23131466597903858,-1.0188717867299943,1.4787410191011876,0.7431475556607862,1.3080196744662929,1.286442605341048,1.4620118868796812,1.3036150567334475,1.2697102409923713,ambos,14.27142286929245,3.7594416831434034,41,0,7
"Gambia, The",GMB,2004,-0.8899014972557093,-1.0088658513377882,-1.5705577003651892,-0.6826653767306186,0.3565141303771351,-0.26971528936671063,-0.23174482750323308,-1.3030891895260113,1.27321220054814,0.6870846517632315,0.9199942705549422,1.0378529165805652,0.9452782123186263,0.7607622493940085,1.1984367441748567,ambos,14.298746872762969,3.8054443272569354,41,0,8
"Gambia, The",GMB,2005,-0.9108806393650216,-1.0678008646115342,-1.5705577003651892,-0.680211847735941,0.25990289342004647,-0.2694424758319156,-0.23590664613564435,-1.2995408105474844,0.8865338592744725,0.3652452577913983,0.807399357890187,0.5776491589950978,0.5550796580016074,-0.1810680728464276,0.984616253722313,ambos,14.326558956914031,3.793083378773087,41,0,9
"Gambia, The",GMB,2006,-0.924158493460364,-0.8426320632921407,-1.5705577003651892,-0.6698731661784667,0.7110527778978887,-0.26915466873970256,-0.23571491387673352,-1.2468517455749555,0.038858281816333155,-1.232987325051966,0.10368049505457075,0.1782268492821305,0.09559429446805148,-0.181398261278974,0.8658270923597884,ambos,14.355084558578467,3.8495399945368955,41,0,10
"Gambia, The",GMB,2007,-0.9237897011315886,-1.2210758170794767,-1.5705577003651892,-0.8465885195494949,0.41425747539969443,-0.26885337162229167,-0.2343522005451143,-1.2672938521285384,0.038858281816333155,-1.232987325051966,-0.033544691980786426,0.1782268492821305,0.09559429446805148,-0.181398261278974,0.7232800987247581,ambos,14.384100245460619,3.8127600150240513,41,0,11
"Gambia, The",GMB,2008,-0.9114823489774858,-1.4686849466125027,-0.6592686464466901,-0.9978490375451495,0.13959458369403088,-0.2685426535629138,-0.2396492567200031,-1.3273177785582007,0.038858281816333155,-1.232987325051966,-0.1707698790161436,-0.03529680351067694,0.09559429446805148,-0.21628363724185312,0.9133427569047985,ambos,14.41316669236456,3.7774737755893506,41,0,12
"Gambia, The",GMB,2009,-0.8971957197083555,-1.1817201104971768,-0.625884419946789,-0.9197216962650904,-0.17756344765068274,-0.2682230336381687,-0.2404611585998493,-1.4068804333705482,-0.5866753058539755,-1.232987325051966,0.6525812431959995,-0.24881985843749468,-0.3186122218076625,-0.6523484820267366,0.6995222664522537,ambos,14.442209662012399,3.7351161788115483,41,0,13
"Gambia, The",GMB,2010,-0.8854207489751761,-1.0623667926186555,-0.6504504630347934,-0.9419506534399362,-0.23244271043069223,-0.26789364075399236,-0.23990469503859196,-1.4389082854211366,-0.5866753058539755,-1.232987325051966,0.3781308691252851,-0.24881985843749468,-0.3186122218076625,-0.7936335482510659,0.6995222664522537,ambos,14.471283439698373,3.7276012478894347,41,0,14
"Gambia, The",GMB,2011,-0.9308524660525213,-1.1811441793922464,-0.6504504630347934,-0.8946612759757705,-0.2057379238260627,-0.2675526372598934,-0.24321193691752277,-1.2979863788126071,-0.5866753058539755,-1.232987325051966,0.3781308691252851,-0.24881985843749468,-0.3186122218076625,-0.7936335482510659,0.6995222664522537,ambos,14.50051719401935,3.731265141523767,41,0,15
"Gambia, The",GMB,2012,-0.922628758868976,-0.2143705655319895,-0.6504504630347934,-0.7475791223259104,-0.14427587611517315,-0.26719877021235505,-0.24835135120000068,-1.260699163327656,-0.5866753058539755,-1.232987325051966,0.3781308691252851,-0.03529680351067694,-0.45668106056623414,-0.8058431943629627,0.5094596082722133,ambos,14.529976372963395,3.739647071435185,41,0,16
"Gambia, The",GMB,2013,-0.9230000974672656,-0.961241065847115,-0.6504504630347934,-0.8126418778598319,0.2157370471813112,-0.2668364547456747,-0.22785522386834506,-1.2660258984472386,-0.5866753058539755,-1.232987325051966,0.3781308691252851,-0.4623435112303015,-0.3186122218076625,-0.3697783495780795,0.41442827918219427,ambos,14.559265773174937,3.787381273530012,41,0,17
"Gambia, The",GMB,2014,-0.9390216707491512,-0.7261096355425392,-0.6504504630347934,-0.4407636569203602,-0.3260036893920102,-0.2664742466741528,-0.2049857399190578,-1.1555854040008249,-0.5866753058539755,-1.232987325051966,0.3781308691252851,-0.6758671640231085,-0.3186122218076625,-0.4151292860020194,0.41442827918219427,ambos,14.587713343787819,3.714657740820645,41,0,18
"Gambia, The",GMB,2015,-0.9344172370675663,-0.278251344314066,-0.6504504630347934,-0.8399470113539362,0.2602772666106745,-0.26611625684580437,-0.17360797156485921,-0.8269238464549955,-0.5866753058539755,-1.232987325051966,0.3781308691252851,-0.6758671640231085,-0.3186122218076625,-0.8651483858276593,0.41442827918219427,ambos,14.615056215313965,3.793131574145424,41,0,19
"Gambia, The",GMB,2016,-0.9370288778842192,0.27534737399841896,-0.6504504630347934,-1.0261848626819472,0.16949123935249272,-0.2657628074461049,-0.14381471630887235,-0.5096798802219179,-0.5866753058539755,-1.232987325051966,0.3781308691252851,-0.6758671640231085,-0.3186122218076625,-0.8756139462887207,0.41442827918219427,ambos,14.641338144162006,3.7813755782210183,41,0,20
"Gambia, The",GMB,2017,-0.9288602465942942,0.037898832283702,-0.6504504630347934,-0.5141264564991126,0.09452171195373717,-0.2654142504925188,-0.11590510435517629,-0.7642385208528354,0.038858281816333155,-1.232987325051966,0.3781308691252851,-0.6758671640231085,0.3717319719851945,0.6331713690329787,0.22436562100215504,ambos,14.666596947090836,3.771562401214161,41,0,21
Guinea-Bissau,GNB,1996,-0.9807172633390091,0.04908544965646851,-1.6487527251919385,-0.9027850054222774,-0.627897233875519,-0.2725658969602318,-1.4531882938241107,-1.3487931560270228,0.4558805067875822,-0.025349315557772752,-0.295520088968341,0.3335171590461647,-1.1930480165201638,-0.5110634158024079,-1.8663236189782797,ambos,13.949635774240628,3.671712324413106,42,0,0
Guinea-Bissau,GNB,1997,-0.9660721031175636,3.7810858693883644,-1.6487527251919385,-0.11432648294469151,-0.36582158754793853,-0.2724345765468728,-1.4541518808637266,-1.661504718324114,0.4558805067875822,-0.025349315557772752,0.17021385253828955,0.06175986429159047,-1.1930480165201638,-0.5110634158024079,-1.8663236189782797,ambos,13.968700204718575,3.7090979820998307,42,0,1
Guinea-Bissau,GNB,1998,-1.0474717632944661,0.953185260321747,-1.6487527251919385,-0.8696302769339765,-0.5230626094418727,-0.27230374537812524,-1.4672474626952483,-1.5473024569987002,0.4558805067875822,-0.025349315557772752,0.6359477940449199,-0.20999743046298375,-1.1930480165201638,-0.5110634158024079,-1.8663236189782797,ambos,13.987338919914398,3.686835344423094,42,0,2
Guinea-Bissau,GNB,1999,-1.0095309060587065,-0.0951758171983004,-1.6487527251919385,-0.7069266696556192,-0.6314615370624481,-0.27216811125922974,-1.4649509901234188,-1.6003908782140441,0.4558805067875822,-0.025349315557772752,0.702481371088938,-0.20999743046298375,-1.1930480165201638,-0.5110634158024079,-1.8663236189782797,ambos,14.006301977321536,3.671194110574375,42,0,3
Guinea-Bissau,GNB,2000,-1.0122335822119446,-0.32745604718214005,-1.6487527251919385,-0.6012031200174741,-0.6221357073563547,-0.27202172569168037,-1.4692969446035724,-1.5181358334222725,0.4558805067875822,-0.025349315557772752,0.7690149481329562,-0.20999743046298375,-1.1930480165201638,-0.5110634158024079,-1.8663236189782797,ambos,14.026372599337542,3.6725494249532895,42,0,4
Guinea-Bissau,GNB,2001,-1.0046242949992181,-0.4698598563810227,-1.6487527251919385,-0.7509926287847122,-0.636758209751545,-0.2718634252279257,-1.4704642073476788,-1.4270622717242414,0.4558805067875822,-0.025349315557772752,0.46961440033562285,0.4645427787268917,-0.8314393766448823,-0.5110634158024079,-1.8663236189782797,ambos,14.047632879210239,3.670423531243419,42,0,5
Guinea-Bissau,GNB,2002,-1.0003909974682685,0.10073615692902321,-1.6487527251919385,-0.9807906622567497,-0.5206379742156456,-0.2716961632348269,-1.4721584638081207,-0.9373672691018802,0.4558805067875822,-0.025349315557772752,0.17021385253828955,1.1390829879167674,-0.4698307367696009,-0.5110634158024079,-1.8663236189782797,ambos,14.069616198297076,3.687182420788809,42,0,6
Guinea-Bissau,GNB,2003,-1.0081056004866948,0.5914578359275349,-1.6487527251919385,-1.0285277580386838,-0.5269378860160475,-0.2715201604690988,-1.4759930017513074,-0.8594585229373265,0.4558805067875822,-0.025349315557772752,0.9686150205841125,1.1390829879167674,-0.4698307367696009,-0.0749985710175242,-1.8663236189782797,ambos,14.092238098021253,3.6862803645804814,42,0,7
Guinea-Bissau,GNB,2004,-1.0114943021813811,-0.219486549275168,-1.6487527251919385,-0.8786065441367582,-0.5959594925010491,-0.2713366519750651,-1.4796619521759777,-1.2203698759318944,0.4558805067875822,-0.025349315557772752,0.569414436561201,1.1390829879167674,1.2395934808713678,0.5790989577988128,-1.1060729862581222,ambos,14.11529213528788,3.67634380600079,42,0,8
Guinea-Bissau,GNB,2005,-0.9994093741810038,-0.5465256078489045,-1.1353077745826363,-0.8032748276722707,-0.4158021423361337,-0.27114559598794197,-1.4801304682609568,-1.2203986832756224,0.4558805067875822,-0.025349315557772752,0.569414436561201,1.1390829879167674,0.8451109266253479,1.0151643258617191,-0.7259476698980427,ambos,14.138742672584343,3.7020751769048728,42,0,9
Guinea-Bissau,GNB,2006,-0.9987309176666717,-0.325426607745917,-1.053243379322061,-0.7167782904677495,-0.160486227742756,-0.270944420990321,-1.482212010872906,-1.2494858755235592,0.4558805067875822,0.5784696891893238,0.43634772159376345,1.1390829879167674,0.8451109266253479,-0.7727024273289431,-0.3339434374017115,ambos,14.162854906973854,3.737443185703291,42,0,10
Guinea-Bissau,GNB,2007,-0.9986148637846438,0.18184716471978712,-1.053243379322061,-0.7898976591133846,-0.2174692809007881,-0.2707315220212212,-1.4844234977818278,-1.2071035372335694,0.4558805067875822,0.5784696891893238,0.43634772159376345,1.1390829879167674,0.8451109266253479,-0.7727024273289431,-0.29830668899295476,ambos,14.187754572487803,3.729657253725932,42,0,11
Guinea-Bissau,GNB,2008,-0.992691847875023,-0.6560716196819799,-1.053243379322061,-0.8220297889297894,-0.531761891288408,-0.270510359591308,-1.4846255935167454,-1.2253111364894744,0.4558805067875822,0.5784696891893238,0.6359477940449199,1.1390829879167674,0.614996011269277,-0.7779352075594739,-0.5358850117180035,ambos,14.212980456057675,3.6855890863210954,42,0,12
Guinea-Bissau,GNB,2009,-0.9930822678849207,-0.5317194179178634,-1.053243379322061,-0.8668766454944986,-0.2822233113748014,-0.2702817093322823,-1.4863578855817006,-1.1939369560940325,0.4558805067875822,0.5784696891893238,0.569414436561201,0.7654167449958525,0.614996011269277,-0.7779352075594739,-0.5834006762630131,ambos,14.238408166574388,3.7207353112097765,42,0,13
Guinea-Bissau,GNB,2010,-0.9839464077731362,-0.39737025893708533,-1.053243379322061,-0.8692353141778075,-0.16515124739104195,-0.27004323241624606,-1.4856165757834074,-1.1108549330766337,0.4558805067875822,0.5784696891893238,0.3032805675057271,0.7654167449958525,0.614996011269277,-0.7779352075594739,-0.5834006762630131,ambos,14.264257353067407,3.736808049773809,42,0,14
Guinea-Bissau,GNB,2011,-0.9668897546190385,-0.8385099629080512,-1.053243379322061,-0.7209354173529068,-0.27511833259188223,-0.269794260606657,-1.4827949396824103,-1.2358273786822267,0.4558805067875822,0.5784696891893238,0.23674721002200833,0.7654167449958525,0.614996011269277,-0.7779352075594739,-0.5834006762630131,ambos,14.29054961314671,3.721718146583449,42,0,15
Guinea-Bissau,GNB,2012,-0.9814874236282971,-0.4163412396633619,-1.053243379322061,-0.8514063639762846,-0.5430740421521557,-0.26953567096397685,-1.4851735293484007,-1.2533888975746827,0.038858281816333155,0.5784696891893238,0.23674721002200833,-0.03529680351067694,0.22051345702325664,-1.0709709004691923,-0.7734633344430534,ambos,14.31714487074862,3.683966182463805,42,0,16
Guinea-Bissau,GNB,2013,-0.9797188521422323,-0.6053606653583826,-1.053243379322061,-0.9726126552127814,-0.3438572005811186,-0.26926983214809214,-1.483640053174682,-1.1606302352596733,0.038858281816333155,0.5784696891893238,0.23674721002200833,-0.03529680351067694,0.22051345702325664,-1.1599281643882142,-0.8684946635330724,ambos,14.343767765027797,3.7121686834533296,42,0,17
Guinea-Bissau,GNB,2014,-0.9851302617270258,-0.5100623764080946,-1.053243379322061,-0.7717301095868966,-0.2088330663668152,-0.26900045525837185,-1.482683070656751,-1.0328222810864824,-0.3781639431549159,0.5784696891893238,0.569414436561201,-0.03529680351067694,0.22051345702325664,-0.8093318889426575,-0.8922524958055774,ambos,14.370040865307068,3.7308411754569946,42,0,18
Guinea-Bissau,GNB,2015,-0.97405657695651,-0.7816137005665424,-1.053243379322061,-0.5537439489630056,-0.3714907540879267,-0.26872996861867954,-1.470635921078212,-1.1796778854197576,-0.3781639431549159,0.5784696891893238,0.23674721002200833,-0.03529680351067694,0.22051345702325664,-0.8093318889426575,-1.1535886508031312,ambos,14.395745446513494,3.7083038786182865,42,0,19
Guinea-Bissau,GNB,2016,-0.9646761521020982,-0.566405349417826,-1.053243379322061,-0.5557696471552085,-0.3162752784931796,-0.2684588793728196,-1.4591379368043491,-1.255317885928191,-0.3781639431549159,0.5784696891893238,0.3032805675057271,-0.03529680351067694,0.22051345702325664,-0.7831679877900045,-1.1535886508031312,ambos,14.420860962280234,3.716011429537537,42,0,20
Guinea-Bissau,GNB,2017,-0.9573354625339973,-0.5654852040361831,-1.053243379322061,-0.4798283649739682,-0.4667597815676286,-0.26818932349116836,-1.4456555623025145,-1.2818208705327865,-0.3781639431549159,0.5784696891893238,0.3032805675057271,0.39175050207493695,0.614996011269277,-0.7831679877900045,-1.1535886508031312,ambos,14.445224206661072,3.6948639413316187,42,0,21
Equatorial Guinea,GNQ,2000,0.4494805108728504,1.9572851546770422,-1.5104467523657301,1.673980613927271,1.930926430772089,-0.275192639345682,-1.7526415811002851,4.675403590829087,-1.212208893524284,-1.232987325051966,-1.268571375299001,-1.9570084829139611,-1.561231770634807,-1.8192584734350818,0.12933429191213489,ambos,13.46351038452506,3.9879314513401622,43,0,0
Equatorial Guinea,GNQ,2002,1.7144819825360118,1.9572851546770422,-1.6418834011466577,1.673980613927271,2.47835193080483,-0.27462775274431905,-1.5612127591227098,4.675403590829087,-1.212208893524284,-1.232987325051966,-1.268571375299001,-1.9570084829139611,-1.561231770634807,-1.8192584734350818,0.12933429191213489,ambos,13.589811243467908,4.044310099902364,43,0,1
Equatorial Guinea,GNQ,2005,3.3654139952297544,1.9572851546770422,-1.6548800963012178,1.673980613927271,0.9842236442727066,-0.27373631326408454,-1.2406739381880083,4.675403590829087,-1.212208893524284,-1.232987325051966,-2.091922497511144,-1.9570084829139611,-1.561231770634807,-1.8192584734350818,0.12933429191213489,ambos,13.761442892249455,3.8822369450252343,43,0,2
Equatorial Guinea,GNQ,2006,3.50703662268693,0.5442961444444111,-1.6548800963012178,1.310946610817314,0.16093159441390661,-0.2734799013565646,-1.17366862713849,4.675403590829087,-1.212208893524284,-1.232987325051966,0.10368049505457075,-1.9570084829139611,-1.0089564156005206,-1.454707942948769,0.12933429191213489,ambos,13.805807636502879,3.780260016338371,43,0,3
Equatorial Guinea,GNQ,2007,3.9979161877211062,0.9146240959858121,-1.6548800963012178,1.7628906433820426,1.0099476244323085,-0.27320723101531436,-1.0545221711027193,4.540445719568825,-1.212208893524284,-1.232987325051966,0.10368049505457075,-1.8502469554505523,-0.801853157462663,-1.454707942948769,0.12933429191213489,ambos,13.850921137151673,3.8852615827971166,43,0,4
Equatorial Guinea,GNQ,2008,4.662760540839274,0.6714692353526475,-1.6548800963012178,1.6060781638436787,-1.356865662967223,-0.2729179442564719,-0.9205406555524723,4.795394024310502,-1.212208893524284,-1.232987325051966,0.10368049505457075,-1.7434848301211545,-0.594749899324806,-1.437265516606341,0.12933429191213489,ambos,13.896658193441732,3.5597106695149674,43,0,5
Equatorial Guinea,GNQ,2009,4.47050766300598,3.751031882990154,-1.6548800963012178,1.4178744290855372,1.2515753065921433,-0.27261280477894273,-0.8964299839582907,4.040422909274472,-1.212208893524284,-1.232987325051966,0.3781308691252851,-1.7434848301211545,-0.7328187380833772,-1.437265516606341,0.12933429191213489,ambos,13.942736865247953,3.913234443216469,43,0,6
Equatorial Guinea,GNQ,2010,3.7185587100476565,2.3832942247822935,-1.6548800963012178,2.0704959419294826,2.278708475028685,-0.2722941275450341,-0.9143290623404781,3.991886791409913,-1.212208893524284,-1.232987325051966,0.3781308691252851,-1.7434848301211545,-0.7328187380833772,-1.4983147937218737,0.12933429191213489,ambos,13.988695502746067,4.024115390401257,43,0,7
Equatorial Guinea,GNQ,2011,3.8190219722680485,1.8792426077940323,-1.6548800963012178,1.1901811630893435,0.9645214386451838,-0.27197940006640237,-0.8425188892497939,4.269658461472311,-1.212208893524284,-1.232987325051966,-0.1707698790161436,-1.7434848301211545,-0.7328187380833772,-1.5105244398337707,0.12933429191213489,ambos,14.032101487668275,3.8799141477844397,43,0,8
Equatorial Guinea,GNQ,2012,4.023446824538017,2.896648529996177,-1.6548800963012178,1.2569679395193394,0.1164834821650131,-0.2716712475580351,-0.7710518949241233,4.206632858520517,-1.212208893524284,-1.232987325051966,-0.1707698790161436,-1.7434848301211545,-0.7328187380833772,-1.5000588793727094,0.12933429191213489,ambos,14.07284991099171,3.7744470855593986,43,0,9
Equatorial Guinea,GNQ,2013,3.6029534878201823,0.9113274489753936,-1.6548800963012178,0.9726790474325369,-0.18881346442807417,-0.2713566095753689,-0.8150794103597663,3.7998655938050314,-1.212208893524284,-1.232987325051966,-0.1707698790161436,-1.7434848301211545,-0.7328187380833772,-1.5105244398337707,0.12933429191213489,ambos,14.112810480260963,3.7335802448232345,43,0,10
Equatorial Guinea,GNQ,2014,3.434514261345824,0.7183540728837856,-1.6548800963012178,0.8996145671417692,-0.518578718658354,-0.27103675099471586,-0.8194724420778958,3.6109390135957313,-1.212208893524284,-1.232987325051966,-0.1707698790161436,-1.7434848301211545,-0.7328187380833772,-1.529711475105058,0.12933429191213489,ambos,14.151860644268298,3.6874771000162365,43,0,11
Equatorial Guinea,GNQ,2015,2.8422213005212886,0.22823021368881696,-1.6548800963012178,0.7397402199237135,0.9225647403255663,-0.2707139987111787,-0.8899350860238822,2.6831385530291834,-1.212208893524284,-1.232987325051966,-0.1707698790161436,-1.7434848301211545,-0.7328187380833772,-1.5105244398337707,0.12933429191213489,ambos,14.189776666108399,3.8749495983669453,43,0,12
Equatorial Guinea,GNQ,2016,2.3402887833427033,-0.7384870319230176,-1.6548800963012178,0.5573082371138735,2.0787634738808225,-0.2703902440728281,-0.9477837719944233,2.116744028367618,-1.212208893524284,-1.232987325051966,-0.1707698790161436,-1.7434848301211545,-0.8708875768419492,-1.522734085945668,0.12933429191213489,ambos,14.226418825167055,4.003472979466726,43,0,13
Equatorial Guinea,GNQ,2017,2.0142041041253442,-1.0526951209963276,-1.6548800963012178,0.8429162547549149,-0.10164302954154611,-0.2700668056535555,-0.9768475068061866,2.4958812361065954,-1.212208893524284,-1.232987325051966,-0.1707698790161436,-1.7434848301211545,-0.8708875768419492,-1.5035475739524042,0.12933429191213489,ambos,14.261731738419876,3.7454201607397346,43,0,14
Equatorial Guinea,GNQ,2018,1.7029959519031987,-1.2073122173523323,-1.6548800963012178,0.8782970638824451,-0.8465388994326536,-0.2697444650514596,-0.9627793092769144,2.532093024911634,-1.212208893524284,-1.232987325051966,-0.1707698790161436,-1.7434848301211545,-0.8708875768419492,-1.4843605386811172,0.12933429191213489,ambos,14.295726241236423,3.639416313261624,43,0,15
Grenada,GRD,2002,0.4360815127486409,-0.09262817618332268,1.6849257575725436,-0.16115048806531496,1.867557513979089,-0.27874190017698175,-0.02565520912438202,-0.8709529669283967,2.5409926324975673,2.3899267034306138,1.4759323654081427,1.6017176686121801,1.3382138432951955,1.1241804062384346,0.12933429191213489,ambos,11.59362949238519,3.981195051220752,44,0,0
Grenada,GRD,2003,0.5926324444162717,-0.09262817618332268,1.8260511791451253,-0.16115048806531496,2.280017082288593,-0.27873903630608615,-0.02565520912438202,-0.8381959009168245,2.5409926324975673,2.3899267034306138,1.4759323654081427,1.6017176686121801,1.3382138432951955,1.4512291706466032,0.12933429191213489,ambos,11.598047558387051,4.024249097796261,44,0,1
Grenada,GRD,2004,0.572754737682098,-0.09262817618332268,1.578130609396764,-0.16115048806531496,3.037088597076193,-0.2787364170574962,-0.02565520912438202,-0.8630323756980524,2.3261628801361676,2.231347891962301,1.2791044612953992,1.4004155923598365,1.2336162047038317,1.2992671396398991,0.12933429191213489,ambos,11.602071229200641,4.098752371243873,44,0,2
Grenada,GRD,2005,0.8143357858886202,-0.09262817618332268,1.3863371894069363,-0.16115048806531496,1.3994687295069752,-0.2787339648680418,-0.02565520912438202,-0.3497038151824589,2.5409926324975673,2.3899267034306138,1.4759323654081427,1.6017176686121801,1.3382138432951955,1.4512291706466032,0.12933429191213489,ambos,11.605823647336958,3.929977631876114,44,0,3
Grenada,GRD,2007,0.8388806309048678,-0.09262817618332268,1.908780759319242,-0.16115048806531496,3.157001472816177,-0.2787292633466549,-0.02565520912438202,-0.6867888173919818,1.915459044827259,2.3899267034306138,1.4759323654081427,1.8508280986487975,1.3382138432951955,1.4512291706466032,0.12933429191213489,ambos,11.612978923077202,4.110059928813282,44,0,4
Grenada,GRD,2008,0.8519079775565165,-0.09262817618332268,1.922105425674936,-0.16115048806531496,2.4060195848754202,-0.2787270319139154,-0.02565520912438202,-0.7924954756346785,1.915459044827259,2.3899267034306138,1.4759323654081427,1.8508280986487975,1.3382138432951955,1.4512291706466032,0.12933429191213489,ambos,11.616357121574907,4.037040427011489,44,0,5
Grenada,GRD,2009,0.7026475914160392,-0.09262817618332268,1.6083754169290239,-0.16115048806531496,1.8124678843831978,-0.27872489594353905,-0.02565520912438202,-1.0291747137508764,1.915459044827259,2.3899267034306138,1.4759323654081427,1.8508280986487975,1.3382138432951955,1.4512291706466032,0.12933429191213489,ambos,11.619580142838768,3.9753016751219725,44,0,6
Grenada,GRD,2010,0.6864268686895745,-0.09262817618332268,1.934333957787006,-0.16115048806531496,0.6094800575944226,-0.2787229150995029,-0.02565520912438202,-1.0305584624851518,1.915459044827259,2.3899267034306138,1.750382739478857,1.8508280986487975,1.3382138432951955,1.4512291706466032,0.12933429191213489,ambos,11.62255983468896,3.8371043897731716,44,0,7
Grenada,GRD,2011,0.6928364694238862,-0.09262817618332268,1.620851239293711,-0.16115048806531496,1.2772693011350527,-0.27871997366543727,-0.02565520912438202,-1.144860210507803,1.915459044827259,2.3899267034306138,1.750382739478857,1.8508280986487975,1.3382138432951955,1.4512291706466032,0.12933429191213489,ambos,11.626968181010888,3.9161634849474236,44,0,8
Grenada,GRD,2013,0.6911152929808805,-0.09262817618332268,1.5644375891629803,-0.16115048806531496,2.0538265607012893,-0.2787115729774768,-0.02565520912438202,-1.1402763340500484,1.915459044827259,2.3899267034306138,1.750382739478857,1.8508280986487975,1.3382138432951955,1.4512291706466032,0.12933429191213489,ambos,11.639452383441869,4.000868336602342,44,0,9
Grenada,GRD,2014,0.8256964056556559,-0.09262817618332268,1.572033065816405,-0.16115048806531496,0.9539072560276208,-0.27870772465096083,-0.02565520912438202,-1.1894165195379753,1.2899254571569505,1.9873808612842838,1.8113717602857486,1.2695696314087057,0.647869649502338,1.4512291706466032,0.12933429191213489,ambos,11.645119714016602,3.8786605457625365,44,0,10
Grenada,GRD,2015,0.9523826524558608,-0.09262817618332268,1.5144921106367863,-0.16115048806531496,2.053872317719196,-0.27870447893061245,-0.02565520912438202,-1.230086907013741,1.2899254571569505,1.58483453608275,1.8113717602857486,1.2695696314087057,0.647869649502338,1.4512291706466032,0.12933429191213489,ambos,11.649874759906268,4.000873122108478,44,0,11
Grenada,GRD,2016,1.0276309339654495,-0.09262817618332268,1.5080394596705657,-0.16115048806531496,1.1498060281869316,-0.2787017701860571,-0.02565520912438202,-1.2442334771188421,1.2899254571569505,1.58483453608275,1.8113717602857486,1.2695696314087057,1.8751480935173388,1.4512291706466032,0.12933429191213489,ambos,11.653825889463395,3.9015480089381596,44,0,12
Guatemala,GTM,1996,-0.07971881462788179,-1.1285996070735942,-1.3621353472768853,-0.9599563923501911,-0.5676933623867144,-0.21624315637755134,0.540788864505895,-0.6142656257289869,-1.212208893524284,-0.025349315557772752,-1.5430217493697154,0.39175050207493695,-1.1470252543590918,-1.1651609446187448,-0.15575969535792394,ambos,16.174809293680035,3.6804250282261726,45,0,0
Guatemala,GTM,1997,-0.058509092235033755,-0.9126636589006378,-1.3696790987469314,-0.9262735380096159,-0.03252031830977261,-0.21460700306930058,0.5327917871081141,-0.5901040482995078,-1.212208893524284,-0.025349315557772752,-1.5430217493697154,0.28498867567853353,-1.1470252543590918,-1.1651609446187448,0.7232800987247581,ambos,16.200390129184857,3.754710099587244,45,0,1
Guatemala,GTM,1998,-0.029279588021953462,-0.7268741896331533,-1.3613111773752145,-0.8428134911450942,0.5610135032177647,-0.2129281124543306,0.5252249620034007,-0.5884211341575282,-1.212208893524284,-0.025349315557772752,-1.5430217493697154,0.1782268492821305,-1.1470252543590918,-1.1651609446187448,0.6995222664522537,ambos,16.225976128842607,3.8311156572599407,45,0,2
Guatemala,GTM,1999,-0.013093360459252195,-0.5759978758832208,-1.3055870424911737,-0.7865270904360121,0.22962603998268136,-0.21123472945934932,0.4828325278483369,-0.5779216076394161,-0.8994420996891298,-0.6291683203048694,-1.268571375299001,0.1782268492821305,-0.9399219962212344,-1.1651609446187448,0.6995222664522537,ambos,16.251136448260635,3.78917794226387,45,0,3
Guatemala,GTM,2000,0.002128090732319643,-0.7899474178471063,-1.176772852814053,-0.7055869480102789,-1.3688911329248454,-0.2095961955584166,0.4361027992751513,-0.6054248506627273,-0.5866753058539755,-1.232987325051966,-0.9941210012282867,0.1782268492821305,-0.7328187380833772,-1.1651609446187448,0.6995222664522537,ambos,16.27489365210766,3.557753671029168,45,0,4
Guatemala,GTM,2001,0.0022402053355863208,-0.489979403764601,-1.1089021958617336,-0.0800716778245998,-1.543838004726369,-0.2079743496718485,0.4102513485556659,0.026275372074310428,-0.27390851201882116,-0.6291683203048694,-0.8568958141929295,0.1782268492821305,-0.7328187380833772,-1.1651609446187448,0.6044909373622335,ambos,16.29786587252937,3.52884136443579,45,0,5
Guatemala,GTM,2002,0.02170133814992357,-0.36668145251254214,-1.0132045447283329,-0.18365523713773566,-1.5239432393840693,-0.20631871607510993,0.39150226895943985,0.012941580199744231,0.038858281816333155,-0.025349315557772752,-0.7196706271575724,0.1782268492821305,-0.7328187380833772,-1.1651609446187448,-0.7734633344430534,ambos,16.320784708157333,3.532171679829482,45,0,6
Guatemala,GTM,2003,0.02537579169590441,-0.44641278814396457,-1.0132045447283329,-0.1866332925335833,-0.6377304682350616,-0.20465452666407072,0.37344832958620483,0.03467659893237903,0.038858281816333155,-0.025349315557772752,-0.7196706271575724,0.1782268492821305,-0.7328187380833772,-1.1651609446187448,-1.011041657168102,ambos,16.343304508059518,3.670282018995611,45,0,7
Guatemala,GTM,2004,0.03697409776449873,-0.4853372876160366,-0.9005943395544815,-0.09327051860797145,-0.41501438820626063,-0.2029746277278896,0.358878268753475,0.0715580679376279,0.038858281816333155,-1.232987325051966,-0.445220253086858,-0.03529680351067694,-0.7328187380833772,-1.1651609446187448,-1.011041657168102,ambos,16.36553392107952,3.7021862482404484,45,0,8
Guatemala,GTM,2005,0.05128339885205498,-0.49143847995116136,-0.829123379603801,-0.18368755169479226,-0.30075642763515986,-0.20130268199984147,0.5231439569568643,0.04627503759069557,0.038858281816333155,-1.232987325051966,-0.445220253086858,-0.03529680351067694,-0.7328187380833772,-1.1651609446187448,-0.5358850117180035,ambos,16.387178067253906,3.718167060301043,45,0,9
Guatemala,GTM,2006,0.09401420924145563,-0.2677099416334837,-0.7625956457400658,-0.16019890805197812,-0.2798119890677098,-0.1996331049316799,0.7034942285271162,0.10382425913377591,-0.5866753058539755,-1.232987325051966,-0.445220253086858,-0.03529680351067694,-0.7328187380833772,-0.3244274131541387,-0.7259476698980427,ambos,16.408333953468397,3.721068978963655,45,0,10
Guatemala,GTM,2007,0.15174993090408384,-0.3320264579423832,-0.6971775650170183,-0.12853754045004254,-0.20567254337617483,-0.19793518150804953,0.7024096915102169,0.0716424569284503,-0.27390851201882116,-1.232987325051966,-0.445220253086858,-0.03529680351067694,-0.7328187380833772,-0.3244274131541387,-1.011041657168102,ambos,16.429399592227195,3.7312740952609866,45,0,11
Guatemala,GTM,2008,0.16917892855570807,-0.5354158528323962,-0.6614369119943435,-0.23963108412052173,-0.32116766603519675,-0.1962458914618899,0.6866185327538239,0.09108902181398183,0.038858281816333155,-1.232987325051966,-0.445220253086858,-0.03529680351067694,-0.7328187380833772,-0.3244274131541387,-1.1773464830756368,ambos,16.449926777125754,3.7153308927498925,45,0,12
Guatemala,GTM,2009,0.1469591680766747,-0.8805570720738903,-0.5517066457337338,-0.4470772053967334,-0.41797100976088203,-0.19457269279032494,0.6469791422748379,0.04166021791520219,0.038858281816333155,-1.232987325051966,-0.1707698790161436,-0.03529680351067694,-0.7328187380833772,-0.3244274131541387,-0.9397681603505881,ambos,16.469851355253386,3.7017693083387306,45,0,13
Guatemala,GTM,2010,0.15954331546166,-0.9203817229298961,-0.40985672657837025,-0.29931109014774254,-0.17930129819432383,-0.19287524667851053,0.6284796007995381,0.03880345625043517,-0.5866753058539755,-1.232987325051966,-0.1707698790161436,-0.03529680351067694,-0.7328187380833772,-0.3279161077338336,-0.7259476698980427,ambos,16.489667000463886,3.7348790688443265,45,0,14
Guatemala,GTM,2011,0.19045143270578668,-0.9207357597013258,-0.388859460319695,-0.2434579586756509,-0.32626634935121257,-0.19113297502078214,0.3348732633001249,0.07659983061538314,-0.5866753058539755,-1.232987325051966,-0.1707698790161436,-0.03529680351067694,-0.7328187380833772,-0.35756870346618175,-0.7259476698980427,ambos,16.509605637734253,3.7146211668004163,45,0,15
Guatemala,GTM,2012,0.2045926081576554,-0.9230362768950708,-0.37624288152392527,-0.3331908409782762,-0.15965942305083827,-0.1893578464109244,0.2446864960178849,0.09164292181627821,-0.5866753058539755,-1.232987325051966,-0.1707698790161436,-0.03529680351067694,-0.7328187380833772,-0.35756870346618175,-0.7259476698980427,ambos,16.52951950376553,3.737555711939007,45,0,16
Guatemala,GTM,2013,0.23011832493221285,-0.9153260427536035,-0.36881275619103826,-0.4864690000980975,-0.15098072670293847,-0.18758170947985547,0.2319935748128529,-0.3409103913108018,-0.5866753058539755,-1.232987325051966,-0.1707698790161436,-0.03529680351067694,-0.8708875768419492,-0.3697783495780795,-0.2032753599029346,ambos,16.54905552139343,3.7387360993640946,45,0,17
Guatemala,GTM,2014,0.26828865960706466,-0.9054898233925467,-0.3817050752953484,-0.5330256771985449,-0.2278191458712089,-0.18582527359398926,0.22962213739324902,-0.3208529466365054,-0.5866753058539755,-1.232987325051966,-0.1707698790161436,-0.03529680351067694,-0.8708875768419492,-0.3697783495780795,-0.15575969535792394,ambos,16.568006643359173,3.7282365620782345,45,0,18
Guatemala,GTM,2015,0.3029766167160195,-0.9848565524292305,-0.3122874791837054,-0.6838524969331621,-0.314944561469135,-0.18409491086606847,0.15355512194254864,-0.3589345289914562,-0.5866753058539755,-1.232987325051966,-0.1707698790161436,0.39175050207493695,-0.8708875768419492,-0.3505913143067922,-0.13200186308542003,ambos,16.58633171898771,3.7161964537317935,45,0,19
Guatemala,GTM,2016,0.3159081323557694,-1.0629717950653932,-0.32896416520896726,-0.7861717308935314,-0.42948773538842644,-0.1823227893206511,0.4392988371262316,-0.3692304544734855,-0.5866753058539755,-1.232987325051966,0.10368049505457075,0.6052741548677444,-0.8708875768419492,-0.3505913143067922,-0.08448619854040938,ambos,16.604757323867695,3.7001435714569544,45,0,20
Guatemala,GTM,2017,0.33574007569771996,-1.0947443495328286,-0.34273395472091556,-0.7949871528108968,-0.40974528712753217,-0.18054124086686904,0.16814278187004303,-0.42858918423510817,-0.5866753058539755,-1.232987325051966,0.10368049505457075,0.6052741548677444,-0.8708875768419492,-0.3610568747678536,-0.13200186308542003,ambos,16.622944931910354,3.702928861074095,45,0,21
Honduras,HND,1996,-0.8510983516963917,0.0744186552682664,-0.21275851403953072,1.4327842917320233,-0.3220971517325494,-0.24416334399149875,1.128136914223372,0.05306189287231904,-1.212208893524284,-1.232987325051966,-0.7196706271575724,0.1782268492821305,-1.285094093117663,-1.8192584734350818,-0.7259476698980427,ambos,15.591133023282179,3.7152015478413265,46,0,0
Honduras,HND,1997,-0.7642534684238323,0.2830984443349869,-0.21275851403953072,1.3961974325890039,-0.27180254993433844,-0.24316397237688608,1.0691896267701995,0.013380106901753685,-1.212208893524284,-1.232987325051966,-0.445220253086858,0.1782268492821305,-1.285094093117663,-1.8192584734350818,-0.559642843990508,ambos,15.619108837771034,3.7221764901237906,46,0,1
Honduras,HND,1998,-0.7172572447511963,0.5541986345686899,-0.21275851403953072,1.4319587641730411,-0.3724956067466361,-0.24219158677906683,1.1745981894512871,0.07723173484080444,-1.212208893524284,-1.232987325051966,-0.1707698790161436,0.1782268492821305,-1.285094093117663,-1.8192584734350818,-0.44085368262798447,ambos,15.645598034309813,3.7081630589562016,46,0,2
Honduras,HND,1999,-0.6660610515566964,0.8476719006254076,-0.21275851403953072,1.3972412073089788,-0.004164095300855154,-0.24120097383627656,1.0359977440191557,0.2196245678905808,-1.212208893524284,-1.232987325051966,-0.3079950660515008,0.1782268492821305,-1.147025254359092,-1.8192584734350818,-0.44085368262798447,ambos,15.671881045701902,3.758496288951795,46,0,3
Honduras,HND,2000,-0.6233922572600847,0.378616314884751,-0.21275851403953072,1.3649840548270133,0.19856157280680564,-0.24014307186023495,1.057299907116512,0.19684296100710683,-1.212208893524284,-1.232987325051966,-0.445220253086858,0.1782268492821305,-1.0089564156005206,-1.8192584734350818,-0.44085368262798447,ambos,15.699206948193526,3.785154994791,46,0,4
Honduras,HND,2001,-0.6235029702568435,0.15633485467399946,-0.21275851403953072,1.2356843317271786,0.05500649559717834,-0.23906780766688873,1.0637025862567147,0.055805680687217245,-1.212208893524284,-1.232987325051966,-0.3079950660515008,0.07146502288572677,-0.9399219962212348,-1.8192584734350818,-0.6071585085355181,ambos,15.72623665841934,3.766351017918353,46,0,5
Honduras,HND,2002,-0.616327145418018,-0.13678783294643412,-0.21275851403953072,1.295388888369389,-0.013791498261057402,-0.23798868918062882,1.0335344431983087,0.01960904104802789,-1.212208893524284,-1.232987325051966,-0.1707698790161436,-0.03529680351067694,-0.8708875768419492,-1.8192584734350818,-0.36958018581046875,ambos,15.75264805386031,3.7572124221916194,46,0,6
Honduras,HND,2003,-0.6032152168724179,0.03384654933674819,-0.21275851403953072,1.4189264768867162,0.17593958968832335,-0.2369126254899909,0.9599083255904987,0.028750373988371374,-1.212208893524284,-1.232987325051966,-0.445220253086858,-0.03529680351067694,-0.8708875768419492,-1.8192584734350818,-0.44085368262798336,ambos,15.778307884035947,3.782215158051819,46,0,7
Honduras,HND,2004,-0.5777694508687287,0.5370483051560797,-0.21275851403953072,1.8029372329530227,0.5146034293348929,-0.2358399805452346,1.066447587009226,-0.04100553332277357,-1.212208893524284,-1.232987325051966,-0.445220253086858,-0.03529680351067694,-0.8708875768419492,-1.8192584734350818,-0.48836934717299396,ambos,15.803247225408189,3.8253472207942454,46,0,8
Honduras,HND,2005,-0.55219572324127,0.27467948324701014,-0.21275851403953072,1.832813281712863,0.4243550765397536,-0.23476984148751198,1.0663075200444931,-0.06591847584912852,-1.212208893524284,-1.232987325051966,-0.445220253086858,-0.03529680351067694,-1.1470252543590918,-1.8192584734350818,-0.7259476698980427,ambos,15.8275235396979,3.8140338324523446,46,0,9
Honduras,HND,2006,-0.5213765828003962,0.5668482081789873,-0.21275851403953072,1.735224894374011,0.49654768744545696,-0.23370497672535542,0.8765761336658471,-0.020338213655149047,-1.212208893524284,-1.232987325051966,-0.445220253086858,-0.03529680351067694,-1.1470252543590918,-0.7290960998338611,-0.7259476698980427,ambos,15.851109009749019,3.823094000872307,46,0,10
Honduras,HND,2007,-0.4917102960922325,1.1564234022045556,-0.14502125273453279,1.7915703759599024,0.715153279992319,-0.23264316079242314,0.8913932245863514,-0.07289352809530011,-1.212208893524284,-1.232987325051966,-0.445220253086858,-0.03529680351067694,-1.1470252543590918,-0.7290960998338611,-0.7259476698980427,ambos,15.874085779327041,3.8500387882716365,46,0,11
Honduras,HND,2008,-0.4760667625534554,1.3264843400487851,-0.14539371214277,1.8112837482761002,0.8600267396941152,-0.23158240091188362,0.8830037916224478,-0.09020179360322797,-1.212208893524284,-1.232987325051966,-0.445220253086858,-0.03529680351067694,-1.1470252543590918,-0.7413057459457585,-0.7259476698980427,ambos,15.896524362990066,3.8675037041522518,46,0,12
Honduras,HND,2009,-0.5138230407895966,-0.07739830835742573,-0.14539371214277,0.6823992664607855,-0.060395039149276346,-0.2305244870030466,0.7064195092554963,-0.08416310048117535,-1.212208893524284,-1.232987325051966,-0.1707698790161436,-0.03529680351067694,-1.1470252543590918,-0.7413057459457585,-0.7259476698980427,ambos,15.9184122457425,3.750974176837727,46,0,13
Honduras,HND,2010,-0.5015361931034054,-0.13215653522279228,0.09568643365144394,1.046745210895431,0.017421845164033924,-0.22947452630234258,0.4742644896420612,-0.12054015366225469,-1.212208893524284,-1.232987325051966,0.10368049505457075,-0.03529680351067694,-1.1470252543590918,-0.8145646691731881,-0.7259476698980427,ambos,15.939671967575837,3.761368914969429,46,0,14
Honduras,HND,2011,-0.48775000979008654,0.21730505050758037,0.08605490925030221,1.4180146675778507,0.3765051577371655,-0.22843216679230735,0.571675353305866,-0.10154258333491038,-1.212208893524284,-1.232987325051966,0.10368049505457075,-0.03529680351067694,-1.1470252543590918,-0.8006104141324321,-0.48836934717299396,ambos,15.960339947501609,3.807983115502531,46,0,15
Honduras,HND,2012,-0.47100652899166934,0.2088544782343905,0.036546777019906426,1.3881189289236138,0.3676332200308238,-0.2273910721585843,0.6019161019307251,-0.07649898797242431,-1.212208893524284,-1.232987325051966,0.10368049505457075,-0.03529680351067694,-1.1470252543590918,-0.8006104141324321,-0.916010328078083,ambos,15.980565072238592,3.806857206893433,46,0,16
Honduras,HND,2013,-0.4645096766005128,0.11369184444861397,-0.05791182581542476,1.2462331993478466,0.35757417804456537,-0.22635171374659174,0.450310036433276,-0.13541551822192502,-1.212208893524284,-1.232987325051966,0.10368049505457075,-0.03529680351067694,-1.1470252543590918,-0.8006104141324321,-1.011041657168102,ambos,16.00035650183891,3.805579111430238,46,0,17
Honduras,HND,2014,-0.45540033726044793,-0.04378046995867738,-0.5079155758108512,1.1494289335525756,0.8563161010220883,-0.2253144913049755,0.8634205140022392,-0.21058592140326537,-1.212208893524284,-1.232987325051966,0.10368049505457075,-0.03529680351067694,-1.1470252543590918,-0.8006104141324321,-0.9397681603505881,ambos,16.019724320609836,3.867060161177436,46,0,18
Honduras,HND,2015,-0.4393735625535483,0.12551306456877578,-0.47629437682867565,0.9834645648981232,0.4445926699922275,-0.2242752462545392,0.805393120066006,-0.11528304667573848,-0.5866753058539755,-1.232987325051966,0.10368049505457075,-0.03529680351067694,-1.0089564156005206,-0.8006104141324321,-0.44085368262798336,ambos,16.038760842664882,3.8165819404634904,46,0,19
Honduras,HND,2016,-0.4223641954267234,-0.0741733227264539,-0.45114209901761615,0.7669904697680486,0.2706030583755877,-0.22323067917735526,0.7694747451349513,-0.10039801374356891,-0.5866753058539755,-0.025349315557772752,0.10368049505457075,-0.03529680351067694,-1.0089564156005206,-0.7866566823696989,-0.44085368262798336,ambos,16.05753650824808,3.7944599623432445,46,0,20
Honduras,HND,2017,-0.3965241470672803,0.1072387798054944,-0.4523936552777158,0.825038821809204,0.06489489252957124,-0.22218204301694047,0.6608240171257931,-0.04091488872914215,-0.5866753058539755,-0.025349315557772752,-0.1707698790161436,0.8187978076605511,-0.7328187380833772,-0.38547669026967163,-0.3458223535379643,ambos,16.076037267424073,3.767657678843117,46,0,21
Haiti,HTI,1996,-0.8238037547268583,-1.7351852963218681,0.16913018693441792,-0.964884533028945,-0.6288610675627121,-0.2334023312020645,-0.8889444052256996,0.6602831986528744,1.2899254571569505,-1.232987325051966,0.0815027092266644,-0.7535120199721311,0.647869649502338,0.3610667970453825,-1.1535886508031319,ambos,15.857711963851981,3.671572219176393,47,0,0
Haiti,HTI,1998,-0.8185750738284324,-1.7351852963218681,0.16913018693441792,-1.0724894505780245,-0.6029770913689884,-0.23164471396945385,-0.9256322995766579,0.6546842725078443,0.4558805067875822,-1.232987325051966,-0.1846311598288095,-0.7535120199721311,-0.2725894596465904,0.3610667970453825,-1.6762609607982404,ambos,15.895220063738526,3.6753279795384923,47,0,1
Haiti,HTI,1999,-0.8145172322406257,-1.7351852963218681,0.16913018693441792,-0.9147496143586962,-0.5271609847970015,-0.23075480785342806,-0.9428317620844693,0.5119738437129144,0.4558805067875822,-1.232987325051966,0.28110278167782105,-0.7535120199721311,-0.2725894596465904,0.3610667970453825,-2.151417606248339,ambos,15.913687613659738,3.6862484051404447,47,0,2
Haiti,HTI,2000,-0.8193173751468599,-1.7351852963218681,0.16913018693441792,-1.344721288855694,-0.6195084892473834,-0.22984878053081906,-0.9723963200149291,-0.3329187734439108,0.4558805067875822,-1.232987325051966,0.7468367231844513,-0.7535120199721311,-0.2725894596465904,0.3610667970453825,-2.151417606248339,ambos,15.932145759712759,3.6729309047869845,47,0,3
Haiti,HTI,2001,-0.8297687183532424,-1.7684105440001006,0.16913018693441792,-1.3326195361855782,-0.6413761114701062,-0.2289373118535084,-0.985546229942849,-0.28690648632991866,0.1264717671726116,-1.0579672466671954,0.5228410863225977,-0.6553762040603083,-0.8064547157208085,-0.058259168699068144,-2.626574251698438,ambos,15.95037722748917,3.6697512171299964,47,0,4
Haiti,HTI,2002,-0.8332493207784991,-1.5930265404733375,0.16913018693441792,-1.4090601041529134,-0.6374636518194771,-0.22803207209539572,-1.0015922298263034,-0.31926523793965167,-0.2029369724423589,-0.8829471682824248,0.2988454494607446,-0.5572403881484858,-1.3403199717950267,-0.4775851344435185,-2.721605580788458,ambos,15.968160971299517,3.670320856125689,47,0,5
Haiti,HTI,2003,-0.8252812828322803,-0.722881845299128,0.16913018693441792,-1.0528273301842492,-0.6059270282838211,-0.22712356275134388,-0.9904458148359799,-0.14373511354822763,-0.2335961250681257,-0.8572776147526161,0.43911988993217693,-0.32033479440464885,-1.2839437035531267,-0.4005936690776513,-2.721605580788458,ambos,15.985696531356407,3.6749006557184174,47,0,6
Haiti,HTI,2004,-0.839650178892959,-1.361454051107637,0.16913018693441792,-1.1521141084063513,-0.6365759601771246,-0.22622650889087445,-1.015919134067337,-0.11838684824086468,0.8729032321857014,-1.232987325051966,0.5250588649053883,-0.40896304643159187,0.614996011269277,-1.8192584734350818,-2.3414802644283785,ambos,16.002714428637674,3.670450055445173,47,0,7
Haiti,HTI,2005,-0.833320620473416,-1.5542672412016212,0.16913018693441792,-1.1177007520007411,-0.5888231650696697,-0.22532552317432128,-1.0262072454173068,-0.16658818332162162,0.038858281816333155,-1.232987325051966,0.4585255074216696,-1.209675997072132,0.38488164818856124,-1.8192584734350818,-2.05638627715832,ambos,16.019520286234908,3.677375761760867,47,0,8
Haiti,HTI,2006,-0.8330645721849261,-1.0046994702219316,0.16913018693441792,-1.05690395091713,-0.2856620745045475,-0.2243990072420133,-1.0215359537860742,-0.04461503684121536,-0.5866753058539755,-1.232987325051966,-0.9941210012282867,0.8187978076605511,-1.0089564156005206,-0.21628363724185312,-2.555300754880924,ambos,16.03651274946165,3.720259278212501,47,0,9
Haiti,HTI,2007,-0.8190572928148091,-1.6258891848942199,0.16913018693441792,-1.1375372098405183,-0.5122835316144831,-0.22346386986503003,-1.025961001891866,-0.14486961126361053,-0.5866753058539755,-1.232987325051966,-0.9941210012282867,0.8187978076605511,-0.8708875768419492,-0.21628363724185312,-2.9354260712410025,ambos,16.05337545998645,3.6883774024295803,47,0,10
Haiti,HTI,2008,-0.8143645128048675,-1.2149414269653869,0.16913018693441792,-1.0834094709674038,-0.6035564210665361,-0.22252429348815855,-1.0248796899847215,-0.027338855282537426,-0.5866753058539755,-1.232987325051966,-0.9941210012282867,0.6052741548677444,-0.45668106056623414,0.2197817308210536,-2.8879104066959926,ambos,16.07003659446453,3.6752440730402816,47,0,11
Haiti,HTI,2009,-0.7938971846915145,-1.2161815823845183,0.16913018693441792,-1.1720062196438978,-0.5698423971129591,-0.22157678776874484,-1.0233103614696666,-0.06713182281749412,-0.5866753058539755,-1.232987325051966,-0.7196706271575724,0.8187978076605511,-0.45668106056623414,0.2197817308210536,-3.0066995680585173,ambos,16.086561845681608,3.6801153229188586,47,0,12
Haiti,HTI,2010,-0.8285087427803833,0.2836188508329621,0.16913018693441792,-0.8341592753032112,-0.39091092969225394,-0.220898330787178,-1.0719317720937143,-0.29236274928101896,-1.212208893524284,-1.232987325051966,-0.9941210012282867,-0.03529680351067694,-0.7328187380833772,-0.2494244042758731,-3.0066995680585173,ambos,16.09822911161981,3.705578824761849,47,0,13
Haiti,HTI,2011,-0.8097761986365266,-0.19988521416557822,0.16913018693441792,-0.8503745498596514,-0.49347391351473213,-0.22023242113997252,-1.0583861218381942,-0.20374254937314817,-1.212208893524284,-1.232987325051966,-1.268571375299001,-0.03529680351067694,-0.7328187380833772,-0.2494244042758731,-3.0066995680585173,ambos,16.10954973844787,3.691062629706146,47,0,14
Haiti,HTI,2012,-0.8149631589262405,-0.6223432257375208,0.16913018693441792,-0.9638713824128152,-0.4544239680863621,-0.2193084230274936,-1.0676411259133567,-0.13843032886224413,-1.212208893524284,-1.232987325051966,-0.445220253086858,-0.03529680351067694,-0.594749899324806,-0.25640127015723957,-3.0066995680585173,ambos,16.12504862292899,3.696614412061118,47,0,15
Haiti,HTI,2013,-0.8013467566973197,-0.577326669333384,0.16913018693441792,-0.9617129951967767,-0.463421891279686,-0.21839800443617802,-1.0672570027646302,-0.11194103260577963,-1.212208893524284,-1.232987325051966,-0.445220253086858,-0.24881985843749468,-0.594749899324806,-0.2598899647369345,-3.0066995680585173,ambos,16.140088329321397,3.695337895514237,47,0,16
Haiti,HTI,2014,-0.7943068713447938,-0.7377077535927511,0.16913018693441792,-0.9030362630479963,-0.5391717902853563,-0.21749783611610962,-1.062915067147731,-0.03909888047826605,-1.212208893524284,-1.232987325051966,-0.445220253086858,-0.03529680351067694,-0.3186122218076625,-0.2808210856590573,-3.0066995680585173,ambos,16.154739585528915,3.6845263187661312,47,0,17
Haiti,HTI,2015,-0.7945398240071699,-1.0506145619373484,0.16913018693441792,-0.9148292848372911,-0.5290114298773663,-0.2166028346964487,-1.076271854374293,-0.0813412021147615,-1.212208893524284,-1.232987325051966,-0.445220253086858,-0.03529680351067694,-0.18054338304909118,-0.2598899647369345,-3.0066995680585173,ambos,16.16909698773039,3.6859832850293572,47,0,18
Haiti,HTI,2016,-0.7924982775398977,-1.0968274239242632,0.16913018693441792,-0.930372708248166,-0.5230748014778926,-0.21571852506146474,-1.094791148869781,-0.215781177538855,-1.212208893524284,-1.232987325051966,-0.445220253086858,-0.24881985843749468,-0.18054338304909118,-0.24593570969617817,-3.0066995680585173,ambos,16.183083258741387,3.686833598879837,47,0,19
Haiti,HTI,2017,-0.7867158755126921,-0.6989309977142422,0.16913018693441792,-0.9110858128086077,-0.21896756051829142,-0.2148456589772678,-1.1072777716502473,-0.27796183842164135,-1.212208893524284,-1.232987325051966,-0.445220253086858,-0.24881985843749468,-0.18054338304909118,-0.2441916240453424,-2.7928790776059724,ambos,16.1966993237176,3.729451714752274,47,0,20
Indonesia,IDN,1996,-0.30759264579027,0.8425502470090434,-0.478041348076823,-0.6149379125780304,-0.17687076479761152,0.93300927281742,0.08236012337549482,1.3743209570582648,0.038858281816333155,1.1822886939364206,-0.9941210012282867,1.032321460453358,-0.18054338304909118,-1.1651609446187448,1.697351221897461,ambos,19.129722675998625,3.7352106718507785,48,0,0
Indonesia,IDN,1997,-0.2775022450244988,0.6857195414180121,-0.34505733737656286,-0.5065622114723255,-0.2742265319754143,0.95288780045247,0.17355654131935727,1.447369102172982,-0.27390851201882116,0.5784696891893238,-1.268571375299001,0.8187978076605511,-0.38764664118694864,-1.4922097090269133,0.937100589177303,ambos,19.145985754121266,3.721841441617782,48,0,1
Indonesia,IDN,1998,-0.42666372010366566,0.33707412505417766,-0.33451025257080247,0.6615090737335542,-0.6976791157790448,0.972521383596378,-0.16042983281170048,1.5225623301262246,-0.5866753058539755,-0.025349315557772752,-1.5430217493697154,0.6052741548677444,-0.594749899324806,-1.8192584734350818,-0.5834006762630131,ambos,19.161792934049565,3.66151757861202,48,0,2
Indonesia,IDN,1999,-0.4329368585313407,-0.3038173305124964,-0.3227501916255525,-0.3045794488197756,-0.886700671832434,0.9914818795166482,-0.18267075802117164,1.3663129860121002,-0.5866753058539755,-0.025349315557772752,-1.8174721234404299,0.7120359812641478,-0.594749899324806,-1.8192584734350818,-0.2507910244479441,ambos,19.17682464362125,3.633368850233631,48,0,3
Indonesia,IDN,2000,-0.4029761134575651,-0.33869251077942103,-0.28656851907394004,-0.057756599863436585,-1.1360153785916662,1.0098173475467478,-0.19657440924655492,1.2499453797775222,-0.5866753058539755,-0.025349315557772752,-2.091922497511144,0.8187978076605511,-0.594749899324806,-1.8192584734350818,0.3669126146371836,ambos,19.191149044330846,3.594986635145874,48,0,4
Indonesia,IDN,2001,-0.38295428307979507,-0.36027820404982264,-0.26379745443777775,-0.10552495967609775,-0.9782318344069411,1.027836536834814,-0.027301954692758302,1.7455727822302005,-0.8994420996891298,-0.6291683203048694,-1.6802469364050725,0.39175050207493695,-0.594749899324806,-1.4922097090269133,-0.7259476698980427,ambos,19.205029233547734,3.6194481036819144,48,0,5
Indonesia,IDN,2002,-0.35438078613788987,-0.3897737200038847,-0.21247323772240773,-0.41688828876258704,-0.6405602073861953,1.045679604029198,-0.03155208403889831,1.7331771636235458,-1.212208893524284,-1.232987325051966,-1.268571375299001,-0.03529680351067694,-0.594749899324806,-1.1651609446187448,-1.011041657168102,ambos,19.218586491035104,3.6698700363910732,48,0,6
Indonesia,IDN,2003,-0.3219693726662149,-0.38045907028131176,-0.10117064096732278,-0.5756532947029289,-0.6980230925781862,1.0633372355830915,-0.16415721391071375,1.3988982623869086,-1.212208893524284,-1.232987325051966,-1.8174721234404299,-0.03529680351067694,-0.594749899324806,-0.5110634158024079,-1.011041657168102,ambos,19.231824310741175,3.6614670672028304,48,0,7
Indonesia,IDN,2004,-0.2854812425773422,-0.024014130847865554,-0.019755014816722916,-0.39707282744530026,-0.5243612512718359,1.0805123526222569,-0.12999314533334538,1.4723544204431966,-1.212208893524284,-1.232987325051966,-0.9941210012282867,-0.03529680351067694,-0.594749899324806,-0.5110634158024079,-0.6309163408080225,ambos,19.244534424632466,3.6866493997402894,48,0,8
Indonesia,IDN,2005,-0.241104033502054,0.12036531891500604,-0.06812521458099267,-0.27423800830705636,-0.14329027084060916,1.0980833998127397,-0.03168833689847713,1.6324297947254554,-1.212208893524284,-1.232987325051966,-0.1707698790161436,-0.03529680351067694,-0.594749899324806,-0.5110634158024079,-0.44085368262798447,ambos,19.257372490693577,3.7397809133413698,48,0,9
Indonesia,IDN,2006,-0.19727532640817272,0.17977928537935595,0.040503675414670315,-0.4872862888276742,-0.4176797801950049,1.1164599166590097,-0.05599163589210311,1.6661022484411958,-1.212208893524284,-0.025349315557772752,0.10368049505457075,0.1782268492821305,-0.45668106056623414,0.6070074678803251,0.31939695009217406,ambos,19.270625040863848,3.701810384968589,48,0,10
Indonesia,IDN,2007,-0.14234994039894291,0.27861914735066434,0.301316306813477,-0.5404081222011291,-0.3730494999037422,1.1350195004858836,-0.03143558316661047,1.6540205497101146,-1.212208893524284,-0.025349315557772752,0.3781308691252851,0.1782268492821305,-0.45668106056623414,0.6070074678803251,0.7232800987247581,ambos,19.283833694049065,3.7080854281050364,48,0,11
Indonesia,IDN,2008,-0.08822740250174856,0.6119382994208262,0.24034442578927034,-0.43194423228371176,-0.33397455595871767,1.1534888783459436,0.0443324920967572,1.7595641291041801,-1.212208893524284,-0.025349315557772752,0.3781308691252851,0.1782268492821305,-0.45668106056623414,0.5947972984904049,1.0321319182673232,ambos,19.29680719829635,3.713547243424556,48,0,12
Indonesia,IDN,2009,-0.04786744186785919,1.0257546161675772,0.39711314250780866,-0.8111829050427393,-0.4953723412218301,1.1717587339005453,0.025215527690737448,1.7253794927029682,-1.212208893524284,-0.025349315557772752,0.6525812431959995,0.1782268492821305,-0.45668106056623414,0.5947972984904049,1.1746789119023522,ambos,19.309477060750737,3.6907919404898606,48,0,13
Indonesia,IDN,2010,0.013743866580295305,1.0117808276198668,0.4386387798800458,-0.7766237049512359,-0.2991809359860003,1.1901668249234394,0.07303130493842741,1.317440198937262,-1.212208893524284,-0.025349315557772752,0.6525812431959995,0.1782268492821305,-0.45668106056623414,0.6279385888024479,0.6995222664522537,ambos,19.322082474712694,3.718385642831017,48,0,14
Indonesia,IDN,2011,0.07744125432015442,1.0490956964689742,0.5283631477408338,-0.6755244371156809,-0.2505722317526034,1.2090487433860115,0.24837411066683993,1.4126062879995784,-1.212208893524284,-0.025349315557772752,0.6525812431959995,0.1782268492821305,-0.45668106056623414,0.6279385888024479,0.6995222664522537,ambos,19.334849357725844,3.725106207337225,48,0,15
Indonesia,IDN,2012,0.14216818028950484,1.2201585365362624,0.5992269988560853,-0.6928778149698017,-0.24938310348209505,1.2283112165930306,0.3912831632937347,1.3858624869523006,-1.212208893524284,-0.025349315557772752,0.6525812431959995,0.1782268492821305,-0.45668106056623414,0.6680562217178341,0.6995222664522537,ambos,19.34770773933785,3.7252700497371625,48,0,16
Indonesia,IDN,2013,0.20384417025206117,1.1288415583616593,0.6642110754897953,-0.7203567203528903,-0.20711355892646136,1.2471288888851777,0.44662342909606983,1.3057122343981298,-1.212208893524284,-0.025349315557772752,0.3781308691252851,-0.03529680351067694,-0.3186122218076625,0.6785217821788955,0.6995222664522537,ambos,19.360111539445967,3.7310767321333387,48,0,17
Indonesia,IDN,2014,0.2609482904330911,1.1955819889562824,0.7244680935351274,-0.7365500055703613,-0.16011267030244783,1.2651768362101539,0.504759716244952,1.2465377668220285,-1.212208893524284,1.1822886939364206,0.6525812431959995,0.1782268492821305,-0.042474544290519535,1.137262356814761,0.6995222664522537,ambos,19.37186514852068,3.7374940275882986,48,0,18
Indonesia,IDN,2015,0.31905283155282316,1.231339061171579,0.8794711606510707,-0.9150646256401581,-0.2515114751963535,1.282609755327503,0.5888763594753694,1.0892200354487436,0.038858281816333155,-0.025349315557772752,0.6525812431959995,0.1782268492821305,0.09559429446805148,1.1512166118555174,0.4381861114546987,ambos,19.383088546653692,3.72497677599569,48,0,19
Indonesia,IDN,2016,0.38263924190902004,1.2029699822211029,0.8786343082466374,-1.0463174805030238,-0.5682572663046447,1.2994837363419955,0.5469046367919167,1.0273615492345458,0.038858281816333155,-0.025349315557772752,0.6525812431959995,0.1782268492821305,0.09559429446805148,1.140751051394456,0.41442827918219427,ambos,19.393833428615125,3.68034377123796,48,0,20
Indonesia,IDN,2017,0.4502422689686075,1.1524457204649756,0.991690430525004,-0.9901069788925368,-0.3001765294092798,1.315707803621514,0.5888963448428415,1.0332770963428777,0.038858281816333155,-0.025349315557772752,0.6525812431959995,0.39175050207493695,0.09559429446805148,1.0395836180855142,0.41442827918219427,ambos,19.404056722553793,3.718247520502669,48,0,21
India,IND,1996,-0.9069047855238314,0.22748147479646347,-0.6740409383690723,-1.4965423898906138,-0.5454919327504981,5.565762616194303,-0.3351947194841842,0.07397707131279532,0.6643918694866419,-0.025349315557772752,1.4759323654081427,-0.24881985843749468,0.7859384882609096,0.14303411301392915,2.1249922028025496,ambos,20.70273497273008,3.6836189565701494,49,0,0
India,IND,1997,-0.8988084384102903,0.3274494505586282,-0.6569553976256811,-1.4764925163123646,-0.5030205393783823,5.681840697216751,-0.30803500238047704,0.0676826539545025,0.6643918694866419,-0.025349315557772752,1.3387071783727853,-0.14205833097408582,0.8549729076401952,0.14303411301392915,2.1249922028025496,ambos,20.722399224546336,3.689700671667034,49,0,1
India,IND,1998,-0.8818757790773892,0.3406186518950924,-0.6569553976256811,-1.4451030926559763,-0.5441259357888796,5.798372307993906,-0.2645602440677226,0.0230097162999899,0.6643918694866419,-0.025349315557772752,1.2014819913374282,-0.03529680351067694,0.9240073270194807,0.14303411301392915,2.1249922028025496,ambos,20.741758862971416,3.683815138043344,49,0,2
India,IND,1999,-0.8529902881239393,0.5921329722514185,-0.7456999213469461,-1.4126661348683704,-0.570834333745073,5.915079480023358,-0.19515750173745672,-0.04255701418915258,0.6643918694866419,-0.025349315557772752,0.9270316172667138,0.17822684928213017,0.9930417463987669,0.14303411301392915,2.1249922028025496,ambos,20.76077915486813,3.679972338917964,49,0,3
India,IND,2000,-0.8443299896454803,0.4088193811404379,-0.5912059659772332,-1.3520623360530002,-0.519642599865797,6.032599078528315,-0.19085033635031345,0.024916332881821386,0.6643918694866419,-0.025349315557772752,0.6525812431959995,0.39175050207493695,1.0620761657780524,0.14303411301392915,2.1249922028025496,ambos,20.779573137469935,3.6873248695834038,49,0,4
India,IND,2001,-0.8309996594920364,0.882518418194872,-0.6038214420300687,-1.3784410261417275,-0.468695652499622,6.151782896276299,-0.13534708239610807,-0.04519358948514888,0.3516250756514875,-0.025349315557772752,0.10368049505457075,-0.0352965045776821,0.5788352301230519,0.14303411301392915,1.697351221897461,ambos,20.798279219663684,3.6945889599225317,49,0,5
India,IND,2002,-0.82176243116849,0.6887294580568274,-0.5321350074143271,-1.2762760859681725,-0.4765363720347957,6.269331700297993,-0.09435546478294754,0.05292728773575145,0.038858281816333155,-0.025349315557772752,-0.445220253086858,-0.4623435112303015,0.09559429446805148,0.14303411301392915,1.2697102409923713,ambos,20.816392162056825,3.6934744484148,49,0,6
India,IND,2003,-0.7926216949417355,0.6890081758061892,-0.43743941003701203,-1.2447794237886693,-0.5475201440063401,6.3839022038826085,-0.008420667634172471,0.03732108007101361,0.038858281816333155,-0.025349315557772752,-0.7196706271575724,-0.6758671640231085,0.09559429446805148,0.14303411301392915,1.2697102409923713,ambos,20.833735982483084,3.683327598324291,49,0,7
India,IND,2004,-0.7612464831878933,0.976498328477285,-0.37155906580396464,-1.0439206683040325,-0.5195752066984336,6.498388467898108,0.08932943620811436,0.18330474028729293,0.038858281816333155,-0.025349315557772752,-0.7196706271575724,-0.6758671640231085,0.09559429446805148,0.14303411301392915,1.6735933896249564,ambos,20.85077168714705,3.6873345135384055,49,0,8
India,IND,2005,-0.7275368378727726,1.2244841210007413,-0.27449862708020495,-0.9132038013037999,-0.49849056176758083,6.609869469325327,0.1679360752342686,0.20962848321956265,0.038858281816333155,-0.025349315557772752,0.10368049505457075,-0.6758671640231085,0.09559429446805148,0.14303411301392915,1.8398982155324901,ambos,20.86708590181881,3.6903471668110326,49,0,9
India,IND,2006,-0.6905475444527419,1.3249717045815081,-0.24359622177052603,-0.8050113150742247,-0.28081053184934257,6.718473229159695,0.23843690521795277,0.3262042917196545,0.038858281816333155,-0.025349315557772752,0.10368049505457075,-0.6758671640231085,0.09559429446805148,0.8285283232134504,1.8398982155324901,ambos,20.88272715405806,3.720930818685681,49,0,10
India,IND,2007,-0.6532439794151973,1.5948574964664668,-0.15818507180504807,-0.8061218285890335,-0.2907445773443432,6.824657990610102,0.34608112564127097,0.3241963509970009,0.038858281816333155,-0.025349315557772752,0.3781308691252851,-0.6758671640231085,0.16462871384733763,1.0465610072449034,1.8398982155324901,ambos,20.89778706848453,3.7195552846938016,49,0,11
India,IND,2008,-0.6426919239624624,1.4622251789790714,-0.04738101886528541,-0.5828686240064118,-0.020037048512163067,6.927607842824784,0.40402025843159917,0.3437289730191302,0.038858281816333155,-0.025349315557772752,0.6525812431959995,-0.6758671640231085,0.09559429446805148,0.8494594441355732,1.8398982155324901,ambos,20.912174786647206,3.7563786615955577,49,0,12
India,IND,2009,-0.6007531773741465,1.3693959680070802,-0.07817679042586645,-0.7890740067575233,-0.18957520583050463,7.032579385034244,0.5135646654587805,0.3424450583178587,0.038858281816333155,-0.025349315557772752,0.6525812431959995,-0.6758671640231085,0.09559429446805148,0.8494594441355732,1.8398982155324901,ambos,20.92663495983085,3.7334761610303655,49,0,13
India,IND,2010,-0.5518065537116517,1.2819839063784337,0.05154695892095756,-0.7024012078736517,-0.3674462130591715,7.139716860869255,0.6234086183368782,0.3092917868994398,0.038858281816333155,-0.025349315557772752,0.6525812431959995,-0.6758671640231085,0.09559429446805148,0.7587580945657149,1.8398982155324901,ambos,20.941180996007372,3.7088704785757654,49,0,14
India,IND,2011,-0.5234067195703318,1.4132211448253278,0.1302928788020758,-0.5173145507509745,-0.303225581633616,7.245580982140909,0.7811599300160825,0.2621588306725269,0.038858281816333155,-0.025349315557772752,0.6525812431959995,-0.6758671640231085,0.09559429446805148,0.762246265867387,1.5548042282624317,ambos,20.955349272150496,3.717824395581537,49,0,15
India,IND,2012,-0.49192879283090063,1.3070489931443423,0.22734476475423765,-0.5123786036921786,-0.4238052926003658,7.349691925179841,0.9355609528185147,0.19831482834490435,0.038858281816333155,-0.025349315557772752,0.6525812431959995,-0.6758671640231085,0.09559429446805148,0.8006203364099611,1.8398982155324901,ambos,20.969089833800005,3.700946053112853,49,0,16
India,IND,2013,-0.45135836936427853,1.0476840945471746,0.21534495030842496,-0.5690376637949627,-0.3882257214370898,7.4520455314068546,0.94400981853134,0.11518959047490866,0.038858281816333155,-0.025349315557772752,0.6525812431959995,-0.4623435112303015,0.09559429446805148,0.8302724088642861,1.8398982155324901,ambos,20.9824168768404,3.7059560579251967,49,0,17
India,IND,2014,-0.3994741016964776,0.9004375159912537,0.4110395377297068,-0.7120794709026272,-0.35683832187160214,7.550178931515704,0.9630751568495648,0.05257149249971206,0.038858281816333155,-0.025349315557772752,0.6525812431959995,-0.4623435112303015,0.09559429446805148,0.870390565057696,1.8398982155324901,ambos,20.995029779543263,3.7103550151980262,49,0,18
India,IND,2015,-0.33852953743574205,0.7372582350970778,0.4010104473972562,-0.9154926041880325,-0.287468857970636,7.644133627768786,0.9700968219699878,0.026720265137577495,0.038858281816333155,1.1822886939364206,0.6525812431959995,-0.4623435112303015,0.23366313322662344,0.8389938836745118,2.053718705985035,ambos,21.00695833587266,3.720009071701014,49,0,19
India,IND,2016,-0.27099084908232307,0.6712755762782842,0.448958664446781,-0.9689792044314333,-0.31454629016047186,7.739117473927398,1.0026599933182785,-0.034215730564519264,0.038858281816333155,1.1822886939364206,0.6525812431959995,-0.24881985843749468,0.3717319719851945,0.8512035297864089,2.1249922028025505,ambos,21.018874632503948,3.716251823107849,49,0,20
India,IND,2017,-0.21337800028730353,0.6699886119171453,0.4032890712880873,-0.9497979300268619,-0.38979360026391485,7.832868101479975,1.0129444879496954,-0.04416967028427615,0.038858281816333155,1.1822886939364206,0.9270316172667138,-0.03529680351067694,0.5098008107437664,0.7500366197554899,2.1249922028025505,ambos,21.030498593930048,3.7057358107739993,49,0,21
"Iran, Islamic Rep.",IRN,1996,0.33641923914933386,1.068121654284452,0.28048589364215987,-1.1102552123030527,-0.6497564361992144,0.09578616208828729,2.63394712769283,1.2594373846943239,-1.212208893524284,-0.025349315557772752,-0.1707698790161436,-1.9570084829139611,-1.285094093117663,-1.1651609446187448,3.265368151882787,ambos,17.956759396074748,3.6685299812645367,50,0,0
"Iran, Islamic Rep.",IRN,1997,0.338764277759462,1.2117524468764815,0.28048589364215987,-1.1849952584716616,-0.6453942902288944,0.1003107081866881,2.6019765053620354,0.9774175204128156,-0.8994420996891298,-0.025349315557772752,-0.445220253086858,-1.850246656517558,-1.0779908349798062,-1.1651609446187448,2.909000667795213,ambos,17.968747088884772,3.6691658478858584,50,0,1
"Iran, Islamic Rep.",IRN,1998,0.3500765984175833,1.2103133724418544,0.28048589364215987,-1.2844263406005578,-0.649726792861446,0.10556245673585807,2.5714512514906755,0.45807599229031215,-0.5866753058539755,-0.025349315557772752,-0.7196706271575724,-1.7434848301211545,-0.8708875768419492,-1.1651609446187448,2.410086190072609,ambos,17.98248364134912,3.6685343037155667,50,0,2
"Iran, Islamic Rep.",IRN,1999,0.3593588728281211,1.1141229942291655,0.3956591713363953,-1.1200167168571942,-0.6481556605031343,0.11108454873117558,2.5685986038988853,0.8726306928927442,-0.5866753058539755,-0.025349315557772752,-0.5824454401222151,-1.7434848301211545,-0.6637843187040916,-1.1651609446187448,2.410086190072609,ambos,17.996726642952414,3.6687633720569943,50,0,3
"Iran, Islamic Rep.",IRN,2000,0.43091974367547653,1.048853414116834,0.41459749071387,-0.934838229113652,-0.6473080840872139,0.11689145268706115,2.576289108236749,1.1108078712805014,-0.5866753058539755,-0.025349315557772752,-0.445220253086858,-1.7434848301211545,-0.45668106056623414,-1.1651609446187448,2.410086190072609,ambos,18.011488599063174,3.6688869254259076,50,0,4
"Iran, Islamic Rep.",IRN,2001,0.44523220689856025,1.59322453448818,0.3986951293573122,-0.9558117521795535,-0.5972525770710515,0.12305680588391807,2.5887689590643865,1.0782942262012956,-0.5866753058539755,-0.025349315557772752,-0.3079950660515008,-1.5299614762613418,-0.45668106056623414,-0.8381121802105763,1.436015066899906,ambos,18.026926880724353,3.6761567041970595,50,0,5
"Iran, Islamic Rep.",IRN,2002,0.5712158863240752,1.283894025422685,0.4045924033210608,-0.7338614479764907,-0.17478558189373225,0.12639388371384186,2.6228086678314955,1.5455821093809192,-0.5866753058539755,-0.025349315557772752,-0.1707698790161436,-1.3164381224015291,-0.45668106056623414,-0.5110634158024079,0.6995222664522537,ambos,18.035184690467055,3.7354950703233456,50,0,6
"Iran, Islamic Rep.",IRN,2003,0.7109869232117911,1.2127032762947896,0.39885073462119675,-0.661019787274692,-0.3221012971727285,0.13091655039696742,2.646837382404555,1.5085227114609603,-0.5866753058539755,-0.025349315557772752,-0.9941210012282867,-1.3164381224015291,-0.594749899324806,-1.1651609446187448,0.6995222664522537,ambos,18.046268578583245,3.7152009709347475,50,0,7
"Iran, Islamic Rep.",IRN,2004,0.7539367418415284,1.0407036815362016,0.3983400513881271,-0.6425726110409921,-0.37047977654602504,0.1397884405821034,2.6312381288050135,1.7101829545350715,-0.5866753058539755,-0.025349315557772752,-0.7196706271575724,-1.3164381224015291,-0.594749899324806,-1.1651609446187448,0.6995222664522537,ambos,18.0676607838436,3.7084455366101055,50,0,8
"Iran, Islamic Rep.",IRN,2005,0.7731288818884523,0.7159415674995843,0.3947625097980498,-0.5517061280407939,-0.42882358973846185,0.14916844709449464,2.621145841277983,1.891451792830882,-0.5866753058539755,-0.025349315557772752,-0.7196706271575724,-1.3164381224015291,-0.7328187380833772,-1.1651609446187448,0.6995222664522537,ambos,18.089791278622965,3.7002373961751194,50,0,9
"Iran, Islamic Rep.",IRN,2006,0.8305777642970965,0.5572467186280066,0.44931705316626264,-0.5887060758871081,-0.500859423748616,0.1585016352841404,2.6146664812880553,1.7762251897652042,-0.5866753058539755,-0.025349315557772752,-0.9941210012282867,-1.3164381224015291,-0.7328187380833772,-0.8721252517090259,0.6995222664522537,ambos,18.111335687613675,3.6900091471279084,50,0,10
"Iran, Islamic Rep.",IRN,2007,0.9674175258700585,0.6898922504292437,0.4388445981900783,-0.6840310787775566,-0.5525841955847891,0.16572038582677606,2.568722525724527,1.7741975018566953,-0.5866753058539755,-0.025349315557772752,-0.7196706271575724,-1.3164381224015291,-0.7328187380833772,-0.8721252517090259,0.6995222664522537,ambos,18.127686573926923,3.682599762290664,50,0,11
"Iran, Islamic Rep.",IRN,2008,0.9455992250935812,1.123622299251304,0.5542819082203779,-0.7322131587491495,-0.5682180553576653,0.17115909144784983,2.55374636488858,1.7267737583428504,-0.5866753058539755,-0.025349315557772752,-0.1707698790161436,-1.3164381224015291,-0.7328187380833772,-0.8895676780514543,0.6995222664522537,ambos,18.139831342217434,3.6803494216401043,50,0,12
"Iran, Islamic Rep.",IRN,2009,0.9402106386277653,0.9942754017283404,0.6097469079198385,-0.8638590518817431,-0.527460658015296,0.17678910961114783,2.339436674669628,1.3442653123421993,-0.5866753058539755,-0.025349315557772752,-0.445220253086858,-1.3164381224015291,-0.7328187380833772,-0.8895676780514543,0.6995222664522537,ambos,18.152249852660642,3.6862054746195287,50,0,13
"Iran, Islamic Rep.",IRN,2010,1.0409281726763124,0.5700551265831677,0.5606702768112825,-0.8617938010895921,-0.5224497211644136,0.1825348520242191,2.548370045116842,1.4373654623989867,-1.212208893524284,-0.025349315557772752,-0.445220253086858,-1.1029144696087223,-0.7328187380833772,-1.0448069993165388,0.46194394372720377,ambos,18.164766591713757,3.6869230881871484,50,0,14
"Iran, Islamic Rep.",IRN,2011,1.0734456442311446,0.7760920554924081,0.6426866661925752,-0.9359377238141822,-0.5345813840422802,0.1882790372074909,2.334524894144087,1.6065985973113426,-1.212208893524284,-0.025349315557772752,-0.445220253086858,-1.1029144696087223,-0.7328187380833772,-1.0378301334351723,0.4144282791821931,ambos,18.17712526700744,3.6851848326197305,50,0,15
"Iran, Islamic Rep.",IRN,2012,0.9557557299520696,0.8972551180393135,0.6937279517056143,-0.8525316427613603,-0.5268798088837228,0.19416776434142302,2.4599095058500864,1.2604100764783017,-1.212208893524284,-0.025349315557772752,-0.1707698790161436,-0.8893908168159154,-0.7328187380833772,-1.0378301334351723,0.4144282791821931,ambos,18.189638341186416,3.68628868410262,50,0,16
"Iran, Islamic Rep.",IRN,2013,0.8923853160877341,0.5812931334953784,0.653176502607808,-0.7654219139726905,-0.5468878336700589,0.2003973159775231,2.3925988384916788,1.3176913519987827,-0.5866753058539755,-0.025349315557772752,-0.1707698790161436,-1.3164381224015291,-0.7328187380833772,-1.0378301334351723,0.4144282791821931,ambos,18.20270739159566,3.6834184405882873,50,0,17
"Iran, Islamic Rep.",IRN,2014,0.9712129647571668,0.7175944007760723,0.6894248040091198,-0.8158532108603858,-0.5738421939728078,0.20688493221330584,2.3097189529999738,1.0206508207969895,-0.5866753058539755,-0.025349315557772752,-0.445220253086858,-1.3164381224015291,-0.7328187380833772,-1.0378301334351723,0.4144282791821931,ambos,18.21613868219046,3.67953864194708,50,0,18
"Iran, Islamic Rep.",IRN,2015,0.9083810171519994,0.32926183362087624,0.6946171640557967,-0.9881571602661184,-0.5658749548064961,0.21355128979136062,2.145715464335726,0.4305679930845763,-0.5866753058539755,-0.025349315557772752,-0.445220253086858,-1.1029144696087223,-0.594749899324806,-1.0064334520519886,0.4144282791821931,ambos,18.229754629905592,3.6806870107415643,50,0,19
"Iran, Islamic Rep.",IRN,2016,1.0693566781241648,0.14162845554884826,0.7162076703157746,-0.9749440124154126,-0.530260611444657,0.22066840274919072,2.0781283966947233,0.610227809060465,0.038858281816333155,-0.025349315557772752,0.10368049505457075,-1.1029144696087223,-0.594749899324806,-0.9750367706688045,0.4144282791821931,ambos,18.24408948559304,3.6858042704165657,50,0,20
"Iran, Islamic Rep.",IRN,2017,1.1063136903513466,0.1608084726036948,0.6955543822852649,-0.8796655212099778,-0.48142068792102016,0.2279147478811851,2.0856678618920097,0.7624114673044836,-0.5866753058539755,-0.025349315557772752,0.10368049505457075,-0.8893908168159154,-0.594749899324806,-0.9558497353975175,0.4144282791821931,ambos,18.258476529632457,3.692779543625511,50,0,21
Iraq,IRQ,1996,-0.34879530935780484,-2.6543447225619365,-0.8949096433492846,-2.1330766529288434,-0.6568787796657782,-0.15110324940943182,0.7623622503480372,2.628419631546984,-1.212208893524284,-1.232987325051966,-2.091922497511144,-1.3164381224015291,-1.4231629318762347,-1.1651609446187448,-1.8663236189782797,ambos,16.88362497957965,3.667490892984035,51,0,0
Iraq,IRQ,1997,-0.18067097957476239,-2.540382308316133,-0.8949096433492846,0.9521869661005649,-0.6525632531103575,-0.1470743081023111,0.8100220969505095,4.014952555428664,-1.212208893524284,-1.232987325051966,-2.091922497511144,-1.3164381224015291,-1.4231629318762347,-1.1651609446187448,-2.222691103065854,ambos,16.914547966327323,3.668120619862901,51,0,1
Iraq,IRQ,1998,0.16651634995761325,-2.4518521473950714,-0.8949096433492846,1.709398196320226,-0.6472648361840194,-0.14285125601244525,0.9364506822654616,3.607270034159972,-1.212208893524284,-1.232987325051966,-2.091922497511144,-1.3164381224015291,-1.4231629318762347,-1.1651609446187448,-2.721605580788458,ambos,16.945966013679424,3.6688932293733876,51,0,2
Iraq,IRQ,1999,0.37042804910267224,-2.478123993406003,-1.0606960161850194,1.8858466614994867,-0.6522356229867184,-0.13836376124375635,1.0299656020941241,4.395918334610538,-1.212208893524284,-1.232987325051966,-2.091922497511144,-1.3164381224015291,-1.285094093117663,-1.1651609446187448,-2.721605580788458,ambos,16.97830387000341,3.6681684118567075,51,0,3
Iraq,IRQ,2000,0.58899602542343,-2.3898394260500875,-0.963791872464792,1.5086793177945312,-0.653546400241,-0.13366505003011878,1.12539920142612,4.832771282095709,-1.212208893524284,-1.232987325051966,-2.091922497511144,-1.3164381224015291,-1.1470252543590918,-1.1651609446187448,-2.721605580788458,ambos,17.01107914716419,3.6679771927152363,51,0,4
Iraq,IRQ,2001,0.5632397591941667,-2.0010947282380993,-0.968310632774274,1.5506350350896483,-0.6567541224850062,-0.12904834695285644,1.1030079248248852,4.21567408511871,-1.212208893524284,-1.232987325051966,-2.091922497511144,-1.3164381224015291,-1.285094093117663,-1.1651609446187448,-2.721605580788458,ambos,17.042268874208197,3.667509088674393,51,0,5
Iraq,IRQ,2002,0.35642666052972327,-2.0939601320281813,-0.968310632774274,1.3466715728465741,-0.6537080519180856,-0.12422320777197324,1.0132102320756975,3.942804049446666,-1.212208893524284,-1.232987325051966,-2.091922497511144,-1.3164381224015291,-1.4231629318762347,-1.1651609446187448,-2.721605580788458,ambos,17.073859371853832,3.667953608071147,51,0,6
Iraq,IRQ,2003,-0.2846176853257292,-1.453116816247494,-0.8357641929047324,2.3485121625248704,0.14464750883918676,-0.119473358563656,0.9358937878834256,3.66509007408303,-1.212208893524284,-1.232987325051966,-2.091922497511144,-1.3164381224015291,-1.4231629318762347,-1.1651609446187448,-1.9138392835232902,ambos,17.104011694287102,3.7781343011897004,51,0,7
Iraq,IRQ,2004,0.21709114102246357,-2.093034004443364,-0.6644785258803452,1.36038680414838,-0.5102452499572837,-0.11484809370569533,0.8597409473713103,2.911899949218346,-0.5866753058539755,-0.025349315557772752,-2.091922497511144,-1.7434848301211545,-1.6993006093933776,-1.8192584734350818,-2.7928790776059724,ambos,17.1325245238189,3.6886687324407434,51,0,8
Iraq,IRQ,2005,0.19737055797289968,-1.0659386108872893,-0.6644785258803452,1.22985647890893,-0.4734410203323133,-0.10989854916638653,0.8568790843954929,3.060257376030103,-0.5866753058539755,-1.232987325051966,-2.091922497511144,-1.7434848301211545,-1.6993006093933776,-1.8192584734350818,-3.0066995680585173,ambos,17.162161957472154,3.6939145825962956,51,0,9
Iraq,IRQ,2006,0.270579784472318,-0.6002377705512545,-0.6644785258803452,0.47156908506873185,-0.550667423616103,-0.10865117229861206,0.8628140707365534,2.879200527369499,-1.212208893524284,-1.232987325051966,-1.8174721234404299,-1.7434848301211545,-1.8373694481519498,-1.1198100081948044,-3.0066995680585173,ambos,17.169494591628702,3.6828753146299364,51,0,10
Iraq,IRQ,2007,0.3131052797904009,-1.924880852238712,-0.4682253872946378,0.01943152069264752,-0.4621284099505593,-0.10999306287233925,0.8116529656372516,2.7673927785822525,-1.212208893524284,-1.232987325051966,-1.8174721234404299,-1.529961775194336,-1.8373694481519498,-0.9017778474413741,-3.0066995680585173,ambos,17.161604166507043,3.6955214993217207,51,0,11
Iraq,IRQ,2008,0.411338914826892,-0.9504720750779831,-0.4682253872946378,0.22178151449208838,-0.40682979478393727,-0.10653595901990104,0.8462065019836449,2.991693036900188,-1.212208893524284,-1.232987325051966,-1.8174721234404299,-1.1029144696087223,-1.8373694481519498,-0.6854892490607567,-1.9019603673870378,ambos,17.181807164755558,3.703339525800879,51,0,12
Iraq,IRQ,2009,0.405156281217855,-1.4942393088083963,-0.4682253872946378,0.15295781988552945,-0.403071671093641,-0.10004947043328345,0.8324648988531785,2.088261564963414,-1.212208893524284,-1.232987325051966,-1.5430217493697154,-1.1029144696087223,-1.8373694481519498,-0.6854892490607567,-1.5574717994357152,ambos,17.218646293138203,3.703868631568428,51,0,13
Iraq,IRQ,2010,0.45684966553698136,-0.7810623195683625,-0.4682253872946378,0.002128751466642913,-0.47716707055859237,-0.09415968128056088,0.8833824872367393,2.4064728584347823,-1.212208893524284,-1.232987325051966,-1.8174721234404299,-1.1029144696087223,-1.8373694481519498,-0.6854892490607567,-1.4386826380731905,ambos,17.25096014426062,3.693384744382257,51,0,14
Iraq,IRQ,2011,0.5241292355262799,-0.6667690470828331,-0.4682253872946378,-0.03641191610971077,-0.45741276512149254,-0.08750083539720938,0.9264080714443796,2.971545639993013,-1.212208893524284,-1.232987325051966,-0.7196706271575724,-1.1029144696087223,-1.561231770634807,-0.6802564688302261,-1.4386826380731905,ambos,17.286278310994888,3.6961905783867164,51,0,15
Iraq,IRQ,2012,0.6867412005676645,-0.9260096584080174,-0.4682253872946378,0.005360595004008519,-0.380642546067058,-0.07859050967809529,1.044475949177476,2.806651767109455,-1.212208893524284,-1.232987325051966,-0.7196706271575724,-1.3164381224015291,-1.4231629318762347,-0.23198197793344522,-1.628745296253231,ambos,17.331667526433154,3.7070206173084754,51,0,16
Iraq,IRQ,2013,0.7398666355713556,-0.3064941777766308,-0.4682253872946378,-0.1747853018283565,-0.8276829017210644,-0.06888230356106756,1.0998694035920116,2.565258952831962,-1.212208893524284,-1.232987325051966,-1.268571375299001,-1.3164381224015291,-1.4231629318762347,-0.23198197793344522,-1.72377662534325,ambos,17.378883193407802,3.6422430370914487,51,0,17
Iraq,IRQ,2014,0.7135800131243643,-0.20369652186229134,-0.4682253872946378,-0.12908615778964902,-1.4330813765042798,-0.0613164936306683,1.0972485405753352,2.3658233940162146,-1.212208893524284,-1.232987325051966,-1.5430217493697154,-1.1029144696087223,-1.4231629318762347,-0.20930624808246387,-1.72377662534325,ambos,17.41419338574558,3.547242211639978,51,0,18
Iraq,IRQ,2015,0.7104759954769991,0.4082661705681457,-0.4682253872946378,-0.1113791862393338,-1.4481958328498141,-0.05528759194919164,1.0839323729145431,1.5319754173772746,-1.212208893524284,-1.232987325051966,-1.5430217493697154,-0.8893908168159154,-1.4231629318762347,-0.23547014923511678,-1.72377662534325,ambos,17.441464482703047,3.544750992645851,51,0,19
Iraq,IRQ,2016,0.9343807977433394,-0.977686696851764,-0.4682253872946378,-0.5474100338602279,-1.3100042258809725,-0.04986358753204864,1.1706176803584587,1.6024335426078955,-1.212208893524284,-1.232987325051966,-1.5430217493697154,-0.8893908168159154,-1.561231770634807,-0.23547014923511678,-1.72377662534325,ambos,17.465379604809097,3.5673004637498265,51,0,20
Iraq,IRQ,2017,0.8450524101053442,-0.9765504379027922,-0.4682253872946378,-0.39650270122006565,-1.1238641888787124,-0.044686389122129924,1.1398931419513256,2.033037806350205,-1.212208893524284,-1.232987325051966,-1.5430217493697154,-1.3164381224015291,-1.561231770634807,-0.233726063584281,-1.72377662534325,ambos,17.48768510887667,3.5968918695118353,51,0,21
Jamaica,JAM,1996,0.2076727706373158,-0.09262817618332268,0.6312546454224295,-0.16115048806531496,-0.3324051004772765,-0.2643267313182985,0.4817000191381458,-0.1290726912180387,0.038858281816333155,-0.025349315557772752,0.10368049505457075,0.8187978076605511,-0.18054338304909118,0.14303411301392915,1.5548042282624317,ambos,14.741539320929874,3.713765996752062,52,0,0
Jamaica,JAM,1998,0.12967744979166526,-0.09262817618332268,0.6312546454224295,-0.16115048806531496,-0.01215663775593435,-0.2640566145952635,0.18781386462014404,-0.33954237573304763,0.038858281816333155,-0.025349315557772752,0.10368049505457075,0.8187978076605511,-0.18054338304909118,0.14303411301392915,1.5548042282624317,ambos,14.759314117004507,3.757430555987748,52,0,1
Jamaica,JAM,2000,0.13609508778645546,-0.09262817618332268,0.5976165947332136,-0.16115048806531496,0.16177449802108468,-0.2638293545069017,-0.022648430243672083,-0.3734882001257707,0.038858281816333155,-0.025349315557772752,0.10368049505457075,0.39175050207493695,-0.18054338304909118,0.14303411301392915,0.8895849246322929,ambos,14.774027865472632,3.7803699255836785,52,0,2
Jamaica,JAM,2002,0.1662146794888986,-0.09262817618332268,0.6138985887903148,-0.16115048806531496,0.14545094972133601,-0.2636339788478444,0.008417110611895583,-0.47727793680491415,-0.5866753058539755,-0.025349315557772752,-0.445220253086858,0.39175050207493695,-0.3186122218076625,-0.5110634158024079,-0.13200186308542003,ambos,14.786506497026087,3.7782392879405284,52,0,3
Jamaica,JAM,2003,0.21099924195864803,-0.09262817618332268,0.6272784343176083,-0.16115048806531496,0.6146710696332834,-0.2635382121983748,0.030151070748285595,-0.46308709346107757,-0.5866753058539755,-0.025349315557772752,-0.445220253086858,0.6052741548677444,-0.3186122218076625,-0.5110634158024079,-0.44085368262798447,ambos,14.792566701743475,3.8377436919576127,52,0,4
Jamaica,JAM,2004,0.22211289509113416,-0.09262817618332268,0.8004530223334714,-0.16115048806531496,0.30840879998183507,-0.2634451244614722,0.12772229054279952,-0.39902114807407196,-0.5866753058539755,-0.025349315557772752,0.3781308691252851,0.8187978076605511,-0.042474544290519535,-0.5110634158024079,-0.15575969535792394,ambos,14.798422390900239,3.799308577277827,52,0,5
Jamaica,JAM,2005,0.22725901516349262,-0.09262817618332268,0.7656148246621569,-0.16115048806531496,0.33915155623395554,-0.2633565771532187,0.06472239005264008,-0.4289448015102899,-0.5866753058539755,-1.232987325051966,0.3781308691252851,0.6052741548677444,0.09559429446805148,0.14303411301392915,0.41442827918219427,ambos,14.803960822158363,3.8032341009573103,52,0,6
Jamaica,JAM,2006,0.26361261323493457,-0.09262817618332268,0.7656148246621569,-0.16115048806531496,0.5818880947811845,-0.2632736322924047,0.0568732086732925,-0.4858772636416926,0.038858281816333155,1.1822886939364206,0.3781308691252851,1.459368168172983,0.3717319719851945,1.2052884998116602,0.22436562100215504,ambos,14.809121155478234,3.8336994083175875,52,0,7
Jamaica,JAM,2007,0.27856993225490034,-0.09262817618332268,0.8273346593572733,-0.16115048806531496,0.45635838698193004,-0.2631970714771288,0.09244219208281357,-0.47790590158320984,0.038858281816333155,1.1822886939364206,0.3781308691252851,1.459368168172983,0.3717319719851945,1.2052884998116602,0.41442827918219427,ambos,14.813860793180915,3.818060378367362,52,0,8
Jamaica,JAM,2008,0.25887079333682583,-0.09262817618332268,0.8869888617638939,-0.16115048806531496,1.1034331837706943,-0.26312645916035904,0.06470850198686756,-0.6140411061274711,0.038858281816333155,1.1822886939364206,0.3781308691252851,1.459368168172983,0.23366313322662344,0.7465479251757946,0.22436562100215504,ambos,14.818212353342636,3.896177259011094,52,0,9
Jamaica,JAM,2009,0.18461349624935341,-0.09262817618332268,0.9637999239931819,-0.16115048806531496,0.046861504913851375,-0.26305868088249634,-0.14441034124558233,-0.7476654507162122,0.038858281816333155,1.1822886939364206,0.10368049505457075,1.459368168172983,0.23366313322662344,0.7465479251757946,0.12933429191213489,ambos,14.8223715265676,3.765273448286646,52,0,10
Jamaica,JAM,2010,0.15669000327108665,-0.09262817618332268,0.9391975770644504,-0.16115048806531496,-0.40766061243525065,-0.26298963176192375,-0.24072209860112778,-0.756410159871905,0.038858281816333155,1.1822886939364206,-0.1707698790161436,1.459368168172983,0.09559429446805148,0.31048308039091127,0.34315478236467856,ambos,14.826590970570248,3.7032225172913225,52,0,11
Jamaica,JAM,2011,0.17558407682678498,-0.09262817618332268,1.0130931333502338,-0.16115048806531496,-0.4442670010225816,-0.2629184765029633,-0.2247787895465732,-0.7344337033955034,0.038858281816333155,1.1822886939364206,-0.1707698790161436,1.459368168172983,0.09559429446805148,0.29652882535015523,0.4144282791821931,ambos,14.83092056943852,3.698053404585988,52,0,12
Jamaica,JAM,2012,0.1601429693540748,-0.09262817618332268,1.0130931333502338,-0.16115048806531496,-0.16510216949512552,-0.26284726158002586,-0.30571192590644525,-0.7557802036566442,0.038858281816333155,1.1822886939364206,0.10368049505457075,1.2458451132461648,0.09559429446805148,0.34187976177409546,0.4144282791821931,ambos,14.835235110611123,3.736814733761066,52,0,13
Jamaica,JAM,2013,0.16177441337505807,-0.09262817618332268,0.7912160378393854,-0.16115048806531496,0.014688259156782903,-0.2627800978411262,-0.33821328087316016,-0.7469788968587826,0.038858281816333155,1.1822886939364206,0.9270316172667138,1.2458451132461648,0.23366313322662344,0.7779446065589791,0.6995222664522537,ambos,14.839287225190734,3.7610055892713214,52,0,14
Jamaica,JAM,2014,0.16657981037493172,-0.09262817618332268,0.8262490854478111,-0.16115048806531496,0.0793190054548421,-0.26272006394747704,-0.37682558605436706,-0.7247122439539905,0.038858281816333155,1.1822886939364206,1.2014819913374282,1.032321460453358,0.23366313322662344,0.7779446065589791,0.6995222664522537,ambos,14.842895337344016,3.769560636531433,52,0,15
Jamaica,JAM,2015,0.17549674992076628,-0.09262817618332268,0.7895178004120835,-0.16115048806531496,0.42807169657542865,-0.2626676491436898,-0.38086353008984275,-0.8191463473860949,0.038858281816333155,1.1822886939364206,1.2014819913374282,1.2458451132461648,0.23366313322662344,0.7779446065589791,1.127163247357342,ambos,14.846034922699708,3.814502277698845,52,0,16
Jamaica,JAM,2016,0.21241778536076486,-0.09262817618332268,0.8829971243929781,-0.16115048806531496,0.43628253893729485,-0.2626236111622721,-0.2764156457691528,-0.8319202759845673,0.038858281816333155,1.1822886939364206,1.2014819913374282,1.2458451132461648,0.23366313322662344,0.7779446065589791,0.6995222664522537,ambos,14.848665147624683,3.8155364004502004,52,0,17
Jamaica,JAM,2017,0.244029414070194,-0.09262817618332268,0.7490926972988601,-0.16115048806531496,0.3318126540883043,-0.2625887137021296,-0.27399562502350233,-0.8130066397305895,0.038858281816333155,1.1822886939364206,0.9270316172667138,1.032321460453358,0.3717319719851945,0.7605021802165512,0.6995222664522537,ambos,14.850744541073237,3.802298400314325,52,0,18
Jamaica,JAM,2018,0.2806071831428503,-0.09262817618332268,0.7319037868295728,-0.16115048806531496,0.15058820402844747,-0.26256286130089906,-0.22017716264736117,-0.7651439649171928,0.038858281816333155,1.1822886939364206,1.2014819913374282,1.032321460453358,0.23366313322662344,0.7134071581417749,0.8420692600872839,ambos,14.852282194083518,3.7789103197615974,52,0,19
Jordan,JOR,1996,-0.15294548007620665,0.8199847985868978,0.779509215964534,1.674987656889595,-0.6143476939253673,-0.25007865739357843,0.48319076690691426,-0.47318299238746686,0.6643918694866419,1.1822886939364206,-0.445220253086858,0.1782268492821305,0.647869649502338,-0.5110634158024079,3.0753054937027478,ambos,15.407296995713462,3.6736798440792757,53,0,0
Jordan,JOR,1997,-0.14636831399012265,0.3809552578336142,0.779509215964534,1.37500895669055,0.21804890324488485,-0.24928053833975683,0.4583339067312339,-0.444255677360635,0.6643918694866419,1.1822886939364206,-0.5824454401222151,0.1782268492821305,0.647869649502338,-0.5110634158024079,2.338812693255094,ambos,15.434163085134244,3.7876805573638066,53,0,1
Jordan,JOR,1998,-0.1387264086382392,-0.17910302107723247,0.779509215964534,1.0354274257406022,0.032038743919933575,-0.24857650937765127,0.4397072475776044,-0.45844650881499643,0.6643918694866419,1.1822886939364206,-0.7196706271575724,0.1782268492821305,0.647869649502338,-0.5110634158024079,1.8398982155324901,ambos,15.457277219201139,3.763309435639692,53,0,2
Jordan,JOR,1999,-0.12480317879157814,0.09244235319199248,0.816801231396482,0.9022642978875068,-0.31438492471965057,-0.24790731821171125,0.42989094153924856,-0.485387756703609,0.6643918694866419,0.5784696891893238,-0.3079950660515008,0.1782268492821305,0.647869649502338,-0.5110634158024079,1.3647415700823915,ambos,15.478763133462722,3.716274255947019,53,0,3
Jordan,JOR,2000,-0.0998907746198764,-0.18561251324106662,0.7620516296566926,1.072525170529186,1.2351364918470196,-0.24724802529955414,0.42868649517132823,-0.46779064498808737,0.6643918694866419,-0.025349315557772752,0.10368049505457075,0.1782268492821305,0.647869649502338,-0.5110634158024079,1.2697102409923713,ambos,15.499489177480259,3.911355955038531,53,0,4
Jordan,JOR,2001,-0.06214746254172889,-0.39094193513272574,0.7620516296566926,1.0422010796620647,-0.12012539638147307,-0.24658009304352863,0.4398618785273282,-0.4657431758133658,0.3516250756514875,0.5784696891893238,-0.5824454401222151,0.1782268492821305,0.44076639136448087,-0.5110634158024079,1.2697102409923713,ambos,15.520057720926856,3.7429214787181877,53,0,5
Jordan,JOR,2002,-0.01762300481491382,-0.44810758776598225,0.7273891776468978,1.1803439867682142,-0.21854619006217724,-0.2458809982923203,0.4671437117252404,-0.35522379229940504,0.038858281816333155,1.1822886939364206,-1.268571375299001,0.1782268492821305,0.23366313322662344,-0.5110634158024079,1.2697102409923713,ambos,15.54114215481605,3.7295095240208074,53,0,6
Jordan,JOR,2003,0.006619823795555516,-0.24511690291289248,0.732003535871165,1.2288188171094159,0.2851533757976464,-0.24513065218487604,0.738053667780935,-0.3339672602715545,0.038858281816333155,1.1822886939364206,-1.268571375299001,-0.03529680351067694,0.23366313322662344,-0.5110634158024079,1.2697102409923713,ambos,15.563288358655432,3.796328835412612,53,0,7
Jordan,JOR,2004,0.08515799957104657,0.2591076559245227,0.72827066491306,1.7785208511599477,0.7828664863504251,-0.2442939663363269,1.0865743835324786,-0.18674502997911852,0.038858281816333155,-0.025349315557772752,-0.445220253086858,-0.03529680351067694,0.3717319719851945,-0.5110634158024079,1.2697102409923713,ambos,15.587417938672964,3.8582397914697135,53,0,8
Jordan,JOR,2005,0.16173310974455196,0.9667459746327807,0.7547602539227106,2.1356142793714423,2.10469488607825,-0.24341376754935767,1.0597794739821194,-0.17621950257274113,0.038858281816333155,-0.025349315557772752,-0.7196706271575724,-0.03529680351067694,0.5098008107437664,0.14303411301392915,1.2697102409923713,ambos,15.612189241327647,4.006174320836763,53,0,9
Jordan,JOR,2006,0.182342011280532,0.33979565501376746,0.8408582466265616,1.9856102750838418,3.464881415947095,-0.24104043000698702,1.0079956236168583,-0.18223617001417064,0.038858281816333155,-0.025349315557772752,-0.7196706271575724,-0.03529680351067694,0.5098008107437664,0.172686708746277,1.2697102409923713,ambos,15.676076303493703,4.138520040753473,53,0,10
Jordan,JOR,2007,0.20975320517577828,0.5858775284451749,0.8748731710577383,2.109032828255155,2.0279127748603454,-0.23865473008858368,0.974303873742805,0.04320594010561067,0.038858281816333155,-0.025349315557772752,0.10368049505457075,-0.03529680351067694,0.5098008107437664,0.172686708746277,1.2697102409923713,ambos,15.736429292649554,3.9981544528037363,53,0,11
Jordan,JOR,2008,0.28142760159909314,1.074494987771698,0.9013260659182832,1.9613592835481555,1.529320810822595,-0.23768436113318675,0.9543221336153248,0.21893308892604368,0.038858281816333155,-0.025349315557772752,0.10368049505457075,-0.03529680351067694,0.5098008107437664,0.17443079439711337,1.2697102409923713,ambos,15.759972086847286,3.944450712482842,53,0,12
Jordan,JOR,2009,0.3257458941016104,0.9800170783051918,0.9013260659182832,1.1255079930191652,1.0671916976226898,-0.2367781428858514,0.9083628226389727,0.06118359249684983,0.038858281816333155,-0.025349315557772752,0.10368049505457075,-0.03529680351067694,0.5098008107437664,0.17443079439711337,1.2697102409923713,ambos,15.781468962410022,3.8919597165319897,53,0,13
Jordan,JOR,2010,0.32799005567556866,0.994152099365296,0.8621899625717799,1.1856861677923467,0.4352372225548631,-0.2358516209871457,0.8440075072794795,-0.06367778188646678,0.038858281816333155,-0.025349315557772752,0.10368049505457075,-0.03529680351067694,0.5098008107437664,0.1412900273630928,1.2697102409923713,ambos,15.802979892604869,3.815404806424518,53,0,14
Jordan,JOR,2011,0.3315640805518202,0.7025376031677205,0.8704566301636266,1.3157969823000095,0.22717256225323473,-0.23475749701067236,0.7729444386980783,-0.019519519909816246,0.038858281816333155,-0.025349315557772752,-0.1707698790161436,-0.03529680351067694,0.647869649502338,0.1674539285157463,1.2697102409923713,ambos,15.827800166518387,3.7888607970515022,53,0,15
Jordan,JOR,2012,0.34776631052892676,0.20299666644475417,0.857391857706116,1.2912659504852937,0.20292957950050072,-0.23412086447697678,0.7157239059841296,-0.10207897577650812,0.038858281816333155,-0.025349315557772752,-0.1707698790161436,0.1782268492821305,0.5098008107437664,-0.29128664612011873,1.0796475828123333,ambos,15.841963685141389,3.7857216443576913,53,0,16
Jordan,JOR,2013,0.30497605279298123,-0.0356643323951607,0.8599605995680007,1.1051508989622791,0.3350288617979854,-0.23170637072327718,0.6446403138177801,-0.11606193419075458,0.6643918694866419,1.1822886939364206,-0.1707698790161436,0.39175050207493695,0.647869649502338,-0.29128664612011873,0.984616253722313,ambos,15.893927825254153,3.802708570462739,53,0,17
Jordan,JOR,2014,0.20790173871268253,-0.050391577651082195,0.9166452961470591,1.0611880952403225,0.3809205799789972,-0.22693384323730534,0.5547486693952302,-0.12709345488594181,0.6643918694866419,1.1822886939364206,-0.1707698790161436,0.39175050207493695,0.647869649502338,-0.29128664612011873,1.0083740859948176,ambos,15.98931990373371,3.808542990213421,53,0,18
Jordan,JOR,2015,0.12322327982103234,-0.09882508611558119,0.9166452961470591,0.6374375617147131,0.07211814245158515,-0.2224410324082665,0.4581596360344298,-0.1501823333595365,0.6643918694866419,1.1822886939364206,-0.1707698790161436,0.39175050207493695,0.647869649502338,-0.27384421977769113,1.2697102409923713,ambos,16.07149972768061,3.7686110870827103,53,0,19
Jordan,JOR,2016,0.08444692658624453,-0.3158111631255328,0.9166452961470591,0.4445471413894854,0.02761333050860912,-0.2196867165072124,0.3775899835891454,-0.19732330666147732,0.6643918694866419,1.1822886939364206,0.10368049505457075,0.6052741548677444,0.647869649502338,-0.25640127015723957,1.2697102409923713,ambos,16.118732248287237,3.7627223208027267,53,0,20
Jordan,JOR,2017,0.08711962024364397,-0.3027471885823721,0.9168451097729176,0.4739254542930299,0.20001353908034247,-0.21832721909387492,0.32278059063305004,-0.21031896302836084,0.6643918694866419,1.1822886939364206,0.10368049505457075,0.8187978076605511,0.647869649502338,-0.27209961084883166,1.1984367441748578,ambos,16.14124824906659,3.7853433900356697,53,0,21
Kazakhstan,KAZ,1996,0.3136455070182885,-0.6566615809871457,0.8589445995946771,-0.0625025077432572,0.29223251779485576,-0.18144413583068594,-0.17691278823694592,-0.12048712635285867,-1.212208893524284,-1.232987325051966,-1.8174721234404299,-0.24881985843749468,-1.561231770634807,-1.8192584734350818,1.2697102409923713,ambos,16.6137687326042,3.7972368336806874,54,0,0
Kazakhstan,KAZ,1997,0.3794923394139726,-0.7745752431817919,0.8589445995946771,-0.03094178670177691,0.3895558431135722,-0.1836682656993955,-0.19930357731205603,-0.11892960371575093,-1.212208893524284,-1.232987325051966,-1.4057965623343582,-0.4623435112303018,-1.4921973512555209,-1.8192584734350818,1.2697102409923713,ambos,16.590798882995173,3.809637034811633,54,0,1
Kazakhstan,KAZ,1998,0.3892616643389879,-0.8392510291388139,0.8133494983176296,-0.23889139051423292,0.25662075796256445,-0.18602777313189944,-0.23117468161301563,0.19129617704155844,-1.212208893524284,-1.232987325051966,-0.9941210012282867,-0.6758671640231085,-1.4231629318762347,-1.8192584734350818,1.2697102409923713,ambos,16.5658399952941,3.7926607497334044,54,0,2
Kazakhstan,KAZ,1999,0.4566902815441719,-0.7833834318830757,0.9411458392007974,0.26606067675083317,0.9924073084025521,-0.18717279048074678,-0.2430988591532302,0.4968191468703099,-1.212208893524284,-1.232987325051966,-0.5824454401222151,-0.6758671640231085,-1.4231629318762347,-1.8192584734350818,1.2697102409923713,ambos,16.553499747927614,3.8832001767539666,54,0,3
Kazakhstan,KAZ,2000,0.6238789110076615,-0.6454736215653052,0.9241100976597667,0.9379908181410676,0.6574526478704107,-0.18690293627921056,-0.22624350442594518,0.8991456458899278,-1.212208893524284,-1.232987325051966,-0.1707698790161436,-0.6758671640231085,-1.4231629318762347,-1.8192584734350818,1.0796475828123333,ambos,16.556421805159488,3.8429969762395477,54,0,4
Kazakhstan,KAZ,2001,0.8740689662361745,0.13127551673538831,0.9241100976597667,0.5645254401953468,1.5713465827542985,-0.1864587558696997,-0.19197281509125297,0.7624480044923064,-1.212208893524284,-1.232987325051966,-0.033544691980786426,-0.9961526432123189,-1.285094093117663,-1.4922097090269133,0.6520066019072441,ambos,16.561212999219094,3.9490903163251727,54,0,5
Kazakhstan,KAZ,2002,1.0754021512973653,0.16654030929753683,0.9241100976597667,0.5988947092534529,1.1848637641234487,-0.18597471992355832,-0.1987428971347591,0.7347656616003694,-1.212208893524284,-1.232987325051966,0.10368049505457075,-1.3164381224015291,-1.1470252543590918,-1.1651609446187448,0.4144282791821931,ambos,16.566408093201105,3.905589219751521,54,0,6
Kazakhstan,KAZ,2003,1.2819646290014264,0.04777658167494674,0.9241100976597667,0.5242531200004371,0.7556541010546781,-0.1854335497530496,-0.10722295935842542,0.6732210801533995,-1.212208893524284,-1.232987325051966,0.10368049505457075,-1.3164381224015291,-1.1470252543590918,-1.1651609446187448,0.4144282791821931,ambos,16.57218462369463,3.8549520752181543,54,0,7
Kazakhstan,KAZ,2004,1.512103216566082,0.2951382488413997,0.9241100976597667,0.6679901224312254,1.6233783832747133,-0.18482032936392556,-0.0467991162429819,0.6963589610237311,-1.212208893524284,-1.232987325051966,0.10368049505457075,-1.3164381224015291,-1.1470252543590918,-1.1651609446187448,0.4144282791821931,ambos,16.578690152873836,3.954804911465379,54,0,8
Kazakhstan,KAZ,2005,1.76270876434785,0.6441610947716628,0.9241100976597667,0.707319880435242,0.12634421571050555,-0.1841165450241257,0.033604190235155186,0.8867799859839524,-1.212208893524284,-1.232987325051966,0.10368049505457075,-1.3164381224015291,-1.1470252543590918,-1.1651609446187448,0.4144282791821931,ambos,16.586104667285635,3.775739593537986,54,0,9
Kazakhstan,KAZ,2006,2.062551125989445,0.914756564210674,1.2628255111977833,0.5239681484362729,0.990531560002964,-0.18330750746251456,0.09240385284885527,1.031378132012581,-1.212208893524284,-1.232987325051966,0.6525812431959995,-0.8893908168159154,-0.8708875768419492,-0.7517713064068199,0.4144282791821931,ambos,16.59456067287363,3.882979479797569,54,0,10
Kazakhstan,KAZ,2007,2.327792727067109,0.892842600937673,1.2628255111977833,0.5445471634477995,1.3444995663742063,-0.18239167734848583,0.15712058836155934,0.8953866950544452,-1.212208893524284,-1.232987325051966,0.6525812431959995,-0.8893908168159154,-0.8708875768419492,-0.7517713064068199,0.4144282791821931,ambos,16.604047368201186,3.9237871947940195,54,0,11
Kazakhstan,KAZ,2008,2.4090395133578695,0.5080762852473376,1.2628255111977833,0.6065414846377607,1.5518262407534116,-0.18138150058763997,0.15746404226997743,1.1061510669020518,-1.212208893524284,-1.232987325051966,0.6525812431959995,-0.8893908168159154,-0.8708875768419492,-0.7814239021391682,0.4144282791821931,ambos,16.614408025173073,3.9469379666567295,54,0,12
Kazakhstan,KAZ,2009,2.4098885471901603,0.623220157237638,1.2628255111977833,0.0680585466215274,1.5127465543519083,-0.18022807061803678,0.11905079427096928,0.9539963072031336,-1.212208893524284,-1.232987325051966,0.3781308691252851,-0.8893908168159154,-0.8708875768419492,-0.7814239021391682,0.4144282791821931,ambos,16.62610814157303,3.9426149956869927,54,0,13
Kazakhstan,KAZ,2010,2.629826401946941,0.20356472988829022,1.265735347196214,0.020751309110662752,0.22768830819447775,-0.17893357710763186,0.12940419056335412,1.1356135569192918,-1.212208893524284,-1.232987325051966,0.3781308691252851,-0.8893908168159154,-0.8708875768419492,-0.8075878032918221,0.4144282791821931,ambos,16.639078178299272,3.7889274725465545,54,0,14
Kazakhstan,KAZ,2011,2.8643669255252155,-0.14320002743034468,1.276992792668417,-0.0089038555822339,0.5963944400478532,-0.1775661264861614,0.16288830873142265,0.8565015337958313,-1.212208893524284,-1.232987325051966,0.3781308691252851,-0.8893908168159154,-0.8708875768419492,-0.8180533637528835,0.27188128554716456,ambos,16.65259891386677,3.835491006685963,54,0,15
Kazakhstan,KAZ,2012,3.0039403691196354,0.018932783349382355,1.2836092296116064,0.008704121842810351,0.4945836309134473,-0.17613357053299747,0.21935177970334246,0.775918953215724,-1.212208893524284,-1.232987325051966,0.3781308691252851,-0.8893908168159154,-0.8708875768419492,-0.8686365571293311,0.12933429191213544,ambos,16.666570002956473,3.822848595034794,54,0,16
Kazakhstan,KAZ,2013,3.19742261594349,-0.09262817618332268,1.234139762767672,-0.23297939857393762,0.08672756953464403,-0.17463960841471357,0.27901937732305393,0.5580695946691154,-1.212208893524284,-1.232987325051966,0.3781308691252851,-0.6758671640231085,-0.45668106056623414,-0.8494500451360677,0.12933429191213544,ambos,16.680934980553214,3.7705366345833697,54,0,17
Kazakhstan,KAZ,2014,3.318169134077264,-0.13215156388031138,1.2656861530851418,-0.24563808817169366,-0.07600988194152007,-0.17308963972122748,0.30589235928115377,0.5171280768219672,-1.212208893524284,-0.025349315557772752,0.3781308691252851,-0.4623435112303015,-0.45668106056623414,-0.8302630098647803,0.12933429191213544,ambos,16.695623540776573,3.74887527481612,54,0,18
Kazakhstan,KAZ,2015,3.3043356349918427,0.02842543003327926,1.254463976529294,-0.5921246411866602,-0.029336783940819986,-0.17149133723998033,0.378418970806426,0.3201430347666114,-1.212208893524284,-0.025349315557772752,0.3781308691252851,0.39175050207493695,-0.042474544290519535,-0.4133846770731606,0.12933429191213544,ambos,16.71054752792754,3.7551358876178895,54,0,19
Kazakhstan,KAZ,2016,3.2841198820267095,0.008770564723124088,1.2123075111105335,-0.38107993488964864,1.541798699093783,-0.16982414076450075,0.33738038423439876,0.41425886724589,-1.212208893524284,-0.025349315557772752,0.3781308691252851,0.39175050207493695,-0.042474544290519535,-0.4133846770731606,0.12933429191213544,ambos,16.72588105682268,3.945830507290423,54,0,20
Kazakhstan,KAZ,2017,3.3984734053516013,-0.11499525349152952,1.1927752317923352,-0.48239627706205135,-0.15449866569533577,-0.16810384334949846,0.28289290683602675,0.44315736612483625,-1.212208893524284,-0.025349315557772752,0.3781308691252851,0.8187978076605511,-0.042474544290519535,-0.4133846770731606,0.12933429191213544,ambos,16.741460291182065,3.738257793230022,54,0,21
Kenya,KEN,1996,-0.718664170548599,-0.8040661613372251,-0.8385986090014138,-0.4682511195473941,-0.49568026327325,-0.11624224395686963,-1.0002274194980918,-0.8897846573710407,-1.212208893524284,-0.025349315557772752,-0.7196706271575724,-0.4623435112303015,-1.561231770634807,-1.8192584734350818,2.1249922028025496,ambos,17.124015437379427,3.6907480282086893,55,0,0
Kenya,KEN,1997,-0.7318049933915698,-0.8793096847428765,-0.8385986090014138,-0.5628478872931223,-0.5706930400587942,-0.11172235761507189,-1.029294041661363,-0.9287418411657912,-1.212208893524284,-0.6291683203048694,-0.7196706271575724,-0.4623435112303015,-1.561231770634807,-1.8192584734350818,1.5785620605349375,ambos,17.151343086059125,3.679992707129555,55,0,1
Kenya,KEN,1998,-0.7290510281226377,-0.8445062574141126,-0.8385986090014138,-0.7128043888687167,-0.6205757222634813,-0.1070310447345813,-1.039387247864303,-0.9608850195053397,-1.212208893524284,-1.232987325051966,-0.7196706271575724,-0.4623435112303015,-1.561231770634807,-1.8192584734350818,-0.3458223535379643,ambos,17.1789388496915,3.672775956949562,55,0,2
Kenya,KEN,1999,-0.732537382193729,-0.8546551154039741,-0.8385986090014138,-0.733292168002489,-0.5830439613563667,-0.10198734447318174,-1.0596565000226117,-1.0133271235117312,-0.8994420996891298,-1.232987325051966,-0.8568958141929295,-0.5691053376267052,-1.354128512496949,-1.8192584734350818,-0.44085368262798447,ambos,17.20778185372194,3.6782106895818494,55,0,3
Kenya,KEN,2000,-0.7462440150443239,-0.7193025718160974,-0.8158330622824134,-0.5845884009431479,-0.5008005566446124,-0.09656101316093607,-1.0959613938788177,-1.0049149914268964,-0.5866753058539755,-1.232987325051966,-0.9941210012282867,-0.6758671640231085,-1.1470252543590918,-1.8192584734350818,-0.44085368262798447,ambos,17.23791125217153,3.6900175484276794,55,0,4
Kenya,KEN,2001,-0.7430165930691198,-0.5445358276994056,-0.7896544079046749,-0.5079287894793871,-0.6463900432641,-0.09073613841518056,-1.104762647810405,-0.9803388555537814,-0.5866753058539755,-1.232987325051966,-0.5824454401222151,-0.782628990419512,-1.1470252543590918,-1.4922097090269133,-0.44085368262798447,ambos,17.269274171818104,3.6690207333509837,55,0,5
Kenya,KEN,2002,-0.757495383715309,-0.6553347302263163,-0.7833148728806273,-0.5304275693122238,-0.6167793510751918,-0.08470627017727662,-1.138716311934533,-0.9682973237859873,-0.5866753058539755,-1.232987325051966,-0.1707698790161436,-0.8893908168159154,-1.1470252543590918,-1.1651609446187448,-0.5834006762630131,ambos,17.30073681504333,3.6733270296706437,55,0,6
Kenya,KEN,2003,-0.7585657539169294,-0.8247618557424915,-0.721111806590309,-0.5606639028699397,-0.5575768369564051,-0.07860613567366945,-1.1525528652470087,-0.95410980847303,-0.5866753058539755,-1.232987325051966,0.10368049505457075,-0.8893908168159154,-1.1470252543590918,-1.1651609446187448,0.3669126146371847,ambos,17.33158970399584,3.6818816707956996,55,0,7
Kenya,KEN,2004,-0.748194643902263,-0.7737625383260965,-0.5932129703959138,-0.40533491861353643,-0.6034582410538342,-0.0722744035105732,-1.146514790116624,-0.9054267617186371,-0.5866753058539755,-1.232987325051966,0.10368049505457075,-0.8893908168159154,-1.1470252543590918,-1.1651609446187448,-0.15575969535792394,ambos,17.3626379507293,3.675258293316124,55,0,8
Kenya,KEN,2005,-0.7330940056014247,-0.47820815877852485,-0.5879458425717309,-0.2599705714580191,-0.6337273936501898,-0.06581262177682792,-1.132621448280632,-0.8378686125584943,-0.5866753058539755,-1.232987325051966,0.10368049505457075,-0.8893908168159154,-1.1470252543590918,-1.1651609446187448,-0.844736831260568,ambos,17.39336026219299,3.670864538137168,55,0,9
Kenya,KEN,2006,-0.7142871248262881,-0.3903462044300324,-0.5319118076652422,-0.5285730372455025,-0.6192014707159126,-0.05920469313144122,-1.114524071660139,-0.6394746428304523,-0.5866753058539755,-1.232987325051966,0.10368049505457075,-0.8893908168159154,-1.1470252543590918,-0.4971091607616521,-1.011041657168102,ambos,17.423830748095767,3.672975475289709,55,0,10
Kenya,KEN,2007,-0.6925368410852258,-0.3248983732615728,-0.45748089900251226,-0.5675654720629564,-0.2543763645516777,-0.052448696394353976,-1.0912259898888266,-0.6463294241534563,-0.5866753058539755,-1.232987325051966,0.10368049505457075,-0.8893908168159154,-1.1470252543590918,-0.4971091607616521,-1.1773464830756368,ambos,17.454052839407947,3.724581879765434,55,0,11
Kenya,KEN,2008,-0.7094882849083541,-0.4581226167953773,-0.23457732412196813,-0.46050643574445566,-0.6069407392935809,-0.045467999153517916,-1.124134932121195,-0.7065128980891893,-0.5866753058539755,-1.232987325051966,0.10368049505457075,-0.8893908168159154,-1.1470252543590918,-0.5476928774161227,-1.2961356444381615,ambos,17.484349332449824,3.6747537687633574,55,0,12
Kenya,KEN,2009,-0.7080985465396699,-0.5281906475833443,-0.20906992436662827,-0.7985969936139797,-0.605498444708097,-0.03829316726434592,-1.1326225017718135,-0.7229222270859739,-0.5866753058539755,-1.232987325051966,0.10368049505457075,-0.8893908168159154,-1.1470252543590918,-0.5476928774161227,-1.1535886508031319,ambos,17.514560417723047,3.6749627510869627,55,0,13
Kenya,KEN,2010,-0.678345818723016,-0.21801804354973447,-0.20906992436662827,-0.6692971923017702,-0.5849162320821437,-0.03119508711517619,-1.0946889670201514,-0.7071904430199578,-0.5866753058539755,-1.232987325051966,0.10368049505457075,-0.8893908168159154,-1.1470252543590918,-0.5616471324568789,-0.6546741730805281,ambos,17.54357630156208,3.6779402769316567,55,0,14
Kenya,KEN,2011,-0.6640789998588913,-0.23478529485697938,-0.20906992436662827,-0.4365707250196649,-0.11204056234947457,-0.02427469822228344,-1.0769520029257946,-0.6161511364082979,-0.5866753058539755,-1.232987325051966,0.10368049505457075,-0.8893908168159154,-1.1470252543590918,-0.5616471324568789,-0.44085368262798447,ambos,17.571077675279675,3.744015257960678,55,0,15
Kenya,KEN,2012,-0.6520137716847109,-0.1286232150300933,-0.20906992436662827,-0.6335681820778504,-0.22532782396229112,-0.017533611513046443,-1.0595729179254059,-0.6497272496965751,-0.5866753058539755,-1.232987325051966,0.10368049505457075,-0.8893908168159154,-1.1470252543590918,-0.5616471324568789,-0.6309163408080225,ambos,17.597158418858097,3.728578722068797,55,0,16
Kenya,KEN,2013,-0.6437396058782587,-0.22544020338291212,-0.20906992436662827,-0.7544386535758407,-0.33610200499621284,-0.01097959523726954,-1.0459013499931078,-0.6648939504580923,-0.5866753058539755,-1.232987325051966,0.3781308691252851,-0.8893908168159154,-1.1470252543590918,-0.48838820922944925,-0.7259476698980427,ambos,17.621879493540668,3.713250639604713,55,0,17
Kenya,KEN,2014,-0.6265473956150021,0.14994899033018502,-0.20906992436662827,-0.7920493867728625,-0.4431794927250942,-0.004627475893235192,-1.0168086757952561,-0.6685938484104239,0.038858281816333155,-1.232987325051966,0.3781308691252851,-0.24881985843749468,-0.45668106056623414,-0.052322841166542546,-0.7259476698980427,ambos,17.645269612249837,3.6982073551225323,55,0,18
Kenya,KEN,2015,-0.6084760330001123,-0.0673293904421153,0.3273740307578778,-0.9618619400321922,-0.4988927296008049,0.0015601916310166563,-0.9877717117804868,-0.6804722477445571,-0.5866753058539755,-1.232987325051966,0.10368049505457075,-0.24881985843749468,-0.45668106056623414,-0.017437988481686494,-0.7259476698980427,ambos,17.66753994120384,3.6902897883857264,55,0,19
Kenya,KEN,2016,-0.5949395376926886,-0.3943072928498282,0.39589324791371444,-1.1206094244572138,-0.5437226096233728,0.007831836202884464,-0.963310960678298,-0.741700618644353,-0.5866753058539755,-1.232987325051966,0.10368049505457075,-0.24881985843749468,-0.45668106056623414,-0.017437988481686494,-0.6546741730805281,ambos,17.689617509201398,3.683873055499605,55,0,20
Kenya,KEN,2017,-0.5835131779067195,-0.33325748473181704,0.39589324791371444,-1.0877682038717627,-0.36643087169746663,0.0141447563140352,-0.9393280724652688,-0.7968021626216264,-0.5866753058539755,-1.232987325051966,0.10368049505457075,-0.24881985843749468,-0.45668106056623414,-0.05581153574623776,-0.44085368262798336,ambos,17.71135879425369,3.70901266740046,55,0,21
Kyrgyz Republic,KGZ,1996,-0.8384843365601784,-0.028838546131452432,0.40240344558405833,0.40313535640986936,-0.2012717840469947,-0.2517735797191661,0.3142821730442473,-0.8365584289811308,0.6643918694866419,1.1822886939364206,-0.1707698790161436,0.1070526969285207,0.30269755260590925,-0.5110634158024079,0.12933429191213489,ambos,15.347730220186827,3.731876587251205,56,0,0
Kyrgyz Republic,KGZ,1997,-0.7994865659490797,-1.2424420770004354,0.40240344558405833,0.3212199367753046,0.17607244881985437,-0.2513679661043827,0.1280705194039615,-0.49933420065132517,0.6643918694866419,1.1822886939364206,-0.1707698790161436,0.1070526969285207,0.30269755260590925,-0.5110634158024079,0.12933429191213489,ambos,15.362311500166367,3.7822324489967407,56,0,1
Kyrgyz Republic,KGZ,1998,-0.7966074185787958,-1.1827002446973862,0.40240344558405833,0.6127749985428712,0.507618042804994,-0.2509348414298085,0.06377414446345044,-0.5242616663837819,0.6643918694866419,1.1822886939364206,-0.1707698790161436,0.1070526969285207,0.30269755260590925,-0.5110634158024079,0.12933429191213489,ambos,15.377650552275782,3.824476099467448,56,0,2
Kyrgyz Republic,KGZ,1999,-0.7857538152457727,-0.8389460546626237,0.6405622680863374,0.7490816916959964,-0.031380546210092716,-0.2505087988693031,-0.19316016723670792,-0.32651587628375134,0.6643918694866419,1.1822886939364206,-0.1707698790161436,0.1070526969285207,0.30269755260590925,-0.5110634158024079,0.12933429191213489,ambos,15.392512671568161,3.754862561471412,56,0,3
Kyrgyz Republic,KGZ,2000,-0.7638829323530875,-0.5596671137532595,0.6838999894536084,0.4651874026754314,-0.6836847972894645,-0.2501631057866126,-0.3952949164113002,0.18167454395458146,0.6643918694866419,1.1822886939364206,-0.1707698790161436,0.1070526969285207,0.30269755260590925,-0.5110634158024079,0.12933429191213489,ambos,15.404411625630502,3.6635704194285945,56,0,4
Kyrgyz Republic,KGZ,2001,-0.7403847737137312,-0.7085556109408409,0.7257597367098289,0.009377776477847159,-0.5960933997648004,-0.24988440938368622,-0.4238491102724374,-0.0163556005174763,0.6643918694866419,1.1822886939364206,-0.3079950660515008,0.1070526969285207,0.47528360105412365,-0.5110634158024079,0.12933429191213489,ambos,15.4139024875377,3.67632443202469,56,0,5
Kyrgyz Republic,KGZ,2002,-0.7456624584129958,-0.7739323366515722,0.6949079582900813,0.2759876212070408,-0.6027313259572092,-0.24961215669027495,-0.18179840434358052,-0.47804782857548295,0.6643918694866419,1.1822886939364206,-0.445220253086858,0.1070526969285207,0.647869649502338,-0.5110634158024079,0.12933429191213489,ambos,15.42308774031339,3.67536357254036,56,0,6
Kyrgyz Republic,KGZ,2003,-0.7124670483618954,-1.0921611947376848,0.8813934178687466,0.3053999708485299,-0.23826143024918428,-0.24929830030570727,0.22763791825969532,-0.56759863521844,0.6643918694866419,1.1822886939364206,-0.7196706271575724,0.1070526969285207,0.647869649502338,-0.18401465139423934,0.12933429191213489,ambos,15.4335729722335,3.7268011359172712,56,0,7
Kyrgyz Republic,KGZ,2004,-0.6783461391168241,-0.9793866301080609,0.8335403848902124,0.5926186597713399,0.7346752739949518,-0.2489319336549891,0.556262977684317,-0.4466202140651928,0.6075253616718388,1.0115117724618083,-0.49512016141949783,0.11208493495518525,0.6199769826963314,-0.0749985710175242,0.12933429191213489,ambos,15.445674984505162,3.8524100789743576,56,0,8
Kyrgyz Republic,KGZ,2005,-0.6864905466331551,-0.8044277205731589,0.7924112098658534,0.6294772476502163,-0.350808451186774,-0.24858631813546872,0.554919891764216,-0.5906728487465082,0.1424286285672114,0.09260890076798954,0.43911988993217693,-0.429801665466805,-0.5451638565730527,0.043928395115816116,0.12933429191213489,ambos,15.456958828227117,3.7111978927613283,56,0,9
Kyrgyz Republic,KGZ,2006,-0.6740700863882718,0.04677719562418104,0.7974162366249806,1.3753829527948114,0.4702264550692147,-0.24825379289250032,0.803892579259757,-0.7925391940546914,-1.212208893524284,-1.232987325051966,-0.9941210012282867,-0.8893908168159154,-1.561231770634807,-0.23547014923511678,0.12933429191213489,ambos,15.467696417081536,3.8198001883042814,56,0,10
Kyrgyz Republic,KGZ,2007,-0.62652334535675,0.2391419066257118,0.7752802842538289,1.8493385347982139,0.3032001489923358,-0.24795540141076894,0.8920274728586997,-0.8655031269494212,-1.212208893524284,-1.232987325051966,-0.9941210012282867,-0.8893908168159154,-1.6993006093933776,-0.23547014923511678,0.12933429191213489,ambos,15.477234611750221,3.798641958566547,56,0,11
Kyrgyz Republic,KGZ,2008,-0.5763364927387372,0.5005795590435107,0.7752802842538289,2.1122830090858957,0.6298190246811879,-0.2476550290850014,0.9197681587787784,-0.5520679385497665,-1.212208893524284,-1.232987325051966,-0.1707698790161436,-0.8893908168159154,-1.6993006093933776,-0.24070292946564747,0.12933429191213489,ambos,15.48674511101473,3.8396069143212053,56,0,12
Kyrgyz Republic,KGZ,2009,-0.565138968329605,0.6740753057731553,0.8388163413818496,1.742412462323355,0.0529834159498884,-0.24723192795856175,0.9258094134975848,-0.2837910693916543,-1.212208893524284,-1.232987325051966,0.10368049505457075,-0.8893908168159154,-1.6993006093933776,-0.24070292946564747,0.12933429191213489,ambos,15.499989892466422,3.7660834759874953,56,0,13
Kyrgyz Republic,KGZ,2010,-0.5790923627359738,0.6199477181133763,0.8768126154673809,1.7381606078217127,1.071871133944136,-0.24677003331428202,0.923269526779873,-0.06380785769466352,-1.212208893524284,-1.232987325051966,-0.445220253086858,-0.8893908168159154,-1.6993006093933776,-0.6314173611046144,0.12933429191213489,ambos,15.514251552757464,3.8925052792514787,56,0,14
Kyrgyz Republic,KGZ,2011,-0.5467959381438383,0.12651177454130158,0.8678908776698163,1.8238061528472322,1.2824914048632015,-0.24629553763806164,0.8528339758986021,0.03522803091152538,-1.212208893524284,-1.232987325051966,-0.445220253086858,-0.8893908168159154,-1.6993006093933776,-0.6261845808740837,0.12933429191213489,ambos,15.528693521896344,3.9167577422126456,56,0,15
Kyrgyz Republic,KGZ,2012,-0.5616412803092443,1.0592649207159237,0.8593919240180822,1.925409882850337,0.03767737067068718,-0.24566614831117284,0.9516083430492525,-0.39912236500316406,-1.212208893524284,-1.232987325051966,-0.1707698790161436,-0.8893908168159154,-1.6993006093933776,-0.5651353037585513,0.12933429191213489,ambos,15.547533646189864,3.764057007125478,56,0,16
Kyrgyz Republic,KGZ,2013,-0.4981824918810581,0.837359495167329,0.8751936876193551,1.7612339845316347,0.8064053188074867,-0.24491990708534558,0.7781538015985966,-0.18274311204407892,-1.212208893524284,-1.232987325051966,-0.1707698790161436,-0.8893908168159154,-1.561231770634807,-0.12907045897366698,0.12933429191213489,ambos,15.569421212555786,3.8610749876252513,56,0,17
Kyrgyz Republic,KGZ,2014,-0.48397054768164555,1.1924672150469586,0.9363936896204899,1.5025642408698978,0.15012296447880744,-0.24415204363425652,0.769538296118791,-0.2626673836834747,-1.212208893524284,-1.232987325051966,-0.1707698790161436,-0.8893908168159154,-1.4231629318762347,-0.03313632917327859,0.12933429191213489,ambos,15.591453773739381,3.7788495683792402,56,0,18
Kyrgyz Republic,KGZ,2015,-0.4710652531389494,1.204214254292629,0.9198589968259135,1.0909117398323582,2.3439867661065685,-0.24335142465979895,0.8101001309527277,-0.16312794807187997,-1.212208893524284,-1.232987325051966,-0.1707698790161436,-1.1029144696087223,-1.4231629318762347,-0.017437988481686494,0.12933429191213489,ambos,15.613920695720049,4.0307635202056025,56,0,19
Kyrgyz Republic,KGZ,2016,-0.4539303987567875,1.1081210914484154,0.9750905492957681,0.941591064091799,0.9367494049976426,-0.2425441591183045,0.9501233878118601,-0.040287310049807776,-1.212208893524284,-1.232987325051966,-0.1707698790161436,-0.03529680351067694,-1.285094093117663,-0.08720821712942196,0.12933429191213489,ambos,15.636074337756856,3.8766307658392947,56,0,20
Kyrgyz Republic,KGZ,2017,-0.43210635795030533,1.0682694668240031,0.9545595953961616,0.7902903476365081,-0.8970712721328001,-0.2417604250493356,0.9477198740032449,0.023432660845023306,-1.212208893524284,-1.232987325051966,0.10368049505457075,0.1782268492821305,-0.7328187380833772,-0.05581153574623776,0.12933429191213489,ambos,15.657122642633489,3.6318013109204896,56,0,21
Cambodia,KHM,1996,-1.061730215575673,-1.2078032422850349,-1.6852060861896723,-0.12388172903686137,0.8114452676848558,-0.21494400907694108,-1.7266791309307477,-1.007198045345086,-0.5866753058539755,-1.232987325051966,-1.268571375299001,0.39175050207493695,-1.285094093117663,-1.8192584734350818,0.12933429191213489,ambos,16.195174370355275,3.8616809940325343,57,0,0
Cambodia,KHM,1997,-1.0688716465755883,-1.1177369065836085,-1.6852060861896723,0.16014386427931657,0.3815492350680554,-0.2103516011711098,-1.369900986573766,-0.8903130826203843,-0.5866753058539755,-1.232987325051966,-1.268571375299001,0.39175050207493695,-1.285094093117663,-1.8192584734350818,0.12933429191213489,ambos,16.26401105666718,3.8086226780748884,57,0,1
Cambodia,KHM,1998,-1.067795098308303,-1.2429052050548157,-1.6852060861896723,0.06379821219145379,-0.0037980629490576043,-0.20744482590964855,-1.8245905239061182,-0.8632626057876986,-0.5866753058539755,-1.232987325051966,-1.268571375299001,0.39175050207493695,-1.285094093117663,-1.8192584734350818,0.12933429191213489,ambos,16.305253328181145,3.758545068854146,57,0,2
Cambodia,KHM,1999,-1.041968246016888,-0.8077158813966485,-1.6974332388224365,0.6031145882904427,-0.14498669904325434,-0.20620645233600216,-1.464189129380681,-0.7519347774689397,-0.5866753058539755,-1.232987325051966,-1.268571375299001,0.39175050207493695,-1.285094093117663,-1.8192584734350818,0.12933429191213489,ambos,16.32231991591584,3.7395505329347034,57,0,3
Cambodia,KHM,2000,-1.020083334949977,-0.5157091422730037,-1.6415376346626773,1.0745078036017195,-0.09316700092340482,-0.20503342871635485,-1.2437012276318147,-0.45028201327113065,-0.5866753058539755,-1.232987325051966,-1.268571375299001,0.39175050207493695,-1.285094093117663,-1.8192584734350818,0.12933429191213489,ambos,16.338221613928983,3.7465639735391645,57,0,4
Cambodia,KHM,2001,-1.00365702626088,-0.6368252766871244,-1.5674727018555221,1.114456949772958,-0.035285436223828424,-0.2038631317404561,-0.9112074619877388,-0.31483695978877774,-0.5866753058539755,-1.232987325051966,-1.268571375299001,0.39175050207493695,-1.285094093117663,-1.8192584734350818,0.12933429191213489,ambos,16.353838299273043,3.754340126307098,57,0,5
Cambodia,KHM,2002,-0.9895873696671833,-0.21139190147357925,-1.4329720226501335,1.30329689150444,-0.1444743382127699,-0.2026892012283585,-0.9202374540983165,-0.13792642806707095,-0.5866753058539755,-1.232987325051966,-1.268571375299001,0.39175050207493695,-1.285094093117663,-1.8192584734350818,0.12933429191213489,ambos,16.369262223864713,3.7396201187779754,57,0,6
Cambodia,KHM,2003,-0.9621978601605393,-0.16650094118564876,-1.2903742828315674,1.3557657061602386,-0.37068625106511094,-0.2015214161058911,-0.8346794661654524,-0.057315910974834156,-0.5866753058539755,-1.232987325051966,-1.268571375299001,0.39175050207493695,-1.285094093117663,-1.8192584734350818,0.12933429191213489,ambos,16.384372941849932,3.708416607068143,57,0,7
Cambodia,KHM,2004,-0.9351110307245081,-0.1089496825470484,-1.1768867288294242,1.6834841702791805,-0.26269215291161807,-0.20036534898850486,-0.7634926397997797,0.054568196762844495,-0.5866753058539755,-1.232987325051966,-0.9941210012282867,0.6052741548677444,-1.285094093117663,-1.8192584734350818,0.12933429191213489,ambos,16.39911044643301,3.723434747783147,57,0,8
Cambodia,KHM,2005,-0.8917379204278308,-0.0725065007615899,-1.1768867288294242,1.7474347347622587,0.28538290889094864,-0.19920505766154764,-0.6186915646576487,0.0327315770940906,-0.5866753058539755,-1.232987325051966,-0.9941210012282867,0.6052741548677444,-1.285094093117663,-1.8192584734350818,0.12933429191213489,ambos,16.41368659070569,3.796358289155699,57,0,9
Cambodia,KHM,2006,-0.8530466907913714,0.05239411053359037,-0.8815849769935834,1.9449627223473012,0.3589651485676361,-0.19801281627491127,-0.5042629741474013,0.17083265010451307,-0.5866753058539755,-1.232987325051966,-0.9941210012282867,0.39175050207493695,-1.285094093117663,-0.9872464167807011,0.12933429191213489,ambos,16.428446020162344,3.805755944613156,57,0,10
Cambodia,KHM,2007,-0.8131854842160852,0.18349914680031,-0.7878155620114168,1.75173761888345,0.8448289054479651,-0.1968031768725841,-0.40950205708733295,0.09303147890891848,-0.5866753058539755,-1.232987325051966,-0.9941210012282867,0.39175050207493695,-1.285094093117663,-0.9872464167807011,0.12933429191213489,ambos,16.44320146239505,3.8656858161596523,57,0,11
Cambodia,KHM,2008,-0.7842629768236403,-0.0953670611925434,-0.6969059455448643,1.6556435949454298,0.5180756482325816,-0.1955400367820884,-0.28083134454145264,-0.0818510369368752,-0.5866753058539755,-1.232987325051966,-0.9941210012282867,0.39175050207493695,-1.285094093117663,-0.9698039904382737,0.12933429191213489,ambos,16.45838060990745,3.8257799459908925,57,0,12
Cambodia,KHM,2009,-0.7714736108558485,0.31365019099289626,-0.6969059455448643,0.8388385818151544,0.6457222877134005,-0.19420755521753283,-0.287682744989023,-0.1222647202834618,-0.5866753058539755,-1.232987325051966,-0.7196706271575724,0.1782268492821305,-1.285094093117663,-0.9698039904382737,0.12933429191213489,ambos,16.474147170608507,3.841559312370178,57,0,13
Cambodia,KHM,2010,-0.7529756035121098,-0.16477095574548747,-0.6969059455448643,1.062920049746356,1.1259179808972144,-0.19287158331032322,-0.2405021988676312,-0.08525577695736364,-0.5866753058539755,-1.232987325051966,-0.7196706271575724,0.1782268492821305,-1.285094093117663,-0.9698039904382737,0.12933429191213489,ambos,16.489709344064973,3.898784976579859,57,0,14
Cambodia,KHM,2011,-0.7215643704911898,-0.15279424382193535,-0.6969059455448643,1.0568781837128698,1.0259455099773012,-0.19154789024957852,-0.17325440573374631,-0.030727787500791057,-0.5866753058539755,-1.232987325051966,-0.445220253086858,0.1782268492821305,-1.1470252543590918,-0.9698039904382737,0.12933429191213489,ambos,16.50489326726017,3.887138018285675,57,0,15
Cambodia,KHM,2012,-0.6861614135024883,0.12453181672564134,-0.6969059455448643,1.2588514779487492,1.2978622335016916,-0.19022036079511326,0.00024970464085067164,0.04877579528924462,-0.5866753058539755,-1.232987325051966,-0.7196706271575724,0.1782268492821305,-1.1470252543590918,-0.9541056497466812,0.12933429191213489,ambos,16.519893108116538,3.918504842433474,57,0,16
Cambodia,KHM,2013,-0.6473178003195408,0.39408436685199033,-0.6969059455448643,1.4956292149876163,1.1737299277059634,-0.18887718744588075,0.20589704699979755,0.16147105400032816,-0.5866753058539755,-1.232987325051966,-0.445220253086858,0.1782268492821305,-1.1470252543590918,-1.0168990125130495,0.12933429191213489,ambos,16.534844128421636,3.9043075577326807,57,0,17
Cambodia,KHM,2014,-0.6050267361364353,0.7834950029330305,-0.6969059455448643,1.4830556898625042,0.8178258722941195,-0.18752541651756371,0.8109345178435855,0.2416886396395983,-0.5866753058539755,-1.232987325051966,-0.445220253086858,0.39175050207493695,-1.1470252543590918,-0.9855023311298658,0.12933429191213489,ambos,16.549668499971595,3.862447675276264,57,0,18
Cambodia,KHM,2015,-0.5653462295667119,0.7707005807158233,-0.6969059455448643,1.414896142437209,0.6658217500113347,-0.18617415273305113,0.9664974029458936,0.3711007907877636,-0.5866753058539755,-1.232987325051966,-0.445220253086858,0.1782268492821305,-1.285094093117663,-1.074459595048887,0.12933429191213489,ambos,16.5642708753286,3.8440214250385405,57,0,19
Cambodia,KHM,2016,-0.5183048375121875,0.8315255172782197,-0.6969059455448643,1.432186859693523,0.9777810426328005,-0.18480455420840894,1.08007893691046,0.5043102561489937,-0.5866753058539755,-1.232987325051966,-0.1707698790161436,-0.03529680351067694,-1.4231629318762347,-1.074459595048887,0.12933429191213489,ambos,16.578856951158446,3.881477986162325,57,0,20
Cambodia,KHM,2017,-0.4663161507536006,0.8640017084325737,-0.5272347479221335,1.3871667253700728,1.0082994919077712,-0.1834885518342985,1.0433191123353618,0.6082031074090095,-0.5866753058539755,-1.232987325051966,-0.1707698790161436,-0.03529680351067694,-1.1470252543590918,-0.750027220755984,0.12933429191213489,ambos,16.592674609901806,3.8850680686458587,57,0,21
Kiribati,KIR,2004,-0.9786419974610189,-0.840073145940478,0.8727029742390798,0.811861831434552,-0.3251121789825763,-0.27881540023023793,-0.02565520912438202,-1.5121123930358384,1.9723255526420613,1.2554788031398256,1.6561272594904046,0.39390760256207075,1.652006759069286,0.8499879549388568,0.12933429191213489,ambos,11.472998902764106,3.7147818689899963,58,0,0
Kiribati,KIR,2005,-0.981013733801766,-0.840073145940478,0.8072124708533214,1.4580437358251517,-0.2531799007839754,-0.27880376575472454,-0.02565520912438202,-1.5567000388106174,1.915459044827259,1.1822886939364206,2.299283487620286,0.1070526969285207,2.7189022308809108,0.14303411301392915,0.12933429191213489,ambos,11.493090037136117,3.72474681924596,58,0,1
Kiribati,KIR,2006,-0.9690158747304899,-0.840073145940478,0.742142432755083,0.5993341997230829,-0.5649978068357049,-0.27879194035448474,-0.02565520912438202,-1.4441610439002854,1.915459044827259,1.1822886939364206,2.299283487620286,0.1070526969285207,2.7189022308809108,0.14303411301392915,0.12933429191213489,ambos,11.513105448772173,3.680813359102831,58,0,2
Kiribati,KIR,2007,-0.9656895549378345,-0.8779971667846507,0.7297552605247036,0.6607200374919175,-0.5073952194339941,-0.27877970327280377,-0.02565520912438202,-1.3129321259636748,1.915459044827259,1.1822886939364206,2.299283487620286,0.1070526969285207,2.7189022308809108,0.14303411301392915,0.12933429191213489,ambos,11.53340433415155,3.6890759428330004,58,0,3
Kiribati,KIR,2008,-0.9827188388779539,-1.071269163114983,0.7018737769116812,0.6398791374281255,-0.8044083144529187,-0.2787668516521597,-0.02565520912438202,-1.3396164645841295,1.915459044827259,1.1822886939364206,2.299283487620286,0.1070526969285207,2.7189022308809108,0.14303411301392915,0.12933429191213489,ambos,11.554288113310864,3.6457211741695286,58,0,4
Kiribati,KIR,2009,-0.9878522668819378,-0.6064148475697226,0.7018737769116812,0.7036443883664869,-0.0299737086512078,-0.27875345708932503,-0.02565520912438202,-1.3761481238858906,1.915459044827259,1.1822886939364206,2.299283487620286,0.1070526969285207,2.7189022308809108,0.14303411301392915,0.12933429191213489,ambos,11.57559974949805,3.7550507153829003,58,0,5
Kiribati,KIR,2010,-0.9905876322443922,-0.8468900159221309,0.7018737769116812,0.3566789477728447,-1.3517533059106805,-0.278740110257672,-0.02565520912438202,-1.2590892171122712,1.915459044827259,1.1822886939364206,2.299283487620286,0.1070526969285207,2.7189022308809108,0.14303411301392915,0.12933429191213489,ambos,11.59639307021149,3.5605414844613543,58,0,6
Kiribati,KIR,2011,-0.9859988512691712,-0.38816720903056084,0.7018737769116812,0.5814490048712866,-0.6846722413730448,-0.2787285175469425,-0.02565520912438202,-1.1555181544260735,1.915459044827259,1.1822886939364206,2.299283487620286,0.1070526969285207,2.7189022308809108,1.4512291706466032,0.12933429191213489,ambos,11.614109270304544,3.663425708355708,58,0,7
Kiribati,KIR,2012,-0.9723217293462286,0.31333471844358635,0.7018737769116812,0.6598384969918002,-0.8552136838338915,-0.27871875055390893,-0.02565520912438202,-1.1323127848922283,1.915459044827259,1.1822886939364206,2.299283487620286,0.1070526969285207,2.7189022308809108,1.4512291706466032,0.12933429191213489,ambos,11.628795561012641,3.6381131781261793,58,0,8
Kiribati,KIR,2013,-0.9513716310854995,0.8793727358605321,0.7018737769116812,0.6788070313714283,-0.5808377509951059,-0.2787094787718844,-0.02565520912438202,-1.0583620683623736,1.915459044827259,1.1822886939364206,2.299283487620286,0.1070526969285207,2.7189022308809108,1.4512291706466032,0.12933429191213489,ambos,11.642540448466544,3.678529239417556,58,0,9
Kiribati,KIR,2014,-0.9515241740050628,0.6620055496634635,0.7018737769116812,0.8940573633828496,-0.42358657842840697,-0.278700600772108,-0.02565520912438202,-1.0802731864894302,2.1239704075263184,1.58483453608275,1.8113717602857486,1.6017176686121801,2.4887873155248394,1.4512291706466032,0.12933429191213489,ambos,11.655526850569164,3.7009769273344686,58,0,10
Kiribati,KIR,2015,-0.9165229389377668,1.9271852419991435,0.7018737769116812,1.0597439152595325,-0.7284191800465665,-0.2786917168059339,-0.02565520912438202,-1.029099139583629,2.1239704075263184,1.58483453608275,1.8113717602857486,1.6017176686121801,2.4887873155248394,1.4512291706466032,0.12933429191213489,ambos,11.668355326295867,3.656993437201401,58,0,11
Kiribati,KIR,2016,-0.8947167161354568,0.9576485192723277,0.7018737769116812,1.0998694450846913,-0.50040109155248,-0.2786817946865602,-0.02565520912438202,-1.0354684275871877,2.1239704075263184,1.58483453608275,1.8113717602857486,1.6017176686121801,2.4887873155248394,1.4512291706466032,0.12933429191213489,ambos,11.682491008662982,3.6900745567736326,58,0,12
Kiribati,KIR,2017,-0.8856510533604136,0.3404803448144972,0.7018737769116812,0.7886572984639214,-0.5919223788057171,-0.27867107306989475,-0.02565520912438202,-1.2223511129543088,2.1239704075263184,1.58483453608275,1.8113717602857486,1.6017176686121801,2.7956072026662677,1.4512291706466032,0.12933429191213489,ambos,11.697544380812866,3.6769277276726573,58,0,13
Kiribati,KIR,2018,-0.8774516562651985,-0.5241801984438776,0.7018737769116812,0.28894063435304457,-0.7392828146753986,-0.27866027985645697,-0.02565520912438202,-1.334030383462304,2.1239704075263184,1.58483453608275,1.8113717602857486,1.6017176686121801,2.7956072026662677,1.4512291706466032,0.12933429191213489,ambos,11.712472802429252,3.6553896840231817,58,0,14
Kiribati,KIR,2019,-0.8700060264792006,-0.8348221906323227,0.7018737769116812,0.7233487346341883,-0.6985538108873312,-0.27864931958388356,-0.02565520912438202,-1.4609740116047016,2.1239704075263184,1.58483453608275,2.0553274043927177,1.9338651079496663,2.7956072026662677,1.4512291706466032,0.12933429191213489,ambos,11.727407614405314,3.661389128657277,58,0,15
Lao PDR,LAO,1996,-0.9377285799933207,-1.1182161148462437,-1.4238515953258488,-0.2809444307636266,0.8387683658458449,-0.24928415994316022,-2.069303000009853,-0.5367462475016989,0.6643918694866419,0.5784696891893238,0.3781308691252851,-0.1420583309740855,0.647869649502338,0.14303411301392915,0.12933429191213489,ambos,15.434042791415285,3.8649599624049693,59,0,0
Lao PDR,LAO,1998,-0.9125339114654221,-1.1182161148462437,-1.2793979730447997,0.3151868373054294,-0.026175819309624797,-0.24807543936607873,-2.0411994370432684,-0.3987180960820168,0.6643918694866419,0.5784696891893238,0.3781308691252851,-0.1420583309740855,0.647869649502338,0.14303411301392915,0.12933429191213489,ambos,15.473408484836286,3.755558477718738,59,0,1
Lao PDR,LAO,1999,-0.8910468146907229,-1.1182161148462437,-1.1708393675189492,0.19280412729600177,0.2956652040724197,-0.247523440183746,-2.015148491421721,-0.3813276597030289,0.6643918694866419,0.5784696891893238,0.24090568208992794,-0.2666138449253884,0.47528360105412365,0.14303411301392915,0.12933429191213489,ambos,15.490883203877704,3.7976768267231744,59,0,2
Lao PDR,LAO,2000,-0.8742547968369733,-1.1182161148462437,-1.0940911405713067,-0.13330554456884297,-0.3110048534561834,-0.24698391077260454,-1.99619732195163,-0.8826723688930702,0.6643918694866419,0.5784696891893238,0.10368049505457075,-0.3911693588766917,0.30269755260590925,0.14303411301392915,0.12933429191213489,ambos,15.507673055544556,3.716744033957761,59,0,3
Lao PDR,LAO,2001,-0.856848747474913,-1.102717064474297,-1.0245663500026296,-0.21868588566886107,-0.41704350804761886,-0.24644532405229955,-1.977554047247108,-0.8394506953397407,0.6643918694866419,0.5784696891893238,0.3781308691252851,-0.3911693588766917,0.30269755260590925,0.14303411301392915,0.12933429191213489,ambos,15.524157041591089,3.701900122444194,59,0,4
Lao PDR,LAO,2002,-0.8378041254100196,0.7744802957533988,-0.9248949708271301,-0.17929327666484657,-0.6092354254863672,-0.24591188633320896,-1.9564538791785384,-0.7232514170290204,0.6643918694866419,0.5784696891893238,0.6525812431959995,-0.3911693588766917,0.30269755260590925,0.14303411301392915,0.12933429191213489,ambos,15.54021991019234,3.6744211884940796,59,0,5
Lao PDR,LAO,2003,-0.816942754105356,0.6207726793811064,-0.8259941687828946,-0.37350929340104955,-0.48504007340089095,-0.24539247561510913,-1.933533631095329,-0.5778989391632902,0.6643918694866419,-0.025349315557772752,-0.1707698790161436,-0.6402797889133092,-0.042474544290519535,-0.18401465139423934,0.12933429191213489,ambos,15.555616316985606,3.692264292217693,59,0,6
Lao PDR,LAO,2004,-0.7933315807592187,1.1032172669573221,-0.7599237323037185,-0.213445571053442,-0.528446709300002,-0.24489320148924407,-1.9078271410146086,-0.6415323162575212,0.102043679720346,0.2308163081817468,0.21456942419410224,-0.5924708372630475,0.3131570955549036,-0.04857041446322885,0.12933429191213489,ambos,15.570195688927551,3.68606420208772,59,0,7
Lao PDR,LAO,2005,-0.7650627633958219,1.3822919198294734,-0.7426221651035526,-0.047417186827888175,-0.47622984200874074,-0.24436877303067922,-1.8745988082900322,-0.31783495777335763,0.038858281816333155,-0.025349315557772752,0.6525812431959995,-0.6402797889133092,0.30269755260590925,-0.18401465139423934,0.12933429191213489,ambos,15.585284098226676,3.693518043168563,59,0,8
Lao PDR,LAO,2006,-0.7276008440396363,0.8991418601036051,-0.7698613631592618,0.24810684645805614,0.29506791592977444,-0.24380985879341313,-1.8283069845864481,-0.07132225877448642,-1.212208893524284,-0.025349315557772752,0.3781308691252851,-1.1029144696087223,-0.3186122218076625,-0.5808336444501433,0.12933429191213489,ambos,15.601117975402314,3.797600281750894,59,0,9
Lao PDR,LAO,2007,-0.6931634385377563,1.1708101991200828,-0.7408849868339478,0.1682226598956828,0.6868765363841095,-0.24325476901707221,-1.7887923244767023,-0.13677908090467436,-1.212208893524284,-0.025349315557772752,0.3781308691252851,-1.1029144696087223,-0.3186122218076625,-0.5808336444501433,0.12933429191213489,ambos,15.616599208076082,3.8465940769427327,59,0,10
Lao PDR,LAO,2008,-0.6551147221591487,1.0944643725688195,-0.7013762861312766,0.24484627942029513,0.07820737117604344,-0.24270148705923417,-1.7454680149333424,-0.0065479883025387755,-1.212208893524284,-0.025349315557772752,0.3781308691252851,-1.1029144696087223,-0.3186122218076625,-0.5808336444501433,0.12933429191213489,ambos,15.631795146081616,3.7694141085354733,59,0,11
Lao PDR,LAO,2009,-0.6166183663963496,1.367802278247932,-0.6447412120982381,0.10190881446327306,0.301659168837963,-0.24214856308525803,-1.7023967404010163,-0.15601435999244762,-1.212208893524284,-0.025349315557772752,0.3781308691252851,-1.1029144696087223,-0.45668106056623414,-0.5808336444501433,0.12933429191213489,ambos,15.646754006969962,3.7984446541107872,59,0,12
Lao PDR,LAO,2010,-0.5686997501128306,0.5833380480708382,-0.5844797629082658,0.3282879297576498,0.03050018487219373,-0.24159636104540352,-1.666410072384118,0.2876195074839896,-1.212208893524284,-0.025349315557772752,0.3781308691252851,-1.1029144696087223,-0.45668106056623414,-0.5808336444501433,0.12933429191213489,ambos,15.661473291839863,3.763105355751851,59,0,13
Lao PDR,LAO,2011,-0.5208200723366253,0.6566624855229243,-0.6226796936436161,0.5310932622622554,-0.052144038337891524,-0.2410450897635901,-1.6392658294766014,0.3168956540018899,-1.212208893524284,-0.025349315557772752,0.3781308691252851,-1.1029144696087223,-0.45668106056623414,-0.5808336444501433,0.12933429191213489,ambos,15.67595478455033,3.752081476122139,59,0,14
Lao PDR,LAO,2012,-0.4697584177598068,1.194069485103991,-0.5238871007408196,0.7196021796357459,0.40692647654323405,-0.24049386621295823,-1.6095343982529362,0.4524785209636464,-1.212208893524284,-0.025349315557772752,0.3781308691252851,-1.1029144696087223,-0.45668106056623414,-0.5424600971855921,0.12933429191213489,ambos,15.69022832654852,3.811834188141275,59,0,15
Lao PDR,LAO,2013,-0.4152020242638524,0.9691310091544897,-0.39222345176339374,0.7194283939893521,0.34141097124370945,-0.23994252930077012,-1.583505242290476,0.284414262675472,-1.212208893524284,-0.025349315557772752,0.3781308691252851,-1.529961775194336,-0.45668106056623414,-0.5616471324568789,0.12933429191213489,ambos,15.704303872147154,3.803521997304142,59,0,16
Lao PDR,LAO,2014,-0.36046136788929123,0.8666548717706224,-0.19879887336674945,0.7450201862901891,0.4897198147232056,-0.23939489155515548,-1.5639993960452296,0.14949794056589893,-1.212208893524284,-0.025349315557772752,0.3781308691252851,-1.529961775194336,-0.45668106056623414,-0.5616471324568789,0.12933429191213489,ambos,15.718091554346142,3.8222406093341,59,0,17
Lao PDR,LAO,2015,-0.3063490598080605,1.0792820919157162,-0.04431186008746079,0.3596163405629903,0.6536542532104354,-0.2388073624745241,-1.5485767374483117,0.055662084931184824,-1.212208893524284,-0.025349315557772752,0.3781308691252851,-1.529961775194336,-0.45668106056623414,-0.5616471324568789,0.12933429191213489,ambos,15.732675199678354,3.8425316741675335,59,0,18
Lao PDR,LAO,2016,-0.2526867416316203,0.7705108326609952,0.04487173847761073,0.048465599615645234,0.3749181740683021,-0.23816802119627306,-1.5350759444737558,0.144855247386142,-1.212208893524284,-0.025349315557772752,0.3781308691252851,-1.529961775194336,-0.45668106056623414,-0.5337386223753666,0.12933429191213489,ambos,15.74830695353134,3.8077818096686586,59,0,19
Lao PDR,LAO,2017,-0.19757806551936133,0.7705108326609952,0.09109084250999658,0.048465599615645234,1.0748578131901982,-0.23751562543985624,-1.5163102811591114,0.3249691151009714,-1.212208893524284,-0.025349315557772752,0.3781308691252851,-1.529961775194336,-0.45668106056623414,-0.5337386223753666,0.12933429191213489,ambos,15.764009923532175,3.8928533324946906,59,0,20
Lebanon,LBN,1996,0.44795975660989457,1.4712544543789692,-0.27480349200324566,-0.1548314680474692,-0.551287158147223,-0.25531557347806827,1.0684622386239402,-0.3949986108303709,0.038858281816333155,1.1822886939364206,-0.9941210012282867,-0.24881985843749468,0.09559429446805148,0.14303411301392915,-0.29830668899295476,ambos,15.210462830965199,3.6827862308045027,60,0,0
Lebanon,LBN,1997,0.43469295524499496,0.8257800250639568,-0.24452599081182746,-0.32949477107986525,1.3454877094399575,-0.2548763034138638,0.9916596895379663,-0.3978645438150855,-0.27390851201882116,1.1822886939364206,-1.131346188263644,-0.35558168483389807,-0.11150896366980566,0.14303411301392915,-0.36958018581046875,ambos,15.22854567669527,3.923898814971214,60,0,1
Lebanon,LBN,1998,0.467069166169535,0.6976831316621941,-0.03858973529953959,-0.5436645931683904,0.4978340220115081,-0.25444149621513834,0.9733033316890941,-0.2797941496497688,-0.5866753058539755,1.1822886939364206,-1.268571375299001,-0.4623435112303015,-0.3186122218076625,0.14303411301392915,0.12933429191213489,ambos,15.246128456043142,3.823254693762716,60,0,2
Lebanon,LBN,1999,0.4270579951318368,0.03201874548303079,-0.0677404778070745,-0.6570945228413125,0.22347235814613023,-0.2540000066509898,0.9025852057533639,-0.4850958775952447,-0.27390851201882116,1.1822886939364206,-0.9941210012282867,-0.4623435112303015,0.026559875088765977,0.14303411301392915,0.12933429191213489,ambos,15.263670652755497,3.7883823052638377,60,0,3
Lebanon,LBN,2000,0.4202639474516588,-0.19632576970661597,-0.03417719489536461,-0.6774052527820067,0.3535840303336127,-0.25355811733819544,0.8574066762615916,-0.590843632432865,0.038858281816333155,1.1822886939364206,-0.7196706271575724,-0.4623435112303015,0.3717319719851945,0.14303411301392915,0.12933429191213489,ambos,15.28092589440061,3.8050716729541674,60,0,4
Lebanon,LBN,2001,0.45701228597484567,-0.22702180109616613,-0.10184465454830427,-0.5192637899996569,0.7878229459328222,-0.2531250881259844,0.833037161092914,-0.5519172176527928,0.038858281816333155,1.1822886939364206,-0.5824454401222151,-0.5691053376267052,0.3717319719851945,0.14303411301392915,0.12933429191213489,ambos,15.297551140172306,3.8588374536516126,60,0,5
Lebanon,LBN,2002,0.4922240707863626,-0.3933769749114451,-0.03496763652839922,-0.650457862872331,0.5670020726353152,-0.2527576415572827,0.8044750583792633,-0.6619536277473698,0.038858281816333155,1.1822886939364206,-0.445220253086858,-0.6758671640231085,0.3717319719851945,0.14303411301392915,0.12933429191213489,ambos,15.31144488979808,3.8318575751246557,60,0,6
Lebanon,LBN,2003,0.5248396060354419,-0.3462331251369894,0.04823289787522747,-0.5618679977392309,1.8382815854560033,-0.2523877010343427,0.7836718756661073,-0.7291535939398176,0.038858281816333155,1.1822886939364206,-0.445220253086858,-0.6758671640231085,-0.18054338304909118,0.14303411301392915,0.12933429191213489,ambos,15.325240614977911,3.978067497024502,60,0,7
Lebanon,LBN,2004,0.6158502456238021,-0.03386776097908921,0.09025487189592175,0.509997159669418,0.9165980297632828,-0.2519475539096765,0.7847499211914839,-1.0417823373660045,0.038858281816333155,1.1822886939364206,-0.445220253086858,-0.6758671640231085,0.23366313322662344,0.14303411301392915,0.12933429191213489,ambos,15.341410327469386,3.8742415780436987,60,0,8
Lebanon,LBN,2005,0.6371335803663963,-0.07998268299023527,0.10493639408103653,0.5620141242114952,1.4818227081586743,-0.2515190293277283,0.7557306398045367,-1.026316272525745,0.038858281816333155,1.1822886939364206,-0.7196706271575724,-0.4623435112303015,0.23366313322662344,0.14303411301392915,0.12933429191213489,ambos,15.356905790193814,3.939180924460252,60,0,9
Lebanon,LBN,2006,0.6340014236751199,-0.08845724309358964,0.1343940707305476,0.512804553005084,1.4714272413556024,-0.2510415146542721,0.7177500887165025,-1.0055595495477774,-0.5866753058539755,1.1822886939364206,-1.5430217493697154,0.39175050207493695,0.3717319719851945,0.9401607937054308,0.12933429191213489,ambos,15.373894515787827,3.938023861659675,60,0,10
Lebanon,LBN,2007,0.7739926865345694,0.2226872496124841,0.16350135964045723,0.7132835550681006,1.7257326248627856,-0.25048674706340696,0.7447517484152841,-0.9635860088305771,-0.5866753058539755,1.1822886939364206,-1.4057965623343582,0.39175050207493695,0.3717319719851945,0.9401607937054308,0.12933429191213489,ambos,15.393275949827357,3.965951945925044,60,0,11
Lebanon,LBN,2008,0.9252830869934547,0.5658856261182293,0.1944530123607833,0.9649017035217151,1.9501702898934923,-0.2500020607799164,0.7640837968326922,-0.9048473035726805,-0.5866753058539755,1.1822886939364206,-0.9941210012282867,0.39175050207493695,0.3717319719851945,0.9052759410205745,0.12933429191213489,ambos,15.409906911208875,3.989968209379894,60,0,12
Lebanon,LBN,2009,1.1207001303863449,0.6535951503005495,0.27373251483118183,0.4932877013323738,1.720803957693284,-0.24960271188271715,0.8027907389578741,-0.9694722537126336,-0.5866753058539755,1.1822886939364206,-0.9941210012282867,0.39175050207493695,-0.042474544290519535,-0.40291911661209917,0.12933429191213489,ambos,15.423404879674957,3.965418020469968,60,0,13
Lebanon,LBN,2010,1.2888316010470715,0.28943006685999006,0.25459212471510684,0.6298448334031256,1.2944156613387532,-0.2493103524290596,0.7841020823106603,-1.105847038838409,-0.5866753058539755,1.1822886939364206,-0.9941210012282867,0.6052741548677444,0.09559429446805148,0.06803110413566356,0.6044909373622335,ambos,15.433172361316334,3.9181133588114214,60,0,14
Lebanon,LBN,2011,1.283224921428437,0.3620181565155254,0.3727044168365374,0.8345354640053282,0.7212261202360308,-0.2489837995501881,0.7681468146900996,-1.047550602489735,-0.5866753058539755,1.1822886939364206,-0.9941210012282867,0.6052741548677444,-0.042474544290519535,-0.019182074132522566,0.6995222664522537,ambos,15.443970597104766,3.850777044603909,60,0,15
Lebanon,LBN,2012,1.2787627352523712,0.32103852282855655,0.3142540655283076,0.4394550074426381,0.5832646051550663,-0.24815016253086325,0.7530762455156128,-0.9656237252633905,-0.5866753058539755,1.1822886939364206,-1.268571375299001,0.6052741548677444,-0.3186122218076625,-0.06627709620729916,0.5094596082722133,ambos,15.471019321537632,3.8338695513971404,60,0,16
Lebanon,LBN,2013,1.1404247399856775,0.5288372994846838,0.2784838965605959,0.3705438685401174,0.33968251186735665,-0.24512105821737573,0.709392659444829,-0.8938217757058349,-0.5866753058539755,1.1822886939364206,-1.268571375299001,0.6052741548677444,-0.3186122218076625,-0.06627709620729916,0.4144282791821931,ambos,15.563568369586047,3.803301763170966,60,0,17
Lebanon,LBN,2014,0.9627081876097124,0.20938850728109637,-0.15404676805393422,0.18579146897635454,0.3878681685990058,-0.24152001502044482,0.6303216133669193,-0.9050642880106469,-0.5866753058539755,1.1822886939364206,-1.268571375299001,0.6052741548677444,-0.3186122218076625,-0.0540674500954014,0.4144282791821931,ambos,15.663491400294848,3.8094233089855183,60,0,18
Lebanon,LBN,2015,0.928996635233324,-0.1123713654063066,-0.19580579207434234,-0.04606881383661131,0.10317419879139353,-0.2407713574035494,0.572213652290794,-0.9472469332407418,-0.5866753058539755,1.1822886939364206,-1.268571375299001,0.39175050207493695,-0.594749899324806,-0.09941786324131885,0.6282487696347385,ambos,15.683068355602883,3.7726999012663667,60,0,19
Lebanon,LBN,2016,1.017411423841504,-0.006618516516185957,-0.1467486592484723,-0.16567146344373707,0.2251396570113772,-0.2416627909173862,0.5587115536482528,-0.926439511541161,-0.5866753058539755,1.1822886939364206,-0.9941210012282867,0.39175050207493695,-0.594749899324806,-0.09941786324131885,0.6995222664522537,ambos,15.659713984313525,3.7885979403089727,60,0,20
Lebanon,LBN,2017,1.1004351145807691,-0.15175762352293928,-0.013817100141427433,-0.1444035278196297,0.17877829952293348,-0.242634908027309,0.5254287221076284,-1.0123585928920544,-0.5866753058539755,1.1822886939364206,-1.268571375299001,0.39175050207493695,-0.594749899324806,-0.12383767874313628,0.5094596082722133,ambos,15.633608276848873,3.7825845367643076,60,0,21
Liberia,LBR,2000,-1.028121473524152,-0.09262817618332268,-1.0625321031196984,-0.16115048806531496,-0.23712050220576983,-0.2619183710214336,-1.3650249348347703,-1.9058065138096874,2.9580148574688168,-1.232987325051966,0.7690149481329562,-1.2970266094812797,-0.2725894596465904,-0.0749985710175242,-1.8663236189782797,ambos,14.889870453797743,3.7269580714381987,61,0,0
Liberia,LBR,2002,-1.0252158731341359,-0.09262817618332268,-1.0625321031196984,-0.16115048806531496,-0.6006839639819866,-0.26092398134889977,-1.3525461594550656,-1.9898040470907512,0.4558805067875822,-1.232987325051966,0.8355483056166749,-0.4623435112303015,-0.40408346030347925,-0.0749985710175242,-2.151417606248339,ambos,14.945228348557174,3.6756600327304763,61,0,1
Liberia,LBR,2003,-1.1117132919881363,-0.09262817618332268,-1.0625321031196984,-0.16115048806531496,8.053531680286916,-0.2607763130058451,-1.3668147700030149,-1.9140145302249465,0.4558805067875822,-1.232987325051966,0.17021385253828955,-0.4623435112303015,-0.009600906057459172,-0.9471282605872915,-2.198933270793349,ambos,14.953193869095394,4.487902227503124,61,0,2
Liberia,LBR,2004,-1.108969120906264,-0.09262817618332268,-1.0625321031196984,-0.16115048806531496,0.8163203621913024,-0.2605534083878037,-1.3676468059262266,-1.614689114106208,0.8729032321857014,-1.232987325051966,0.569414436561201,-0.4623435112303015,-0.009600906057459172,-0.0749985710175242,-2.05638627715832,ambos,14.965098874029419,3.8622668290389592,61,0,3
Liberia,LBR,2005,-1.1076135652481842,-0.09262817618332268,-1.0625321031196984,-0.16115048806531496,0.8731484718452536,-0.2596935132522048,-1.3652732874976463,-1.6572546565187927,0.4558805067875822,-1.232987325051966,0.7024811515286387,-0.4623435112303015,-0.009600906057459172,1.8872940154314866,-2.151417606248339,ambos,15.009740857839638,3.869070605317928,61,0,4
Liberia,LBR,2006,-1.1032869884166194,-0.09262817618332268,-1.0625321031196984,-0.16115048806531496,1.032982016417487,-0.258561258028036,-1.3529031013364585,-1.6166741686898989,0.8729032321857014,-1.232987325051966,0.7690149481329562,-0.4623435112303015,0.22051345702325664,0.9122528069019415,-1.9138392835232902,ambos,15.06563805665796,3.887962235639472,61,0,5
Liberia,LBR,2007,-1.0947048312088308,-0.09262817618332268,-1.0625321031196984,-0.16115048806531496,1.0240457039074573,-0.2574976700749871,-1.3391772791134802,-1.5977629155733961,0.44920831532805516,-0.26204636541863513,0.7690149481329562,-0.4623435112303015,1.0883092451421812,0.9122528069019415,-1.5812296317082204,ambos,15.11544360348611,3.8869153690178493,61,0,6
Liberia,LBR,2008,-1.0885814660738553,-0.09262817618332268,-1.0625321031196984,-0.16115048806531496,2.220826034067588,-0.25659105804540355,-1.3132059341413058,-1.6675637113674102,-0.4115259013062891,-0.3071313567546833,0.9020816631003937,-0.4623435112303015,0.647869649502338,0.9279511475935337,-1.5812296317082204,ambos,15.156023773274864,4.018183276522005,61,0,7
Liberia,LBR,2009,-1.0841223571322696,-0.09262817618332268,-1.0625321031196984,-0.16115048806531496,0.6113004979299954,-0.2558630083661611,-1.2979666384498794,-1.8420096342980703,0.038858281816333155,-1.232987325051966,0.10368049505457075,-0.4623435112303015,-0.594749899324806,-0.46745708830732646,-1.3674091412556761,ambos,15.187459767638703,3.8373286337243857,61,0,8
Liberia,LBR,2010,-1.0772782324277774,-0.09262817618332268,-1.0625321031196984,-0.16115048806531496,17.427830909983097,-0.2551717295959387,-1.2792504009288745,-1.842856691655318,0.038858281816333155,-1.232987325051966,0.10368049505457075,-0.4623435112303015,-0.594749899324806,-0.49885376969051065,-1.5099561348907058,ambos,15.21642034155556,4.959412455704904,61,0,9
Liberia,LBR,2011,-1.0679965996817962,-0.09262817618332268,-0.7186955106663553,-0.16115048806531496,14.567364852826241,-0.25420345484613416,-1.2757084269537766,-1.5667423022009204,0.038858281816333155,-1.232987325051966,-0.1707698790161436,-0.4623435112303015,-0.594749899324806,-0.49885376969051065,-1.5812296317082204,ambos,15.25562503087804,4.837567588008574,61,0,10
Liberia,LBR,2012,-1.057855769433939,-0.09262817618332268,-0.7186955106663553,-0.16115048806531496,13.825074180223394,-0.2532973678595482,-1.2649167256191645,-1.040631232599888,0.038858281816333155,-1.232987325051966,0.3781308691252851,-0.4623435112303015,-0.594749899324806,-0.5197848906126339,-1.5812296317082204,ambos,15.290969892086949,4.803363541874165,61,0,11
Liberia,LBR,2013,-1.0421013621562418,-0.09262817618332268,-0.7186955106663553,-0.16115048806531496,10.353534967590758,-0.2527174578687787,-1.25580622378238,-0.6282520316511365,-0.5866753058539755,-1.232987325051966,0.3781308691252851,-0.4623435112303015,-0.594749899324806,-0.5197848906126339,-1.6762609607982404,ambos,15.312952656423594,4.62575199097692,61,0,12
Liberia,LBR,2014,-1.0457399159073035,-0.09262817618332268,-0.967433283945986,-0.16115048806531496,2.0688417314650644,-0.25215629429958003,-1.2492184611690083,-0.7088521282315673,-0.5866753058539755,-1.232987325051966,-0.1707698790161436,-0.4623435112303015,-0.594749899324806,-0.5197848906126339,-1.8663236189782797,ambos,15.33377440506732,4.0024374730182,61,0,13
Liberia,LBR,2015,-1.0511213648805502,-0.09262817618332268,-0.9817793167678298,-0.16115048806531496,0.608070009661997,-0.2515886631552754,-1.2615391135215306,-0.8535780145354146,-0.5866753058539755,-1.232987325051966,-0.7196706271575724,-0.6758671640231085,-0.594749899324806,-0.08371952254972675,-1.8663236189782797,ambos,15.354404110260814,3.836930663868457,61,0,14
Liberia,LBR,2016,-1.060193591792071,-0.09262817618332268,-0.9817793167678298,-0.16115048806531496,0.9513106559257366,-0.25101483292376137,-1.287930703963871,-1.109104208103774,-0.5866753058539755,-1.232987325051966,-0.445220253086858,-0.6758671640231085,-0.45668106056623414,0.4151386850015253,-1.8663236189782797,ambos,15.374835321470414,3.8783536314887237,61,0,15
Liberia,LBR,2017,-1.0590006180340008,-0.09262817618332268,-0.9817793167678298,-0.16115048806531496,0.6254358330529637,-0.250458066589667,-1.2870504322365028,-0.9692936733519603,-0.5866753058539755,-1.232987325051966,-0.445220253086858,-0.6758671640231085,-0.45668106056623414,0.4011844299607687,-1.8663236189782797,ambos,15.394267795092508,3.83906813167664,61,0,16
Liberia,LBR,2018,-1.060990070945192,-0.09262817618332268,-0.9817793167678298,-0.16115048806531496,0.006587307762211849,-0.24988647972368785,-1.2631905998520452,-0.8452942139785466,-0.5866753058539755,-1.232987325051966,0.10368049505457075,-0.6758671640231085,-0.45668106056623414,0.42211555088289177,-2.0088706126133107,ambos,15.41383231423489,3.7599281017469695,61,0,17
Libya,LBY,1996,1.351282446156195,-1.1122758941900632,1.7019490837999594,-0.6067885574874563,-0.7236394235011379,-0.24963191143305694,0.7013940732431603,3.2461420528804776,-1.212208893524284,-1.232987325051966,-2.091922497511144,-1.7434848301211545,-1.561231770634807,-1.8192584734350818,1.8398982155324901,ambos,15.422424086821573,3.6576982388270376,62,0,0
Libya,LBY,1997,1.4471913424530172,-1.3007279833906713,1.7019490837999594,-0.7205008823413809,-0.6922420659770819,-0.24917103107638608,0.7083028377967648,3.2461420528804776,-1.212208893524284,-1.232987325051966,-1.8174721234404299,-1.7434848301211545,-1.561231770634807,-1.8192584734350818,1.4835307314449162,ambos,15.437793617127056,3.662315645637577,62,0,1
Libya,LBY,1998,1.310052037694847,-1.4152274647969951,1.7019490837999594,-0.9640322093580341,-0.7356525523904438,-0.24871719703539794,0.6521191796540365,3.2461420528804776,-1.212208893524284,-1.232987325051966,-1.5430217493697154,-1.7434848301211545,-1.561231770634807,-1.8192584734350818,0.984616253722313,ambos,15.452700787558912,3.6559258907267336,62,0,2
Libya,LBY,1999,1.2905943990872204,-1.6282326151869646,1.7019490837999594,-1.1224516517246392,-0.7158233668277083,-0.24825579163572956,0.629807517551376,3.2461420528804776,-1.212208893524284,-1.232987325051966,-0.9941210012282867,-1.850246656517558,-1.4231629318762349,-1.8192584734350818,0.984616253722313,ambos,15.467632218778897,3.6588496905261376,62,0,3
Libya,LBY,2000,1.3420082570185643,-1.3337251287665493,1.7019490837999594,-0.81789703893425,-0.589069883942571,-0.24773681646466175,0.6285209062456137,3.2461420528804776,-1.212208893524284,-1.232987325051966,-0.445220253086858,-1.9570084829139611,-1.285094093117663,-1.8192584734350818,0.984616253722313,ambos,15.484164477052724,3.6773401024981296,62,0,4
Libya,LBY,2001,1.2478185608605077,-1.476801965027597,1.7019490837999594,-0.879149481816697,-0.721755655962351,-0.24714842225636402,0.5804773226872818,3.2461420528804776,-1.212208893524284,-1.232987325051966,-0.3079950660515008,-1.850246656517558,-1.285094093117663,-1.8192584734350818,0.22436562100215504,ambos,15.50258335852269,3.6579758743953157,62,0,5
Libya,LBY,2002,1.1751940855435639,-1.175812670937597,1.7019490837999594,0.1579674828429845,-0.5296632273617028,-0.24652331680302322,0.554374538029057,3.2461420528804776,-1.212208893524284,-1.232987325051966,-0.1707698790161436,-1.7434848301211545,-1.285094093117663,-1.8192584734350818,-0.15575969535792394,ambos,15.521786754783227,3.685889882850788,62,0,6
Libya,LBY,2003,1.442867742312336,-1.6593393999218262,1.5634187386672866,0.49953289165109777,-0.5582723060434597,-0.24586111825518664,0.6252240180909102,3.6697397525912465,-1.212208893524284,-1.232987325051966,-0.1707698790161436,-1.7434848301211545,-0.8708875768419492,-1.8192584734350818,-0.15575969535792394,ambos,15.541735276649659,3.6817816005621684,62,0,7
Libya,LBY,2004,1.5068226830212508,-1.0521150816209575,1.5634187386672866,0.6598565978589478,-0.46494364071634986,-0.24516128963706132,0.630802735567405,4.150666251569266,-1.212208893524284,-1.232987325051966,0.3781308691252851,-1.7434848301211545,-0.8708875768419492,-1.8192584734350818,-0.15575969535792394,ambos,15.562393644179965,3.6951218469165634,62,0,8
Libya,LBY,2005,1.7752368920627033,-0.9059538914284407,1.0907611281143257,0.5067449038082668,-0.2698350348976645,-0.24443276264600294,0.6996067313060675,4.51305564233642,-1.212208893524284,-1.232987325051966,0.3781308691252851,-1.7434848301211545,-0.8708875768419492,-1.8192584734350818,-0.44085368262798447,ambos,15.583455191742859,3.722448362171055,62,0,9
Libya,LBY,2006,1.9089524582685553,-0.2013330771430544,1.2326745082572377,0.7066107112602472,-0.05256777300297726,-0.24370836440215238,0.7357739335376066,4.98951144732073,-1.212208893524284,-1.232987325051966,0.3781308691252851,-1.7434848301211545,-0.8708875768419492,-1.4983147937218737,-0.44085368262798447,ambos,15.603966576803442,3.7520246400180692,62,0,10
Libya,LBY,2007,2.0398136513536844,-0.2361011919103744,1.2326745082572377,0.8517527792942237,0.5524296199804704,-0.2429675227662429,0.7353300890059892,4.827043074174217,-1.212208893524284,-1.232987325051966,0.3781308691252851,-1.4231996498649382,-0.8708875768419492,-1.4983147937218737,-0.44085368262798447,ambos,15.624517268085002,3.8300512476902493,62,0,11
Libya,LBY,2008,1.9641648430208623,-0.07126913236204185,1.2326745082572377,0.8665698447333008,0.17608647540189618,-0.24218562634776536,0.7212122638005359,4.926837817250629,-1.212208893524284,-1.232987325051966,0.3781308691252851,-1.3164381224015291,-0.7328187380833772,-1.4704062836403613,-0.44085368262798447,ambos,15.645758260609353,3.7822342744680992,62,0,12
Libya,LBY,2009,1.7557582827804932,0.2896546500010532,1.2326745082572377,0.9938259136835869,-0.2590353061388506,-0.24140250085136178,0.6276809887364648,3.912636704128048,-1.212208893524284,-1.232987325051966,0.3781308691252851,-1.3164381224015291,-1.0089564156005206,-1.4704062836403613,-0.44085368262798447,ambos,15.666589798060926,3.7239393582614304,62,0,13
Libya,LBY,2010,1.8448031249396004,-0.10271953342041279,1.2326745082572377,0.7164659971200268,-0.23943245125033064,-0.24061998989392122,0.6195002553829947,4.075580690658902,-1.212208893524284,-1.232987325051966,0.6525812431959995,-1.529961775194336,-1.0089564156005206,-1.4808718441014226,-0.44085368262798447,ambos,15.686980371947122,3.7266400354712763,62,0,14
Libya,LBY,2011,0.29640338639796626,-0.6362472289945702,1.2326745082572377,-0.3027914813952987,-0.37135134531986497,-0.24154260976853162,0.5130631921154175,2.247974982075506,-1.212208893524284,-1.232987325051966,-1.268571375299001,-1.529961775194336,-1.0089564156005206,-0.7639809525187171,-0.3933380180829738,ambos,15.662894561536671,3.7083234137426824,62,0,15
Libya,LBY,2012,1.7680036178062595,-0.8128961673001861,1.2326745082572377,0.7207411932942744,-0.3840993822908384,-0.24252035319148474,0.4265826232221277,3.907590055220861,-0.5866753058539755,-1.232987325051966,-0.7196706271575724,-1.7434848301211545,-1.0089564156005206,-0.48489951464975434,-0.5358850117180035,ambos,15.636720247487288,3.706535472045853,62,0,16
Libya,LBY,2013,1.1644567483179036,-0.7131647197432476,1.2326745082572377,0.9564355744460221,-0.49052220241842603,-0.24177276355977748,0.290341366764757,3.1870268362698195,-0.5866753058539755,-1.232987325051966,-0.9941210012282867,-1.7434848301211545,-1.1470252543590918,-0.5424600971855921,-0.6190374246717715,ambos,15.656794683461149,3.6914833569137486,62,0,17
Libya,LBY,2014,0.5586834325612795,0.0673091179650602,1.2326745082572377,0.0901112650815201,-0.37135134531986497,-0.24104114000831323,0.14644700078599676,1.6515221811831646,-0.5866753058539755,-1.232987325051966,-1.5430217493697154,-1.7434848301211545,-1.1470252543590918,-0.7203746250236357,-0.29830668899295476,ambos,15.67605778875679,3.7083234137426824,62,0,18
Libya,LBY,2015,0.5133470144802715,-0.6725881630941017,1.2326745082572377,-0.48008528101592357,-0.37135134531986497,-0.24041725170010306,0.1107675752034137,0.6526163278298944,-1.212208893524284,-1.232987325051966,-1.8174721234404299,-1.9570084829139611,-1.6993006093933776,-0.9907351113603965,-0.29830668899295476,ambos,15.692196176048588,3.7083234137426824,62,0,19
Libya,LBY,2016,0.4590863407601353,-0.38925032485756417,1.2326745082572377,-0.9391124243819843,-0.37135134531986497,-0.2398187802460914,0.0764707637114931,-0.07955214226289568,-1.212208893524284,-1.232987325051966,-1.8174721234404299,-2.170532135706768,-1.6993006093933776,-0.9907351113603965,-0.29830668899295476,ambos,15.707436125191721,3.7083234137426824,62,0,20
Libya,LBY,2017,0.9958809626489786,-0.7829779494978691,1.2326745082572377,-0.7519880352649357,-0.37135134531986497,-0.23918249972986005,0.18884561304784264,0.9998858329015452,-1.212208893524284,-1.232987325051966,-1.8174721234404299,-2.170532135706768,-1.6993006093933776,-0.9785249419704757,-0.29830668899295476,ambos,15.723388122048112,3.7083234137426824,62,0,21
St. Lucia,LCA,2004,1.6358796908024962,-0.09262817618332268,0.414853797965911,-0.16115048806531496,1.3404223169722407,-0.278408766361448,-0.2741709921427012,-0.9584030822267163,1.7195849618797503,1.7434133475510631,1.7004828311462172,1.2595045574893875,1.9309334271293523,1.2992671396398991,0.12933429191213489,ambos,12.009084051692815,3.923326498804921,63,0,0
St. Lucia,LCA,2005,1.6023534043611807,-0.09262817618332268,0.5627692924985912,-0.16115048806531496,1.125927343234635,-0.2784015410538343,-0.017111421915015607,-0.9584030822267163,3.166526220167876,2.9937457081777104,1.750382739478857,3.0963826402958396,2.373730133984482,2.759424228279277,0.12933429191213489,ambos,12.016430357453585,3.8987860609798304,63,0,1
St. Lucia,LCA,2006,1.7605489978409263,-0.09262817618332268,0.7285873933579872,-0.16115048806531496,3.332290878840586,-0.27839444700696997,0.05059858148037103,-0.9584030822267163,3.166526220167876,2.9937457081777104,1.750382739478857,3.0963826402958396,2.373730133984482,2.759424228279277,0.12933429191213489,ambos,12.023591075934853,4.126362671069217,63,0,2
St. Lucia,LCA,2007,1.791632273359914,-0.09262817618332268,0.8978635729009719,-0.16115048806531496,2.0049200992065757,-0.2783877706079446,-0.02141504124509371,-1.1452254961976727,3.166526220167876,2.9937457081777104,1.750382739478857,2.847271612393234,2.373730133984482,2.759424228279277,0.12933429191213489,ambos,12.030283704661516,3.995740307193021,63,0,3
St. Lucia,LCA,2008,1.9247646985201075,-0.09262817618332268,1.121646289932886,-0.16115048806531496,1.7272303189873828,-0.2783815058903605,-0.009831346044982831,-1.1791501726378522,3.166526220167876,2.9937457081777104,1.750382739478857,2.847271612393234,2.373730133984482,2.759424228279277,0.12933429191213489,ambos,12.036523177258209,3.9661141355637315,63,0,4
St. Lucia,LCA,2009,1.813727732095707,-0.09262817618332268,1.2056276096145186,-0.16115048806531496,1.0316285214246301,-0.27837517554240165,-0.037966779953045045,-1.1573194489231393,3.166526220167876,2.9937457081777104,1.750382739478857,2.847271612393234,2.373730133984482,2.759424228279277,0.12933429191213489,ambos,12.042788717613357,3.887803747499378,63,0,5
St. Lucia,LCA,2010,1.8050287747256608,-0.09262817618332268,1.2117745693297153,-0.16115048806531496,1.40293868804017,-0.27836898838798757,-0.07694224855525386,-1.2823671181174112,3.166526220167876,2.9937457081777104,2.024833113549571,2.847271612393234,2.373730133984482,2.759424228279277,0.12933429191213489,ambos,12.048874827890371,3.9303671237048574,63,0,6
St. Lucia,LCA,2011,1.9227697805377695,-0.09262817618332268,1.1962438396938204,-0.16115048806531496,0.430488043160657,-0.2783636484620468,-0.08605660261135444,-1.334939998519307,3.166526220167876,2.9937457081777104,2.024833113549571,2.847271612393234,2.0285580370880534,2.759424228279277,0.12933429191213489,ambos,12.05409792990807,3.8148067179501344,63,0,7
St. Lucia,LCA,2012,1.9045642624560295,-0.09262817618332268,1.0785734285892459,-0.16115048806531496,0.6379359481362722,-0.27835895887345524,-0.11108796908450239,-1.3507186455205467,3.166526220167876,2.9937457081777104,2.024833113549571,2.847271612393234,2.0285580370880534,2.759424228279277,0.12933429191213489,ambos,12.058662530301403,3.8406038820334336,63,0,8
St. Lucia,LCA,2013,1.8319310814131406,-0.09262817618332268,1.0112360783303493,-0.16115048806531496,0.6703170310957858,-0.2783542931504545,-0.1571038713775442,-1.4046888782631684,3.166526220167876,2.9937457081777104,2.024833113549571,2.847271612393234,2.0285580370880534,2.759424228279277,0.12933429191213489,ambos,12.063183317979933,3.844571252473224,63,0,9
St. Lucia,LCA,2014,1.8595729412113853,-0.09262817618332268,0.9845668811171728,-0.16115048806531496,0.01927183767525996,-0.27834970499062384,-0.1752345894996011,-1.4259500619614174,1.2899254571569505,1.9873808612842838,1.8113717602857486,2.2660131451531416,1.2615088715098388,2.759424228279277,0.12933429191213489,ambos,12.067609109860088,3.761614725833442,63,0,10
St. Lucia,LCA,2015,1.8489000094677397,-0.09262817618332268,0.9918430825789679,-0.16115048806531496,0.8201035142019704,-0.2783451287635886,-0.16535750016192552,-1.3523064358933221,1.2899254571569505,1.9873808612842838,1.8113717602857486,2.2660131451531416,2.181967980658767,2.759424228279277,0.12933429191213489,ambos,12.072003965735604,3.8627212100719794,63,0,11
St. Lucia,LCA,2016,1.9433091834847793,-0.09262817618332268,0.9456443211647216,-0.16115048806531496,0.8598409967374587,-0.2783407076628935,-0.17116177227822177,-1.341650217166449,1.2899254571569505,1.9873808612842838,1.8113717602857486,2.2660131451531416,2.181967980658767,2.759424228279277,0.12933429191213489,ambos,12.076231578128818,3.8674815064560955,63,0,12
St. Lucia,LCA,2017,2.0399010121436603,-0.09262817618332268,0.9178144300771349,-0.16115048806531496,0.13392552061631913,-0.27833655505009486,-0.19070105507754642,-1.3506197848287314,1.2899254571569505,1.9873808612842838,2.0553274043927177,2.2660131451531416,2.181967980658767,2.759424228279277,0.12933429191213489,ambos,12.080186241085622,3.77673218784809,63,0,13
St. Lucia,LCA,2018,2.1233871575032026,-0.09262817618332268,0.9110298750342092,-0.16115048806531496,-0.26705361787913795,-0.2783325277316479,-0.395178858394889,-1.436497079977448,1.2899254571569505,1.9873808612842838,2.0553274043927177,2.2660131451531416,2.181967980658767,2.759424228279277,0.12933429191213489,ambos,12.084006701300643,3.7228325734739984,63,0,14
St. Lucia,LCA,2019,2.087016018765802,-0.09262817618332268,0.8976900344063213,-0.16115048806531496,-0.02298009407150053,-0.2783286853715296,-0.41367253241431956,-1.5044481450784333,1.2899254571569505,1.9873808612842838,2.0553274043927177,2.2660131451531416,2.181967980658767,2.759424228279277,0.12933429191213489,ambos,12.087638147718394,3.7559855335115477,63,0,15
Sri Lanka,LKA,1996,-0.4675113506378695,0.15063771574178533,1.0424683171382148,0.15838035794940528,-0.5026116641258904,-0.17256022335418614,0.23476913027276666,-0.03796131241654132,0.038858281816333155,-0.025349315557772752,-1.5430217493697154,0.1782268492821305,0.5098008107437664,0.14303411301392915,1.6023198928074407,ambos,16.700591622570208,3.689759041406417,64,0,0
Sri Lanka,LKA,1997,-0.43053894655195085,0.20755406497761086,1.0424683171382148,0.1951028518177382,-0.1549321520786727,-0.17051266305898613,0.33109565581350536,-0.0028720904542325794,0.038858281816333155,-0.6291683203048694,-1.268571375299001,0.07146502288572677,0.37173197198519475,0.14303411301392915,1.7923825509874811,ambos,16.71957705779144,3.738198839705371,64,0,1
Sri Lanka,LKA,1998,-0.4065225900881938,0.29953363596099747,1.0424683171382148,0.1473665825381212,-0.43879744511573676,-0.1684375320400182,0.24044836541670825,0.0492514077660762,0.038858281816333155,-1.232987325051966,-0.9941210012282867,-0.03529680351067694,0.23366313322662344,0.14303411301392915,1.2697102409923713,ambos,16.73845727689261,3.6988274492681104,64,0,2
Sri Lanka,LKA,1999,-0.3850863700143164,0.5614627444292669,1.0424683171382148,0.15482068313651545,-0.4570777164855786,-0.16635688210317853,0.2530325368713991,0.0278858138921226,0.038858281816333155,-1.232987325051966,-1.268571375299001,0.28498867567853353,0.30269755260590897,0.14303411301392915,1.2697102409923713,ambos,16.75703645612206,3.69623809971903,64,0,3
Sri Lanka,LKA,2000,-0.3474155780478378,0.6528213854003175,1.0424683171382148,0.44209790320110576,-0.47119883709702937,-0.16427864855740706,0.265012863069432,0.024267848804836272,0.038858281816333155,-1.232987325051966,-1.5430217493697154,0.6052741548677444,0.3717319719851945,0.14303411301392915,1.2697102409923713,ambos,16.77525574455594,3.6942332821240957,64,0,4
Sri Lanka,LKA,2001,-0.37705673959810687,-0.07821557570795609,1.0424683171382148,0.21722046723422878,-0.46268231801434534,-0.16244512681326742,0.20960862902154778,-0.017350679985324125,0.038858281816333155,-0.6291683203048694,-0.8568958141929295,0.6052741548677444,0.7169040688816235,0.14303411301392915,1.1746789119023522,ambos,16.79105864443741,3.6954428787115132,64,0,5
Sri Lanka,LKA,2002,-0.35021436108201826,-0.3117512591225643,1.0424683171382148,0.08459671775319484,-0.4456169720507258,-0.16121968838983283,0.2209843871628888,0.08220428607234663,0.038858281816333155,-0.025349315557772752,-0.1707698790161436,0.6052741548677444,1.0620761657780524,0.14303411301392915,0.6995222664522537,ambos,16.80148300901723,3.6978622661576455,64,0,6
Sri Lanka,LKA,2003,-0.3007858265540408,-0.31597049073036104,1.0424683171382148,0.055567095866495664,-0.44158390669227376,-0.16034997256362105,0.28037344005250275,0.11683522093068731,0.038858281816333155,-0.025349315557772752,-0.1707698790161436,0.6052741548677444,1.0620761657780524,0.14303411301392915,0.6995222664522537,ambos,16.808815989116972,3.698433187592382,64,0,7
Sri Lanka,LKA,2004,-0.2531859490570689,-0.0010825194740446578,1.0424683171382148,0.17607859476727872,-0.45639547383387713,-0.15953804129912583,0.4568606306355382,0.1330257033818594,0.038858281816333155,-0.025349315557772752,-0.1707698790161436,0.8187978076605511,1.0620761657780524,0.14303411301392915,0.6995222664522537,ambos,16.815613565927485,3.6963348580326554,64,0,8
Sri Lanka,LKA,2005,-0.19455059925937912,0.08783333821907305,1.0424683171382148,0.005223665321315021,-0.4582412420217992,-0.15876885927414525,0.6477289598845931,0.2643681376612071,0.038858281816333155,-0.025349315557772752,-0.1707698790161436,1.032321460453358,1.0620761657780524,0.14303411301392915,0.41442827918219427,ambos,16.822010897242052,3.6960730623882174,64,0,9
Sri Lanka,LKA,2006,-0.1172437086991561,0.26954712081088095,1.0424683171382148,-0.06286272592402735,-0.3566025201631696,-0.15795810338999677,0.713878243799312,0.30236629803718856,0.038858281816333155,-0.025349315557772752,-0.1707698790161436,1.032321460453358,1.0620761657780524,0.6366595403346499,0.41442827918219427,ambos,16.828709988627775,3.710387989781877,64,0,10
Sri Lanka,LKA,2007,-0.045068602636073436,0.25125142810163253,1.0424683171382148,-0.14001276474384663,-0.3273876817064261,-0.15712200821481986,0.73425283006152,0.2419252361431317,0.038858281816333155,-0.025349315557772752,-0.033544691980786426,1.032321460453358,1.0620761657780524,0.6366595403346499,0.41442827918219427,ambos,16.835571768230484,3.714465012110611,64,0,11
Sri Lanka,LKA,2008,0.02114764878211328,0.3197590533861798,1.0424683171382148,-0.29222428117084925,-0.33026500034433637,-0.15630560811844796,0.7723634322966169,0.19602820053904152,0.038858281816333155,-0.025349315557772752,0.10368049505457075,1.032321460453358,0.9240073270194807,0.20582747578029698,0.41442827918219427,ambos,16.84222678280086,3.7140642103908466,64,0,12
Sri Lanka,LKA,2009,0.05973107762208096,0.13126797893428893,1.0424683171382148,-0.705483672386047,-0.48549137335076803,-0.15554753552598324,0.7966994495077934,0.22114610082424907,0.038858281816333155,-0.025349315557772752,0.6525812431959995,1.032321460453358,0.647869649502338,-0.23023736900458608,0.41442827918219427,ambos,16.84836692522332,3.6922000270747692,64,0,13
Sri Lanka,LKA,2010,0.16061331676456345,0.13126797893428893,1.0424683171382148,-0.7162907352526802,-0.5110278596229045,-0.154815732982588,0.8639782779127017,0.06317912161586495,0.038858281816333155,-0.025349315557772752,0.3781308691252851,1.032321460453358,0.647869649502338,-0.22500458877405538,0.31939695009217406,ambos,16.854258737653495,3.6885568846876855,64,0,14
Sri Lanka,LKA,2011,0.27798009058221057,0.26839535087891214,1.1060752795017283,-0.7270977981193134,-0.40666674262154096,-0.15404034590400026,0.9513506181895556,0.17109426461537477,0.038858281816333155,-0.025349315557772752,0.3781308691252851,1.032321460453358,0.647869649502338,-0.23547014923511678,0.12933429191213544,ambos,16.860463807636805,3.7033624877051152,64,0,15
Sri Lanka,LKA,2012,0.4017494882382071,0.4055227228235353,1.126536819910961,-0.7379048609859465,-0.419783895898491,-0.1530832760490748,1.121471762564263,0.32976929518697656,0.038858281816333155,-0.025349315557772752,0.3781308691252851,1.032321460453358,0.647869649502338,-0.38024391003914093,0.12933429191213544,ambos,16.868070087753807,3.7015135708942415,64,0,16
Sri Lanka,LKA,2013,0.5214630089580509,0.5426500947681585,1.1435256374025455,-0.74871192385258,-0.4415572063998138,-0.15657038491554218,1.0897007624293031,0.3151982717168046,0.038858281816333155,-0.025349315557772752,-0.1707698790161436,1.032321460453358,0.647869649502338,-0.3907094705002023,0.12933429191213544,ambos,16.840073261765202,3.698436966204545,64,0,17
Sri Lanka,LKA,2014,0.6200132779577653,0.6797774667127816,1.083798816333415,-0.7595189867192129,-0.4640766990082899,-0.15541887015960043,1.1585668201099604,0.29195922672992713,0.038858281816333155,-0.025349315557772752,-0.1707698790161436,1.032321460453358,0.647869649502338,-0.3907094705002023,0.12933429191213544,ambos,16.84940534074044,3.6952449356734816,64,0,18
Sri Lanka,LKA,2015,0.6826760048832052,0.6797774667127816,1.1184807412256705,-0.7703260495858463,-0.5137749099370871,-0.15427332180135786,1.081186934119601,0.20976682744302289,0.6643918694866419,-0.025349315557772752,0.9270316172667138,1.032321460453358,0.9240073270194807,0.6087515535311606,0.6520066019072441,ambos,16.858603450565273,3.6881641871044897,64,0,19
Sri Lanka,LKA,2016,0.7596713476788478,0.9015111524985518,1.0986649007006568,-0.7833003269507843,-0.475171157709555,-0.15284735275125383,1.1647825812868193,0.2890163202332588,0.6643918694866419,-0.025349315557772752,0.9270316172667138,1.032321460453358,0.9240073270194807,1.0552819587771063,0.6995222664522537,ambos,16.869936225007276,3.6936685948188535,64,0,20
Sri Lanka,LKA,2017,0.8681666156733142,1.0845558356618084,1.1036604934029235,-0.7638615182730648,-0.39901259669946004,-0.1513915517126539,1.4363309111257252,0.34302284725562154,0.6643918694866419,-0.025349315557772752,0.9270316172667138,0.8187978076605511,0.9240073270194807,1.0552819587771063,0.5094596082722133,ambos,16.88137510031217,3.7044397938448466,64,0,21
Lesotho,LSO,1996,-1.0403606951524675,0.10695535733658658,-1.2708336827961815,2.6628013936509562,-0.1158470486345831,-0.2676204513361423,-0.25076638747358865,0.4560319223081751,0.6643918694866419,1.7861076986835172,0.6525812431959995,0.3561631269651382,1.3382138432951955,-0.5110634158024079,0.12933429191213489,ambos,14.494771266220209,3.7435004359156454,65,0,0
Lesotho,LSO,1998,-1.0298363565513073,0.10695535733658658,-1.2576735193457829,2.6628013936509562,-0.11924891124989521,-0.26746752659671463,-0.10288054161875983,0.2743083613500182,0.6643918694866419,1.7861076986835172,0.6525812431959995,0.3561631269651382,1.3382138432951955,-0.5110634158024079,0.12933429191213489,ambos,14.50768226290254,3.7430401142803613,65,0,1
Lesotho,LSO,2000,-1.0185718725329662,0.10695535733658658,-1.2571606979198147,2.6628013936509562,-0.014528727208169995,-0.26743253964060665,0.0835695064385428,0.6806701773885,0.6643918694866419,1.7861076986835172,0.6525812431959995,0.3561631269651382,0.9930417463987669,-0.5110634158024079,0.12933429191213489,ambos,14.510612826094397,3.7571140407084624,65,0,2
Lesotho,LSO,2002,-1.0047457009349263,0.10695535733658658,-1.1676498044791195,2.6628013936509562,-0.013179076550063668,-0.26748763335696085,0.26768532802963957,0.9764715084983079,0.6643918694866419,1.7861076986835172,0.3781308691252851,0.3561631269651382,0.9930417463987669,-0.5110634158024079,0.12933429191213489,ambos,14.505994194437978,3.757294141081149,65,0,3
Lesotho,LSO,2003,-0.9894334019319215,0.10695535733658658,-1.1387539897443306,2.6628013936509562,0.010622809466669252,-0.267545030102827,0.41936186772308465,0.7899262631933858,0.6643918694866419,1.7861076986835172,0.9270316172667138,0.3561631269651382,0.9930417463987669,-0.18401465139423934,0.12933429191213489,ambos,14.501159698346862,3.760464998975989,65,0,4
Lesotho,LSO,2004,-0.9817774239541334,0.10695535733658658,-1.0513545962785154,2.6628013936509562,-0.00895952245408993,-0.26762814202277657,0.5172940651962634,0.6389246788342323,1.1635551617757947,1.6946199414154597,0.9907928064120192,0.2731261176642689,1.0104748702557789,0.21571167435774685,0.12933429191213489,ambos,14.494117540327158,3.757856998588905,65,0,5
Lesotho,LSO,2005,-0.9673956854776383,0.10695535733658658,-0.9674738406371051,2.6628013936509562,-0.36815980580049007,-0.26773585340043987,0.6679550588726548,0.5640337175226826,1.2899254571569505,1.7861076986835172,0.9270316172667138,0.3561631269651382,0.9930417463987669,-0.18401465139423934,0.12933429191213489,ambos,14.48491663560491,3.7087705346536497,65,0,6
Lesotho,LSO,2006,-0.9515731514559711,0.10695535733658658,-0.9081616111464181,2.6628013936509562,-0.41711530923517237,-0.2677836621452034,0.8338943887523907,0.7071908451688397,1.2899254571569505,-0.025349315557772752,0.10368049505457075,-0.03529680351067694,0.7859384882609096,1.491347326840013,0.12933429191213489,ambos,14.480805439377649,3.7018899962727563,65,0,7
Lesotho,LSO,2007,-0.9382447681409959,0.10695535733658658,-0.7943359467703516,2.6628013936509562,0.13304673826985275,-0.26773470785208164,0.9814289400219673,1.012087027597867,1.2899254571569505,-0.025349315557772752,0.3781308691252851,-0.03529680351067694,0.7859384882609096,1.491347326840013,0.12933429191213489,ambos,14.485014937189128,3.776617182352609,65,0,8
Lesotho,LSO,2008,-0.9205045521387725,0.4508381594536562,-0.6788110398051506,2.548809653795107,-0.5445044811508598,-0.2676555158554204,1.15708037501748,1.1323858486918341,1.2899254571569505,-0.025349315557772752,0.3781308691252851,-0.03529680351067694,0.647869649502338,1.0221411917430856,0.12933429191213489,ambos,14.491787228368109,3.6837607760475595,65,0,9
Lesotho,LSO,2009,-0.9281129473115908,0.6941837017737457,-0.5181477771557477,2.483947447976389,0.26459041650384396,-0.2675699457796188,1.1771653613599171,0.5247323284214981,1.2899254571569505,-0.025349315557772752,0.3781308691252851,-0.03529680351067694,0.647869649502338,1.0221411917430856,0.12933429191213489,ambos,14.499053767681497,3.793686665090308,65,0,10
Lesotho,LSO,2010,-0.9112186228662474,0.8122248244190483,-0.3355658301233323,2.22842519523877,-0.5790849936341521,-0.2674782541797778,1.3601111295307957,0.3710545244293849,1.2899254571569505,-0.025349315557772752,0.3781308691252851,-0.03529680351067694,0.23366313322662344,0.538981324883426,0.12933429191213489,ambos,14.506781980389379,3.678782243864396,65,0,11
Lesotho,LSO,2011,-0.8965995353768023,0.6523023110202981,-0.23764059583281885,2.219537186156047,-0.2385659848700648,-0.2673723028894357,1.5193634870243409,0.5163102398444371,1.2899254571569505,-0.025349315557772752,0.3781308691252851,-0.03529680351067694,0.23366313322662344,0.5930532128395686,0.12933429191213489,ambos,14.515638317491614,3.726759240032379,65,0,12
Lesotho,LSO,2012,-0.8749701519431471,1.611154537096245,-0.16073945360590763,2.23150983662925,-0.25345625926213433,-0.2672509165282459,1.7069452630468687,0.31706042936171275,1.2899254571569505,-0.025349315557772752,0.6525812431959995,0.39175050207493695,0.23366313322662344,0.6506137953754065,0.12933429191213489,ambos,14.52568937330156,3.72470872404052,65,0,13
Lesotho,LSO,2013,-0.871962776390954,1.0109681493556049,-0.2084059809844626,1.7420153756473202,-0.28078081245592007,-0.26711876081920904,1.787579839924836,0.1669192802302533,1.2899254571569505,-0.025349315557772752,0.6525812431959995,0.39175050207493695,0.23366313322662344,0.6506137953754065,0.12933429191213489,ambos,14.536518497965002,3.7209349309930833,65,0,14
Lesotho,LSO,2014,-0.8695384279845084,0.8167635315362443,-0.19037941752907445,1.5364591343416014,0.023550459607208522,-0.2669780433294739,1.894977314287561,0.4294079844446597,1.2899254571569505,-0.025349315557772752,0.6525812431959995,0.39175050207493695,0.23366313322662344,0.6506137953754065,0.12933429191213489,ambos,14.547921719972184,3.762183000420152,65,0,15
Lesotho,LSO,2015,-0.8611287142798009,0.6895882885466151,-0.1491202501744152,1.6361505907724592,0.1860075020970493,-0.26683173532509463,2.0184452771554584,0.5613950171798415,1.2899254571569505,-0.025349315557772752,0.3781308691252851,0.1782268492821305,0.3717319719851945,0.6384041492635093,0.12933429191213489,ambos,14.559641685068659,3.783524599635802,65,0,16
Lesotho,LSO,2016,-0.8506351607111139,0.4826258915984071,-0.241688677808637,1.8277413661031823,0.002151092482851653,-0.26667773663408106,2.1170111770456037,0.2977109140919617,1.2899254571569505,-0.025349315557772752,0.10368049505457075,0.1782268492821305,0.3717319719851945,0.6384041492635093,0.12933429191213489,ambos,14.571831109518213,3.7593375593804947,65,0,17
Lesotho,LSO,2017,-0.8704244971662182,0.5742214110837605,-0.15056160683962258,2.119859166636735,-0.3336705895994025,-0.26651850541228533,2.0930875663015853,0.12925775088527183,1.2899254571569505,-0.025349315557772752,0.3781308691252851,0.1782268492821305,0.09559429446805148,0.6471251007957113,0.12933429191213489,ambos,14.584280384408867,3.713589614500304,65,0,18
Lesotho,LSO,2018,-0.8821062520332584,0.40357084314876107,-0.15056160683962258,2.063716652890401,-0.3737534838707237,-0.26636043763804096,2.1246181196820553,0.34392333958427684,1.2899254571569505,-0.025349315557772752,0.3781308691252851,0.1782268492821305,0.09559429446805148,0.6471251007957113,0.12933429191213489,ambos,14.596487280725395,3.707986752590247,65,0,19
Morocco,MAR,1996,-0.5731217767005846,-0.10100689645476871,-0.9168557793701647,-0.7651654260927903,-0.5086497908771827,-0.11944085362899086,0.4931192689644918,-0.11770700567420109,0.6643918694866419,1.1822886939364206,-0.445220253086858,0.1782268492821305,0.647869649502338,0.7971316418302662,2.410086190072609,ambos,17.104214937039334,3.6888967109625783,66,0,0
Morocco,MAR,1997,-0.5955664607943112,0.01353904664053763,-0.9059803784934397,-0.6473301451416789,-0.17111548567005241,-0.11702309028935212,0.7094858087277598,0.024629109724524926,0.6643918694866419,1.1822886939364206,-0.033544691980786426,0.1782268492821305,0.647869649502338,0.7971316418302662,2.410086190072609,ambos,17.11921777872236,3.7359954390310963,66,0,1
Morocco,MAR,1998,-0.5555917799901364,-0.10476102975465978,-0.940326515902094,-0.8065260549998102,-0.5373640502783583,-0.11458694447840222,0.589523143879486,-0.3251779155627202,0.6643918694866419,1.1822886939364206,0.3781308691252851,0.1782268492821305,0.647869649502338,0.7971316418302662,2.410086190072609,ambos,17.134110407276946,3.684785698739491,66,0,2
Morocco,MAR,1999,-0.5541377007116854,0.11839828071800036,-0.9231364106285366,-0.7220567390432835,-0.34078314608456967,-0.11216738525305603,0.44739928225390324,-0.29621135218323524,0.3516250756514875,1.1822886939364206,0.10368049505457075,0.1782268492821305,0.5788352301230523,0.47008287742209764,2.410086190072609,ambos,17.148685311586757,3.71259769627345,66,0,3
Morocco,MAR,2000,-0.5457116789854061,0.20805010097490517,-0.8617337182221418,-0.5807736750950089,-0.48003368532145757,-0.10980316436636973,0.38909883971572473,-0.22381636335440663,0.038858281816333155,1.1822886939364206,-0.1707698790161436,0.1782268492821305,0.5098008107437664,0.14303411301392915,2.410086190072609,ambos,17.16272457409942,3.692976925323241,66,0,4
Morocco,MAR,2001,-0.4983260842786332,0.07617785541410604,-0.8030363226509036,-0.5792838042840672,0.4740208629369795,-0.1074690618552689,0.3438736048596797,-0.3478763650362631,0.3516250756514875,1.1822886939364206,-0.033544691980786426,0.07146502288572677,0.44076639136448026,-0.18401465139423934,2.410086190072609,ambos,17.1763942881002,3.82027568648163,66,0,5
Morocco,MAR,2002,-0.479445282829234,0.1180672006290071,-0.7386223649028772,-0.5554948694210673,-0.4749986798828967,-0.10518095430403106,0.36357777953179754,-0.3674164795607443,0.6643918694866419,1.1822886939364206,0.10368049505457075,-0.03529680351067694,0.3717319719851945,-0.5110634158024079,2.410086190072609,ambos,17.189615669325796,3.693693120117367,66,0,6
Morocco,MAR,2003,-0.4397439843805035,0.07453342445245137,-0.6824070664177146,-0.6129874249688377,0.04384540059341627,-0.10295385913566502,0.37432341203553166,-0.30980277794708255,0.038858281816333155,1.1822886939364206,0.6525812431959995,0.1782268492821305,0.3717319719851945,-0.5110634158024079,1.9349295446225103,ambos,17.202318777053467,3.7648741275798203,66,0,7
Morocco,MAR,2004,-0.41193070053087594,0.2383311473924495,-0.5831418059451222,-0.5194140373927659,-0.4171121928427622,-0.1006770638744648,0.2797845885426438,-0.2530668671948906,0.038858281816333155,-0.025349315557772752,0.3781308691252851,0.1782268492821305,0.3717319719851945,-0.5110634158024079,1.8398982155324912,ambos,17.21514067878118,3.7018904357818747,66,0,8
Morocco,MAR,2005,-0.39595470504217767,0.38117996471965954,-0.5195559496147403,-0.34672188502654305,-0.22898561076112095,-0.09825992104018678,0.2887278472093805,-0.2799864950292609,0.038858281816333155,-0.025349315557772752,0.3781308691252851,-0.24881985843749468,-0.042474544290519535,-1.1651609446187448,1.5548042282624317,ambos,17.228575408493263,3.728076318679969,66,0,9
Morocco,MAR,2006,-0.3384507563528158,0.45282628193622254,-0.4085006934963115,-0.25435195995327775,-0.08612270945106583,-0.09579559593290365,0.40727202878299984,-0.35763189157782077,0.038858281816333155,-0.025349315557772752,0.3781308691252851,0.1782268492821305,-0.042474544290519535,-0.7029321986812077,1.7923825509874811,ambos,17.242089063106253,3.7475135835439595,66,0,10
Morocco,MAR,2007,-0.3187604486858959,0.7975955878579993,-0.29567308238639056,-0.06029165672592239,-0.08487018438381316,-0.09331781063241117,0.4464681285619691,-0.38525102011164053,0.038858281816333155,-0.025349315557772752,0.3781308691252851,0.1782268492821305,-0.042474544290519535,-0.7029321986812077,1.8398982155324912,ambos,17.255494872813347,3.7476823365651386,66,0,11
Morocco,MAR,2008,-0.27676364219475685,1.0443510992003233,-0.21175135621007396,0.12817059571366987,-0.22972392934182378,-0.09081013964584349,0.4834153391905589,-0.2269157316053129,0.038858281816333155,-0.025349315557772752,0.3781308691252851,0.1782268492821305,-0.042474544290519535,-0.7064203699828795,1.8398982155324912,ambos,17.268881832839664,3.7279748787134044,66,0,12
Morocco,MAR,2009,-0.252616349408539,0.7789544647924341,-0.10054311583840948,-0.3212307447045318,-0.3127154800669833,-0.08828032139101645,0.495012209169427,-0.3989178088435746,0.038858281816333155,-0.025349315557772752,0.10368049505457075,0.39175050207493695,-0.042474544290519535,-0.7064203699828795,1.8398982155324912,ambos,17.2822078422387,3.7165063107048164,66,0,13
Morocco,MAR,2010,-0.23068811089483865,0.6886300128274994,-0.01614132037182702,-0.11282615590391595,-0.43831975627815223,-0.08567755199152155,0.519854082107384,-0.2774176994726635,0.038858281816333155,-0.025349315557772752,0.10368049505457075,0.1782268492821305,0.09559429446805148,-0.7221187106744721,1.8398982155324912,ambos,17.29573527044085,3.6988950227525788,66,0,14
Morocco,MAR,2011,-0.18693060833789743,0.7699756958835584,0.09052747592800149,0.09885861575067745,-0.2527621880706084,-0.08301909223590248,0.5521513044500229,-0.21094227292697526,0.038858281816333155,-0.025349315557772752,-0.1707698790161436,0.1782268492821305,0.23366313322662344,-0.27907700000822183,1.8398982155324912,ambos,17.30936578692281,3.7248043969636377,66,0,15
Morocco,MAR,2012,-0.1682949108238113,0.8851907806112314,0.18853954244217436,0.13943592240290262,-0.18852592222004994,-0.08037804839516734,0.4894125189601746,-0.23106559346207733,0.038858281816333155,-0.025349315557772752,-0.1707698790161436,0.39175050207493695,0.23366313322662344,-0.23721475816397622,1.2221945764473623,ambos,17.3227254993835,3.7336195315656684,66,0,16
Morocco,MAR,2013,-0.13689165238550838,0.699485970061007,0.18853954244217436,0.01259913418919416,-0.14543408716193093,-0.07779859567788082,0.5197038387729894,-0.24050630398150394,0.038858281816333155,-0.025349315557772752,-0.1707698790161436,0.39175050207493695,0.09559429446805148,-0.23721475816397622,0.984616253722313,ambos,17.335603600530163,3.739489767343804,66,0,17
Morocco,MAR,2014,-0.12005979739268248,0.5292431982713803,0.18853954244217436,-0.04448423159635221,-0.13574197209254885,-0.07530936086020361,0.5613924682508036,-0.10162193367068292,0.038858281816333155,-0.025349315557772752,-0.1707698790161436,0.6052741548677444,0.09559429446805148,-0.2494244042758731,1.0083740859948176,ambos,17.347875987584015,3.7408053536026458,66,0,18
Morocco,MAR,2015,-0.08319020373096306,0.39040621589890573,0.18853954244217436,-0.1783117621983912,-0.13804170402431024,-0.0729060481357923,0.5867003581362467,-0.11756601571602676,0.038858281816333155,-0.025349315557772752,-0.1707698790161436,0.6052741548677444,0.09559429446805148,-0.13430323920419768,1.2697102409923724,ambos,17.359583551237606,3.7404933496565054,66,0,19
Morocco,MAR,2016,-0.09167854001706781,0.7312566690294985,0.18853954244217436,-0.06688834495432816,-0.3158338755173083,-0.07042480829103198,0.5976186438827065,-0.1123438261874755,0.038858281816333155,-0.025349315557772752,-0.1707698790161436,0.39175050207493695,0.23366313322662344,-0.11511620393291096,1.0558897505398277,ambos,17.371528623522256,3.7160728064327664,66,0,20
Morocco,MAR,2017,-0.045695205112680645,0.6648592589146544,0.5313520655222506,0.021771153790305142,-0.25793205031266825,-0.06790140988012926,0.6354912622376918,-0.13573884990277468,0.038858281816333155,-0.025349315557772752,-0.1707698790161436,0.39175050207493695,0.23366313322662344,-0.09767377759048336,1.2697102409923713,ambos,17.383532056823462,3.72409154720869,66,0,21
Moldova,MDA,1996,-0.4019673109287061,-0.3511028545681187,0.884490990427103,1.6220486114625499,-0.40848552424413725,-0.2618039593791542,-0.3636616737109011,0.021701551932531357,0.6643918694866419,-1.232987325051966,-0.7196706271575724,0.6052741548677444,0.647869649502338,0.14303411301392915,1.2697102409923724,ambos,14.896398019214196,3.7031063269863242,67,0,0
Moldova,MDA,1997,-0.3836528381949553,-0.3330979641240735,0.884490990427103,1.573307620650811,0.060293197215964135,-0.2618688737861212,-0.4037470942144061,-0.13322079446593157,0.6643918694866419,-1.232987325051966,-0.9941210012282867,0.6052741548677444,0.647869649502338,0.14303411301392915,1.2697102409923724,ambos,14.892699666950213,3.7670498194195017,67,0,1
Moldova,MDA,1998,-0.44370950804751275,-0.07210769552805638,0.884490990427103,1.2606792197998637,0.12424569877721207,-0.2618759499337925,-0.4235410283946582,-0.5608871179225198,0.6643918694866419,-1.232987325051966,-1.268571375299001,0.6052741548677444,0.647869649502338,0.14303411301392915,1.2697102409923724,ambos,14.892295691361738,3.7754646677042487,67,0,2
Moldova,MDA,1999,-0.47147560897826757,-0.5097376201521016,0.884490990427103,1.2817437000261995,-0.08756579225477877,-0.2619034251951972,-0.5544948051556816,-0.5454816532669103,0.3516250756514875,-1.232987325051966,-1.268571375299001,0.49851232847134064,0.30269755260590925,0.14303411301392915,1.2697102409923724,ambos,14.890725586377473,3.747319121317894,67,0,3
Moldova,MDA,2000,-0.45212896646261697,-0.8737183599211142,0.884490990427103,1.5326992259724412,1.0785116631693088,-0.2619389491270981,-0.5209076150853759,-0.6592545234620317,0.038858281816333155,-1.232987325051966,-1.268571375299001,0.39175050207493695,-0.042474544290519535,0.14303411301392915,1.2697102409923724,ambos,14.888691869851584,3.893278969919461,67,0,4
Moldova,MDA,2001,-0.3979529868599282,-0.7150542772042221,0.884490990427103,1.4843876344204285,0.5688358873936721,-0.2619779276032669,-0.520413050752518,-0.42321532224457353,-0.5866753058539755,-1.232987325051966,-1.131346188263644,0.39175050207493695,-0.3186122218076628,-0.18401465139423934,1.2221945764473623,ambos,14.886455614244033,3.832084654556012,67,0,5
Moldova,MDA,2002,-0.3247775431200355,-0.7660432927492207,0.884490990427103,1.639543654465797,0.2314339971489192,-0.2620182007877363,-0.4465777297455887,-0.555761449467035,-1.212208893524284,-1.232987325051966,-0.9941210012282867,0.39175050207493695,-0.594749899324806,-0.5110634158024079,0.984616253722313,ambos,14.884139814418027,3.789411580853626,67,0,6
Moldova,MDA,2003,-0.25700009670004115,-0.4945380683151389,0.884490990427103,1.936470665996812,-0.0020990598732941023,-0.2620670476856995,-0.4750835044191973,-0.5316579165801406,-1.212208893524284,-1.232987325051966,-1.268571375299001,0.39175050207493695,-0.594749899324806,-0.5110634158024079,0.984616253722313,ambos,14.881323790433433,3.7587714581383516,67,0,7
Moldova,MDA,2004,-0.17650830889234012,-0.17675305122535795,0.884490990427103,1.7226478474514808,0.3634128348088795,-0.2621098565891911,-0.4871271232590249,-0.5279224498156453,-1.212208893524284,-1.232987325051966,-0.7196706271575724,0.39175050207493695,0.09559429446805148,-0.5110634158024079,0.5569752728172239,ambos,14.878849319746223,3.806321166329769,67,0,8
Moldova,MDA,2005,-0.0887629751405453,0.235157464998265,0.884490990427103,2.0226988647401707,0.46305590470338714,-0.26215184809619796,-0.49654101214344426,-0.657587994349763,-1.212208893524284,-1.232987325051966,-0.445220253086858,0.39175050207493695,0.09559429446805148,-0.5110634158024079,0.12933429191213544,ambos,14.876416133469167,3.8189009892608956,67,0,9
Moldova,MDA,2006,-0.026735797482636166,0.6918575172200353,0.884490990427103,1.852139417617038,0.6744847286560061,-0.26219968667294996,-0.5045284168120593,-0.6901884936448304,-1.212208893524284,-1.232987325051966,0.10368049505457075,0.39175050207493695,0.09559429446805148,1.4948354981416845,0.12933429191213544,ambos,14.873636906750553,3.845080742540655,67,0,10
Moldova,MDA,2007,0.014730384175795553,1.3878428859599674,0.884490990427103,2.013892210254016,1.47747913342111,-0.2622394706128081,-0.5156912206154618,-0.6345985370574503,-1.212208893524284,-1.232987325051966,0.10368049505457075,0.39175050207493695,0.09559429446805148,1.4948354981416845,0.12933429191213544,ambos,14.871319724307074,3.93869762762911,67,0,11
Moldova,MDA,2008,0.12053786939483375,1.3748513285162367,0.884490990427103,1.7727081350917027,1.4462441559608465,-0.2622720829426318,-0.4604347289559353,-0.6614241613538624,-1.212208893524284,-1.232987325051966,0.10368049505457075,0.39175050207493695,0.09559429446805148,1.4948354981416845,0.12933429191213544,ambos,14.869416233408062,3.935215307016271,67,0,12
Moldova,MDA,2009,0.036582599352223966,-0.006114128600119639,0.884490990427103,1.073525551534701,0.19556380861564399,-0.26229368130230285,-0.6262428511608932,-0.8252991167604746,-1.212208893524284,-1.232987325051966,0.10368049505457075,0.39175050207493695,-0.042474544290519535,1.0587706533568007,-0.1320018630854189,ambos,14.868153599931352,3.784765917153686,67,0,13
Moldova,MDA,2010,0.13341226422547145,-0.014848831179071714,0.884490990427103,0.4217954568187465,0.09164347278654517,-0.2623107392333248,-0.8190296025510271,-0.5516513516448812,-1.212208893524284,-1.232987325051966,0.10368049505457075,0.6052741548677444,-0.042474544290519535,1.0291180576244527,0.08181862736712536,ambos,14.86715527053979,3.7711837262344807,67,0,14
Moldova,MDA,2011,0.21809802359314218,0.06240665680724995,0.8750250841634001,0.7321706438772612,0.12185869721594127,-0.262320613621517,-0.8035697934830682,-0.5117606749307574,-1.212208893524284,-1.232987325051966,0.10368049505457075,0.6052741548677444,0.09559429446805148,1.4651834256873595,0.12933429191213489,ambos,14.866576908093112,3.775151855707031,67,0,15
Moldova,MDA,2012,0.20930292944248302,0.11956578616494065,0.8922562373042183,0.665002838991859,-0.14885239271881473,-0.26232285102065417,-0.8172793036569524,-0.4779802503184172,-1.212208893524284,-1.232987325051966,-0.1707698790161436,0.6052741548677444,0.09559429446805148,1.4634388167585004,0.12933429191213489,ambos,14.86644581270355,3.739025360944,67,0,16
Moldova,MDA,2013,0.3468757324821982,0.04687897806019372,0.8973254852865905,0.6470101509801953,-0.20787839188519555,-0.2623274212812917,-0.9315716033305049,-0.45382419869624957,-1.212208893524284,-1.232987325051966,-0.1707698790161436,0.8187978076605511,0.09559429446805148,1.4634388167585004,-0.06072836626790377,ambos,14.866177975102444,3.730971963916182,67,0,17
Moldova,MDA,2014,0.4306210729418906,0.404914805487734,1.4776042999462655,0.6046084903601038,-0.009810519383369912,-0.2623378207124814,-0.9632306350131706,-0.4937191956329401,-1.212208893524284,-1.232987325051966,-0.1707698790161436,0.8187978076605511,0.09559429446805148,1.4634388167585004,-0.15575969535792394,ambos,14.86556825471363,3.757743507353337,67,0,18
Moldova,MDA,2015,0.4380781096000152,0.1673100976803966,1.5024516740362268,0.45168761422506076,-0.14669864097206958,-0.2624681089390384,-0.9760075040090943,-0.49528456572051666,-1.212208893524284,-1.232987325051966,-0.445220253086858,0.8187978076605511,-0.3186122218076625,1.468671596989031,-0.15575969535792394,ambos,14.857897761811254,3.7393179918962436,67,0,19
Moldova,MDA,2016,0.5405156393924132,-0.05054428499318692,1.5377984116065182,0.45279976807177946,-0.4618308538528783,-0.2626637590523899,-1.0142686933906335,-0.4880231190595308,-1.212208893524284,-1.232987325051966,-0.445220253086858,0.8187978076605511,-0.18054338304909118,1.4093669288023576,-0.15575969535792394,ambos,14.846267542156378,3.6955637312911245,67,0,20
Moldova,MDA,2017,0.6511877822260764,-0.02680170497420306,1.1149348118292712,0.44171860200971563,-0.37856093554781306,-0.26295012824275743,-1.0615829468926348,-0.5027124986656115,-1.212208893524284,-0.025349315557772752,-0.445220253086858,0.8187978076605511,-0.042474544290519535,1.3971572826904604,-0.15575969535792394,ambos,14.82899696370838,3.707312644778764,67,0,21
Madagascar,MDG,1996,-1.0616839430658325,-1.5893733858691388,-1.5619782358443877,-1.0910405232058755,-0.6174821484846892,-0.19281200882929692,-1.2180131177875564,-0.6794026720687645,2.1239704075263184,-0.025349315557772752,0.9020816631003937,-0.7535120199721311,0.647869649502338,0.7971316418302662,0.4144282791821931,ambos,16.490397693263663,3.6732250360789673,68,0,0
Madagascar,MDG,1997,-1.0607701085987977,-1.5135678338311014,-1.5619782358443877,-1.0622316809150076,-0.5960493491251067,-0.18994752339472745,-1.2311097245700429,-0.6794026720687645,2.1239704075263184,-0.025349315557772752,0.8355483056166749,0.061759565358596294,0.647869649502338,1.2331967482541613,0.4144282791821931,ambos,16.52294823818053,3.6763308054025363,68,0,1
Madagascar,MDG,1998,-1.0593610019018926,-1.259837602934269,-1.5619782358443877,-1.0489085006816419,-0.5874105462698977,-0.18697297582180125,-1.2494746176148452,-0.6794026720687645,2.1239704075263184,-0.025349315557772752,0.7690149481329562,0.8770311506893238,0.647869649502338,1.6692618546780562,0.4144282791821931,ambos,16.555664217362967,3.6775799087105545,68,0,2
Madagascar,MDG,1999,-1.0560069276594743,-1.2541667740907023,-1.5619782358443877,-0.9445111067325717,-0.41472831748412875,-0.18392329936904694,-1.2737267671367176,-0.6794026720687645,2.1239704075263184,-0.025349315557772752,0.6470369065191726,0.8770311506893238,0.647869649502338,1.6692618546780562,0.4144282791821931,ambos,16.588130967202016,3.702226580433844,68,0,3
Madagascar,MDG,2000,-1.053009140627024,-1.2981141969394931,-1.5619782358443877,-0.8906675522323106,-0.339994585309852,-0.1808456405110835,-1.296661528731144,-0.6794026720687645,2.1239704075263184,-0.025349315557772752,0.5250588649053883,0.8770311506893238,0.647869649502338,1.6692618546780562,0.4144282791821931,ambos,16.61986069132845,3.7127077175884726,68,0,4
Madagascar,MDG,2001,-1.0459847586013828,-0.9857484658221222,-1.5619782358443877,-0.9412935297358451,-0.3541240543780154,-0.17776339349328937,-1.3360384760124957,-0.6794026720687645,1.7069479323416346,-0.025349315557772752,0.31991423621710563,1.0080570693030455,0.8286741075088176,1.2331967482541613,0.4144282791821931,ambos,16.650659674262684,3.710734513443453,68,0,5
Madagascar,MDG,2002,-1.0851021037327768,-1.4144399476960898,-1.5619782358443877,-0.6754756491016969,-0.605598017211649,-0.17467892100915347,-1.5406170400724317,-0.6794026720687645,1.2899254571569505,-0.025349315557772752,0.11476960752882294,1.1390829879167674,1.0094785655152971,0.7971316418302662,-0.03697053399539987,ambos,16.68055960757924,3.6749483248599932,68,0,6
Madagascar,MDG,2003,-1.0704272779677393,-1.0807967652832624,-1.5619782358443877,-1.1448592763394954,-0.618185555088554,-0.17156481342764573,-1.6980655708492112,-0.6794026720687645,0.1329405351094281,-0.4934877746621778,1.0993609831884086,-0.22965107910864616,-0.25978882146760585,0.49062206310495315,0.12933429191213489,ambos,16.70986631363608,3.6731229436605712,68,0,7
Madagascar,MDG,2004,-1.0651477884020613,-0.1811971294782937,-1.5619782358443877,-0.7163458908995085,-0.470741161525588,-0.1683742583924184,-1.8275549236836743,-0.6794026720687645,0.38929620958160377,-0.17280239957221755,0.8740675253976496,0.3707534485527248,-0.0718555931783435,0.6079839046713418,0.12933429191213489,ambos,16.739027398151958,3.694298322751965,68,0,8
Madagascar,MDG,2005,-1.0609599380052686,-0.40213564844123534,-1.5619782358443877,-0.4154170760881356,-0.39842118714368424,-0.16507424979139962,-1.9344758036313738,-0.6794026720687645,0.46310967335356995,-0.09809839536011107,0.5193090197884577,0.1328141445144716,-0.04255959469519481,0.19638283074221213,0.12933429191213489,ambos,16.76832009030735,3.7045229853068906,68,0,9
Madagascar,MDG,2006,-1.0551853784978675,-0.2829205952397558,-1.4695956803661885,-0.3290227744885114,0.15265691784024654,-0.16166623149283257,-1.8824071971074878,-0.6794026720687645,0.038858281816333155,-0.025349315557772752,0.3781308691252851,-0.24881985843749468,0.23366313322662344,0.5040959489205472,0.12933429191213489,ambos,16.797696999591036,3.7791804095156274,68,0,10
Madagascar,MDG,2007,-1.0485052193090256,0.4463203209758173,-1.3854093010881303,-0.1953403915981588,0.9667454678899291,-0.15815993469136463,-1.8239107908700796,-0.6794026720687645,0.038858281816333155,-0.025349315557772752,0.5153560561606423,-0.24881985843749468,0.23366313322662344,0.5040959489205472,0.12933429191213489,ambos,16.82704649320707,3.880176620665222,68,0,11
Madagascar,MDG,2008,-1.0391337396382068,1.8344606637047858,-1.3039662232996625,0.02711845565503517,1.1973290331627877,-0.154548730719152,-1.75500333377202,-0.5487480974070146,0.038858281816333155,-0.025349315557772752,0.10368049505457075,-0.24881985843749468,0.3717319719851945,0.8965544662103495,0.12933429191213489,ambos,16.85639978451431,3.9070222021293994,68,0,12
Madagascar,MDG,2009,-1.0572314574776447,1.757838701578161,-1.2640123646301864,-0.3200467111787565,1.6996117732155855,-0.1508290397375752,-1.6797229702096794,-0.6855616894664363,1.2899254571569505,-0.025349315557772752,-0.9941210012282867,-0.24881985843749468,-0.042474544290519535,0.46048962142546523,0.12933429191213489,ambos,16.885760194859976,3.9631190047770644,68,0,13
Madagascar,MDG,2010,-1.062890093178443,0.3923583409275897,-1.2640123646301864,-0.45189547293741444,0.9454959189719482,-0.14703405281703472,-1.5880154009938636,-0.7546374314362677,1.2899254571569505,-0.025349315557772752,-1.268571375299001,-0.24881985843749468,-0.18054338304909118,0.17617488004794915,-0.29830668899295476,ambos,16.914852159742033,3.8776659963730813,68,0,14
Madagascar,MDG,2011,-1.0659789109995623,0.24701290374325793,-1.0632542605278892,-0.49234407862758256,0.5817459154284553,-0.14322176334316664,-1.483464246804549,-0.7675415352617295,1.2899254571569505,-0.025349315557772752,-1.5430217493697154,-0.4623435112303015,-0.18054338304909118,0.17443079439711337,-0.44085368262798336,ambos,16.94324872991792,3.8336818326392246,68,0,15
Madagascar,MDG,2012,-1.065495379472533,0.08707957096565128,-1.017248431725005,-0.6036917618689194,0.5777238180858121,-0.13940244545280892,-1.357928944407492,-0.8158281411061247,1.2899254571569505,-0.025349315557772752,-0.445220253086858,-0.4623435112303015,-0.3186122218076625,-0.26163405038777027,-0.8209789989880629,ambos,16.970911359980075,3.833184508035292,68,0,16
Madagascar,MDG,2013,-1.066568362644124,-0.3503267531814671,-1.017248431725005,-0.49570105849516294,0.14341011580397683,-0.1355430691682989,-1.2880856101464868,-0.7628281420076721,1.2899254571569505,-0.025349315557772752,-0.7196706271575724,-0.6758671640231085,-0.18054338304909118,-0.19360790739087175,-1.011041657168102,ambos,16.998107842839854,3.777972587737324,68,0,17
Madagascar,MDG,2014,-1.0651122112983333,-0.5292010213881215,-1.0019570510578748,-0.3328998463579084,-0.13254749137366073,-0.1316347326242694,-1.2205186277869378,-0.6507118818463402,0.6643918694866419,-0.025349315557772752,0.3781308691252851,-0.6758671640231085,-0.18054338304909118,-0.1761654810484433,-1.011041657168102,ambos,17.024915636560234,3.741238586388005,68,0,18
Madagascar,MDG,2015,-1.064034122806298,-0.44666951504742436,-0.9908950538625305,-0.35466886698100714,-0.1465863555986196,-0.1276828652426267,-1.1526180312551502,-0.6757171910366591,0.6643918694866419,-0.025349315557772752,0.3781308691252851,-0.6758671640231085,-0.042474544290519535,0.334902895892729,-1.011041657168102,ambos,17.05131047897335,3.739333245798205,68,0,19
Madagascar,MDG,2016,-1.0608500869613227,-0.4445153962862258,-0.9924955257345173,-0.3658775256038272,0.14515333383101914,-0.12366598799165372,-1.1489927059182248,-0.637313035283671,0.6643918694866419,-0.025349315557772752,0.3781308691252851,-0.4623435112303015,0.23366313322662344,0.3732764431572797,-0.9041314119418297,ambos,17.07744407152502,3.778200399338516,68,0,20
Madagascar,MDG,2017,-1.0577431133524964,-0.5460055954404697,-1.039707575407802,-0.23484540901200168,-0.0362312028563909,-0.11955858258839108,-1.1317756661611604,-0.5785503432892742,0.038858281816333155,-0.025349315557772752,0.3781308691252851,-0.4623435112303015,0.09559429446805148,0.3802533090386459,-0.7734633344430534,ambos,17.103478620049156,3.754213551137445,68,0,21
Maldives,MDV,1996,0.40882533380161473,0.49471907438617996,-0.26094220820382136,2.689837878939919,-0.2916361265234066,-0.27782341501597685,1.0972473824090871,-1.2258060902568024,1.915459044827259,2.3899267034306138,2.299283487620286,2.34905015445401,2.0285580370880534,0.7971316418302662,0.12933429191213489,ambos,12.47742714568195,3.7194317422917442,69,0,0
Maldives,MDV,1998,0.6162452742119388,0.49471907438617996,-1.0417080355531139,2.689837878939919,-0.2803892533810556,-0.27776150767345015,0.9877661808399784,-1.2258060902568024,1.915459044827259,2.3899267034306138,2.299283487620286,2.34905015445401,2.0285580370880534,0.7971316418302662,0.12933429191213489,ambos,12.516215573762013,3.720989109903429,69,0,1
Maldives,MDV,2000,0.7436503476609119,0.49471907438617996,-0.43688472141459656,2.689837878939919,-0.028215573262336244,-0.2777060440404386,0.8520447642487975,-1.2258060902568024,1.915459044827259,2.3899267034306138,2.299283487620286,2.34905015445401,2.0285580370880534,0.7971316418302662,0.12933429191213489,ambos,12.54973326939122,3.7552858029743783,69,0,2
Maldives,MDV,2002,0.7364148955355263,0.49471907438617996,-0.07851021057020227,2.689837878939919,-0.1713760788193912,-0.27764878452171954,0.8292926494334721,-1.2258060902568024,1.915459044827259,2.3899267034306138,2.299283487620286,2.34905015445401,2.0285580370880534,0.7971316418302662,0.12933429191213489,ambos,12.583196576457098,3.735959918884513,69,0,3
Maldives,MDV,2003,0.9791638842946442,0.49471907438617996,0.16084641379937556,2.689837878939919,-0.1251067429173937,-0.27761969833293604,0.8416986806730099,-1.2258060902568024,1.915459044827259,2.3899267034306138,2.024833113549571,2.099939126551404,2.0285580370880534,0.7971316418302662,0.12933429191213489,ambos,12.599775515605659,3.7422469672838403,69,0,4
Maldives,MDV,2004,1.0750710747389043,0.49471907438617996,0.15503742651017147,2.689837878939919,0.10142143240247814,-0.2775903317234607,0.6462590115993109,-1.3359545159034527,1.567940607422363,2.182554485826697,1.0129705922399252,1.0783332269416679,1.4288648723458783,0.26856798746633753,0.12933429191213489,ambos,12.616240013996233,3.7724695781404862,69,0,5
Maldives,MDV,2005,0.7741888133893117,0.49471907438617996,0.15503742651017147,2.689837878939919,0.14347160609804768,-0.2775604042726016,0.38532042975794334,-1.2796426907011167,1.2899254571569505,1.7861076986835172,1.750382739478857,1.8508280986487975,1.6833859401916245,0.7971316418302662,0.12933429191213489,ambos,12.632744623282736,3.7779806244496417,69,0,6
Maldives,MDV,2006,1.2051274281299207,0.49471907438617996,0.15503742651017147,2.689837878939919,0.05545679822006487,-0.2775161216688783,0.25352210402007697,-1.4648868725108481,1.2899254571569505,1.7861076986835172,1.750382739478857,1.8508280986487975,1.6833859401916245,0.7971316418302662,0.12933429191213489,ambos,12.656676816196299,3.766410558397993,69,0,7
Maldives,MDV,2007,1.2961741795652224,0.49471907438617996,0.15503742651017147,2.689837878939919,0.5866914954491185,-0.2774527107941314,0.07597243717356919,-1.5294811622110775,0.6643918694866419,1.7861076986835172,1.2014819913374282,1.6017176686121801,1.3382138432951955,1.1241804062384346,0.12933429191213489,ambos,12.6899791799449,3.8342930052622135,69,0,8
Maldives,MDV,2008,1.4311883343123528,0.49471907438617996,0.15503742651017147,2.689837878939919,0.7425895036745298,-0.2773829576386303,-0.04294324863569075,-1.3032863963034713,0.6643918694866419,1.7861076986835172,0.6525812431959995,1.1034956128069677,0.9930417463987669,1.1241804062384346,0.12933429191213489,ambos,12.725375238056547,3.853369802272717,69,0,9
Maldives,MDV,2009,1.115574173684965,0.49471907438617996,0.15503742651017147,2.689837878939919,0.5249752162682654,-0.27731073439448173,-0.19495773847306133,-1.456302468933509,0.6643918694866419,1.7861076986835172,0.6525812431959995,1.1034956128069677,0.9930417463987669,1.1241804062384346,0.12933429191213489,ambos,12.76075054786454,3.8266392491703245,69,0,10
Maldives,MDV,2010,1.190206698967366,0.49471907438617996,0.2359460826893045,2.689837878939919,0.8099072670013616,-0.27723605299448106,-0.13995037237772023,-1.4720713135163095,0.6643918694866419,1.7861076986835172,0.6525812431959995,1.1034956128069677,0.9930417463987669,1.1241804062384346,0.12933429191213489,ambos,12.79605966565202,3.861496102860598,69,0,11
Maldives,MDV,2011,1.3173422964659371,0.49471907438617996,0.33708021321039605,2.689837878939919,2.017609336592111,-0.27715919385932025,-0.0751474007326449,-1.4183019219687856,0.6643918694866419,1.7861076986835172,0.3781308691252851,1.1034956128069677,0.647869649502338,0.47008287742209764,0.12933429191213489,ambos,12.831141714654015,3.9970733506330665,69,0,12
Maldives,MDV,2012,1.2887404157660305,0.49471907438617996,0.3057099015837312,2.689837878939919,0.7285781078557724,-0.27708077152796223,-0.054387150099217185,-1.442034981111541,0.6643918694866419,1.7861076986835172,0.3781308691252851,1.1034956128069677,0.647869649502338,0.14303411301392915,0.12933429191213489,ambos,12.865712162347641,3.851670074211077,69,0,13
Maldives,MDV,2013,1.3778123482332307,0.49471907438617996,0.17593327245364973,2.689837878939919,1.262499614077962,-0.2770017048256527,-0.022954377737813097,-1.586963663701836,0.6643918694866419,1.7861076986835172,0.3781308691252851,1.1034956128069677,0.647869649502338,0.14303411301392915,0.12933429191213489,ambos,12.899397310338857,3.9144808315007493,69,0,14
Maldives,MDV,2014,1.4940092101954905,0.49471907438617996,0.33952465839696533,2.689837878939919,0.9241351011868169,-0.2769208780360219,0.02782582372788581,-1.5572224960009555,1.2899254571569505,1.58483453608275,1.5674156770581809,0.9374221920712189,1.5683287586512662,0.14303411301392915,0.12933429191213489,ambos,12.932698121538852,3.875135856838,69,0,15
Maldives,MDV,2015,1.5035753443067021,1.292477603853853,0.35870115187456014,2.0429533117427345,0.6090396401309947,-0.2768341445126689,0.08641474913400923,-1.364029065235135,1.2899254571569505,1.58483453608275,1.5674156770581809,0.9374221920712189,1.2615088715098388,0.14303411301392915,0.12933429191213489,ambos,12.96724055853633,3.8370501310842173,69,0,16
Maldives,MDV,2016,1.5805551259587447,2.0970111086229832,0.23476250742401478,2.0621257041012213,1.158280258563237,-0.27674372972193556,0.13517884691003088,-1.3179398120351513,0.4558805067875822,1.58483453608275,1.5674156770581809,0.9374221920712189,1.2615088715098388,0.14303411301392915,0.12933429191213489,ambos,13.002022322805423,3.9025263567493034,69,0,17
Maldives,MDV,2017,1.6837763440732785,2.2433744050212834,0.22492039000350747,1.9903976287532725,1.0096193671779472,-0.27665435905079955,0.03572702138385338,-1.3053032906686892,0.4558805067875822,1.1822886939364206,1.3234600329512118,0.9374221920712189,0.9546895366437654,0.14303411301392915,0.12933429191213489,ambos,13.035253086431963,3.88522304372267,69,0,18
Maldives,MDV,2018,1.8383929390395253,3.044744115051619,0.18264182397542084,2.007225073356683,1.2102480739228356,-0.27656598476807925,-0.0477262162928201,-1.169069909800609,0.4558805067875822,1.1822886939364206,1.079503949723644,0.9374221920712189,0.9546895366437654,0.14303411301392915,0.12933429191213489,ambos,13.06706206161924,3.908505185445781,69,0,19
Mexico,MEX,1996,1.3463150888234157,-0.5974211474897262,0.27473981060856856,-0.7456275940089494,-0.281624029723679,0.27222090694261586,0.48107303611405844,0.6118661821186704,-0.5866753058539755,-0.025349315557772752,-1.268571375299001,1.459368168172983,-0.3186122218076625,0.14303411301392915,0.41442827918219427,ambos,18.342207752795638,3.7208182474612186,70,0,0
Mexico,MEX,1997,1.4898721407189048,-0.3939364795528309,0.27473981060856856,-0.7827092472626797,-0.22467157910655491,0.28157923156576825,0.44561593401068955,0.6480245949631391,-0.27390851201882116,0.5784696891893238,-0.8568958141929295,1.459368168172983,-0.11150896366980566,0.14303411301392915,0.7232800987247581,ambos,18.35903093180786,3.7286688317443195,70,0,1
Mexico,MEX,1998,1.6145702009772942,-0.19763138004475517,0.27473981060856856,-0.7379534535872037,-0.2531296080747802,0.29085124031340664,0.7480181596803974,0.5964690633865488,0.038858281816333155,1.1822886939364206,-0.445220253086858,1.459368168172983,0.09559429446805148,0.14303411301392915,1.2221945764473623,ambos,18.375424411438285,3.7247537517922957,70,0,2
Mexico,MEX,1999,1.6474409645439154,-0.2117231604604296,0.27473981060856856,-0.7385240741078644,-0.2671072762475348,0.3000422492458809,0.8410245495461529,0.6038493303449569,0.038858281816333155,1.1822886939364206,-0.1707698790161436,1.3526066407095743,0.09559429446805148,0.14303411301392915,0.4144282791821931,ambos,18.391413691547697,3.72282516276647,70,0,3
Mexico,MEX,2000,1.7485234139800498,-0.17158676337858494,0.27473981060856856,-0.6833596797921355,-0.22009037429283768,0.30905058497999943,1.0242059131877062,0.6156252217418835,0.038858281816333155,1.1822886939364206,0.10368049505457075,1.2458451132461648,0.09559429446805148,0.14303411301392915,0.8895849246322929,ambos,18.406840944212185,3.729297655732574,70,0,4
Mexico,MEX,2001,1.689971052672752,-0.3601839219611606,0.3385164489247228,-0.8336191605580744,0.007181015532331761,0.3178423524104331,0.8954384576609026,0.5254084016219933,0.038858281816333155,0.5784696891893238,0.3781308691252851,1.4593684671059777,0.509800810743766,0.47008287742209764,1.2221945764473623,ambos,18.42167125323604,3.7600071087876366,70,0,5
Mexico,MEX,2002,1.640202895223345,-0.3971911479525353,0.4204268942965621,-0.8199681310081928,-0.21839918390938412,0.3264907950353371,0.8668899215582904,0.48827221004094673,0.038858281816333155,-0.025349315557772752,0.6525812431959995,1.67289182096579,0.9240073270194807,0.7971316418302662,0.4144282791821931,ambos,18.436048305770985,3.7295296915164435,70,0,6
Mexico,MEX,2003,1.63373531484827,-0.3080228743312086,0.5435917714122707,-0.7185245270042376,-0.2385172117916855,0.33502209340781536,0.8327183216988097,0.37417577824189147,0.038858281816333155,-0.025349315557772752,0.6525812431959995,1.67289182096579,0.9240073270194807,0.7971316418302662,0.4144282791821931,ambos,18.450030941913276,3.726765949591478,70,0,7
Mexico,MEX,2004,1.697285839677221,-0.22603113415097628,0.5880176260433108,-0.6214514027367858,-0.116677495232488,0.3434682214531378,0.8460658279485885,0.5001338135208464,0.038858281816333155,-0.025349315557772752,0.6525812431959995,1.67289182096579,0.9240073270194807,0.7971316418302662,0.937100589177303,ambos,18.463684024936594,3.7433880839254203,70,0,8
Mexico,MEX,2005,1.7196799784276198,-0.23457807562255498,0.6186771050500646,-0.6062803013640088,-0.17372062643568492,0.3519248324592178,0.8239665189271069,0.5040532721340629,0.038858281816333155,-0.025349315557772752,0.6525812431959995,1.67289182096579,0.7859384882609096,0.7971316418302662,0.984616253722313,ambos,18.477169814387544,3.7356402885933697,70,0,9
Mexico,MEX,2006,1.8224583356384116,-0.11712635592960471,0.6935637936701322,-0.5504965418752976,-0.27402819869988576,0.36052934449786267,0.8389047744859263,0.6155303823712013,0.038858281816333155,-0.025349315557772752,0.10368049505457075,1.67289182096579,0.7859384882609096,1.088423249089149,0.984616253722313,ambos,18.490707306330087,3.721868859927338,70,0,10
Mexico,MEX,2007,1.842824317007079,-0.03536867781957941,0.7437321446886067,-0.5279325310926278,-0.1611599644351951,0.36960240968061964,0.8171057464992878,0.5853159566901981,0.038858281816333155,-0.025349315557772752,0.24090568208992794,1.67289182096579,0.5788352301230523,1.088423249089149,0.984616253722313,ambos,18.504786212042156,3.7373514823099145,70,0,11
Mexico,MEX,2008,1.8264488414149989,0.1105125130359099,0.8156082577066938,-0.4957678983970064,-0.20506222823027354,0.37914821641867336,0.7480034839653318,0.6542136211054069,0.038858281816333155,1.1822886939364206,0.3781308691252851,1.67289182096579,0.3717319719851945,1.1076097610824127,0.9608584214498074,ambos,18.519387775191547,3.731357672976153,70,0,12
Mexico,MEX,2009,1.5865800673185748,0.015447678719772514,0.8107629746493219,-0.5473105852185816,-0.2890434022826348,0.3888461961300447,0.6159933811303587,0.41589217241868576,0.038858281816333155,1.1822886939364206,0.10368049505457075,1.459368168172983,0.3717319719851945,1.1076097610824127,0.6044909373622335,ambos,18.534006947113433,3.719790975008973,70,0,13
Mexico,MEX,2010,1.6870107255884643,-0.011357987589299184,0.8588805917556305,-0.4112524972817993,-0.17021486997856733,0.3985366641467128,0.6870709238909158,0.4610821390362198,0.038858281816333155,1.1822886939364206,0.10368049505457075,1.459368168172983,0.3717319719851945,1.1337736622350663,0.6995222664522537,ambos,18.548404394243097,3.736118187729706,70,0,14
Mexico,MEX,2011,1.7465988715078293,0.0999610814110875,0.898918046870067,-0.3272921781479129,-0.3133456119054207,0.4081998955578841,0.6910033580079107,0.5684671980320828,0.038858281816333155,1.1822886939364206,0.10368049505457075,1.459368168172983,0.3717319719851945,1.1337736622350663,0.6044909373622335,ambos,18.562557882504613,3.7164187279695273,70,0,15
Mexico,MEX,2012,1.8124741226470755,0.12614289223031144,0.9825804309399105,-0.26639137260431034,-0.3993693518966222,0.41759520588037374,0.6719421924566387,0.5913260126763313,0.038858281816333155,1.1822886939364206,0.10368049505457075,1.459368168172983,0.3717319719851945,1.1285408820045355,0.17684995645714552,ambos,18.57612951518002,3.7043896070233937,70,0,16
Mexico,MEX,2013,1.7985049063190142,-0.07954591334642758,1.075469876083133,-0.3119100026834424,0.017788754333186368,0.42669614010678353,0.7175235294676477,0.4300271817357297,0.038858281816333155,1.1822886939364206,0.10368049505457075,1.459368168172983,0.3717319719851945,1.1302854909333946,0.34315478236467856,ambos,18.58910259587221,3.7614176714623255,70,0,17
Mexico,MEX,2014,1.8379728580507406,-0.11817309220441201,1.2221937764053121,-0.2710274325109008,-0.2888612543831522,0.43529185767521983,0.777338536183954,0.40905229043282515,0.038858281816333155,1.1822886939364206,0.10368049505457075,1.459368168172983,0.3717319719851945,1.0901673347399847,0.12933429191213544,ambos,18.60120286606772,3.719816207506494,70,0,18
Mexico,MEX,2015,1.888597359063339,0.06266552335586459,1.354640893765982,-0.08751326072242925,-0.13074059811886413,0.4429768463996602,0.8174686454820899,0.3189271631131723,0.038858281816333155,1.1822886939364206,0.10368049505457075,1.459368168172983,0.23366313322662344,0.6314267601041192,-0.5834006762630131,ambos,18.61189850359447,3.741483552649101,70,0,19
Mexico,MEX,2016,1.913872884447378,0.13092916652975428,1.4229549153620422,0.06585668847992569,-0.04153138506318988,0.45001149777488997,0.872121986046942,0.3002326950646515,0.038858281816333155,1.1822886939364206,0.10368049505457075,1.67289182096579,0.09559429446805148,0.18140766027847985,-0.5834006762630131,ambos,18.621589745562805,3.7535039130727057,70,0,20
Mexico,MEX,2017,1.9436149862068703,0.07009793929127478,1.5039154512949413,0.10252783078667213,-0.16656880680381936,0.4568651346103243,0.9177109954536903,0.41249320137024553,0.038858281816333155,1.1822886939364206,0.10368049505457075,1.67289182096579,0.23366313322662344,0.17094209981741842,-0.5834006762630131,ambos,18.63094213945166,3.7366149710919028,70,0,21
Marshall Islands,MHL,2015,-0.6098959229957459,-0.5697063847395663,0.7103505191319104,1.8909388868159531,-1.1672784335734694,-0.2790975213454437,-0.02565520912438202,-1.3158728146229277,2.9580148574688168,1.9873808612842838,2.0553274043927177,0.9374221920712189,1.8751480935173388,-0.058259168699068144,0.12933429191213489,ambos,10.795506083434564,3.5900680247143946,71,0,0
Marshall Islands,MHL,2016,-0.5761007797668448,-0.28620039783146967,0.7755412673716491,1.2468235507874228,-0.918497231590324,-0.27910403068533346,-0.02565520912438202,-0.9813968725085377,2.9580148574688168,1.9873808612842838,2.0553274043927177,0.9374221920712189,1.8751480935173388,-0.058259168699068144,0.12933429191213489,ambos,10.772896298510153,3.62855492603075,71,0,1
Marshall Islands,MHL,2017,-0.5309004560045137,0.040725343661904514,0.7755412673716491,1.5031184329442588,-0.17573375281173192,-0.2791110710346185,-0.02565520912438202,-1.1725284936611062,2.9580148574688168,1.9873808612842838,2.0553274043927177,0.9374221920712189,1.8751480935173388,-0.058259168699068144,0.12933429191213489,ambos,10.747852544838695,3.7353657591480296,71,0,2
Marshall Islands,MHL,2018,-0.46582712679741817,-0.19669436157050468,0.7755412673716491,1.600099117354099,0.12208170249659733,-0.2791184932333563,-0.02565520912438202,-1.2405949885558747,2.1239704075263184,1.9873808612842838,2.0553274043927177,1.2695696314087057,1.8751480935173388,-0.058259168699068144,0.12933429191213489,ambos,10.720753212932467,3.77518108426748,71,0,3
Marshall Islands,MHL,2019,-0.35092890588386216,3.340743012348589,1.0531791108360116,2.312858946792306,-0.26550252287814236,-0.2791261182896158,-0.02565520912438202,-1.0549996474478442,2.1239704075263184,1.9873808612842838,2.299283487620286,1.2695696314087057,2.7956072026662677,-0.058259168699068144,0.12933429191213489,ambos,10.692126714555293,3.7230467700315435,71,0,4
Marshall Islands,MHL,2020,-0.3491215106046067,-0.263625561782005,1.0648723296421627,0.9997848347777066,-0.43318461185004453,-0.27913388057302246,-0.02565520912438202,-1.1446651691652054,2.1239704075263184,1.9873808612842838,2.299283487620286,1.2695696314087057,2.7956072026662677,-0.058259168699068144,0.12933429191213489,ambos,10.662118120207166,3.6996211479792147,71,0,5
Marshall Islands,MHL,2021,-0.29676386915630387,-0.3165803273513326,1.1284506133689058,1.3552196701331345,-0.6200846681215726,-0.2791418695795417,-0.02565520912438202,-1.3244965936476558,2.1239704075263184,1.9873808612842838,2.299283487620286,1.2695696314087057,2.7956072026662677,-0.058259168699068144,0.12933429191213489,ambos,10.630262914076058,3.672847254368881,71,0,6
North Macedonia,MKD,1996,0.2679904376052429,-0.7425366634273898,0.5219356019380978,-0.45049326998064027,-0.611280393655845,-0.2673809899644857,2.2896174317065663,-0.26861925615646126,-0.5866753058539755,-0.025349315557772752,-0.9941210012282867,0.39175050207493695,-0.18054338304909118,-1.1651609446187448,0.12933429191213489,ambos,14.514915120213013,3.674124707860645,72,0,0
North Macedonia,MKD,1997,0.3032179607274633,-0.7475923418203537,0.5482643436625628,-0.046207838811524335,-0.5831514335127909,-0.2674745669459997,2.2630908175684965,0.09834946142719812,-0.5866753058539755,-0.6291683203048694,-1.4057965623343582,0.39175050207493695,-0.18054338304909118,-1.1651609446187448,0.12933429191213489,ambos,14.507091512632538,3.6781951693225485,72,0,1
North Macedonia,MKD,1998,0.34878797009902685,-0.7361971121341916,0.5979239427189728,0.0919305337803991,0.04880834271060233,-0.2674110009449126,2.2363307224009885,0.06076951683703972,-0.5866753058539755,-1.232987325051966,-1.8174721234404299,0.39175050207493695,-0.18054338304909118,-1.1651609446187448,0.12933429191213489,ambos,14.512412679899711,3.7655311175285933,72,0,2
North Macedonia,MKD,1999,0.41239357095767837,-0.8308132920673817,0.6458831956028173,-0.023227907209239274,-0.2399423815932645,-0.2673536101654442,2.2016121194919065,-0.03627607010780587,-0.8994420996891298,-1.232987325051966,-1.5430217493697154,0.28498867567853353,-0.38764664118694864,-1.1651609446187448,0.12933429191213489,ambos,14.517192711795584,3.726569874897503,72,0,3
North Macedonia,MKD,2000,0.4824414125668864,-0.28468200195895493,0.7252236710578229,0.19575948100508123,0.3551990673028769,-0.26729867157543014,2.185140961987913,-0.47029825903281713,-1.212208893524284,-1.232987325051966,-1.268571375299001,0.1782268492821305,-0.594749899324806,-1.1651609446187448,0.12933429191213489,ambos,14.521747196563977,3.8052770928362096,72,0,4
North Macedonia,MKD,2001,0.42028284655606235,-0.07905107273445365,0.7511909892083708,-0.05655533049867113,1.5613107429647224,-0.26724776627026076,2.126475367725455,-0.5388805892985885,-1.212208893524284,-0.6291683203048694,-1.131346188263644,0.28498867567853353,-0.7328187380833777,-1.1651609446187448,0.12933429191213489,ambos,14.525948881348503,3.9479843243569395,72,0,5
North Macedonia,MKD,2002,0.4588603419712848,-0.163280114191718,0.7392733917282277,-0.05494895217689853,-0.15629538516897484,-0.2673356214763812,2.1022578589574668,-0.639979831415088,-1.212208893524284,-0.025349315557772752,-0.9941210012282867,0.39175050207493695,-0.8708875768419492,-1.1651609446187448,0.12933429191213489,ambos,14.518686284140315,3.7380134193114953,72,0,6
North Macedonia,MKD,2003,0.4958160852589318,-0.3116904728390817,0.7281398902763867,-0.06843851109795132,-0.23242738328911716,-0.26732029976708965,2.1783361772501664,-0.37977411150022633,-1.212208893524284,-0.025349315557772752,-0.9941210012282867,0.39175050207493695,-0.8708875768419492,-1.1651609446187448,0.12933429191213489,ambos,14.519956664564472,3.727603354626345,72,0,7
North Macedonia,MKD,2004,0.5862002192866431,-0.17188369878537132,0.7132884162427748,0.21640334325347987,0.29830627941190135,-0.2673593140416446,2.2562285882967816,-0.50107569747416,-0.5866753058539755,-0.025349315557772752,-0.9941210012282867,0.39175050207493695,0.23366313322662344,-1.1651609446187448,0.12933429191213489,ambos,14.516718661808152,3.798015221352745,72,0,8
North Macedonia,MKD,2005,0.6863683614617383,-0.4372411760545196,0.7289537830573488,0.3608567601011561,-0.2472314365062868,-0.2674240852550669,2.0659187448966754,-0.5576650977239687,-0.5866753058539755,-0.025349315557772752,-0.9941210012282867,0.39175050207493695,0.3717319719851945,-0.5110634158024079,0.12933429191213489,ambos,14.511319692379196,3.7255664459909643,72,0,9
North Macedonia,MKD,2006,0.8003715486002164,-0.31049635172344847,0.7289537830573488,0.5558823296393578,0.4365286633892326,-0.2674899721848589,2.0599186514251726,-0.44886095461688424,0.038858281816333155,-0.025349315557772752,-0.1707698790161436,0.6052741548677444,0.09559429446805148,1.0291180576244527,0.12933429191213489,ambos,14.505797652374335,3.8155673823379113,72,0,10
North Macedonia,MKD,2007,0.9496376534834223,0.005826176394973408,0.740577827344632,0.9494201452962889,0.8859372365031256,-0.2675577146643354,1.8477440964468523,-0.5393509195947813,0.038858281816333155,-0.025349315557772752,-0.1707698790161436,0.6052741548677444,0.09559429446805148,1.0291180576244527,0.12933429191213489,ambos,14.500088124043355,3.8705953870585095,72,0,11
North Macedonia,MKD,2008,1.086930364422406,0.377030453370884,0.7416905153397553,1.1085955273495853,0.42653030445991497,-0.2676259702540141,1.8432161231817705,-0.6270076049948334,0.038858281816333155,-0.025349315557772752,-0.1707698790161436,0.6052741548677444,0.09559429446805148,1.00818693670233,0.12933429191213489,ambos,14.494302188927193,3.8143080262491567,72,0,12
North Macedonia,MKD,2009,1.093824365569637,0.23142082522051802,0.745427800631588,0.39967639103579305,-0.1705274402190645,-0.26770180913516833,1.6227009852025183,-0.673891924598565,0.038858281816333155,-0.025349315557772752,-0.1707698790161436,0.6052741548677444,0.09559429446805148,1.00818693670233,0.12933429191213489,ambos,14.48783391998971,3.736075587924817,72,0,13
North Macedonia,MKD,2010,1.190377627604703,0.05033741211795404,0.7921778019700266,0.7107656531603239,-0.09285096720049107,-0.2677762936440449,1.5613782680281831,-0.5007555568600138,0.038858281816333155,-0.025349315557772752,-0.1707698790161436,0.6052741548677444,0.09559429446805148,0.9994659851701271,0.12933429191213489,ambos,14.481440178435127,3.746606595984005,72,0,14
North Macedonia,MKD,2011,1.2605535122507103,0.10687505106165315,0.7921778019700266,1.1557299578407918,0.19330777785306225,-0.2678293945835676,1.6689570589540996,-0.45473068108993725,0.038858281816333155,-0.025349315557772752,0.10368049505457075,0.6052741548677444,0.09559429446805148,0.9994659851701271,0.12933429191213489,ambos,14.476856909818617,3.7844730086958793,72,0,15
North Macedonia,MKD,2012,1.258875705102588,0.08766215984124903,0.8067017876202522,1.1273341504577081,-0.04682236217500134,-0.2678746019789343,1.6365218174525373,-0.4975271955260512,0.038858281816333155,-0.025349315557772752,0.10368049505457075,0.6052741548677444,0.09559429446805148,0.9994659851701271,0.12933429191213489,ambos,14.472938328648532,3.752795004841018,72,0,16
North Macedonia,MKD,2013,1.3436922941883866,0.12889481650131607,0.7333843946402198,0.9135071324148181,-0.002566844283531617,-0.26791699323458695,1.7033731164966925,-0.4088823571216049,0.038858281816333155,-0.025349315557772752,0.10368049505457075,0.6052741548677444,0.09559429446805148,0.9994659851701271,0.12933429191213489,ambos,14.46924984785432,3.7587091317702432,72,0,17
North Macedonia,MKD,2014,1.4472783487086383,0.09314454331737443,0.7294939871472216,1.1367239296149974,-0.5597823201030308,-0.26794777388031704,1.6998602346495881,-0.3518178701472149,0.038858281816333155,-0.025349315557772752,0.10368049505457075,0.6052741548677444,0.09559429446805148,1.0151643258617191,0.12933429191213489,ambos,14.466563059484479,3.681564291923702,72,0,18
North Macedonia,MKD,2015,1.5611470742872409,0.14451647281365593,0.7760944529306475,1.170450862649511,-0.13788130393654585,-0.2679783636013207,1.7202152218120597,-0.25982682493434484,0.038858281816333155,-0.025349315557772752,0.10368049505457075,0.8187978076605511,0.09559429446805148,0.9750461696683099,0.12933429191213489,ambos,14.463885765600613,3.7405151142469615,72,0,19
North Macedonia,MKD,2016,1.6523023846305127,0.21053295348222667,0.7760944529306475,1.2427271304982648,0.24715393385836976,-0.26801486005604663,1.703354986229642,-0.2564083067554314,0.038858281816333155,-0.025349315557772752,-0.445220253086858,0.8187978076605511,-0.18054338304909118,0.4011844299607687,0.12933429191213489,ambos,14.460682092544765,3.791440738546238,72,0,20
North Macedonia,MKD,2017,1.6963768516410997,-0.018884409192117813,0.7653510682219569,1.473824869517832,-0.06435057743448905,-0.26806053879683156,1.7473361996116383,-0.231653834617045,0.038858281816333155,-0.025349315557772752,0.10368049505457075,1.2458451132461648,-0.042474544290519535,0.46048962142546523,0.12933429191213489,ambos,14.456657878788679,3.750442901310601,72,0,21
Mali,MLI,1996,-0.9927317830885012,0.6102021571889968,-1.926514432345393,-1.000627446953683,-0.5263428189593597,-0.21729472203923642,0.1950637945638073,-1.2446119084102298,1.2899254571569505,-1.232987325051966,0.9907928064120192,-0.20999743046298375,0.647869649502338,1.2331964866151495,-1.011041657168102,ambos,16.158016023139286,3.6863656043806006,73,0,0
Mali,MLI,1997,-0.9871325554632093,0.515733857852692,-1.8954835975138336,-0.8246507645844797,-0.27252057985575523,-0.21586745828083168,0.1864912678097991,-0.9824845698348688,0.8729029819722665,-1.232987325051966,1.3234600329512118,0.6052741548677437,0.647869649502338,1.2331964866151495,-1.2011043153481413,ambos,16.18074138189819,3.7220772540379645,73,0,1
Mali,MLI,1998,-0.9743835400819095,-0.5541358943655961,-1.8618104390766927,-0.9763098320100483,-0.6105971970888551,-0.21423816632993498,0.17453901548797582,-0.9235660917469662,0.4558805067875822,-1.232987325051966,1.6561272594904046,1.4205457401984716,0.647869649502338,1.2331964866151495,-1.5812296317082215,ambos,16.206067516531075,3.6742237678606173,73,0,2
Mali,MLI,1999,-0.9682806283516768,-0.7504288090072906,-1.806537566355318,-0.9557031622307618,-0.5209654261060929,-0.212401458529424,0.15226682201711453,-1.0032016167762385,0.4558805067875822,-1.232987325051966,1.4010822833488839,1.4205457401984716,0.647869649502338,1.4512291706466032,-1.5812296317082215,ambos,16.233869202286115,3.687135554458923,73,0,3
Mali,MLI,2000,-0.9804259638495041,-0.5848286966718008,-1.7310579775365076,-0.8357798662224362,-0.3537688524015738,-0.21042136029300862,0.12022809993723947,-0.9060135574894537,0.4558805067875822,-1.232987325051966,1.1460373072073633,1.4205457401984716,0.647869649502338,1.6692618546780562,-1.5812296317082215,ambos,16.26300008714768,3.7107841657369787,73,0,4
Mali,MLI,2001,-0.9400139970167674,-0.6135868966099798,-1.7310579775365076,-0.7004046312289309,0.2331485383870192,-0.20831600946969434,0.08854887959831463,-0.7416739386736891,0.8729029819722665,-1.232987325051966,1.112770628465504,1.3065048953899687,0.746490288063843,1.3422130902698877,-1.5812296317082215,ambos,16.293070201141386,3.7896330970771577,73,0,5
Mali,MLI,2002,-0.9404382334430543,-0.6087429221561436,-1.7310579775365076,-0.7867475002301844,-0.7001135218608804,-0.20607328830575414,0.03450800241482545,-0.6955631487310218,1.2899254571569505,-1.232987325051966,1.079503949723644,1.192464050581466,0.8451109266253479,1.0151643258617191,-1.391166973528181,ambos,16.324137884751604,3.6611600424074195,73,0,6
Mali,MLI,2003,-0.9171206764081333,-0.4053750476341035,-1.5822489942678446,-0.7710943378667875,-0.4271765124831312,-0.2037051952269611,-0.030087437527826878,-0.7119255973847799,0.15824411937099736,-0.3486296632025346,0.9344492424167976,0.0297336779433249,0.5285395135400793,0.9687956136829405,-1.011041657168102,ambos,16.35592728234573,3.7004700429374116,73,0,7
Mali,MLI,2004,-0.9239658084362455,-0.158848606746127,-1.519559592553918,-0.8547766284992794,-0.42423979454972116,-0.20121449864184757,-0.12239658197201642,-0.8510395675580984,0.5261459440502824,-0.18430346091943695,1.5674156770581809,0.5021823288428129,0.35312194934660457,1.2191464716961748,-1.4386826380731905,ambos,16.388306740716722,3.700884714938559,73,0,8
Mali,MLI,2005,-0.9268980331996117,-0.5080205515210161,-1.4557813678365827,-0.8286117853874333,-0.27602860687502845,-0.19861172924235268,-0.33435983051331514,-0.5362713488064433,0.7798653697705803,-0.09180128772340407,0.9364955444058692,0.48861914102376663,0.5024356666090292,1.1242997136276907,-1.5812296317082215,ambos,16.42105896817332,3.721592281810902,73,0,9
Mali,MLI,2006,-0.9255931801211755,-0.11537028119378188,-1.3864334265128522,-0.7092636032162308,-0.33749223880123114,-0.19591794841235446,-0.5308001239932634,-0.2443495195564816,0.6922851628011656,-0.07353262297097969,1.0684152763699901,0.06606838553896606,0.3396652080458388,1.315176884652805,-1.5812296317082215,ambos,16.453863353739557,3.7130567690177934,73,0,10
Mali,MLI,2007,-0.931433534919995,-0.397843702276158,-1.2957545279575107,-0.770912497903033,-0.2812953181821917,-0.1931278460579007,-0.8374653231230216,-0.3454468184882481,0.5649275252052315,0.23772061620962712,1.3234600329512118,0.6576256922999476,0.7494038166993267,1.315176884652805,-1.5812296317082215,ambos,16.48674295926978,3.7208637358430243,73,0,11
Mali,MLI,2008,-0.9303509737959986,-0.10340967899946878,-1.1746945982900558,-0.5748824077133219,-0.24518093071457184,-0.19024603420441283,-1.0981313159087875,-0.34383647748275814,0.16164401952670301,-0.10546981777006362,1.0493521729473378,0.3096037152312035,0.3104653054744664,1.2523835218864365,-1.5812296317082215,ambos,16.51960514593416,3.7258488253687028,73,0,12
Mali,MLI,2009,-0.922537648317857,-0.32332898773518065,-1.0663015302789827,-0.9556427534688811,0.28100401890024107,-0.1872941171779596,-1.304811849821199,-0.24346277447394193,0.038858281816333155,-1.232987325051966,0.10368049505457075,-0.4623435112303015,0.09559429446805148,0.5128174237307722,-1.5812296317082215,ambos,16.55218320072916,3.7957962392676734,73,0,13
Mali,MLI,2010,-0.9140715492349374,-0.19057772406112036,-0.969264580445817,-0.7151452367845625,-0.14153840888271485,-0.1842532888929932,-1.3039874773045117,-0.2720362727679428,0.038858281816333155,-1.232987325051966,0.3781308691252851,-0.4623435112303015,0.09559429446805148,0.5372367159545672,-1.5812296317082215,ambos,16.584668338749797,3.7400187661384647,73,0,14
Mali,MLI,2011,-0.9154027418695772,-0.0567311375616475,-0.8958446706767762,-0.8789163954955556,-0.02297656084408266,-0.18112778549188002,-1.3090781158017528,-0.2534903642020342,0.038858281816333155,-1.232987325051966,0.3781308691252851,-0.4623435112303015,0.09559429446805148,0.5982859930700992,-1.5812296317082215,ambos,16.61699341985878,3.755986005568006,73,0,15
Mali,MLI,2012,-0.9307495521653107,-0.5636735729887192,-0.8958446706767762,-0.6974598143050246,-0.18302729688003766,-0.17821627887704336,-1.3164471010628431,-0.3026722607379606,0.038858281816333155,-1.232987325051966,-1.268571375299001,-0.4623435112303015,0.09559429446805148,0.3819979179675053,-1.7712922898882606,ambos,16.646193290958905,3.7343705090764097,73,0,16
Mali,MLI,2013,-0.9295553318955139,0.2621586809020372,-0.8768017018679658,-0.5469763178270922,-0.3113679169225275,-0.17521767478859404,-1.3196897315183294,-0.3630422213305753,0.038858281816333155,-1.232987325051966,0.10368049505457075,-0.4623435112303015,-0.042474544290519535,0.08198483589839624,-1.8663236189782797,ambos,16.67540111500673,3.7166935842882602,73,0,17
Mali,MLI,2014,-0.9175191387940548,0.4115027941042236,-0.805956317198895,-0.6494072808053322,-0.5058101464177527,-0.17187260198575333,-1.3165209782133447,-0.24843987813774154,0.038858281816333155,-1.232987325051966,0.10368049505457075,-0.4623435112303015,0.09559429446805148,0.4988631686900165,-1.8425657867057748,ambos,16.707007682397915,3.68930234523452,73,0,18
Mali,MLI,2015,-0.9059671476320287,0.13419774079364913,-0.8871653706790454,-0.5768540725125866,-0.34416390173383965,-0.16845531787155946,-1.2808509741066274,-0.39089019587853013,0.038858281816333155,-1.232987325051966,-0.1707698790161436,-0.4623435112303015,-0.3186122218076625,0.4831648279984244,-1.5812296317082215,ambos,16.738296960786123,3.712125870363191,73,0,19
Mali,MLI,2016,-0.8951381075534665,0.35279367594557465,-0.8469974235333494,-0.5757658922970021,-0.2810137658605554,-0.1648858190192641,-1.488983040169829,-0.42976688352693443,0.038858281816333155,-1.232987325051966,-0.1707698790161436,-0.4623435112303015,-0.3186122218076625,0.4831648279984244,-1.5812296317082215,ambos,16.769967088236275,3.720902696503408,73,0,20
Mali,MLI,2017,-0.8866175957447406,0.1845338986229569,-0.9031000111212683,-0.6955195489211667,-0.11762516835976428,-0.1611763783089345,-1.283663173589011,-0.40604852710013184,0.038858281816333155,-1.232987325051966,-0.445220253086858,-0.4623435112303015,-0.3186122218076625,0.472699267537363,-1.5812296317082215,ambos,16.801849451539162,3.743259856811793,73,0,21
Myanmar,MMR,2000,-1.103984509103358,-0.09262817618332268,-0.8752283364263439,-0.16115048806531496,-0.15290284944759436,-0.009165512016833846,-0.5639695273042215,-1.4502778747039644,-1.212208893524284,-1.232987325051966,-2.091922497511144,-2.170532135706768,-1.561231770634807,-1.8192584734350818,-1.2961356444381615,ambos,17.62861540666009,3.7384747920013397,74,0,0
Myanmar,MMR,2002,-1.05893599035684,-0.09262817618332268,-0.7837694113066074,-0.16115048806531496,-0.26496897219906784,-0.003546287066973677,-0.3712237198985354,-1.1729812088774094,-1.212208893524284,-1.232987325051966,-2.091922497511144,-2.170532135706768,-1.8373694481519498,-1.8192584734350818,-1.2961356444381615,ambos,17.649196902925727,3.7231204394526274,74,0,1
Myanmar,MMR,2003,-1.027227157779405,-0.09262817618332268,-0.7717949792797237,-0.16115048806531496,-0.2374888284571378,-0.000953654577169674,-0.25648503058069994,-1.0682944029889114,-1.212208893524284,-1.232987325051966,-2.091922497511144,-2.170532135706768,-1.8373694481519498,-1.8192584734350818,-1.2961356444381615,ambos,17.658551970413296,3.726907410573935,74,0,2
Myanmar,MMR,2004,-0.9919911404756899,-0.09262817618332268,-0.6687797423058346,-0.16115048806531496,-0.30355813153954875,0.0014423314108670535,-0.14066302286307864,-0.8919339653207222,-1.212208893524284,-1.232987325051966,-2.091922497511144,-2.170532135706768,-1.9754382869105211,-1.8192584734350818,-1.2961356444381615,ambos,17.667120345478605,3.717778235934595,74,0,3
Myanmar,MMR,2005,-0.9520385046253357,-0.09262817618332268,-0.644732935222501,-0.16115048806531496,-0.31064439533283966,0.0036474702357001086,-0.03672362870855966,-0.796074717906869,-1.212208893524284,-1.232987325051966,-2.091922497511144,-2.170532135706768,-1.9754382869105211,-1.8192584734350818,-1.2961356444381615,ambos,17.674941868552963,3.7167941190827816,74,0,4
Myanmar,MMR,2006,-0.9085395006018193,-0.09262817618332268,-0.5778139810321886,-0.16115048806531496,-0.3207653663321989,0.005716437965844777,0.061610207210421326,-0.6517567612940375,-1.212208893524284,-1.232987325051966,-0.7196706271575724,-1.7434848301211545,-1.4231629318762347,-1.5105244398337707,-1.2961356444381615,ambos,17.682225186759773,3.715386870584762,74,0,5
Myanmar,MMR,2007,-0.8639132758250742,-0.09262817618332268,-0.5840685401319877,-0.16115048806531496,-0.038060524239327244,0.007744464274977672,0.1318109361167463,-0.5537229029997042,-1.212208893524284,-1.232987325051966,-0.8568958141929295,-1.7434848301211545,-1.4231629318762347,-1.5105244398337707,-1.0823151539856166,ambos,17.689313264857518,3.7539686813530704,74,0,6
Myanmar,MMR,2008,-0.821158910911266,-0.09262817618332268,-0.48975023034042414,-0.16115048806531496,-0.1791324933220183,0.009330034463534772,0.15959655697822228,-0.3649324154983123,-1.212208893524284,-1.232987325051966,-1.268571375299001,-1.7434848301211545,-1.4231629318762347,-1.5105244398337707,-1.011041657168102,ambos,17.69482014698372,3.7349021028172062,74,0,7
Myanmar,MMR,2009,-0.7728818587464298,-0.09262817618332268,-0.4903606499261459,-0.16115048806531496,-0.14198858139287004,0.010938969065481861,0.1921605513565862,-0.2088101651244534,-1.212208893524284,-1.232987325051966,-1.268571375299001,-1.7434848301211545,-1.4231629318762347,-1.5105244398337707,-1.011041657168102,ambos,17.70037734862474,3.7399576509753585,74,0,8
Myanmar,MMR,2010,-0.725771928340534,-0.09262817618332268,-0.4576606451539684,-0.16115048806531496,-0.3352618404794422,0.013110278415360565,0.18848616066449228,-0.04684275132334247,-1.212208893524284,-1.232987325051966,-1.268571375299001,-1.7434848301211545,-1.4231629318762347,-1.5105244398337707,-1.011041657168102,ambos,17.70782834455188,3.713367783828927,74,0,9
Myanmar,MMR,2011,-0.6981847802820751,-0.09262817618332268,-0.4576606451539684,-0.16115048806531496,0.08157973014472379,0.015469618788728929,0.07280314382262736,0.35669011867083245,-1.212208893524284,-1.232987325051966,-1.268571375299001,-1.7434848301211545,-1.4231629318762347,-1.5105244398337707,-1.011041657168102,ambos,17.7158621365028,3.7698585635177024,74,0,10
Myanmar,MMR,2012,-0.6590199649643088,-0.09262817618332268,-0.4576606451539684,-0.16115048806531496,-0.26414735342592477,0.0179613415942467,-0.008534606087020937,0.4471558558933532,-1.212208893524284,-1.232987325051966,-0.9941210012282867,-1.7434848301211545,-1.285094093117663,-1.4093575298028518,-1.011041657168102,ambos,17.72427720721495,3.7232338729454315,74,0,11
Myanmar,MMR,2013,-0.6103669119085688,-0.09262817618332268,-0.4576606451539684,-0.16115048806531496,0.0010180818892100052,0.02049832549271045,-0.06766959482243341,0.4462522462265875,-1.212208893524284,-1.232987325051966,-0.9941210012282867,-1.529961775194336,-1.1470252543590918,-0.9017778474413741,-1.011041657168102,ambos,17.732772993574855,3.759186678773996,74,0,12
Myanmar,MMR,2014,-0.5596840854936227,-0.09262817618332268,-0.23159392426199124,-0.16115048806531496,-0.07278806736685306,0.022998102935122115,-0.12530662821764385,0.6242348713393365,-1.212208893524284,-1.232987325051966,-0.9941210012282867,-1.529961775194336,-1.285094093117663,-0.8511941307869031,-1.011041657168102,ambos,17.74107417414387,3.7493087026734657,74,0,13
Myanmar,MMR,2015,-0.5138035739541951,-0.09262817618332268,-0.23159392426199124,-0.16115048806531496,0.5452548645829469,0.02542894461851745,-0.133610233443781,0.6224869539408608,-1.212208893524284,-1.232987325051966,-0.7196706271575724,-1.3164381224015291,-1.1470252543590918,-0.6610699568369627,-1.011041657168102,ambos,17.749080883512836,3.8291607012169893,74,0,14
Myanmar,MMR,2016,-0.47393477681883,-0.09262817618332268,0.15320823697194189,-0.16115048806531496,0.2526212493682728,0.02785512057891203,-0.20833572382827242,0.6509879655422977,-1.212208893524284,-1.232987325051966,-0.1707698790161436,-0.8893908168159154,-0.7328187380833772,0.6575906612567727,-0.9397681603505881,ambos,17.757008808745127,3.792145505519499,74,0,15
Myanmar,MMR,2017,-0.4296207257951826,-0.09262817618332268,0.3190804134195033,-0.16115048806531496,0.6191139785322852,0.030237157129128073,-0.27683461792790687,0.8175864567910244,-0.5866753058539755,-1.232987325051966,-0.445220253086858,-0.8893908168159154,-0.7328187380833772,0.15698836805468488,-0.7259476698980427,ambos,17.764731828930408,3.838290536640824,74,0,16
Myanmar,MMR,2018,-0.3813506157892944,-0.09262817618332268,0.48808124889624616,-0.16115048806531496,-0.19761667121039192,0.032488332678608005,-0.09974463414157976,0.8311843083476691,-0.5866753058539755,-1.232987325051966,-0.445220253086858,-0.8893908168159154,-0.8708875768419492,-0.27907700000822183,-0.7259476698980427,ambos,17.77197615722557,3.7323767196831543,74,0,17
Montenegro,MNE,2000,0.8502237290896304,-0.6993493527587822,1.0278679083353381,0.4214278292288047,4.2682808313412846,-0.2757793092650447,0.8548936283003542,-0.4826238088180968,1.4865742008994303,0.9115918035562587,1.763267855201028,0.5126934107896807,1.8265125166515996,1.618678138023585,0.12933429191213489,apenas_quantitativo,13.312902741997434,4.209182198831322,75,1,0
Montenegro,MNE,2001,0.8651918095480218,-0.6230993941620484,1.0278679083353381,0.7842437067967098,4.2682808313412846,-0.27576475722105637,0.8373208969574364,-0.3943378577902476,1.4865742008994303,0.9115918035562587,1.763267855201028,0.5126934107896807,1.8265125166515996,1.618678138023585,0.12933429191213489,apenas_quantitativo,13.316926367842848,4.209182198831322,75,1,1
Montenegro,MNE,2002,0.8976954903697961,-0.9720404420753908,1.0278679083353381,0.633702734452933,4.2682808313412846,-0.27575020517706805,0.8014849050929285,-0.45448567812068635,1.4865742008994303,0.9115918035562587,1.763267855201028,0.5126934107896807,1.8265125166515996,1.618678138023585,0.12933429191213489,apenas_quantitativo,13.32093386898144,4.209182198831322,75,1,2
Montenegro,MNE,2003,0.9434294244512746,-1.1323628282235327,1.0278679083353381,0.1213095523552559,4.2682808313412846,-0.2757356531330798,0.7435532494848616,-0.644043944710942,1.4865742008994303,0.9115918035562587,1.763267855201028,0.5126934107896807,1.8265125166515996,1.618678138023585,0.12933429191213489,apenas_quantitativo,13.324925374137251,4.209182198831322,75,1,3
Montenegro,MNE,2004,1.038872439518072,-0.6680046361324039,0.9739366137102383,0.7755329087463988,4.2682808313412846,-0.27572917362517846,0.4721888649677171,-0.6738717176756489,1.4865742008994303,0.9115918035562587,1.763267855201028,0.5126934107896807,1.8265125166515996,1.618678138023585,0.12933429191213489,apenas_quantitativo,13.326697536001546,4.209182198831322,75,1,4
Montenegro,MNE,2005,1.1333303398543195,-0.5653635164907554,0.9950098152365542,0.9067621027570635,4.2682808313412846,-0.2757237561360676,0.1992946396347791,-0.8103518182415292,1.4865742008994303,0.9115918035562587,1.763267855201028,0.5126934107896807,1.8265125166515996,1.618678138023585,0.12933429191213489,apenas_quantitativo,13.328176826212136,4.209182198831322,75,1,5
Montenegro,MNE,2006,1.339085780085826,0.013498972690311592,1.0343147668481278,1.3006106085802627,4.2682808313412846,-0.27571919780822546,0.07659440579030707,-0.7170659664005087,1.4865742008994303,0.9115918035562587,1.763267855201028,0.5126934107896807,1.8265125166515996,1.618678138023585,0.12933429191213489,ambos,13.329419822317796,4.209182198831322,75,0,6
Montenegro,MNE,2007,1.5240368893182383,1.2267838135122955,1.0487176342167084,1.61061787424995,3.8058803723244115,-0.2757141263701811,-0.028531604551425924,-0.8034815243557156,1.0399532278402321,0.47547072641476784,1.763267855201028,0.5126934107896807,0.6248983083850415,1.618678138023585,0.12933429191213489,ambos,13.330800923551056,4.169124190834124,75,0,7
Montenegro,MNE,2008,1.713970696862524,1.9832417534018634,1.0671116110664443,1.716296948871745,3.104502906318446,-0.2757075991310982,0.04062099208216316,-0.7439848526386177,1.3040204803812077,0.7473776700804421,2.008413077009369,0.9690499007380342,1.0747939626537821,1.5454192147961558,0.12933429191213489,ambos,13.332575679339131,4.105125141065502,75,0,8
Montenegro,MNE,2009,1.5267960283256614,0.5565794068453207,1.1602446722522393,0.7672769951325582,5.8944592153810005,-0.2756996936541468,0.04104570602930646,-0.7945768678802585,1.284092981985512,0.9013655248918622,1.892690308321405,0.9312850976974861,1.090583515054212,1.5454192147961558,0.12933429191213489,ambos,13.334720968824653,4.33853574012756,75,0,9
Montenegro,MNE,2010,1.6001182085447363,-0.07211079648152427,1.2828163732733486,0.7394623891710724,2.5535457480534833,-0.27569292775915594,0.10249047791461807,-0.8231547326199925,-0.5866753058539755,-0.025349315557772752,0.3781308691252851,0.6052741548677444,0.5098008107437664,1.454717865226298,0.12933429191213489,ambos,13.336553364927985,4.051811750587639,75,0,10
Montenegro,MNE,2011,1.6948000196004191,-0.30994861472279156,1.0721640919131399,0.9685941838385435,1.5075188102658987,-0.2756874565724658,0.1656719001542878,-0.9905066748796992,-0.5866753058539755,-0.025349315557772752,0.3781308691252851,0.6052741548677444,0.5098008107437664,1.4337867443041752,0.12933429191213489,ambos,13.33803266587731,3.942035286071282,75,0,11
Montenegro,MNE,2012,1.6150818432434348,-0.28456990267115834,1.05199169036304,1.0275104798573909,2.0026698482276255,-0.27568105462773457,-0.044694093003223495,-1.015225470696686,-0.5866753058539755,-0.025349315557772752,0.3781308691252851,0.6052741548677444,0.5098008107437664,1.416343794683724,0.12933429191213489,ambos,13.339760851592086,3.9955037257861177,75,0,12
Montenegro,MNE,2013,1.7083538896075912,-0.268830733330303,1.05199169036304,0.8823740251254341,1.1130115794624453,-0.27567407990882425,0.0028489310771776,-0.9610164529418822,-0.5866753058539755,-0.025349315557772752,0.3781308691252851,0.6052741548677444,0.5098008107437664,1.3971572826904604,0.12933429191213489,ambos,13.341640262791692,3.8972889633726036,75,0,13
Montenegro,MNE,2014,1.7741006483510835,-0.3940409651888556,1.05199169036304,0.7850878249485029,1.245327386300078,-0.2756671767866863,-0.026412536163682627,-1.0621198121697881,-0.5866753058539755,-0.025349315557772752,0.6525812431959995,0.6052741548677444,0.5098008107437664,1.3971572826904604,0.12933429191213489,ambos,13.343496909983672,3.912520899583084,75,0,14
Montenegro,MNE,2015,1.8472514450454187,-0.23506365318311312,1.024882715152283,0.8922301986489614,2.399571568649091,-0.2756617652639731,-0.039451128651292,-1.0537976938774727,-0.5866753058539755,-0.025349315557772752,0.3781308691252851,0.8187978076605511,0.5098008107437664,1.4093669288023576,0.12933429191213489,ambos,13.344949973647854,4.0363898042394695,75,0,15
Montenegro,MNE,2016,1.952072237613322,0.27643534463651104,0.9776587247298837,0.892545397269711,0.256788237786554,-0.2756575768527883,-0.039285879569719816,-0.9577012743604836,-0.5866753058539755,-0.025349315557772752,0.3781308691252851,0.8187978076605511,0.5098008107437664,1.3587832121478862,0.12933429191213489,ambos,13.346073168374602,3.792682319846487,75,0,16
Montenegro,MNE,2017,2.0535253420895914,0.5540752200987349,0.9792754744574883,0.9673921319922126,1.3885696664301939,-0.2756538239886355,-0.09064472444184471,-1.020322448398201,-0.5866753058539755,-0.025349315557772752,0.3781308691252851,1.032321460453358,0.5098008107437664,1.3535504319173557,0.12933429191213489,ambos,13.34707849316397,3.928753259129961,75,0,17
Montenegro,MNE,2018,2.2100130808767298,0.8625575504099414,1.009725548508056,1.0949038412587557,0.9104152944503601,-0.2756511033112847,0.1540657654526903,-0.9135508401310326,-0.5866753058539755,-0.025349315557772752,0.6525812431959995,1.032321460453358,0.7859384882609096,1.3622719067275812,0.12933429191213489,ambos,13.347806682257023,3.873507394616219,75,0,18
Mongolia,MNG,1996,-0.48687120295612707,0.22895391435463514,-0.056674432892507155,0.13222777440689001,-0.4467987121518824,-0.26590756418708245,-0.19071079665450003,-0.2822640169570293,2.1239704075263184,1.1822886939364206,1.6561272594904046,0.3335171590461647,1.5683287586512662,2.5413915442478237,1.8398982155324901,ambos,14.630657648433532,3.6976949170579254,76,0,0
Mongolia,MNG,1997,-0.46690195314800786,0.04763825478946001,-0.13862267599688266,0.772097602029499,-0.28312025209909997,-0.26571518962606777,-0.276458077421929,0.12521842412989934,2.1239704075263184,1.1822886939364206,1.3899933904349306,0.6052741548677444,1.5683287586512662,2.759424228279277,1.8398982155324901,ambos,14.644826712171696,3.720611168239823,76,0,1
Mongolia,MNG,1998,-0.45082073067648615,0.7715216784698249,-0.12316409312784143,0.9859873078095803,-0.35943200013811705,-0.26552391288222976,-0.38684955660829556,-0.37003384979498044,2.1239704075263184,1.1822886939364206,1.1238595213794567,0.8770311506893238,1.5683287586512662,2.97745691231073,1.8398982155324901,ambos,14.658718638017964,3.7099922426528757,76,0,2
Mongolia,MNG,1999,-0.4368910841146262,0.8827440185550739,-0.17036187344373768,1.1281044063310446,-0.1504925243696281,-0.26532699789256603,-0.4221502452883735,-0.3951807195202577,1.7069479323416346,1.1822886939364206,1.4565267479186494,0.8770311506893238,1.5683287586512662,2.541391805886835,1.4122572346274016,ambos,14.672821264930837,3.7388024582718593,76,0,3
Mongolia,MNG,2000,-0.43852153855198195,0.3095919122844706,-0.03925147151483985,1.4084156831030434,0.1728893114620898,-0.26513913989460963,-0.5476266221928714,-0.40422448119687177,1.2899254571569505,1.1822886939364206,1.7891939744578422,0.8770311506893238,1.5683287586512662,2.1053266994629403,1.2697102409923713,ambos,14.68609237374478,3.7818180974968763,76,0,4
Mongolia,MNG,2001,-0.42377016295153247,-0.1343778096748661,0.2150789867013592,1.2320589913951883,0.21581737795471626,-0.26496341754957337,-0.6523978210517751,-0.42549535066959154,0.8729029819722665,1.1822886939364206,1.7891939744578422,1.0080570693030455,1.6340757589797104,2.1053266994629403,1.1746789119023522,ambos,14.698348740794254,3.787391674339636,76,0,5
Mongolia,MNG,2002,-0.39378142093871116,-0.06060074517629061,0.3987274091726943,1.3104952989566614,0.320605386577212,-0.2647768124951338,-0.5578601971759974,-0.3800903189657546,0.4558805067875822,1.1822886939364206,1.7891939744578422,1.1390829879167674,1.6998227593081547,2.1053266994629403,0.6995222664522537,ambos,14.711201769107003,3.8008677964803073,76,0,6
Mongolia,MNG,2003,-0.3421650512558317,0.7841613119373109,0.6779003581265629,1.3622879381142996,0.7892114024245392,-0.2645897838264576,-0.8559429011847836,-0.15125743502631234,0.4558805067875822,1.1822886939364206,1.7891939744578422,1.1390829879167674,1.6998227593081547,2.1053266994629403,0.6995222664522537,ambos,14.723920316387554,3.8590048131501455,76,0,7
Mongolia,MNG,2004,-0.2515804452478583,0.6265460344396401,0.9022707333359147,1.6828400733946982,0.16263222468742916,-0.264422497967768,-0.7870314776240578,0.10921143660019184,0.4558805067875822,1.1822886939364206,1.256926675467493,1.1390829879167674,1.6998227593081547,2.1053266994629403,0.6995222664522537,ambos,14.735160840224083,3.7804817552620156,76,0,8
Mongolia,MNG,2005,-0.18751944196542591,0.6409423117906051,1.0335425343417162,1.4227970385197866,0.6473967819865213,-0.2642554686641795,-0.7257036780639277,0.4574859659437815,0.4492408430746144,0.0019862953699335806,1.435679497504238,-0.24826204947006225,-0.10225890374833652,0.2346799794153972,0.6995222664522537,ambos,14.746259464879683,3.841764663600149,76,0,9
Mongolia,MNG,2006,-0.10629794333572508,1.2907346646334064,1.0408617755573524,1.148117823134673,0.6044745793537583,-0.264071936304555,-0.6464595485227543,0.975841620562063,0.7583905514924235,-0.061578455842598585,1.2864970565713683,-0.19706857845791967,-0.024262712182909468,1.634376478715177,0.6995222664522537,ambos,14.758314293291974,3.836487549815912,76,0,10
Mongolia,MNG,2007,-0.0008974805491950654,1.5095721667706623,1.0408617755573524,1.2919878149955255,0.8865674323253725,-0.263865009699552,-0.6466549341784645,0.8957111539032275,0.15964731631485893,-0.3368431162298713,1.4792389435149464,0.1297524727864747,0.08436929787697997,1.634376478715177,0.6995222664522537,ambos,14.771733672771612,3.8706704641161886,76,0,11
Mongolia,MNG,2008,0.09309679894755442,1.6435737943105453,1.0408617755573524,1.388403666979781,1.974858659041502,-0.2636182931882932,-0.5114914489285435,0.3198291713828425,0.23350782021261873,-0.2072780494672578,1.7550743039533712,-0.036531994643276326,0.050583300757402486,1.634376478715177,0.6995222664522537,ambos,14.787501618967106,3.992575150716403,76,0,12
Mongolia,MNG,2009,0.05072421344494572,0.756137061390826,1.2651488302176044,0.999429850321916,1.7268975538256766,-0.2633324192089347,-0.42921340545060455,0.2533645674599776,0.038858281816333155,-0.025349315557772752,0.9270316172667138,-0.03529680351067694,0.5098008107437664,0.6401482349143451,0.6995222664522537,ambos,14.80546653543178,3.9660781017326303,76,0,13
Mongolia,MNG,2010,0.11209264706627449,1.4341655670255775,1.000085471335317,0.86970487214578,3.4629646117930526,-0.26304897355343976,-0.2965844197684691,0.5158582825438616,-0.5866753058539755,-0.025349315557772752,0.9270316172667138,-0.03529680351067694,0.09559429446805148,0.5982859930700992,0.6995222664522537,ambos,14.822965797296767,4.1383453356842965,76,0,14
Mongolia,MNG,2011,0.32896896942601944,3.1210844092943195,1.000085471335317,1.556998827632731,7.029947343804441,-0.2627644062151774,-0.15647816102758144,0.3602121105583125,-0.5866753058539755,-0.025349315557772752,0.6525812431959995,-0.03529680351067694,0.09559429446805148,0.5756107864971409,0.6995222664522537,ambos,14.840231568947438,4.419861363703742,76,0,15
Mongolia,MNG,2012,0.4959682503168655,2.7218191985263016,1.000085471335317,1.051009370879179,5.4278617615609335,-0.2624458721748135,0.04647424097066154,0.3131831429470473,-0.5866753058539755,-0.025349315557772752,0.6525812431959995,-0.03529680351067694,0.09559429446805148,0.5965419074192637,0.6995222664522537,ambos,14.859211083651946,4.303100247398943,76,0,16
Mongolia,MNG,2013,0.6648114464780801,2.01286406169712,1.000085471335317,0.7814131681710637,2.210804318267826,-0.262092028992866,0.252122502230459,0.2910387307484582,-0.5866753058539755,-0.025349315557772752,0.9270316172667138,-0.03529680351067694,0.09559429446805148,0.6244498942227528,0.6995222664522537,ambos,14.879880547253626,4.017152612086256,76,0,17
Mongolia,MNG,2014,0.77427125540851,0.7179511479400018,1.000085471335317,1.0432715306720008,-0.17015343070565622,-0.26170957096755315,0.2812206772581407,0.37392158988229596,-0.5866753058539755,-0.025349315557772752,1.2014819913374282,0.39175050207493695,0.23366313322662344,0.64363692949404,0.6995222664522537,ambos,14.901751300334645,3.7361265609975174,76,0,18
Mongolia,MNG,2015,0.7789236484106073,-0.5293524247678274,1.000085471335317,0.4716604450745884,-0.511506695303032,-0.2613292071478327,0.2208537599238165,0.3754487142885052,-0.5866753058539755,-0.025349315557772752,1.2014819913374282,0.6052741548677444,0.23366313322662344,0.64363692949404,0.6995222664522537,ambos,14.923037988396821,3.688488445048753,76,0,19
Mongolia,MNG,2016,0.7675123066078201,-0.4823814715502076,1.000085471335317,0.8030134600257322,-7.15778616205441,-0.2609593382216651,0.04819427954011458,0.5145050293584169,-0.5866753058539755,-0.025349315557772752,0.9270316172667138,0.6052741548677444,0.3717319719851945,1.0797017742789234,0.6995222664522537,ambos,14.94331167753035,0.6931471805599453,76,0,20
Mongolia,MNG,2017,0.8426502866931096,-0.036086045139629284,1.000085471335317,1.2353887745385044,1.6239329003279144,-0.26060099040945467,0.10479022073854569,0.8692446597999635,-0.5866753058539755,-0.025349315557772752,1.4759323654081427,0.8187978076605511,0.3717319719851945,1.0587706533568007,0.6995222664522537,ambos,14.962569459731412,3.954865637932413,76,0,21
Mozambique,MOZ,1996,-1.2229583356395402,-0.09262817618332268,-2.113785901979877,-0.6508426441878468,-0.33876653868315615,-0.18098798682739053,-2.0064739912311036,-0.8437577465990916,0.038858281816333155,-0.025349315557772752,0.10368049505457075,0.39175050207493695,0.09559429446805148,1.4512291706466032,1.2697102409923713,ambos,16.618415138039694,3.7128790326024697,77,0,0
Mozambique,MOZ,1997,-1.215567692815951,-0.09262817618332268,-2.113785901979877,-0.8755099736920038,-0.4223261841387353,-0.17825834794722026,-1.9985533429106943,-0.7259595390625022,0.038858281816333155,-0.025349315557772752,0.10368049505457075,0.39175050207493695,0.09559429446805148,1.4512291706466032,0.5569752728172239,ambos,16.64577738884038,3.701154829069482,77,0,1
Mozambique,MOZ,1998,-1.208361460218424,-0.09262817618332268,-2.113785901979877,-1.0002191457879468,0.08688203865677614,-0.17592857704084905,-1.990092249948621,-0.44099169295207247,0.038858281816333155,-0.025349315557772752,0.10368049505457075,0.39175050207493695,0.09559429446805148,1.4512291706466032,-0.44085368262798447,ambos,16.668553345566107,3.770556974082447,77,0,2
Mozambique,MOZ,1999,-1.1991585672091765,-0.09262817618332268,-2.113785901979877,-0.8107326826645173,0.4090789778332895,-0.17357756575866873,-1.9808882490726467,-0.6034309766075635,0.038858281816333155,-0.025349315557772752,0.10368049505457075,0.39175050207493695,0.09559429446805148,1.4512291706466032,-0.44085368262798447,ambos,16.69102284766421,3.8121061149728583,77,0,3
Mozambique,MOZ,2000,-1.2007003340612237,-0.09262817618332268,-2.082264024251635,-0.741179437269247,-0.24255547627602336,-0.17121996160703082,-1.9762956243716334,-0.6273339478103301,0.038858281816333155,-0.025349315557772752,0.10368049505457075,0.39175050207493695,0.09559429446805148,1.4512291706466032,-1.4861983026182013,ambos,16.71305949815841,3.7262102657385854,77,0,4
Mozambique,MOZ,2001,-1.1896826372835656,-0.09262817618332268,-2.056023983045502,-0.6686862434451722,0.13749835981500094,-0.16878521789954024,-1.963459300831611,-0.47134238655187577,0.038858281816333155,-0.025349315557772752,0.10368049505457075,0.39175050207493695,0.09559429446805148,1.4512291706466032,-1.5812296317082215,ambos,16.73531867263389,3.7771996261118796,77,0,5
Mozambique,MOZ,2002,-1.1811962520950634,-0.09262817618332268,-1.9994597797609752,-0.003344121107408462,0.36751380312456317,-0.1662756973296858,-1.950501582419319,-0.8320565176945953,0.038858281816333155,-0.025349315557772752,0.10368049505457075,0.39175050207493695,0.09559429446805148,1.4512291706466032,-1.2011043153481413,ambos,16.757754445468333,3.806842043434639,77,0,6
Mozambique,MOZ,2003,-1.175137074686903,-0.09262817618332268,-1.9994597797609752,-0.09462226422809243,0.24132744290756702,-0.16368546333175688,-1.9373066128289869,-0.6819139074263617,0.038858281816333155,-0.025349315557772752,-0.1707698790161436,0.1782268492821305,0.09559429446805148,1.4512291706466032,-1.011041657168102,ambos,16.780395713754544,3.7906891247709753,77,0,7
Mozambique,MOZ,2004,-1.1675403366368176,-0.09262817618332268,-1.9152364994119142,-0.03987983326142801,0.39471863972720606,-0.16101348371895147,-1.9109582709295532,-0.6041242921992362,0.038858281816333155,-0.025349315557772752,-0.445220253086858,0.1782268492821305,0.09559429446805148,1.4512291706466032,-1.011041657168102,ambos,16.803226486308663,3.810290564016125,77,0,8
Mozambique,MOZ,2005,-1.1621286436232436,-0.09262817618332268,-1.8286355830459993,-0.04112192119628204,-0.4120145638142571,-0.15824354778872093,-1.8834299429730204,-0.7045580866350503,0.038858281816333155,-0.025349315557772752,0.10368049505457075,0.1782268492821305,0.09559429446805148,1.4512291706466032,-1.011041657168102,ambos,16.82635654182831,3.7026091029714214,77,0,9
Mozambique,MOZ,2006,-1.1514690326241823,-0.09262817618332268,-1.7468471181303569,-0.17653253278403944,-0.191452354252348,-0.15536465350370798,-1.849047487467971,-0.6033237110177792,0.038858281816333155,-0.025349315557772752,1.2014819913374282,0.1782268492821305,0.7859384882609096,1.2820361176187849,-1.011041657168102,ambos,16.84984258268378,3.7332196225791963,77,0,10
Mozambique,MOZ,2007,-1.1435101626440463,-0.09262817618332268,-1.6493016889752985,-0.21226476396141378,0.020840962840525064,-0.1523781850681788,-1.8142487982281403,-0.6290651343216819,0.6643918694866419,-0.025349315557772752,0.7898064302313567,0.1782268492821305,0.5788352301230523,0.8459707495558783,-0.916010328078083,ambos,16.87363699265845,3.7618231701463616,77,0,11
Mozambique,MOZ,2008,-1.1365221161338177,-0.09262817618332268,-1.5676379634744353,-0.24536543249733667,0.21508220700802025,-0.14920763536443682,-1.7779192691290877,-0.8248916606117118,0.6643918694866419,-0.025349315557772752,0.6525812431959995,0.1782268492821305,0.23366313322662344,0.8826002111695931,-0.7259476698980427,ambos,16.898293403573092,3.787296484203859,77,0,12
Mozambique,MOZ,2009,-1.1310342171899084,-0.09262817618332268,-1.4657683150767327,-0.16058691454686866,0.6734781642308921,-0.1457906257045371,-1.7349270461021327,-0.8472545080382502,0.038858281816333155,-0.025349315557772752,0.9270316172667138,0.1782268492821305,0.23366313322662344,0.8826002111695931,-0.7259476698980427,ambos,16.924202966776186,3.8449577164601476,77,0,13
Mozambique,MOZ,2010,-1.1242395816373512,-0.09262817618332268,-1.388675359724325,0.012006173693272853,1.2760018259751433,-0.1421660987662622,-1.6870535086664176,-0.8499521953758878,0.038858281816333155,-0.025349315557772752,0.6525812431959995,0.39175050207493695,0.5098008107437664,0.7796892154878377,-0.7259476698980427,ambos,16.95097155595041,3.916019197403247,77,0,14
Mozambique,MOZ,2011,-1.1165824590523734,-0.09262817618332268,-1.3563147262985173,0.31915878796661945,3.7317295675114526,-0.1382891096757442,-1.634114089396737,-0.8799728955530359,0.038858281816333155,-0.025349315557772752,0.3781308691252851,0.39175050207493695,-0.18054338304909118,-0.09244099735995266,-0.7259476698980427,ambos,16.978833080112167,4.162548496829873,77,0,15
Mozambique,MOZ,2012,-1.1071809013839902,-0.09262817618332268,-1.3697360227733726,0.9448173588735915,5.254833412560475,-0.1341794131757651,-1.5719601818526752,-0.8494655066088247,0.038858281816333155,-0.025349315557772752,0.3781308691252851,0.39175050207493695,-0.18054338304909118,-0.095929691939647,-0.7259476698980427,ambos,17.007543186393512,4.289633840644547,77,0,16
Mozambique,MOZ,2013,-1.1001182641567138,-0.09262817618332268,-1.0515340665341146,1.045104320268966,6.160457776733894,-0.12992080732200983,-1.5063710446849548,-0.8852946209158379,-0.5866753058539755,-0.025349315557772752,-0.1707698790161436,0.39175050207493695,-0.594749899324806,-0.11511620393291096,-0.7259476698980427,ambos,17.036448734722097,4.3581887384939755,77,0,17
Mozambique,MOZ,2014,-1.0905509692824056,-0.09262817618332268,-1.069228923279793,1.2477097253013305,4.211569139055769,-0.12552438364780122,-1.4316872538805914,-0.7980604547130069,-0.5866753058539755,-0.025349315557772752,-0.1707698790161436,0.39175050207493695,-0.7328187380833772,-0.13430323920419768,-0.7259476698980427,ambos,17.06543828343991,4.204354700791071,77,0,18
Mozambique,MOZ,2015,-1.0811965596286055,-0.09262817618332268,-1.0484728640421954,0.736344159982744,3.5223076863716307,-0.12099530905354675,-1.350289781350413,-0.7037991087321624,-0.5866753058539755,-0.025349315557772752,-0.1707698790161436,0.39175050207493695,-0.594749899324806,0.29129604511962454,-0.7259476698980427,ambos,17.09444888904447,4.143739992027594,77,0,19
Mozambique,MOZ,2016,-1.0774188836666396,-0.09262817618332268,-1.0484728640421954,1.0744273859599494,3.8815789186176013,-0.11628464117892001,-1.3701919368758642,-0.5405171608816282,-0.5866753058539755,-0.025349315557772752,-0.445220253086858,0.39175050207493695,-0.7328187380833772,-0.24593570969617817,-0.7259476698980427,ambos,17.123755531426173,4.175792830830468,77,0,20
Mozambique,MOZ,2017,-1.078299713205701,-0.09262817618332268,-0.9503780917469681,0.9393261628098625,2.4055568557616405,-0.11133677916376238,-1.391290285085346,-0.28618859304416117,-0.5866753058539755,-0.025349315557772752,-0.1707698790161436,0.39175050207493695,-0.7328187380833772,-0.24593570969617817,-0.7259476698980427,ambos,17.153640123139063,4.036993750453228,77,0,21
Mauritania,MRT,1996,-0.46358314887245905,1.3244521309213506,-1.724618188855076,-0.08626606090447167,-0.6571091715175003,-0.2653187940957296,-0.5285068194728536,-0.10235314685090172,1.2899254571569505,1.1822886939364206,0.9270316172667138,0.6052741548677444,0.9930417463987669,0.7971316418302662,0.12933429191213489,ambos,14.673404509539155,3.6674572627719533,78,0,0
Mauritania,MRT,1997,-0.5155230176732325,0.7508681844019622,-1.7295615873769334,-0.3102276361759658,-0.6816550308223625,-0.2650018709827446,-0.6054370741274816,-0.01454872119346731,1.2899254571569505,1.1822886939364206,0.9270316172667138,0.6052741548677444,0.9930417463987669,0.7971316418302662,0.12933429191213489,ambos,14.695679482113965,3.663867818303113,78,0,1
Mauritania,MRT,1998,-0.51436002312818,0.4811693456897545,-1.701732937820708,-0.6403303226790684,-0.652392838973145,-0.26462392952049,-0.6126268238551925,0.5446797453232214,1.2899254571569505,1.1822886939364206,0.9270316172667138,0.6052741548677444,0.9930417463987669,0.7971316418302662,0.12933429191213489,ambos,14.721610338038364,3.6681454787638144,78,0,2
Mauritania,MRT,1999,-0.506922133410817,0.7477034867695029,-1.6663254290465084,-0.7093257757941933,-0.5203214950710392,-0.2642239004539531,-0.6189512561042467,0.4501988737503056,1.2899254571569505,1.1822886939364206,0.9270316172667138,0.6052741548677444,0.9930417463987669,0.7971316418302662,0.12933429191213489,ambos,14.7483433130202,3.6872277145646963,78,0,3
Mauritania,MRT,2000,-0.5593704240427864,1.1221170496513964,-1.6444584751368618,-0.42093044097615945,-0.25928481207378096,-0.2637958531838208,-0.7026290876316739,0.24460485166480084,1.2899254571569505,1.1822886939364206,0.9270316172667138,0.6052741548677444,0.9930417463987669,0.7971316418302662,0.12933429191213489,ambos,14.776178684426641,3.7239049368807686,78,0,4
Mauritania,MRT,2001,-0.5834312692553664,1.1623682142670186,-1.5544413127968244,-0.3697569019992772,0.11508055672453414,-0.26340613405250807,-0.7418823538218956,0.16799852891512182,1.6026922509921049,1.1822886939364206,1.064256804302071,0.7298296688190473,0.9930417463987669,0.7971316418302662,0.12933429191213489,ambos,14.8008649321544,3.774263059530429,78,0,5
Mauritania,MRT,2002,-0.5894782774285693,2.341911726295735,-1.5525608756029794,-0.4835546416902981,0.009517266447234243,-0.2630487766623157,-0.7501326471690458,0.1164778712752919,1.915459044827259,1.1822886939364206,1.2014819913374282,0.8543851827703502,0.9930417463987669,0.7971316418302662,0.12933429191213489,ambos,14.8229778470755,3.760317942340271,78,0,6
Mauritania,MRT,2003,-0.557124895198373,3.0177134754107384,-1.518194459848767,-0.5262033413732111,0.21622218103417426,-0.26267056074576695,-0.7078697330925154,-0.0245489263395071,1.915459044827259,1.1822886939364206,0.9270316172667138,0.6052741548677444,0.647869649502338,0.7971316418302662,0.12933429191213489,ambos,14.84586077947146,3.7874440844853647,78,0,7
Mauritania,MRT,2004,-0.5398740171298492,2.6806463543807215,-1.4974221917295152,0.05215397259043276,2.3393691408822885,-0.262273091263843,-0.6741673110930142,0.04217412313042364,1.871229316337137,1.206685397004222,0.14803606671038344,0.5146884895938839,0.4247283150542851,-0.36570829311477276,0.12933429191213489,ambos,14.869357322722397,4.030294697785939,78,0,8
Mauritania,MRT,2005,-0.49410925866072364,2.1901142936841898,-1.4847921621701736,0.43043408092455304,4.184855159080761,-0.2618530866978092,-0.603323026807226,0.5155302019477744,1.915459044827259,1.1822886939364206,1.4759323654081427,0.8543851827703502,0.9930417463987669,0.7971316418302662,0.12933429191213489,ambos,14.893600360299848,4.202072613514443,78,0,9
Mauritania,MRT,2006,-0.3688962742003102,1.6655671656511302,-1.4590106598799575,0.2721448110923694,0.036623323760267355,-0.26140798746305266,-0.4607863688412727,1.408945563618284,0.5967887031730661,-0.42218302991919504,1.153151060903276,0.4382644759937328,0.6142034961348024,-0.18663104150950469,0.12933429191213489,ambos,14.918666176726653,3.7639173036105413,78,0,10
Mauritania,MRT,2007,-0.4109771782418593,2.3694704394229613,-1.4590106598799575,0.3673391124793274,-0.092434007503156,-0.2609342614521355,-0.5238200356389029,0.8346800700434147,0.4938709130608454,-0.2758226167757406,1.478704533746556,0.4926134836940941,0.6475642412310035,-0.18663104150950469,0.12933429191213489,ambos,14.94467145012115,3.746662827208798,78,0,11
Mauritania,MRT,2008,-0.43925098806940516,1.7629787640035204,-1.6251966678659366,0.6014674367107574,0.4984234856424536,-0.26039603271569245,-0.5595211052083526,0.7914990660686828,0.12995498840219524,-0.2654644640407075,0.4375149041446113,0.5560404885664727,0.16304202675232415,0.2267585967024198,0.12933429191213489,ambos,14.973419528302932,3.823328322754805,78,0,12
Mauritania,MRT,2009,-0.4651584347775914,1.6652790766008334,-1.5736051080642093,0.24947980083870572,-0.6649361705609289,-0.2597923585628871,-0.5965249039680225,0.4790625185087744,0.038858281816333155,-0.025349315557772752,0.3781308691252851,0.39175050207493695,-0.042474544290519535,-1.137252957815256,0.12933429191213489,ambos,15.004709463716566,3.6663140862718056,78,0,13
Mauritania,MRT,2010,-0.4702369078761286,1.287901604958798,-1.5585106387537047,0.5811395303170194,-0.24778640214053863,-0.25915683577916354,-0.5873275572435569,0.9340375232702699,0.038858281816333155,-0.025349315557772752,0.3781308691252851,0.39175050207493695,-0.3186122218076625,-1.145973909347458,0.12933429191213489,ambos,15.036625394516665,3.7254900068170373,78,0,14
Mauritania,MRT,2011,-0.4631538645428791,0.8212030616017217,-1.474328259965587,0.7283266968478579,0.8693268183649775,-0.2584895180621011,-0.5620013029760905,1.4288761825394303,0.038858281816333155,-0.025349315557772752,-0.1707698790161436,0.39175050207493695,-0.45668106056623414,-1.0919020213913155,0.12933429191213489,ambos,15.069076632455102,3.8686145047905245,78,0,15
Mauritania,MRT,2012,-0.45374508203558017,1.2825584564023425,-1.3184117071256272,1.0858709876105472,2.951159935030485,-0.25779608542230925,-0.557339695214203,0.8739099925210766,0.038858281816333155,-0.025349315557772752,-0.1707698790161436,0.39175050207493695,-0.45668106056623414,-1.0919020213913155,0.12933429191213489,ambos,15.101717973678998,4.090570091841088,78,0,16
Mauritania,MRT,2013,-0.4457629590317382,1.2202973416601886,-1.2027596609199769,0.8420608406164444,2.074136835320473,-0.257108255229957,-0.5420654001314882,0.968911684808553,0.038858281816333155,-0.025349315557772752,-0.1707698790161436,0.39175050207493695,-0.45668106056623414,-1.0919020213913155,0.12933429191213489,ambos,15.133076030607775,4.002990242657194,78,0,17
Mauritania,MRT,2014,-0.43559463932326825,1.8554722806972794,-1.1869646759298635,0.5285263718064472,0.6804006653546106,-0.2564269164783014,-0.5429732233162496,0.1179060674967069,0.038858281816333155,-0.025349315557772752,-0.1707698790161436,0.39175050207493695,-0.45668106056623414,-1.0919020213913155,0.12933429191213489,ambos,15.163197917571363,3.8458035047877557,78,0,18
Mauritania,MRT,2015,-0.41593808634306034,1.4118944488606697,-1.1689745400375693,0.11399746946452413,0.7700280765495614,-0.25572619290052123,-0.5274785166141658,-0.3581815944602578,0.038858281816333155,-0.025349315557772752,-0.1707698790161436,0.39175050207493695,-0.45668106056623414,-1.12853148300503,0.12933429191213489,ambos,15.193258502282323,3.8566900412421115,78,0,19
Mauritania,MRT,2016,-0.43135116759256853,0.7697701899134933,-1.1331276706873905,-0.007874924949121372,0.0878848578237989,-0.2550060606310256,-0.5483410045308977,-0.15127375765472198,0.038858281816333155,-0.025349315557772752,-0.1707698790161436,0.39175050207493695,-0.45668106056623414,-1.12853148300503,0.12933429191213489,ambos,15.223238079084199,3.7706890087914515,78,0,20
Mauritania,MRT,2017,-0.4038358969422932,0.9239036509743148,-1.1487142163220638,0.15666617609519765,0.860005090566894,-0.2542665674009961,-0.52221631536121,-0.2745970309563932,0.038858281816333155,-0.025349315557772752,-0.1707698790161436,0.39175050207493695,-0.3186122218076625,-1.1529512985068482,0.12933429191213489,ambos,15.253115950814408,3.867501116942245,78,0,21
Mauritius,MUS,1996,0.38516787457680274,0.22486966069353867,-0.04479615057212229,1.5325862428696369,-0.5103953001437022,-0.2726228104278843,2.105139261695985,0.0775742726070995,1.2899254571569505,1.1822886939364206,2.024833113549571,0.8187978076605511,1.8904891983294816,1.4512291706466032,0.12933429191213489,ambos,13.941259117763689,3.688647288778157,79,0,0
Mauritius,MUS,1997,0.4591553042629605,0.33835044178700135,0.04230886201325849,1.5310835192157433,-0.4256189487251779,-0.2725375625375584,2.035617439236509,-0.013631319831301307,1.2899254571569505,1.1822886939364206,2.024833113549571,0.8187978076605511,1.8904891983294816,1.4512291706466032,0.12933429191213489,ambos,13.953780082890491,3.7006899962947686,79,0,1
Mauritius,MUS,1998,0.5467997327335368,-0.010965980019549359,0.20162520108413315,1.657077001210535,-0.6031420785808658,-0.2724651483686834,2.110651420582921,-0.023339838732472876,1.2899254571569505,1.1822886939364206,2.024833113549571,0.8187978076605511,1.8904891983294816,1.4512291706466032,0.12933429191213489,ambos,13.96429429002933,3.6753040845372826,79,0,2
Mauritius,MUS,1999,0.571172176624858,0.47504617457001885,0.32186420262624954,1.613837283015191,-0.4573705600795095,-0.2723765712284414,2.143597444793698,-0.09037545026717231,1.2899254571569505,1.1822886939364206,1.887607926514214,0.8187978076605511,1.8904891983294816,1.4512291706466032,0.12933429191213489,ambos,13.977006764659325,3.6961965646265136,79,0,3
Mauritius,MUS,2000,0.7053602689016555,-0.04882966279250395,0.3930949952325802,1.3735714287459506,0.32994522437458046,-0.2723073252167447,2.1178252359388225,-0.11609488289451418,1.2899254571569505,1.1822886939364206,1.750382739478857,0.8187978076605511,1.8904891983294816,1.4512291706466032,0.12933429191213489,ambos,13.986833517999623,3.8020601656096127,79,0,4
Mauritius,MUS,2001,0.7563580672172296,-0.07685799989393324,0.6066130068693483,1.587669463719072,-0.7571011167641039,-0.27225115754880463,2.084095205867653,-0.05359068448588164,1.2899254571569505,1.1822886939364206,1.750382739478857,0.8187978076605511,1.8904891983294816,1.4512291706466032,0.12933429191213489,ambos,13.99473398717999,3.652753660548396,79,0,5
Mauritius,MUS,2002,0.7751737881990093,-0.1827258509201739,0.6832877765448121,1.3021608071091433,-0.5391565286187905,-0.2722014335903797,2.0974116258328768,-0.11745583762589878,1.2899254571569505,1.1822886939364206,1.750382739478857,0.8187978076605511,1.8904891983294816,1.4512291706466032,0.12933429191213489,ambos,14.00167638274891,3.684528508837573,79,0,6
Mauritius,MUS,2003,0.8826473106511121,-0.054522410166461595,0.7975734972640134,1.0238949209103674,-0.46763188286532903,-0.27214923357690957,2.067679772743552,-0.17674789762066956,1.2899254571569505,1.1822886939364206,1.750382739478857,1.032321460453358,1.6143515208123382,1.4512291706466032,0.12933429191213489,ambos,14.008912994419005,3.6947400727814377,79,0,7
Mauritius,MUS,2004,0.9631773466063536,-0.14872418043429558,0.8252715101314996,0.9765853736049632,-0.6170706529737175,-0.27210369206327173,1.9973991615380977,-0.246105384480886,1.2899254571569505,1.1822886939364206,1.750382739478857,1.032321460453358,2.0285580370880534,1.4512291706466032,0.12933429191213489,ambos,14.01518402909075,3.673284755696163,79,0,8
Mauritius,MUS,2005,0.989890177489011,-0.17593357054167325,0.9080675812073677,1.4003403367957283,-0.5423764980651627,-0.27206042971355493,1.9581532674294864,-0.3324600795949252,1.2899254571569505,1.1822886939364206,1.750382739478857,1.032321460453358,2.0285580370880534,1.4512291706466032,0.12933429191213489,ambos,14.021105020855094,3.684066332238123,79,0,9
Mauritius,MUS,2006,1.0904373292627656,0.02354711178908719,0.8379605124304771,1.4925697789583996,-0.3918277260622992,-0.27202617065796625,1.917845182096733,-0.42100525894914004,1.2899254571569505,1.1822886939364206,1.4759323654081427,1.67289182096579,1.7524203595709098,1.7634518988276089,0.12933429191213489,ambos,14.0257690523262,3.7054499954552673,79,0,10
Mauritius,MUS,2007,1.2162173559026297,0.11865963654944721,0.838940770413787,1.31359927136464,0.06679447837756217,-0.27199255597332905,1.8851121981518713,-0.4040222589160509,1.2899254571569505,1.1822886939364206,1.4759323654081427,1.7796539462951877,1.7524203595709098,1.7634518988276089,0.12933429191213489,ambos,14.030324312650151,3.767908496303238,79,0,11
Mauritius,MUS,2008,1.3425418345125724,0.09537689126757712,0.8208737301557282,1.1644704762488471,-0.0009528833142049472,-0.27196576088126206,1.856691960313738,-0.3352250847213528,1.2899254571569505,1.1822886939364206,1.4759323654081427,1.8864154737585968,1.7524203595709098,1.7634518988276089,0.12933429191213489,ambos,14.03394061821219,3.7589241552796215,79,0,12
Mauritius,MUS,2009,1.4231162229811165,0.3016969002391661,0.8365964833087569,0.8437811862534788,-0.1687551863027674,-0.27194602403767315,1.5747993290803624,-0.33632977788392265,1.2899254571569505,1.1822886939364206,1.4759323654081427,1.8864154737585968,1.7524203595709098,1.7634518988276089,0.12933429191213489,ambos,14.036595992809012,3.736317102159618,79,0,13
Mauritius,MUS,2010,1.535847009341073,0.14231612551524545,0.8456591104508003,1.1067979633951126,0.08802042820539022,-0.2719282978701089,1.436541534334104,-0.4072871398507622,1.2899254571569505,1.1822886939364206,1.4759323654081427,1.8864154737585968,1.7524203595709098,1.7634518988276089,0.12933429191213489,ambos,14.038974857833166,3.7707068571285016,79,0,14
Mauritius,MUS,2011,1.647029710180993,0.05966718359202097,0.911292803786839,1.2243327348864328,-0.004249589516219659,-0.2719163412091197,1.3596817529491383,-0.47876645802264906,1.2899254571569505,1.1822886939364206,1.4759323654081427,1.8864154737585968,1.7524203595709098,1.7634518988276089,0.12933429191213489,ambos,14.040576260761135,3.7584848950820096,79,0,15
Mauritius,MUS,2012,1.7418383912552522,-0.045597461503159645,1.0337796348657047,1.2794101310809873,0.21749393747547946,-0.271895590077922,1.332118802251943,-0.5335567251515552,1.2899254571569505,1.1822886939364206,1.4759323654081427,1.8864154737585968,1.7524203595709098,1.7931039712819339,0.12933429191213489,ambos,14.043349468805042,3.7876087218379437,79,0,16
Mauritius,MUS,2013,1.8366687702319093,-0.28044857967646786,1.0948521118960548,1.8346252983087865,-0.2407188307130267,-0.271877422396928,1.2021260169557322,-0.5799689506889735,1.2899254571569505,1.1822886939364206,1.4759323654081427,1.8864154737585968,1.7524203595709098,1.7861271054005674,0.12933429191213489,ambos,14.045771123146535,3.7264630349381775,79,0,17
Mauritius,MUS,2014,1.9510718462335823,-0.5310523045316987,1.213358129620095,1.7923966053818743,-0.05105090772738413,-0.27186381304377616,1.1034649877519875,-0.6310409171517253,1.2899254571569505,1.1822886939364206,1.4759323654081427,1.8864154737585968,1.7524203595709098,1.7861271054005674,0.12933429191213489,ambos,14.047581342688476,3.7522280842960978,79,0,18
Mauritius,MUS,2015,2.066841787010047,-0.7223663120747453,1.1009965085664821,1.735318880417867,-0.34212722384421257,-0.27185384319322087,0.9776483777674083,-0.6759000351065692,0.6643918694866419,1.1822886939364206,1.4759323654081427,1.8864154737585968,1.7524203595709098,1.8053141406718545,0.12933429191213489,ambos,14.048905384942229,3.712410140397878,79,0,19
Mauritius,MUS,2016,2.1947474911791987,-0.7402224405997562,1.1179224565547292,1.5369686976497536,-0.1340519801842344,-0.271848664360018,1.0885348558903756,-0.7262956281690413,0.6643918694866419,1.1822886939364206,1.4759323654081427,1.8864154737585968,1.7524203595709098,1.8053141406718545,0.12933429191213489,ambos,14.049592466724071,3.741034572264307,79,0,20
Mauritius,MUS,2017,2.329364387813333,-0.7338447247149571,1.0493617746237862,1.5559767519844845,-0.04917978969781396,-0.2718418626666409,0.877818311455461,-0.7947309941947223,0.6643918694866419,1.1822886939364206,1.4759323654081427,1.8864154737585968,1.7524203595709098,1.794848580210793,0.12933429191213489,ambos,14.05049413867467,3.7524789844880773,79,0,21
Malawi,MWI,1996,-1.1278084134900457,-0.09262817618332268,-1.4237626189116563,-0.8173384679386714,-0.5702656549134223,-0.2176231722325763,-1.3687444039476877,-0.5342852130727038,-0.5866753058539755,-1.232987325051966,-0.445220253086858,-0.03529680351067694,-0.3186122218076625,-0.5110634158024079,0.4144282791821931,ambos,16.152712416807358,3.6800543143712217,80,0,0
Malawi,MWI,1997,-1.1247076954587123,-0.09262817618332268,-1.4237626189116563,-0.8173384679386714,-0.5864093440108934,-0.21637138023050442,-1.372937420266729,-0.6028934919025082,-0.5866753058539755,-1.232987325051966,-0.8568958141929295,-0.03529680351067694,-0.4566810605662344,-0.5110634158024079,0.7707957632697682,ambos,16.172776620688577,3.677724573883666,80,0,1
Malawi,MWI,1998,-1.1216582011925387,-0.09262817618332268,-1.1522244670609614,-0.8173384679386714,-0.5704009410150519,-0.21499409101922798,-1.3765791943098427,-0.6303896323193275,-0.5866753058539755,-1.232987325051966,-1.268571375299001,-0.03529680351067694,-0.594749899324806,-0.5110634158024079,1.2697102409923713,ambos,16.194396937467182,3.680034813393752,80,0,2
Malawi,MWI,1999,-1.1204266435195809,-0.09262817618332268,-0.9801907084177374,-0.8173384679386714,-0.25728783501639585,-0.21347308918657143,-1.381624122553737,-0.6268058974270146,-0.5866753058539755,-1.232987325051966,-1.131346188263644,-0.03529680351067694,-0.594749899324806,-0.5110634158024079,1.2697102409923713,ambos,16.21774232366206,3.7241804029662484,80,0,3
Malawi,MWI,2000,-1.1219765178750476,-0.09262817618332268,-1.1724959152240657,-0.8173384679386714,-0.47423745081619817,-0.21187327124030866,-1.3875871026734057,-0.6679088009327526,-0.5866753058539755,-1.232987325051966,-0.9941210012282867,-0.03529680351067694,-0.594749899324806,-0.5110634158024079,1.2697102409923713,ambos,16.24172317427532,3.693801355078446,80,0,4
Malawi,MWI,2001,-1.1353820668983943,-0.09262817618332268,-1.131781549622138,-0.8173384679386714,-0.5183472030319664,-0.2102198869755027,-1.4004209934915675,-0.76422058579009,-0.8994420996891298,-1.232987325051966,-0.5824454401222151,-0.14205833097408582,-0.6637843187040916,-0.8381121802105763,1.1984367441748567,ambos,16.2659171149176,3.687510224445592,80,0,5
Malawi,MWI,2002,-1.136686278302675,-0.09262817618332268,-1.1643073261600176,-0.8173384679386714,-0.6332423050319526,-0.20850525167191694,-1.4069757818060948,-0.604249958175344,-1.212208893524284,-1.232987325051966,-0.1707698790161436,-0.24881985843749468,-0.7328187380833772,-1.1651609446187448,0.15309212418463936,ambos,16.29040399242192,3.6709351041848977,80,0,6
Malawi,MWI,2003,-1.1314200988609844,-0.09262817618332268,-1.1643073261600176,-0.8173384679386714,-0.4066654740126467,-0.20670856646717203,-1.407164961899499,-0.4888793664563478,-1.212208893524284,-1.232987325051966,-0.1707698790161436,-0.24881985843749468,-0.7328187380833772,-1.1651609446187448,0.12933429191213489,ambos,16.31543512223099,3.7033626663555452,80,0,7
Malawi,MWI,2004,-1.126629364594346,-0.09262817618332268,-1.2514883480542625,-0.8173384679386714,-0.28063073158898433,-0.20480431307830865,-1.4086272927939298,-0.7181277773840502,-1.212208893524284,-1.232987325051966,0.3781308691252851,-0.24881985843749468,-0.18054338304909118,-1.1651609446187448,0.12933429191213489,ambos,16.34129824052974,3.7209556976007283,80,0,8
Malawi,MWI,2005,-1.1256557276455985,-0.09262817618332268,-1.2587750335586603,-0.8173384679386714,-0.19411058416337407,-0.20277995013736305,-1.4116182065191303,-0.7953267561056738,-1.212208893524284,-1.232987325051966,0.3781308691252851,-0.24881985843749468,-0.18054338304909118,-1.1651609446187448,0.12933429191213489,ambos,16.36807834843482,3.73285622585153,80,0,9
Malawi,MWI,2006,-1.1222926403489268,-0.09262817618332268,-1.1918325592464607,-0.8173384679386714,-0.5465892184655027,-0.20063998227459814,-1.4123064237447247,-0.6538889391116187,-0.5866753058539755,-1.232987325051966,0.9270316172667138,-0.03529680351067694,-0.042474544290519535,0.35583401681485183,0.12933429191213489,ambos,16.395629049388226,3.683461338933885,80,0,10
Malawi,MWI,2007,-1.1101936318362107,-0.09262817618332268,-1.2027391363551332,-0.8173384679386714,-0.3161595014389673,-0.19838681991468438,-1.4050818844700408,-0.47926415958655916,-0.5866753058539755,-1.232987325051966,0.9270316172667138,0.07146532181872128,0.23366313322662344,0.35583401681485183,0.05806079509462031,ambos,16.423839424408413,3.71602752865193,80,0,11
Malawi,MWI,2008,-1.1012233629651444,-0.09262817618332268,-1.1148964472195513,-0.8173384679386714,-0.2119522126877079,-0.1959998193215826,-1.4035584522302222,-0.6768043763886512,-0.5866753058539755,-1.232987325051966,0.10368049505457075,-0.03529680351067694,0.23366313322662344,0.3837420036183411,-0.0488494501316521,ambos,16.452882038763207,3.7304137394821275,80,0,12
Malawi,MWI,2009,-1.090581307236259,-0.09262817618332268,-1.091036973423767,-0.8173384679386714,-0.5581225131767332,-0.19349768515207977,-1.3992584639122065,-0.7495668494319713,-0.5866753058539755,-1.232987325051966,0.10368049505457075,-0.03529680351067694,0.23366313322662344,0.3837420036183411,0.27188128554716456,ambos,16.48244629122452,3.681803154928739,80,0,13
Malawi,MWI,2010,-1.0824241921593127,-0.09262817618332268,-1.0798102915262688,-0.8173384679386714,-0.485942077109278,-0.19092810682298542,-1.395542775991869,-0.7609780391324691,-0.5866753058539755,-1.232987325051966,0.9270316172667138,-0.03529680351067694,0.23366313322662344,0.5075846435002416,0.6757644341797486,ambos,16.51192425008032,3.692135842707443,80,0,14
Malawi,MWI,2011,-1.0781173822573156,-0.09262817618332268,-1.0409294504877287,-0.8173384679386714,0.5673508190552838,-0.18831148941443068,-1.3928900559054536,-0.7413626072049867,-0.5866753058539755,-1.232987325051966,0.3781308691252851,-0.03529680351067694,0.23366313322662344,0.5075846435002416,0.5569752728172239,ambos,16.541074690864686,3.8319007640129046,80,0,15
Malawi,MWI,2012,-1.0803684024858649,-0.09262817618332268,-1.0378970971181172,-0.8173384679386714,-0.671257148865043,-0.1856590974852717,-1.395318318351344,-0.7788145519004472,-0.5866753058539755,-1.232987325051966,0.3781308691252851,-0.03529680351067694,0.23366313322662344,0.5494468853444875,0.31939695009217406,ambos,16.5697811479996,3.665389917618538,80,0,16
Malawi,MWI,2013,-1.0747922145695357,-0.09262817618332268,-0.9284600250797652,-0.8173384679386714,0.3297935848605559,-0.18296085975619222,-1.3925371707291896,-0.8034583768314915,-1.212208893524284,-1.232987325051966,0.6525812431959995,0.1782268492821305,0.23366313322662344,0.5354926303037308,0.27188128554716456,ambos,16.598162042855343,3.8020408179213705,80,0,17
Malawi,MWI,2014,-1.0685143791107932,-0.09262817618332268,-0.8671191291444819,-0.8173384679386714,0.5354865631092717,-0.18021797547312976,-1.3892482029333537,-0.8167615677352827,-1.212208893524284,-1.232987325051966,0.6525812431959995,-0.03529680351067694,0.23366313322662344,0.47618796211705733,0.27188128554716456,ambos,16.626209942382506,3.827946961759794,80,0,18
Malawi,MWI,2015,-1.0684954808797897,-0.09262817618332268,-0.8604081357333321,-0.8173384679386714,-0.10742759059633164,-0.17744927458722295,-1.3885950779476004,-0.7923964719752256,-1.212208893524284,-1.232987325051966,0.10368049505457075,-0.03529680351067694,0.23366313322662344,0.45700092684577087,0.27188128554716456,ambos,16.653745859093828,3.7446388010441356,80,0,19
Malawi,MWI,2016,-1.0691068579404808,-0.09262817618332268,-0.9162707422033757,-0.8173384679386714,-0.39759501293364646,-0.1746322279807597,-1.3884017153386163,-0.7840582430342018,-1.212208893524284,-1.232987325051966,0.10368049505457075,-0.03529680351067694,0.23366313322662344,0.45700092684577087,0.27188128554716456,ambos,16.68100543629395,3.7046391886854457,80,0,20
Malawi,MWI,2017,-1.0662016150860492,-0.09262817618332268,-0.8645206440574822,-0.8173384679386714,-0.477064917198386,-0.17175656748329968,-1.3866756876389077,-0.7763516182658103,-1.212208893524284,-1.232987325051966,0.10368049505457075,-0.03529680351067694,0.23366313322662344,0.4465353663847095,0.27188128554716456,ambos,16.70808632968104,3.693399274165417,80,0,21
Malaysia,MYS,1996,1.3456940175803742,2.404368002748545,0.160376287257425,3.148661589577129,0.2275197465842885,-0.15498877044865964,2.128063751061443,1.380380061321963,0.6643918694866419,1.1822886939364206,0.6525812431959995,1.032321460453358,0.7859384882609096,-0.5110634158024079,3.265368151882787,ambos,16.85286872682368,3.7889056814364634,81,0,0
Malaysia,MYS,1997,1.4700009835669796,2.4793132914961094,0.16723919672400686,3.261949168853786,0.2451743224843803,-0.1518556300584915,2.313059554869366,1.4678303073310426,0.3516250756514875,1.1822886939364206,0.24090568208992794,0.9255596340569545,0.4407663913644806,-0.5110634158024079,3.265368151882787,ambos,16.877742818348647,3.791185433245291,81,0,1
Malaysia,MYS,1998,1.2032161247816648,0.5062046837211757,0.5629058609482754,3.954413106677282,-0.12900608235980135,-0.1486845195133658,2.0620751386912093,1.4094548717235422,0.038858281816333155,1.1822886939364206,-0.1707698790161436,0.8187978076605511,0.09559429446805148,-0.5110634158024079,3.0753054937027478,ambos,16.902303723144577,3.7417186500254975,81,0,2
Malaysia,MYS,1999,1.2944837967886214,-0.09153040509387177,0.5070289487328928,4.1891971072303695,0.20759435002725513,-0.1455293810148808,2.0502067560202564,1.625566370192688,0.038858281816333155,1.1822886939364206,0.10368049505457075,0.8187978076605511,0.23366313322662313,-0.8381121802105763,1.744866886442471,ambos,16.92615651005959,3.7863264379395845,81,0,3
Malaysia,MYS,2000,1.459312998213209,0.3204193468293901,0.4686865977697201,4.271613268326408,0.05308556842342575,-0.14235355701557276,2.114905589153562,1.7813007902198839,0.038858281816333155,1.1822886939364206,0.3781308691252851,0.8187978076605511,0.3717319719851945,-1.1651609446187448,1.5548042282624317,ambos,16.94960453314419,3.7660969868454064,81,0,4
Malaysia,MYS,2001,1.407597921627647,0.29999983580692885,0.4374391846896647,3.7763335031331016,-0.5490701588181967,-0.13901999936029147,2.070708600196917,1.6041228493687785,-0.27390851201882116,1.1822886939364206,0.6525812431959995,0.8187978076605511,0.7169040688816235,-0.8381121802105763,1.3647415700823915,ambos,16.973639661062144,3.6831048771000927,81,0,5
Malaysia,MYS,2002,1.4855773611490146,0.10144616074104044,0.4151062426759386,3.6598411176943895,-0.09954508682705508,-0.1355837182358234,1.919064839307882,1.5131599028217868,-0.5866753058539755,1.1822886939364206,0.9270316172667138,0.8187978076605511,1.0620761657780524,-0.5110634158024079,1.2697102409923724,ambos,16.99782521475187,3.7457033932215804,81,0,6
Malaysia,MYS,2003,1.5781410949520516,-0.02817514516031378,0.5990937411566939,3.5098489070469623,-0.14244562514187617,-0.13214036096368412,1.9244150940646687,1.6355756669756114,0.038858281816333155,1.1822886939364206,0.6525812431959995,1.2458451132461648,1.3382138432951955,0.7971316418302662,1.2697102409923724,ambos,17.02148767097257,3.7398955991555365,81,0,7
Malaysia,MYS,2004,1.7034477207422714,-0.20496189187459063,0.6164073098266839,3.980047661202524,-0.03974798784774733,-0.12869673520364835,1.6685069528006107,1.7988477929334352,0.038858281816333155,1.1822886939364206,0.6525812431959995,1.2458451132461648,1.3382138432951955,0.7971316418302662,1.6498355573524508,ambos,17.044604915340127,3.753742747224948,81,0,8
Malaysia,MYS,2005,1.7928683740042208,-0.04159098695788718,0.46040282463467774,3.790574153203203,-0.17508787274759363,-0.12524040698291106,1.6149944801130054,1.6179789628544399,0.038858281816333155,1.1822886939364206,0.6525812431959995,1.2458451132461648,1.3382138432951955,0.7971316418302662,1.7923825509874811,ambos,17.06728221293972,3.7354538458317648,81,0,9
Malaysia,MYS,2006,1.8939047856268834,-0.08380664425614248,0.44408855076219395,3.7534474598033527,0.1735965656214675,-0.12176893007841552,1.6864249393089132,1.630304738883487,0.038858281816333155,1.1822886939364206,0.6525812431959995,1.2458451132461648,1.3382138432951955,0.9680693037869429,1.7686247187149755,ambos,17.08955274719203,3.781910176165152,81,0,10
Malaysia,MYS,2007,2.022365729073919,-0.02939645233769029,0.3880127176332246,3.4595825395428714,0.1665417736508843,-0.11830555554199548,1.4440379104226109,1.4697091498269925,0.038858281816333155,1.1822886939364206,0.7898064302313567,1.2458451132461648,1.3382138432951955,0.9680693037869429,2.0299608737125303,ambos,17.111287792561058,3.780991320603405,81,0,11
Malaysia,MYS,2008,2.1108616925093533,-0.2515400669985835,0.4091319937678216,3.000484185416702,-0.07947640353480623,-0.11489474496930523,1.4726179426441448,1.5122970262973343,0.038858281816333155,1.1822886939364206,0.9270316172667138,1.032321460453358,1.4762826820537673,1.0343508378549835,1.8398982155324901,ambos,17.132240959276174,3.748408716840612,81,0,12
Malaysia,MYS,2009,1.9927404444220596,-0.08122104150177084,0.4159422071255329,2.5904375374067232,-0.6436151364857139,-0.11158507080401375,1.2485349760065463,1.1661824426835177,0.038858281816333155,1.1822886939364206,0.6525812431959995,1.032321460453358,1.4762826820537673,1.0343508378549835,1.8398982155324901,ambos,17.15216156068021,3.6694250777014226,81,0,13
Malaysia,MYS,2010,2.1720547807958512,-0.025615214414124794,0.4951284567959453,2.4563393015160555,0.09336775706052249,-0.10841692555854454,1.329523168769252,1.1269557794003375,0.038858281816333155,1.1822886939364206,0.9270316172667138,1.459368168172983,1.4762826820537673,1.0046987654006578,1.8398982155324901,ambos,17.170865621286968,3.7714105985818147,81,0,14
Malaysia,MYS,2011,2.2926369705525853,-0.05617262596331399,0.508816202100712,2.3689474081755817,0.2343642765409322,-0.10539635916016456,1.4418888326218984,1.0705145692298914,0.038858281816333155,1.1822886939364206,0.9270316172667138,1.459368168172983,1.4762826820537673,1.0046987654006578,1.8398982155324901,ambos,17.188378421505462,3.7897901389434265,81,0,15
Malaysia,MYS,2012,2.4255621089690482,0.3290721990047223,0.6406152400910644,2.1627251971980272,-0.15852306956412804,-0.10240843492359678,1.3244817671975813,1.0965099027360268,0.038858281816333155,1.1822886939364206,0.9270316172667138,1.459368168172983,1.4762826820537673,1.0430723126652084,1.8398982155324901,ambos,17.205405372246748,3.737710346403191,81,0,16
Malaysia,MYS,2013,2.5345234719794822,0.4639683844156996,0.6298086752308968,2.013905359138116,-0.04212078720305761,-0.09935701628271432,1.3740285411019661,1.0756265033677639,0.6643918694866419,1.1822886939364206,0.9270316172667138,1.8864154737585968,1.200145004536624,1.0570265677059647,1.8398982155324901,ambos,17.222499999879854,3.753424967267418,81,0,17
Malaysia,MYS,2014,2.6960383029561212,0.4030911547862259,0.7146187860698252,1.8857777825396178,-0.103901052710095,-0.09624332038264782,1.3475917631846204,1.0788934292897185,0.6643918694866419,1.1822886939364206,0.9270316172667138,1.8864154737585968,1.200145004536624,1.0570265677059647,1.8398982155324901,ambos,17.239647406598586,3.7451152269545847,81,0,18
Malaysia,MYS,2015,2.827568649422505,0.38990529824692394,0.6505375587264867,1.6840244740064187,-0.08120435354430533,-0.09304138742700815,1.3168644928321602,0.95552234840597,0.6643918694866419,1.1822886939364206,0.9270316172667138,1.8864154737585968,1.200145004536624,1.0465610072449034,1.8398982155324901,ambos,17.25697935060338,3.7481760713092593,81,0,19
Malaysia,MYS,2016,2.9358955082366296,0.34776800925890944,0.5896696904407329,1.554086270245556,0.1288285227736971,-0.08971877811150487,1.3125421127022132,0.8914026751417117,0.6643918694866419,1.1822886939364206,0.9270316172667138,1.8864154737585968,1.200145004536624,1.0657475192381676,1.8398982155324901,ambos,17.274652455518293,3.7760649639023924,81,0,20
Malaysia,MYS,2017,3.1039922327260894,0.2926733600177973,0.5556040011716912,1.7359031520879376,-0.1398423105185349,-0.08634204163607463,1.343654972927459,0.9274926408347576,0.6643918694866419,1.1822886939364206,0.9270316172667138,2.099939126551404,1.3382138432951955,1.0657475192381676,1.8398982155324901,ambos,17.292299061369842,3.740248993944037,81,0,21
Namibia,NAM,1996,-0.18168673764047905,-0.22488583880779953,-0.18586680681691298,0.6719142036165153,-0.08905307521731017,-0.26956737640135026,-0.3677377173264715,-0.4877323791019125,1.2899254571569505,1.1822886939364206,1.2014819913374282,0.6052741548677444,0.3717319719851945,0.7971316418302662,4.548291094598054,ambos,14.313921841698251,3.7471186633330644,82,0,0
Namibia,NAM,1997,-0.16416313796694423,-0.6448661006131781,-0.12986601736131073,0.5642935793423131,-0.27043125813282154,-0.269309860710256,-0.3506259906209648,-0.4374737303519283,0.9771586633217961,1.1822886939364206,0.5153560561606423,0.6052741548677444,0.16462871384733763,0.7971316418302662,3.4910675584715847,ambos,14.339804081055329,3.722365983601326,82,0,1
Namibia,NAM,1998,-0.15616785542315872,-0.27750095912711853,-0.14121195862377328,0.5436423990932315,-0.21878920661886836,-0.2690504357718979,-0.44813257233212417,-0.3639335017225688,0.6643918694866419,1.1822886939364206,-0.1707698790161436,0.6052741548677444,-0.042474544290519535,0.7971316418302662,2.410086190072609,ambos,14.36521799130837,3.7294761841477766,82,0,2
Namibia,NAM,1999,-0.14660701169854717,-0.2828611019802725,-0.08011261371319388,0.5136998997877036,-0.4223968695052481,-0.2687901636050666,-0.5402453383814775,-0.4747927646955901,0.6643918694866419,1.1822886939364206,-0.9941210012282867,0.6052741548677444,0.09559429446805211,0.7971316418302662,2.410086190072609,ambos,14.39008195122327,3.7011448528313546,82,0,3
Namibia,NAM,2000,-0.1340025592126868,-0.7415284961762268,0.007130622697019347,0.3402587709378016,0.2224025400011838,-0.26853791027674295,-0.6288929347499642,-0.29747452785826206,0.6643918694866419,1.1822886939364206,-1.8174721234404299,0.6052741548677444,0.23366313322662344,0.7971316418302662,2.410086190072609,ambos,14.413603925855032,3.78824391908288,82,0,4
Namibia,NAM,2001,-0.14472656830655253,-0.21538867995678548,0.1432423267909605,0.44057679979203196,1.21229792090659,-0.2683087946386967,-0.562327860402579,-0.04637385260674463,0.3516250756514875,0.5784696891893238,-0.9941210012282867,0.6052741548677444,0.16462871384733763,0.47008287742209764,2.2200235318925694,ambos,14.434499226631848,3.908740286405246,82,0,5
Namibia,NAM,2002,-0.11028558107279329,-0.3188025849926724,0.09362521569667477,0.6100410847741877,0.11725128443568611,-0.2681123688936443,-0.47447885427947445,0.005585457359547442,0.038858281816333155,-0.025349315557772752,-0.1707698790161436,0.6052741548677444,0.09559429446805148,0.14303411301392915,1.6023198928074407,ambos,14.452072043002762,3.7745477861989962,82,0,6
Namibia,NAM,2003,-0.07743499777060778,-0.4287896322491408,0.06282337442721825,0.6547167520280466,-0.42227817661373496,-0.26794832875530306,-0.3861813325986565,-0.24946148059840217,0.038858281816333155,-0.025349315557772752,-0.1707698790161436,0.6052741548677444,0.09559429446805148,0.14303411301392915,1.5548042282624317,ambos,14.466514559123455,3.701161604594791,82,0,7
Namibia,NAM,2004,0.05592566041319394,-0.4956412463864464,0.036559468229374836,0.24522636726441535,-0.06167192735911718,-0.26780144797674466,-0.2800769618930236,-0.16291483448112676,0.038858281816333155,-0.025349315557772752,0.10368049505457075,0.39175050207493695,0.23366313322662344,0.14303411301392915,1.3172259055373814,ambos,14.479271666363976,3.7508027065133986,82,0,8
Namibia,NAM,2005,0.07298827609057808,-0.4910631838265346,-0.013094612909877358,0.2108785124306066,0.2875559807358414,-0.2676552712331147,-0.3406953550199157,-0.18777091269500404,0.038858281816333155,-0.025349315557772752,0.3781308691252851,0.6052741548677444,0.3717319719851945,0.7971316418302662,0.984616253722313,ambos,14.491808076930004,3.7966370952936828,82,0,9
Namibia,NAM,2006,0.15182350908349568,-0.12911906792269065,-0.05060596554889638,0.38971437524588715,0.6807784523319573,-0.26750428557293926,-0.3798272953793255,0.25890315710180645,1.2899254571569505,1.1822886939364206,1.4759323654081427,1.032321460453358,1.0620761657780524,1.0657475192381676,0.984616253722313,ambos,14.504593992682537,3.8458496420658568,82,0,10
Namibia,NAM,2007,0.20987828067166728,-0.110342117317819,-0.027643705083178507,0.9170548463917034,0.6710784398996343,-0.2673449111575988,-0.42186118639891074,0.4002861374582453,1.2899254571569505,1.1822886939364206,1.4759323654081427,1.032321460453358,1.0620761657780524,1.0657475192381676,0.984616253722313,ambos,14.51791525517962,3.8446643520791564,82,0,11
Namibia,NAM,2008,0.22842759372668234,0.28401364655136485,-0.027643705083178507,1.343255342534382,0.8719512244117497,-0.2671751313446709,-0.46532141371039026,0.5992082337152592,1.2899254571569505,1.1822886939364206,1.4759323654081427,1.032321460453358,1.0620761657780524,1.0552819587771063,1.5548042282624317,ambos,14.531913709883492,3.8689277405406615,82,0,12
Namibia,NAM,2009,0.2104827787665691,0.5996943261467506,-0.027643705083178507,1.4629428900449668,0.9693037004100638,-0.2669941227712732,-0.5259122110909658,0.14422282733034483,1.2899254571569505,1.1822886939364206,0.9270316172667138,1.032321460453358,1.0620761657780524,1.0552819587771063,1.5548042282624317,ambos,14.54662526291823,3.8804784499832956,82,0,13
Namibia,NAM,2010,0.2774020766150662,0.27571554101503776,0.16553919604073522,1.0069487820405276,-0.2134306603009616,-0.26680071005705885,-0.5672729495336587,0.03355321888688013,1.2899254571569505,1.1822886939364206,0.9270316172667138,1.032321460453358,1.0620761657780524,1.0116756312820243,1.7686247187149755,ambos,14.562109401956585,3.7302110747910984,82,0,14
Namibia,NAM,2011,0.32974171321761453,-0.033228214520088305,0.32299954650376234,0.8359672154323968,0.4692412600414637,-0.266582853011471,-0.54496402466613,0.192489155993637,1.2899254571569505,1.1822886939364206,0.9270316172667138,1.032321460453358,1.0620761657780524,1.0134197169328607,1.8398982155324912,ambos,14.579268101166765,3.819676691098997,82,0,15
Namibia,NAM,2012,0.3747201491049885,0.37554231437670116,0.38781815022629484,0.7785482062462687,0.743831120633396,-0.26629450297706736,-0.5222740581916449,0.24702294568343927,1.2899254571569505,1.1822886939364206,0.9270316172667138,1.032321460453358,1.0620761657780524,1.0134197169328607,1.8398982155324912,ambos,14.601535416739429,3.8535202840674563,82,0,16
Namibia,NAM,2013,0.42352427427366535,1.024175324996079,0.4563789218636644,0.7062271827077259,0.475455366059817,-0.26594932300457896,-0.4469057768005528,-0.04012672788070694,1.2899254571569505,1.1822886939364206,1.2014819913374282,1.032321460453358,1.0620761657780524,1.0134197169328607,1.8398982155324912,ambos,14.627555264017136,3.8204553930992096,82,0,17
Namibia,NAM,2014,0.4816058011927652,1.513159037145419,0.4786940740294949,0.8618611825739683,-0.026573437384927193,-0.26559354074337915,-0.3944558475335279,-0.03328686980892211,1.2899254571569505,1.1822886939364206,1.2014819913374282,1.032321460453358,1.0620761657780524,1.0134197169328607,1.8398982155324912,ambos,14.653684060574326,3.7555053298832997,82,0,18
Namibia,NAM,2015,0.5090507865714924,1.0103665857910047,0.5329821240504377,0.6921067373682185,0.6413925562798488,-0.26522266349600043,-0.10157656357321938,0.044812387883117734,1.2899254571569505,1.1822886939364206,1.2014819913374282,1.032321460453358,1.200145004536624,1.0256298863227806,1.8398982155324912,ambos,14.680213636342014,3.841028141157574,82,0,19
Namibia,NAM,2016,0.46131966716754225,-0.09946934599453323,0.5691374206136564,0.5969912126477654,-0.06812323008552347,-0.2648353667221536,0.21276150365110125,0.040608529332746744,1.2899254571569505,1.1822886939364206,1.2014819913374282,1.032321460453358,1.200145004536624,1.0256298863227806,1.8398982155324912,ambos,14.707186414226461,3.7499359263692553,82,0,20
Namibia,NAM,2017,0.39593292231097993,-0.5712567918823935,0.5790043160399326,0.22655125920099353,-0.2729561413036439,-0.26443179958178104,-0.017418339680900376,-0.07955700944860374,1.2899254571569505,1.1822886939364206,1.2014819913374282,1.032321460453358,1.0620761657780524,1.0256298863227806,1.8398982155324912,ambos,14.734539138508017,3.7220170520076388,82,0,21
Niger,NER,1996,-1.1219638464911672,-1.4144695372412008,-2.0731410104036816,-1.0719311414516248,-0.5907614885187215,-0.21945709969175944,-1.3667340827000634,-0.48896325110957906,0.4558805067875822,-0.025349315557772752,0.9020816631003937,-1.2970266094812797,-0.2725894596465904,-1.3831936286501982,-0.9635259926230926,ambos,16.12257092197775,3.6770955738878044,83,0,0
Niger,NER,1997,-1.1252721365306466,-1.4791596099648643,-2.068247186918801,-1.1697438685443813,-0.5086904738748651,-0.2174337928032066,-1.3725280402919136,-0.5213675285969377,-0.37816419336835094,-0.025349315557772752,0.9020816631003937,0.06175956535859596,-0.2725894596465904,-1.1651609446187448,-2.4365115935183987,ambos,16.155773828861744,3.6888908983287156,83,0,1
Niger,NER,1998,-1.1138013363623458,-1.497401065174978,-2.072121247582214,-1.116114399219432,-0.6652150446987567,-0.2153011397440209,-1.3791014528931018,-0.7049422111433463,-1.212208893524284,-0.025349315557772752,0.9020816631003937,1.4205457401984716,-0.2725894596465904,-0.9471282605872915,-2.4365115935183987,ambos,16.189617295734603,3.6662733310407876,83,0,2
Niger,NER,1999,-1.120744291595981,-1.610796005691797,-2.065511869165598,-1.2220296401277435,-0.6424669086450174,-0.21305778614192458,-1.3864961482679874,-0.7916518214205623,-0.7951864183396,-0.025349315557772752,0.9686150205841125,1.4205457401984716,-0.2725894596465904,0.5790992194378245,-2.4365115935183987,ambos,16.224023085887044,3.6695923434172295,83,0,3
Niger,NER,2000,-1.129264304479036,-1.1808303205189947,-2.069257552037607,-1.1250337968548738,-0.5304680325948221,-0.21071765160274988,-1.391835327584853,-0.7470363555662639,-0.3781639431549159,-0.025349315557772752,1.0351483780678319,1.4205457401984716,-0.2725894596465904,2.1053266994629403,-1.8663236189782797,ambos,16.2586947211051,3.6857745427184043,83,0,4
Niger,NER,2001,-1.122920852310023,-1.1784031239435584,-2.071762151879597,-1.1744135082206115,-0.49213506950450847,-0.208265360719626,-1.3972172717052085,-0.8214342824336137,-0.3781639431549159,-0.025349315557772752,1.0351483780678319,1.3065048953899687,0.056146094270985415,1.8872942770704981,-1.8663236189782797,ambos,16.293782580540004,3.6912534860712274,83,0,5
Niger,NER,2002,-1.1205687566756213,-1.1549412347269976,-2.0699598277005355,-1.2377478738652823,-0.6043074825504999,-0.20570877720472044,-1.402734938623787,-0.8774637779993575,-0.3781639431549159,-0.025349315557772752,1.0351483780678319,1.192464050581466,0.38488164818856124,1.6692618546780562,-1.8663236189782797,ambos,16.32909738787247,3.6751352835006514,83,0,6
Niger,NER,2003,-1.123187589996473,-1.1715985194506973,-2.048783958428079,-1.1636859512444535,-0.5580121839500429,-0.20303678565911965,-1.407803321381762,-0.8130951926390666,-0.3781639431549159,-0.025349315557772752,1.0351483780678319,1.192464050581466,0.38488164818856124,1.4512291706466032,-1.8663236189782797,ambos,16.364720154269325,3.681819030398262,83,0,7
Niger,NER,2004,-1.129038080054972,-1.0169006165830838,-1.995118868818923,-1.0596057317362393,-0.539948684959856,-0.20023942816506368,-1.412829129400435,-0.7758910948135306,-0.3781639431549159,-0.025349315557772752,1.0351483780678319,1.192464050581466,0.38488164818856124,1.4512291706466032,-1.8663236189782797,ambos,16.40070264194255,3.6844148269086285,83,0,8
Niger,NER,2005,-1.122799890368282,-0.5361132522766531,-1.9621230002260754,-1.0193944046690593,-0.4549274076182587,-0.19731376925488453,-1.4174552348481246,-0.8951861013547635,-0.3781639431549159,-0.025349315557772752,0.9020816631003937,1.192464050581466,0.38488164818856124,1.4512291706466032,-1.8663236189782797,ambos,16.43699968067722,3.69654303316635,83,0,9
Niger,NER,2006,-1.118882478620685,-0.4388953911049182,-1.9109368004136467,-1.0721817858484608,-0.5052447102381743,-0.19425665270419937,-1.4220148473667642,-0.8701655179540447,0.3275830675295313,0.8179322300919271,0.7690149481329562,1.192464050581466,2.2019250028882857,0.03314572817278444,-1.8663236189782797,ambos,16.473570615209326,3.6893830963728584,83,0,10
Niger,NER,2007,-1.1199828774893401,-0.46536838570261657,-1.9245808162249314,-1.1020741401724057,-0.351076980622398,-0.19106445690960477,-1.426444309057571,-0.6151400773158602,0.529276614549855,0.7008435131330009,0.43634772159376345,1.192464050581466,2.18733720166041,0.03314572817278444,-1.7000187930707449,ambos,16.510381695460968,3.7111603718372397,83,0,11
Niger,NER,2008,-1.112847203809357,0.34827097918471767,-1.911638369093437,-0.979768245119283,0.025195189912623796,-0.18773338724216404,-1.4288399629587343,-0.48299544299450775,0.5893278389662047,0.014905123740299033,0.3698143641100447,1.192464050581466,2.063075246777696,-0.034880414824114955,-1.2248621476206463,ambos,16.547402017487798,3.762401362994339,83,0,12
Niger,NER,2009,-1.1162596453738263,0.7005287192559592,-1.8920876298852725,-0.6949308040016489,0.8548977035214482,-0.18426237571668905,-1.4317281433238027,-0.39220994584264623,0.038858281816333155,-0.025349315557772752,-0.9941210012282867,0.8187978076605511,0.09559429446805148,-0.7884007680205353,-1.1535886508031319,ambos,16.584572819544356,3.8668905641872993,83,0,13
Niger,NER,2010,-1.1074722406233048,1.1172963359244945,-1.833997341052633,-0.6242016521946353,1.1218730567467026,-0.18065175048505325,-1.432588464583054,-0.3369465596451819,0.038858281816333155,-0.025349315557772752,-0.445220253086858,0.8187978076605511,0.3717319719851945,0.07849666459672497,-1.1535886508031319,ambos,16.621826324987627,3.8983163600745714,83,0,14
Niger,NER,2011,-1.1102280600386425,1.0800231091556372,-1.8029701139132919,-0.67359524143433,1.4749386234888666,-0.1769081461814981,-1.433590281372644,-0.35542087708073933,0.038858281816333155,-0.025349315557772752,0.3781308691252851,0.8187978076605511,0.647869649502338,0.6506137953754065,-1.1535886508031319,ambos,16.65904015310364,3.9384148442360845,83,0,15
Niger,NER,2012,-1.0975274749028932,0.7459794310627471,-1.7617645153380819,-0.823567894636179,0.9078778527164935,-0.1729674240307575,-1.4281229373154343,-0.04105565021317749,0.038858281816333155,-0.025349315557772752,-0.7196706271575724,-0.24881985843749468,-0.45668106056623414,0.2145489505905229,-1.1535886508031319,ambos,16.69677261491226,3.8732059240624803,83,0,16
Niger,NER,2013,-1.094531462702353,0.8416439886874753,-1.7199658935515438,-0.7884265188057717,0.5774369128580954,-0.1688916047369143,-1.4132830989322525,-0.08210993771165205,0.038858281816333155,-0.025349315557772752,-0.7196706271575724,-0.24881985843749468,-0.45668106056623414,0.20059469554976686,-1.1535886508031319,ambos,16.73435633360372,3.8331490233030574,83,0,17
Niger,NER,2014,-1.0886266707804448,0.9857188546808617,-1.6517531119498008,-0.8045137631119779,0.6720534863864981,-0.1647389263079103,-1.3989171644895066,-0.28628150115799267,0.038858281816333155,-0.025349315557772752,-0.7196706271575724,-0.4623435112303015,-0.45668106056623414,0.19012913508870546,-1.1535886508031319,ambos,16.771249139693932,3.8447835611130063,83,0,18
Niger,NER,2015,-1.0873071638000407,1.2065171371280967,-1.5849885843446874,-0.833987627758962,0.3031566225425251,-0.1604217065631583,-1.3828464857958942,-0.37559773886972103,0.038858281816333155,-0.025349315557772752,-0.7196706271575724,-0.4623435112303015,-0.042474544290519535,0.16047653935635703,-1.1535886508031319,ambos,16.80821319680619,3.7986363860488046,83,0,19
Niger,NER,2016,-1.0830759589621373,0.5286329146471498,-1.477303336371377,-1.0734391248614967,-0.14650455368604376,-0.15596925244815668,-1.3679775758796702,-0.4837790948230254,0.038858281816333155,-0.025349315557772752,-0.7196706271575724,-0.4623435112303015,-0.042474544290519535,0.17966357462764407,-1.1535886508031319,ambos,16.844955808748235,3.7393443583934296,83,0,20
Niger,NER,2017,-1.0800917429533547,0.3813519316153051,-1.4378463362919476,-0.9983717973934391,-0.12367297777376401,-0.1514962858578653,-1.3514287459333179,-0.49825544197681976,0.038858281816333155,-0.025349315557772752,-0.9941210012282867,-0.4623435112303015,-0.042474544290519535,0.14477819866476493,-1.1535886508031319,ambos,16.880556511540654,3.742441156400974,83,0,21
Nigeria,NGA,1996,-0.5800862354807171,-0.09262817618332268,-1.471431629352937,-0.16115048806531496,-0.6064985897540863,0.39931757014317226,-1.1077106372490488,0.8715090483365525,-1.212208893524284,-1.232987325051966,-2.091922497511144,-0.6758671640231085,-1.561231770634807,-1.1651609446187448,0.12933429191213489,ambos,18.549555636890457,3.674817838984873,84,0,0
Nigeria,NGA,1998,-0.5784355555918319,-0.09262817618332268,-1.471431629352937,-0.16115048806531496,-0.6295364179987145,0.43566173256778506,-1.1204414003384255,0.1400812942626694,-1.212208893524284,-0.025349315557772752,-0.9941210012282867,-0.6758671640231085,-1.561231770634807,-1.1651609446187448,-1.8663236189782797,ambos,18.601720270963884,3.6714740368778616,84,0,1
Nigeria,NGA,2000,-0.5772230518498386,-0.09262817618332268,-1.4306066984859347,-0.16115048806531496,-0.3651213505859109,0.47465953986507375,-1.1211330704837705,0.5684589222251654,-1.212208893524284,-0.025349315557772752,-1.5430217493697154,-0.8893908168159154,-1.4231629318762347,-1.1651609446187448,-1.2961356444381615,ambos,18.654823541162504,3.7091960234312915,84,0,2
Nigeria,NGA,2002,-0.46290312274342704,-0.09262817618332268,-1.2529612180919456,-0.16115048806531496,-0.3085586744036527,0.5169582865214223,-1.0684202618870862,-0.3335587333513594,-1.212208893524284,-1.232987325051966,-1.268571375299001,-0.8893908168159154,-1.561231770634807,-1.1651609446187448,-2.151417606248339,ambos,18.709402201056726,3.7170838776906114,84,0,3
Nigeria,NGA,2003,-0.4255249119889294,-0.09262817618332268,-1.2529612180919456,-0.16115048806531496,-0.3185258226681675,0.5392168579298569,-1.04513300246805,-0.08579818481489224,-1.212208893524284,-1.232987325051966,-0.9941210012282867,-1.1029144696087223,-1.6993006093933776,-1.8192584734350818,-2.151417606248339,ambos,18.73696955149589,3.715698433749605,84,0,4
Nigeria,NGA,2004,-0.3702998197140248,-0.09262817618332268,-1.0694628829673372,-0.16115048806531496,-0.4120051543547187,0.5622137471879741,-1.0069967826191388,0.1139464703869464,-1.212208893524284,-1.232987325051966,-0.9941210012282867,-1.1029144696087223,-1.6993006093933776,-1.8192584734350818,-2.151417606248339,ambos,18.764674948081673,3.702610429045954,84,0,5
Nigeria,NGA,2005,-0.33721807133726,-0.09262817618332268,-1.0757985554493712,-0.16115048806531496,-0.1572568394342726,0.5858419230874486,-0.9868539248622932,0.09818051073538271,-1.212208893524284,-1.232987325051966,-0.9941210012282867,-1.3164381224015291,-1.6993006093933776,-1.8192584734350818,-1.8663236189782797,ambos,18.79236328640918,3.737882626259019,84,0,6
Nigeria,NGA,2006,-0.30646786003671395,-0.09262817618332268,-1.0991823847860471,-0.16115048806531496,-0.2973308425853658,0.6100659810243333,-0.968963915616349,-0.10677795460133178,-1.212208893524284,-1.232987325051966,-0.9941210012282867,-1.3164381224015291,-1.6993006093933776,-1.2052791008121546,-1.5812296317082215,ambos,18.819975756107524,3.7186422624215476,84,0,7
Nigeria,NGA,2007,-0.2696772386795544,-0.09262817618332268,-1.196931804441078,-0.16115048806531496,-0.2739818275789815,0.6350647518368657,-0.9460585149491635,-0.22447829841836286,-0.8994420996891298,-1.232987325051966,-0.7196706271575724,-1.3164381224015291,-1.561231770634807,-0.7692137327492478,-1.5812296317082215,ambos,18.847693765915224,3.7218752703304285,84,0,8
Nigeria,NGA,2008,-0.22992198008337789,-0.09262817618332268,-1.0816438230438974,-0.16115048806531496,-0.23119299538933163,0.6608858473786853,-0.9149444824440328,-0.19356395916062236,-0.5866753058539755,-1.232987325051966,-0.9941210012282867,-1.3164381224015291,-1.4231629318762347,-0.33140480231352826,-1.5812296317082215,ambos,18.875539104177133,3.7277730083878904,84,0,9
Nigeria,NGA,2009,-0.17534586398237595,-0.09262817618332268,-0.9541046171003409,-0.16115048806531496,-0.14606642756083152,0.6874628676097979,-0.8727482665270234,-0.4844846346964251,-0.5866753058539755,-1.232987325051966,-1.268571375299001,-1.3164381224015291,-1.4231629318762347,-0.33140480231352826,-1.5812296317082215,ambos,18.90341218609621,3.7394038746834495,84,0,10
Nigeria,NGA,2010,-0.11844159790942634,-0.09262817618332268,-0.7861073528069014,-0.16115048806531496,-0.36621446585808765,0.7148690500619609,-0.8177463463433723,-0.14310099494758105,-0.5866753058539755,-1.232987325051966,-1.8174721234404299,-1.3164381224015291,-1.4231629318762347,-0.34187036277458965,-1.5812296317082215,ambos,18.931363679538883,3.709042970350217,84,0,11
Nigeria,NGA,2011,-0.0899483744870843,-0.09262817618332268,-0.7412592395652633,-0.16115048806531496,-0.2802944849049819,0.7431301576404395,-0.773766462124364,0.10455664826942207,-1.212208893524284,-1.232987325051966,-1.8174721234404299,-1.3164381224015291,-1.4231629318762347,-0.27907700000822183,-1.5812296317082215,ambos,18.95939153137289,3.72100222230549,84,0,12
Nigeria,NGA,2012,-0.07317508866187661,-0.09262817618332268,-0.6894821397990611,-0.16115048806531496,-0.38691238843920595,0.7718943220409245,-0.6629710127118384,0.0037666056167771924,-1.212208893524284,-1.232987325051966,-1.8174721234404299,-1.3164381224015291,-1.4231629318762347,-0.28954256046928323,-1.5812296317082215,ambos,18.987133824240974,3.706140510525241,84,0,13
Nigeria,NGA,2013,-0.026111989468930896,-0.09262817618332268,-0.38785526849775226,-0.16115048806531496,-0.46639314126169773,0.8008242985998671,-0.5280585089285054,-0.10755717802423811,-1.212208893524284,-1.232987325051966,-1.5430217493697154,-1.3164381224015291,-1.561231770634807,-0.7256074052541664,-1.5812296317082215,ambos,19.01428072319634,3.694916012356266,84,0,14
Nigeria,NGA,2014,0.019199377114005763,-0.09262817618332268,-0.7500047244185886,-0.16115048806531496,-0.510497268485829,0.829746244387507,-0.5016721073561211,-0.19947360699761912,-1.212208893524284,-1.232987325051966,-1.5430217493697154,-1.3164381224015291,-1.561231770634807,-0.7273514909050027,-1.5812296317082215,ambos,19.040702862989782,3.6886327162264547,84,0,15
Nigeria,NGA,2015,0.02028656710604808,-0.09262817618332268,-0.712304107221015,-0.16115048806531496,-0.5447881370055365,0.8582355726443769,-0.5150063330435106,-0.5744991707672608,-0.5866753058539755,-1.232987325051966,-0.9941210012282867,-1.529961775194336,-1.1470252543590918,-0.5773454731484711,-1.5812296317082215,ambos,19.066064597714888,3.6837200389704168,84,0,16
Nigeria,NGA,2016,-0.033054978313580646,-0.09262817618332268,-0.8756808056333852,-0.16115048806531496,-0.5042126758373655,0.8867061604460736,-0.5649271336015731,-0.7407826829674522,-0.5866753058539755,-1.232987325051966,-0.9941210012282867,-1.529961775194336,-1.0089564156005206,-0.5982765940705939,-1.5812296317082215,ambos,19.090782921492547,3.689530466581178,84,0,17
Nigeria,NGA,2017,-0.05363964078326001,-0.09262817618332268,-0.8756808056333852,-0.16115048806531496,-0.5411694478312534,0.9154097778427073,-0.581696663257853,-0.3942712320378328,-1.212208893524284,-1.232987325051966,-0.9941210012282867,-1.1029144696087223,-0.45668106056623414,-0.6087421545316553,-1.5812296317082215,ambos,19.115100015061934,3.6842396105799655,84,0,18
Nigeria,NGA,2018,-0.05873866016801119,-0.09262817618332268,-0.8329471582470996,-0.16115048806531496,-0.6213708234026307,0.9433574347516618,-0.5873399663677678,-0.10831132855494487,-1.212208893524284,-1.232987325051966,-0.9941210012282867,-1.1029144696087223,-0.45668106056623414,-0.6087421545316553,-1.509956134890707,ambos,19.138221741248135,3.672660503381331,84,0,19
Nicaragua,NIC,1996,-0.6634241733580486,0.20664094821702744,-0.6072640705456063,-0.7248478049339028,-0.16618161220872896,-0.2511677755623822,-0.07506718101004896,-0.5871453070748385,0.038858281816333155,-1.232987325051966,-0.9941210012282867,0.1782268492821305,-0.042474544290519535,0.14303411301392915,1.5072885637174218,ambos,15.369430475041886,3.736667712633042,85,0,0
Nicaragua,NIC,1997,-0.6489701415510789,0.20664094821702744,-0.6072640705456063,-0.4480989199930733,0.15717009109034946,-0.2506928562719251,-0.10763549655854796,-0.63509237664928,-0.27390851201882116,-1.232987325051966,-0.8568958141929295,0.28498867567853353,-0.11150896366980535,-0.18401465139423934,0.984616253722313,ambos,15.386119072671224,3.7797693930453025,85,0,1
Nicaragua,NIC,1998,-0.6348991592216301,0.20664094821702744,-0.6072640705456063,-0.4769231060427825,0.17012183596982286,-0.2502508535975745,-0.08126105912073549,-0.6521456448434045,-0.5866753058539755,-1.232987325051966,-0.7196706271575724,0.39175050207493695,-0.18054338304909118,-0.5110634158024079,0.984616253722313,ambos,15.401404677661702,3.7814577134550507,85,0,2
Nicaragua,NIC,1999,-0.5978295155504559,0.20664094821702744,-0.4204102899965743,-0.31638643635571184,0.5618367361801353,-0.24983103995626707,-0.0009199344272055331,-0.566144684020676,-0.8994420996891298,-1.232987325051966,-0.1707698790161436,0.49851232847134064,-0.38764664118694864,-0.5110634158024079,0.984616253722313,ambos,15.415709724308705,3.831217679405627,85,0,3
Nicaragua,NIC,2000,-0.5788284469672629,0.20664094821702744,-0.3658578158472933,-0.3523985802650966,0.2590750555242667,-0.24942165557813784,-0.08427304538861959,-0.5749555067507867,-1.212208893524284,-1.232987325051966,0.3781308691252851,0.6052741548677444,-0.594749899324806,-0.5110634158024079,0.984616253722313,ambos,15.429465055255593,3.7929767978416686,85,0,4
Nicaragua,NIC,2001,-0.5668754415551919,0.20664094821702744,-0.2588100850135598,-0.4488370697482613,-0.1624599597793352,-0.24903269417933288,-0.08280805275577624,-0.4625177289679613,-0.8994420996891298,-1.232987325051966,0.5153560561606423,0.49851232847134064,-0.38764664118694864,-0.18401465139423934,0.7945535955422727,ambos,15.442361185304119,3.7371745140648427,85,0,5
Nicaragua,NIC,2002,-0.5702849643917791,0.20664094821702744,-0.10290671565349294,-0.4456067406392858,0.029449103785359143,-0.248662276344577,-0.12080100855930895,-0.46561815801976986,-0.5866753058539755,-1.232987325051966,0.6525812431959995,0.39175050207493695,-0.18054338304909118,0.14303411301392915,0.20060778872964888,ambos,15.454489796759061,3.7629659127076596,85,0,6
Nicaragua,NIC,2003,-0.5605639792754942,0.20664094821702744,-0.10290671565349294,-0.32692371181393703,0.00826100554381482,-0.24829800389945125,-0.13494496304723808,-0.5381933063324376,-0.5866753058539755,-1.232987325051966,0.6525812431959995,0.39175050207493695,-0.042474544290519535,0.7971316418302662,0.12933429191213489,ambos,15.466275425404621,3.760150811326124,85,0,7
Nicaragua,NIC,2004,-0.5301485343366027,0.20664094821702744,0.06916290945126614,-0.1810249696012607,0.10158395414147722,-0.24792839152838475,-0.11156854561584696,-0.4710800887956535,-0.5866753058539755,-1.232987325051966,0.6525812431959995,0.39175050207493695,-0.042474544290519535,0.7971316418302662,0.12933429191213489,ambos,15.4780935192299,3.77249093662072,85,0,8
Nicaragua,NIC,2005,-0.5073744478636606,0.20664094821702744,0.18271198822973422,-0.051687056623850015,0.013829360600933295,-0.24751555857238539,0.06698604158445529,-0.5070889638508832,-1.212208893524284,-1.232987325051966,0.10368049505457075,0.1782268492821305,-0.042474544290519535,-0.5110634158024079,0.12933429191213489,ambos,15.4911305152107,3.7608914043022033,85,0,9
Nicaragua,NIC,2006,-0.4859630192773008,0.20664094821702744,0.20143014271256032,0.4035392323885324,0.08840782976673188,-0.2470576375489733,0.008847603324966086,-0.5146566023877032,-1.212208893524284,-1.232987325051966,0.10368049505457075,0.1782268492821305,-0.042474544290519535,0.04361128863384584,0.12933429191213489,ambos,15.505395281026697,3.770757858206569,85,0,10
Nicaragua,NIC,2007,-0.456587185464394,0.3581318566367356,0.3129240732451347,0.569659590588022,0.2461585336889997,-0.24658994356612998,0.14967091244103925,-0.5271255189887989,-1.212208893524284,-1.232987325051966,0.24090568208992794,-0.24881985843749468,-0.3186122218076625,0.04361128863384584,0.12933429191213489,ambos,15.519757433705603,3.7913123725373485,85,0,11
Nicaragua,NIC,2008,-0.439886318689304,0.520999318686725,0.2622461425770214,0.6791727611076456,0.6382348371923598,-0.24611650990870004,0.054986276478524596,-0.4236255880253547,-1.212208893524284,-1.232987325051966,0.3781308691252851,-0.24881985843749468,-0.3186122218076625,0.11163743163074495,0.12933429191213489,ambos,15.53408875372584,3.840640574357291,85,0,12
Nicaragua,NIC,2009,-0.48029696257780446,-0.282447660320168,0.2622461425770214,0.3943538721590284,0.26132216434302424,-0.24563915036158404,-0.0630428454998744,-0.4979621788966892,-1.212208893524284,-1.232987325051966,0.3781308691252851,-0.24881985843749468,-0.3186122218076625,0.11163743163074495,0.12933429191213489,ambos,15.548333916538239,3.793266077994539,85,0,13
Nicaragua,NIC,2010,-0.45600254958467773,-0.17844628548175978,0.2846069500724023,0.7829263926887255,0.3251579705518991,-0.24515677307400302,-0.06205032349843782,-0.42325077941912337,-1.212208893524284,-1.232987325051966,-0.445220253086858,-0.24881985843749468,-0.3186122218076625,0.052332763444071465,0.05806079509462031,ambos,15.562525593009457,3.8014491791053433,85,0,14
Nicaragua,NIC,2011,-0.41493646143719454,0.23825647038420095,0.2846069500724023,1.1160760743669766,1.0225724480550484,-0.24466990905535224,-0.04575647890977338,-0.3238322624161021,-1.212208893524284,-1.232987325051966,-0.445220253086858,-0.03529680351067694,-0.3186122218076625,0.02268016771172304,-0.15575969535792394,ambos,15.57664791984222,3.8867426755051877,85,0,15
Nicaragua,NIC,2012,-0.37022686789512455,0.6562897347362989,0.2846069500724023,1.2134291063634544,0.6351775108381822,-0.24417925637416246,-0.03166876590365659,-0.20749760406682932,-1.212208893524284,-1.232987325051966,-0.445220253086858,-0.03529680351067694,-0.3186122218076625,0.02268016771172304,-0.5358850117180035,ambos,15.590681190135607,3.8402651862160573,85,0,16
Nicaragua,NIC,2013,-0.33763342230466264,0.6901709391411417,0.2846069500724023,1.0915696220938078,0.884002090723236,-0.24368668251291356,-0.021431695518679985,-0.1372313273806188,-1.212208893524284,-1.232987325051966,0.10368049505457075,0.1782268492821305,-0.18054338304909118,0.005237741369295158,-0.7259476698980427,ambos,15.604574063011174,3.8703648122896275,85,0,17
Nicaragua,NIC,2014,-0.3050838651018778,0.5677037922992247,0.2846069500724023,0.9670094866652234,0.9323670758869032,-0.24319357764226943,-0.014996538683203536,-0.16142243128499872,-1.212208893524284,-1.232987325051966,0.10368049505457075,0.1782268492821305,-0.18054338304909118,-0.019182074132522566,-0.7259476698980427,ambos,15.618291236595546,3.8761116735238277,85,0,18
Nicaragua,NIC,2015,-0.2712286296551596,0.8015067578126189,0.2846069500724023,0.7198648471045476,0.672827002001951,-0.24269881411306493,-0.0036406908117257337,-0.10819493222836304,-1.212208893524284,-1.232987325051966,0.10368049505457075,0.1782268492821305,-0.3186122218076625,-0.4657124793784679,-0.7259476698980427,ambos,15.631868001158265,3.844878120905958,85,0,19
Nicaragua,NIC,2016,-0.23843170589991386,0.6053141428835868,0.2846069500724023,0.5925604094499504,0.6490819189195596,-0.24220211747100587,-0.0019278195031515596,-0.10316058945786133,-1.212208893524284,-1.232987325051966,-0.1707698790161436,0.1782268492821305,-0.18054338304909118,-0.5442041828364284,-0.7259476698980427,ambos,15.645314889046944,3.8419712774271075,85,0,20
Nicaragua,NIC,2017,-0.20373709093951414,0.49840697324044186,0.2846069500724023,0.6671585624987316,0.6606214474754706,-0.2417035354472739,-0.0030877384393833925,-0.18493991123359016,-1.212208893524284,-0.025349315557772752,-0.1707698790161436,0.1782268492821305,-0.18054338304909118,-0.5703680839890819,-0.7259476698980427,ambos,15.658633385791992,3.843384987546602,85,0,21
Nepal,NPL,1996,-0.9926970008620501,-0.014111995114153628,-0.7356505526689341,-0.4349559588095236,-0.5793896503540531,-0.14370168844129327,1.1157632177490704,-0.4630438239833774,1.2899254571569505,0.5784696891893238,0.9270316172667138,0.6052741548677444,0.9930417463987669,0.7971316418302662,0.12933429191213489,ambos,16.939717969052275,3.678738272319243,86,0,0
Nepal,NPL,1997,-0.9836211425478669,-0.11803635695769461,-0.7356505526689341,-0.27285468341108693,-0.571515362746563,-0.1408521309337672,1.1052747283630524,-0.4707920534030374,1.2899254571569505,0.5784696891893238,0.9270316172667138,0.6052741548677444,0.9930417463987669,0.7971316418302662,0.12933429191213489,ambos,16.960501450418924,3.679874159265391,86,0,1
Nepal,NPL,1998,-0.9803508733658038,-0.11100773407144979,-0.7356505526689341,-0.48576127343741793,-0.6102091749361908,-0.1381022540326013,1.0938937599151903,-0.49793623035352025,1.2899254571569505,0.5784696891893238,0.9270316172667138,0.6052741548677444,0.9930417463987669,0.7971316418302662,0.12933429191213489,ambos,16.980156486109042,3.674280024714679,86,0,2
Nepal,NPL,1999,-0.9722267489948266,-0.43176735603662336,-1.0983600771814175,-0.6061542708648743,-0.6384101034277725,-0.13544814974730263,1.104175165562421,-0.5510463820739971,1.2899254571569505,0.5784696891893238,0.5153560561606423,0.48071864091644145,0.9930417463987669,0.7971316418302662,0.12933429191213489,ambos,16.9987674953104,3.6701830861821843,86,0,3
Nepal,NPL,2000,-0.9575742294101216,-0.40277640198156617,-1.0523932062357801,-0.514794610425502,-0.6550788388233146,-0.13293444673266108,1.118319247050786,-0.5264134579550458,1.2899254571569505,0.5784696891893238,0.10368049505457075,0.3561631269651382,0.9930417463987669,0.7971316418302662,0.12933429191213489,ambos,17.016080243239806,3.6677535907469436,86,0,4
Nepal,NPL,2001,-0.9466782119799874,-0.4181249052415356,-0.9450080547677707,-0.5121984378751245,-0.5928027365632244,-0.13054646168393896,1.126853344511654,-0.8672927199130911,1.2899254571569505,0.5784696891893238,-0.1707698790161436,0.3561631269651382,0.8204556979505524,0.6336072596261819,0.12933429191213489,ambos,17.03225407107074,3.676800423200099,86,0,5
Nepal,NPL,2002,-0.9516889798267695,-0.3733462855587203,-0.8124395432295892,-0.7902990050288465,-0.6707478767161872,-0.12826590759218826,1.1236442689832764,-0.843373437057967,1.2899254571569505,0.5784696891893238,-0.445220253086858,0.3561631269651382,0.647869649502338,0.47008287742209764,0.12933429191213489,ambos,17.04745983167162,3.6654644082028027,86,0,6
Nepal,NPL,2003,-0.9428450404625408,-0.3298100297650334,-0.7755801325029118,-0.8479242357036555,-0.6126882370047498,-0.12611933492717037,1.1412668617623756,-0.8413258736155534,1.2899254571569505,0.5784696891893238,-0.9941210012282867,0.1070526969285207,0.30269755260590925,-0.18401465139423934,0.12933429191213489,ambos,17.06156406118512,3.6739205468416825,86,0,7
Nepal,NPL,2004,-0.9305985362739922,-0.279299034675142,-0.7755801325029118,-0.7927237029174483,-0.6545387470602085,-0.12416296505440462,1.168709784399811,-0.8675928878314156,-1.212208893524284,-0.025349315557772752,-1.8174721234404299,-0.4623435112303015,-0.7328187380833772,-1.1651609446187448,0.12933429191213489,ambos,17.074247544700842,3.667832402600189,86,0,8
Nepal,NPL,2005,-0.9218382648400328,-0.3276833208490814,-0.6662511567676946,-0.8532988574458544,-0.6482582527306667,-0.1224159918752893,1.1865940837885192,-0.8835072926780426,-1.212208893524284,-1.232987325051966,-1.8174721234404299,-0.4623435112303015,-0.594749899324806,-0.5110634158024079,0.12933429191213489,ambos,17.08543909028131,3.6687484158914105,86,0,9
Nepal,NPL,2006,-0.9127157429688301,-0.23330176871547473,-0.7595511349475549,-0.8329833195636999,-0.6663970696747842,-0.12088879095542328,1.214606854312886,-0.9168971954477999,0.6215283063519917,-0.545304623318351,-1.5531865129840976,0.15940602795868994,0.0198088611488271,-0.029647634593584257,0.12933429191213489,ambos,17.095121153876377,3.6661005690754163,86,0,10
Nepal,NPL,2007,-0.9026604045525214,-0.19128082833636115,-0.7747801724627789,-0.8382933247948945,-0.6438051409632333,-0.11955788451986028,1.236368314445932,-0.933196058915415,0.17316584778471988,-0.01598770570817379,-1.0451815053027969,0.167051538221846,-0.18499361785995727,-0.029647634593584257,0.12933429191213489,ambos,17.10348298760561,3.6693973964940647,86,0,11
Nepal,NPL,2008,-0.8811820800808935,-0.09318978412977645,-0.5606318767385151,-0.7959519252773165,-0.6521469011049047,-0.11835538689557903,1.2592713597828975,-0.9184013857624721,0.25305999845571203,-0.2660470286164875,-0.5062092738937503,0.09360250578133365,-0.20278682524845248,0.3000175199298496,0.12933429191213489,ambos,17.11097839292206,3.6681813534837477,86,0,12
Nepal,NPL,2009,-0.864878161020037,-0.15656825141736624,-0.5156572652460047,-0.7656331995547108,-0.6014423425604447,-0.11726354804942449,1.3096398872513533,-1.0006528151403344,-0.5866753058539755,-0.025349315557772752,-1.268571375299001,-0.8893908168159154,-1.0089564156005206,-0.24070292946564747,0.12933429191213489,ambos,17.11773571605067,3.6755502289541693,86,0,13
Nepal,NPL,2010,-0.8464478511320523,-0.05319412634005364,-0.28687007324668073,-0.7974428247977071,-0.5575974604851988,-0.11625572204927209,1.3673190171499192,-1.073104348371242,-0.5866753058539755,-0.025349315557772752,-1.268571375299001,-0.8893908168159154,-1.0089564156005206,-0.2075621624316275,0.12933429191213489,ambos,17.12393282050544,3.681878703444334,86,0,14
Nepal,NPL,2011,-0.8328146778493771,0.16177860511115846,-0.16376589321972237,-1.0790001563155278,-0.5772785003150666,-0.11552458774241917,1.3999661566690558,-1.1406409937479955,-0.5866753058539755,-0.025349315557772752,-1.268571375299001,-0.8893908168159154,-1.0089564156005206,-0.2075621624316275,0.12933429191213489,ambos,17.128404637551764,3.679042937942721,86,0,15
Nepal,NPL,2012,-0.811940140442262,0.162749712423426,-0.013766143428136491,-1.0317700610658977,-0.5793997846351562,-0.1151044280500452,1.4149714610598643,-1.0918103811109727,-1.212208893524284,-1.232987325051966,-1.268571375299001,-0.8893908168159154,-1.0089564156005206,-0.22151641747238382,0.12933429191213489,ambos,17.130965430011273,3.6787368095905606,86,0,16
Nepal,NPL,2013,-0.7955126233820097,0.2523678468160811,0.07128923882850915,-0.9171647796853791,-0.5949688361986775,-0.11477579289837667,1.438723628592881,-1.10677051298699,-0.5866753058539755,-1.232987325051966,-0.445220253086858,-1.3164381224015291,-0.7328187380833772,0.32094864085197267,0.12933429191213489,ambos,17.132963837458416,3.6764871245166053,86,0,17
Nepal,NPL,2014,-0.766380326222554,0.31558222212019676,0.1449986798226925,-0.7975086259885191,-0.6301326965293993,-0.11428431685430442,1.4850186369786538,-1.1263275082460906,-0.5866753058539755,-1.232987325051966,-0.1707698790161436,-1.3164381224015291,-1.0089564156005206,-0.5511815719958175,0.12933429191213489,ambos,17.13594503656333,3.6713873420220273,86,0,18
Nepal,NPL,2015,-0.7479417968853237,0.5944000068377459,0.18410057208280908,-0.7776566712441106,-0.6162601744466322,-0.11338184550472413,1.5258033886067144,-1.160034322973627,-0.5866753058539755,-1.232987325051966,-0.445220253086858,-1.3164381224015291,-1.0089564156005206,-0.5511815719958175,0.12933429191213489,ambos,17.141396217615444,3.6734023685854544,86,0,19
Nepal,NPL,2016,-0.7481682659242849,0.73387586755386,0.2984229869511197,-0.9098960611152788,-0.5779087546562145,-0.11259527739684813,1.549814514366367,-1.2023852365783487,-0.5866753058539755,-1.232987325051966,-0.445220253086858,-1.1029144696087223,-0.8708875768419492,-0.09941786324131885,0.12933429191213489,ambos,17.146123194638047,3.6789519939970314,86,0,20
Nepal,NPL,2017,-0.6992158757684358,0.9604231860412211,0.3937767338975818,-0.8364584752649556,-0.535000392858157,-0.11226237627082468,1.5885686501203138,-1.1850539044574568,-0.5866753058539755,-1.232987325051966,-0.445220253086858,-1.3164381224015291,-0.594749899324806,-0.043601889634339995,0.12933429191213489,ambos,17.148117094458925,3.6851247419538224,86,0,21
Pakistan,PAK,1996,-0.7806484279503154,-0.6383525751245579,-1.5796973714255678,-1.0199063317564177,-0.39876300645007073,0.5472980333607159,0.621754941745506,-0.4211031897552573,-1.212208893524284,-0.025349315557772752,-1.5430217493697154,-0.4623435112303015,-0.594749899324806,-1.1651609446187448,0.46194394372720377,ambos,18.746793022477483,3.7044749036545292,87,0,0
Pakistan,PAK,1997,-0.7901356333023031,-0.763614471283128,-1.5796973714255678,-1.0628559824315533,-0.452799541172567,0.5710127458924192,0.6889593544637619,-0.45767066019751984,-0.8994420996891298,-0.025349315557772752,-1.268571375299001,-0.35558168483389807,-0.3186122218076628,-1.1651609446187448,1.1746789119023522,ambos,18.775075725751588,3.696844692567131,87,0,1
Pakistan,PAK,1998,-0.7913901628508789,-0.9208845123864186,-1.5796973714255678,-1.145407901923169,-0.511174142186669,0.5948219661636777,0.4093603375949809,-0.416197878300959,-0.5866753058539755,-0.025349315557772752,-0.9941210012282867,-0.24881985843749468,-0.042474544290519535,-1.1651609446187448,0.6995222664522537,ambos,18.80268858228659,3.6885359771230823,87,0,2
Pakistan,PAK,1999,-0.7868704473025873,-1.0557433853984413,-1.5796973714255678,-1.194573970983139,-0.5057175818513155,0.6189442373558143,0.40931306098161674,-0.41200210469992676,-0.8994420996891298,-0.025349315557772752,-0.8568958141929295,-0.14205833097408582,-0.3186122218076628,-1.1651609446187448,0.41442827918219427,ambos,18.829907953142147,3.689315565022666,87,0,3
Pakistan,PAK,2000,-0.7798168357149641,-0.9746694441834288,-1.5796973714255678,-1.5101877155958727,-0.5993637137707926,0.6446817854306522,0.5612130046584127,-0.8235623124347676,-1.212208893524284,-0.025349315557772752,-0.7196706271575724,-0.03529680351067694,-0.594749899324806,-1.1651609446187448,0.12933429191213489,ambos,18.858155551311402,3.675851159763506,87,0,4
Pakistan,PAK,2001,-0.7756352314451436,-1.0126776819978656,-1.5796973714255678,-1.4486562949009127,-0.5854512505276942,0.6708848915179573,0.5610736329872978,-0.7892741648890139,-0.8994420996891298,-0.025349315557772752,-1.131346188263644,-0.2488201573704892,-0.4566810605662344,-0.8381121802105763,0.08181862736712536,ambos,18.886117134222577,3.677862990613942,87,0,5
Pakistan,PAK,2002,-0.7750455480188037,-1.1379910042049741,-1.5796973714255678,-1.4616816543745188,-0.5059411473998975,0.6944619592547405,0.5595138639231092,-0.8256326138648105,-0.5866753058539755,-0.025349315557772752,-1.5430217493697154,-0.4623435112303015,-0.3186122218076625,-0.5110634158024079,-0.15575969535792394,ambos,18.91062516496874,3.689283635776406,87,0,6
Pakistan,PAK,2003,-0.7593578260506232,-1.0952965630934395,-1.5796973714255678,-1.4174741451289186,-0.5703857840937326,0.7176575176234451,0.5597869321314356,-0.8064166629356657,-0.5866753058539755,-0.025349315557772752,-1.5430217493697154,-0.4623435112303015,-0.3186122218076625,-0.5110634158024079,-0.15575969535792394,ambos,18.934164326214958,3.6800369982252814,87,0,7
Pakistan,PAK,2004,-0.7308684214031722,-1.0546069010290773,-1.5100883636462492,-1.4128772180704616,-0.5055792307129103,0.7425717147485916,0.4916409623951888,-0.6793763583338803,-0.5866753058539755,-0.025349315557772752,-1.5430217493697154,-0.4623435112303015,-0.3186122218076625,-0.5110634158024079,-0.15575969535792394,ambos,18.958845237829987,3.6893353235831152,87,0,8
Pakistan,PAK,2005,-0.7036265711900204,-0.9800277184197176,-1.4796979520749642,-1.2655280384304854,-0.38831769402098404,0.7674349588373872,0.4916683443285075,-0.5935526484023096,-0.5866753058539755,-0.025349315557772752,-1.5430217493697154,-0.4623435112303015,-0.3186122218076625,-0.5110634158024079,-0.15575969535792394,ambos,18.98288297273548,3.7059431394524824,87,0,9
Pakistan,PAK,2006,-0.6821756302801001,-0.7358486028304307,-1.3118148396927491,-1.1733657552604861,-0.191646946334668,0.7926697066453199,0.5494287627187145,-0.5712919820858284,-0.5866753058539755,-0.025349315557772752,-1.5430217493697154,-0.4623435112303015,-0.3186122218076625,-0.26337865931662974,-0.15575969535792394,ambos,19.00670302546737,3.7331930250983656,87,0,10
Pakistan,PAK,2007,-0.6714198561604869,-0.8262485262906353,-1.246104102438379,-1.2390993843215037,-0.12236258087493988,0.8213713073995311,0.5891514196382597,-0.592554938676265,-0.5866753058539755,-0.025349315557772752,-1.6802469364050725,-0.4623435112303015,-0.3876466411869483,-0.48141082007006,0.10557645963962983,ambos,19.033123337845193,3.742618603550034,87,0,11
Pakistan,PAK,2008,-0.6750883421132452,-0.770467788603273,-1.2420040830673014,-1.135607145797826,-0.18296534438756726,0.851238390246698,0.46649216935718096,-0.48793244651027495,-0.5866753058539755,-0.025349315557772752,-1.5430217493697154,-0.4623435112303015,-0.594749899324806,-0.6331614467554497,0.12933429191213489,ambos,19.059894907014083,3.7343789670570517,87,0,12
Pakistan,PAK,2009,-0.6695520851640085,-0.8211849624710705,-1.2462654325413152,-1.1653106895562855,-0.4351648689134165,0.8803390236790305,0.5863567803238688,-0.5597365046697466,-1.212208893524284,-0.025349315557772752,-1.268571375299001,-0.4623435112303015,-0.45668106056623414,-0.6331614467554497,0.12933429191213489,ambos,19.0853077379727,3.699341195991063,87,0,13
Pakistan,PAK,2010,-0.6757699587987622,-1.0169605476076815,-1.2376833934828404,-1.2041923665789507,-0.47367701258954165,0.9093507100544636,0.6499886032490088,-0.5072180826885982,-1.212208893524284,-0.025349315557772752,-1.268571375299001,-0.24881985843749468,-0.45668106056623414,-0.5895551192603683,0.3669126146371836,ambos,19.110015908000946,3.6938810332111824,87,0,14
Pakistan,PAK,2011,-0.6731898903606516,-1.1780601905815735,-1.2221026836854343,-1.1933337348066786,-0.5529150697378629,0.9362413718798267,0.6863609717651338,-0.48869101806001725,-1.212208893524284,-0.025349315557772752,-1.268571375299001,-0.24881985843749468,-0.594749899324806,-0.5895551192603683,0.41442827918219427,ambos,19.132385001923385,3.682552188619904,87,0,15
Pakistan,PAK,2012,-0.666330640336935,-1.1129674849425888,-1.1894527505497192,-1.2236647708312631,-0.5934394369704307,0.9596359752421736,0.6811886058076607,-0.42411592146703236,-1.212208893524284,-0.025349315557772752,-1.268571375299001,-0.24881985843749468,-0.594749899324806,-0.586066424680674,0.41442827918219427,ambos,19.15144699995918,3.676708342792515,87,0,16
Pakistan,PAK,2013,-0.6491465472424208,-1.1355719486820328,-1.1563715864526387,-1.236123637303662,-0.5633612500333225,0.9799626151428183,0.6967856168619404,-0.513407982815998,-0.5866753058539755,-0.025349315557772752,-1.268571375299001,-0.4623435112303015,-0.45668106056623414,-0.5738567785687763,0.41442827918219427,ambos,19.167719241364942,3.681049053477223,87,0,17
Pakistan,PAK,2014,-0.6322667096897152,-1.1446359791191805,-1.1161402611730908,-1.277404775603162,-0.5318739150301303,0.9989994153232634,0.6902193567395716,-0.5155026425648634,-0.5866753058539755,-0.025349315557772752,-0.9941210012282867,-0.4623435112303015,-0.45668106056623414,-0.5738567785687763,0.2481234532746595,ambos,19.18272248183325,3.6855730276795446,87,0,18
Pakistan,PAK,2015,-0.6136010695617511,-1.0352060374448124,-1.0432081502117372,-1.3582449045758849,-0.5559457592500874,1.0170551428308392,0.8448630123421412,-0.6211945742846832,-0.5866753058539755,-0.025349315557772752,-0.9941210012282867,-0.4623435112303015,-0.45668106056623414,-0.6157190204130223,0.12933429191213489,ambos,19.19674749312717,3.6821163253831064,87,0,19
Pakistan,PAK,2016,-0.5775799553351699,-1.0194325868264447,-1.0001686688043487,-1.4159797887862533,-0.5098198509959025,1.0340473599485362,0.7873332093898382,-0.7427079744849878,-0.5866753058539755,-0.025349315557772752,-0.9941210012282867,-0.6758671640231085,-0.45668106056623414,-0.6279286665249191,0.12933429191213489,ambos,19.209769132449225,3.688729523679587,87,0,20
Pakistan,PAK,2017,-0.5559444495021609,-0.9719786656683036,-1.019764969385918,-1.3935887364320947,-0.5247824017091455,1.0527526014424402,0.8790771816424552,-0.7469570533328915,-0.5866753058539755,-0.025349315557772752,-0.9941210012282867,-0.6758671640231085,-0.3186122218076625,-0.6401388359148394,0.12933429191213489,ambos,19.223910131420755,3.6865890903266165,87,0,21
Peru,PER,1996,-0.1968716109021661,-0.04971130920629987,0.21861652339203438,-1.21392227880315,0.4457133502062441,-0.13135536798480069,-0.18673456971305386,0.15407120406916155,-0.5866753058539755,1.1822886939364206,-0.7196706271575724,1.67289182096579,-0.18054338304909118,0.14303411301392915,-0.15575969535792394,ambos,17.026804593568784,3.8167228553494916,88,0,0
Peru,PER,1997,-0.14662440618166803,0.10329172679350125,0.22624504386443506,-1.1611647403713539,-0.00980132409970813,-0.1285930690436251,-0.17707185735382083,0.19438375365090932,-0.5866753058539755,1.1822886939364206,-0.445220253086858,1.5661299945693865,-0.3186122218076628,0.14303411301392915,0.20060778872965002,ambos,17.04529261310383,3.7577447337298953,88,0,1
Peru,PER,1998,-0.17200183087124027,0.061270899960762286,0.5038693893676134,-1.1761759844437478,-0.13526292941181944,-0.1258249707638859,-0.2035033912427247,0.12103537009167294,-0.5866753058539755,1.1822886939364206,-0.1707698790161436,1.459368168172983,-0.45668106056623414,0.14303411301392915,0.6995222664522537,ambos,17.063482786922332,3.740870332931481,88,0,2
Peru,PER,1999,-0.17476042791136345,-0.17070814960136815,0.5434949319661281,-1.1688304146925133,0.02283373400098985,-0.12314958433799428,-0.22424439311340238,0.131625920302077,-0.8994420996891298,0.5784696891893238,-0.8568958141929295,1.3526066407095743,-0.3876466411869483,-0.18401465139423934,0.6995222664522537,ambos,17.080754759698063,3.76208782944594,88,0,3
Peru,PER,2000,-0.16225701546234025,-0.36059167151065197,0.6263555626727568,-1.101050304334416,-0.3797370760211888,-0.12069246067273406,-0.23616275016203314,0.16783024707729016,-1.212208893524284,-0.025349315557772752,-1.5430217493697154,1.2458451132461648,-0.3186122218076625,-0.5110634158024079,0.7470379309972638,ambos,17.09635906501886,3.707147655454924,88,0,4
Peru,PER,2001,-0.1708290694160316,-0.5669336214141353,0.7336078702851613,-1.1148149805333853,-0.2687275074419668,-0.11850714818745538,-0.2577481169020871,0.16791580801973743,-0.27390851201882116,-0.025349315557772752,-0.9941210012282867,1.1390832868497613,-0.11150896366980566,-0.18401465139423934,1.0796475828123333,ambos,17.110035526770627,3.7226013682685792,88,0,5
Peru,PER,2002,-0.12307769306887338,-0.7166224258211883,0.7819806910600801,-1.109444899299604,0.03509687046676171,-0.11657632642963753,-0.2499464154155293,0.202121653861011,0.6643918694866419,-0.025349315557772752,-0.445220253086858,1.032321460453358,0.09559429446805148,0.14303411301392915,0.12933429191213489,ambos,17.12196559190828,3.763714952687621,88,0,6
Peru,PER,2003,-0.0868365845725598,-0.6935905672423928,0.5409313076540269,-1.0404100821598246,-0.2558035842523694,-0.11483250947490507,-0.2522868820716016,0.23937614101716465,0.6643918694866419,-1.232987325051966,-0.9941210012282867,1.032321460453358,0.09559429446805148,0.14303411301392915,0.3669126146371836,ambos,17.132619232926583,3.7243850936511302,88,0,7
Peru,PER,2004,-0.03883243102669881,-0.7096419069675031,0.6612009336363734,-0.915110019782564,-0.23449075088040194,-0.11321143922003785,-0.2471046421479938,0.47033563073513496,-0.5866753058539755,-1.232987325051966,-0.7196706271575724,1.032321460453358,-0.042474544290519535,0.14303411301392915,0.41442827918219427,ambos,17.14242219269735,3.727319701956548,88,0,8
Peru,PER,2005,0.028928387345188787,-0.6765087608378448,0.6989352101286207,-0.757557738275092,-0.06031172227976815,-0.11172586585691902,-0.2374766997083497,0.6131043548589667,-0.5866753058539755,-1.232987325051966,-0.7196706271575724,0.8187978076605511,-0.45668106056623414,0.14303411301392915,0.41442827918219427,ambos,17.151322161890555,3.75098536424305,88,0,9
Peru,PER,2006,0.118181766521301,-0.5888007054047025,0.8065630120036987,-0.62887861442682,0.030728810033189106,-0.11039350362031741,-0.2152636927457343,0.8725360601898962,0.038858281816333155,-1.232987325051966,-0.1707698790161436,0.8187978076605511,-0.594749899324806,0.5546796655750181,0.41442827918219427,ambos,17.159237430030842,3.7631356840327,88,0,10
Peru,PER,2007,0.228404071693736,-0.3223915687025585,0.9178249141197377,-0.5154478007569049,0.2868261010039757,-0.1091631846835649,-0.18901428391928782,0.8927165299366104,0.038858281816333155,-1.232987325051966,-0.033544691980786426,0.92555933512396,-0.594749899324806,0.5546796655750181,0.41442827918219427,ambos,17.16649125846528,3.79654346005079,88,0,11
Peru,PER,2008,0.3575431502611743,0.09445086857137716,0.967090809786848,-0.4356534858418236,0.351403863046346,-0.10803946140810591,-0.17110678187198236,0.7779335409252188,0.038858281816333155,-1.232987325051966,-0.1707698790161436,1.032321460453358,-0.594749899324806,0.5895645182598742,0.41442827918219427,ambos,17.173070945041996,3.8047943060357174,88,0,12
Peru,PER,2009,0.36543117744308573,-0.06156402015010945,1.0959267262627816,-0.7356271686222294,0.27774299997944507,-0.10697881488912268,-0.1579470340277016,0.5457606905325164,0.038858281816333155,-0.025349315557772752,-0.1707698790161436,1.2458451132461648,-0.3186122218076625,0.5895645182598742,0.6282487696347391,ambos,17.179241835579223,3.795377467751098,88,0,13
Peru,PER,2010,0.4929978317159505,0.10496512372001277,1.1791854746924366,-0.6321407442680564,0.3492202479289826,-0.10584992471325622,-0.10156772482295427,0.731509220382512,0.038858281816333155,1.1822886939364206,-0.1707698790161436,1.459368168172983,-0.18054338304909118,0.6052628589514663,0.6995222664522537,ambos,17.18576820433559,3.8045164233383577,88,0,14
Peru,PER,2011,0.5926433943166086,0.08499660059331066,1.2295513671452065,-0.5067243347947791,0.12905896293088032,-0.10454885026618913,-0.13077205648238943,0.8539928039893583,0.038858281816333155,1.1822886939364206,-0.1707698790161436,1.2458451132461648,-0.3186122218076625,0.6384041492635093,0.5807331050897284,ambos,17.19323755231435,3.776095139347052,88,0,15
Peru,PER,2012,0.6924706755526583,0.2904397169247118,1.190314010018833,-0.6046164816905718,0.6345784131334374,-0.10307944584083506,-0.049653593106522606,0.7115606277452491,0.038858281816333155,1.1822886939364206,-0.1707698790161436,1.2458451132461648,-0.3186122218076625,0.6174730283413865,0.22436562100215504,ambos,17.201606721367007,3.8401916106015017,88,0,16
Peru,PER,2013,0.7904976668034687,0.32148295488768147,1.3763961098531703,-0.6869420629685967,0.17887801054424565,-0.10148311823722633,-0.04433838517963533,0.5715068830427681,0.038858281816333155,1.1822886939364206,0.10368049505457075,1.2458451132461648,-0.18054338304909118,0.6296826744532834,0.12933429191213489,ambos,17.210620113023694,3.782597508885621,88,0,17
Peru,PER,2014,0.8192201869546798,0.229386722827841,1.314541086187661,-0.7722107148012994,-0.28205963255233735,-0.0997056865978567,-0.10604126079820422,0.39096953285736924,0.038858281816333155,1.1822886939364206,0.10368049505457075,1.2458451132461648,-0.042474544290519535,0.6296826744532834,0.12933429191213489,ambos,17.220561405480876,3.7207579638592145,88,0,18
Peru,PER,2015,0.8637345773895407,0.05350596348702157,1.328217243866379,-0.8213358072850466,0.022829843371033467,-0.09766652699061713,-0.09239599614100569,0.27689943164141056,0.038858281816333155,1.1822886939364206,0.10368049505457075,1.2458451132461648,-0.042474544290519535,0.6366595403346499,0.12933429191213489,ambos,17.2318461433014,3.7620873128008583,88,0,19
Peru,PER,2016,0.9196569893689812,-0.14535104983797167,1.3968731004304356,-0.8147656785859162,-0.03302736115869102,-0.09522690276980861,-0.14995799922346953,0.29519305066624507,0.038858281816333155,1.1822886939364206,0.3781308691252851,1.2458451132461648,0.23366313322662344,0.6488697097245707,0.3669126146371836,ambos,17.245181849377758,3.7546422674096225,88,0,20
Peru,PER,2017,0.9423559484939737,-0.247024972192604,1.3568941352378947,-0.7530172916069897,-0.03879282640507769,-0.09249343942871316,-0.22706085484457142,0.3572117526188232,0.038858281816333155,1.1822886939364206,0.3781308691252851,1.2458451132461648,0.23366313322662344,0.6209611996430584,0.46194394372720377,ambos,17.259915502414668,3.7538706398480026,88,0,21
Philippines,PHL,1996,-0.6156182651334674,-0.39703978095624626,0.3686279987575838,-0.2780925743011159,-0.37308994894431763,0.1513270122188879,-0.05007007859888352,0.7224760220702527,0.6643918694866419,1.1822886939364206,0.9270316172667138,1.459368168172983,0.9240073270194807,0.14303411301392915,1.127163247357342,ambos,18.09481545622687,3.708079758736861,89,0,0
Philippines,PHL,1997,-0.5966712926809292,-0.39703978095624626,0.33823117260759983,0.11056406304876239,-0.426325482717665,0.16158067237997237,-0.03888783725074076,0.7221948447195625,0.6643918694866419,1.1822886939364206,0.6525812431959995,1.459368168172983,0.9240073270194807,0.14303411301392915,1.6260777250799452,ambos,18.118342607498672,3.7005902281890943,89,0,1
Philippines,PHL,1998,-0.6178720005861843,-0.39703978095624626,0.2526226191557603,0.19334890552998704,-0.11634489996361837,0.17281070965893686,-0.09084490819912479,0.65715025188982,0.6643918694866419,1.1822886939364206,0.3781308691252851,1.459368168172983,0.9240073270194807,0.14303411301392915,2.3625705255276,ambos,18.143490439908398,3.743433082603179,89,0,2
Philippines,PHL,1999,-0.6127841570547553,-0.39703978095624626,0.2323340654494605,0.10861248284615173,-0.27984615008171093,0.18451817211539204,-0.10521309734747505,0.5456791826191024,0.3516250756514875,1.1822886939364206,-0.445220253086858,1.2458448143131708,0.509800810743766,0.14303411301392915,2.695180177342667,ambos,18.169051011682665,3.72106425269613,89,0,3
Philippines,PHL,2000,-0.5993982667540526,-0.39703978095624626,0.2323340654494605,0.3408726823160114,-0.3425665710143043,0.19568810390393498,-0.11477351582267732,0.6648568284036116,0.038858281816333155,1.1822886939364206,-1.268571375299001,1.032321460453358,0.09559429446805148,0.14303411301392915,1.2697102409923724,ambos,18.19284367027425,3.7123488251971195,89,0,4
Philippines,PHL,2001,-0.593731939977488,-0.5251299619256176,0.25517769069626395,0.33352057169318966,-0.4850373171089949,0.2062849691598694,-0.17115916407299175,0.6583591294528388,0.038858281816333155,1.1822886939364206,-0.5824454401222151,0.9255596340569545,0.23366313322662313,0.47008287742209764,0.3669126146371836,ambos,18.214904123188756,3.6922646847011538,89,0,5
Philippines,PHL,2002,-0.5820746703013867,-0.5212408549628951,0.4119483386858069,0.30284312976293376,-0.2863910471659445,0.21623334664987992,-0.20646176141110467,0.6488070254893665,0.038858281816333155,1.1822886939364206,0.10368049505457075,0.8187978076605511,0.3717319719851945,0.7971316418302662,0.12933429191213489,ambos,18.23518082150135,3.7201583363462283,89,0,6
Philippines,PHL,2003,-0.5601503089163836,-0.4867885727806537,0.4809507204474503,0.4112399042887166,-0.5546283989948694,0.22615514383814062,-0.20511415188523843,0.6284888317183468,0.038858281816333155,1.1822886939364206,-0.9941210012282867,1.032321460453358,0.23366313322662344,0.14303411301392915,0.3669126146371836,ambos,18.255001956770283,3.6823058069005694,89,0,7
Philippines,PHL,2004,-0.5264066828137534,-0.49692476444999995,0.5431097813484266,0.39818059845693415,-0.5445006299033822,0.2360752883342386,-0.17275167052745888,0.5513669395124726,0.038858281816333155,1.1822886939364206,-0.9941210012282867,1.032321460453358,0.09559429446805148,0.14303411301392915,0.4144282791821931,ambos,18.27443463221471,3.6837613291308964,89,0,8
Philippines,PHL,2005,-0.5029177367707525,-0.540906539729481,0.5346303980500934,0.3028684276028173,-0.38248943618251535,0.2457495516147557,-0.1729882352788371,0.5676786424863454,0.038858281816333155,1.1822886939364206,-0.9941210012282867,1.032321460453358,0.09559429446805148,0.14303411301392915,0.5569752728172239,ambos,18.293028753719174,3.706761447158049,89,0,9
Philippines,PHL,2006,-0.47429562434663036,-0.47580954129212694,0.4858453888633963,0.21582366238240935,-0.2824289653313634,0.2546575265731763,-0.16199068538114897,0.5383069693885218,0.038858281816333155,1.1822886939364206,-0.9941210012282867,1.032321460453358,0.09559429446805148,0.619217113992222,0.6995222664522537,ambos,18.309849591611815,3.7207068486024713,89,0,10
Philippines,PHL,2007,-0.4352638610794044,-0.45702482358444846,0.48995623714689646,0.006415413465437734,-0.32612111759114065,0.2640020867168367,-0.1261197590407034,0.4996798925190437,0.038858281816333155,1.1822886939364206,-0.9941210012282867,1.032321460453358,0.09559429446805148,0.619217113992222,0.6995222664522537,ambos,18.327195932149728,3.714641389725804,89,0,11
Philippines,PHL,2008,-0.41332669527767796,-0.431595028625396,0.5238729426526466,-0.16690796666060648,-0.5244388331532243,0.27369098557090993,-0.14592825656339084,0.47997229652261947,0.038858281816333155,1.1822886939364206,-0.9941210012282867,1.032321460453358,0.09559429446805148,0.5564237512258536,0.6995222664522537,ambos,18.344869278600722,3.686638290164554,89,0,12
Philippines,PHL,2009,-0.41657022949336037,-0.4883463713913172,0.6022499897716774,-0.3643694292910492,-0.4482467795836309,0.28374529048567165,-0.23450711702853558,0.37600630502409355,-0.5866753058539755,1.1822886939364206,-0.9941210012282867,1.032321460453358,-0.042474544290519535,0.5564237512258536,0.6995222664522537,ambos,18.3628847845705,3.6974898145032413,89,0,13
Philippines,PHL,2010,-0.3706371054701445,-0.271913334965574,0.6022499897716774,-0.21273276950299022,-0.5636509721065127,0.29539691939245794,-0.18525561695300924,0.44435625181349,-0.5866753058539755,1.1822886939364206,-0.9941210012282867,1.032321460453358,-0.042474544290519535,0.5564237512258536,0.6995222664522537,ambos,18.383364326875824,3.68100733219975,89,0,14
Philippines,PHL,2011,-0.3534309606757137,-0.4458014509416718,0.6022499897716774,-0.36700692837986154,-0.503588497708154,0.30680162296406593,-0.22254888080214924,0.3606248990140507,-0.5866753058539755,1.1822886939364206,-0.7196706271575724,1.032321460453358,-0.042474544290519535,0.5564237512258536,0.6995222664522537,ambos,18.403011711922172,3.689619586076391,89,0,15
Philippines,PHL,2012,-0.3072722590746459,-0.3290973946905998,0.6022499897716774,-0.4528512943454121,-0.4387313743233207,0.3182982627578206,-0.2320306377537834,0.3657122086169555,-0.5866753058539755,1.1822886939364206,-0.7196706271575724,1.2458451132461648,-0.042474544290519535,0.5878204326090378,0.6995222664522537,ambos,18.422434335511554,3.6988367958621637,89,0,16
Philippines,PHL,2013,-0.2596598788435005,-0.22577588282783795,0.6022499897716774,-0.5114759511038178,-0.4231943087086302,0.3296393346979668,-0.18686894301365728,0.3135055217106179,-0.5866753058539755,1.1822886939364206,-0.7196706271575724,1.2458451132461648,-0.042474544290519535,0.6070074678803251,0.8420692600872839,ambos,18.441231493296232,3.701032298689248,89,0,17
Philippines,PHL,2014,-0.21132493440946581,-0.216187013101245,0.6524342676613551,-0.46371565705940615,-0.31594413972777774,0.33972728412935427,-0.13177955618276688,0.3362603981520012,-0.5866753058539755,1.1822886939364206,-0.7196706271575724,1.2458451132461648,0.09559429446805148,1.105865675431577,0.984616253722313,ambos,18.45765982151688,3.7160574745943844,89,0,18
Philippines,PHL,2015,-0.15887354687865898,-0.05029709460912758,0.668508160104127,-0.4150826542437706,-0.3315509752288866,0.34895051160940416,-0.09140314449878306,0.28895217559226744,-0.5866753058539755,1.1822886939364206,-0.7196706271575724,1.2458451132461648,0.09559429446805148,1.118075321543474,0.984616253722313,ambos,18.472447359805635,3.7138850260518494,89,0,19
Philippines,PHL,2016,-0.09318834693754968,0.2846371380208127,0.6965422697558662,-0.3385194701226487,-0.198863232752978,0.35743906670876546,0.011079848040303753,0.2725523203488499,-0.5866753058539755,1.1822886939364206,-0.9941210012282867,1.032321460453358,-0.042474544290519535,1.1355182711639253,0.984616253722313,ambos,18.485866430633134,3.732206179632426,89,0,20
Philippines,PHL,2017,-0.025674885870808288,0.3629268111478035,0.6292444682013827,-0.1527460635452371,-0.10719784803885148,0.3656964059980905,0.12240100093899346,0.2592199827701349,-0.5866753058539755,1.1822886939364206,-0.1707698790161436,1.032321460453358,-0.18054338304909118,0.6593352701856322,0.984616253722313,ambos,18.498749449179837,3.744669845566858,89,0,21
Papua New Guinea,PNG,1996,-0.6849863104805062,-0.656234453707728,-1.57646918296562,0.9991274727625548,-0.280757180577489,-0.25067025555744066,-1.1165872939201844,0.6511093298428664,0.038858281816333155,-0.025349315557772752,-0.9941210012282867,-0.6758671640231085,-0.594749899324806,0.14303411301392915,1.5548042282624317,ambos,15.38690635842178,3.72093820095181,90,0,0
Papua New Guinea,PNG,1997,-0.7301841552229762,-0.8923296680862983,-1.57646918296562,0.7493282484630219,-0.5531825513057935,-0.24962898789818433,-1.2028317342042893,0.23211307485203952,-0.27390851201882116,-0.025349315557772752,-0.9941210012282867,-0.782628990419512,-0.6637843187040916,-0.18401465139423934,1.436015066899906,ambos,15.42252232969769,3.68251372799269,90,0,1
Papua New Guinea,PNG,1998,-0.7711017618213818,-1.0502261617125321,-1.57646918296562,0.855490641282439,-0.14821246814372263,-0.2485639441440968,-1.2727024685635833,0.36196983656313925,-0.5866753058539755,-0.025349315557772752,-0.9941210012282867,-0.8893908168159154,-0.7328187380833772,-0.5110634158024079,1.2697102409923713,ambos,15.457684936959236,3.7391123166468603,90,0,2
Papua New Guinea,PNG,1999,-0.7798248038213942,-1.277305840963109,-1.57646918296562,1.2375364651997363,0.846203446650548,-0.2474724334498157,-1.281970590211544,0.6741548471448422,-0.5866753058539755,-0.025349315557772752,-0.8568958141929295,-0.782628990419512,-0.7328187380833772,-0.5110634158024079,0.7470379309972638,ambos,15.492482625141857,3.8658503678154696,90,0,3
Papua New Guinea,PNG,2000,-0.8104030459332188,-0.270187325491611,-1.57646918296562,1.2205362137548206,-0.17405276278901213,-0.24635235564335092,-1.3266324969267393,1.0290874331671076,-0.5866753058539755,-0.025349315557772752,-0.7196706271575724,-0.6758671640231085,-0.7328187380833772,-0.5110634158024079,-0.34582235353796315,ambos,15.526975134945157,3.735595000448736,90,0,4
Papua New Guinea,PNG,2001,-0.8275742000681782,-0.1801328928156627,-1.57646918296562,1.2832674769363743,-0.2947111591567545,-0.24521056014926115,-1.3656963072205375,0.9589435245239382,-0.5866753058539755,-0.025349315557772752,-0.7196706271575724,-0.6758671640231085,-0.7328187380833772,-0.5110634158024079,-0.916010328078083,ambos,15.560953102044278,3.7190055163849585,90,0,5
Papua New Guinea,PNG,2002,-0.8441370998276775,-0.39047338615685206,-1.57646918296562,1.322174089116918,-0.5359305810536407,-0.2440437236840279,-1.403263871280081,0.6590111793951685,-0.5866753058539755,-0.025349315557772752,-0.7196706271575724,-0.6758671640231085,-0.7328187380833772,-0.5110634158024079,-1.011041657168102,ambos,15.594523129589044,3.684991329399746,90,0,6
Papua New Guinea,PNG,2003,-0.8495629845555095,-0.5444898936250097,-1.57646918296562,1.4538239395022703,0.18068358757485012,-0.24285047994257808,-1.4149399743030546,0.6879790215501851,-0.5866753058539755,-0.025349315557772752,-0.7196706271575724,-0.6758671640231085,-0.7328187380833772,-0.5110634158024079,-1.011041657168102,ambos,15.627725709175726,3.7828323802326898,90,0,7
Papua New Guinea,PNG,2004,-0.8522663142273504,-0.5467029895686109,-1.57646918296562,1.6756789764996394,-0.5085399039577256,-0.2416330722904466,-1.4232064897777414,0.833456807709861,-1.212208893524284,-0.025349315557772752,-0.9941210012282867,-0.8893908168159154,-0.45668106056623414,-0.5110634158024079,-1.011041657168102,ambos,15.660501425575742,3.6889124110239075,90,0,8
Papua New Guinea,PNG,2006,-0.8289581742244755,-0.5467029895686109,-1.57646918296562,1.6756789764996394,-0.3843205995882045,-0.23912910047045238,-1.381324538642426,0.6975116340732072,-0.5866753058539755,-0.025349315557772752,-0.9941210012282867,0.6052741548677444,0.23366313322662344,0.6296826744532834,-0.7259476698980427,ambos,15.724715376209367,3.7065044175725053,90,0,9
Papua New Guinea,PNG,2007,-0.8075593235722135,-0.5467029895686109,-1.57646918296562,1.6756789764996394,-0.4140622882117613,-0.2378425959665667,-1.3462136405870646,0.6284247251968442,-0.5866753058539755,-0.025349315557772752,-0.8568958141929295,0.6052741548677444,0.23366313322662344,0.6296826744532834,-0.7259476698980427,ambos,15.756170663915162,3.702320475462453,90,0,10
Papua New Guinea,PNG,2008,-0.8242667035691995,-0.5467029895686109,-1.57646918296562,1.6756789764996394,-0.5817831142726321,-0.2365320349471579,-1.3935206315223294,0.6155571815503205,-0.5866753058539755,-0.025349315557772752,-0.7196706271575724,0.6052741548677444,0.23366313322662344,0.6296826744532834,-0.7259476698980427,ambos,15.787228098709642,3.678392752928982,90,0,11
Papua New Guinea,PNG,2009,-0.8069931450159187,-0.5467029895686109,-1.57646918296562,1.6756789764996394,-0.02101038085139287,-0.2351989269108439,-1.3776444617094472,0.229528914602546,-0.5866753058539755,-0.025349315557772752,-0.7196706271575724,0.6052741548677444,0.23366313322662344,0.6296826744532834,-0.7259476698980427,ambos,15.817860314961417,3.756248662268989,90,0,12
Papua New Guinea,PNG,2010,-0.7727330184682334,-0.5467029895686109,-1.57646918296562,1.6756789764996394,-0.6098350765617921,-0.2338440474893256,-1.3813030758724694,0.5137302136281809,-0.5866753058539755,-0.025349315557772752,-0.7196706271575724,0.6052741548677444,0.23366313322662344,0.6296826744532834,-0.29830668899295365,ambos,15.848060157710348,3.674334259852689,90,0,13
Papua New Guinea,PNG,2011,-0.7823364232400015,-0.5467029895686109,-1.57646918296562,1.6756789764996394,-0.6181031536274325,-0.23249669766170367,-1.429747993938025,0.36041889632133856,-0.5866753058539755,-0.025349315557772752,-0.7196706271575724,0.6052741548677444,0.23366313322662344,0.5913091271887331,-0.15575969535792394,ambos,15.87721408207374,3.6731349039457495,90,0,14
Papua New Guinea,PNG,2012,-0.7729896977369332,-0.5467029895686109,-0.9569428499742867,1.6756789764996394,-0.629873691841591,-0.23117189485098694,-1.4429253068082613,0.045609376130442414,-0.5866753058539755,-0.025349315557772752,-0.7196706271575724,0.6052741548677444,0.23366313322662344,0.5913091271887331,-0.15575969535792394,ambos,15.905074569145917,3.6714250004710034,90,0,15
Papua New Guinea,PNG,2013,-0.767342844020298,-0.5467029895686109,-0.9569428499742867,1.6756789764996394,-0.6314759566357208,-0.22985148330897678,-1.4479405865279806,-0.04077895472706379,-0.5866753058539755,-0.025349315557772752,-0.1707698790161436,0.8187978076605511,0.23366313322662344,0.5982859930700992,-0.15575969535792394,ambos,15.932091200629925,3.671192013567932,90,0,16
Papua New Guinea,PNG,2014,-0.7101249815359592,-0.5467029895686109,-0.9569428499742867,1.6756789764996394,-0.6313438569642621,-0.22853444278166668,-1.3349698270022812,0.4816074151766507,-0.5866753058539755,-0.025349315557772752,-0.1707698790161436,0.8187978076605511,0.3717319719851945,0.9767902553191458,-0.013212701722894819,ambos,15.958330807833592,3.671211224364708,90,0,17
Papua New Guinea,PNG,2015,-0.6868540279285723,-0.5467029895686109,-0.9569428499742867,1.6756789764996394,-0.6293484990930365,-0.22722299873539842,-1.3076331302431459,0.6506052495596286,-0.5866753058539755,-0.025349315557772752,-0.445220253086858,0.6052741548677444,0.23366313322662344,0.9767902553191458,0.12933429191213489,ambos,15.983792188936338,3.6715013574552122,90,0,18
Papua New Guinea,PNG,2016,-0.6687595317370534,-0.5467029895686109,-0.9569428499742867,1.6756789764996394,-0.6865029215715128,-0.22591950789726314,-1.3007762568121957,0.6443343448624786,-0.5866753058539755,-0.025349315557772752,-0.445220253086858,0.6052741548677444,0.09559429446805148,0.9767902553191458,0.12933429191213489,ambos,16.008472619228314,3.6631573646405555,90,0,19
Papua New Guinea,PNG,2017,-0.6618226288283594,-0.5467029895686109,-0.9569428499742867,1.6756789764996394,-0.7914557569854354,-0.22462482346213186,-1.3051752285066556,0.7806880124277579,-0.5866753058539755,-0.025349315557772752,-0.445220253086858,0.6052741548677444,0.09559429446805148,0.9767902553191458,0.12933429191213489,ambos,16.032397774585302,3.6476515680740103,90,0,20
Paraguay,PRY,1996,0.30884700146477023,-0.3781548209351696,-0.5982763491289957,0.8605571744689271,-0.4036329091716155,-0.25142093578315605,0.1480527806300307,0.36987942791990314,-0.5866753058539755,-1.232987325051966,-0.9941210012282867,-0.8893908168159154,-0.45668106056623414,0.14303411301392915,0.6995222664522537,ambos,15.360419335883416,3.703789632709209,91,0,0
Paraguay,PRY,1997,0.3398532270489798,-0.42099090231982633,-0.47225567398761675,0.6541878771010237,-0.24810980098570118,-0.2507833128274424,0.13030792816889122,0.34722963636190446,-0.8994420996891298,-1.232987325051966,-0.9941210012282867,-0.8893908168159154,-0.5257154799455199,-0.18401465139423934,0.34315478236467856,ambos,15.382961839619183,3.725445460210002,91,0,1
Paraguay,PRY,1998,0.3054545803605636,-0.7272879022979022,-0.3214133382458398,0.8190290547976332,-0.009981071523944044,-0.2501531836672389,0.07746353539488388,0.49893929255477426,-1.212208893524284,-1.232987325051966,-0.9941210012282867,-0.8893908168159154,-0.594749899324806,-0.5110634158024079,-0.15575969535792394,ambos,15.404751069189226,3.757720760512455,91,0,2
Paraguay,PRY,1999,0.2506508671963315,-0.813911052733287,-0.08269927532943575,0.12005659123641979,-0.480878720717643,-0.24953798840047645,0.01740235720780672,0.6777019139970388,-1.212208893524284,-1.232987325051966,-1.4057965623343582,-0.8893908168159154,-0.594749899324806,-0.5110634158024079,-0.6784320053530332,ambos,15.425575473790659,3.6928566745832803,91,0,3
Paraguay,PRY,2000,0.18545173854245867,-0.8730448216835357,0.03209299018496849,0.15171835117586707,-0.4405398432268581,-0.24895487445414247,-0.23326817534892313,0.7140686736564285,-1.212208893524284,-1.232987325051966,-1.8174721234404299,-0.8893908168159154,-0.594749899324806,-0.5110634158024079,-0.7259476698980427,ambos,15.444921475336322,3.698580932301204,91,0,4
Paraguay,PRY,2001,0.14823526534677164,-0.8513600983988451,0.16886036078533825,-0.023788214017890094,-0.4492289657822228,-0.24843686583950195,-0.2704272640618028,0.964907942144855,-1.212208893524284,-1.232987325051966,-1.954697310475787,-0.8893908168159154,-0.7328187380833777,-0.5110634158024079,-0.8209789989880629,ambos,15.461799069356381,3.6973506748672897,91,0,5
Paraguay,PRY,2002,0.12756065859419619,-0.9025652555714934,0.22740518594712786,0.1748760291842854,-0.43373097092000923,-0.24799750627933204,-0.29217809244927395,1.266840415756499,-1.212208893524284,-1.232987325051966,-2.091922497511144,-0.8893908168159154,-0.8708875768419492,-0.5110634158024079,-1.7712922898882606,ambos,15.475894214397284,3.6995439161851746,91,0,6
Paraguay,PRY,2003,0.17125043459383618,-0.5936417572532805,0.14460801128782885,0.22386876498123987,-0.784798935668965,-0.24760904605793382,-0.23807972081047613,1.1080866769748348,-1.212208893524284,-1.232987325051966,-2.091922497511144,-0.8893908168159154,-0.8708875768419492,-0.5110634158024079,-1.8663236189782797,ambos,15.48819309230926,3.6486422245002346,91,0,7
Paraguay,PRY,2004,0.2136030481604197,-0.5261271244869576,0.1939679874425033,0.1941407036867941,-0.4826792825116171,-0.24724068663038415,-0.15003432132239614,0.9518050628006032,-1.212208893524284,-1.232987325051966,0.10368049505457075,-0.8893908168159154,-0.594749899324806,-0.5110634158024079,-1.8663236189782797,ambos,15.499717481160783,3.6926004017044636,91,0,8
Paraguay,PRY,2005,0.22896321287848306,-0.42397803113061716,0.19372547498336148,0.33705379032804555,-0.6416390292801043,-0.24688316814745387,-0.26634146821548016,1.0257674131021466,-0.5866753058539755,-0.025349315557772752,0.10368049505457075,-0.6758671640231085,-0.45668106056623414,0.14303411301392915,-1.8663236189782797,ambos,15.510777114902268,3.669712925675544,91,0,9
Paraguay,PRY,2006,0.28611505486217353,-0.40838692798162524,0.18614164963994664,0.3286713572844103,-0.40884733590065747,-0.24654277919231796,-0.1194791921576254,0.9434812517607655,0.038858281816333155,-0.025349315557772752,0.3781308691252851,-0.03529680351067694,-0.042474544290519535,0.5634006171072207,-1.8663236189782797,ambos,15.521194394075993,3.7030553609073085,91,0,10
Paraguay,PRY,2007,0.3561012580184052,-0.5769875960015564,0.19849488667979984,0.1620762855302932,-0.5506457364410775,-0.24621917371390983,0.06659020910264031,0.842700888446792,0.038858281816333155,-0.025349315557772752,0.3781308691252851,-0.03529680351067694,-0.042474544290519535,0.5634006171072207,-1.8663236189782797,ambos,15.530998408350028,3.682878431912183,91,0,11
Paraguay,PRY,2008,0.44704278315592494,-0.4505957396230627,0.2535369380290148,0.2137031790970141,-0.33245093962097505,-0.24589586655538667,0.1750681288569961,0.8149033117345917,0.038858281816333155,-0.025349315557772752,0.3781308691252851,-0.03529680351067694,-0.042474544290519535,0.6052628589514663,-1.8663236189782797,ambos,15.540698329440156,3.713759608293983,91,0,12
Paraguay,PRY,2009,0.4246751070789516,-0.498416999076296,0.2892345512978512,-0.07504543586552656,-0.5029390904641832,-0.24555183213125653,-0.009806780991446069,0.8661014259389219,0.038858281816333155,-0.025349315557772752,0.3781308691252851,-0.03529680351067694,-0.042474544290519535,0.6052628589514663,-1.8663236189782797,ambos,15.550917817694073,3.689712299328472,91,0,13
Paraguay,PRY,2010,0.5944310593276614,-0.16416704984470656,0.34871060932473985,0.22765146887396515,-0.170302954922746,-0.24515366458080176,0.19409727496806356,0.6337887087559901,0.038858281816333155,-0.025349315557772752,0.3781308691252851,-0.03529680351067694,-0.042474544290519535,0.6052628589514663,-1.6525031285257354,ambos,15.5626163957625,3.7361061829271116,91,0,14
Paraguay,PRY,2011,0.6497913684864692,-0.20581708362385767,0.44698462958312657,0.1472833117493569,-0.3108038692539895,-0.24469631036517112,0.00862329453396591,0.5861575964390647,0.038858281816333155,-0.025349315557772752,0.3781308691252851,-0.03529680351067694,-0.042474544290519535,0.6052628589514663,-1.5812296317082215,ambos,15.57588719742356,3.716771960725865,91,0,15
Paraguay,PRY,2012,0.6087939359678509,-0.37683045444862867,0.6971371968223423,0.038964245549304256,-0.19655013040999003,-0.24420478658991726,-0.11836240402618235,0.6262747407479237,0.038858281816333155,-0.025349315557772752,0.3781308691252851,-0.03529680351067694,-0.042474544290519535,0.5808435667276717,-1.5812296317082215,ambos,15.58995583118124,3.732522608306419,91,0,16
Paraguay,PRY,2013,0.7380413436255312,-0.434849854194283,0.6971371968223423,-0.0015798044490282568,-0.4554000584126084,-0.24369503546969243,-0.03848292209537071,0.5190939767246827,-0.5866753058539755,-0.025349315557772752,0.10368049505457075,-0.03529680351067694,0.09559429446805148,0.5808435667276717,-1.5812296317082215,ambos,15.604340072397141,3.696476014937093,91,0,17
Paraguay,PRY,2014,0.8154570188997345,-0.3475827957382954,0.6971371968223423,-0.12614397169706731,-0.21373086710401468,-0.24317377516830585,0.1857150489306374,0.5504784582137265,-0.5866753058539755,-0.025349315557772752,0.10368049505457075,-0.03529680351067694,0.09559429446805148,0.5808435667276717,-1.5099561348907058,ambos,15.618838190562629,3.7301699176095964,91,0,18
Paraguay,PRY,2015,0.8465404984724659,-0.39333153856048897,0.6971371968223423,-0.18916964331343133,-0.2644785087530113,-0.24264102358495065,0.26727524327545515,0.6319765229974301,-0.5866753058539755,-0.025349315557772752,0.3781308691252851,0.1782268492821305,0.09559429446805148,1.0291180576244527,-1.2961356444381615,ambos,15.63344187038471,3.723188154864438,91,0,19
Paraguay,PRY,2016,0.9061060721112083,-0.4321157222761145,0.6633217441230329,-0.1646340229029561,-0.25628644245100174,-0.24210391056487737,0.22510647315783394,0.6248259612584277,0.038858281816333155,-0.025349315557772752,0.3781308691252851,0.39175050207493695,0.3717319719851945,1.0186524971633915,-1.2604988960294048,ambos,15.647952331956425,3.7243185080355135,91,0,20
Paraguay,PRY,2017,0.9797933827688795,-0.4184733681381058,0.6633217441230329,-0.06812423670783946,-0.3128929439086847,-0.241569715113279,0.2361206104026862,0.6162073656692878,0.038858281816333155,-0.025349315557772752,0.3781308691252851,0.39175050207493695,0.3717319719851945,1.0256298863227806,-0.8684946635330736,ambos,15.662178105369644,3.716481645581142,91,0,21
West Bank and Gaza,PSE,1996,-0.7200347441515939,1.4514122502117595,0.13720131108522143,0.46046785119850436,0.2558213928556893,-0.26394766220687876,1.274929676697035,-0.03667282979403837,0.038858281816333155,-0.025349315557772752,-0.9941210012282867,-0.6402797889133092,0.9930417463987669,-0.5110634158024079,0.12933429191213489,ambos,14.766395161805102,3.7925577912459225,92,0,0
West Bank and Gaza,PSE,1997,-0.6634173671148318,1.2256595676211652,0.21679947327155577,0.4915269228697623,0.1050368402192818,-0.26324051878517424,1.316181049926632,-0.3177371210938424,0.038858281816333155,-0.025349315557772752,-0.9941210012282867,-0.6402797889133092,0.9930417463987669,-0.5110634158024079,0.12933429191213489,apenas_quantitativo,14.811173865331236,3.7729446044483663,92,1,1
West Bank and Gaza,PSE,1998,-0.5897330649086532,1.1461014334158686,0.21679947327155577,0.4524193107230258,0.24535105535421192,-0.2628225726263467,1.3834816263323684,-0.3386080417025553,0.038858281816333155,-0.025349315557772752,-0.9941210012282867,-0.6402797889133092,0.9930417463987669,-0.5110634158024079,0.12933429191213489,ambos,14.836726550786667,3.791208228671231,92,0,2
West Bank and Gaza,PSE,1999,-0.5499350134538611,2.0269627146239433,0.36337411393458285,0.6661327580018712,0.12367994090443826,-0.2623938093884905,1.4447253905838469,-0.19100790543785753,0.038858281816333155,-0.025349315557772752,-0.9941210012282867,-0.6402797889133092,0.9930417463987669,-0.5110634158024079,0.12933429191213489,apenas_quantitativo,14.862279225404196,3.775390535062404,92,1,3
West Bank and Gaza,PSE,2000,-0.6321688986694423,0.968561272577824,0.4514844910263422,0.4131129700944092,-0.40201977689807405,-0.2619539546173115,1.2729702139771346,-0.4630909166422607,0.038858281816333155,-0.025349315557772752,-0.9941210012282867,-0.6402797889133092,0.9930417463987669,-0.5110634158024079,0.12933429191213489,ambos,14.887831573531647,3.704016677489896,92,0,4
West Bank and Gaza,PSE,2001,-0.7104398183798147,0.7760190268796117,0.5267003234049484,0.2703277725068011,-0.56972801090147,-0.26150270999292485,1.1533418794264771,-0.2514111592479331,0.038858281816333155,-0.025349315557772752,-0.9941210012282867,-0.5157245738950004,0.8204556979505524,-0.3475390335983236,0.12933429191213489,apenas_quantitativo,14.913384240596756,3.6801318099540135,92,1,5
West Bank and Gaza,PSE,2002,-0.7981075805354676,0.3312064823724487,0.609194564412215,0.08220638896980496,-0.6070823946759574,-0.2610397831618432,0.6440317080436706,-0.582209338207654,0.038858281816333155,-0.025349315557772752,-0.9941210012282867,-0.3911693588766917,0.647869649502338,-0.18401465139423934,0.12933429191213489,ambos,14.938937077843171,3.6747332411480893,92,0,6
West Bank and Gaza,PSE,2003,-0.7414242540108984,0.641916314477919,0.7064991709702649,0.08644383527206952,-0.5967740735557251,-0.26056488177057924,0.8313451930593838,-0.32103617322648326,0.038858281816333155,-0.025349315557772752,-0.445220253086858,-0.6402797889133092,0.9930417463987669,-0.18401465139423934,0.12933429191213489,ambos,14.964489545195919,3.6762259449483126,92,0,7
West Bank and Gaza,PSE,2004,-0.634827218075206,0.18195383846877455,0.8441149213338369,0.2237591096419621,-0.5755337278355273,-0.2600776836336573,0.7164851464969625,-0.5888950597745328,0.7591697161292261,0.8163376648641909,-0.16245337400090318,-0.2502577261402542,0.8152256503383776,0.0835708915862701,0.12933429191213489,ambos,14.990042296117503,3.6792946606182477,92,0,8
West Bank and Gaza,PSE,2005,-0.5778097611834679,0.14697175069544424,0.897677343196853,0.30259755449617654,-0.5298168698608426,-0.259577878498397,0.9089966307587328,-0.5055925079286567,0.038858281816333155,-0.025349315557772752,-0.445220253086858,-0.3911693588766917,0.647869649502338,0.47008287742209764,0.12933429191213489,ambos,15.015594912057008,3.685867864704529,92,0,9
West Bank and Gaza,PSE,2006,-0.603288907036931,-0.20525114082790963,0.9609452295509427,0.2677556399631144,-0.5927227619549675,-0.2590651382129249,0.6291989087029262,-0.7255373362231387,-0.08617837595590953,1.1015682371610134,-0.7196706271575724,-0.3911693588766917,1.4365856818092577,1.3256424451138664,0.12933429191213489,ambos,15.041147491210783,3.676811988628399,92,0,10
West Bank and Gaza,PSE,2007,-0.5950570353012908,-0.3257080965517721,0.9730509880062094,0.5398277880481591,-0.5945773054811591,-0.2585391286589697,0.6479151408782604,-0.7914101029275815,1.7503181776822976,1.6444116665879331,-0.9941210012282867,-0.8893908168159154,1.4528109794648096,1.3256424451138664,0.12933429191213489,ambos,15.066700003407036,3.676543761708939,92,0,11
West Bank and Gaza,PSE,2008,-0.56292323181193,-0.5668250744207314,0.9540282444961995,0.17599065646802287,-0.5302506573327597,-0.25795751824485597,0.5659864673042578,-0.8107366718315336,0.5893278389662047,1.2064414541263044,-0.9941210012282867,-0.6402797889133092,1.490089565929624,1.2314524009643137,0.12933429191213489,ambos,15.094213583663867,3.685805697022407,92,0,12
West Bank and Gaza,PSE,2009,-0.5202551629782226,-0.5394129283044823,0.9579266529690779,0.050189034685267246,-0.003323756470109551,-0.2573780497675162,0.664518991945897,-0.7922303184941292,1.2899254571569505,1.1822886939364206,-0.9941210012282867,1.032321460453358,0.23366313322662344,-0.3662896549983843,0.12933429191213489,ambos,15.120893083828648,3.7586082745466607,92,0,13
West Bank and Gaza,PSE,2010,-0.49613713371625523,-0.4600089165658362,0.9277483177779439,-0.1431765023037507,-0.3283267263051411,-0.2567989392740384,0.6937608580731198,-0.702875920086561,1.2899254571569505,2.3899267034306138,-1.268571375299001,1.67289182096579,0.5098008107437664,0.0017490467896002376,0.12933429191213489,ambos,15.146863399059427,3.714334223716767,92,0,14
West Bank and Gaza,PSE,2011,-0.4404503092065425,-0.19015794092204183,0.8953290415336829,-0.17944933837464777,-0.27993782729515737,-0.2562212428168153,0.818421321625615,-0.6771119199834269,0.038858281816333155,1.1822886939364206,-1.8174721234404299,1.459368168172983,-0.042474544290519535,-0.5162961960329385,0.12933429191213489,ambos,15.17211526078134,3.7210515687983845,92,0,15
West Bank and Gaza,PSE,2012,-0.4100322010391156,-0.26355326468666096,0.8853231448722881,-0.18875516563095399,-0.5632624909933398,-0.2556424306432224,0.93906415564502,-0.5682010334373601,0.038858281816333155,1.1822886939364206,-1.8174721234404299,0.8187978076605511,-0.042474544290519535,-0.5459487917652868,0.12933429191213489,ambos,15.196792126004308,3.68106327482396,92,0,16
West Bank and Gaza,PSE,2013,-0.39016631761026266,-0.11170701086466564,0.8758428016903086,-0.20787825756299538,-0.4081268077194885,-0.25506542032173474,1.0946283395598817,-0.7085273777657304,0.038858281816333155,1.1822886939364206,-1.8174721234404299,0.8187978076605511,-0.042474544290519535,-0.5459487917652868,0.12933429191213489,ambos,15.220800603242228,3.7031568545098623,92,0,17
West Bank and Gaza,PSE,2014,-0.4128208361034653,-0.1799545536789889,0.871360770971557,-0.16520009528349242,-0.4537778303684289,-0.254488529328201,1.100572323944419,-0.7576262933452954,0.038858281816333155,1.1822886939364206,-1.8174721234404299,0.8187978076605511,0.09559429446805148,-0.12383767874313628,0.12933429191213489,ambos,15.244241369668607,3.6967060155903915,92,0,18
West Bank and Gaza,PSE,2015,-0.4005478456074522,0.12162511981721863,0.899309796026985,-0.07681861764647756,-0.5221230134561994,-0.2539116144690765,1.1950279879111505,-0.88700846834975,0.038858281816333155,1.1822886939364206,-2.091922497511144,0.8187978076605511,-0.18054338304909118,-0.586066424680674,0.12933429191213489,ambos,15.267146164827114,3.6869698579446553,92,0,19
West Bank and Gaza,PSE,2016,-0.34211372570921766,0.16116276235166468,0.9090868430516007,-0.23254623309907704,-0.3168010311375276,-0.25333289775784684,1.3744134641067347,-0.8169413266280924,0.6643918694866419,1.1822886939364206,-2.091922497511144,1.032321460453358,0.09559429446805148,-0.6000206797214301,0.12933429191213489,ambos,15.28960721238368,3.71593831894088,92,0,20
West Bank and Gaza,PSE,2017,-0.3476869691968859,0.40627061695858613,0.9483179349189297,-0.14460023555982415,-0.4539651482853134,-0.25280954325086785,1.436844253700344,-0.6522187380582712,0.6643918694866419,1.1822886939364206,-2.091922497511144,1.032321460453358,0.09559429446805148,-0.6052534599519609,0.12933429191213489,ambos,15.309494071361987,3.696679460223415,92,0,21
Rwanda,RWA,1996,-1.1744068947250248,-1.0025608246384652,-2.0257923667839597,-1.1971865610420431,-0.6254343609930979,-0.23936152745922165,-1.7519943831468956,-0.7480875092187361,0.038858281816333155,-0.025349315557772752,-0.9941210012282867,-0.8893908168159154,-0.7328187380833772,-1.1651609446187448,0.12933429191213489,ambos,15.718925438356646,3.6720702445369264,93,0,0
Rwanda,RWA,1997,-1.176412439978418,-1.0704744495607994,-2.0257923667839597,-1.1612253446293015,-0.6290590650959772,-0.2331178473933699,-1.735344359336653,-0.7042294951894762,0.038858281816333155,-0.025349315557772752,-0.9941210012282867,-0.8893908168159154,-0.7328187380833772,-1.1651609446187448,0.12933429191213489,ambos,15.863879172944449,3.671543435337138,93,0,1
Rwanda,RWA,1998,-1.1705874492520612,-0.9495966598901884,-2.0257923667839597,-1.2970321772918791,-0.5910862796055686,-0.23117015862925647,-1.7250173649688536,-0.696478259726471,0.038858281816333155,-0.025349315557772752,-0.9941210012282867,-0.8893908168159154,-0.7328187380833772,-1.1651609446187448,0.12933429191213489,ambos,15.905110577150092,3.67704861711655,93,0,2
Rwanda,RWA,1999,-1.165808992388677,-1.2929214668961297,-2.0257923667839597,-1.3394897040386007,-0.6394207923649731,-0.23077499814324207,-1.719296583256071,-0.7241688765373667,0.038858281816333155,-0.025349315557772752,-0.9941210012282867,-0.8893908168159154,-0.7328187380833772,-1.1651609446187448,0.12933429191213489,ambos,15.913272378804965,3.6700359445915733,93,0,3
Rwanda,RWA,2000,-1.1552219217601372,-1.2544299927355869,-1.9268395066400283,-1.3350918206754294,-0.5850282016315446,-0.2303811025335399,-1.710074468402254,-0.8539842640732214,0.038858281816333155,-0.025349315557772752,-0.9941210012282867,-0.8893908168159154,-0.7328187380833772,-1.1651609446187448,0.12933429191213489,ambos,15.921342294915554,3.677924102816869,93,0,4
Rwanda,RWA,2001,-1.143799970790779,-1.1946796591485815,-1.893866433942442,-1.2852781551141272,-0.48893502807234607,-0.2299445829786748,-1.6956306004028772,-0.8859134254822091,0.038858281816333155,-0.025349315557772752,-0.9941210012282867,-0.8893908168159154,-0.7328187380833772,-1.1651609446187448,0.12933429191213489,ambos,15.930210043503857,3.691709514373945,93,0,5
Rwanda,RWA,2002,-1.1247606173390445,-1.2150698204199855,-1.85937093341369,-1.331471437394945,-0.6401848394991235,-0.22926986692846532,-1.6744238261772044,-0.8898026476907439,0.038858281816333155,-0.025349315557772752,-0.9941210012282867,-0.8893908168159154,-0.7328187380833772,-1.1651609446187448,0.12933429191213489,ambos,15.943763811200443,3.6699246960837746,93,0,6
Rwanda,RWA,2003,-1.1247964890820055,-1.1480961059261616,-1.805840722392093,-1.2820314949723612,-0.6150742532165036,-0.2281559703100169,-1.6192278042585149,-1.0658629008989542,0.038858281816333155,-0.025349315557772752,-0.1707698790161436,-0.6402797889133092,-0.3876466411869483,-0.8381121802105763,0.12933429191213489,ambos,15.965745549117145,3.6735744390556704,93,0,7
Rwanda,RWA,2004,-1.1163342032202614,-1.0041629181310883,-1.7427933458024722,-1.1613935384925251,-0.596842091945826,-0.22678388379753417,-1.5478452139824541,-1.040958504494123,0.3547842704826576,0.32840312045295356,-0.14027558817299732,-0.31064876752214965,0.20158642833087717,-0.4978490758862486,0.12933429191213489,ambos,15.992174654239014,3.6762161027958338,93,0,8
Rwanda,RWA,2005,-1.103929955128476,-0.9084741438692131,-1.7010367835971267,-1.1394556132291167,-0.6060610891482366,-0.22536576652680224,-1.4641567659509964,-1.010439430163513,0.038858281816333155,-0.025349315557772752,-0.1707698790161436,-0.6402797889133092,-0.3876466411869483,-0.18401465139423934,0.12933429191213489,ambos,16.018775632485728,3.6748812315067343,93,0,9
Rwanda,RWA,2006,-1.0910313466309178,-0.9655846911342866,-1.6389755967517612,-1.1683752881028173,-0.49202130204128336,-0.2239056816146543,-1.3724292365053496,-0.9365547738951532,0.6643918694866419,-0.025349315557772752,-0.1707698790161436,0.39175050207493695,0.23366313322662344,-0.2808210856590573,0.12933429191213489,ambos,16.045443987103486,3.691269702296845,93,0,10
Rwanda,RWA,2007,-1.0806490971709148,-0.7704588556292981,-1.5599354339381388,-1.088468153800246,-0.2998339206118702,-0.22240998327463996,-1.269121390491464,-0.861221312182252,0.6643918694866419,-0.025349315557772752,0.3781308691252851,0.39175050207493695,0.23366313322662344,-0.2808210856590573,0.12933429191213489,ambos,16.072044801438267,3.7182950540311195,93,0,11
Rwanda,RWA,2008,-1.0619150210806585,-0.24582220293842552,-1.4978654873992818,-1.0409942138094326,-0.30800192008827587,-0.2208925135494213,-1.166243676054891,-0.9005109001921248,0.6643918694866419,-0.025349315557772752,0.3781308691252851,0.39175050207493695,0.3717319719851945,-0.3000081209303446,0.12933429191213489,ambos,16.09832856303061,3.717161210542727,93,0,12
Rwanda,RWA,2009,-1.0532328376163091,-0.28690787987322314,-1.3368572169795059,-1.0642113806314757,-0.28761253807669845,-0.21936414321560624,-1.0631452097779874,-0.9486359502316275,0.6643918694866419,-0.025349315557772752,0.3781308691252851,-0.03529680351067694,-0.18054338304909118,-0.7360729657152278,0.12933429191213489,ambos,16.1241207634591,3.7199891719430616,93,0,13
Rwanda,RWA,2010,-1.0414090884785803,-0.33634409786482594,-1.125341174662011,-1.0504577377624376,-0.03590870349447902,-0.21783005707279535,-0.9441342062672459,-0.8950611158103365,0.6643918694866419,-0.025349315557772752,0.3781308691252851,-0.03529680351067694,-0.3186122218076625,-0.8163087548240241,0.12933429191213489,ambos,16.149357274421202,3.7542567141256082,93,0,14
Rwanda,RWA,2011,-1.0272206351122992,-0.25929559028369886,-0.9728052521961883,-0.979627049412361,-0.36857243990844424,-0.2163015853102194,-0.8110010140560794,-0.7412249740223477,0.6643918694866419,-0.025349315557772752,0.3781308691252851,0.1782268492821305,-0.3186122218076625,-0.8163087548240241,0.12933429191213489,ambos,16.17388355941799,3.7087127376476845,93,0,15
Rwanda,RWA,2012,-1.0102348746469012,-0.0013785535406431327,-0.8628084705367951,-0.9556578245162891,-0.03724208103238702,-0.21477318514441585,-0.6757515097009918,-0.7364013562136332,0.6643918694866419,-0.025349315557772752,0.3781308691252851,0.1782268492821305,-0.3186122218076625,-0.7971222428307603,0.12933429191213489,ambos,16.197821569998098,3.7540782441520992,93,0,16
Rwanda,RWA,2013,-1.0036086825702095,0.12513531386777346,-1.2046674140376992,-0.8930980176168271,-0.13048116267911936,-0.21320140330094156,-0.6620729724448777,-0.7873197648107392,0.6643918694866419,-0.025349315557772752,0.3781308691252851,0.1782268492821305,-0.18054338304909118,-0.7936335482510659,0.12933429191213489,ambos,16.221855576354702,3.7415187202101166,93,0,17
Rwanda,RWA,2014,-0.9925915885740217,-0.0007622945334879858,-0.7847307555931331,-0.8579549973023547,0.013313036130782486,-0.2115820215366232,-0.6468757349749945,-0.7927970820046752,0.6643918694866419,-0.025349315557772752,0.3781308691252851,0.39175050207493695,-0.042474544290519535,-0.8163087548240241,0.12933429191213489,ambos,16.246027721597287,3.760822756051316,93,0,18
Rwanda,RWA,2015,-0.9728403266346876,0.15949164785673187,-0.8719526319293542,-0.8201963739323599,-0.32159116901529755,-0.2099396810739584,-0.6266370196114611,-0.8015578038307966,0.6643918694866419,-0.025349315557772752,0.3781308691252851,0.39175050207493695,0.09559429446805148,-0.8477054362072083,0.12933429191213489,ambos,16.269959976210632,3.715271961207526,93,0,19
Rwanda,RWA,2016,-0.9611831673398582,0.5438347429087456,-0.904631191576811,-0.6957256391139471,-0.09060205920579524,-0.2082740955258576,-0.6117161267703654,-0.8525619163013034,0.6643918694866419,-0.025349315557772752,0.3781308691252851,0.39175050207493695,0.09559429446805148,-0.8477054362072083,0.12933429191213489,ambos,16.293659760882395,3.7469098464741766,93,0,20
Rwanda,RWA,2017,-0.9559649851367936,0.008093044398752943,-0.8617798874638876,-0.573945211825383,-0.13534277365686984,-0.20658633884390665,-0.5949286191669374,-0.8151472525448142,0.6643918694866419,1.1822886939364206,0.3781308691252851,0.39175050207493695,0.09559429446805148,-0.8267743152850855,0.12933429191213489,ambos,16.3171154298619,3.740859502821353,93,0,21
Sudan,SDN,1996,-0.8704827383244431,-1.288887197088711,-1.1291283971041344,-1.5517499426905597,-0.6527587386137383,-0.12884735094716646,-0.9136884092009191,-1.0418427440303657,-1.212208893524284,-1.232987325051966,-2.091922497511144,-1.1029144696087223,-1.8373694481519498,-1.8192584734350818,-1.391166973528181,ambos,17.043604921238376,3.668092102953852,94,0,0
Sudan,SDN,1997,-0.8024341457572659,-1.6561826346667285,-1.1291283971041344,-1.6148505088247491,-0.5068889370889328,-0.1254566888995063,-0.8169602979590711,-1.0872792715775113,-1.212208893524284,-1.232987325051966,-2.091922497511144,-1.1029144696087223,-1.8373694481519498,-1.8192584734350818,-1.8663236189782797,ambos,17.06587815064324,3.6891482627633088,94,0,1
Sudan,SDN,1998,-0.793330207214361,-1.5045455288892835,-1.1291283971041344,-1.4981216178906418,-0.07698709375881285,-0.12152377079695621,-0.7920652175936265,-1.0426551787615888,-1.212208893524284,-1.232987325051966,-2.091922497511144,-1.1029144696087223,-1.8373694481519498,-1.8192584734350818,-1.8663236189782797,ambos,17.091106923041977,3.7487437742371186,94,0,2
Sudan,SDN,1999,-0.7906358859890702,-1.490327883625082,-1.1291283971041344,-1.4156080798857196,-0.046155848222470916,-0.1175166545726191,-0.7778203579597148,-0.9616867726500086,-1.212208893524284,-1.232987325051966,-2.091922497511144,-1.1029144696087223,-1.8373694481519498,-1.8192584734350818,-1.8663236189782797,ambos,17.116173316151965,3.752884334963674,94,0,3
Sudan,SDN,2000,-0.7732284776875415,0.2714827836609873,-1.1291283971041344,-1.279310990696454,-0.09366564619568944,-0.11342291818648528,-0.730454880655756,-0.5812809335433141,-1.212208893524284,-1.232987325051966,-2.091922497511144,-1.1029144696087223,-1.8373694481519498,-1.8192584734350818,-1.8663236189782797,ambos,17.14114877140713,3.746496719171247,94,0,4
Sudan,SDN,2001,-0.7544665476382303,-0.25630255328805124,-1.1291283971041344,-1.5440920246280245,-0.01448660349022499,-0.10924629063711677,-0.6877304720811324,-0.6265904695787514,-1.212208893524284,-1.232987325051966,-1.8174721234404299,-1.1029144696087223,-1.5612317706348062,-1.8192584734350818,-1.8663236189782797,ambos,17.16600292830681,3.757119662281079,94,0,5
Sudan,SDN,2002,-0.737634947734245,-0.13088678580543198,-1.1360657984523623,-1.389126936479617,0.03449043655643498,-0.10499847203040164,-0.6503688831596668,-0.523048607103467,-1.212208893524284,-1.232987325051966,-1.5430217493697154,-1.1029144696087223,-1.285094093117663,-1.8192584734350818,-1.5812296317082204,ambos,17.190662619205884,3.7636345507440963,94,0,6
Sudan,SDN,2003,-0.7178412197627728,-0.06929447244081963,-1.0909870362734762,-1.3654510689345583,0.451920569905242,-0.10101704711455718,-0.6118336111920887,-0.6012257080581773,-1.212208893524284,-1.232987325051966,-2.091922497511144,-1.1029144696087223,-1.561231770634807,-1.8192584734350818,-1.5812296317082204,ambos,17.213236454321205,3.8175029948560626,94,0,7
Sudan,SDN,2004,-0.7037903797600482,0.11687908960345751,-0.9738795906670581,-1.249432213507134,0.33872680333008537,-0.09707563286168344,-0.5709435378030303,-0.46955884652945057,-1.212208893524284,-1.232987325051966,-1.5430217493697154,-1.1029144696087223,-1.561231770634807,-1.8192584734350818,-1.5812296317082204,ambos,17.235092503121706,3.803179969368643,94,0,8
Sudan,SDN,2005,-0.687182492769963,-0.17444374315971284,-0.9819307835938476,-1.09135639170018,0.12314007658501243,-0.09286450760081827,-0.537927983564966,-0.422612231451389,-1.212208893524284,-1.232987325051966,-1.268571375299001,-0.8893908168159154,-1.561231770634807,-1.8192584734350818,-1.5812296317082204,ambos,17.25792809487018,3.775319790191884,94,0,9
Sudan,SDN,2006,-0.6651435456990993,0.02935283872062278,-1.0438307782842036,-1.0817367914280738,0.05845351755577651,-0.08850909097799611,-0.4940992472364481,-0.33882718818478874,-0.5866753058539755,-0.025349315557772752,-1.268571375299001,-0.4623435112303015,-0.45668106056623414,-0.8773580319395566,-1.5812296317082204,ambos,17.28101005782303,3.766806704118366,94,0,10
Sudan,SDN,2007,-0.6478571952734419,-0.16240906283701326,-1.0687030657745331,-1.134026887150094,-0.21069013778513238,-0.08390482187353887,-0.4455941906879156,-0.058516487061533375,-1.212208893524284,-0.025349315557772752,-1.131346188263644,-0.8893908168159154,-0.45668106056623414,-0.8773580319395566,-1.5812296317082204,ambos,17.30484506050634,3.730586711444559,94,0,11
Sudan,SDN,2008,-0.6432860761182533,-0.2395980960311965,-0.9991135776271649,-1.0660867594639358,-0.20738416098071613,-0.07877464464388739,-0.43738850436019466,0.09866206402337413,-1.212208893524284,-0.025349315557772752,-1.268571375299001,-0.8893908168159154,-0.45668106056623414,-0.8930563726311487,-1.5812296317082204,ambos,17.330750090594364,3.7310396658238973,94,0,12
Sudan,SDN,2009,-0.6818490223916478,-0.038878371732789185,-0.8689784675561326,-1.181178824641779,-0.06839071138293673,-0.07313560528726824,-0.4639986538396653,-0.11520756862904673,-1.212208893524284,-0.025349315557772752,-1.5430217493697154,-0.8893908168159154,-0.45668106056623414,-0.8930563726311487,-1.5812296317082204,ambos,17.358471182411144,3.749899972056369,94,0,13
Sudan,SDN,2010,-0.6771050987670487,-0.2723490482081733,-0.8626634872634436,-1.1827065692377703,-0.04111754947811859,-0.06809229284171912,-0.45917155347281996,-0.492408293438124,-1.212208893524284,-0.025349315557772752,-1.5430217493697154,-0.8893908168159154,-0.45668106056623414,-0.9610825156280483,-1.5812296317082204,ambos,17.382629075052602,3.7535593393875777,94,0,14
Sudan,SDN,2011,-0.6401192574761814,0.07456710075309296,-1.0237227984169377,-1.3342933353038091,-0.10195549371119522,-0.06375825978825084,-0.43883976176368306,-0.5603373266888728,-1.212208893524284,-0.025349315557772752,-1.5430217493697154,-0.8893908168159154,-0.594749899324806,-0.9680593815094143,-1.5812296317082204,ambos,17.402933172707495,3.7453779696908094,94,0,15
Sudan,SDN,2012,-0.6881364521542368,-0.3540430032038955,-0.8966385447431484,-1.498673025449308,0.42117782261860154,-0.05909031728754794,-0.5329416365463476,-0.7872636548220618,-1.212208893524284,-0.025349315557772752,-1.5430217493697154,-1.1029144696087223,-0.7328187380833772,-1.404124749572321,-1.5812296317082204,ambos,17.424350068984186,3.813633195210947,94,0,16
Sudan,SDN,2013,-0.6904419451027226,-0.6604021636486107,-0.8164976954042193,-1.3532945203790638,0.032909676753831135,-0.053943279017998585,-0.5157967296145148,-0.5681442638721451,-1.212208893524284,-0.025349315557772752,-1.268571375299001,-1.529961775194336,-0.8708875768419492,-1.3762162394908086,-1.5812296317082204,ambos,17.447445251883284,3.7634249407782807,94,0,17
Sudan,SDN,2014,-0.6789464757892564,-0.9212665935963914,-0.7765897733950909,-1.528056654059905,-0.21137788299951524,-0.047753326363427946,-0.4962091283750123,-0.7468592587988787,-1.212208893524284,-0.025349315557772752,-1.268571375299001,-1.529961775194336,-0.8708875768419492,-1.3762162394908086,-1.5812296317082204,ambos,17.474531629216873,3.730492457167586,94,0,18
Sudan,SDN,2015,-0.6861568169799955,-1.191808215526306,-0.7593735959629605,-1.5997479498094673,-0.06888467511258434,-0.04058700852377269,-0.4955491832617069,-0.9166258137299077,-1.212208893524284,-0.025349315557772752,-0.7196706271575724,-1.529961775194336,-0.8708875768419492,-1.4058688352231568,-1.5812296317082204,ambos,17.505000625615814,3.749833571019717,94,0,19
Sudan,SDN,2016,-0.6838631310007398,-1.6160472906552665,-0.8160568138232118,-1.6897415551732546,-0.21691713714602742,-0.033215756855946,-0.46035464575521007,-0.8092591758501575,-1.212208893524284,-0.025349315557772752,-0.445220253086858,-1.529961775194336,-0.8708875768419492,-1.4058688352231568,-1.5812296317082204,ambos,17.535401472293305,3.729732987988214,94,0,20
Sudan,SDN,2017,-0.7008109056513453,-1.4388616943957084,-0.7388603250803618,-1.615641487242011,-0.20202488708264965,-0.024538144512690735,-0.47872619501635183,-0.8709318832715046,-1.212208893524284,-0.025349315557772752,-0.445220253086858,-1.529961775194336,-0.7328187380833772,-1.4442423824877078,-1.5812296317082204,ambos,17.57004448062728,3.731773508388634,94,0,21
Senegal,SEN,1996,-0.8856810970549678,-0.7578634503961873,-1.7884105187481525,-0.7890867047043336,-0.6163096950496685,-0.22529127008513028,-0.6489476951126024,-0.234459139504954,0.038858281816333155,-0.025349315557772752,-1.268571375299001,0.39175050207493695,-0.042474544290519535,0.14303411301392915,0.6995222664522537,ambos,16.02015366097777,3.6733951827817077,95,0,0
Senegal,SEN,1997,-0.8829735012208797,-0.8235685887139136,-1.7955829488803776,-0.7609287919631027,-0.1356625754114094,-0.22399965834481408,-0.6533969425587363,-0.3070037078667133,0.3516250756514875,-0.025349315557772752,-1.4057965623343582,0.39175050207493695,0.30269755260590925,0.14303411301392915,0.34315478236467856,ambos,16.043748757957594,3.7408161235884934,95,0,1
Senegal,SEN,1998,-0.8683332176948201,-0.4726519127549372,-1.7978669527404438,-0.7360123801352678,-0.46228943534388034,-0.22269029060494513,-0.6484947079797976,-0.28884591259604964,0.6643918694866419,-0.025349315557772752,-1.5430217493697154,0.39175050207493695,0.647869649502338,0.14303411301392915,-0.15575969535792394,ambos,16.067113150374635,3.695498644334543,95,0,2
Senegal,SEN,1999,-0.8516923793924303,-0.5280049028622443,-1.7690456643742827,-0.6957153203670288,-0.22441706892914692,-0.22133033974538252,-0.6409284092003227,-0.3165295921966468,0.6643918694866419,-0.025349315557772752,-1.4057965623343582,0.39175050207493695,0.647869649502338,0.14303411301392915,-0.15575969535792394,ambos,16.090815714129423,3.7287037766210136,95,0,3
Senegal,SEN,2000,-0.8452576476623739,-0.41446557159446884,-1.7471020459031064,-0.7191152757111454,-0.415964704497662,-0.21991407802433505,-0.630636437065623,-0.25263125069544085,0.6643918694866419,-0.025349315557772752,-1.268571375299001,0.39175050207493695,0.647869649502338,0.14303411301392915,-0.15575969535792394,ambos,16.114916703454703,3.7020522545164587,95,0,4
Senegal,SEN,2001,-0.836892445192376,-0.4473055696764332,-1.7347154254644441,-0.6888765598421728,-0.5323202466332387,-0.21845420790250428,-0.6160036703604311,-0.2629920524121018,1.2899254571569505,-0.025349315557772752,-0.7196706271575724,0.49851232847134064,0.9240073270194813,0.47008287742209764,-0.15575969535792394,ambos,16.139166395422563,3.685509043331452,95,0,5
Senegal,SEN,2002,-0.8479527987541859,-0.268283242032805,-1.6849421228275747,-0.589376224786094,-0.4470226266410416,-0.21694308642443755,-0.5225540224247508,-0.18774602416435857,1.915459044827259,-0.025349315557772752,-0.1707698790161436,0.6052741548677444,1.200145004536624,0.7971316418302662,-0.44085368262798336,ambos,16.163663008413018,3.6976632048244418,95,0,6
Senegal,SEN,2003,-0.8338021238622345,-0.6343363505545496,-1.6849421228275747,-0.6568896608101882,-0.4809301779597547,-0.2154218817342592,-0.41070743342798915,-0.2358643367012858,0.038858281816333155,-0.025349315557772752,-0.1707698790161436,0.1782268492821305,0.5098008107437664,0.14303411301392915,-0.44085368262798336,ambos,16.187731502356044,3.6928493516164758,95,0,7
Senegal,SEN,2004,-0.8233138211668705,-0.6237417108270338,-1.5750964631243758,-0.5744120729008544,-0.4146345326458173,-0.2139032664606823,-0.28604698101824977,-0.16402236904302872,0.038858281816333155,-0.025349315557772752,-0.1707698790161436,0.1782268492821305,0.5098008107437664,0.14303411301392915,-0.44085368262798336,ambos,16.21119475176446,3.702239802503282,95,0,8
Senegal,SEN,2005,-0.8141313233088573,-0.5272790043220784,-1.4925562164827948,-0.5382577173602932,-0.38660957650921746,-0.2123533872631617,-0.16374396559149215,-0.279932004654566,0.038858281816333155,-0.025349315557772752,0.10368049505457075,0.1782268492821305,0.647869649502338,0.7971316418302662,-0.44085368262798336,ambos,16.234586563293913,3.7061830344772857,95,0,9
Senegal,SEN,2006,-0.8142491275871087,-0.17356131137614852,-1.4212214801119782,-0.5605484709520978,-0.2200000434384304,-0.21077454717120928,-0.03028724170727969,-0.3022387819164536,0.038858281816333155,-0.025349315557772752,0.3781308691252851,-0.4623435112303015,-0.042474544290519535,0.4256042454625867,-0.44085368262798336,ambos,16.257865854168923,3.729310050725369,95,0,10
Senegal,SEN,2007,-0.8119521346788587,-0.1924087124834146,-1.4212214801119782,-0.4113129513977166,-0.2140949656364667,-0.20916212819300586,-0.07976370797151142,-0.28382811076076964,0.038858281816333155,-0.025349315557772752,0.3781308691252851,-0.4623435112303015,-0.042474544290519535,0.4256042454625867,-0.44085368262798336,ambos,16.281093790616563,3.7301199988481093,95,0,11
Senegal,SEN,2008,-0.8054912241587198,-0.0077708972633550415,-1.186847603910998,-0.30987289757019104,-0.18039657827724428,-0.20749980029804882,-0.1433714095443919,-0.41379633402364024,0.6643918694866419,1.1822886939364206,0.10368049505457075,-0.03529680351067694,-0.3186122218076625,0.4256042454625867,-0.6309163408080225,ambos,16.304488907122327,3.734729601430023,95,0,12
Senegal,SEN,2009,-0.8037364840694747,-0.3336863555400528,-1.186847603910998,-0.6137014034785098,-0.2943138193496468,-0.20577891220967431,-0.19960382445625968,-0.420572398444643,0.6643918694866419,1.1822886939364206,0.10368049505457075,-0.24881985843749468,-0.18054338304909118,0.4256042454625867,-0.7259476698980427,ambos,16.32814504677734,3.7190606013130005,95,0,13
Senegal,SEN,2010,-0.7989443217620107,-0.5003173717049142,-0.9545183229393414,-0.6093256969192968,-0.3582164568409757,-0.20400078250177386,-0.26661231136385694,-0.4393581090695267,0.038858281816333155,1.1822886939364206,-0.7196706271575724,-0.4623435112303015,-0.3186122218076625,0.40816181912015825,-0.7259476698980427,ambos,16.352014064393476,3.7101622746268745,95,0,14
Senegal,SEN,2011,-0.8050175017182284,-0.19754885163260757,-0.755257357771805,-0.46055642386197604,-0.320896827658517,-0.2020707483084523,-0.33489028309401125,-0.31136454048010126,0.038858281816333155,1.1822886939364206,-0.445220253086858,-0.4623435112303015,-0.3186122218076625,0.45002406096440384,-0.7259476698980427,ambos,16.377293214408876,3.715368578794588,95,0,15
Senegal,SEN,2012,-0.7987142213215127,-0.23553709527447764,-0.6186014281362139,-0.3327292000657037,-0.379931296871289,-0.199972974810216,-0.40910215955208956,-0.3276223122289922,0.038858281816333155,1.1822886939364206,1.2014819913374282,-0.4623435112303015,-0.18054338304909118,0.5511909709953229,-0.5834006762630131,ambos,16.404063454891087,3.707120407479275,95,0,16
Senegal,SEN,2013,-0.801652133943537,-0.057895349918654505,-0.5223451229853443,-0.3719204577063832,-0.36555937363437746,-0.19758430362575846,-0.48038396147103735,-0.22870348699480192,0.038858281816333155,1.1822886939364206,1.2014819913374282,-0.4623435112303015,-0.18054338304909118,0.5616565314563843,-0.44085368262798336,ambos,16.43369804815788,3.709134696227936,95,0,17
Senegal,SEN,2014,-0.7869368076817758,0.1008794950720688,-0.4692129868951703,-0.4353988562559895,-0.2972646081262972,-0.19495161274180217,-0.5612166648075425,-0.32420857239493384,0.6643918694866419,1.1822886939364206,1.2014819913374282,-0.4623435112303015,-0.042474544290519535,0.5616565314563843,-0.44085368262798336,ambos,16.465373792918506,3.7186514483367024,95,0,18
Senegal,SEN,2015,-0.7705502859902057,0.044876979556711605,-0.46953409929683887,-0.4450530138192361,-0.25075332071181106,-0.19231906505139065,-0.642616343896565,-0.2870638509733636,0.6643918694866419,1.1822886939364206,0.6525812431959995,-0.24881985843749468,-0.042474544290519535,0.5494468853444875,-0.6784320053530332,ambos,16.496075270024956,3.725081253889081,95,0,19
Senegal,SEN,2016,-0.7531968402366506,0.15520506568902104,-0.46953409929683887,-0.5613642018432977,-0.21940603627789582,-0.1896867500504894,-0.6924485960224708,-0.3081921720432418,0.6643918694866419,1.1822886939364206,0.6525812431959995,-0.24881985843749468,-0.042474544290519535,0.5721220919174458,-0.7259476698980427,ambos,16.525859581415173,3.7293915551996917,95,0,20
Senegal,SEN,2017,-0.7291062996728523,0.3850621333333106,-0.46953409929683887,-0.4568248214420733,-0.16328299060139076,-0.18705866522555686,-0.35491762870060467,-0.3137436723173956,0.6643918694866419,1.1822886939364206,0.6525812431959995,-0.24881985843749468,-0.042474544290519535,0.5616565314563843,-0.7259476698980427,ambos,16.55473657039598,3.7370624587634937,95,0,21
Solomon Islands,SLB,2002,-1.0143528014057483,-2.0179022143536995,-1.206834465496623,-0.8223604960544328,-0.6461702570378093,-0.2766580343517822,-0.9449092943575274,-1.4656279291394458,1.2141032799282565,0.2796097143173503,0.5915922223891077,-0.35090906319942117,-0.21680412603457763,-0.15428304068041054,0.12933429191213489,ambos,13.03390804932801,3.669052765369252,96,0,0
Solomon Islands,SLB,2003,-1.0009362855815296,-1.6488278235594371,-1.206834465496623,-0.5075866390124353,-0.6958202560381358,-0.2766074214001001,-0.9339618713909785,-1.4656279291394458,1.2141032799282565,0.2796097143173503,0.5915922223891077,-0.35090906319942117,-0.21680412603457763,-0.15428304068041054,0.12933429191213489,ambos,13.052273475828422,3.6617904994661767,96,0,1
Solomon Islands,SLB,2004,-0.9832937728043482,-1.5417410862390681,-1.206834465496623,-0.30841607986914793,-0.7658941468550362,-0.2765569635747581,-0.8946121058663324,-1.451822900294368,1.2141032799282565,0.2796097143173503,0.5915922223891077,-0.35090906319942117,-0.21680412603457763,-0.15428304068041054,0.12933429191213489,ambos,13.070252907114217,3.651450262564933,96,0,2
Solomon Islands,SLB,2005,-0.9655660924046885,-1.216723164009023,-1.1879129757664828,-0.19916666498212413,-0.6361871707343492,-0.27650643415264375,-0.8616326432138182,-1.5417615342339075,1.915459044827259,1.1822886939364206,0.6525812431959995,0.1070526969285207,-0.042474544290519535,0.47008287742209764,0.12933429191213489,ambos,13.087939620437679,3.6705066366534176,96,0,3
Solomon Islands,SLB,2006,-0.9575987234805634,-1.332638903742786,-1.0057869466393357,-0.10563563905405997,0.6024520248484038,-0.2764556362426329,-0.899720269116242,-1.480971419722851,1.2899254571569505,1.1822886939364206,0.6525812431959995,-0.1420583309740855,-0.042474544290519535,0.47008287742209764,0.12933429191213489,ambos,13.105410485751667,3.8362381964402044,96,0,4
Solomon Islands,SLB,2007,-0.9510809426566494,-1.1562885797521318,-0.968626671479561,0.30001858344240095,1.5102903065913516,-0.27640455194553254,-0.945048138859014,-1.4258230108256482,1.2899254571569505,1.1822886939364206,0.9270316172667138,0.1070526969285207,-0.042474544290519535,0.47008287742209764,0.12933429191213489,ambos,13.122677328116646,3.942342661843464,96,0,5
Solomon Islands,SLB,2008,-0.9353388422124068,-1.1227444905783515,-0.968626671479561,0.4047873009328391,1.0408411318292476,-0.2763530380677978,-0.9379369836343382,-1.402350672055104,1.2899254571569505,1.1822886939364206,0.9270316172667138,0.1070526969285207,-0.042474544290519535,0.47008287742209764,0.12933429191213489,ambos,13.139792602172358,3.888882006456739,96,0,6
Solomon Islands,SLB,2009,-0.931591144135319,-1.193859192962024,-0.968626671479561,-0.04473456431592381,0.40173298956327863,-0.2762972462829128,-1.0023119905769282,-1.2721193612970767,1.2899254571569505,1.1822886939364206,0.9270316172667138,0.1070526969285207,-0.042474544290519535,0.47008287742209764,0.12933429191213489,ambos,13.15800461494864,3.8111777870920354,96,0,7
Solomon Islands,SLB,2010,-0.9066052975789047,-0.5696923362505941,-0.4545355727709324,0.6604152418885947,2.5789488661458018,-0.27620878250422704,-0.9457859950588258,-1.1758542055440666,1.2899254571569505,1.1822886939364206,0.9270316172667138,0.3561631269651382,-0.042474544290519535,0.47008287742209764,0.12933429191213489,ambos,13.1862185401057,4.05433340810256,96,0,8
Solomon Islands,SLB,2011,-0.8923964368481838,-0.9239523927443426,-0.5134408558711385,0.9829737133530432,1.3209142482756029,-0.2760895917773905,-0.9445805602471449,-0.7008273161981035,1.2899254571569505,1.1822886939364206,0.9270316172667138,0.6052741548677444,0.30269755260590925,0.47008287742209764,0.12933429191213489,ambos,13.223015626550223,3.92111930397288,96,0,9
Solomon Islands,SLB,2012,-0.8974743805614461,-0.8046027655436445,-0.5233507591929569,0.9125249711927782,-0.30097141261819854,-0.27596632003452776,-1.0584557196174944,-0.7347468933638033,1.2899254571569505,1.1822886939364206,0.9270316172667138,0.6052741548677444,0.30269755260590925,0.47008287742209764,0.12933429191213489,ambos,13.259699771819305,3.71813722974073,96,0,10
Solomon Islands,SLB,2013,-0.891483930898832,-0.8537469052898591,-0.5233507591929569,0.760938113659237,0.07355001462734062,-0.275839003074025,-1.1360895200086631,-0.9520444257657285,1.2899254571569505,1.1822886939364206,0.9270316172667138,0.6052741548677444,0.30269755260590925,0.47008287742209764,0.12933429191213489,ambos,13.296225924106643,3.7687999742609373,96,0,11
Solomon Islands,SLB,2014,-0.9015099403861939,-1.056741906043233,-0.5233507591929569,0.5820887511452149,-0.37812492077506676,-0.27570796308135787,-1.2024798140409672,-0.8505780088629862,1.2899254571569505,1.1822886939364206,1.3234600329512118,0.9374221920712189,1.2615088715098388,0.47008287742209764,0.12933429191213489,ambos,13.332476804165715,3.7073738021408755,96,0,12
Solomon Islands,SLB,2015,-0.9092264444077964,-0.8084011858317126,-0.5233507591929569,0.4290793931026044,-0.22245410152367706,-0.27557367736834243,-1.2569209492428817,-0.9600438425665377,1.2899254571569505,1.1822886939364206,1.5674156770581809,0.9374221920712189,1.2615088715098388,0.47008287742209764,0.12933429191213489,ambos,13.36831053875429,3.728973255877764,96,0,13
Solomon Islands,SLB,2016,-0.9016873219279159,-0.8176267164184715,-0.5233507591929569,0.3523951227564544,-0.17986816749206302,-0.2754366650115785,-1.2392031251394218,-0.9596877760837127,1.2899254571569505,1.1822886939364206,1.5674156770581809,0.9374221920712189,1.2615088715098388,0.47008287742209764,0.12933429191213489,ambos,13.403594688360647,3.73480171380553,96,0,14
Solomon Islands,SLB,2017,-0.9034143234891339,-0.5467170193832268,-0.5233507591929569,0.2549688824207202,-0.1430141286586403,-0.2752976897099715,-1.262288608558967,-0.7885486350044154,2.1239704075263184,0.7797428517900907,1.079503949723644,0.9374221920712189,1.2615088715098388,0.47008287742209764,0.12933429191213489,ambos,13.438156116676879,3.739818409315524,96,0,15
Solomon Islands,SLB,2018,-0.906033069763681,-0.6460392712922826,-0.5233507591929569,0.43798619854417326,-0.3828372229449704,-0.27515790297827736,-1.290645320572678,-0.7886157350889929,2.1239704075263184,0.7797428517900907,1.3234600329512118,0.9374221920712189,1.2615088715098388,0.47008287742209764,0.12933429191213489,ambos,13.471754659764771,3.7067126354674036,96,0,16
Sierra Leone,SLE,1996,-0.9958802074395045,-1.40647400423918,-1.373405279230484,-0.6925106929433109,-0.6411987265587171,-0.25433452467078976,-1.3624368709380423,0.775948418703015,1.2899254571569505,-0.025349315557772752,0.3698143641100447,-1.8405411989904277,-0.2725894596465904,1.2331964866151495,-2.1039019417033296,ambos,15.250407208463375,3.6697770507107634,97,0,0
Sierra Leone,SLE,1997,-1.0179153226558286,-3.036986779413752,-1.373405279230484,-1.31204096531499,-0.6164909687493219,-0.25400932019779826,-1.3816671650659909,0.005547532983832046,1.2899254571569505,-0.6291683203048694,0.247836322496261,-2.1122984937450013,0.18764009492787398,-0.2930309934099662,-1.0585573217131117,ambos,15.263303746906448,3.673368878194067,97,0,1
Sierra Leone,SLE,1998,-1.015636909176673,-2.099669077087491,-1.373405279230484,-1.1070182703893678,-0.650805343982854,-0.25375831981299146,-1.4023796400398767,-0.2740098658502576,1.2899254571569505,-1.232987325051966,0.12585828088247686,-2.384055788499575,0.647869649502338,-1.8192584734350818,-1.1060729862581211,ambos,15.27314510014983,3.668377022474271,97,0,2
Sierra Leone,SLE,1999,-1.0228752817015578,-2.7078370612586538,-1.373405279230484,-1.153038474625652,-0.6395972127067385,-0.2536255197330031,-1.4287849192692361,-0.2277557027549507,1.2899254571569505,-1.232987325051966,0.2589252154102138,-2.1122984937450013,0.647869649502338,-1.8192584734350818,-1.011041657168102,ambos,15.278313079907706,3.6700102581394223,97,0,3
Sierra Leone,SLE,2000,-1.0112059985086927,-2.6104522072168925,-1.373405279230484,-0.4619198899934158,0.41966764732631545,-0.25299565906069604,-1.4844773844546948,-0.02248588084369503,1.2899254571569505,-1.232987325051966,0.3919921499379508,-1.8405411989904277,0.647869649502338,-1.8192584734350818,-1.011041657168102,ambos,15.302467114902331,3.8134427126964767,97,0,4
Sierra Leone,SLE,2001,-1.0458582796584937,-1.4898169790199751,-1.373405279230484,-1.0894218127663275,-0.5511841378279692,-0.2513900716078582,-1.5433750336719385,-1.5901669278637012,1.0814143446713258,-1.232987325051966,0.6248591206912659,-0.5642527583296374,0.5492490109408328,-0.6200797578181345,-1.011041657168102,ambos,15.361522290379973,3.6828010400244353,97,0,5
Sierra Leone,SLE,2002,-0.9951220536539388,-1.413428517035899,-1.373405279230484,-1.0028531799650244,-0.559315323987439,-0.24972712320754045,-1.5611977328106232,-1.5142018652239184,0.8729032321857014,-1.232987325051966,0.8577260914445816,0.7120356823311532,0.4506283723793275,0.5790989577988128,-1.1535886508031319,ambos,15.419219289941147,3.6816315031565945,97,0,6
Sierra Leone,SLE,2003,-0.9791479102926958,-1.4255986251636834,-1.373405279230484,-0.7840298032390065,-0.5831811491839148,-0.24849654174928915,-1.5845947002831087,-1.3857137478957726,0.8729032321857014,-1.232987325051966,0.8577260914445816,0.7120356823311532,0.8451109266253479,0.5790989577988128,-1.2961356444381609,ambos,15.459869182553538,3.678190877983238,97,0,7
Sierra Leone,SLE,2004,-0.9695119353739312,-1.5328525897359686,-1.373405279230484,-0.7920055084837356,-0.1752796334292929,-0.24743434396690414,-1.5178337002932223,-1.2632608707501285,0.8729032321857014,-1.232987325051966,1.7891939744578422,0.7120356823311532,1.4697078439520836,1.2331964866151495,-1.1535886508031319,ambos,15.493675333174812,3.735427693856521,97,0,8
Sierra Leone,SLE,2005,-0.964165396138744,-1.4118121621250477,-1.373405279230484,-0.7520165800867499,-0.029803014104414903,-0.24656327973481235,-1.5662730788679322,-1.305785408083577,0.038858281816333155,-1.232987325051966,1.5230601054023682,0.7120356823311532,1.4697078439520836,1.2331964866151495,-1.5337139671632107,ambos,15.520570056256256,3.7550735420828665,97,0,9
Sierra Leone,SLE,2006,-0.9572848106437626,-1.4898070549246725,-1.373405279230484,-1.491910522250687,-0.33792422343737843,-0.2458308805516472,-1.6144824441943102,-0.14895116995258648,-0.2787406338768568,0.6545615110019416,1.5230601054023682,0.7120356823311532,1.225245367147577,0.04884406886437654,-1.5812296317082204,ambos,15.542636746009611,3.712996520334029,97,0,10
Sierra Leone,SLE,2007,-0.9520530250442556,-1.5369526300195393,-1.373405279230484,-1.5001079712066347,-0.19372194993937514,-0.2450857610085874,-1.648279118249211,-0.22582503547119231,-0.23637649675860317,0.5977918973412311,1.5230601054023682,0.7120356823311532,1.2705601123034957,0.04884406886437654,-1.5812296317082204,ambos,15.564597884703357,3.7329093628341057,97,0,11
Sierra Leone,SLE,2008,-0.9480457969454015,-1.5108566111834538,-1.373405279230484,-1.5160974331481059,-0.43009818538626743,-0.2442184257750576,-1.688412157625526,-0.38420376553876473,-0.5366326188403513,-0.0575531568293525,1.4010820637885846,0.7120356823311532,1.4831861239916957,0.33141420131303406,-1.5812296317082204,ambos,15.589568101875885,3.7000573246283173,97,0,12
Sierra Leone,SLE,2009,-0.9522355377703102,-1.4100668434449573,-1.373405279230484,-1.4632415989116796,-0.16478059780744872,-0.24325828919171474,-1.7127705673113645,-0.6379267174864667,-0.5866753058539755,-1.232987325051966,-0.1707698790161436,-0.24881985843749468,-0.45668106056623414,-0.23023736900458608,-1.5337139671632107,ambos,15.616501783100667,3.736858527953434,97,0,13
Sierra Leone,SLE,2010,-0.9398189713118642,1.403476262895462,-1.373405279230484,-1.3214541058489433,0.3250356530515137,-0.24226149506090813,-1.709354625378249,-0.5657722103273221,-0.5866753058539755,-1.232987325051966,0.10368049505457075,-0.24881985843749468,-0.3186122218076625,0.27559770442803244,-1.2961356444381609,ambos,15.643716864655904,3.8014335631042004,97,0,14
Sierra Leone,SLE,2011,-0.9203012499529004,2.86903294123421,-0.8352962735296439,-0.861498728477599,2.7673115223211684,-0.24127980188267814,-1.7093196798822399,-0.6144057073769215,-0.5866753058539755,-1.232987325051966,0.10368049505457075,-0.03529680351067694,-0.3186122218076625,0.27559770442803244,-1.2961356444381609,ambos,15.669814686908651,4.072835572513523,97,0,15
Sierra Leone,SLE,2012,-0.8900906529048865,0.7940216399283984,-0.6859924710397419,-0.5824872057835401,1.404694491564131,-0.24030233291401917,-1.6553638195961284,-0.2926594952549062,-0.5866753058539755,-1.232987325051966,-0.445220253086858,-0.03529680351067694,-0.45668106056623414,-0.12558176439397237,-1.4861983026182013,ambos,15.695140632162074,3.93056414928899,97,0,16
Sierra Leone,SLE,2013,-0.8405647449710701,-0.6279824447589637,-0.8786829664117022,-0.5830271815033224,0.3484983240086442,-0.2393299831145861,-1.6035942701789074,-0.04999578125755958,-0.5866753058539755,-1.232987325051966,0.3781308691252851,-0.24881985843749468,-0.45668106056623414,-0.1377919337838926,-1.4861983026182013,ambos,15.71971320150255,3.8044245356890527,97,0,17
Sierra Leone,SLE,2014,-0.8871647830402556,-0.8337721752724374,-0.8786829664117022,-0.6482420355781849,0.2003525432015735,-0.2383614339104874,-1.5762580339908034,-0.5500769009244736,-0.5866753058539755,-1.232987325051966,0.10368049505457075,-0.24881985843749468,-0.45668106056623414,-0.15174566554662616,-1.2961356444381609,ambos,15.74360378119836,3.785387371321929,97,0,18
Sierra Leone,SLE,2015,-0.9146826486861881,-0.5836793173088165,-0.856169036715155,-1.0736051679414813,-0.0028654953738796534,-0.23739923295354062,-1.5220002350139956,-0.8688023649731825,0.038858281816333155,-1.232987325051966,0.3781308691252851,-0.24881985843749468,-0.45668106056623414,-0.15349027447548472,-1.2961356444381609,ambos,15.7667857181471,3.7586693382503373,97,0,19
Sierra Leone,SLE,2016,-0.8991457664655061,-0.6325532953102817,-0.7732740569742126,-0.882236943512756,-0.2551823879578573,-0.236398829152126,-1.3340513847983955,-0.6284674183989902,0.038858281816333155,-1.232987325051966,0.3781308691252851,-0.24881985843749468,-0.45668106056623414,-0.15349027447548472,-1.2961356444381609,ambos,15.79033144910746,3.7244707494178977,97,0,20
Sierra Leone,SLE,2017,-0.8959864184717857,-0.45412573764783304,-0.7952411610802944,-0.9271620495698655,0.6054742129852069,-0.23536084897800197,-1.1594455000807695,-0.6285752578868349,0.038858281816333155,-1.232987325051966,0.3781308691252851,-0.24881985843749468,-0.45668106056623414,-0.13430323920419768,-1.272377812165656,ambos,15.81418934112951,3.8366107680484243,97,0,21
El Salvador,SLV,1996,-0.25282934420078,-0.7684927036624306,-0.44996646146737235,-0.5272544457966795,0.07975169657610007,-0.24475203651968144,1.2635347863640358,-0.13466795981706484,-1.212208893524284,-1.232987325051966,-0.445220253086858,0.6052741548677444,-1.1470252543590918,-1.1651609446187448,-0.15575969535792394,ambos,15.574279612029818,3.7696176650988056,98,0,0
El Salvador,SLV,1997,-0.22705983919465136,-0.7251535729393238,-0.44996646146737235,-0.286759188973482,-0.5524647072205277,-0.24451760482128526,1.0431582151003576,-0.15150193827503963,-1.212208893524284,-1.232987325051966,-0.445220253086858,0.49851232847134064,-1.1470252543590918,-1.1651609446187448,0.5807331050897295,ambos,15.581025122920387,3.682616941982721,98,0,1
El Salvador,SLV,1998,-0.20524199979406435,-0.6696500531898354,-0.44996646146737235,-0.36478501753833875,1.1106325855197248,-0.24430160332538187,1.040190628507919,-0.07068001865040695,-1.212208893524284,-1.232987325051966,-0.445220253086858,0.39175050207493695,-1.1470252543590918,-1.1651609446187448,1.2697102409923713,ambos,15.587200304229277,3.8970129637923265,98,0,2
El Salvador,SLV,1999,-0.18772551927049855,-0.7292597472115733,-0.40703610033436904,-0.3613499170395945,-0.3189127885708969,-0.2441040021999827,1.0923574638412445,-0.012870405985276527,-1.212208893524284,-1.232987325051966,0.24090568208992794,0.39175050207493695,-1.1470252543590918,-1.1651609446187448,1.2697102409923713,ambos,15.592816239315317,3.715644606361516,98,0,3
El Salvador,SLV,2000,-0.18071304182871936,-0.601296566038698,-0.31396856441483506,-0.13700259851965807,-0.39608302748458696,-0.24392819632537868,0.9899294289628006,-0.012571558208759714,-1.212208893524284,-1.232987325051966,0.9270316172667138,0.39175050207493695,-1.1470252543590918,-1.1651609446187448,1.2697102409923713,ambos,15.597786365765376,3.70485181809207,98,0,4
El Salvador,SLV,2001,-0.17550741730775232,-0.6605976232283213,-0.2294600077486512,-0.2189386772964472,-0.25622042094325376,-0.24378086210059513,0.9104928248915403,0.004178836522408073,-0.8994420996891298,-1.232987325051966,0.9270316172667138,0.39175050207493695,-0.801853157462663,-0.8381121802105763,1.127163247357342,ambos,15.601932641993123,3.7243276125906357,98,0,5
El Salvador,SLV,2002,-0.16127549744488032,-0.6176284547289199,-0.1021335175115804,-0.21811470329130084,-0.004161886903375095,-0.24367006012892364,1.0104689365889419,0.020675476647568487,-0.5866753058539755,-1.232987325051966,0.9270316172667138,0.39175050207493695,-0.45668106056623414,-0.5110634158024079,0.12933429191213544,ambos,15.605039541507573,3.758496583264646,98,0,6
El Salvador,SLV,2003,-0.1456624376861105,-0.5999810454606316,0.022481330285601432,-0.15075203733262843,-0.46698587087649074,-0.24359865428125985,1.0344885867840483,-0.0063131221430682205,-0.5866753058539755,-1.232987325051966,0.3781308691252851,0.39175050207493695,-0.45668106056623414,-0.5110634158024079,0.12933429191213544,ambos,15.607036666632538,3.69483183030258,98,0,7
El Salvador,SLV,2004,-0.13651847111811588,-0.7220817707219483,0.15610045325086477,-0.10584299573998422,-0.19041121610978887,-0.24356242631443045,0.9197882224160348,-0.11913546969608992,-0.5866753058539755,-1.232987325051966,0.6525812431959995,0.1782268492821305,-0.3186122218076625,-0.5110634158024079,0.3431547823646797,ambos,15.608048390855389,3.7333619167213365,98,0,8
El Salvador,SLV,2005,-0.105322099169919,-0.7696917596239401,0.14850393669798562,-0.1077742411348166,-0.04504211223965248,-0.2435570147917173,0.7115024570054052,-0.21388960307669402,-0.5866753058539755,-1.232987325051966,0.9270316172667138,0.1782268492821305,-0.3186122218076625,-0.5110634158024079,0.27188128554716456,ambos,15.608199428498438,3.7530335866094227,98,0,9
El Salvador,SLV,2006,-0.05252580341536184,-0.6975593008081514,0.14038983951558337,0.0009106998725731366,-0.38983611397039103,-0.2435764592818189,0.8234457970191323,-0.21384738634901504,-0.5866753058539755,-1.232987325051966,0.9270316172667138,0.1782268492821305,-0.3186122218076625,0.13780133278339846,0.010545130549610794,ambos,15.607656619122706,3.70572983800253,98,0,10
El Salvador,SLV,2007,-0.03094410317339592,-0.4995459443601729,0.13738588541419156,0.1219683023603849,0.9412398662540716,-0.24353168146708656,0.8839714685093496,-0.20965274879013687,-0.27390851201882116,-1.232987325051966,1.2014819913374282,0.39175050207493695,-0.3186122218076625,0.13780133278339846,-0.44085368262798336,ambos,15.60890618795101,3.877162387176891,98,0,11
El Salvador,SLV,2008,-0.007663326601802107,-0.4820459770653098,0.09410941292738452,0.21045983436366383,0.22494031076929094,-0.24341549780469043,0.8953980663452615,-0.0959308985613353,0.038858281816333155,-1.232987325051966,1.4759323654081427,0.6052741548677444,-0.3186122218076625,0.16919801416658264,-0.44085368262798336,ambos,15.61214114401583,3.788572160914222,98,0,12
El Salvador,SLV,2009,-0.03905452283916221,-0.9082965535565471,0.11515226590932705,-0.21369435514784463,-0.2869878924971433,-0.2433022436435646,0.49736734512854125,-0.17216565006620604,0.038858281816333155,-1.232987325051966,1.2014819913374282,1.032321460453358,-0.45668106056623414,0.16919801416658264,-0.44085368262798336,ambos,15.615284492066161,3.7200756827495036,98,0,13
El Salvador,SLV,2010,-0.01600357195148285,-0.9562059442749564,0.16716583177022745,0.003285654753849665,-0.7608650162871773,-0.24318309468151197,0.48473295987067605,-0.1465761918557979,0.038858281816333155,-0.025349315557772752,1.2014819913374282,1.032321460453358,-0.45668106056623414,0.18140766027847985,-0.44085368262798336,ambos,15.618580818338195,3.6521959426148145,98,0,14
El Salvador,SLV,2011,0.02789958755463197,-0.7703317061460906,0.22501815297033093,0.17008306067133794,-0.547862570111979,-0.2430525618326493,0.47389950335878334,-0.06965226914088145,0.038858281816333155,-0.025349315557772752,1.2014819913374282,1.032321460453358,-0.45668106056623414,0.18140766027847985,-0.2507910244479441,ambos,15.622179657527601,3.6832783994750873,98,0,15
El Salvador,SLV,2012,0.06108956622148808,-0.7329420885340763,0.26430321328922146,0.12276796151926381,-0.3016200200658014,-0.24291027518031927,0.43472566360915993,-0.03669551927749069,0.038858281816333155,-0.025349315557772752,1.2014819913374282,1.032321460453358,-0.3186122218076625,0.18140766027847985,-0.3458223535379643,ambos,15.626087856008137,3.718047225859351,98,0,16
El Salvador,SLV,2013,0.08529171770814975,-0.6193129252848344,0.31544772802617194,0.20421790499665446,-0.45845470520663373,-0.24276192666792684,0.35047240574978816,-0.07582378937013418,0.038858281816333155,-0.025349315557772752,1.2014819913374282,1.032321460453358,-0.3186122218076625,0.19187322073954124,-0.44085368262798447,ambos,15.6301463571933,3.6960427812866543,98,0,17
El Salvador,SLV,2014,0.10382730260365669,-0.872420583652943,0.2843680666101958,0.13601601325434856,-0.2614362258668478,-0.24261804102101342,0.4226154713378868,-0.08486798015211455,0.038858281816333155,-0.025349315557772752,0.9270316172667138,1.032321460453358,-0.3186122218076625,0.19187322073954124,-0.6309163408080225,ambos,15.634067090538723,3.7236080826189735,98,0,18
El Salvador,SLV,2015,0.13284556035687037,-0.8424514232257583,0.2605006556156609,0.09113971549873712,-0.284343325398756,-0.24249441129428873,0.5963523136803592,-0.1454871549246488,0.038858281816333155,-0.025349315557772752,0.9270316172667138,1.032321460453358,-0.3186122218076625,0.21106025601082767,-0.44085368262798336,ambos,15.63742363631995,3.720441861364301,98,0,19
El Salvador,SLV,2016,0.1653263073670765,-0.8669081598893316,0.17265481402942448,-0.017586538129403043,-0.30673961212665946,-0.24239224270008794,0.45087503450095934,-0.18347652763508132,0.038858281816333155,-0.025349315557772752,0.9270316172667138,1.032321460453358,-0.3186122218076625,0.21106025601082767,-0.48836934717299396,ambos,15.64018903521894,3.7173365222405277,98,0,20
El Salvador,SLV,2017,0.19533307201459732,-0.8016768832944352,0.09348966525378541,0.025586805565081736,-0.30063228141016646,-0.2423162725581843,0.5570137063423287,-0.15531339165895255,0.038858281816333155,-0.025349315557772752,0.9270316172667138,1.032321460453358,-0.45668106056623414,0.17443079439711337,-0.7259476698980427,ambos,15.64224037416944,3.7181842859894054,98,0,21
"Somalia, Fed. Rep.",SOM,2007,-1.1745205823446834,-0.837138889264867,-2.0795977839238673,0.44027293406185036,-0.19924191521113743,-0.21183365435958612,0.060502265118137506,-0.15209736904124502,-0.3781639431549159,-1.232987325051966,-0.6060095296796274,-1.6367233026577452,-1.8833922103130214,-0.9471282605872915,-3.5768875425986355,ambos,16.24230978492218,3.732154366943107,99,0,0
"Somalia, Fed. Rep.",SOM,2012,-1.1405728882470794,-0.837138889264867,-2.0795977839238673,0.44027293406185036,-0.22326245727927915,-0.20504044520004908,-0.015380992070884756,-0.15209736904124502,-1.212208893524284,-1.232987325051966,-2.091922497511144,-1.529961775194336,-2.1135071256690923,-1.8192584734350818,-3.5768875425986355,ambos,16.33812724515291,3.72886229232142,99,0,1
"Somalia, Fed. Rep.",SOM,2013,-1.1281963368212848,-1.0026657703933692,-2.0795977839238673,0.28820152863169557,0.2381177956763566,-0.20260356552218217,-0.03727891872237044,-0.15209736904124502,-1.212208893524284,-1.232987325051966,-2.091922497511144,-1.529961775194336,-2.1135071256690923,-1.8192584734350818,-3.5768875425986355,ambos,16.370378110545698,3.79027484079503,99,0,2
"Somalia, Fed. Rep.",SOM,2014,-1.1190087760499452,-1.1188522644900403,-2.0795977839238673,0.24054100997305577,0.14369024650497716,-0.19979997314253056,-0.050993628979582296,-0.15209736904124502,-1.212208893524284,-1.232987325051966,-2.091922497511144,-1.529961775194336,-2.1135071256690923,-1.8192584734350818,-3.5768875425986355,ambos,16.406239516767133,3.778009199981955,99,0,3
"Somalia, Fed. Rep.",SOM,2015,-1.1063735018865168,-1.1506288604823087,-2.0795977839238673,0.08878747745620395,0.2082315249030104,-0.19701084927729948,-0.06973142872697417,-0.15209736904124502,-1.212208893524284,-1.232987325051966,-1.8174721234404299,-1.529961775194336,-2.1135071256690923,-1.8192584734350818,-3.5768875425986355,ambos,16.44068366052182,3.786409020107003,99,0,4
"Somalia, Fed. Rep.",SOM,2016,-1.1003686348063504,-1.1872652684311373,-2.0795977839238673,0.027240765898117577,0.21951770649219665,-0.1937783922310308,-0.07526681438148491,-0.15209736904124502,-1.212208893524284,-1.232987325051966,-1.8174721234404299,-1.529961775194336,-2.1135071256690923,-1.8192584734350818,-3.5768875425986355,ambos,16.47917276112931,3.787870656360166,99,0,5
"Somalia, Fed. Rep.",SOM,2017,-1.0789485712490114,-1.0686177487678352,-2.0795977839238673,-0.13800348975895824,0.19361372208278113,-0.19039014060804113,-0.10283664072028136,-0.15209736904124502,-1.212208893524284,-1.232987325051966,-1.5430217493697154,-1.529961775194336,-2.1135071256690923,-1.8192584734350818,-3.766950200778675,ambos,16.51798725591345,3.7845127355468096,99,0,6
"Somalia, Fed. Rep.",SOM,2018,-1.082334045878644,-0.7923622211567501,-2.0795977839238673,0.011557739407086447,0.25322791717397797,-0.18719299866975392,-0.09464131215390902,-0.15209736904124502,-1.212208893524284,-1.232987325051966,-1.5430217493697154,-1.529961775194336,-2.1135071256690923,-1.8192584734350818,-3.8619815298686953,ambos,16.553280583941895,3.792223677722549,99,0,7
"Somalia, Fed. Rep.",SOM,2019,-1.084376587751047,-0.7953114515299265,-2.0795977839238673,-0.09085294057965637,0.2500398098239069,-0.18374153306314142,-0.08744847695325657,-0.15209736904124502,-1.212208893524284,-1.232987325051966,-1.5430217493697154,-1.529961775194336,-2.1135071256690923,-1.8192584734350818,-3.8619815298686953,ambos,16.590033159054354,3.7918128056893132,99,0,8
"Somalia, Fed. Rep.",SOM,2020,-1.098592359489546,-0.8044333531886162,-2.0795977839238673,0.06600510493440323,0.4294063735306721,-0.18004105388215597,0.017006301486358153,-0.15209736904124502,-1.212208893524284,-1.232987325051966,-1.5430217493697154,-1.529961775194336,-2.1135071256690923,-1.8192584734350818,-3.8619815298686953,ambos,16.627992363419764,3.814670447727706,99,0,9
Serbia,SRB,1996,0.19089429093920646,-1.4844249193385606,1.0004678629944392,-1.3399120542909178,-0.6535340466591174,-0.2339116945064389,0.5181180535512012,0.38300581811415463,-1.212208893524284,-0.025349315557772752,-1.8174721234404299,-0.6758671640231085,-1.285094093117663,-1.1651609446187448,0.41442827918219427,ambos,15.846573763162013,3.6679789950543085,100,0,0
Serbia,SRB,1997,0.3297797618956982,-1.3828719106188518,1.0004678629944392,-1.1841680835003117,-0.17668556166160906,-0.2340527819128314,0.5142380054792444,0.33828813918409756,-1.212208893524284,-0.6291683203048694,-1.954697310475787,-0.6758671640231085,-1.285094093117663,-1.1651609446187448,0.41442827918219427,apenas_quantitativo,15.843466549934584,3.735235935013082,100,1,1
Serbia,SRB,1998,0.424241256691552,-1.3806820686127717,1.0004678629944392,-0.9955857984886548,-0.559400366139925,-0.23423650519718228,0.5144903915583939,0.32796369980429035,-1.212208893524284,-1.232987325051966,-2.091922497511144,-0.6758671640231085,-1.285094093117663,-1.1651609446187448,0.41442827918219427,ambos,15.839405826782757,3.6816192640166436,100,0,2
Serbia,SRB,1999,0.25111442307684895,-1.4744660124384052,1.0004678629944392,-1.430616469366355,-0.5596731124669585,-0.23439965037586866,0.4925586859356907,0.27734853428497164,-0.8994420996891298,-1.232987325051966,-1.8174721234404299,-0.782628990419512,-1.2160596737383775,-1.1651609446187448,0.41442827918219427,apenas_quantitativo,15.835786054212777,3.6815800097607476,100,1,3
Serbia,SRB,2000,0.3507463449746586,-1.336948879579141,1.0004678629944392,-1.5203861675940655,-0.5346379115161198,-0.23454317207252243,0.49017489380029866,0.6797928979103396,-0.5866753058539755,-1.232987325051966,-1.5430217493697154,-0.8893908168159154,-1.1470252543590918,-1.1651609446187448,0.41442827918219427,ambos,15.832590806624337,3.6851767261429003,100,0,4
Serbia,SRB,2001,0.46616140967843356,-1.3103381640988836,0.9484683911667301,-0.5675570494983319,-0.42493752368444454,-0.23462021616601195,0.4793474753946886,0.4606023283019353,-0.8994420996891298,-1.232987325051966,-0.8568958141929295,-0.8893908168159154,-1.354128512496949,-1.1651609446187448,0.41442827918219427,apenas_quantitativo,15.830871340384249,3.7007862093923456,100,1,5
Serbia,SRB,2002,0.582999804449519,-0.9669525523229098,0.9108439212259508,-0.5557054246311437,-0.10459870860022505,-0.23464051385098456,0.5120268673771199,0.34009981541113277,-1.212208893524284,-1.232987325051966,-0.1707698790161436,-0.8893908168159154,-1.561231770634807,-1.1651609446187448,0.41442827918219427,ambos,15.830417845164103,3.7450209935036414,100,0,6
Serbia,SRB,2003,0.6743121440945625,-0.7320661671521805,0.8958186328018239,-0.4396958812576272,0.4710927491661883,-0.23475650062225661,0.5230011397576638,0.14899553541453125,-1.212208893524284,-1.232987325051966,-0.1707698790161436,-0.8893908168159154,-1.561231770634807,-1.1651609446187448,0.41442827918219427,ambos,15.827822491203936,3.8199087683146087,100,0,7
Serbia,SRB,2004,0.8117358170653018,-0.39437003948552907,0.891253384040274,-0.03303234872604178,0.048096027187535105,-0.23486051879974412,0.5569897776338664,0.2341329975017215,-1.212208893524284,-0.025349315557772752,-0.445220253086858,-0.6758671640231085,-1.4231629318762347,-1.1651609446187448,0.41442827918219427,ambos,15.825489207000233,3.7654368483466185,100,0,8
Serbia,SRB,2005,0.9435648424866256,-0.4109597306611894,0.9065236679862612,-0.04160760970657957,0.7122381744756695,-0.23499409451143335,0.6328191593034043,0.15903800333541673,-1.212208893524284,-0.025349315557772752,-0.7196706271575724,-0.6758671640231085,-1.4231629318762347,-1.1651609446187448,0.41442827918219427,ambos,15.822484896077732,3.8496842142474765,100,0,9
Serbia,SRB,2006,1.0405632861889575,-0.17724339516367876,0.9197652896887223,0.06117572221140411,2.103951423767771,-0.23516831332424942,0.8591243524312866,0.17401481355450502,0.038858281816333155,-0.025349315557772752,-0.7196706271575724,0.1782268492821305,-0.042474544290519535,0.64363692949404,0.41442827918219427,ambos,15.818552850673209,4.0060969739929275,100,0,10
Serbia,SRB,2007,1.2347085250247771,0.115473063304233,0.9371516948652103,-0.02056556587647462,1.0706311784865252,-0.2353472455912478,0.8695266043768515,0.10132505343188031,0.038858281816333155,-0.025349315557772752,-0.445220253086858,0.1782268492821305,-0.042474544290519535,0.64363692949404,0.41442827918219427,ambos,15.814498265803124,3.8923607452085287,100,0,11
Serbia,SRB,2008,1.3772847059465447,0.09982711963879035,0.9742701718025042,0.06739531662407715,0.6553018090007618,-0.23553433392390102,0.8701876887396814,0.03992728726977158,0.038858281816333155,-0.025349315557772752,-0.445220253086858,0.1782268492821305,-0.042474544290519535,0.6209611996430584,0.41442827918219427,ambos,15.810241210864822,3.8427335257879998,100,0,12
Serbia,SRB,2009,1.303375357284078,-0.49044467865434715,1.011178967887752,-0.28836835828324364,0.4379954630693875,-0.23570983551222238,0.7762205643555877,-0.22599876760464163,0.038858281816333155,-0.025349315557772752,-0.445220253086858,0.1782268492821305,0.09559429446805148,1.0570265677059647,0.41442827918219427,ambos,15.806231262359454,3.815752001638896,100,0,13
Serbia,SRB,2010,1.3561116140356577,-0.6179994253893022,1.0091238196418626,0.008271943045981117,0.026983964083282692,-0.235885074579045,0.8221292700817261,-0.16709632893057524,0.038858281816333155,-0.025349315557772752,-0.445220253086858,0.1782268492821305,0.09559429446805148,1.0291180576244527,0.41442827918219427,ambos,15.80221120390094,3.7626387954318576,100,0,14
Serbia,SRB,2011,1.3777777015791666,-0.6446719433790252,1.0888044746897227,0.06757303159405217,1.02977617369239,-0.2362127312414909,0.9822894771055429,-0.0626334641597704,0.038858281816333155,-0.025349315557772752,-0.445220253086858,0.1782268492821305,0.09559429446805148,1.0291180576244527,0.41442827918219427,ambos,15.794650985822992,3.8875868052411056,100,0,15
Serbia,SRB,2012,1.3788569833239168,-0.32682196345764414,1.1082802391984916,0.25145787481140325,-0.15877819233585283,-0.23642168642171157,0.9586825429573971,-0.0375703970747601,0.038858281816333155,-0.025349315557772752,-0.445220253086858,0.1782268492821305,0.09559429446805148,1.0291180576244527,0.41442827918219427,ambos,15.789799617901284,3.737675631494303,100,0,16
Serbia,SRB,2013,1.404140820176193,-0.7599126687749909,1.1169444727216478,0.3170094884744789,0.06060629485352225,-0.23663017622291171,0.9158826040714948,0.07113411159756816,0.038858281816333155,-0.025349315557772752,0.10368049505457075,-0.03529680351067694,0.5098008107437664,1.524488093874033,0.41442827918219427,ambos,15.784935483375975,3.7670911896654666,100,0,17
Serbia,SRB,2014,1.3682026736486597,-0.8207401912799515,1.1146012892000525,0.43468884429751947,0.05881861994151786,-0.23683760400532142,0.8813351448908736,-0.04032004561651216,0.038858281816333155,-0.025349315557772752,0.10368049505457075,0.8187978076605511,0.647869649502338,1.5314649597553995,0.41442827918219427,ambos,15.780072532341089,3.7668549574241865,100,0,18
Serbia,SRB,2015,1.416769210020882,-0.7080280020634624,1.1986855180367033,0.584260870142726,0.3392362663367714,-0.23705480474716237,0.8541127709900632,-0.03246292006235891,0.038858281816333155,-0.025349315557772752,0.9270316172667138,1.032321460453358,1.0620761657780524,1.5314649597553995,0.41442827918219427,ambos,15.774954989733269,3.8032448962774645,100,0,19
Serbia,SRB,2016,1.5125329138308456,-0.6848439547569117,1.182959454133378,0.7052329648108769,0.3224194895606249,-0.23727592541229167,0.8622468868834083,-0.04150047811031205,0.038858281816333155,-0.025349315557772752,0.6525812431959995,1.032321460453358,0.9240073270194807,1.5070456675316044,0.41442827918219427,ambos,15.769718045842655,3.8010995049754412,100,0,20
Serbia,SRB,2017,1.5945699293781608,-0.5898936406197862,1.1562121783923989,0.8519890439900423,0.4481653668059184,-0.23749945053569374,0.9920366525568796,-0.03554825695339143,0.038858281816333155,-0.025349315557772752,0.6525812431959995,1.032321460453358,0.7859384882609096,1.4791371574500924,0.41442827918219427,ambos,15.764396133188413,3.81703110389728,100,0,21
Sao Tome and Principe,STP,2003,-0.6857920178336319,-0.09262817618332268,-0.9902228336046275,-0.16115048806531496,-0.0707778666017871,-0.27847096605746197,0.6562792788231627,-0.9546731050018621,0.6643918694866419,0.5784696891893238,0.9270316172667138,0.3561631269651382,0.647869649502338,0.14303411301392915,0.12933429191213489,ambos,11.943505860556789,3.749579038058071,101,0,0
Sao Tome and Principe,STP,2004,-0.6796836309628645,-0.09262817618332268,-0.8623267563688113,-0.16115048806531496,-0.1189108971677225,-0.27844775080401446,0.677064141657281,-0.9546731050018621,0.3547842704826576,0.6211640403217774,0.9686150205841125,-0.048956247753899076,0.8152256503383776,0.1892835178034512,0.12933429191213489,ambos,11.968487819151903,3.743085861998659,101,0,1
Sao Tome and Principe,STP,2005,-0.6544677643451288,-0.09262817618332268,-0.7420212639249292,-0.16115048806531496,1.3550990433644838,-0.2784242789954659,0.37626542862842566,-0.9546731050018621,0.038858281816333155,0.5784696891893238,1.2014819913374282,0.1070526969285207,0.647869649502338,0.14303411301392915,0.12933429191213489,ambos,11.99312691919241,3.9249838572812252,101,0,2
Sao Tome and Principe,STP,2007,-0.6057202809170559,-0.09262817618332268,-0.6164807855243163,-0.16115048806531496,3.5732095697286907,-0.2783761838636128,0.46982525124966273,-0.9546731050018621,-0.27390851201882116,-0.6291683203048694,0.5153560561606423,-0.5691056365596994,0.30269755260590925,0.7971316418302662,0.12933429191213489,ambos,12.04179334395687,4.148344216676408,101,0,3
Sao Tome and Principe,STP,2008,-0.5795846838739374,-0.09262817618332268,-0.7198888981999306,-0.16115048806531496,6.711616212350596,-0.2783517633978301,0.5358432517086624,-0.9546731050018621,0.038858281816333155,-0.025349315557772752,0.6525812431959995,-0.4623435112303015,0.5098008107437664,0.7971316418302662,0.12933429191213489,ambos,12.06562596877793,4.397721100265938,101,0,4
Sao Tome and Principe,STP,2009,-0.5727164791030689,-0.09262817618332268,-0.5174443806658969,-0.16115048806531496,0.6979998437809669,-0.2783275398231714,0.5512608639049251,-0.8980015249132005,0.038858281816333155,-0.025349315557772752,0.6525812431959995,-0.4623435112303015,-0.18054338304909118,0.7971316418302662,0.12933429191213489,ambos,12.088718267986772,3.8479505495104394,101,0,5
Sao Tome and Principe,STP,2010,-0.578261216912563,-0.09262817618332268,-0.47890710927907754,-0.16115048806531496,4.005781890141695,-0.27830397851865735,0.5404769241449899,-1.0322363717876688,0.038858281816333155,-0.025349315557772752,0.10368049505457075,-0.4623435112303015,-0.18054338304909118,0.7971316418302662,0.12933429191213489,ambos,12.110678962239529,4.186639018116116,101,0,6
Sao Tome and Principe,STP,2011,-0.5790933315963392,-0.09262817618332268,-0.5310471500464184,-0.16115048806531496,1.8307680367459394,-0.27828102578670855,0.5373531341672256,-1.2583452658273637,0.038858281816333155,-0.025349315557772752,-0.1707698790161436,-0.4623435112303015,-0.18054338304909118,0.7971316418302662,0.12933429191213489,ambos,12.131618459605226,3.977263243044315,101,0,7
Sao Tome and Principe,STP,2012,-0.5726630956944574,-0.09262817618332268,-0.2597715820785261,-0.16115048806531496,1.08768378316593,-0.2782584131394287,0.5479965531400947,-1.2319655490380257,0.038858281816333155,-0.025349315557772752,-0.1707698790161436,-0.4623435112303015,-0.18054338304909118,0.7971316418302662,0.12933429191213489,ambos,12.151827630677777,3.8943466337718924,101,0,8
Sao Tome and Principe,STP,2013,-0.5498916099267681,-0.09262817618332268,-0.007865144870308129,-0.16115048806531496,0.14338000054792932,-0.2782362837703624,0.5794265503471852,-1.1448040880829853,0.038858281816333155,-0.025349315557772752,0.10368049505457075,-0.24881985843749468,-0.18054338304909118,0.7971316418302662,0.12933429191213489,ambos,12.171217190757702,3.7779686516836466,101,0,9
Sao Tome and Principe,STP,2014,-0.5273552634695061,-0.09262817618332268,0.3890834694579416,-0.16115048806531496,0.9277541313115294,-0.2782146913770891,0.6188992036380311,-1.1889220007768346,0.038858281816333155,-0.025349315557772752,0.10368049505457075,-0.24881985843749468,-0.18054338304909118,0.7971316418302662,0.12933429191213489,ambos,12.189780648753196,3.8755649732644493,101,0,10
Sao Tome and Principe,STP,2015,-0.5292795604285442,-0.09262817618332268,0.6826979112005088,-0.16115048806531496,1.225693511493268,-0.27819366579159716,0.6024710108118612,-1.2840322721654058,0.038858281816333155,-0.025349315557772752,0.10368049505457075,-0.24881985843749468,-0.18054338304909118,0.7971316418302662,0.12933429191213489,ambos,12.207531580766418,3.91027529357446,101,0,11
Sao Tome and Principe,STP,2016,-0.5026650940603926,-0.09262817618332268,0.7361530095747796,-0.16115048806531496,0.7432469004264682,-0.27817339197221536,0.6333301202227285,-1.3969658502808058,0.038858281816333155,-0.025349315557772752,0.10368049505457075,-0.24881985843749468,-0.18054338304909118,0.7971316418302662,0.12933429191213489,ambos,12.224354509208187,3.8534494804252097,101,0,12
Sao Tome and Principe,STP,2017,-0.48285882983021566,-0.09262817618332268,0.9735382200913552,-0.16115048806531496,1.2053305504486438,-0.27815381622136437,0.6516306557782727,-1.5019417358624119,0.6643918694866419,-0.025349315557772752,0.10368049505457075,-0.4623435112303015,-0.18054338304909118,0.7971316418302662,0.12933429191213489,ambos,12.2403339658147,3.9079409596121204,101,0,13
Sao Tome and Principe,STP,2018,-0.45994371730227607,-0.09262817618332268,0.9735382200913552,-0.16115048806531496,0.4271024173182865,-0.2781346223199661,0.6665110013259297,-1.5593682214191709,0.6643918694866419,-0.025349315557772752,0.10368049505457075,-0.4623435112303015,-0.18054338304909118,0.7971316418302662,0.12933429191213489,ambos,12.255757647308222,3.814380130250932,101,0,14
Sao Tome and Principe,STP,2019,-0.45585991810784876,-0.09262817618332268,0.9735382200913552,-0.16115048806531496,0.3714490419235406,-0.27811550001534024,0.6603687138885889,-1.631494151560266,0.6643918694866419,-0.025349315557772752,0.3781308691252851,-0.4623435112303015,-0.18054338304909118,0.7971316418302662,0.12933429191213489,ambos,12.270890815062488,3.807341615744699,101,0,15
Suriname,SUR,1996,1.1087813440129737,1.8626845284625204,0.1984590202182644,0.7191100645514372,-0.26554890342307613,-0.27677044725083244,0.936922058268034,-0.06422162875315811,1.2899254571569505,-0.025349315557772752,1.2791044612953992,-0.20999743046298375,0.647869649502338,0.7971316418302662,-0.15575969535792394,ambos,12.991869652107505,3.7230403658325963,102,0,0
Suriname,SUR,1997,1.193839281268859,1.8626845284625204,0.1984590202182644,0.7191100645514372,-0.8272958953628247,-0.27671533563528516,0.7422171789677176,0.011573028516231312,1.2899254571569505,0.5784696891893238,1.212570884251381,0.06175986429159047,0.647869649502338,1.0151640642227082,0.20060778872965002,ambos,13.012700285593121,3.6423009700506594,102,0,1
Suriname,SUR,1998,1.1991237670123374,1.8626845284625204,0.1984590202182644,0.7191100645514372,-0.5101973554742961,-0.2766596154471725,0.14759121041118348,-0.49104463898222284,1.2899254571569505,1.1822886939364206,1.1460373072073633,0.3335171590461647,0.647869649502338,1.2331964866151495,0.6995222664522537,ambos,13.033328864345275,3.6886755769414483,102,0,2
Suriname,SUR,1999,1.1137096299061027,1.8626845284625204,0.1984590202182644,0.7191100645514372,-1.8676857601432415,-0.2766028750050533,-0.361413088556625,-0.43009669532628064,1.2899254571569505,1.1822886939364206,0.9464370151959071,0.06175986429159047,0.647869649502338,1.4512291706466032,0.6995222664522537,ambos,13.053906790662433,3.47301002845784,102,0,3
Suriname,SUR,2000,1.114106932868993,1.8626845284625204,0.1984590202182644,0.7191100645514372,-2.448194001317054,-0.27654483985463335,-0.19318808151678687,-0.17881899136408855,1.2899254571569505,1.1822886939364206,0.7468367231844513,-0.20999743046298375,0.647869649502338,1.6692618546780562,0.6995222664522537,ambos,13.074525159989774,3.3643929867745337,102,0,4
Suriname,SUR,2001,1.1643736264078575,1.8626845284625204,0.1984590202182644,0.7191100645514372,-1.2156134228608624,-0.27648567108865063,0.04672010500603418,-0.18904790837121585,0.8729029819722665,1.1822886939364206,0.9464370151959071,-0.0959565856544807,0.5492490109408328,1.6692618546780562,0.6044909373622335,ambos,13.095117558154065,3.5824155519443277,102,0,5
Suriname,SUR,2002,1.1824535767454498,1.8626845284625204,0.24975633708748396,0.7191100645514372,-1.8311494922281693,-0.2764260608092381,0.2669624631998907,0.13678366651045074,0.4558805067875822,1.1822886939364206,1.1460373072073633,0.018084259154022005,0.4506283723793275,1.6692618546780562,0.12933429191213489,ambos,13.115443490115156,3.4794671422317918,102,0,6
Suriname,SUR,2003,1.2877484187353363,1.8626845284625204,0.24975633708748396,0.7191100645514372,-1.6985536457178914,-0.27636721422873106,0.568311987686454,-0.019155087221862505,0.4558805067875822,1.1822886939364206,1.2125711038116804,0.018084259154022005,0.4506283723793275,1.6692618546780562,0.12933429191213489,ambos,13.135111770226496,3.5025568939237566,102,0,7
Suriname,SUR,2004,1.467165360668928,1.8626845284625204,0.24975633708748396,0.7191100645514372,-1.0933007781104498,-0.27632241254840795,0.8557226241646142,0.3347081533720627,0.4558805067875822,1.1822886939364206,1.1460373072073633,0.018084259154022005,0.8451109266253479,1.6692618546780562,0.12933429191213489,ambos,13.149830673582768,3.6016680444646547,102,0,8
Suriname,SUR,2005,1.5619128324235396,1.8626845284625204,0.17614925345660173,0.7191100645514372,-0.3803528090181161,-0.27629025366480936,0.8851848120017499,0.5701854846236135,0.4558805067875822,1.1822886939364206,0.8133705197887688,0.8187978076605511,0.8451109266253479,1.8872940154314866,0.12933429191213489,ambos,13.160263988837393,3.7070612693959895,102,0,9
Suriname,SUR,2006,1.695262793523617,1.8626845284625204,0.22880397794695212,0.7191100645514372,-1.7421344279330289,-0.2762563406602872,0.9307283821880146,0.832824693789221,0.9726623278936218,0.21081105997167,0.7379656088532887,-0.20159502185816686,0.3706804397092096,1.592514236870932,0.12933429191213489,ambos,13.171149732042695,3.4950265588694664,102,0,10
Suriname,SUR,2007,1.8129522789465906,2.3809670867889783,0.24508707558748466,0.8123645541183028,-2.123463733949228,-0.27622042891253584,0.9491941601755549,0.8398763943233064,0.7648330470185581,0.1730887960519055,1.0688974307871577,0.020467352984874926,0.45912236733975476,1.592514236870932,0.12933429191213489,ambos,13.182549314777518,3.4265992018608253,102,0,11
Suriname,SUR,2008,1.904551175262234,2.763816954070727,0.26668530693148623,1.038753157536687,-1.7995682320257151,-0.27618326422126765,1.0009904056967593,1.091081863045147,0.8314033322721727,0.5898625461708921,1.3563001060316158,0.08964941586422487,0.5648549317857139,1.6239109182541156,0.12933429191213489,ambos,13.194211369153635,3.485015149609566,102,0,12
Suriname,SUR,2009,1.962853254051043,2.9592716640276215,0.18219551118364602,0.42129587692756804,-1.075234233419533,-0.27614553868861574,0.9673452219858975,0.6077077886814652,0.038858281816333155,-0.025349315557772752,0.6525812431959995,0.39175050207493695,0.7859384882609096,1.072724908397557,0.12933429191213489,ambos,13.20591193240711,3.60448063103761,102,0,13
Suriname,SUR,2010,2.092125058752921,1.8038974230432598,0.2576865683196212,0.5096657686772684,-1.6777352854947913,-0.27610762223123747,0.9872276453136876,0.6811895520517596,0.038858281816333155,-0.025349315557772752,0.6525812431959995,0.39175050207493695,0.7859384882609096,1.0849345545094542,0.12933429191213489,ambos,13.217535365842485,3.506134187656503,102,0,14
Suriname,SUR,2011,2.249905118890302,1.8038974230432598,0.16994622028722084,0.5096657686772684,-0.0786777619021942,-0.27606975947143847,1.0427409555046085,0.6760706091314475,0.038858281816333155,-0.025349315557772752,0.6525812431959995,0.39175050207493695,0.7859384882609096,1.0849345545094542,0.12933429191213489,ambos,13.229009066872399,3.748516225048965,102,0,15
Suriname,SUR,2012,2.3042829673255363,1.8038974230432598,0.17915428802325567,0.5096657686772684,-0.05819360028139812,-0.27603178931648087,1.0201890487608944,0.6888647851532066,0.038858281816333155,-0.025349315557772752,0.6525812431959995,0.39175050207493695,0.7859384882609096,1.0849345545094542,0.12933429191213489,ambos,13.240384606912526,3.7512697338771415,102,0,16
Suriname,SUR,2013,2.3684932141939825,1.8038974230432598,0.18026820347564929,0.5096657686772684,-0.018467165523919984,-0.27599368193437623,1.0244114436183511,0.4371732885875049,0.038858281816333155,-0.025349315557772752,0.6525812431959995,0.39175050207493695,0.7859384882609096,1.105865675431577,0.12933429191213489,ambos,13.251672619281557,3.7565883012719086,102,0,17
Suriname,SUR,2014,2.3371976752963155,1.8038974230432598,0.1367739484012521,0.5096657686772684,-0.8527723384355678,-0.2759557774097933,1.0289355583213842,0.2693371236393151,0.038858281816333155,-0.025349315557772752,0.6525812431959995,0.39175050207493695,0.7859384882609096,1.105865675431577,0.12933429191213489,ambos,13.262775543121073,3.638480091310959,102,0,18
Suriname,SUR,2015,2.1749736858600905,1.8038974230432598,0.2398955432283822,0.5096657686772684,-0.026627362367160907,-0.2759184635585826,1.0308029784737054,0.01940218700396962,0.038858281816333155,-0.025349315557772752,0.6525812431959995,0.39175050207493695,0.7859384882609096,1.105865675431577,0.12933429191213489,ambos,13.273586347096252,3.755498121753812,102,0,19
Suriname,SUR,2016,1.969421093530727,1.8038974230432598,0.29301795986478274,0.5096657686772684,0.5683688369221424,-0.27588188954068665,1.0528089189961471,-0.022808078678847703,0.038858281816333155,-0.025349315557772752,0.6525812431959995,0.39175050207493695,0.7859384882609096,1.105865675431577,0.12933429191213489,ambos,13.284070577538948,3.8320268250612486,102,0,20
Suriname,SUR,2017,1.9873478596864136,1.8038974230432598,0.29301795986478274,0.5096657686772684,-0.18548823060418607,-0.27584635367599036,1.0630951582611028,0.9407961191457754,0.038858281816333155,-0.025349315557772752,0.6525812431959995,0.1782268492821305,0.7859384882609096,1.104121589780741,0.2481234532746595,ambos,13.294153000913871,3.734034475538515,102,0,21
Eswatini,SWZ,1996,-0.441744214254499,-0.7561150428802106,-0.6056067641268825,0.34232830314956214,-0.4164591924761195,-0.27348289648820956,1.0906788405035224,0.78018409906792,1.2899254571569505,1.1822886939364206,0.6525812431959995,-0.1420583309740855,-0.3876466411869483,-0.8381121802105763,0.12933429191213489,ambos,13.805300613414387,3.701982525063375,103,0,0
Eswatini,SWZ,1998,-0.4184290189823928,-0.7561150428802106,-0.6576771411900881,0.34232830314956214,1.0410539854443956,-0.27330502624000164,1.0817292755577101,0.8905190535462262,1.2899254571569505,1.1822886939364206,0.6525812431959995,-0.1420583309740855,-0.3876466411869483,-0.8381121802105763,0.12933429191213489,ambos,13.834973912027523,3.8889069054549017,103,0,1
Eswatini,SWZ,2000,-0.3955587951635318,-0.7561150428802106,-0.7311381379641807,0.34232830314956214,0.28113179513254394,-0.27317519145966973,1.049325189030727,1.1353490061823843,1.2899254571569505,1.1822886939364206,0.6525812431959995,-0.1420583309740855,-0.3876466411869483,-0.8381121802105763,0.12933429191213489,ambos,13.856090923294548,3.7958126443872375,103,0,2
Eswatini,SWZ,2002,-0.3612672079686337,-0.7561150428802106,-0.6792693028252105,0.34232830314956214,0.5131555161646927,-0.27306763520834665,1.0346160871293297,1.1360907550949069,1.2899254571569505,1.1822886939364206,0.6525812431959995,0.3561631269651382,-0.3876466411869483,-0.8381121802105763,0.12933429191213489,ambos,13.873252912388839,3.8251667193133785,103,0,3
Eswatini,SWZ,2003,-0.3250726198324959,-0.7561150428802106,-0.6890023569020822,0.34232830314956214,-1.143470202328354,-0.2730243251274483,1.03531881269425,1.037541126277065,1.2899254571569505,0.5784696891893238,0.6525812431959995,0.3561631269651382,-0.042474544290519535,-0.8381121802105763,0.12933429191213489,ambos,13.880081266083838,3.5938159639040554,103,0,4
Eswatini,SWZ,2004,-0.29567963671819447,-0.7561150428802106,-0.5488035315684215,0.34232830314956214,-0.20432600011404917,-0.2729857881647093,1.0430389959564004,1.1753257444294332,1.3151995162331813,0.6211640403217774,0.7468367231844513,0.43416789823934226,0.20158642833087717,-0.4185646062233629,0.12933429191213489,ambos,13.886118125128228,3.731458484157931,103,0,5
Eswatini,SWZ,2005,-0.2409043754223594,-0.7561150428802106,-0.4708092899522968,0.34232830314956214,-0.9125006534306502,-0.272950807174999,1.0599876455199135,1.1706540465803275,1.2899254571569505,0.5784696891893238,0.6525812431959995,0.3561631269651382,-0.042474544290519535,-0.5110634158024079,0.12933429191213489,ambos,13.891566560046453,3.62946456869391,103,0,6
Eswatini,SWZ,2006,-0.17485111770984657,-0.7561150428802106,-0.3263049718073498,0.34232830314956214,0.005105453517591657,-0.27291850509785565,1.077637714311518,1.1521735476722896,1.2899254571569505,-0.025349315557772752,0.10368049505457075,0.39175050207493695,0.23366313322662344,4.961138764456966e-06,0.12933429191213489,ambos,13.896571516275396,3.7597308783055303,103,0,7
Eswatini,SWZ,2007,-0.13275727853468333,-0.7561150428802106,-0.18631844833638375,0.34232830314956214,-0.4600752520286023,-0.2728811017506795,1.0854939477028447,1.183615517373775,1.2899254571569505,-0.025349315557772752,0.10368049505457075,0.39175050207493695,0.23366313322662344,4.961138764456966e-06,0.12933429191213489,ambos,13.902335750956071,3.6958128665713468,103,0,8
Eswatini,SWZ,2008,-0.1238538835690817,-0.7561150428802106,-0.18631844833638375,0.34232830314956214,-0.08183048873868586,-0.2728370339372733,1.066060218656007,1.0913600544566013,1.2899254571569505,-0.025349315557772752,0.10368049505457075,0.39175050207493695,0.23366313322662344,0.01919147313202783,0.12933429191213489,ambos,13.909084686248274,3.748091757155678,103,0,9
Eswatini,SWZ,2009,-0.11456702912678043,-0.7561150428802106,-0.1428837495750396,0.34232830314956214,-0.3274035615315747,-0.27279489923672173,1.0508926875105884,1.135830692348848,1.2899254571569505,-0.025349315557772752,0.10368049505457075,0.39175050207493695,0.23366313322662344,0.01919147313202783,0.12933429191213489,ambos,13.915495249739216,3.714462800540134,103,0,10
Eswatini,SWZ,2010,-0.07619975930728988,-0.7561150428802106,0.03889409897937244,0.34232830314956214,-0.10919607292146821,-0.27275613555087014,1.0483056382278635,0.9776137130997905,0.6643918694866419,-0.025349315557772752,0.10368049505457075,0.39175050207493695,0.09559429446805148,-0.441293187154673,0.12933429191213489,ambos,13.921356855610922,3.7443997982937245,103,0,11
Eswatini,SWZ,2011,-0.0604897289148851,-0.7561150428802106,0.1342768149909165,0.34232830314956214,-0.28784096655998415,-0.27271924531389613,1.0332062810875646,0.9078090713111028,0.6643918694866419,-0.025349315557772752,-0.9941210012282867,0.39175050207493695,0.09559429446805148,-0.37849982438830454,0.12933429191213489,ambos,13.926903442245472,3.7199575336822726,103,0,12
Eswatini,SWZ,2012,-0.016464056194232624,-0.7561150428802106,0.20539311081619918,0.34232830314956214,-0.5559464311028393,-0.2726832679357701,1.0430237661586392,0.8947410409477223,0.6643918694866419,-0.025349315557772752,-0.9941210012282867,0.39175050207493695,0.09559429446805148,-0.38896538484936594,0.12933429191213489,ambos,13.932283305673833,3.6821162287385123,103,0,13
Eswatini,SWZ,2013,0.029093035510067474,-0.7561150428802106,0.2634752586242019,0.34232830314956214,-0.33290097734765617,-0.2726467118170672,1.0316732066793437,0.7980903330517531,0.6643918694866419,-0.025349315557772752,-0.7196706271575724,0.39175050207493695,0.09559429446805148,-0.38896538484936594,0.12933429191213489,ambos,13.937720226055037,3.7136968857763106,103,0,14
Eswatini,SWZ,2014,0.04901023190051822,-0.7809442913691667,0.3682428481398823,0.5288067429373473,-0.5482553806689752,-0.27260906981398303,0.9942994178992468,0.7644271672858325,0.6643918694866419,-0.025349315557772752,-0.7196706271575724,0.39175050207493695,0.09559429446805148,-0.4081518968426299,0.12933429191213489,ambos,13.9432879279061,3.6832219585441672,103,0,15
Eswatini,SWZ,2015,0.06425889108084787,-0.9139214846775426,0.46161511103452313,0.43121860617707647,-0.5125152929975466,-0.2725702046993706,0.9440368579756796,0.8313852967122606,0.6643918694866419,-0.025349315557772752,-0.445220253086858,0.6052741548677444,0.3717319719851945,-0.4081518968426299,0.12933429191213489,ambos,13.949004199876248,3.688344271580934,103,0,16
Eswatini,SWZ,2016,0.09647812934974757,-0.5906787212712777,0.669065430289516,0.46308202678633126,-0.5273115136093504,-0.2725302656331723,0.9031517915741804,0.9029602072774835,0.6643918694866419,-0.025349315557772752,-0.445220253086858,0.6052741548677444,0.3717319719851945,-0.4186174573036913,0.12933429191213489,ambos,13.954844582708786,3.6862268409468646,103,0,17
Eswatini,SWZ,2017,0.134994549302968,-0.7814239963709279,0.669065430289516,0.3910562483168134,-0.8795632274196324,-0.2724784295699618,0.715861827001926,0.6594997931117317,0.6643918694866419,-0.025349315557772752,-0.445220253086858,0.6052741548677444,0.3717319719851945,-0.4186174573036913,0.12933429191213489,ambos,13.962374180132912,3.6344462650988243,103,0,18
Eswatini,SWZ,2018,0.12268763092930557,-0.6686085424469677,0.669065430289516,0.35073658224783355,-0.5362355076859491,-0.2724143862570588,0.5109430989561616,0.5835412828258698,0.6643918694866419,-0.025349315557772752,-0.445220253086858,0.6052741548677444,0.3717319719851945,-0.4186174573036913,0.12933429191213489,ambos,13.971599358421791,3.684947591321212,103,0,19
Syrian Arab Republic,SYR,1996,-0.1213073014341785,0.11604968536472905,-0.7608544669805243,-0.1020092799849785,-0.5406037839009882,-0.18978470040151685,1.6840811372782656,-0.12398506499294946,-1.212208893524284,-1.232987325051966,-0.445220253086858,-0.4623435112303015,-0.45668106056623414,-1.1651609446187448,2.410086190072609,ambos,16.524767031227594,3.6843208042491944,104,0,0
Syrian Arab Republic,SYR,1997,-0.09400326591982756,-0.21745262694459522,-0.7625913693542685,-0.20928309995596908,-0.5570322222574868,-0.18740149443735174,1.5860201081278502,0.12934874454728065,-1.212208893524284,-1.232987325051966,-0.445220253086858,-0.782628990419512,-0.45668106056623414,-1.1651609446187448,2.053718705985035,ambos,16.551016574882325,3.68196002777695,104,0,1
Syrian Arab Republic,SYR,1998,-0.044684081885067575,-0.2538524005171266,-0.7352567113317046,-0.34872666941420594,-0.5591461581963215,-0.1849978058298854,1.505331856553759,-0.047458998109443123,-1.212208893524284,-1.232987325051966,-0.445220253086858,-1.1029144696087223,-0.45668106056623414,-1.1651609446187448,1.5548042282624317,ambos,16.576811689367183,3.6816558488000055,104,0,2
Syrian Arab Republic,SYR,1999,-0.120120725629375,-0.4701767492512777,-0.7329213908420629,-0.26492452338455713,-0.36363595449159564,-0.18256561574061003,1.4211540213471896,0.24564449492583576,-1.212208893524284,-1.232987325051966,-0.445220253086858,-1.1029144696087223,-0.45668106056623414,-1.1651609446187448,1.5548042282624317,ambos,16.602252523858237,3.709403964371428,104,0,3
Syrian Arab Republic,SYR,2000,-0.14153408353304323,-0.6531491121312217,-0.7163854346477124,-0.23654307941261765,-0.4040609126818049,-0.18012042487074817,1.1247259794432163,0.5263009930691144,-1.212208893524284,-1.232987325051966,-0.445220253086858,-1.1029144696087223,-0.45668106056623414,-1.1651609446187448,0.8895849246322929,ambos,16.62719312232878,3.703729383512705,104,0,4
Syrian Arab Republic,SYR,2001,-0.15788335579270202,-0.2788584634455891,-0.6756262359688721,-0.1760025918926254,-0.5584262256501888,-0.17765361774202218,1.0735720491807985,0.25900514640471306,-0.8994420996891298,-1.232987325051966,-0.033544691980786426,-0.9961526432123188,-0.24957780242837668,-0.8381121802105763,0.41442827918219427,ambos,16.65173929233453,3.6817594518965167,104,0,5
Syrian Arab Republic,SYR,2002,-0.14095403641179213,-0.2817158090610554,-0.6273052836152495,-0.051728209227669665,-0.5561828812701691,-0.1751656656998503,1.073114677616697,0.1770107975660134,-0.5866753058539755,-1.232987325051966,0.3781308691252851,-0.8893908168159154,-0.042474544290519535,-0.5110634158024079,0.41442827918219427,ambos,16.675900256836155,3.682082215303218,104,0,6
Syrian Arab Republic,SYR,2003,-0.08636407008576107,0.07236288958360822,-0.11397883027693935,-0.34517686392513636,-0.5252790528234925,-0.17265402705881264,1.058382529749005,0.10316517485293618,-1.212208893524284,-1.232987325051966,0.3781308691252851,-1.1029144696087223,-0.18054338304909118,-1.1651609446187448,0.41442827918219427,ambos,16.699713159016888,3.6865179644216206,104,0,7
Syrian Arab Republic,SYR,2004,-0.03395604708588184,-0.11866875174589266,-0.011120853942083184,0.13632124738009194,-0.46173041874816395,-0.16998359274301134,1.1820401062501302,0.2505988189926197,-1.212208893524284,-1.232987325051966,0.10368049505457075,-1.1029144696087223,-0.18054338304909118,-1.1651609446187448,0.41442827918219427,ambos,16.72442467222453,3.6955779855863957,104,0,8
Syrian Arab Republic,SYR,2005,0.010866242247621236,0.04483793178404546,0.09848788019309922,0.19497059561184535,-0.35038103482658856,-0.16713633229859942,1.3007297790466943,0.3479530406821983,-1.212208893524284,-1.232987325051966,-0.1707698790161436,-1.1029144696087223,-0.042474544290519535,-0.5110634158024079,0.41442827918219427,ambos,16.750116721477628,3.711257611641177,104,0,9
Syrian Arab Republic,SYR,2006,0.019353284065579728,-0.13652361941320898,0.14358885198855165,0.02269732351837465,-0.31189981011771883,-0.1622263986736155,1.4174915494945621,0.6655027012910708,-0.5866753058539755,-0.025349315557772752,0.10368049505457075,-0.8893908168159154,-0.3186122218076625,-0.9715480760891091,0.41442827918219427,ambos,16.79292727099002,3.7166196702015464,104,0,10
Syrian Arab Republic,SYR,2007,0.010920448608405619,-0.27286115178466275,0.1645238296900309,0.08588189161632638,-0.11650538601920342,-0.15478568620377495,1.5246935801875685,0.5881017625947493,-0.5866753058539755,-0.025349315557772752,0.10368049505457075,-0.7826292893525062,-0.3186122218076625,-0.9715480760891091,0.41442827918219427,ambos,16.854499906821328,3.743411369798171,104,0,11
Syrian Arab Republic,SYR,2008,0.022035078371967283,-0.7208692085024795,0.17968320350112355,0.023358005810952612,-0.1656042577230908,-0.1502963358854016,2.053102207027596,0.6020293594603305,-1.212208893524284,-0.025349315557772752,0.10368049505457075,-0.6758671640231085,-0.18054338304909118,-1.0029447574722932,0.6995222664522537,ambos,16.88989526551676,3.736746351553882,104,0,12
Syrian Arab Republic,SYR,2009,0.07880433817819353,-0.573106004044682,0.22365796840441038,-0.39176812121892685,0.17734664238843986,-0.1482653442766122,2.1371442965074703,0.022528350057921476,-1.212208893524284,-0.025349315557772752,0.10368049505457075,0.1782268492821305,0.09559429446805148,-0.5668799126874097,0.8420692600872839,ambos,16.90550564484394,3.7823982636722917,104,0,13
Syrian Arab Republic,SYR,2010,0.11797984453213635,-0.26503727705438923,0.26434515826432653,-0.2735919932365389,-0.23478924318555275,-0.14524961662676625,1.9925431361955697,0.2843152624423283,-1.212208893524284,-0.025349315557772752,0.10368049505457075,0.1782268492821305,0.09559429446805148,-0.5442041828364284,0.8420692600872839,ambos,16.928244317399727,3.727278661336055,104,0,14
Syrian Arab Republic,SYR,2011,0.1332440852800202,-0.12306260316240364,0.3174264177510724,-0.6605260647304968,-0.4452007676561293,-0.14288885028434778,1.8449182272815448,0.5609473071022388,-1.212208893524284,-0.025349315557772752,-1.8174721234404299,0.1782268492821305,-0.3186122218076625,-1.0360855245063139,0.6520066019072441,ambos,16.945690635359732,3.6979211992096306,104,0,15
Syrian Arab Republic,SYR,2012,-0.24057894191051568,-1.1942422529179326,0.34769302105610095,-1.1059717237289513,-0.339995005420841,-0.14359488395608025,1.5370382940713945,-0.16557494072078333,-1.212208893524284,-0.025349315557772752,-2.091922497511144,-1.1029144696087223,-1.4231629318762347,-1.5349442553355888,0.3669126146371836,ambos,16.940504798100104,3.7127076589771093,104,0,16
Syrian Arab Republic,SYR,2013,-0.4814001931848819,-0.9921610039196719,-0.5764524349731909,-0.834632095623631,-0.339995005420841,-0.1501152378160384,1.314970890674157,-0.3207781021700625,-1.212208893524284,-1.232987325051966,-2.091922497511144,-1.1029144696087223,-1.9754382869105211,-1.4948260991421787,0.27188128554716456,ambos,16.89129713912452,3.7127076589771093,104,0,17
Syrian Arab Republic,SYR,2014,-0.5156336637747089,-1.745615754916294,-0.5764524349731909,-0.5568231614747926,-0.339995005420841,-0.1584279691416026,1.2248010252899881,-0.6301783573489689,-1.212208893524284,-1.232987325051966,-2.091922497511144,-1.1029144696087223,-1.9754382869105211,-1.5157572200643021,0.2481234532746595,ambos,16.824833064536254,3.7127076589771093,104,0,18
Syrian Arab Republic,SYR,2015,-0.5155666766480894,-1.172982659573921,-0.5764524349731909,-0.6491885704772026,-0.339995005420841,-0.16349368541051212,1.1859603410983888,-0.9651371442722824,-1.212208893524284,-1.232987325051966,-2.091922497511144,-0.6758671640231085,-1.9754382869105211,-1.5698291080204443,-0.013212701722894819,ambos,16.782051840126016,3.7127076589771093,104,0,19
Syrian Arab Republic,SYR,2016,-0.5573546737451434,-1.788719056014961,-0.5764524349731909,-0.18344816983782666,-0.339995005420841,-0.1648706345371197,1.1064228576231654,-0.9027746018934586,-1.212208893524284,-1.232987325051966,-2.091922497511144,-1.1029144696087223,-2.1135071256690923,-1.5698291080204443,-0.013212701722894819,ambos,16.770099691686376,3.7127076589771093,104,0,20
Chad,TCD,1996,-1.0747313373702418,-0.9305631786206235,-1.9931252453493542,-0.7792753455093852,-0.22390983103167983,-0.23517703023128791,-2.063903962691245,-1.219825079032738,0.038858281816333155,0.5784696891893238,-0.1707698790161436,-0.6402797889133092,-0.042474544290519535,-0.5110634158024079,0.12933429191213489,ambos,15.818355707015632,3.7287734179967296,105,0,0
Chad,TCD,1997,-1.0699273422775628,-0.7651117138159331,-1.9813009006692002,-0.7007186713026614,-0.15179698805665118,-0.23362422749889472,-2.042724467715221,-1.117749001437502,0.038858281816333155,0.5784696891893238,-0.1707698790161436,-0.6402797889133092,-0.042474544290519535,-0.5110634158024079,0.12933429191213489,ambos,15.852875020960132,3.738625139193007,105,0,1
Chad,TCD,1998,-1.0620225684645377,-1.0298082468150156,-1.9490832653176735,-0.7371659084285062,-0.43595293209467845,-0.23202240484300504,-2.0203873351186834,-1.1842520389535376,0.038858281816333155,0.5784696891893238,-0.1707698790161436,-0.6402797889133092,-0.042474544290519535,-0.5110634158024079,0.12933429191213489,ambos,15.887277852795394,3.6992297644821033,105,0,2
Chad,TCD,1999,-1.0720936455247085,-0.6873867548779192,-1.9277432035227535,-0.6659963135413066,-0.37391611695998017,-0.2303287533601273,-2.0039073802747485,-1.2392846074369102,0.038858281816333155,0.5784696891893238,-0.3079950660515008,-0.6402797889133092,-0.042474544290519535,-0.5110634158024079,0.12933429191213489,ambos,15.922409909939185,3.7079639553685997,105,0,3
Chad,TCD,2000,-1.0820748215980576,-0.2065718688303715,-1.9006096046066747,-0.6350945208043783,0.7978221533065826,-0.22860214946275698,-1.9889661350070944,-1.3481801934888302,0.038858281816333155,0.5784696891893238,-0.445220253086858,-0.6402797889133092,-0.042474544290519535,-0.5110634158024079,0.12933429191213489,ambos,15.95699853373567,3.860042096749983,105,0,4
Chad,TCD,2001,-1.0641854433874027,1.6876902451290694,-1.839527261778342,-0.2645320950272945,4.049683849678865,-0.22685977637626772,-1.9550157409163027,-1.166603160258426,0.038858281816333155,0.5784696891893238,-0.7196706271575724,-0.6402797889133092,-0.042474544290519535,-0.5110634158024079,0.12933429191213489,ambos,15.990730919619473,4.190444846843056,105,0,5
Chad,TCD,2002,-1.0525867626412568,4.491203923688924,-1.8111970680393399,1.5381543955957948,7.4434336153197505,-0.22499785457908,-1.924652398946416,-1.0681595290628534,0.038858281816333155,0.5784696891893238,-0.9941210012282867,-0.6402797889133092,-0.042474544290519535,-0.5110634158024079,0.12933429191213489,ambos,16.025562840690075,4.44790676920676,105,0,6
Chad,TCD,2003,-1.0265682339176707,3.1439367523146364,-1.7608328654486998,0.2893034401940746,3.8928031025041414,-0.22278049657175902,-1.886299350830842,0.2541166393132575,-0.27378390572815725,-0.7921038066562335,-0.15979186405331502,-0.45656573431576125,-0.7228744680406298,-0.44451553322063375,0.12933429191213489,ambos,16.065520904282444,4.176777846917711,105,0,7
Chad,TCD,2004,-0.9485953755851262,0.011325701796471419,-1.746792525237467,0.823744975106483,1.1931627515213803,-0.2202018015869803,-1.8391271156581699,1.009773046950203,-0.04830306786277751,-0.6805364106767144,0.8094100911107788,-0.10679440136415909,-0.8301616876110103,0.12832581434195348,0.12933429191213489,ambos,16.110067209092808,3.906543483161359,105,0,8
Chad,TCD,2005,-0.9030929525955773,-0.06490106735385504,-1.7354270988300355,0.12070229049841687,-0.854350252585657,-0.2177671772074437,-1.7945791799780721,1.0822457585730347,-0.019250285490147588,-0.5581191117646956,0.6025157863977203,-0.36929942101101637,-0.7804176941077171,-0.21342810907005233,0.12933429191213489,ambos,16.150378216115634,3.638242959792989,105,0,9
Chad,TCD,2006,-0.9194797101331101,-0.06396110278168807,-1.7232154653392782,0.10628992846153486,-1.1552558425683743,-0.21550989803311751,-1.76514946045429,1.0399667675232893,-0.5866753058539755,-1.232987325051966,-0.9941210012282867,-0.6758671640231085,-0.8708875768419492,-1.09539071597101,0.12933429191213489,ambos,16.186354586513506,3.591962400624193,105,0,10
Chad,TCD,2007,-0.9168763294311779,-0.051684828338161765,-1.6356594664870925,0.04887552997044282,-1.1715219140617295,-0.213271090826068,-1.731581268169734,1.1709243038407824,-0.5866753058539755,-1.232987325051966,-1.131346188263644,-0.7826292893525062,-0.8708875768419492,-1.09539071597101,0.12933429191213489,ambos,16.22080213779536,3.589398530091969,105,0,11
Chad,TCD,2008,-0.9186842998141441,-0.07201036463531116,-1.545272051905683,-0.1266075215554389,-0.04421670330950028,-0.21091653550365436,-1.6963345334518882,1.271063951608884,-1.212208893524284,-1.232987325051966,-1.268571375299001,-0.8893908168159154,-1.0089564156005206,-0.6820010777590855,0.12933429191213489,ambos,16.255794335846105,3.7531441852057537,105,0,12
Chad,TCD,2009,-0.937589059602703,0.15260488848401868,-1.4742573547300903,-0.2489012747902404,-0.12098210853780446,-0.20842581505295005,-1.6491863144687393,0.6587739451546396,-1.212208893524284,-1.232987325051966,-0.9941210012282867,-0.6758671640231085,-1.1470252543590918,-0.6820010777590855,0.12933429191213489,ambos,16.291524030415367,3.742805505899348,105,0,13
Chad,TCD,2010,-0.9013631547953276,-0.045351066406771556,-1.4881797648798738,-0.28170017413749404,-0.26397074724759795,-0.20592696240218175,-1.5826043184149545,0.9119272720222469,-1.212208893524284,-1.232987325051966,-0.1707698790161436,-0.6758671640231085,-1.285094093117663,-1.118065922543969,0.12933429191213489,ambos,16.326131737032263,3.7232582536873897,105,0,14
Chad,TCD,2011,-0.8978307716119186,0.08488331998966281,-1.4717906861224568,-0.46151902878637313,-0.35791502377131207,-0.20328729679931512,-1.558866492078501,1.1751301469777669,-1.212208893524284,-1.232987325051966,-0.445220253086858,-0.6758671640231085,-1.285094093117663,-1.1006234962015407,0.12933429191213489,ambos,16.36143375275678,3.71020443505222,105,0,15
Chad,TCD,2012,-0.8761571401092139,0.031270930256527156,-1.4975993533285106,-0.5533134484893598,-0.0865357947159504,-0.20056661348209132,-1.4876809935166178,1.3698957355951096,-1.212208893524284,-1.232987325051966,-0.445220253086858,-0.6758671640231085,-1.285094093117663,-1.1006234962015407,0.12933429191213489,ambos,16.39656029816599,3.7474579222157494,105,0,16
Chad,TCD,2013,-0.8794650758091845,0.350521216163769,-1.4099488824043585,-0.6362673357423179,-0.14404677009670888,-0.19770225930827126,-1.433703051805145,0.9575995835880365,-1.212208893524284,-1.232987325051966,-0.445220253086858,-0.6758671640231085,-1.285094093117663,-1.1215546171236634,0.12933429191213489,ambos,16.432255083853516,3.7396781848658,105,0,17
Chad,TCD,2014,-0.8859483416384654,0.2675940671487225,-1.4708469370559683,-0.9477888701515238,-1.3049944838522025,-0.19473338577955696,-1.3743615146695372,0.843396180420785,-1.212208893524284,-1.232987325051966,-0.445220253086858,-0.6758671640231085,-1.285094093117663,-1.1215546171236634,0.12933429191213489,ambos,16.46795495107476,3.56810845607664,105,0,18
Chad,TCD,2015,-0.8856645398968205,-0.04714989591090364,-1.4926583449054265,-0.724014889406596,0.019030762755758643,-0.19199514932030215,-1.3252951704706706,0.5764304851341109,-1.212208893524284,-1.232987325051966,-0.1707698790161436,-0.6758671640231085,-1.285094093117663,-1.1215546171236634,0.12933429191213489,ambos,16.499788559432787,3.7615826973251463,105,0,19
Chad,TCD,2016,-0.9155144598105616,-0.7966703156042908,-1.4823497261290106,-0.8563484115240058,-0.32486846518845736,-0.1892086387372633,-1.3091586893599267,-0.14079483544040328,-1.212208893524284,-1.232987325051966,-0.1707698790161436,-0.6758671640231085,-1.285094093117663,-1.1215546171236634,0.12933429191213489,ambos,16.531175427087884,3.714815799447933,105,0,20
Chad,TCD,2017,-0.9343717534568016,-0.9020210326068332,-1.5526824632141947,-0.8757605055782102,-0.17722816216427392,-0.18617708820071913,-1.257668114101039,-0.04763550249318758,-1.212208893524284,-1.232987325051966,-0.1707698790161436,-0.6758671640231085,-1.0089564156005206,-1.1215546171236634,0.12933429191213489,ambos,16.56423938330971,3.735161918238774,105,0,21
Togo,TGO,1996,-0.9882269364354294,-1.4555618801019534,-1.463953334175189,-0.4072859856689675,-0.6344781881125177,-0.25207534818199523,-1.342119626742525,-0.11019984928450727,0.4558805067875822,-0.025349315557772752,0.2589249958499144,0.3335171590461647,0.647869649502338,-0.0749985710175242,-0.7259476698980427,ambos,15.336742416429939,3.6707553099283956,106,0,0
Togo,TGO,1997,-0.9537550085305699,-1.6032532124394718,-1.4493412687723124,-0.5875568820170528,-0.5521918749617453,-0.2511972734326069,-1.314160267285679,-0.30339058511009614,0.4558805067875822,-0.6291683203048694,0.3254585728939326,0.3335171590461647,0.647869649502338,-0.29303099340996586,-1.0823151539856166,ambos,15.36838467973502,3.682656167910937,106,0,1
Togo,TGO,1998,-0.9715253971337153,-1.0980583739124223,-1.4493412687723124,-0.5140001847415236,-0.5667665751530353,-0.2503865414140492,-1.315915002391561,-0.16936187144236944,0.4558805067875822,-1.232987325051966,0.3919921499379508,0.3335171590461647,0.647869649502338,-0.5110634158024079,-1.5812296317082215,ambos,15.396737044038135,3.6805585613505705,106,0,2
Togo,TGO,1999,-0.9727812578747418,-1.6611550658145198,-1.247108018491506,-0.6775911424499552,-0.5349573505109885,-0.2495550880962823,-1.3041052025728535,-0.2633312631899081,0.4558805067875822,-1.232987325051966,0.3919921499379508,0.3335171590461647,0.647869649502338,-0.5110634158024079,-1.5812296317082215,ambos,15.425002468940427,3.6851309148860723,106,0,3
Togo,TGO,2000,-0.9844157115109277,-1.1390154737300515,-1.1541063527080573,-0.7153978223919174,-0.21487781818154117,-0.2487211766226633,-1.2706595050145275,0.27396703271378964,0.4558805067875822,-1.232987325051966,0.3919921499379508,0.3335171590461647,0.647869649502338,-0.5110634158024079,-1.5812296317082215,ambos,15.45257103040013,3.7300126594911838,106,0,4
Togo,TGO,2001,-0.9902233855788717,-1.058545473605615,-1.051665668858358,-0.6402390819811102,-0.04659831720973149,-0.2479017217306694,-1.2631104191169307,0.19664903538995315,0.2473693943019578,-1.232987325051966,0.4585255074216696,0.7363000734814662,0.746490288063843,-0.5110634158024079,-1.5812296317082215,ambos,15.47894088887099,3.7528250335562383,106,0,5
Togo,TGO,2002,-0.9863583723517287,-1.0103589358103942,-0.9053258155704454,-0.6339787340123166,-0.23387627414765438,-0.24709093601453241,-1.2380423372482712,0.2670271141692141,0.038858281816333155,-1.232987325051966,0.5250588649053883,1.1390829879167674,0.8451109266253479,-0.5110634158024079,-1.628745296253231,ambos,15.504364828109567,3.7274041829407,106,0,6
Togo,TGO,2003,-0.9733720316304457,-0.9912394202260593,-0.8290286093765933,-0.5241122087624717,-0.38548799831761466,-0.24626224513890022,-1.2082894106184745,0.3384975912936113,0.038858281816333155,-1.232987325051966,0.2589249958499144,1.1390829879167674,0.8451109266253479,-0.5110634158024079,-1.8663236189782797,ambos,15.529699040076967,3.706340522221431,106,0,7
Togo,TGO,2004,-0.9850070702887498,-1.1000497523739723,-0.7787819039344591,-0.45200592727613714,-0.2151201887191636,-0.24540104932860285,-1.2079798211207848,0.08454553856244336,0.038858281816333155,-1.232987325051966,0.5250588649053883,1.1390829879167674,0.8451109266253479,-0.5110634158024079,-1.8663236189782797,ambos,15.555364089036553,3.7299794249740796,106,0,8
Togo,TGO,2005,-1.0078098833870561,-0.988312231717598,-0.697719286534109,-0.34787122117354763,-0.1321627012347174,-0.24451728860220723,-1.2095897539032001,-0.2173676382708499,0.038858281816333155,-1.232987325051966,0.5250588649053883,1.1390829879167674,0.8451109266253479,-0.9471282605872915,-1.8663236189782797,ambos,15.58103419111156,3.7412907586391855,106,0,9
Togo,TGO,2006,-1.008364668951583,-0.780578078389509,-0.6325564094796681,-0.34326254949995005,-0.1719778666906878,-0.24352664582742845,-1.157018034014936,-0.1653789851773394,-1.212208893524284,-1.232987325051966,-0.7196706271575724,0.1782268492821305,-0.3186122218076625,-0.20581807678079173,-1.8663236189782797,ambos,15.609046614792268,3.735877887373498,106,0,10
Togo,TGO,2007,-1.0203464123460282,-0.8135852637830433,-0.7508133751782494,-0.3385774098579867,-0.36311775774537525,-0.24246656014982895,-0.8350713623234379,-0.061872582981323185,-1.212208893524284,-1.232987325051966,-0.445220253086858,-0.4623435112303015,-0.45668106056623414,-0.6418829215656758,-1.8663236189782797,ambos,15.638178242191408,3.709476496680571,106,0,11
Togo,TGO,2008,-1.0172289593861685,-0.7147088886408447,-0.7508133751782494,-0.32307003972548076,-0.45905690154825407,-0.24138981628985332,-0.6133116206989001,-0.26483154484759786,-1.212208893524284,-1.232987325051966,0.10368049505457075,-0.4623435112303015,-0.18054338304909118,-0.08720821712942196,-1.8663236189782797,ambos,15.666923667955276,3.6959573509880776,106,0,12
Togo,TGO,2009,-1.0099635572444454,-0.6532986355844105,-0.7508133751782494,-0.3258962492850606,-0.48194907593299185,-0.24029764929182532,-0.1419942767935731,-0.5324945715681879,-1.212208893524284,-1.232987325051966,0.10368049505457075,-0.4623435112303015,-0.3186122218076625,-0.5232730619143051,-1.8663236189782797,ambos,15.69526045253545,3.692704339484899,106,0,13
Togo,TGO,2010,-1.0010151177147526,-0.5758427135485349,-0.7508133751782494,-0.1925866690546806,-0.19248985436121743,-0.239219372067641,0.030306662057936373,-0.5597763642875506,-0.5866753058539755,-1.232987325051966,0.10368049505457075,-0.24881985843749468,-0.18054338304909118,0.09070631070862215,-1.6525031285257354,ambos,15.722470620100866,3.7330778055089024,106,0,14
Togo,TGO,2011,-0.9918064196367291,-0.12762369078176536,-0.38879910822780955,0.12520164719362595,1.6979074431146846,-0.23812224699312495,0.1254579126607502,-0.44036429068817606,-0.5866753058539755,-1.232987325051966,0.10368049505457075,-0.24881985843749468,-0.042474544290519535,0.5267711554935058,-1.5812296317082215,ambos,15.749416804745545,3.9629338821762863,106,0,15
Togo,TGO,2012,-0.9806363390452222,-0.375153725797121,-0.38879910822780955,0.06652235918879758,-0.26079052500729266,-0.23702286662027866,0.1371660022621158,-0.5866563394383943,-0.5866753058539755,-1.232987325051966,-0.7196706271575724,-0.24881985843749468,-0.3186122218076625,-0.3453585340762615,-1.7712922898882606,ambos,15.775709139441306,3.7236971863353343,106,0,16
Togo,TGO,2013,-0.9703850973885452,-0.3264664443694637,-0.38879910822780955,0.2535243697150662,-0.12004836149490591,-0.2359208371668539,0.1584832929831654,-0.40402511282538556,-0.5866753058539755,-1.232987325051966,-0.7196706271575724,-0.6758671640231085,-0.3186122218076625,-0.3453585340762615,-1.8663236189782797,ambos,15.801388805645917,3.7429319062442516,106,0,17
Togo,TGO,2014,-0.9603223999817744,0.08275610923347065,-0.38879910822780955,-0.0729044384926212,-0.5056903806597982,-0.23480507306592563,0.17662637643880694,-0.2660588013771954,-0.5866753058539755,-1.232987325051966,-0.7196706271575724,-0.6758671640231085,-0.3186122218076625,-0.3453585340762615,-1.8425657867057748,ambos,15.82673361574168,3.6893194497803834,106,0,18
Togo,TGO,2015,-0.9504677285582404,0.2975041608960979,-0.38879910822780955,-0.12485324160219298,0.13039631955072853,-0.23366701253679553,0.19113962614954383,-0.3481484604658768,0.038858281816333155,-1.232987325051966,-0.445220253086858,-0.6758671640231085,-0.18054338304909118,-0.35233592323565105,-1.5812296317082215,ambos,15.851939687075529,3.7762702441953144,106,0,19
Togo,TGO,2016,-0.9446652232697061,-0.036347526859324915,-0.38879910822780955,-0.20282951638755614,-0.7869977572468748,-0.2325030041440717,0.1978512467146683,-0.514045407810669,0.038858281816333155,-1.232987325051966,-0.445220253086858,-0.6758671640231085,-0.18054338304909118,-0.36803426392724314,-1.5812296317082215,ambos,15.87707958348447,3.648315108278412,106,0,20
Togo,TGO,2017,-0.9394444238573929,-0.6878083960956308,-0.0995431967300371,-0.44218974650709364,-0.410941288242863,-0.23131657999519203,0.21256373245914884,-0.5543508967026052,0.038858281816333155,-1.232987325051966,-0.9941210012282867,-0.6758671640231085,-0.18054338304909118,-0.4151292860020194,-1.5812296317082215,ambos,15.902069336916494,3.702760348291371,106,0,21
Thailand,THA,1996,0.5523018378494448,2.30253285014598,-0.21529965283920854,0.31532074033327473,-0.43023844986685217,0.07811825043115814,0.3675741734142186,0.8410412769736582,0.6643918694866419,1.1822886939364206,0.9270316172667138,1.032321460453358,1.3382138432951955,1.4512291706466032,3.015910913021486,ambos,17.908521981952354,3.7000375064478965,107,0,0
Thailand,THA,1997,0.4771507001186109,1.4493217147956552,-0.14685140790826287,0.6285410434979068,-0.19975990640158148,0.08291833670810247,0.21968580576925964,0.7978162160662211,0.6643918694866419,1.1822886939364206,0.6525812431959995,0.9255596340569545,1.4762826820537667,1.4512291706466032,2.2912970287100842,ambos,17.921859198741057,3.7320834891865466,107,0,1
Thailand,THA,1998,0.3195739502687386,-0.05997046476639448,-0.05803018513848639,0.779334769207368,0.4723896542999079,0.08767979652634232,-0.06641488805682406,0.7599296785532024,0.6643918694866419,1.1822886939364206,0.3781308691252851,0.8187978076605511,1.6143515208123382,1.4512291706466032,1.2697102409923724,ambos,17.93491564882717,3.8200712984367957,107,0,2
Thailand,THA,1999,0.37274666989074673,-0.2709594567141347,-0.05803018513848639,0.7928723034700252,0.18945652762068374,0.09231218526315581,0.015130558360775303,0.7822808698006959,0.6643918694866419,1.1822886939364206,0.6525812431959995,0.8187978076605511,1.6143515208123382,1.4512291706466032,1.5548042282624317,ambos,17.94745663853561,3.7839727889225054,107,0,3
Thailand,THA,2000,0.42784539799860727,-0.12984794716013393,-0.05803018513848639,1.3913081841352777,-0.18755629262724383,0.09654100089319906,0.09740948482132068,0.8065843249973371,0.6643918694866419,1.1822886939364206,0.9270316172667138,0.8187978076605511,1.6143515208123382,1.4512291706466032,1.4122572346274027,ambos,17.95876934015263,3.7337520001762994,107,0,4
Thailand,THA,2001,0.46945902008925394,-0.02016775021368972,0.018299576766604736,1.3613745983067287,0.08349719836554598,0.10037933965942177,0.14222641218585383,0.7774373654682795,0.038858281816333155,0.5784696891893238,0.9270316172667138,0.7120359812641478,1.2691794239159095,1.4512291706466032,1.0796475828123333,ambos,17.968927824676335,3.770111185297932,107,0,5
Thailand,THA,2002,0.560638803524507,-0.08906714548891177,0.07318022903892023,1.2073974116904846,-0.21817250175608768,0.10405044029813645,0.24500685573172232,0.8254093714939346,-0.5866753058539755,-0.025349315557772752,0.9270316172667138,0.6052741548677444,0.9240073270194807,1.4512291706466032,0.984616253722313,ambos,17.978548093374993,3.7295607888145534,107,0,6
Thailand,THA,2003,0.6763361242147794,0.046641676307830754,0.07318022903892023,1.2574735386207296,-0.05233435955722442,0.10764059481926637,0.2573600524605311,0.9110540047803725,-1.212208893524284,-0.025349315557772752,0.3781308691252851,0.39175050207493695,0.23366313322662344,0.14303411301392915,-0.17951752763042955,ambos,17.98786756827699,3.7520559484790432,107,0,7
Thailand,THA,2004,0.7822678445433804,0.2685950275249312,0.14183056768581498,1.568991136474001,-0.060464512559592454,0.11112426107426132,0.29860031891035355,0.9097261470785315,-1.212208893524284,-0.025349315557772752,0.10368049505457075,0.39175050207493695,0.09559429446805148,0.14303411301392915,-0.44085368262798336,ambos,17.996828340892506,3.750964848172622,107,0,8
Thailand,THA,2005,0.8511161603655406,0.6136380078518884,0.3002954921390474,1.8724567787119213,0.10578049669004363,0.11449750124063984,0.32859046393309715,0.9601644217960636,-1.212208893524284,-0.025349315557772752,-0.1707698790161436,0.1782268492821305,-0.042474544290519535,0.14303411301392915,-0.44085368262798336,ambos,18.005429219706283,3.7730422850606247,107,0,9
Thailand,THA,2006,0.9396003318980654,0.5087367668041888,0.2931925532760464,1.762982372884526,0.05008092773597004,0.11778061300337456,0.3632424177333322,1.0138433642631266,-1.212208893524284,-0.025349315557772752,-1.268571375299001,0.1782268492821305,-0.3186122218076625,-0.39419816507989663,-0.44085368262798336,ambos,18.013729852614752,3.7656995117178393,107,0,10
Thailand,THA,2007,1.0428301047713038,0.34031383150705546,0.44330004040016446,1.640523088530345,-0.07899524187667037,0.12097088761791003,0.40042552843733054,1.0376454877616663,0.038858281816333155,-0.025349315557772752,-1.268571375299001,0.1782268492821305,-0.3186122218076625,-0.39419816507989663,-0.44085368262798336,ambos,18.02173029430046,3.748473489237951,107,0,11
Thailand,THA,2008,1.0650893175661962,0.46041427416116054,0.42258053736374246,1.9475282386925237,-0.13941735559874735,0.12405811657778297,0.39947510723844554,1.0416812550328232,0.038858281816333155,-0.025349315557772752,-0.9941210012282867,0.1782268492821305,-0.3186122218076625,-0.1953525163197303,-0.32206452126545926,ambos,18.029411855980317,3.7403066688750686,107,0,12
Thailand,THA,2009,1.0313738133132262,0.05597550019535569,0.47294946467095195,1.3323547712920127,-0.2553108894807611,0.12704877342449697,0.3798545896931413,0.9688137006096611,0.6643918694866419,-0.025349315557772752,-0.7196706271575724,0.1782268492821305,-0.3186122218076625,-0.1953525163197303,-0.15575969535792394,ambos,18.03679728268746,3.7244530311496282,107,0,13
Thailand,THA,2010,1.1902597424725827,0.16302764345060186,0.537812580875727,1.5643019445502464,0.102914806208129,0.12978357323867704,0.3895802689347893,1.0786676534443687,0.6643918694866419,-0.025349315557772752,-0.7196706271575724,0.1782268492821305,-0.3186122218076625,-0.24070292946564747,-0.15575969535792394,ambos,18.04350345597278,3.7726658190011633,107,0,14
Thailand,THA,2011,1.1956299292244483,0.38635919221880144,0.8486305088409568,1.925394462073626,-0.5368117666139812,0.132335765484876,0.22720705072329722,0.9163431650116026,0.6643918694866419,-0.025349315557772752,-0.7196706271575724,0.1782268492821305,-0.3186122218076625,-0.24070292946564747,-0.15575969535792394,ambos,18.04972153536493,3.684864928645816,107,0,15
Thailand,THA,2012,1.3603107539556445,0.5265460185038312,0.7960886257565093,1.8672567563052058,-0.08582009774726694,0.13489469379407734,0.2787055985784174,0.8629939231244714,0.6643918694866419,-0.025349315557772752,-0.7196706271575724,0.1782268492821305,-0.3186122218076625,-0.24070292946564747,-0.15575969535792394,ambos,18.055917448742935,3.747554357104902,107,0,16
Thailand,THA,2013,1.4159543649492974,0.33150570234435434,0.7352753848506308,1.7157660865124464,0.009838251177763525,0.13733504591540516,0.4725704329588989,0.8257571405122572,0.6643918694866419,-0.025349315557772752,-0.7196706271575724,0.6052741548677444,-0.042474544290519535,-0.2930307317709545,-0.15575969535792394,ambos,18.061790705645404,3.76036064117411,107,0,17
Thailand,THA,2014,1.4282221451824886,0.2440289020780616,2.169852732824525,1.670522917701473,-0.43981215901534343,0.13955008896041884,0.7820109732479776,0.8144174173472234,0.6643918694866419,-0.025349315557772752,-0.9941210012282867,0.6052741548677444,0.09559429446805148,-0.44303727280550875,-0.15575969535792394,ambos,18.067092004211077,3.6986838934903634,107,0,18
Thailand,THA,2015,1.5009706017793738,0.22792991687330594,2.1989682986101617,1.4942374158908647,-0.26427249411919185,0.14148575543316844,0.8044417198347139,0.765572429732898,0.038858281816333155,-0.025349315557772752,-0.7196706271575724,0.6052741548677444,0.09559429446805148,-0.49536507511081573,-0.15575969535792394,ambos,18.07170176708617,3.72321659672934,107,0,19
Thailand,THA,2016,1.5843508268960156,0.1292220094077816,2.1350559195319008,1.3703042308427782,-0.5059679113244635,0.14338931075350103,0.8052389870481319,0.7160122572127788,0.038858281816333155,-0.025349315557772752,-0.7196706271575724,0.8187978076605511,0.3717319719851945,-0.5250176708431646,-0.15575969535792394,ambos,18.076214427650314,3.6892798133305065,107,0,20
Thailand,THA,2017,1.692427851645591,0.05590403583406647,0.5780198554732198,1.379493652718561,-0.33586889952307225,0.14518129443685898,0.6938619780282118,0.6684938526423404,0.038858281816333155,-0.025349315557772752,-0.445220253086858,0.8187978076605511,0.3717319719851945,-0.5756008642196127,-0.15575969535792394,ambos,18.080444062692088,3.713283142900137,107,0,21
Tajikistan,TJK,1996,-1.1314693240890996,-1.1325051469923737,0.3000231829272492,2.419309181605099,-0.35175557266315116,-0.24319339268394075,-0.21705620503999887,0.1796528590719252,-0.5866753058539755,-0.025349315557772752,-1.5430217493697154,-1.6367233026577452,-1.077990834979806,-1.1651609446187448,0.12933429191213489,ambos,15.61829634661888,3.7110655476505268,108,0,0
Tajikistan,TJK,1997,-1.1306503114131172,-0.6017525474028375,0.3000231829272492,3.143521594279763,-0.31175814726933937,-0.24275601993420465,-0.26901818748018236,-0.0923577254327766,-0.5866753058539755,-0.025349315557772752,-1.5430217493697154,-1.6367233026577452,-1.077990834979806,-1.1651609446187448,0.12933429191213489,ambos,15.630307612443609,3.716639356792886,108,0,1
Tajikistan,TJK,1998,-1.1223819500590995,-1.117176920710673,0.3000231829272492,0.9727446649287494,-0.25671645935876014,-0.24253784070314105,-0.2838272285721589,-0.17353993371775295,-0.5866753058539755,-0.025349315557772752,-1.5430217493697154,-1.6367233026577452,-1.077990834979806,-1.1651609446187448,0.12933429191213489,ambos,15.63624581161557,3.724259205443277,108,0,2
Tajikistan,TJK,1999,-1.116538740987503,-0.7293233814490415,0.3000231829272492,1.7490035819580776,-0.5455999260105836,-0.24234707706950517,-0.2920302179203215,0.03613779236039197,-0.5866753058539755,-0.025349315557772752,-1.4057965623343582,-1.3876125736881333,-0.9054047865315915,-1.0016365624146606,0.12933429191213489,ambos,15.641409100657476,3.6836034451743713,108,0,3
Tajikistan,TJK,2000,-1.103192982134591,-1.8443143813366254,0.3053863225100011,2.9622060278822486,-0.17482857133173418,-0.2418914531092073,-0.2624479480088107,0.6901251601151771,-0.5866753058539755,-0.025349315557772752,-1.268571375299001,-1.1385018447185216,-0.7328187380833772,-0.8381121802105763,0.12933429191213489,ambos,15.65363439435099,3.735489207802637,108,0,4
Tajikistan,TJK,2001,-1.0879434033608362,-1.6551925105448033,0.3735847437415682,2.128302684701925,-0.4998069166961449,-0.24115972216258444,-0.20641355935492767,0.766023553165431,-0.27390851201882116,-0.025349315557772752,-0.8568958141929295,-1.1385018447185216,-0.3876466411869483,-0.5110634158024079,0.12933429191213489,ambos,15.672960696851817,3.690159346471045,108,0,5
Tajikistan,TJK,2002,-1.0689063356715789,-1.9806834388043835,0.4442855404047719,1.8965812378933244,-0.13673410785616116,-0.24041814665975794,-0.13151442364448065,0.6786851541045889,0.038858281816333155,-0.025349315557772752,-0.445220253086858,-1.1385018447185216,-0.042474544290519535,-0.18401465139423934,0.12933429191213489,ambos,15.692173211281897,3.740670762778307,108,0,6
Tajikistan,TJK,2003,-1.0477554871620927,-1.7696897036235646,0.5264649842381165,1.8671014041895604,-0.2974740904221045,-0.2396609749933458,-0.050308745779235935,0.5093381924291842,0.038858281816333155,-0.025349315557772752,-0.7196706271575724,-0.6402797889133092,-0.042474544290519535,-0.5110634158024079,0.12933429191213489,ambos,15.711416205841326,3.7186223953975275,108,0,7
Tajikistan,TJK,2004,-1.0266128373967192,-1.4862642272737427,0.5703605670301692,1.5959112174421088,1.639012899942927,-0.23887357755618963,0.027212023672182183,0.3252877590168495,-0.15069741146883606,0.035642683639333275,-0.6725428871633464,-0.31064876752214965,-0.2725894596465904,-0.4978490758862486,0.12933429191213489,ambos,15.731042203200195,3.956515671969506,108,0,8
Tajikistan,TJK,2005,-1.0136249438318778,-1.3964234926052985,0.5942528724330494,1.5568671960521825,-0.2412936894535196,-0.23807304807769752,-0.04977799235351534,0.028325597291720583,0.5639031514020626,0.07305096167662936,0.013224725605052461,-0.14503869292762278,0.08116444399171613,0.4145170307101378,0.12933429191213489,ambos,15.750608320417395,3.7263839266058443,108,0,9
Tajikistan,TJK,2006,-0.9989988751467584,-0.8678794523504273,0.6233593336553851,1.9683628321057718,1.4399826935001316,-0.23728043600895224,-0.11323305035304992,0.028123929657001858,-1.212208893524284,-1.232987325051966,-0.7196706271575724,-1.529961775194336,-1.4231629318762347,-0.9558497353975175,0.12933429191213489,ambos,15.769610932511407,3.9345157685062957,108,0,10
Tajikistan,TJK,2007,-0.9812948204372883,0.07010643936733948,0.6473906905706751,2.095485656984559,1.0398259589513879,-0.23646357053355982,-0.1684574019266194,-0.0501597226689781,-1.212208893524284,-1.232987325051966,-0.7196706271575724,-1.529961775194336,-1.4231629318762347,-0.9558497353975175,0.12933429191213489,ambos,15.78882434528949,3.888763245949528,108,0,11
Tajikistan,TJK,2008,-0.9624583269701118,0.22665777456346656,0.6788367486684531,1.1931688124135644,0.9961446768247152,-0.23560485077830762,-0.22662833181792388,-0.2066756632604796,-1.212208893524284,-1.232987325051966,-0.7196706271575724,-1.529961775194336,-1.4231629318762347,-0.9558497353975175,0.12933429191213489,ambos,15.808631938255381,3.8836397631966193,108,0,12
Tajikistan,TJK,2009,-0.9562779257297723,0.4417013407556744,0.7091946735024662,0.36484214151600824,-0.12974971402381388,-0.2346989905148342,-0.27873325530268606,-0.21075057516548548,-1.212208893524284,-1.232987325051966,-1.268571375299001,-1.529961775194336,-1.4231629318762347,-0.9558497353975175,0.12933429191213489,ambos,15.82911019613932,3.741617864482078,108,0,13
Tajikistan,TJK,2010,-0.9413854246728267,0.22318480306020197,0.7373239115959316,0.001999858091192936,-0.36221012355931725,-0.23373296509696226,-0.27679010288661265,-0.17161392490084346,-1.212208893524284,-1.232987325051966,-0.7196706271575724,-1.529961775194336,-1.561231770634807,-1.3814490197213394,0.12933429191213489,ambos,15.850496166610034,3.7096035261057763,108,0,14
Tajikistan,TJK,2011,-0.922995103182391,0.7202700285634005,0.7774325478417216,0.18483498140145896,-0.26219928861864533,-0.23270290233258503,-0.3035001257334003,-0.38141865140777637,-1.212208893524284,-1.232987325051966,-0.7196706271575724,-1.529961775194336,-1.561231770634807,-1.3814490197213394,0.12933429191213489,ambos,15.872806945773709,3.723502773270925,108,0,15
Tajikistan,TJK,2012,-0.9039468957462449,-0.11188122484497169,0.8253945596841457,0.28340470533247786,-0.09939624135985087,-0.23157346921452795,-0.29734239115403827,-0.41706666029215367,-1.212208893524284,-1.232987325051966,-0.7196706271575724,-1.529961775194336,-1.561231770634807,-1.3814490197213394,0.12933429191213489,ambos,15.89671117656071,3.7457234850370855,108,0,16
Tajikistan,TJK,2013,-0.8847978983454887,0.18686001359497792,0.8485535338965884,-0.04883841907204909,-0.06712524892048323,-0.23036443838476608,-0.2915468485241273,-0.32734062471764147,-1.212208893524284,-1.232987325051966,-0.7196706271575724,-1.529961775194336,-1.561231770634807,-1.3814490197213394,0.12933429191213489,ambos,15.921682269151143,3.7500700616376292,108,0,17
Tajikistan,TJK,2014,-0.8676768984566001,0.4285351358621904,0.8485535338965884,-0.5468625219412832,-0.026431450566456377,-0.22911848748604172,-0.29981879105174647,-0.37004175496793407,-1.212208893524284,-1.232987325051966,-0.7196706271575724,-1.529961775194336,-1.4231629318762347,-1.4058688352231568,0.12933429191213489,ambos,15.946779670030818,3.7555243089525545,108,0,18
Tajikistan,TJK,2015,-0.8529959287925138,1.9466049873689593,0.8485535338965884,-0.6825631798452865,0.3068841166158393,-0.2278160944650831,-0.2985526167440383,0.26705566382394536,-1.212208893524284,-1.232987325051966,-0.7196706271575724,-1.529961775194336,-1.4231629318762347,-1.4791277584505866,0.12933429191213489,ambos,15.972357602177821,3.7991134897436383,108,0,19
Tajikistan,TJK,2016,-0.8338122983777961,2.110436739332109,0.8485535338965884,-0.5143861234706474,-0.04892853285836815,-0.22649280115298426,-0.29777057527477657,0.4337994271008375,-1.212208893524284,-1.232987325051966,-0.7196706271575724,-1.529961775194336,-1.4231629318762347,-1.489593318911648,0.12933429191213489,ambos,15.997692786545485,3.7525126709893186,108,0,20
Tajikistan,TJK,2017,-0.8125056565407709,1.0416249206068706,0.8485535338965884,-0.570724056812584,-0.2220965652815054,-0.2251783142438894,-0.3010886483308357,0.40313796916521283,-1.212208893524284,-1.232987325051966,-0.7196706271575724,-0.8893908168159154,-1.285094093117663,-1.4826164530302814,0.12933429191213489,ambos,16.02223949213457,3.729022331199083,108,0,21
Turkmenistan,TKM,1996,-0.6035187338095251,2.2585363246232184,0.7444237412095781,2.298572058383572,0.1413205150979113,-0.25394904168184346,1.08579418180235,3.194592443713241,0.6643918694866419,-0.025349315557772752,1.2014819913374282,-0.8893908168159154,-0.042474544290519535,-0.5110634158024079,0.12933429191213489,ambos,15.26567603005311,3.7776994408751703,109,0,0
Turkmenistan,TKM,1997,-0.6941909669138729,1.9417851265477621,0.7444237412095781,0.8795957713829505,0.11666947482591007,-0.2535140256591985,0.9741385874607512,1.5058417337303356,0.6643918694866419,-0.025349315557772752,1.2014819913374282,-0.8893908168159154,-0.042474544290519535,-0.5110634158024079,0.12933429191213489,ambos,15.28263139645305,3.7744714802443826,109,0,1
Turkmenistan,TKM,1998,-0.661661594323719,2.767673572679641,0.7444237412095781,0.6654011195403794,-0.23518537611042734,-0.25307384273614614,0.9798576928542533,1.1330377686458348,0.6643918694866419,-0.025349315557772752,1.2014819913374282,-0.8893908168159154,-0.042474544290519535,-0.5110634158024079,0.12933429191213489,ambos,15.299500433532618,3.7272241932069257,109,0,2
Turkmenistan,TKM,1999,-0.5688520311696392,2.062197231874085,0.7444237412095781,0.49556475923631566,0.23898465053819964,-0.252586608800838,1.0112526507636774,1.3905656041168155,0.6643918694866419,-0.025349315557772752,1.2014819913374282,-0.8893908168159154,-0.042474544290519535,-0.5110634158024079,0.12933429191213489,ambos,15.317846661791783,3.790386746669718,109,0,3
Turkmenistan,TKM,2000,-0.5438587589702676,1.4647322479485136,0.7444237412095781,0.8763974584420925,0.13559644344157684,-0.2520466080442783,0.9846772126177658,1.1739517257436567,0.6643918694866419,-0.025349315557772752,1.2014819913374282,-0.8893908168159154,-0.042474544290519535,-0.5110634158024079,0.12933429191213489,ambos,15.337794101367688,3.77695082361548,109,0,4
Turkmenistan,TKM,2001,-0.5265033329840774,1.0981802206522229,0.7444237412095781,0.24881827151679028,0.18797885573718512,-0.2514933320528379,0.9896897389218348,1.2501890427963118,0.6643918694866419,-0.025349315557772752,1.064256804302071,-0.8893908168159154,-0.042474544290519535,-0.5110634158024079,0.12933429191213489,ambos,15.357827417394217,3.7837807950167623,109,0,5
Turkmenistan,TKM,2002,-0.5399269074887695,0.5951115788530495,0.7444237412095781,-0.2824698244453492,0.4287721026534059,-0.25093215655084383,0.9819310090477505,1.110180294170513,0.6643918694866419,-0.025349315557772752,0.9270316172667138,-0.8893908168159154,-0.042474544290519535,-0.5110634158024079,0.12933429191213489,ambos,15.377744906912156,3.814590532775523,109,0,6
Turkmenistan,TKM,2003,-0.5302272926841497,0.3357694022731073,0.7444237412095781,-0.2970861548567706,0.008021654132219993,-0.2503689286080412,0.9642783520730247,0.9919884544110158,0.6643918694866419,-0.025349315557772752,1.2014819913374282,-0.8893908168159154,-0.042474544290519535,-0.5110634158024079,0.12933429191213489,ambos,15.397344152906545,3.7601189652150677,109,0,7
Turkmenistan,TKM,2004,-0.5068869849901304,0.049272495431566955,0.7444237412095781,-0.4098987013685747,0.25148360037175904,-0.2498067268856429,0.9640299914496091,0.9071785805962224,0.2031399160252706,-0.013150722496269968,0.9242594489283004,-0.7333818721334956,-0.2725894596465904,-0.6035622253814534,0.12933429191213489,ambos,15.416531950655314,3.7919988972387033,109,0,8
Turkmenistan,TKM,2005,-0.4194592095728968,0.03303746266868917,0.7444237412095781,-0.5653116185939676,0.2494149699511856,-0.2492449070126973,0.9988247570131691,0.8395947007494645,-1.212208893524284,-1.232987325051966,0.6525812431959995,-2.384055788499575,-1.561231770634807,-1.8192584734350818,0.12933429191213489,ambos,15.435345830032158,3.791732258740591,109,0,9
Turkmenistan,TKM,2006,-0.34021889658537097,-0.3809560518406839,0.7444237412095781,-0.6096324233485325,0.5909199596992705,-0.24867900612372548,1.0365747785319115,0.7330287680903166,-1.212208893524284,-1.232987325051966,0.6525812431959995,-2.384055788499575,-1.4231629318762347,-1.5000588793727094,0.12933429191213489,ambos,15.453945172943907,3.834815260979498,109,0,10
Turkmenistan,TKM,2007,-0.253150503587002,-0.4902140017128188,0.7444237412095781,-0.4983109464716161,0.5291552606429497,-0.24810061756436927,1.0875337307984452,0.8936074632548916,-1.212208893524284,-1.232987325051966,-0.1707698790161436,-2.384055788499575,-1.4231629318762347,-1.5000588793727094,0.12933429191213489,ambos,15.472604086449515,3.8271594917006357,109,0,11
Turkmenistan,TKM,2008,-0.12107515267460799,1.0966465124504454,0.7444237412095781,0.6190169633482627,0.5059060605381673,-0.24749811282551298,1.2226527186906164,2.80404136143897,-1.212208893524284,-1.232987325051966,-0.1707698790161436,-2.384055788499575,-1.4231629318762347,-1.5192459146439965,0.12933429191213489,ambos,15.491677715147702,3.8242624887566405,109,0,12
Turkmenistan,TKM,2009,-0.07333034782081839,2.9015489293231664,0.7444237412095781,0.9162665533943596,3.2875052536037646,-0.24686231558749525,1.2357775937414521,2.8345312561925673,-1.212208893524284,-1.232987325051966,-0.1707698790161436,-2.384055788499575,-1.4231629318762347,-1.5192459146439965,0.12933429191213489,ambos,15.511418417507963,4.122222607192138,109,0,13
Turkmenistan,TKM,2010,0.012864421299864199,3.5412387125082327,0.7444237412095781,0.6811801086122407,2.1607677926551743,-0.2461895207173449,1.263458687073059,2.6856965797847074,-1.212208893524284,-1.232987325051966,-0.1707698790161436,-2.384055788499575,-1.4231629318762347,-1.5192459146439965,0.12933429191213489,ambos,15.531891992440189,4.011990747808289,109,0,14
Turkmenistan,TKM,2011,0.17516696572218515,3.54741862686024,0.7444237412095781,1.093854652552205,1.3761648722776592,-0.24547915544088283,1.3462420037336291,3.2493968013813053,-1.212208893524284,-1.232987325051966,-0.1707698790161436,-2.384055788499575,-1.4231629318762347,-1.5192459146439965,0.12933429191213489,ambos,15.55306337027543,3.927357909932062,109,0,15
Turkmenistan,TKM,2012,0.304211780685314,2.9742295635596516,0.7444237412095781,1.0436011163171381,0.9037346192502491,-0.24473258606318213,1.3962029979779316,3.3088414316696046,-1.212208893524284,-1.232987325051966,-0.1707698790161436,-2.384055788499575,-1.4231629318762347,-1.5192459146439965,0.12933429191213489,ambos,15.574841011492842,3.8727134757873296,109,0,16
Turkmenistan,TKM,2013,0.42945230386244726,2.9742295635596516,0.7444237412095781,0.7314506651179942,0.6237760701985564,-0.24395221107611786,1.4253441489713599,3.0451384465371487,-1.212208893524284,-1.232987325051966,-0.1707698790161436,-2.384055788499575,-1.4231629318762347,-1.5192459146439965,0.12933429191213489,ambos,15.597108910792116,3.8388640375538654,109,0,17
Turkmenistan,TKM,2014,0.5654473563185561,2.9838751476412524,0.7444237412095781,0.5135045392506489,0.8862373986597573,-0.24314112704009594,1.4549859719828944,2.814399579155596,-1.212208893524284,-1.232987325051966,0.10368049505457075,-2.384055788499575,-1.4231629318762347,-1.5000588793727094,0.12933429191213489,ambos,15.619739295069381,3.870631146950548,109,0,18
Turkmenistan,TKM,2015,0.6420839660845172,2.9838751476412524,0.7444237412095781,0.228883908451159,0.8337412094670377,-0.24230292572653123,1.4406314527880821,2.2809716257782737,-1.212208893524284,-1.232987325051966,0.10368049505457075,-2.384055788499575,-1.4231629318762347,-1.5000588793727094,0.12933429191213489,ambos,15.642600329939155,3.864357474021136,109,0,19
Turkmenistan,TKM,2016,0.7159719509264802,2.945925417089452,0.7444237412095781,-0.3306721686058675,0.43162163429100775,-0.2414421475640728,1.4410991100411108,2.0416430828504293,-1.212208893524284,-1.232987325051966,-0.1707698790161436,-2.384055788499575,-1.4231629318762347,-1.5000588793727094,0.12933429191213489,ambos,15.665545539068084,3.814949509389129,109,0,20
Turkmenistan,TKM,2017,0.7987861896356362,2.2038027219210448,0.7444237412095781,-0.5768488210954991,0.30882197015994506,-0.24056496777433936,1.4349062368301755,1.674495761480159,-1.212208893524284,-1.232987325051966,-0.1707698790161436,-2.384055788499575,-1.4231629318762347,-1.5192459146439965,0.12933429191213489,ambos,15.688398606632127,3.799361437013145,109,0,21
Timor-Leste,TLS,2000,-0.7421919212400578,1.8561517615045116,-0.8028543693325824,2.9708448183719707,-0.1488477169565409,-0.274943190224277,-1.198284938407333,-0.9153924752203084,0.6643918694866419,1.1822886939364206,-0.1707698790161436,-0.8893908168159154,-0.3876466411869483,0.7971316418302662,0.12933429191213489,apenas_quantitativo,13.521258953313799,3.7390259963341057,110,1,0
Timor-Leste,TLS,2001,-0.704196569725429,1.1219079159494432,-0.8028543693325824,2.7120465433988374,-0.1488477169565409,-0.27454248098840234,-1.1385019187116574,-1.1584327015925355,0.6643918694866419,1.1822886939364206,-0.1707698790161436,-0.8893908168159154,-0.3876466411869483,0.7971316418302662,0.12933429191213489,apenas_quantitativo,13.607563453531347,3.7390259963341057,110,1,1
Timor-Leste,TLS,2002,-0.7873881194459742,0.5705020226443773,-0.6803052917718264,3.1090431882464014,-0.1488477169565409,-0.2741432693183502,-1.2657550630129704,-1.2638889122052357,0.6643918694866419,1.1822886939364206,-0.1707698790161436,-0.8893908168159154,-0.3876466411869483,0.7971316418302662,0.12933429191213489,ambos,13.68672218513121,3.7390259963341057,110,0,2
Timor-Leste,TLS,2003,-0.8196353026190565,-0.11784655405649742,-0.6125387855058824,1.4207772449046019,-0.492310339453598,-0.27391822276353484,-1.3371495692538307,-1.409880767939147,0.6643918694866419,0.5784696891893238,0.3781308691252851,-0.8893908168159154,-0.042474544290519535,0.47008287742209764,0.12933429191213489,ambos,13.728730790514721,3.691228502868586,110,0,3
Timor-Leste,TLS,2004,-0.8241088410597827,-0.7262261000911883,-0.2010639783605457,0.9853951793918198,-0.1488477169565409,-0.27384545657719567,-1.3598305026799042,-1.8012629476063882,0.809717834281688,1.109098584733015,0.7911927339608623,-0.632731132940318,0.0900157611068507,0.37428061368351867,0.12933429191213489,ambos,13.741944746507185,3.7390259963341057,110,0,4
Timor-Leste,TLS,2005,-0.819784834161085,-0.8490693818633931,-0.14650612424203688,0.03624147702892356,-0.6191659086759382,-0.2737306809846565,-1.356352409056264,-1.8183564121011957,0.5112972779595997,-0.4639629575508604,0.37203192313253597,-0.22361980701490805,-0.08023526714027872,-0.03272293953506669,0.12933429191213489,ambos,13.762438841015102,3.672980637774783,110,0,5
Timor-Leste,TLS,2006,-0.8533679322593041,-1.2940071688170787,-0.14650612424203688,0.7396722015454718,-0.32663531935267964,-0.2735619154593375,-1.4396998572921813,-1.8395355269855382,0.7932713051946607,-0.6173286372597888,0.12585828088247686,-0.5489736951230977,-0.2182024872335245,1.5349536543350943,0.12933429191213489,ambos,13.791830382686241,3.714569787405536,110,0,6
Timor-Leste,TLS,2007,-0.8208856457108479,-0.5009195822890548,-0.14650612424203688,1.6081963968832247,-0.3732431303777344,-0.27339311413563233,-1.3618898249491982,-1.8164556863258428,0.2601410386681399,-0.5179269865879141,0.2500538815187523,-0.48774324989310547,-0.3731715041314998,1.5349536543350943,0.12933429191213489,ambos,13.820388640748607,3.7080582884197413,110,0,7
Timor-Leste,TLS,2008,-0.7799408282219784,1.0344743199836177,-0.23351926350671595,1.7968054303914511,0.4175313326366593,-0.2732287995429969,-1.2544591257473288,-1.616736926690553,0.5486771634512971,-0.3473862791079589,-0.009885313253496793,-0.10442565631703442,0.1875525592841008,1.9588088530080805,0.12933429191213489,ambos,13.84742580490886,3.8131731915350615,110,0,8
Timor-Leste,TLS,2009,-0.7409120217678284,3.1585601594550976,0.1291606022010342,2.4488318476066606,0.5007370634840453,-0.2730715670644304,-1.14115122148558,-1.421639672341964,-1.212208893524284,-1.232987325051966,-0.1707698790161436,-0.24881985843749468,-1.0089564156005206,0.31222716604174733,0.12933429191213489,ambos,13.872630693293832,3.8236172558073793,110,0,9
Timor-Leste,TLS,2010,-0.7028660906983781,2.4275338707323204,0.17287256114249733,1.7720951898753565,-0.051720655410613936,-0.27291705526321475,-1.1356066810065213,-1.4967045087609314,-1.212208893524284,-1.232987325051966,-0.445220253086858,-0.24881985843749468,-1.0089564156005206,0.31222716604174733,0.12933429191213489,ambos,13.896795570580457,3.7521382618210026,110,0,10
Timor-Leste,TLS,2011,-0.6815885404230518,5.749246069133739,0.24018598070263647,1.9570993150481657,0.16983436164651725,-0.27276474506275006,-1.0381947762509902,-1.1747507806806758,-1.212208893524284,-1.232987325051966,-0.445220253086858,-0.24881985843749468,-0.8708875768419492,0.7482925341046535,0.12933429191213489,ambos,13.920057943121082,3.7814202707499196,110,0,11
Timor-Leste,TLS,2012,-0.6654509237046367,4.234124910689055,0.2352600327871973,1.6006285154581872,-0.044698421226469366,-0.2726175063003297,-0.9553341415528639,-1.191030857175705,-1.212208893524284,-1.232987325051966,0.10368049505457075,-0.24881985843749468,-0.8708875768419492,0.7378269736435921,0.12933429191213489,ambos,13.942042763324517,3.753079640109709,110,0,12
Timor-Leste,TLS,2013,-0.6591275738528791,2.1319293342767116,0.15569679445577791,0.18047209739975134,0.04671268440669821,-0.2724754463711122,-0.8764006352799925,-0.5790643297509827,-0.5866753058539755,-1.232987325051966,0.10368049505457075,-0.24881985843749468,-0.8708875768419492,0.7517807054063256,0.12933429191213489,ambos,13.96280579283455,3.7652537487585915,110,0,13
Timor-Leste,TLS,2014,-0.6434428386388316,2.2323597527987253,0.21161370849718608,0.27061253114930656,-0.24369451342158754,-0.27233697821330966,-0.7846295197747799,-0.8406568330793991,-0.5866753058539755,-1.232987325051966,0.10368049505457075,-0.4623435112303015,-0.8708875768419492,0.7517807054063256,0.12933429191213489,ambos,13.982637255375685,3.7260534731167034,110,0,14
Timor-Leste,TLS,2015,-0.6400932642499131,1.5725422676392182,0.34216244445624905,-0.38790002797483614,-0.18046797578089563,-0.2721983907275531,-0.7198119522463928,-0.7242493041501751,-0.5866753058539755,-1.232987325051966,0.10368049505457075,-0.4623435112303015,-0.8708875768419492,0.7517807054063256,0.12933429191213489,ambos,14.0020996624759,3.7347198573928684,110,0,15
Timor-Leste,TLS,2016,-0.6329849646390056,1.8905134104616919,0.5013363158025258,-0.3811082018485354,-0.5950982946040222,-0.2720600836624884,-0.6230386560204344,-0.6524408332935352,-0.5866753058539755,-1.232987325051966,0.10368049505457075,-0.4623435112303015,-0.8708875768419492,0.7517807054063256,0.12933429191213489,ambos,14.021152241204794,3.6764683969006757,110,0,16
Timor-Leste,TLS,2017,-0.6666282473450019,1.2474381971011552,0.6380611825422788,-0.4298124196819298,-0.5793893841571467,-0.2719205236539069,-0.8072969051771889,-0.9409438854548197,-0.5866753058539755,-1.232987325051966,0.3781308691252851,-0.4623435112303015,-0.8708875768419492,0.7430597538741228,0.12933429191213489,ambos,14.04001638096492,3.678738310740672,110,0,17
Timor-Leste,TLS,2018,-0.681731632052926,1.2445336718745057,0.707806240523887,-0.25008034583050964,-0.1146009464782986,-0.2717758027113156,-0.9253491999855282,-0.8808359331573061,-0.5866753058539755,-1.232987325051966,0.3781308691252851,-0.4623435112303015,-0.8708875768419492,0.7430597538741228,0.12933429191213489,ambos,14.059209394433132,3.7436689987041514,110,0,18
Tonga,TON,1996,-0.48442521050742465,0.31861303874002744,1.041719811675587,0.12813818861187382,-0.6310828925902128,-0.27879040102387836,1.6551236895935741,-0.6799520235703499,1.5173919888430305,0.7187508525929841,1.4343489620907433,0.2932562655029045,1.1778308710918184,0.6385627025044943,0.12933429191213489,ambos,11.515681663163946,3.671249174423318,111,0,0
Tonga,TON,1997,-0.49260533073949675,-0.45025632235818863,1.041719811675587,-0.04574460866123566,-0.6543918233727078,-0.2787880204311964,1.5915692370161671,-0.8633468021174366,1.5173919888430305,0.7187508525929841,1.4343489620907433,0.2932562655029045,1.1778308710918184,0.6385627025044943,0.12933429191213489,ambos,11.519652785719655,3.6678538410824806,111,0,1
Tonga,TON,1998,-0.4798018014186823,-0.3323337694588556,1.041719811675587,0.14145660507741153,-0.6493583941648342,-0.2787837604232392,1.5921523839169267,-0.8891945025361992,1.5173919888430305,0.7187508525929841,1.4343489620907433,0.2932562655029045,1.1778308710918184,0.6385627025044943,0.12933429191213489,ambos,11.526719882992374,3.6685880203087633,111,0,2
Tonga,TON,1999,-0.4662129697811669,-0.3746508473976236,1.3646741225363246,-0.36753922359011026,-0.5693761423880884,-0.27877983453355315,1.5990498004499565,-0.8298635417714145,1.5173919888430305,0.7187508525929841,1.4343489620907433,0.2932562655029045,1.1778308710918184,0.6385627025044943,0.12933429191213489,ambos,11.533188770451641,3.680182524752147,111,0,3
Tonga,TON,2000,-0.4400108869505519,-0.3537983850751588,1.3251054144845251,-0.34630305423649455,0.13335472882991783,-0.27877606973660496,1.6500293410206917,-0.7464420406845704,1.5173919888430305,0.7187508525929841,1.4343489620907433,0.2932562655029045,1.1778308710918184,0.6385627025044943,0.12933429191213489,ambos,11.539353156805507,3.7766574903197228,111,0,4
Tonga,TON,2001,-0.4322767007215171,0.06506501650040906,1.2295008782032015,-0.3201958925195292,0.08345628065502121,-0.27877242426761073,1.6380753318001928,-0.7203425715027363,1.5173919888430305,0.7187508525929841,1.4343489620907433,0.2932562655029045,1.1778308710918184,0.6385627025044943,0.12933429191213489,ambos,11.545286163474483,3.7701057951553003,111,0,5
Tonga,TON,2002,-0.3986875884845187,0.15539823846600617,1.3569978720804943,0.012007804467973369,-0.20432645186592474,-0.278768927958559,1.7050612338058897,-0.7814062482168321,1.5173919888430305,0.7187508525929841,1.4343489620907433,0.2932562655029045,1.1778308710918184,0.6385627025044943,0.12933429191213489,ambos,11.55094353215775,3.7314584223029903,111,0,6
Tonga,TON,2003,-0.40334958728898435,-0.30547536752872595,1.6640851362544664,-0.006049969846317477,-0.6377654048539053,-0.2787654077839165,1.6375485405996646,-0.8332528249112945,1.5173919888430305,0.7187508525929841,1.4343489620907433,0.2932562655029045,1.1778308710918184,0.6385627025044943,0.12933429191213489,ambos,11.556607366056351,3.670276933597077,111,0,7
Tonga,TON,2004,-0.4262499463500707,-0.3561946449681842,1.2444130493255683,0.015969127599147655,-0.2337948364111932,-0.2787617861805131,1.4911905766229367,-0.8757030640687451,1.5173919888430305,0.7187508525929841,1.4343489620907433,0.2932562655029045,1.1778308710918184,0.6385627025044943,0.12933429191213489,ambos,11.562401108430754,3.727415378825981,111,0,8
Tonga,TON,2005,-0.4370098784739497,-0.12034119938045323,1.2444130493255683,0.08090344535955199,-0.25219427618518314,-0.2787582063418936,1.3959816238657767,-0.8669728123351131,0.038858281816333155,1.1822886939364206,1.2014819913374282,0.6052741548677444,2.0285580370880534,0.7971316418302662,0.12933429191213489,ambos,11.5680952361037,3.7248826728888993,111,0,9
Tonga,TON,2006,-0.4605123521953366,-0.25739249060599745,1.2419305383957058,-0.20544662608496883,0.0043389916340918384,-0.2787547338984327,1.2544078073383598,-0.979140241517598,0.038858281816333155,1.1822886939364206,1.2014819913374282,0.6052741548677444,2.0285580370880534,0.7971316418302662,0.12933429191213489,ambos,11.573587733136854,3.759628852839339,111,0,10
Tonga,TON,2007,-0.48503071961318733,-0.2934161864459374,1.4002693784418494,-0.1509573382401491,0.37712480544067195,-0.27875191179232095,1.0925156804506921,-0.9475716719059566,0.038858281816333155,1.1822886939364206,0.9270316172667138,0.6052741548677444,2.0285580370880534,1.1241804062384346,0.12933429191213489,ambos,11.578029451202275,3.808061705625782,111,0,11
Tonga,TON,2008,-0.4474288016710835,-0.3185006650981431,1.4582251659469283,-0.02231534671338488,0.4395620120515838,-0.2787501576713974,1.1981295570589516,-0.9634654775302292,0.038858281816333155,1.1822886939364206,0.9270316172667138,0.6052741548677444,2.0285580370880534,1.1241804062384346,0.12933429191213489,ambos,11.580780355869482,3.815949138291137,111,0,12
Tonga,TON,2009,-0.49290833998397365,0.20097841338126032,1.4797036584885475,0.02663343715248357,-0.6397007460107041,-0.2787490658206185,0.9580290311850312,-0.8578554679454666,0.038858281816333155,1.1822886939364206,0.9270316172667138,0.6052741548677444,2.0285580370880534,1.1241804062384346,0.12933429191213489,ambos,11.582488840355545,3.669995183588312,111,0,13
Tonga,TON,2010,-0.4877027399622913,0.7284836328620208,1.5230946277564317,-0.07633328366612567,-0.43124445278909634,-0.2787478904402717,0.9277467416718338,-0.7517112555084786,1.2899254571569505,1.1822886939364206,1.4759323654081427,0.6052741548677444,2.0285580370880534,1.4512291706466032,0.12933429191213489,ambos,11.58432477200052,3.6998953552633185,111,0,14
Tonga,TON,2011,-0.43416292511256055,0.6389925694430002,1.5741864022114576,0.1579124931205515,-0.33068233996914664,-0.27874687615266286,1.0944841651076556,-0.664282260642277,1.2899254571569505,1.1822886939364206,1.750382739478857,0.8543851827703502,2.0285580370880534,1.7782779350547717,0.12933429191213489,ambos,11.585906373655035,3.714006062910424,111,0,15
Tonga,TON,2012,-0.4252335068174499,1.4949808746433237,1.1207617678122879,0.13217579955431008,-0.6847884777869768,-0.27874753245640976,1.0791465395563091,-0.6827990932717811,1.2899254571569505,1.1822886939364206,1.750382739478857,0.8543851827703502,2.0285580370880534,1.4512291706466032,0.12933429191213489,ambos,11.584883270027714,3.6634086723970483,111,0,16
Tonga,TON,2013,-0.41860215053639455,-0.053780871535561284,1.154894223878956,0.2704905991759986,-0.4107215565598703,-0.27874981162033086,1.0363499413692914,-0.9313494503652723,1.2899254571569505,1.1822886939364206,1.750382739478857,0.8543851827703502,2.0285580370880534,1.4512291706466032,0.12933429191213489,ambos,11.581322158778578,3.702791309921426,111,0,17
Tonga,TON,2014,-0.39693286034707287,-0.12720939597827885,1.2023692120113898,0.03796065004842905,-0.12815564683228586,-0.27875260986085176,1.0742845735229385,-0.9118588664258821,0.4558805067875822,1.58483453608275,1.8113717602857486,1.2695696314087057,1.5683287586512662,1.4512291706466032,0.12933429191213489,ambos,11.576932594944521,3.741833898411376,111,0,18
Tonga,TON,2015,-0.3823393641435655,0.08108910824102614,1.4370529871376787,0.23150851679473722,-0.063263616397967,-0.27875567658926914,1.0748239305822818,-0.9604628390268434,0.4558805067875822,1.58483453608275,1.8113717602857486,1.2695696314087057,1.5683287586512662,1.4512291706466032,0.12933429191213489,ambos,11.572099623608649,3.750588921146818,111,0,19
Tonga,TON,2016,-0.3159921414527076,0.18781608973892217,1.4370529871376787,0.4171256413076096,0.037713833334748495,-0.2787590834023554,1.0518976398505169,-0.9248945385559371,0.4558805067875822,1.58483453608275,1.8113717602857486,1.2695696314087057,1.5683287586512662,1.4512291706466032,0.12933429191213489,ambos,11.5667031706507,3.7640618395424896,111,0,20
Tonga,TON,2017,-0.2826270042510045,0.4909696607666707,1.4370529871376787,0.42486562479976175,-1.2496861384144256,-0.2787600857571688,1.112928422829501,-0.8873443468881043,1.2899254571569505,1.9873808612842838,1.5674156770581809,1.2695696314087057,1.8751480935173388,1.4512291706466032,0.12933429191213489,ambos,11.565109862207676,3.5769856969541394,111,0,21
Tunisia,TUN,1996,-0.13946495893103733,0.06631701852527072,-0.18660303491386315,0.35735046203225973,-0.4406252601174923,-0.22393440385317814,1.765580005749993,0.12218219922208351,0.038858281816333155,2.3899267034306138,0.10368049505457075,-0.03529680351067694,0.09559429446805148,-0.5110634158024079,1.8398982155324912,ambos,16.04492617673915,3.6985688458351054,112,0,0
Tunisia,TUN,1997,-0.09251483583843718,0.12414707803909192,-0.13425248560690553,0.20565693970565815,-0.3644967476379155,-0.22317763790180956,1.7880682403048267,-0.04409850172329442,0.038858281816333155,2.3899267034306138,0.3781308691252851,-0.03529680351067694,0.09559429446805148,-0.5110634158024079,1.8398982155324912,ambos,16.058480563140915,3.709283467009657,112,0,1
Tunisia,TUN,1998,-0.050475195233958686,0.16805889126440618,0.09259088212521066,0.19050828690822627,-0.13130824373080505,-0.22245930151802137,1.8096041431755803,-0.1047856311135031,0.038858281816333155,2.3899267034306138,0.6525812431959995,-0.03529680351067694,0.09559429446805148,-0.5110634158024079,1.8398982155324912,ambos,16.07117887090855,3.7414066015940097,112,0,2
Tunisia,TUN,1999,0.009827668650663954,0.20691081423967264,0.23257823328375055,0.13022360516177878,-0.3886543973580649,-0.22177736612659588,1.8379904766594695,-0.08216031166815009,0.038858281816333155,2.3899267034306138,0.7898064302313567,-0.03529680351067694,0.09559429446805148,-0.5110634158024079,1.8398982155324912,ambos,16.08308631350069,3.7058958446647883,112,0,3
Tunisia,TUN,2000,0.05646161158020397,0.30523282973497795,0.32403357175733427,0.26780321686395125,-0.04182058208869694,-0.22112719583652085,1.8626439527293317,-0.01851966803363172,0.038858281816333155,2.3899267034306138,0.9270316172667138,-0.03529680351067694,0.09559429446805148,-0.5110634158024079,1.8398982155324912,ambos,16.094308568251982,3.7534651781725334,112,0,4
Tunisia,TUN,2001,0.0932025191324611,0.3244240076552489,0.4081693931194207,0.4687117439359,-0.2954998608500629,-0.22050226340871332,1.8831230876822203,-0.04946677245782933,0.3516250756514875,2.3899267034306138,0.24090568208992794,0.07146502288572677,0.16462871384733763,-0.18401465139423934,1.7923825509874811,ambos,16.10497778676401,3.718896166283701,112,0,5
Tunisia,TUN,2002,0.09723167459929503,0.25643880548407594,0.4689848411921643,0.34635981407751365,-0.055985656380591726,-0.21989465739982422,1.8862529165504958,-0.037793431056198076,0.6643918694866419,2.3899267034306138,-0.445220253086858,0.1782268492821305,0.23366313322662344,0.14303411301392915,1.2697102409923724,ambos,16.115243186547158,3.7515660765426624,112,0,6
Tunisia,TUN,2003,0.14864809286194305,0.030710860682538397,0.45337299817403065,0.2605734538334956,-0.309702595352574,-0.2192973195613754,1.8999438637338661,-0.12268922729354562,0.038858281816333155,1.1822886939364206,0.6525812431959995,0.1782268492821305,-0.18054338304909118,0.14303411301392915,1.2697102409923724,ambos,16.125233416393524,3.716924968963803,112,0,7
Tunisia,TUN,2004,0.2250382896191258,-0.0627530897919179,0.5959957065677386,0.3923699301036112,-0.3212783528671914,-0.21873331002047422,1.9372798795288024,-0.12115571610866062,0.6643918694866419,1.1822886939364206,-0.1707698790161436,-0.03529680351067694,0.3717319719851945,0.14303411301392915,1.2697102409923724,ambos,16.134575509064252,3.715315490724245,112,0,8
Tunisia,TUN,2005,0.2646459861949558,-0.14498952355135522,0.7202456820927766,0.489027468072773,-0.26711342506829594,-0.21820045700835816,1.9556315463188958,-0.04972850249920189,0.038858281816333155,1.1822886939364206,-0.1707698790161436,-0.03529680351067694,0.23366313322662344,-0.5110634158024079,1.2697102409923724,ambos,16.143322072266976,3.722824313555026,112,0,9
Tunisia,TUN,2006,0.3325253586244183,-0.007662298422614678,0.8111950275628749,0.5962571766479458,0.9955494212033361,-0.21765788473439013,1.9398859183964092,0.013112387420192434,0.6643918694866419,1.1822886939364206,0.6525812431959995,0.39175050207493695,0.7859384882609096,-0.4133846770731606,1.2697102409923724,ambos,16.152150254254337,3.8835697626176136,112,0,10
Tunisia,TUN,2007,0.4265616913398967,0.04801603921897673,0.9433692839200399,0.8903205931100671,0.027805831742813036,-0.21708933476483985,2.014722579131586,0.15730669471879882,0.3516250756514875,1.1822886939364206,0.5153560561606423,0.1782268492821305,0.647869649502338,-0.4133846770731606,1.2697102409923724,ambos,16.161318249721084,3.762747866906705,112,0,11
Tunisia,TUN,2008,0.4827252577383933,0.11894796158372124,0.9956140271654699,1.1892021670010444,0.3608575768175309,-0.2164871283458685,2.105044214539431,0.36988886260858506,0.038858281816333155,1.1822886939364206,0.10368049505457075,0.1782268492821305,0.7859384882609096,0.005237741369295158,1.2697102409923724,ambos,16.17093816468564,3.805996477591875,112,0,12
Tunisia,TUN,2009,0.5184856395381592,0.20430662716364598,0.9154351041981474,0.5694023496188357,-0.039396541892742935,-0.2158424829400629,1.9442913859048903,0.0847643868716062,0.038858281816333155,1.1822886939364206,0.10368049505457075,0.1782268492821305,0.647869649502338,-0.4308276266936116,1.2697102409923724,ambos,16.18113448562808,3.753789806454651,112,0,13
Tunisia,TUN,2010,0.5525917000715825,0.40712634768299144,0.8891954768358012,0.7767347657047108,-0.14818473641757848,-0.21515456325174515,2.092964783686066,0.20877412951046195,0.038858281816333155,1.1822886939364206,0.3781308691252851,0.1782268492821305,0.3717319719851945,-0.8965450672108435,1.744866886442471,ambos,16.191901813286325,3.739116084782119,112,0,14
Tunisia,TUN,2011,0.4944450311773511,0.05620454981588428,0.9336836839307404,0.7754377112935202,-0.49621954560822273,-0.21443826737597008,2.1352404036993646,0.2944882626272424,0.6643918694866419,1.1822886939364206,-0.7196706271575724,-0.4623435112303015,0.23366313322662344,0.017447387481192338,1.3647415700823915,ambos,16.20299142497063,3.6906711173539204,112,0,15
Tunisia,TUN,2012,0.5493265293053384,0.14649663686175463,0.9336836839307404,0.8174133154405607,-0.07871179327132886,-0.21370074902357902,2.0529464940276823,0.2588005406711656,0.6643918694866419,1.1822886939364206,-0.445220253086858,-0.24881985843749468,0.23366313322662344,0.04186720298301006,1.6498355573524508,ambos,16.214282537252267,3.7485116441918036,112,0,16
Tunisia,TUN,2013,0.5719547512865162,0.08033551332525912,0.8575344958646757,0.7419750188242019,-0.2730689111567644,-0.21291489091702923,2.0850322758273783,0.1765150683258666,0.6643918694866419,-0.025349315557772752,-0.445220253086858,-0.24881985843749468,0.5098008107437664,0.9296952332443694,1.5548042282624317,ambos,16.2261750471085,3.7220014646974624,112,0,17
Tunisia,TUN,2014,0.6071820851344443,-0.13424298173641627,0.7754695488123868,0.6592106002980866,-0.29686282266810365,-0.21212179557007033,2.107455380687577,0.008440271476365861,1.2899254571569505,-0.025349315557772752,-0.1707698790161436,-0.03529680351067694,0.5098008107437664,1.0256298863227806,1.5548042282624317,ambos,16.238035381497696,3.7187071692922973,112,0,18
Tunisia,TUN,2015,0.6040160334515174,-0.20173900570991385,0.8049509525056783,0.4017623741290459,-0.2825910366297095,-0.21135823985812005,2.070263990559736,-0.1782710031163174,1.2899254571569505,-0.025349315557772752,-0.1707698790161436,-0.03529680351067694,0.647869649502338,1.0971442006213512,1.5548042282624317,ambos,16.249322577840157,3.7206844172853937,112,0,19
Tunisia,TUN,2016,0.6041784344352364,-0.2603528930081256,0.9693018391924831,0.3972325813061708,-0.40796820252680566,-0.2106040275249667,2.1038485597543484,-0.2526808098757994,1.2899254571569505,-0.025349315557772752,-0.445220253086858,-0.03529680351067694,0.7859384882609096,1.0413282270143727,1.5548042282624317,ambos,16.260347968035465,3.7031791942547176,112,0,20
Tunisia,TUN,2017,0.626795087200845,-0.3150210525391584,0.9693018391924831,0.6505528473005601,-0.31700494822763897,-0.2098771770916618,2.0952941796049216,-0.28476385883883876,1.2899254571569505,1.1822886939364206,-0.1707698790161436,0.6052741548677444,0.7859384882609096,0.5913091271887331,1.5548042282624317,ambos,16.27085956967672,3.7159099610111945,112,0,21
Turkiye,TUR,1996,0.7568809325666513,0.24178727616705242,-0.15390413372512007,-0.9816144409676418,-0.6030763706494554,0.09023642180603177,0.7761539642856128,0.5210196316624696,0.038858281816333155,-0.025349315557772752,-0.7196706271575724,0.39175050207493695,-0.042474544290519535,-0.5110634158024079,1.7923825509874811,ambos,17.94185648709839,3.675313601046899,113,0,0
Turkiye,TUR,1997,0.8769448059782634,0.2695877452395187,-0.15390413372512007,-0.8911341718342015,-0.6001440824509885,0.09561711017587872,0.9476333214755007,0.5182195892676748,-0.5866753058539755,-0.025349315557772752,-0.9941210012282867,0.28498867567853353,-0.18054338304909118,-0.8381121802105763,1.1984367441748578,ambos,17.956308699523518,3.675738193508557,113,0,1
Turkiye,TUR,1998,0.8878474076570116,-0.05340404062031658,-0.15390413372512007,-0.9604203451678933,-0.5939498332944732,0.1008759945366969,0.8984600492503284,0.3337780198748136,-1.212208893524284,-0.025349315557772752,-1.268571375299001,0.1782268492821305,-0.3186122218076625,-1.1651609446187448,0.6995222664522537,ambos,17.97023475513323,3.6766345225159114,113,0,2
Turkiye,TUR,1999,0.7925951172680609,-0.3303497735151276,0.21151579169589438,-1.0391925569082086,-0.6001578748070266,0.10599241921965177,0.8670840263719936,0.10497986846262955,-0.8994420996891298,-0.025349315557772752,-0.8568958141929295,0.3917505020749376,-0.11150896366980566,-1.1651609446187448,0.31939695009217406,ambos,17.98359994545787,3.675736196810827,113,0,3
Turkiye,TUR,2000,0.9106214298195867,-0.040681276425776375,0.40016510248848636,-0.9023635118932527,-0.5909959616858973,0.1109686216238805,1.1481638855717804,-0.018749953796109612,-0.5866753058539755,-0.025349315557772752,-0.445220253086858,0.6052741548677444,0.09559429446805148,-1.1651609446187448,0.984616253722313,ambos,17.996429710131764,3.677061675078883,113,0,4
Turkiye,TUR,2001,0.76362892531974,-0.5536225824327882,0.7880277764746946,-0.6823607046294048,-0.3634619074393608,0.11585609772792474,0.9746484208578061,-0.12600130936269663,-0.27390851201882116,-0.025349315557772752,-0.5824454401222151,0.6052741548677444,0.30269755260590897,-0.8381121802105763,1.1746789119023522,ambos,18.008872495599242,3.709428326428403,113,0,5
Turkiye,TUR,2002,0.8704665857886675,-0.360401440335268,0.9615113678514614,-0.7358980120874586,-0.5749055615279945,0.12065109466763169,1.0231466216403697,-0.20045588121938143,0.038858281816333155,-0.025349315557772752,-0.7196706271575724,0.6052741548677444,0.5098008107437664,-0.5110634158024079,0.6995222664522537,ambos,18.02093121078204,3.6793852722266718,113,0,6
Turkiye,TUR,2003,0.9701481524001832,-0.2062236241115079,1.0234116384376781,-0.7863048098625524,-0.5591110397180331,0.12532239625023922,0.9839589007426679,-0.18276835142557543,0.038858281816333155,-0.025349315557772752,-0.7196706271575724,0.6052741548677444,0.5098008107437664,-0.5110634158024079,1.0083740859948176,ambos,18.032540652278197,3.68166090283236,113,0,7
Turkiye,TUR,2004,1.1683947302879105,0.36278054777744934,0.8965169252183037,-0.7100081669614724,-0.5347259014119382,0.12986215069637524,1.2845586036352716,-0.1563377246857061,0.038858281816333155,-0.025349315557772752,-0.445220253086858,0.6052741548677444,0.5098008107437664,-0.5110634158024079,1.2697102409923724,ambos,18.043695477576367,3.6851641075807255,113,0,8
Turkiye,TUR,2005,1.3652303178002476,0.5124194937390053,0.7746512416976974,-0.7880288996402693,-0.30824344502239615,0.13425902781680898,1.4865557787445238,-0.14505091625042896,0.038858281816333155,-0.025349315557772752,0.10368049505457075,0.6052741548677444,0.647869649502338,0.14303411301392915,1.2697102409923724,ambos,18.054381895591845,3.717127663603633,113,0,9
Turkiye,TUR,2006,1.5248544564578856,0.774736088970009,0.9051632255106945,-0.7113967768846008,-0.022472952395112118,0.13852972755870047,1.5454178874490838,-0.07805487464526338,0.6643918694866419,-0.025349315557772752,0.3781308691252851,0.8187978076605511,0.5098008107437664,0.04709998321354076,1.2697102409923724,ambos,18.064653447387645,3.7560532878397,113,0,10
Turkiye,TUR,2007,1.664725404459713,0.7095306157148149,0.9840570255716735,-0.7380817904109949,-0.09056145474195904,0.13920251646245313,1.5432409539051153,-0.049935745587988856,0.6643918694866419,-0.025349315557772752,0.24090568208992794,0.8187978076605511,0.5098008107437664,0.04709998321354076,1.2697102409923724,ambos,18.06626200999946,3.746915320874672,113,0,11
Turkiye,TUR,2008,1.6543517504497436,0.564273657212531,0.9233955273876662,-0.6586325081744941,-0.2055932022966601,0.14453388658891864,1.5526064344467931,-0.06833202379644294,0.6643918694866419,-0.025349315557772752,0.10368049505457075,0.8187978076605511,0.5098008107437664,0.04535537428468133,1.2697102409923724,ambos,18.07891804347377,3.7312849607741208,113,0,12
Turkiye,TUR,2009,1.4711470274176253,0.03821679671303798,0.6027730883183581,-0.7668046669312539,-0.4238108055775438,0.15042587137599453,1.3426987369936445,-0.24884876135936032,0.6643918694866419,-0.025349315557772752,0.6525812431959995,0.8187978076605511,0.3717319719851945,0.04535537428468133,1.2697102409923724,ambos,18.092721070437985,3.700945274875341,113,0,13
Turkiye,TUR,2010,1.6629884207456498,0.2703019632250611,0.7478435447638243,-0.7695888658362581,-0.4500848063276078,0.15700647391991898,1.4760611284976763,-0.21076699523948983,0.6643918694866419,-0.025349315557772752,0.10368049505457075,0.8187978076605511,0.3717319719851945,0.052332763444071465,0.8895849246322929,ambos,18.10791537960499,3.6972294179739382,113,0,14
Turkiye,TUR,2011,1.9410635790899478,0.6470863657393925,0.8780572851543766,-0.5746335032811261,-0.3181337419973051,0.16345900773723052,1.511939764898495,-0.015096744171712839,0.6643918694866419,-0.025349315557772752,0.10368049505457075,0.8187978076605511,0.3717319719851945,0.052332763444071465,0.6995222664522537,ambos,18.122593121050695,3.7157529696527125,113,0,15
Turkiye,TUR,2012,2.0540986181592573,0.5757108650154089,0.7774253745494153,-0.5840444493004652,-0.38190160021976066,0.16914019969359437,1.4493165925588423,-0.028815047046764217,0.6643918694866419,-0.025349315557772752,0.10368049505457075,0.8187978076605511,0.3717319719851945,0.05756554367460216,0.6995222664522537,ambos,18.135340301078177,3.70684394421222,113,0,16
Turkiye,TUR,2013,2.292859968538203,0.7447909480584993,1.3990275711852083,-0.5915833839903477,-0.4068861586329003,0.17493832707846446,1.4981119508710892,0.06051634772039333,0.6643918694866419,-0.025349315557772752,0.10368049505457075,0.8187978076605511,0.3717319719851945,0.03488981382361993,0.6995222664522537,ambos,18.148184448375215,3.7033315882103635,113,0,17
Turkiye,TUR,2014,2.4080226721654974,0.7797993231609844,1.5352072836081296,-0.5555923398169758,-0.4058937382855329,0.18110913356281844,1.5060183096103812,0.0978953986772361,0.6643918694866419,-0.025349315557772752,0.10368049505457075,0.8187978076605511,0.3717319719851945,-0.0540674500954014,0.3669126146371836,ambos,18.161675337201256,3.7034713392620975,113,0,18
Turkiye,TUR,2015,2.571607993209166,0.8921611270760564,1.5810495875739217,-0.6262668312122057,-0.26408576895260033,0.1872938715858,1.4201912299571793,0.07824590663414811,0.6643918694866419,-0.025349315557772752,-0.445220253086858,0.8187978076605511,0.3717319719851945,-0.0540674500954014,0.41442827918219427,ambos,18.175016494732592,3.723242374839804,113,0,19
Turkiye,TUR,2016,2.646962276816144,0.8959641925034297,1.6282186747205811,-0.7135907534395391,-0.37554716671407024,0.19361516851932037,1.359395245693234,0.10963579054544095,0.6643918694866419,-0.025349315557772752,-0.445220253086858,0.8187978076605511,0.3717319719851945,-0.06802118185813465,0.41442827918219427,ambos,18.188470753912224,3.7077352929346015,113,0,20
Turkiye,TUR,2017,2.901463058087649,0.9221987207816208,1.7884090518694584,-0.5024412224282823,-0.4268861529495231,0.19978881500897913,1.3265446851020994,0.16787967965246955,0.6643918694866419,-0.025349315557772752,-0.445220253086858,0.8187978076605511,0.3717319719851945,-0.095929691939647,0.41442827918219427,ambos,18.201438310871755,3.7005110500991156,113,0,21
Tanzania,TZA,1996,-1.0486638792305347,-1.3692955485405185,-2.114683460179763,-1.09557284949562,-0.375190084263727,-0.09475395835699,-1.381650986508014,-1.5105236274584257,-0.5866753058539755,-1.232987325051966,-0.445220253086858,-0.24881985843749468,-0.3186122218076625,-1.8192584734350818,0.984616253722313,ambos,17.24774664950052,3.7077853580131683,114,0,0
Tanzania,TZA,1997,-1.0448951055846767,-1.5153313470917404,-2.0965253225581058,-1.2951629174364823,-0.40595186914020803,-0.09098124399906057,-1.3859551771945609,-1.5121199876196232,-0.5866753058539755,-0.6291683203048694,-0.3079950660515008,-0.24881985843749468,-0.3186122218076625,-1.8192584734350818,0.937100589177303,ambos,17.267974083645413,3.70346315390625,114,0,1
Tanzania,TZA,1998,-1.0422202257732265,-0.004709287533251429,-2.0965253225581058,-1.3740704639006387,-0.40585841508415815,-0.08595533553559997,-1.389543915819921,-0.56820888232512,-0.5866753058539755,-0.025349315557772752,-0.1707698790161436,-0.24881985843749468,-0.3186122218076625,-1.8192584734350818,0.41442827918219427,ambos,17.294300232098788,3.703476313059097,114,0,2
Tanzania,TZA,1999,-1.0366605644751234,-0.3691126705785159,-2.0965253225581058,-1.4066660796367725,0.05810598785767248,-0.08070566925922701,-1.393131409600751,-0.6052059117265729,-0.5866753058539755,-0.025349315557772752,-0.5824454401222151,-0.35558168483389807,-0.3186122218076625,-1.8192584734350818,0.41442827918219427,ambos,17.32107789484121,3.7667607711220223,114,0,3
Tanzania,TZA,2000,-1.0323371365849257,-0.4703589099438763,-2.0965253225581058,-1.4366854152985618,-0.04715912763882858,-0.0749790670499747,-1.3963380751017525,-0.6539123314547048,-0.5866753058539755,-0.025349315557772752,-0.9941210012282867,-0.4623435112303015,-0.3186122218076625,-1.8192584734350818,0.41442827918219427,ambos,17.34949313725003,3.7527498665167887,114,0,4
Tanzania,TZA,2001,-1.0234098835059444,-0.37118757441926936,-2.0965253225581058,-1.319244887765081,0.055018354859930736,-0.06938163138451194,-1.3987812544055493,-0.6397750647767274,-0.5866753058539755,-0.025349315557772752,-0.5824454401222151,-0.4623435112303015,-0.3186122218076625,-1.8192584734350818,0.41442827918219427,ambos,17.376508343947517,3.766352586034158,114,0,5
Tanzania,TZA,2002,-1.0110361068703082,-0.40571777416306565,-2.0965253225581058,-1.3346746801540454,-0.16368552193384034,-0.06387461647618026,-1.4008184096853284,-0.4629202089712292,-0.5866753058539755,-0.025349315557772752,-0.1707698790161436,-0.4623435112303015,-0.3186122218076625,-1.8192584734350818,0.41442827918219427,ambos,17.40239341542851,3.737007649718682,114,0,6
Tanzania,TZA,2003,-0.9995139989935491,-0.114480779691118,-2.0965253225581058,-1.2489527419683037,-0.2872854464793998,-0.05809764593755146,-1.4028809266081932,-0.3164661263583756,-0.5866753058539755,-0.025349315557772752,-0.1707698790161436,-0.4623435112303015,-0.3186122218076625,-1.8192584734350818,0.41442827918219427,ambos,17.428845978512484,3.7200344736979236,114,0,7
Tanzania,TZA,2004,-0.9852736644229328,0.36669697803032947,-2.0965253225581058,-1.1570890538547327,-0.18911530295105675,-0.0520112460814478,-1.4048351938038939,-0.32814917067292526,-0.5866753058539755,-0.025349315557772752,-0.1707698790161436,-0.4623435112303015,-0.594749899324806,-1.1651609446187448,0.41442827918219427,ambos,17.45597858742791,3.7335390031221873,114,0,8
Tanzania,TZA,2005,-0.9706679697489212,0.7144640767747112,-2.0965253225581058,-1.0597461350263822,0.2363181504747838,-0.04561283345766551,-1.4051289504655171,-0.342035126026096,-1.212208893524284,-0.025349315557772752,-0.1707698790161436,-0.4623435112303015,-0.594749899324806,-1.1651609446187448,0.41442827918219427,ambos,17.483729980816282,3.790042477168456,114,0,9
Tanzania,TZA,2006,-0.9585759569592321,1.0728055549221265,-2.0965253225581058,-0.890927837542376,-0.2747920005613043,-0.03897327097167776,-1.4058477381843657,-0.34992353010561267,0.038858281816333155,-0.025349315557772752,0.3781308691252851,-0.4623435112303015,-0.3186122218076625,0.8285283232134504,0.5807331050897284,ambos,17.511735542491294,3.7217632650672727,114,0,10
Tanzania,TZA,2007,-0.9452151687137298,1.3616318782792751,-2.0965253225581058,-0.7371830002649735,-0.18808432926086757,-0.032167938092016,-1.4008635596235575,-0.32047851695321905,0.038858281816333155,-0.025349315557772752,0.24090568208992794,-0.4623435112303015,-0.3186122218076625,0.8285283232134504,1.1746789119023522,ambos,17.539648873026096,3.7336798631770174,114,0,11
Tanzania,TZA,2008,-0.934819970455707,1.6248109706680602,-2.0965253225581058,-0.7090465909585638,0.21248855118379642,-0.025394787961543607,-1.3969220788485952,-0.2752738297985085,0.038858281816333155,-0.025349315557772752,0.10368049505457075,-0.4623435112303015,-0.3186122218076625,0.8459707495558783,1.0796475828123333,ambos,17.56667746239344,3.786960584544301,114,0,12
Tanzania,TZA,2009,-0.9247369644982821,1.0114570307019721,-2.0965253225581058,-0.8687118194095649,-0.08658815690538682,-0.019050991742299617,-1.3928678389142295,-0.4476626730297385,0.038858281816333155,-0.025349315557772752,0.10368049505457075,-0.4623435112303015,-0.3186122218076625,0.8459707495558783,0.984616253722313,ambos,17.591346831329595,3.7474508664317314,114,0,13
Tanzania,TZA,2010,-0.9107073333106543,0.9840603834554541,-1.143814954388657,-0.749329636197626,0.3375128428665654,-0.012341741731185445,-1.3812448597212967,-0.2904465617541543,0.038858281816333155,-0.025349315557772752,0.10368049505457075,-0.24881985843749468,-0.3186122218076625,0.9087641123222466,0.7707957632697694,ambos,17.616791683018707,3.803025243007561,114,0,14
Tanzania,TZA,2011,-0.892063691601222,1.5084464439747383,-1.143814954388657,-0.5015558279547806,-0.032865228413108655,-0.004759172189649194,-1.3678774990776084,-0.054035707308513266,0.038858281816333155,-0.025349315557772752,0.10368049505457075,-0.24881985843749468,-0.3186122218076625,0.9087641123222466,0.6995222664522537,ambos,17.644790185523192,3.7546639580240413,114,0,15
Tanzania,TZA,2012,-0.8856785628123814,1.2498142705937882,-1.143814954388657,-0.553785406187198,0.1406349659071065,0.003264994311194171,-1.360253658200765,-0.13623712586556513,0.038858281816333155,-0.025349315557772752,0.10368049505457075,-0.24881985843749468,-0.3186122218076625,0.9506263541664922,0.5094596082722133,ambos,17.673589622300607,3.777609811512336,114,0,16
Tanzania,TZA,2013,-0.8703972835625782,1.3700687846090591,-1.1259618523821833,-0.7205236860195982,0.14652169449919933,0.011915483410508963,-1.3502560824119472,-0.13228457991675208,0.038858281816333155,-0.025349315557772752,0.10368049505457075,-0.24881985843749468,-0.18054338304909118,0.931439842173228,0.41442827918219427,ambos,17.703735195346187,3.7783791865369554,114,0,17
Tanzania,TZA,2014,-0.8550670636964902,1.2747563423180994,-1.225576622919094,-0.8157194614729111,-0.1578457785180179,0.021028463793873395,-1.3379472674384447,-0.1578205687534515,0.038858281816333155,-0.025349315557772752,0.10368049505457075,-0.24881985843749468,-0.18054338304909118,0.931439842173228,0.41442827918219427,ambos,17.734539226329797,3.737802500487906,114,0,18
Tanzania,TZA,2015,-0.8425475220086309,1.1173764899874037,-1.3536057509324082,-0.949356654210141,-0.09775849533005272,0.03098906643276954,-1.3334821749687453,-0.2125459254303695,0.038858281816333155,-0.025349315557772752,0.10368049505457075,-0.24881985843749468,-0.18054338304909118,0.8982985518611852,0.41442827918219427,ambos,17.76715732992416,3.745944528543155,114,0,19
Tanzania,TZA,2016,-0.8272029078436368,1.2243034135868363,-1.369794506163221,-1.1044668891992249,-0.34979517362241075,0.041746785770673846,-1.3277115726868907,-0.1815045763108995,0.038858281816333155,-0.025349315557772752,0.10368049505457075,-0.24881985843749468,-0.18054338304909118,0.9296952332443694,0.41442827918219427,ambos,17.801230282421738,3.7113394627391925,114,0,20
Tanzania,TZA,2017,-0.8116733178273716,1.5156489880102146,-1.3434624802268156,-1.171538548593937,-0.3455600432397317,0.052658593295557166,-1.3243826854210223,-0.16613221212457868,0.038858281816333155,-0.025349315557772752,0.10368049505457075,-0.4623435112303015,-0.18054338304909118,0.879112039867921,0.41442827918219427,ambos,17.834644584022023,3.711930956725682,114,0,21
Uganda,UGA,1996,-1.1027881106217032,-0.687323727016327,-1.92899621904863,-1.10548358167553,-0.3032731544642112,-0.1527128104831373,0.16102453994368252,-1.0305601777871183,0.038858281816333155,-0.025349315557772752,-1.8174721234404299,0.6052741548677444,-0.8708875768419492,-1.1651609446187448,0.12933429191213489,ambos,16.870998888005726,3.717817792357197,115,0,0
Uganda,UGA,1997,-1.09850644012489,-0.696849671199417,-1.92899621904863,-1.141140379809489,-0.16511819249141832,-0.14898681898559016,0.14889443705002814,-0.9278812881914033,-0.5866753058539755,-0.025349315557772752,-1.8174721234404299,0.6052741548677444,-1.147025254359092,-1.4922097090269133,0.20060778872965002,ambos,16.89998819178958,3.7368125515717123,115,0,1
Uganda,UGA,1998,-1.0946887562635732,-0.8143642059422519,-1.92899621904863,-1.26072036654754,-0.09551527186736962,-0.14505042843957913,0.13560627639087527,-0.8859383012779365,-1.212208893524284,-0.025349315557772752,-1.8174721234404299,0.6052741548677444,-1.4231629318762347,-1.8192584734350818,0.6995222664522537,ambos,16.92972815384696,3.7462472129282514,115,0,2
Uganda,UGA,1999,-1.0849045290704598,-0.4096379202137586,-1.92899621904863,-1.0869064480184152,-0.24458076214702376,-0.14062649370557959,0.12214886779633644,-0.7680810621125322,-1.212208893524284,-0.025349315557772752,-1.8174721234404299,0.6052741548677444,-1.4231629318762347,-1.8192584734350818,0.6995222664522537,ambos,16.962128845260487,3.725931460736126,115,0,3
Uganda,UGA,2000,-1.0850169204285516,-0.41341908492515267,-1.92899621904863,-1.1821043052555245,-0.19951873560248456,-0.1361942418131874,0.10610820183966543,-0.4676341706172751,-1.212208893524284,-0.025349315557772752,-1.8174721234404299,0.6052741548677444,-1.4231629318762347,-1.8192584734350818,0.6995222664522537,ambos,16.993570679959095,3.732116489687789,115,0,4
Uganda,UGA,2001,-1.0805451006543636,-0.43599872722140254,-1.92899621904863,-1.107096818533498,-0.19967155427194833,-0.13174613720210848,0.08971243561253635,-0.49018236482327676,-1.212208893524284,-0.025349315557772752,-1.8174721234404299,0.6052741548677444,-1.4231629318762347,-1.8192584734350818,0.6995222664522537,ambos,17.024161365056308,3.732095578938122,115,0,5
Uganda,UGA,2002,-1.068362429736395,-0.325073443439774,-1.92899621904863,-1.0795513102087937,-0.13061996635523826,-0.12704942473170014,0.07396901203726217,-0.343659223641106,-1.212208893524284,-0.025349315557772752,-1.8174721234404299,0.6052741548677444,-1.4231629318762347,-1.8192584734350818,0.6995222664522537,ambos,17.055477238829166,3.741499904944001,115,0,6
Uganda,UGA,2003,-1.0608148622358595,-0.23785161635992175,-1.92899621904863,-1.070602168546379,-0.1180560028169996,-0.12216142955105608,0.053029956150535455,-0.3640211805904321,-1.212208893524284,-0.025349315557772752,-1.8174721234404299,0.6052741548677444,-1.4231629318762347,-1.8192584734350818,0.6995222664522537,ambos,17.087059474861288,3.7432015563177625,115,0,7
Uganda,UGA,2004,-1.0518272147612036,-0.32735731706912846,-1.6055884733453543,-1.1033155718374663,-0.0024823372696406703,-0.1173740457348133,0.009064834933949776,-0.5156684880873201,-1.212208893524284,-0.025349315557772752,-1.268571375299001,0.6052741548677444,-1.4231629318762347,-1.8192584734350818,0.6995222664522537,ambos,17.11705392568701,3.7587203915506615,115,0,8
Uganda,UGA,2005,-1.0435167813075574,-0.05392223871152755,-1.6055884733453543,-1.0006045251869413,0.06575325312296909,-0.11254857840205665,-0.03829248171029027,-0.2943004622196703,-1.212208893524284,-0.025349315557772752,-1.5430217493697154,0.6052741548677444,-1.285094093117663,-1.1651609446187448,0.6995222664522537,ambos,17.14640313650482,3.7677710228246735,115,0,9
Uganda,UGA,2006,-1.023524250405573,-0.20858135931803795,-1.6055884733453543,-0.8657857035275632,0.4762830569173064,-0.10759220830377998,-0.08048973321311528,-0.3565376627524512,0.038858281816333155,-0.025349315557772752,-0.1707698790161436,-0.4623435112303015,0.3717319719851945,0.3854860892691766,0.6995222664522537,ambos,17.17567772898626,3.8205590669416982,115,0,10
Uganda,UGA,2007,-1.0085854699169337,-0.09423993873776189,-1.4259142617338685,-0.7744108403862947,0.5111972530200554,-0.10246452502836677,-0.12034301421260142,-0.16318909278441224,0.038858281816333155,-0.025349315557772752,-0.1707698790161436,-0.4623435112303015,0.3717319719851945,0.3854860892691766,0.5569752728172239,ambos,17.205088393408122,3.824922544132516,115,0,11
Uganda,UGA,2008,-0.992011558552859,0.012281976755759141,-1.4259142617338685,-0.49887793449297774,0.229624504817039,-0.09717756279997623,-0.16299759059504204,-0.10539973101335026,0.038858281816333155,-0.025349315557772752,-0.1707698790161436,-0.4623435112303015,0.3717319719851945,0.3662995772759132,0.41442827918219427,ambos,17.234533253849825,3.789177743854372,115,0,12
Uganda,UGA,2009,-0.9803393581769229,0.23133444725429048,-1.4259142617338685,-0.7660856864965101,-0.06751831344675813,-0.0917386065901991,-0.2050472799487754,0.021599859319207965,0.038858281816333155,-0.025349315557772752,0.10368049505457075,-0.4623435112303015,0.3717319719851945,0.3662995772759132,0.41442827918219427,ambos,17.263946170010623,3.750017233313571,115,0,13
Uganda,UGA,2010,-0.9719348145768575,0.48479866113530873,-1.4259142617338685,-1.0216755648448115,-0.29676182027284365,-0.08613227502576686,-0.6697166102398513,0.0471698783944915,0.038858281816333155,-0.025349315557772752,0.10368049505457075,-0.4623435112303015,0.3717319719851945,0.36978774857758445,0.41442827918219427,ambos,17.29338508244255,3.7187211761550603,115,0,14
Uganda,UGA,2011,-0.9510589268025196,0.4523511619337276,-1.4259142617338685,-0.9784900527286091,-0.09211188774966272,-0.08038221294076137,-0.9076652969006833,0.04436415115674096,0.038858281816333155,-0.025349315557772752,-0.1707698790161436,-0.4623435112303015,0.3717319719851945,0.3837420036183411,0.41442827918219427,ambos,17.322704572918525,3.7467062661448294,115,0,15
Uganda,UGA,2012,-0.9479797372149714,0.3796032915195547,-1.4259142617338685,-0.869597151097091,0.11886834336859675,-0.07451787047422578,-0.9094616966118129,0.0126000714007049,0.038858281816333155,-0.025349315557772752,-0.1707698790161436,-0.4623435112303015,0.3717319719851945,0.3889747838488718,0.22436562100215504,ambos,17.351746832900652,3.7747598374167453,115,0,16
Uganda,UGA,2013,-0.9456223422783532,1.0683519912233321,-1.4259142617338685,-0.8810180182191103,0.009672478625459736,-0.06855383546853461,-1.0778988894297556,-0.13078545268777886,0.038858281816333155,-0.025349315557772752,-0.1707698790161436,-0.4623435112303015,0.3717319719851945,0.3994403443099332,0.12933429191213544,ambos,17.380442348463145,3.7603385895905928,115,0,17
Uganda,UGA,2014,-0.9382165293216229,0.4342270852779843,-1.4259142617338685,-1.087206050792277,-0.08558708711713878,-0.06223842140314561,-1.4798234968699517,-0.1510293105733722,0.038858281816333155,-0.025349315557772752,-0.1707698790161436,-0.4623435112303015,0.3717319719851945,0.3994403443099332,0.12933429191213544,ambos,17.409956797627338,3.747585751562528,115,0,18
Uganda,UGA,2015,-0.930825558288078,0.07462444707247781,-1.4259142617338685,-1.0385301165746237,-0.25501293765630506,-0.05546114849186309,-1.4761393463218007,0.0068508672918800514,0.038858281816333155,-0.025349315557772752,-0.445220253086858,-0.24881985843749468,0.5098008107437664,0.3994403443099332,0.12933429191213544,ambos,17.440689726189955,3.724494113376254,115,0,19
Uganda,UGA,2016,-0.925719616975745,0.2694331336673648,-1.4259142617338685,-1.2268502976621887,-0.2786474909281708,-0.04789751033022633,-1.4772398552875463,-0.07207441882388198,0.038858281816333155,-0.025349315557772752,-0.445220253086858,-0.24881985843749468,0.3717319719851945,-0.029647634593584257,0.12933429191213544,ambos,17.47390897445832,3.7212300770336877,115,0,20
Uganda,UGA,2017,-0.9272689931002697,0.17026192078947466,-1.4259142617338685,-1.0632981081437856,-0.19669685308804008,-0.039674406230899205,-1.475572333455685,-0.08340723803513224,0.038858281816333155,-0.025349315557772752,-0.445220253086858,-0.24881985843749468,0.3717319719851945,-0.059300230325932096,0.12933429191213544,ambos,17.508814932661206,3.732502539854322,115,0,21
Ukraine,UKR,1996,0.1811093855442931,-0.23337001319465372,1.130402672672601,0.59380767276661,-0.4489479855614097,0.026246657322383175,1.4097885792663603,0.5649518342309099,-0.5866753058539755,-1.232987325051966,-0.7196706271575724,0.39175050207493695,-1.0089564156005206,-1.1651609446187448,0.4144282791821931,ambos,17.751759920961348,3.697390481400414,116,0,0
Ukraine,UKR,1997,0.1489504081927398,-0.34086571021870077,1.130402672672601,0.31436948635272455,-0.43617583650256947,0.023626072259358515,1.2237728835601296,0.2888201416492568,-0.8994420996891298,-1.232987325051966,-0.9941210012282867,0.17822684928213017,-1.147025254359092,-1.1651609446187448,0.4144282791821931,ambos,17.743148729616067,3.6991982437226563,116,0,1
Ukraine,UKR,1998,0.1328306883625496,-0.370523405072378,1.130402672672601,0.3669227337334757,-0.3431290934809108,0.02119682957054656,1.1389179380727537,0.30123692414075964,-1.212208893524284,-1.232987325051966,-1.268571375299001,-0.03529680351067694,-1.285094093117663,-1.1651609446187448,0.4144282791821931,ambos,17.735099509303332,3.712270314188547,116,0,2
Ukraine,UKR,1999,0.14154627236507009,-0.40953440424048004,1.130402672672601,0.829066701265121,-0.37872357143199553,0.018790670874432727,1.124685023274416,0.4174605795825441,-1.212208893524284,-1.232987325051966,-0.9941210012282867,-0.03529680351067694,-1.3541285124969489,-1.1651609446187448,0.4144282791821931,ambos,17.727062392408804,3.707289831791926,116,0,3
Ukraine,UKR,2000,0.2400029853590234,-0.3515476971856826,1.2407411513520668,1.2296581196017453,-0.33196164539060086,0.016286060649884727,1.065578702545956,0.3866923465715894,-1.212208893524284,-1.232987325051966,-0.7196706271575724,-0.03529680351067694,-1.4231629318762347,-1.1651609446187448,0.03430296282211527,ambos,17.718627239574204,3.7138277975933036,116,0,4
Ukraine,UKR,2001,0.39155359826985636,-0.3484464680845025,1.2980218216927184,0.7701992292569886,-0.3010012184748634,0.013602345132805043,1.0953018658823959,0.2409277378608729,-1.212208893524284,-1.232987325051966,-0.445220253086858,-0.03529680351067694,-1.147025254359092,-1.1651609446187448,-0.2507910244479441,ambos,17.709509216418134,3.7181330939146244,116,0,5
Ukraine,UKR,2002,0.4980386130450985,-0.416782983857156,1.3205131279289193,0.6559430373395693,-0.37767579109305566,0.011039335807577468,1.1358058595332652,0.2666625052134123,-1.212208893524284,-1.232987325051966,-0.1707698790161436,-0.03529680351067694,-0.8708875768419492,-1.1651609446187448,-0.7259476698980427,ambos,17.700722990506748,3.7074367951477916,116,0,6
Ukraine,UKR,2003,0.6846314360404566,-0.25022199104631354,1.364327045546995,0.8476220970040572,-0.17447040045316942,0.008878634712807906,1.1921733994560118,0.2843307631190429,-1.212208893524284,-1.232987325051966,-0.1707698790161436,-0.03529680351067694,-0.8708875768419492,-1.1651609446187448,-0.7259476698980427,ambos,17.69325546496984,3.735538050940992,116,0,7
Ukraine,UKR,2004,0.9351232849788323,-0.026950916464097197,1.2771362293498092,1.06243494431654,-0.20712023848680142,0.006876138619429803,1.2585527203283273,0.1960762939271339,-1.212208893524284,-1.232987325051966,-0.1707698790161436,-0.03529680351067694,-0.8708875768419492,-1.1651609446187448,-0.7259476698980427,ambos,17.686284561050634,3.7310758172024605,116,0,8
Ukraine,UKR,2005,1.0231150875785364,-0.09410394915310576,1.1425798881550777,0.6167935692597933,0.8774099371261327,0.00452567027944012,1.2940266521552746,0.26420943577197403,-1.212208893524284,-1.232987325051966,-0.1707698790161436,-0.03529680351067694,-0.8708875768419492,-1.1651609446187448,-0.32206452126545926,ambos,17.678039848789414,3.869578950597873,116,0,9
Ukraine,UKR,2006,1.2158043881180713,0.211092155578686,1.2165199780865088,0.4579254090346705,0.22286236569248272,0.0026948095486743293,1.3347974755453103,0.2940972218977026,-1.212208893524284,-1.232987325051966,0.10368049505457075,-0.03529680351067694,-0.594749899324806,0.6994529031010184,-0.15575969535792394,ambos,17.671570329158346,3.7883034021194684,116,0,10
Ukraine,UKR,2007,1.4355956390523854,0.5417873460980162,1.2356368020840787,0.42495475585164105,0.5455942308273898,0.001406688151012152,1.3676968473833797,0.30372382560814154,-1.212208893524284,-1.232987325051966,0.3781308691252851,-0.03529680351067694,-0.45668106056623414,0.6994529031010184,-0.15575969535792394,ambos,17.666993416757858,3.8292028419779953,116,0,11
Ukraine,UKR,2008,1.5117158985038877,0.3948480125710379,1.2374058463252748,0.6029693962099433,0.34174396199149293,-4.6863555655191294e-05,1.3643328152356806,0.08829632977848743,-1.212208893524284,-1.232987325051966,0.6525812431959995,-0.03529680351067694,-0.45668106056623414,0.6994529031010184,-0.15575969535792394,ambos,17.66180342055564,3.8035644202267584,116,0,12
Ukraine,UKR,2009,1.0950932873060686,-0.5244398180366286,1.2242980341139225,0.4083778237203943,0.032961822861585235,-0.0012129601875737383,1.3634738599958898,-0.189750626648273,-1.212208893524284,-1.232987325051966,0.10368049505457075,-0.03529680351067694,-0.3186122218076625,1.1355182711639253,-0.15575969535792394,ambos,17.657620239847986,3.7634318560931077,116,0,13
Ukraine,UKR,2010,1.2024135358305488,-0.5609304727011192,1.2519189375964737,0.6482433586277707,0.14581686204215222,-0.002213692140861811,1.3305487990542344,-0.11534073212662771,-1.212208893524284,-1.232987325051966,0.3781308691252851,-0.03529680351067694,-0.3186122218076625,1.023885277393922,-0.15575969535792394,ambos,17.654016272137,3.7782870985656816,116,0,14
Ukraine,UKR,2011,1.3475217707282798,-0.5203374518644294,1.178708550859551,0.9119913710404147,0.09117062651824996,-0.0030976139599953366,1.3282264679459257,-0.18311709846915647,-1.212208893524284,-1.232987325051966,0.3781308691252851,-0.03529680351067694,-0.3186122218076625,1.348317651686825,-0.15575969535792394,ambos,17.650822137499816,3.7711215025905824,116,0,15
Ukraine,UKR,2012,1.3571915327626523,-0.39287996499877614,1.3002268759269677,0.8485696968288909,0.12985938405932781,-0.0036811097557820486,1.3570119450412201,-0.2310593145481853,-1.212208893524284,-1.232987325051966,0.10368049505457075,-0.03529680351067694,-0.3186122218076625,0.955859134397023,-0.3458223535379643,ambos,17.64870801634493,3.7761999450098402,116,0,16
Ukraine,UKR,2013,1.3632145447205086,-0.6457687461183905,1.2985211328446675,0.5980223772003544,-0.23938095734106357,-0.004178027154555959,1.2048087594550057,-0.38463816350316504,-1.212208893524284,-1.232987325051966,0.10368049505457075,-0.24881985843749468,-0.45668106056623414,0.9436494882851257,-0.44085368262798447,ambos,17.646904055251827,3.726647120169679,116,0,17
Ukraine,UKR,2014,1.2273431496520477,-1.0309526106909246,1.257511177780576,0.7924507230718104,-0.5425245161470595,-0.005099179295332368,1.1574638492453246,-0.35211796022207076,-1.212208893524284,-1.232987325051966,-1.8174721234404299,-0.03529680351067694,-0.594749899324806,0.870390565057696,-0.44085368262798447,ambos,17.6435513610898,3.68404508140539,116,0,18
Ukraine,UKR,2015,0.9922379680962327,-1.1020993007380457,0.9756834756433992,0.9992223221156707,-0.6915931581891601,-0.006217783401565442,0.9666611162607361,-0.4433919919916927,-1.212208893524284,-0.025349315557772752,-1.268571375299001,-0.03529680351067694,-0.594749899324806,0.919229672783308,-0.44085368262798447,ambos,17.63946483487636,3.66241085180483,116,0,19
Ukraine,UKR,2016,1.0598695997315257,-0.871016463962689,0.9049087551408277,0.9328036004877214,0.12016378477154169,-0.007220520064480439,0.9057008169150936,-0.32205363562563977,-1.212208893524284,-0.025349315557772752,-1.268571375299001,-0.03529680351067694,-0.3186122218076625,0.919229672783308,-0.3458223535379643,ambos,17.6357873511043,3.7749296812445414,116,0,20
Ukraine,UKR,2017,1.1275677002306326,-0.832262460605879,0.8413699738964306,0.8896109542726042,-0.07908414403526098,-0.008299191070912901,0.9126296372638282,-0.31281456858386225,-1.212208893524284,-0.025349315557772752,-1.5430217493697154,0.39175050207493695,-0.18054338304909118,0.9174855871324723,-0.15575969535792394,ambos,17.631816224710168,3.7484615218382014,116,0,21
Uzbekistan,UZB,1996,-0.8522318541680509,0.04278884289841388,0.8052583004914375,-0.4715502234295827,-0.54063934543911,-0.14006147584346723,0.04909024364282714,-0.07903929602700081,-1.212208893524284,-1.232987325051966,-1.5430217493697154,-2.170532135706768,-1.1470252543590918,-1.8192584734350818,2.410086190072609,ambos,16.96619242070387,3.6843157000490456,117,0,0
Uzbekistan,UZB,1997,-0.8367798760542076,0.6867378692616286,0.8052583004914375,-0.4715502234295827,-0.455593397215413,-0.13763327727425265,0.05332998527656205,-0.34756824059172425,-1.212208893524284,-1.232987325051966,-1.8174721234404299,-2.170532135706768,-1.1470252543590918,-1.8192584734350818,2.410086190072609,ambos,16.98347032254635,3.696448599694847,117,0,1
Uzbekistan,UZB,1998,-0.8242011179946291,0.6473865520619386,0.8052583004914375,-0.8139195785068958,-0.49057244738383665,-0.13539009669768962,0.07166028653627261,-0.38717008109052725,-1.212208893524284,-1.232987325051966,-2.091922497511144,-2.170532135706768,-1.1470252543590918,-1.8192584734350818,2.410086190072609,ambos,16.99917072672034,3.6914761966420864,117,0,2
Uzbekistan,UZB,1999,-0.8104587706610846,0.3148366003994259,0.8052583004914375,-1.0696392748443424,-0.5293617254493556,-0.13335508373685098,0.11568287679542442,-0.5004347047343761,-1.212208893524284,-1.232987325051966,-2.091922497511144,-2.170532135706768,-1.1470252543590918,-1.8192584734350818,2.410086190072609,ambos,17.013203971271643,3.6859330889737536,117,0,3
Uzbekistan,UZB,2000,-0.79788703254401,0.026822522250366267,0.789230958311229,-0.8535580182270178,-0.558548800928578,-0.13149925959811182,0.13479209651555865,-0.5687288348686835,-1.212208893524284,-1.232987325051966,-2.091922497511144,-2.170532135706768,-1.1470252543590918,-1.8192584734350818,2.410086190072609,ambos,17.025832099051964,3.6817418132543365,117,0,4
Uzbekistan,UZB,2001,-0.783098284047157,0.5053496929267879,0.789230958311229,-0.48382352408139356,-0.5264642184970569,-0.12969007479018715,0.15979534022124733,-0.5919585536803995,-1.212208893524284,-1.232987325051966,-1.8174721234404299,-2.170532135706768,-1.1470252543590918,-1.8192584734350818,2.410086190072609,ambos,17.03799123752924,3.686348215212172,117,0,5
Uzbekistan,UZB,2002,-0.768923510195802,-0.26118217159802726,0.789230958311229,-0.42051921471884995,-0.5355945073214724,-0.12784229932194419,0.18948000776769078,-0.6390868609839512,-1.212208893524284,-1.232987325051966,-1.5430217493697154,-2.170532135706768,-1.1470252543590918,-1.8192584734350818,2.410086190072609,ambos,17.05025898395699,3.685039532941232,117,0,6
Uzbekistan,UZB,2003,-0.7529396273362882,-0.30918183006283406,1.1544594120068201,-0.08616768792203522,-0.5109236769717946,-0.1259850850125411,0.22702649393337448,-0.5506419969857248,-1.212208893524284,-1.232987325051966,-2.091922497511144,-2.170532135706768,-1.1470252543590918,-1.8192584734350818,2.410086190072609,ambos,17.06243958620924,3.688571774818577,117,0,7
Uzbekistan,UZB,2004,-0.7189446061520107,-0.14595364064601762,1.1851423421615015,0.092168466970127,-0.39667393704413123,-0.12408722760201123,0.28217384797890344,-0.3950603392088721,-1.212208893524284,-1.232987325051966,-1.8174721234404299,-2.170532135706768,-1.1470252543590918,-1.8192584734350818,2.410086190072609,ambos,17.07473534389004,3.7047687242952207,117,0,8
Uzbekistan,UZB,2005,-0.6858939948915275,-0.3354449134329777,0.8803033533339728,-0.11331210769710985,-0.3924453795404613,-0.12213248655581736,0.33838727476179625,-0.08499358412386303,-1.212208893524284,-1.232987325051966,-1.8174721234404299,-1.9570084829139611,-1.1470252543590918,-1.8192584734350818,2.410086190072609,ambos,17.087243541746197,3.7053631927022077,117,0,9
Uzbekistan,UZB,2006,-0.6481650277752622,-0.12330058298254179,0.9114707566152203,-0.17300456117776344,-0.4443873124241747,-0.12009157282765423,0.4034865683073327,-0.01585521888942723,-0.5866753058539755,-1.232987325051966,-1.5430217493697154,-1.9570084829139611,-1.285094093117663,-1.4965701847930144,2.410086190072609,ambos,17.10013831748601,3.698036371531219,117,0,10
Uzbekistan,UZB,2007,-0.5957972873025275,0.10495591229680057,0.9491159187453445,0.028770313507829052,-0.13005396358565974,-0.11784244971898283,0.47833287138811265,-0.01382675328546594,-0.5866753058539755,-1.232987325051966,-1.4057965623343582,-1.9570084829139611,-1.285094093117663,-1.4965701847930144,2.410086190072609,ambos,17.114158617008275,3.741576626142581,117,0,11
Uzbekistan,UZB,2008,-0.5433938880424154,0.5003195189659867,0.8935038665535969,0.18378140569636728,-0.32906498119158506,-0.11534392522008799,0.5537962693629753,0.1704184006727666,-0.5866753058539755,-1.232987325051966,-1.268571375299001,-1.9570084829139611,-1.285094093117663,-1.5157572200643021,2.410086190072609,ambos,17.129506544584512,3.71423138893083,117,0,12
Uzbekistan,UZB,2009,-0.49504645841420303,0.6910713726591112,0.9229121578445338,-0.1380763452029098,-0.33510791297748516,-0.1126915392573267,0.6282838040913513,0.278134558151961,-1.212208893524284,-1.232987325051966,-1.5430217493697154,-1.9570084829139611,-1.285094093117663,-1.5157572200643021,2.410086190072609,ambos,17.145545895756676,3.713389244468901,117,0,13
Uzbekistan,UZB,2010,-0.4470949243532142,-0.006802784616189984,0.9569030793360734,-0.7020004044749425,-0.06891931199543964,-0.11002946386470194,0.6832337063475215,-0.4850908788777621,-1.212208893524284,-1.232987325051966,-0.7196706271575724,-1.9570084829139611,-1.4231629318762347,-1.5157572200643021,2.410086190072609,ambos,17.16138925597404,3.749828914793956,117,0,14
Uzbekistan,UZB,2011,-0.396428072060838,-0.2256120736121997,0.9496566746269347,-0.6908030701638804,-0.1839479018463152,-0.10741803125574782,0.6870443497882479,-0.60652377088214,-1.212208893524284,-1.232987325051966,-0.7196706271575724,-1.9570084829139611,-1.561231770634807,-1.5157572200643021,2.410086190072609,ambos,17.176691072293167,3.7342448162920583,117,0,15
Uzbekistan,UZB,2012,-0.3463780102434356,-0.21222955995966966,1.0315351662243744,-0.8481731370478234,-0.4606606684120745,-0.10480053082033364,0.6834745733931153,-0.552149416841802,-1.212208893524284,-1.232987325051966,-0.7196706271575724,-1.9570084829139611,-1.561231770634807,-1.5192459146439965,2.410086190072609,ambos,17.19179702320951,3.69572979775509,117,0,16
Uzbekistan,UZB,2013,-0.29231326811403985,-0.10721619420318906,1.0320882798973847,-0.9022693429163041,-0.4881783579872677,-0.10204308852688518,0.6865371445201299,-0.4796526858239607,-1.212208893524284,-1.232987325051966,-0.7196706271575724,-1.9570084829139611,-1.561231770634807,-1.5192459146439965,2.410086190072609,ambos,17.20746757868497,3.6918173147634894,117,0,17
Uzbekistan,UZB,2014,-0.24046888147072001,-0.055904640709094365,1.0204863379545477,-1.0772478379764785,-0.47851265113170466,-0.09906627968923097,0.6915037405626635,-0.4147026500841369,-1.212208893524284,-1.232987325051966,-0.7196706271575724,-1.9570084829139611,-1.4231629318762347,-1.3919145801824007,2.410086190072609,ambos,17.22411361645009,3.693193336021989,117,0,18
Uzbekistan,UZB,2015,-0.18305413688760003,-0.06738507252073767,1.0386027179036383,-1.2400203604484918,-0.44217658896092793,-0.09592585432747215,0.694402434756206,-0.37709253375074425,-1.212208893524284,-1.232987325051966,-0.445220253086858,-1.9570084829139611,-1.4231629318762347,-1.4791277584505866,2.410086190072609,ambos,17.24137931621896,3.6983493078150262,117,0,19
Uzbekistan,UZB,2016,-0.13675045301155345,-0.11729483962966963,1.0592894361497884,-1.2854703249282495,-0.31575001714839396,-0.09273250701812161,0.7147980676648363,-0.3435614118833221,-1.212208893524284,-1.232987325051966,0.3781308691252851,-1.9570084829139611,-1.4231629318762347,-1.4791277584505866,2.410086190072609,ambos,17.258635530749462,3.7160844664773265,117,0,20
Uzbekistan,UZB,2017,-0.10584164901992502,0.038799668456297814,1.0977193139799235,-0.8969918732256381,-0.202112619311284,-0.08954281114416296,0.7144382103052286,-0.192632930548381,-1.212208893524284,-1.232987325051966,0.10368049505457075,-1.9570084829139611,-1.285094093117663,-1.043062913665703,2.410086190072609,ambos,17.275579779158274,3.731761499595258,117,0,21
St. Vincent and the Grenadines,VCT,2004,0.48118949503431646,-0.09262817618332268,1.115319722014163,-0.16115048806531496,1.9920927944420368,-0.27871546306877665,0.42064935533978237,-0.9073612576775532,1.7195849618797503,1.8410001598222696,1.7004828311462172,1.279634705328023,2.014611427547372,1.4314079224113756,0.12933429191213489,ambos,11.633690716065077,3.9943909508087647,118,0,0
St. Vincent and the Grenadines,VCT,2005,0.5319634910232177,-0.09262817618332268,0.9547047411399031,-0.16115048806531496,0.5505916982042035,-0.27871776013189087,0.4099296951726715,-0.9390253343037004,3.166526220167876,2.9937457081777104,1.9150529639212854,3.0963826402958396,2.373730133984482,2.759424228279277,0.12933429191213489,ambos,11.630272850189183,3.82982319633036,118,0,1
St. Vincent and the Grenadines,VCT,2006,0.6682911239040089,-0.09262817618332268,0.9547047411399031,-0.16115048806531496,2.6086263315063283,-0.2787203614812877,0.45603040039716625,-0.9294011977194858,3.166526220167876,2.9937457081777104,1.750382739478857,2.847271612393234,2.373730133984482,2.759424228279277,0.12933429191213489,ambos,11.62638806988103,4.057271330413117,118,0,2
St. Vincent and the Grenadines,VCT,2007,0.7427669050214176,-0.09262817618332268,1.4780118650876015,-0.16115048806531496,1.4079381455968079,-0.27872324325137643,0.4908751738574786,-0.7904933604317863,3.166526220167876,2.9937457081777104,1.750382739478857,2.847271612393234,2.373730133984482,2.759424228279277,0.12933429191213489,ambos,11.62206682422267,3.9309280303335004,118,0,3
St. Vincent and the Grenadines,VCT,2008,0.7603846776467098,-0.09262817618332268,1.6411932292325386,-0.16115048806531496,3.099829997879396,-0.2787262443494191,0.44337075610256155,-0.9468596291548373,3.166526220167876,2.9937457081777104,1.750382739478857,2.847271612393234,2.7189022308809108,2.759424228279277,0.12933429191213489,ambos,11.617546707432952,4.104684712017077,118,0,4
St. Vincent and the Grenadines,VCT,2009,0.7414864586971176,-0.09262817618332268,1.7196257314190073,-0.16115048806531496,2.0238185652704246,-0.27872934687622264,0.4142705132608697,-0.9337876411477649,3.166526220167876,2.9937457081777104,1.750382739478857,2.847271612393234,2.7189022308809108,2.4323754638711086,0.12933429191213489,ambos,11.61285224458704,3.9977250022662902,118,0,5
St. Vincent and the Grenadines,VCT,2010,0.659681031427848,-0.09262817618332268,1.7043457911179989,-0.16115048806531496,1.6751784056680776,-0.2787326224285595,0.37438703936259565,-0.9306934571029902,3.166526220167876,2.9937457081777104,2.024833113549571,2.847271612393234,2.7189022308809108,2.4323754638711086,0.12933429191213489,ambos,11.607871942279182,3.960461795644527,118,0,6
St. Vincent and the Grenadines,VCT,2011,0.6586620718620056,-0.09262817618332268,1.6194862949204933,-0.16115048806531496,1.4212393352372095,-0.278736261931156,0.3467361235781997,-0.9949372688526354,3.166526220167876,2.9937457081777104,2.024833113549571,2.847271612393234,2.7189022308809108,2.4323754638711086,0.12933429191213489,ambos,11.602309026104914,3.9324188071152317,118,0,7
St. Vincent and the Grenadines,VCT,2012,0.6928533746575969,-0.09262817618332268,1.530736391229996,-0.16115048806531496,2.530757014110545,-0.2787399193329456,0.32895777216845185,-1.0417061756638257,3.166526220167876,2.9937457081777104,2.024833113549571,2.847271612393234,2.7189022308809108,2.4323754638711086,0.12933429191213489,ambos,11.596687401575542,4.049544188118262,118,0,8
St. Vincent and the Grenadines,VCT,2013,0.7534872326517468,-0.09262817618332268,1.6345935244144436,-0.16115048806531496,2.8595396634583365,-0.2787435051379628,0.33411066273335865,-1.0307595411127624,3.166526220167876,2.9937457081777104,2.024833113549571,2.847271612393234,2.7189022308809108,2.4323754638711086,0.12933429191213489,ambos,11.591144973163663,4.08177146298903,118,0,9
St. Vincent and the Grenadines,VCT,2014,0.7887226934405692,-0.09262817618332268,1.7303553213348286,-0.16115048806531496,2.170533846823192,-0.27874708497658235,0.30186286500177245,-1.0804954883236777,2.1239704075263184,1.9873808612842838,1.8113717602857486,2.2660131451531416,0.9546895366437654,2.4323754638711086,0.12933429191213489,ambos,11.585580954209748,4.013000327683911,118,0,10
St. Vincent and the Grenadines,VCT,2015,0.8586697496621492,-0.09262817618332268,1.8262169925557812,-0.16115048806531496,2.10223393150108,-0.2787505156552594,0.31946040997580777,-1.0105155887534187,2.1239704075263184,1.9873808612842838,1.8113717602857486,1.9338651079496663,1.5683287586512662,2.4323754638711086,0.12933429191213489,ambos,11.580219561021574,4.00591827009303,118,0,11
St. Vincent and the Grenadines,VCT,2016,0.9614954202755581,-0.09262817618332268,1.8262169925557812,-0.16115048806531496,0.8618712120633101,-0.27875416112425355,0.31534473651604505,-1.05792529279292,2.1239704075263184,2.3899267034306138,1.8113717602857486,1.9338651079496663,1.5683287586512662,2.4323754638711086,0.12933429191213489,ambos,11.574490820628384,3.8677241058934353,118,0,12
St. Vincent and the Grenadines,VCT,2017,1.0115692699849057,-0.09262817618332268,1.8262169925557812,-0.16115048806531496,2.7751520355261916,-0.2787582540730752,0.3184645893174707,-1.033797680209756,2.1239704075263184,2.3899267034306138,1.5674156770581809,1.9338651079496663,1.5683287586512662,2.4323754638711086,0.12933429191213489,ambos,11.5680195272798,4.0735983451003825,118,0,13
St. Vincent and the Grenadines,VCT,2018,1.101999736801745,-0.09262817618332268,1.8262169925557812,-0.16115048806531496,0.13806964777978312,-0.2787626513081795,0.31889802539967876,-1.0432531698026883,2.1239704075263184,2.3899267034306138,1.5674156770581809,1.9338651079496663,1.5683287586512662,2.4323754638711086,0.12933429191213489,ambos,11.561020149254343,3.7772743480520456,118,0,14
St. Vincent and the Grenadines,VCT,2019,1.1357719976276797,-0.09262817618332268,2.3022802615792846,-0.16115048806531496,0.669384182075594,-0.27876717980403315,0.29805795736631674,-1.1154978613810882,2.1239704075263184,2.3899267034306138,1.8113717602857486,1.9338651079496663,1.5683287586512662,2.4323754638711086,0.12933429191213489,ambos,11.553760259408564,3.844457178571694,118,0,15
"Venezuela, RB",VEN,1996,-0.3050838651018778,-0.8933798660811823,-0.2709583314309507,-0.5071850406862917,-0.11206748394398992,-0.1441775026914052,0.6474038740292186,1.4833211774131603,-0.5866753058539755,-1.232987325051966,-0.1707698790161436,-0.24881985843749468,-0.45668106056623414,-0.5110634158024079,1.2697102409923713,ambos,16.93620510135744,3.744011617782449,119,0,0
"Venezuela, RB",VEN,1997,-0.3050838651018778,0.34263699900989447,-0.2709583314309507,-0.6445726875089927,0.6106994293848407,-0.1413758493910058,0.8518782996003345,1.6167464188191525,-0.5866753058539755,-1.232987325051966,-0.1707698790161436,-0.24881985843749468,-0.45668106056623414,-0.5110634158024079,0.9133427569047974,ambos,16.956713923898704,3.8372545989645164,119,0,1
"Venezuela, RB",VEN,1998,-0.3050838651018778,0.7173569237594475,-0.2709583314309507,-0.8667706991370144,0.30891427107365005,-0.1385737187787905,0.9362283504089369,1.1332427976648167,-0.5866753058539755,-1.232987325051966,-0.1707698790161436,-0.24881985843749468,-0.45668106056623414,-0.5110634158024079,0.4144282791821931,ambos,16.976813963303997,3.7993732453293596,119,0,2
"Venezuela, RB",VEN,1999,-0.3050838651018778,0.12795203287938028,-0.2709583314309507,-0.9112112824370864,-0.12989579001734614,-0.13579781645086078,0.6938688151420411,1.2475684121441335,-0.27390851201882116,-1.232987325051966,-0.1707698790161436,-0.0352965045776821,-0.3876466411869483,-0.18401465139423934,0.4144282791821931,ambos,16.996335295799806,3.7415980653842467,119,0,3
"Venezuela, RB",VEN,2000,-0.3050838651018778,-0.1977108967013612,-0.16073628080354144,-0.743029505025121,0.048921848735339876,-0.13305258737350253,0.7058383794052566,1.621034646633,0.038858281816333155,-1.232987325051966,-0.1707698790161436,0.1782268492821305,-0.3186122218076625,0.14303411301392915,0.4144282791821931,ambos,17.015273244983806,3.7655461383095066,119,0,4
"Venezuela, RB",VEN,2001,-0.3050838651018778,0.16963846130816684,-0.01240997733836648,-0.9091467866693232,-0.12623958336809638,-0.13034853240666636,0.6059640570968698,1.3286861184256153,-0.27390851201882116,-1.232987325051966,-0.1707698790161436,0.07146502288572677,-0.5257154799455199,-0.18401465139423934,0.05806079509462031,ambos,17.03358298019098,3.74209350872747,119,0,5
"Venezuela, RB",VEN,2002,-0.3050838651018778,-0.08751139194810358,0.1337120561696891,-0.7221487447380511,-0.5101930821965412,-0.12762935262166275,0.41413651959726966,1.6419593984054652,-0.5866753058539755,-1.232987325051966,-0.1707698790161436,-0.03529680351067694,-0.7328187380833772,-0.5110634158024079,-1.4861983026182013,ambos,17.051663156177,3.688676187624386,119,0,6
"Venezuela, RB",VEN,2003,-0.3050838651018778,-0.8694260795376413,0.17657109822341255,-0.6639869751788847,-0.32438846862815646,-0.12490251794841109,0.3016429304713067,1.82489810530219,-0.5866753058539755,-1.232987325051966,-0.7196706271575724,-0.4623435112303015,-0.8708875768419492,-0.5110634158024079,-2.151417606248339,ambos,17.069471788143495,3.7148826224306686,119,0,7
"Venezuela, RB",VEN,2004,-0.3050838651018778,-0.5220486954695863,0.27112557486938194,-0.5247667677558246,-0.4218467999823671,-0.12222876631548903,0.36512053377373915,2.0149504618706136,-0.5866753058539755,-1.232987325051966,-0.7196706271575724,-0.4623435112303015,-0.8708875768419492,-0.5110634158024079,-1.2961356444381609,ambos,17.086631106467642,3.70122248472583,119,0,8
"Venezuela, RB",VEN,2005,-0.3050838651018778,-0.2881039840665035,0.3551626255143242,-0.3864351052477377,-0.35893221793169994,-0.11957392219687568,0.3902600225594683,2.180168992547512,-0.5866753058539755,-1.232987325051966,-0.1707698790161436,-0.4623435112303015,-0.8708875768419492,-0.5110634158024079,-1.011041657168102,ambos,17.103382640980357,3.710062156418587,119,0,9
"Venezuela, RB",VEN,2006,-0.3050838651018778,-0.03790109210995118,0.4459709882010074,-0.42891620212182663,-0.6346524716246765,-0.11695537764186413,0.5972265584530986,2.083063872954282,-0.5866753058539755,-1.232987325051966,-0.445220253086858,-0.4623435112303015,-0.8708875768419492,-0.0017396477900943918,-1.2486199798931514,ambos,17.119634729931168,3.6707299528461483,119,0,10
"Venezuela, RB",VEN,2007,-0.3050838651018778,0.28774622637964087,0.5310374062919727,-0.5005976146582639,-0.32252083568374906,-0.11442158576616944,0.7247788273657266,1.8618044320618359,-1.212208893524284,-1.232987325051966,-0.445220253086858,-1.1029144696087223,-1.3541285124969495,-0.43780449257497805,-1.8663236189782797,ambos,17.135113283859756,3.715142583489148,119,0,11
"Venezuela, RB",VEN,2008,-0.3050838651018778,-0.06617921999679821,0.5915568181091306,-0.6276011532785332,-0.5381788712813581,-0.11200917428526687,0.6901923156375859,1.9730362246371433,-1.212208893524284,-1.232987325051966,-0.445220253086858,-1.1029144696087223,-1.4231629318762347,-0.45175874761573437,-1.9138392835232902,ambos,17.14963098160458,3.6846687940992853,119,0,12
"Venezuela, RB",VEN,2009,-0.3050838651018778,0.10682318571947882,0.6245092675913352,-1.014361212064328,-0.7138601743710542,-0.10971448579736683,0.6350502429083885,1.1531543100282668,-1.212208893524284,-1.232987325051966,-0.445220253086858,-1.1029144696087223,-1.4231629318762347,-0.45175874761573437,-2.3652380967008844,ambos,17.163247350984037,3.6591386973736744,119,0,13
"Venezuela, RB",VEN,2010,-0.3050838651018778,-0.48027691489479774,0.6220604159561429,-0.7930257504330728,-0.5830899153692048,-0.10747826204052105,0.5680843413661543,1.788665296079013,-1.212208893524284,-1.232987325051966,-0.445220253086858,-1.1029144696087223,-1.4231629318762347,-0.47966673441922364,-2.4365115935183987,ambos,17.1763407722122,3.678204053304596,119,0,14
"Venezuela, RB",VEN,2011,-0.3050838651018778,-0.5955146221206713,0.6565658832227613,-0.6912729131781623,-0.3298283546914761,-0.10525809982628145,0.5450786089734333,1.807365446426583,-1.212208893524284,-1.232987325051966,-0.445220253086858,-1.1029144696087223,-1.4231629318762347,-0.4971091607616521,-2.4365115935183987,ambos,17.189172734863057,3.714125044140218,119,0,15
"Venezuela, RB",VEN,2012,-0.3050838651018778,-0.5400398533016975,0.7340763414519671,-0.6619068157947369,-0.4193857571294936,-0.1030588021047959,0.47285304007007956,1.807365446426583,-1.212208893524284,-0.025349315557772752,-0.445220253086858,-1.1029144696087223,-1.4231629318762347,-0.48489951464975434,-2.4365115935183987,ambos,17.201723802737035,3.7015697405288868,119,0,16
"Venezuela, RB",VEN,2013,-0.3050838651018778,0.3476032503837861,1.0107482944534905,-0.31807561231035775,-0.5085850365235545,-0.10092061222854534,0.4815114704341154,1.807365446426583,-1.212208893524284,-0.025349315557772752,-0.9941210012282867,-1.1029144696087223,-1.561231770634807,-0.49885376969051065,-2.4365115935183987,ambos,17.213776948465313,3.688905962751655,119,0,17
"Venezuela, RB",VEN,2014,-0.3050838651018778,-0.6788369126143092,0.9867210759760707,-0.26785876679730336,-0.5610312349038418,-0.09888081421675196,0.4841480112395579,1.807365446426583,-1.212208893524284,-0.025349315557772752,-1.268571375299001,-1.1029144696087223,-1.6993006093933776,-0.49885376969051065,-2.4365115935183987,ambos,17.22514160937923,3.681384522826742,119,0,18
"Venezuela, RB",VEN,2015,-0.3050838651018778,-0.627986278807478,0.9151959024893015,-0.38174111042860304,-0.24123785205209264,-0.09697220535756816,0.4796302724686204,1.807365446426583,-1.212208893524284,-0.025349315557772752,-1.268571375299001,-1.1029144696087223,-1.8373694481519498,-0.5110634158024079,-2.4365115935183987,ambos,17.235659649439437,3.726391610861382,119,0,19
"Venezuela, RB",VEN,2016,-0.3050838651018778,-1.4279160744166828,0.7814942866625086,-0.933386006581339,-0.40761195757089,-0.09582816053154578,0.4561360214977095,1.807365446426583,-1.212208893524284,-0.025349315557772752,-1.268571375299001,-1.1029144696087223,-1.8373694481519498,-0.5668799126874097,-2.4365115935183987,ambos,17.241911673604527,3.703229369994469,119,0,20
"Venezuela, RB",VEN,2017,-0.3050838651018778,-1.7666236822519705,0.7387822971010721,-0.8963110178383639,-0.6986813330155441,-0.09702380873126837,0.31127710833345024,1.807365446426583,-1.212208893524284,-0.025349315557772752,-1.268571375299001,-1.1029144696087223,-1.8373694481519498,-0.7081649789117384,-2.4365115935183987,ambos,17.23537672174867,3.6613704005120042,119,0,21
Viet Nam,VNM,1996,-0.7720079608203442,0.4448154628988058,-0.24005123589168406,0.560360218784849,1.0460026658949761,0.15709177550782416,-0.9906591574732108,0.22603592489113755,-0.5866753058539755,-0.025349315557772752,0.10368049505457075,-0.03529680351067694,-0.042474544290519535,-1.1651609446187448,1.8398982155324912,ambos,18.108110829187464,3.889485613041816,120,0,0
Viet Nam,VNM,1997,-0.7367409699793701,0.4908455170108858,-0.24005123589168406,0.6079852700301522,0.7935178683393442,0.16347845819372986,-0.7374956902238288,0.4222352203110956,-0.5866753058539755,-0.025349315557772752,0.10368049505457075,0.07146502288572677,0.16462871384733763,-1.1651609446187448,1.5072885637174218,ambos,18.12263704140881,3.85952372080729,120,0,1
Viet Nam,VNM,1998,-0.7124624451561379,0.5298787122013389,-0.24005123589168406,0.6851962698318425,0.42101860592927215,0.16987903661987694,-0.8790571370755428,0.45704819249615225,-0.5866753058539755,-0.025349315557772752,0.10368049505457075,0.1782268492821305,0.3717319719851945,-1.1651609446187448,1.2697102409923724,ambos,18.136986190767956,3.8136131144880885,120,0,2
Viet Nam,VNM,1999,-0.6921483494862299,0.3702613548655892,-0.24005123589168406,0.8533538392445735,0.20780375760760542,0.1757725965359454,-0.8258216288164983,0.6246562534777961,-0.5866753058539755,-0.025349315557772752,0.10368049505457075,0.1782268492821305,0.3717319719851945,-1.1651609446187448,1.2697102409923724,ambos,18.15001903974425,3.7863535793287166,120,0,3
Viet Nam,VNM,2000,-0.6577924171555702,0.6056649762996711,-0.24005123589168406,1.1041501888693313,0.07504402213122774,0.18094283215974918,-0.7675181120942592,0.811718179155855,-0.5866753058539755,-0.025349315557772752,0.10368049505457075,0.1782268492821305,0.3717319719851945,-1.1651609446187448,1.2697102409923724,ambos,18.161314138013708,3.7689970200704224,120,0,4
Viet Nam,VNM,2001,-0.6247984891687807,0.7878420952101336,-0.24005123589168406,1.1198100835866844,0.04239584610847358,0.18580753452377563,-0.5744742363853479,0.9287265500337866,-0.5866753058539755,-0.025349315557772752,0.24090568208992794,0.1782268492821305,0.30269755260590897,-1.1651609446187448,0.6044909373622335,ambos,18.171826512617958,3.764682155346965,120,0,5
Viet Nam,VNM,2002,-0.5890718365846881,1.0286238914437573,-0.24005123589168406,1.2575912093068697,0.045081978178254045,0.19059773447973244,-0.47099845636982995,0.9586140724948311,-0.5866753058539755,-0.025349315557772752,0.3781308691252851,0.1782268492821305,0.23366313322662344,-1.1651609446187448,0.4144282791821931,ambos,18.18207101807504,3.7650378650216867,120,0,6
Viet Nam,VNM,2003,-0.5471783135168716,1.2970071735725175,-0.24005123589168406,1.4793661448392634,-0.012077640643756014,0.1953204544777115,-0.2447280449372983,1.0408777039760537,-0.5866753058539755,-0.025349315557772752,0.3781308691252851,0.1782268492821305,0.23366313322662344,-1.1651609446187448,0.4144282791821931,ambos,18.19206949699657,3.757441095094795,120,0,7
Viet Nam,VNM,2004,-0.49780091364421986,1.2848861412742578,-0.24005123589168406,1.7318729587911983,-0.03341244667881337,0.1999455701757297,-0.12338533089130754,1.1026795784108763,-0.5866753058539755,-0.025349315557772752,0.3781308691252851,0.1782268492821305,0.23366313322662344,-1.1651609446187448,0.4144282791821931,ambos,18.201765391194925,3.7545907476055023,120,0,8
Viet Nam,VNM,2005,-0.4447726953708408,1.0449945865808108,-0.24005123589168406,1.6649822568522508,-0.06030201645964715,0.20441644256042868,0.0639933184085775,0.9288702947162784,-0.5866753058539755,-0.025349315557772752,0.3781308691252851,0.1782268492821305,0.23366313322662344,-1.1651609446187448,0.4144282791821931,ambos,18.211049414991678,3.7509866674877133,120,0,9
Viet Nam,VNM,2006,-0.3967275027699594,1.0559425433438103,-0.24005123589168406,1.8858181989108536,-0.020828339297189406,0.21085767005410028,0.2447645540838924,0.9668169565428982,-0.5866753058539755,-0.025349315557772752,0.3781308691252851,0.1782268492821305,0.23366313322662344,-0.9035219330922101,0.9608584214498074,ambos,18.22427524846784,3.7562729772219337,120,0,10
Viet Nam,VNM,2007,-0.34891860164396576,1.5093397911482767,-0.24005123589168406,2.359290073876141,0.860816571856029,0.21960129462149927,0.3550105821558589,0.9607010175139712,-0.27390851201882116,-0.025349315557772752,0.3781308691252851,0.1782268492821305,0.23366313322662344,-0.9035219330922101,1.245952408719868,ambos,18.241953232831822,3.8675980896013114,120,0,11
Viet Nam,VNM,2008,-0.31300704827796855,1.109389996906246,-0.24005123589168406,2.3509229850221365,1.0372466852996463,0.2288039439958847,0.4479518663702521,0.840741003603983,0.038858281816333155,-0.025349315557772752,0.3781308691252851,0.1782268492821305,0.23366313322662344,-0.9418954803567607,1.5548042282624317,ambos,18.26022778474988,3.888461444875121,120,0,12
Viet Nam,VNM,2009,-0.27491457414822223,1.357949616573368,-0.24005123589168406,1.780982574308779,0.6008229453548333,0.23646617091310268,0.5519276677399719,0.8667160683152577,0.038858281816333155,-0.025349315557772752,0.3781308691252851,-0.03529680351067694,0.09559429446805148,-0.9418954803567607,1.5548042282624317,ambos,18.275192656958534,3.8360373079457597,120,0,13
Viet Nam,VNM,2010,-0.22112086519609628,1.5157335317999139,-0.24005123589168406,1.178566253638611,0.2974037634096125,0.24240353612107854,0.529081884690162,0.5015217306171992,0.038858281816333155,-0.025349315557772752,0.3781308691252851,-0.03529680351067694,0.09559429446805148,-0.8703811660581899,1.127163247357342,ambos,18.286636682792928,3.797899597027632,120,0,14
Viet Nam,VNM,2011,-0.16471633335909286,0.9596927761626911,-0.24005123589168406,1.5064700882032456,0.09970666789691564,0.24844846354677522,0.47473836111740425,0.6318221757090615,0.038858281816333155,-0.025349315557772752,0.3781308691252851,-0.03529680351067694,0.09559429446805148,-0.8668924714784952,0.984616253722313,ambos,18.298155023273896,3.772244197323067,120,0,15
Viet Nam,VNM,2012,-0.11586998092542239,0.7275176565919501,-0.24005123589168406,1.4472863674551089,0.09506084808999701,0.2546657005380242,0.46317110230140013,0.7388900398811675,0.038858281816333155,-0.025349315557772752,0.3781308691252851,-0.03529680351067694,0.09559429446805148,-0.8791021175903929,0.984616253722313,ambos,18.309864897220354,3.771633316612892,120,0,16
Viet Nam,VNM,2013,-0.06447404659005651,0.6851268877296144,-0.24005123589168406,1.6688041717505662,0.07515269735433844,0.2610064777600324,0.4622626550468448,0.7150405688240153,0.038858281816333155,-0.025349315557772752,0.6525812431959995,-0.03529680351067694,-0.042474544290519535,-0.8093318889426575,0.984616253722313,ambos,18.32166787263861,3.7690113518152013,120,0,17
Viet Nam,VNM,2014,-0.000636458853447105,0.6974726014158211,-0.24005123589168406,1.8014481727526344,0.03601391759265593,0.267608141687835,0.4977215047494395,0.6919021938978895,0.038858281816333155,-0.025349315557772752,0.3781308691252851,-0.03529680351067694,0.23366313322662344,-0.7884007680205353,0.984616253722313,ambos,18.333810218860823,3.7638365239327967,120,0,18
Viet Nam,VNM,2015,0.07341926341132458,0.9121255894929022,0.9377832256135558,2.0776452970819683,0.20942126651534768,0.2744317675428424,0.6727484282455003,0.6055650033516738,0.038858281816333155,-0.025349315557772752,0.3781308691252851,0.39175050207493695,0.3717319719851945,-0.33140480231352826,0.984616253722313,ambos,18.346207759035742,3.7865632004023113,120,0,19
Viet Nam,VNM,2016,0.14732917145602864,0.8778607662717244,0.9632233698541881,2.092039138781738,0.20399449674603606,0.2814534002382925,0.9450259610994834,0.5929060158060752,0.038858281816333155,-0.025349315557772752,0.10368049505457075,0.39175050207493695,0.3717319719851945,-0.35756870346618175,0.984616253722313,ambos,18.35880659555264,3.7858597444907307,120,0,20
Viet Nam,VNM,2017,0.22903006675658444,0.956707813647978,0.9962823344428998,2.5445518631127655,0.2233456147032387,0.2884750150345496,1.0818872771886816,0.6995816562170191,0.038858281816333155,-0.025349315557772752,0.6525812431959995,0.39175050207493695,0.3717319719851945,-0.40989650577148873,0.7945535955422727,ambos,18.37124864278546,3.788365911382964,120,0,21
Vanuatu,VUT,1996,-0.824985543712794,-0.48614853244616846,-1.1905452291732521,0.5672198493849917,1.537715631631106,-0.2783689585559991,-1.150861854607406,-1.4299764847057417,1.06245892547087,1.1578919908686187,1.2125711038116804,0.8367708550120526,1.4009722055398712,0.902844268047447,0.12933429191213489,ambos,12.048904083139497,3.94537921451777,121,0,0
Vanuatu,VUT,1997,-0.812092293910735,-0.6955346088266213,-1.1905452291732521,0.661820975539707,1.285835673743872,-0.2783467933885466,-1.1244637249497538,-1.5493613299918951,1.06245892547087,1.1578919908686187,1.2125711038116804,0.8367708550120526,1.4009722055398712,0.902844268047447,0.12933429191213489,ambos,12.070407549607491,3.917138122986253,121,0,1
Vanuatu,VUT,1998,-0.8166213966719772,-0.7129988588773827,-1.1905452291732521,0.6195068976445203,0.7062261204351912,-0.27832479528022974,-1.134186233622038,-1.5772824557630707,1.06245892547087,1.1578919908686187,1.2125711038116804,0.8367708550120526,1.4009722055398712,0.902844268047447,0.12933429191213489,ambos,12.091301320118161,3.8489525507668225,121,0,2
Vanuatu,VUT,1999,-0.8250617273180365,-0.49592107624999276,-1.1905452291732521,0.517539724806151,0.22153268466084483,-0.2783025107848233,-1.1538312824456425,-1.564870345242711,1.06245892547087,1.1578919908686187,1.2125711038116804,0.8367708550120526,1.4009722055398712,0.902844268047447,0.12933429191213489,ambos,12.112031160592064,3.7881313849456797,121,0,3
Vanuatu,VUT,2000,-0.8081090663242373,-0.4200155208459094,-1.0503594399188794,0.3990671928890395,0.6494432448673754,-0.2782772550233627,-1.1154602230673052,-1.3222196343958057,1.06245892547087,1.1578919908686187,1.2125711038116804,0.8367708550120526,1.4009722055398712,0.902844268047447,0.12933429191213489,ambos,12.135016933564337,3.8420155738698853,121,0,4
Vanuatu,VUT,2001,-0.8370411857251606,-0.5193922641588807,-1.0324366931945284,0.4169796802614229,0.5678539406220023,-0.2782489146342916,-1.18045700805224,-1.504218163002478,1.06245892547087,1.1578919908686187,1.2125711038116804,0.8367708550120526,1.4009722055398712,0.902844268047447,0.12933429191213489,ambos,12.160196232262647,3.8319630674912175,121,0,5
Vanuatu,VUT,2002,-0.8724603926469032,-0.4421148369641407,-0.9138177521303127,0.5311231328354902,0.29014802023655595,-0.27822008500060913,-1.2678372464734051,-1.5122582554607507,1.06245892547087,1.1578919908686187,1.2125711038116804,0.8367708550120526,1.4009722055398712,0.902844268047447,0.12933429191213489,ambos,12.18517581981719,3.796969553552686,121,0,6
Vanuatu,VUT,2003,-0.8648494921063372,-0.7771062645057625,-0.8972884174365585,0.5272946709257258,0.3485949289036087,-0.27819095108064407,-1.2465931021931862,-1.5759561160469986,1.06245892547087,1.1578919908686187,1.2125711038116804,0.8367708550120526,1.4009722055398712,0.902844268047447,0.12933429191213489,ambos,12.209800687737197,3.8044368322063544,121,0,7
Vanuatu,VUT,2004,-0.8583168010463158,-0.010271489751519097,-0.8212392416190029,0.7347391753090963,0.297605835691427,-0.2781613279160676,-1.2307541343590471,-1.6255236490632072,1.06245892547087,1.1578919908686187,1.2125711038116804,0.8367708550120526,1.4009722055398712,0.902844268047447,0.12933429191213489,ambos,12.23423241132403,3.7979254863409415,121,0,8
Vanuatu,VUT,2005,-0.8458324425095273,0.09301883475909037,-0.8212392416190029,0.7773976854860372,-0.06646781706846493,-0.27813120357408444,-1.19243539306578,-1.6046150696755186,2.5409926324975673,2.3899267034306138,2.299283487620286,1.1034956128069677,2.7189022308809108,0.7971316418302662,0.12933429191213489,ambos,12.258480069045312,3.750158414996913,121,0,9
Vanuatu,VUT,2006,-0.8187761598746386,0.5898693735364328,-0.8212392416190029,0.46839963546619273,1.076737840307336,-0.27810039906276357,-1.1097354464819618,-1.5839124246768763,2.5409926324975673,2.3899267034306138,2.299283487620286,1.1034956128069677,2.7189022308809108,0.7971316418302662,0.12933429191213489,ambos,12.282681772900064,3.893072359706999,121,0,10
Vanuatu,VUT,2007,-0.8168860136982922,1.118477632670183,-0.8212392416190029,0.48671422316061297,0.503777951382303,-0.2780684609358799,-1.0940741115690347,-1.596094311199042,2.5409926324975673,1.7861076986835172,2.299283487620286,0.8543851827703502,2.7189022308809108,1.1241804062384346,0.12933429191213489,ambos,12.30717058932295,3.823996892639541,121,0,11
Vanuatu,VUT,2008,-0.8022551973312616,2.1449202523150346,-0.8212392416190029,0.9401751196339558,0.46294052184610957,-0.2780349297808105,-1.0495746541828601,-1.4990614217711362,2.5409926324975673,1.7861076986835172,2.299283487620286,0.8543851827703502,2.7189022308809108,1.1241804062384346,0.12933429191213489,ambos,12.332251448996965,3.8188865134449843,121,0,12
Vanuatu,VUT,2009,-0.7999639516443606,2.093099957258168,-0.8212392416190029,1.0190589898513234,0.29543643864187025,-0.27800011585023576,-1.0437095074081721,-1.3245111968545222,2.5409926324975673,1.7861076986835172,2.299283487620286,0.8543851827703502,2.7189022308809108,1.1241804062384346,0.12933429191213489,ambos,12.35764285595108,3.7976475101692473,121,0,13
Vanuatu,VUT,2010,-0.8054697490550854,1.5404483580179884,-0.29949682757956536,0.8834593712818944,0.9928489872512299,-0.2779671992341294,-0.9989209365841424,-1.1841743217007084,2.5409926324975673,1.7861076986835172,2.299283487620286,0.8543851827703502,2.373730133984482,0.7971316418302662,0.12933429191213489,ambos,12.381071624235867,3.883252136755536,121,0,14
Vanuatu,VUT,2011,-0.8008259412083064,0.5165296009842659,-0.29949682757956536,0.6851241351027475,0.7350219250044214,-0.2779360188397535,-1.0079282293662266,-1.4249579041142497,2.5409926324975673,1.7861076986835172,2.299283487620286,0.8543851827703502,2.373730133984482,0.7971316418302662,0.12933429191213489,ambos,12.4027695468294,3.8524521350885155,121,0,15
Vanuatu,VUT,2012,-0.8068248601162186,0.0845775807051766,-0.29949682757956536,0.9017195597478027,0.7593923284541156,-0.2779037465945986,-1.0446649923961517,-1.602384433367707,2.5409926324975673,1.7861076986835172,2.299283487620286,0.8543851827703502,2.373730133984482,0.7971316418302662,0.12933429191213489,ambos,12.424742203444938,3.8554043572472887,121,0,16
Vanuatu,VUT,2013,-0.8155622394227015,0.48915582118078177,-0.29949682757956536,0.958655804297219,0.7166040133348112,-0.2778703407338809,-1.0842770149690477,-1.5741544971567183,2.5409926324975673,1.7861076986835172,2.299283487620286,0.8543851827703502,2.373730133984482,0.7971316418302662,0.12933429191213489,ambos,12.446989315099216,3.8502151989741664,121,0,17
Vanuatu,VUT,2014,-0.8140610175724711,0.10464930340324338,-0.29949682757956536,0.923448918129529,-0.35352397725037366,-0.27783598621592903,-1.079613112133238,-1.6336731388229702,2.9580148574688168,0.7797428517900907,1.5674156770581809,1.2695696314087057,2.7956072026662677,0.7971316418302662,0.12933429191213489,ambos,12.469363403746675,3.7108183944399817,121,0,18
Vanuatu,VUT,2015,-0.8057997196267722,1.236954248092925,-0.22677830000934884,1.0268908208825116,0.06095570533437475,-0.2778010171590141,-1.103235458728694,-1.3618685581725358,1.2899254571569505,0.37719652658855707,1.3234600329512118,1.2695696314087057,2.4887873155248394,0.7971316418302662,0.12933429191213489,ambos,12.491634972908976,3.7671373559827304,121,0,19
Vanuatu,VUT,2016,-0.7998100148108094,0.2232286693056624,-0.22677830000934884,0.9569463208746698,0.30753425370720483,-0.27776530230238683,-1.060194766778747,-1.3846354107514416,1.2899254571569505,0.37719652658855707,1.3234600329512118,0.9374221920712189,2.4887873155248394,0.7971316418302662,0.12933429191213489,ambos,12.513880822365545,3.799196681271348,121,0,20
Vanuatu,VUT,2017,-0.7896373577643858,0.5447419810291135,-0.22677830000934884,0.9329596288041666,0.10642559222652996,-0.2777269980291581,-0.9820452775990716,-1.410311751375577,1.2899254571569505,0.37719652658855707,1.5674156770581809,0.9374221920712189,2.7956072026662677,0.7971316418302662,0.12933429191213489,ambos,12.537202063251096,3.773127011789522,121,0,21
Samoa,WSM,1996,-0.6601374372386533,1.0811583540925878,0.462701588923144,0.4212758055230639,-0.5723169124948325,-0.27833817194387134,0.8818478541659329,-0.01112920831813702,1.2899254571569505,1.1822886939364206,2.299283487620286,1.3526066407095743,2.7189022308809108,1.7782779350547717,0.12933429191213489,ambos,12.078648281274507,3.6797585925471608,122,0,0
Samoa,WSM,1998,-0.6522255378301022,1.0811583540925878,0.5498937845996349,0.4212758055230639,-0.4587478005581316,-0.2783212631727918,0.8120133895703072,-0.3226202122494566,1.2899254571569505,1.1822886939364206,2.299283487620286,1.3526066407095743,2.7189022308809108,1.7782779350547717,0.12933429191213489,ambos,12.094615807223962,3.6960012023651814,122,0,1
Samoa,WSM,2000,-0.6145999172912232,1.0811583540925878,0.5014166751904109,0.4212758055230639,-0.7351092788036365,-0.2783046765871881,0.8182476110020979,0.058436139909586,1.2899254571569505,1.1822886939364206,2.024833113549571,1.3526066407095743,2.7189022308809108,1.7782779350547717,0.12933429191213489,ambos,12.110035201333199,3.656006110046691,122,0,2
Samoa,WSM,2002,-0.5332722392837833,1.0811583540925878,0.526703358259388,0.4212758055230639,-0.5542220606668402,-0.2782880542031982,0.7979822885556201,0.24964442921569371,1.2899254571569505,1.1822886939364206,1.750382739478857,1.3526066407095743,2.7189022308809108,1.7782779350547717,0.12933429191213489,ambos,12.125252969428159,3.6823642450227734,122,0,3
Samoa,WSM,2003,-0.4971520943505949,1.0811583540925878,0.6434475869688104,0.08276630277343276,-0.5105700704937184,-0.2782823324278047,0.6905118262237242,0.3329932195688378,1.2899254571569505,1.1822886939364206,2.024833113549571,1.3526066407095743,2.7189022308809108,1.7782779350547717,0.12933429191213489,ambos,12.130438124177513,3.6886223117788473,122,0,4
Samoa,WSM,2004,-0.47582182855432814,1.0811583540925878,0.6647748885803015,-0.026006481810694693,-0.5470719973848993,-0.27827744594808906,0.5058345620645752,0.44620580756876715,1.1635551617757947,1.206685397004222,1.6783050453183113,0.9374221920712189,2.1261826470467535,1.5899773850151704,0.12933429191213489,ambos,12.134845136241806,3.683391983152307,122,0,5
Samoa,WSM,2005,-0.4240957330133352,1.0811583540925878,0.6600683811394791,0.08138863114064243,-0.5154179421485386,-0.27827309644416637,0.4415331711347678,0.3795984278140814,1.2899254571569505,1.1822886939364206,2.024833113549571,1.3526066407095743,2.7189022308809108,1.7782779350547717,0.12933429191213489,ambos,12.138751590065427,3.687929237896189,122,0,6
Samoa,WSM,2006,-0.4087831969730069,1.0811583540925878,0.6515354740447056,0.26286508686134347,0.11393711080441467,-0.27826873500744825,0.2538984309057585,0.36006194226308297,1.2899254571569505,1.1822886939364206,2.024833113549571,1.1034956128069677,2.373730133984482,1.4512291706466032,0.12933429191213489,ambos,12.142653497660518,3.7741130451718545,122,0,7
Samoa,WSM,2007,-0.4094102159088729,1.0811583540925878,0.6134692948353407,0.2841678641598756,-0.4454224028544977,-0.2782625060882503,0.03003401277217511,0.35026473686642656,1.2899254571569505,1.1822886939364206,2.024833113549571,1.1034956128069677,2.373730133984482,1.4512291706466032,0.12933429191213489,ambos,12.148199858939703,3.6978898168914465,122,0,8
Samoa,WSM,2008,-0.38411200920116095,1.0811583540925878,0.6134692948353407,0.013432358252303654,0.5986987564937114,-0.27825442758576563,-0.1079048704426484,0.29921241549643307,1.2899254571569505,1.1822886939364206,2.024833113549571,1.1034956128069677,2.373730133984482,1.4512291706466032,0.12933429191213489,ambos,12.155347610705201,3.835775304846113,122,0,9
Samoa,WSM,2009,-0.3958494517025087,1.0811583540925878,0.6895784780019997,0.0742581979499023,-0.37859088427232906,-0.27824603883060056,-0.3328526916531991,-0.38119209417285765,1.2899254571569505,1.1822886939364206,2.024833113549571,1.1034956128069677,2.373730133984482,1.4512291706466032,0.12933429191213489,ambos,12.162716191980255,3.7073084439008115,122,0,10
Samoa,WSM,2010,-0.3476098976119361,-1.1358740900317899,0.7418007140485005,0.14954078806267032,-0.6448811696961142,-0.27823702957007485,-0.3699557651323068,-1.0248318721718255,1.2899254571569505,1.1822886939364206,2.024833113549571,1.1034956128069677,2.373730133984482,1.4512291706466032,0.12933429191213489,ambos,12.170569812487518,3.669240618495491,122,0,11
Samoa,WSM,2011,-0.3193305208555511,1.689683527426339,0.695794271267722,0.23763229360590682,-0.2963076601890856,-0.2782269463579632,-0.4676047750873166,-0.942146464029519,1.2899254571569505,1.1822886939364206,2.024833113549571,1.1034956128069677,2.373730133984482,1.1241804062384346,0.12933429191213489,ambos,12.17928709427085,3.718784155979281,122,0,12
Samoa,WSM,2012,-0.364827560711968,2.021971716386443,0.6820187066769268,0.2705602981260094,-0.18117888933355802,-0.27821629633807016,-0.5869433850111032,-0.8968939081612798,1.2899254571569505,1.1822886939364206,2.024833113549571,1.1034956128069677,2.373730133984482,1.1241804062384346,0.12933429191213489,ambos,12.18841262121998,3.73462282966029,122,0,13
Samoa,WSM,2013,-0.3722365461055697,-1.8843623176268067,0.6820187066769268,0.12942840364928626,-0.3510301898402521,-0.2782057358141426,-0.631695846074653,-0.9939663989156811,1.2899254571569505,1.1822886939364206,2.024833113549571,1.1034956128069677,2.373730133984482,1.1241804062384346,0.12933429191213489,ambos,12.197379973492513,3.711166909893593,122,0,14
Samoa,WSM,2014,-0.37438876199972704,1.6488348981643277,0.8653350228261653,0.20565878805511467,-0.15169135315167984,-0.27819518125661274,-0.6475204142794776,-0.9887133570370341,1.2899254571569505,2.3899267034306138,2.0553274043927177,0.9374221920712189,2.7956072026662677,1.1241804062384346,0.12933429191213489,ambos,12.20626262748246,3.7386394995853385,122,0,15
Samoa,WSM,2015,-0.3468563816584459,1.47825617696381,0.869269433965928,0.0351686588264616,-0.08311447555397915,-0.2781847698926277,-0.6167529805824842,-1.0479634868084535,1.2899254571569505,2.3899267034306138,2.0553274043927177,1.2695696314087057,2.7956072026662677,1.1241804062384346,0.12933429191213489,ambos,12.214948141529517,3.747918835736721,122,0,16
Samoa,WSM,2016,-0.27894967177615776,1.449593394809976,0.8617845036685982,0.05195090133477608,-0.6012727534959005,-0.2781745255877782,-0.515766200814383,-1.0557100127816488,1.2899254571569505,2.3899267034306138,2.0553274043927177,1.2695696314087057,2.7956072026662677,1.1241804062384346,0.12933429191213489,ambos,12.223421283864786,3.675574784385967,122,0,17
Samoa,WSM,2017,-0.274216455328233,1.0320641660903405,0.8617845036685982,0.01705517349280029,-0.47130488962124917,-0.27816309396978656,-0.5044015462829882,-1.1580850148792037,2.1239704075263184,2.3899267034306138,2.0553274043927177,1.2695696314087057,2.7956072026662677,1.1241804062384346,0.12933429191213489,ambos,12.232792470229555,3.694218210314508,122,0,18
Samoa,WSM,2018,-0.2912280896767999,1.1680110533961021,0.8617845036685982,0.16015325598868924,-0.32062729900295106,-0.27815016478597243,-0.5585978795456265,-1.2806063011518514,2.1239704075263184,2.3899267034306138,2.0553274043927177,1.2695696314087057,2.7956072026662677,1.1241804062384346,0.12933429191213489,ambos,12.243286538674218,3.7154060811870853,122,0,19
"Yemen, Rep.",YEM,1996,-0.3050838651018778,-0.0005486522018569291,-0.9924011693510968,0.36370786163300123,-0.8154141060693733,-0.17609138213486655,-1.2039596111601376,1.3940226521138184,-0.5866753058539755,-1.232987325051966,-1.8174721234404299,-0.4623435112303015,-1.4231629318762347,-0.5110634158024079,1.2697102409923713,ambos,16.666978503599875,3.6440779844552655,123,0,0
"Yemen, Rep.",YEM,1997,-0.3050838651018778,0.19259569087322495,-0.9924011693510968,0.19534800015369969,-1.0079199377651438,-0.17274567092747206,-1.224866900232193,1.5125546240354724,-0.8994420996891298,-1.232987325051966,-1.6802469364050725,-0.5691053376267052,-1.4921973512555209,-0.8381121802105763,0.9133427569047974,ambos,16.698854176244552,3.614890972268673,123,0,1
"Yemen, Rep.",YEM,1998,-0.3050838651018778,0.12155561642314634,-0.9924011693510968,-0.02215203455337968,-1.2607516890505568,-0.16933243203091822,-1.2433187849676877,0.6407399903452297,-1.212208893524284,-1.232987325051966,-1.5430217493697154,-0.6758671640231085,-1.561231770634807,-1.1651609446187448,-0.15575969535792394,ambos,16.730358861749647,3.575215920672041,123,0,2
"Yemen, Rep.",YEM,1999,-0.3050838651018778,-0.47733965565075526,-0.9924011693510968,-0.04127691595975805,-1.3580738940296981,-0.16585159384843268,-1.1586225459000927,1.3447456774955795,-1.212208893524284,-1.232987325051966,-1.5430217493697154,-0.6758671640231085,-1.561231770634807,-1.1651609446187448,-0.7259476698980427,ambos,16.761496813165742,3.5595142176303183,123,0,3
"Yemen, Rep.",YEM,2000,-0.3050838651018778,-0.4505229141313923,-0.9924011693510968,0.058548608782946855,-0.6419663571780748,-0.16230325184237862,-1.03505660426198,1.8200352160754425,-1.212208893524284,-1.232987325051966,-1.5430217493697154,-0.6758671640231085,-1.561231770634807,-1.1651609446187448,-0.7259476698980427,ambos,16.79227110093179,3.669665251461126,123,0,4
"Yemen, Rep.",YEM,2001,-0.3050838651018778,-0.37387364714824756,-0.8532077085238143,-0.07358024062667409,-0.3780280573727592,-0.15871144462908604,-0.9282336564361185,1.495840533240832,-1.212208893524284,-1.232987325051966,-1.5430217493697154,-0.6758671640231085,-1.561231770634807,-1.1651609446187448,-1.1060729862581222,ambos,16.82248678073183,3.7073873881227257,123,0,5
"Yemen, Rep.",YEM,2002,-0.3050838651018778,-0.5042837409648799,-0.8532077085238143,0.03796155874135428,-0.46650514240533375,-0.15507827238054503,-0.8028497072992374,1.5163592684083995,-1.212208893524284,-1.232987325051966,-1.5430217493697154,-0.6758671640231085,-1.561231770634807,-1.1651609446187448,-1.2961356444381615,ambos,16.85214899849592,3.6949001060067412,123,0,6
"Yemen, Rep.",YEM,2003,-0.3050838651018778,-0.23260163313906532,-0.820425210890114,0.02785263944326365,-0.7859175308392794,-0.15137139125482835,-0.6745542783841321,1.579980404243155,-1.212208893524284,-1.232987325051966,-1.268571375299001,-0.6758671640231085,-1.561231770634807,-1.1651609446187448,-1.2961356444381615,ambos,16.881532595010448,3.64847582572199,123,0,7
"Yemen, Rep.",YEM,2004,-0.3050838651018778,-0.28674495142720297,-0.7931810467089604,-0.04584703057908835,-0.47237609150909554,-0.14756012800136453,-0.5430574965894199,1.7378805159384996,-1.212208893524284,-1.232987325051966,-1.268571375299001,-0.6758671640231085,-1.561231770634807,-1.1651609446187448,-1.2961356444381615,ambos,16.910869500048282,3.694065962155118,123,0,8
"Yemen, Rep.",YEM,2005,-0.3050838651018778,-0.4987396024374786,-0.8314218679964064,0.09733036464588729,-0.9694173994118813,-0.1434139708450457,-0.4769135992140679,2.049242568980402,-1.212208893524284,-1.232987325051966,-1.268571375299001,-0.6758671640231085,-1.561231770634807,-1.1651609446187448,-1.2961356444381615,ambos,16.941836174799654,3.6207971330824633,123,0,9
"Yemen, Rep.",YEM,2006,-0.3050838651018778,-0.7586757202425269,-0.8314218679964064,0.25144279805141495,0.37536532662088806,-0.13892128531035852,-0.44004694151435725,2.085669680011414,0.038858281816333155,-0.025349315557772752,-1.268571375299001,0.1782268492821305,-0.3186122218076625,-0.4273389321139166,-1.2961356444381615,ambos,16.974342662260238,3.8078385342127157,123,0,10
"Yemen, Rep.",YEM,2007,-0.3050838651018778,-0.6604930990080135,-0.8314218679964064,0.16563008407285482,0.08780382625478367,-0.1342973330598917,-0.4028144625496125,2.1145172221142894,0.038858281816333155,-0.025349315557772752,-1.268571375299001,0.1782268492821305,-0.18054338304909118,-0.4273389321139166,-1.2961356444381615,ambos,17.006730787942306,3.7706783405366298,123,0,11
"Yemen, Rep.",YEM,2008,-0.3050838651018778,-0.8759166915611963,-0.9237370359113031,0.22727934324867619,0.3572839276226662,-0.1295608545488183,-0.34632422522283607,2.1369285487207215,0.038858281816333155,-0.025349315557772752,-1.8174721234404299,0.1782268492821305,-0.3186122218076625,-0.8686365571293311,-1.2961356444381615,ambos,17.038854067848504,3.805542208138211,123,0,12
"Yemen, Rep.",YEM,2009,-0.3050838651018778,-1.1025708568870687,-0.9237370359113031,-0.15556446341493124,-0.5635769929427795,-0.1246935687345881,-0.29752312162835604,2.1548429980258708,-0.5866753058539755,-1.232987325051966,-1.8174721234404299,0.1782268492821305,-0.594749899324806,-0.8686365571293311,-1.2961356444381615,ambos,17.07082341745292,3.681017985696494,123,0,13
"Yemen, Rep.",YEM,2010,-0.3050838651018778,-1.3307572549376636,-0.8843806297222201,-0.26268000773779754,-0.5467379975585374,-0.11976136851339081,-0.23869039810672396,2.1694900345671013,-0.5866753058539755,-1.232987325051966,-1.8174721234404299,0.39175050207493695,-0.45668106056623414,-0.9227089683634969,-1.2961356444381615,ambos,17.102209055236806,3.6834399659154897,123,0,14
"Yemen, Rep.",YEM,2011,-0.3050838651018778,-2.0770124725647983,-0.8264018049130231,-0.301221472425941,-0.9304031862845007,-0.11481814835564315,-0.40003258549437276,2.1816888648109933,-0.5866753058539755,-1.232987325051966,-1.8174721234404299,0.1782268492821305,-1.1470252543590918,-0.9349186144753947,-1.2961356444381615,ambos,17.13270650095145,3.6267464125772317,123,0,15
"Yemen, Rep.",YEM,2012,-0.3050838651018778,-1.6889244787214692,-0.8153643152197508,-0.35056361099687383,-0.6605726631910699,-0.10974223551306571,-0.4104717367581817,1.0641721583537438,-1.212208893524284,-1.232987325051966,-1.5430217493697154,-0.03529680351067694,-1.285094093117663,-0.8389844846750063,-1.4861983026182013,ambos,17.16308379055554,3.6669515618465507,123,0,16
"Yemen, Rep.",YEM,2013,-0.3050838651018778,-1.7614256089768527,-0.7526694645626294,-0.607755679956756,-0.711363133233253,-0.1044959521841882,-0.3884882028029479,1.0010903484334792,-1.212208893524284,-1.232987325051966,-1.8174721234404299,-0.03529680351067694,-1.1470252543590918,-0.8965450672108435,-1.5812296317082215,ambos,17.19354005820914,3.6595061728817955,123,0,17
South Africa,ZAF,1996,0.2787813006542571,-0.8287921601718383,0.695550519743251,-0.9074616615046442,-0.5660247675818264,-0.010166810777903339,0.8972867445352547,0.239429414540433,1.2899254571569505,1.1822886939364206,0.10368049505457075,0.39175050207493695,0.7859384882609096,0.7971316418302662,3.265368151882787,ambos,17.624903073376665,3.6806654294355536,124,0,0
South Africa,ZAF,1997,0.3006360918961011,-0.7869772331429665,0.695550519743251,-0.9044949298883734,-0.25895905223120363,-0.006922164381135241,0.897955753519777,0.1859420377923848,1.6026922509921049,1.1822886939364206,0.10368049505457075,0.39175050207493695,0.9930417463987669,0.7971316418302662,2.8852428355227073,ambos,17.636882968839796,3.7239498778741353,124,0,1
South Africa,ZAF,1998,0.289204047385843,-0.7429039126753075,0.695550519743251,-0.8540894072668164,-0.5905899160699383,-0.0035986302739885834,0.9084159873315666,0.12953422823418279,1.915459044827259,1.1822886939364206,0.10368049505457075,0.39175050207493695,1.200145004536624,0.7971316418302662,1.1984367441748567,ambos,17.649007127264625,3.6771203781373423,124,0,2
South Africa,ZAF,1999,0.3097980293760177,-0.9455248007349127,0.5634468927257225,-0.9057457140224965,-0.4799276969438391,-0.0005769183272503476,0.909468023624552,0.053341233318721946,1.6026922509921049,1.1822886939364206,0.3781308691252851,0.605274154867744,1.1311105851573378,0.7971316418302662,0.27188128554716456,ambos,17.659904104892576,3.6929920067251722,124,0,3
South Africa,ZAF,2000,0.36236360944981333,-1.0005465262813458,0.39045163701753205,-0.7905895314340912,-0.5418265469301442,0.001984957382414382,0.9109469506392865,0.10053733775262645,1.2899254571569505,1.1822886939364206,0.6525812431959995,0.8187978076605511,1.0620761657780524,0.7971316418302662,0.12933429191213489,ambos,17.669050696380875,3.684145284308788,124,0,4
South Africa,ZAF,2001,0.39276362072860327,-1.0034232912491452,0.3770690325316594,-0.7048500136488213,0.28578653416965544,0.004413764524194299,1.0195217259456837,0.12579023134726916,1.2899254571569505,1.1822886939364206,0.6525812431959995,0.9255596340569545,0.8549729076401952,0.7971316418302662,0.10557645963962983,ambos,17.677645617881485,3.7964100803469796,124,0,5
South Africa,ZAF,2002,0.4390462287787568,-1.0441270087761134,0.3949950900063027,-0.5800414339719212,-0.4529519980454255,0.0071142456188086805,1.0898853942799855,0.12364045511906498,1.2899254571569505,1.1822886939364206,0.6525812431959995,1.032321460453358,0.647869649502338,0.7971316418302662,-0.2745488567204497,ambos,17.687115987084095,3.696823082371674,124,0,6
South Africa,ZAF,2003,0.4727133940082533,-0.9678574923763865,0.4344393690261437,-0.8050292733901468,-0.5839838901370531,0.009983683163468444,1.0119472162731666,-0.011304389622471756,1.2899254571569505,1.1822886939364206,0.6525812431959995,1.032321460453358,0.647869649502338,0.7971316418302662,-0.5358850117180035,ambos,17.69708155175811,3.678074944512455,124,0,7
South Africa,ZAF,2004,0.5351188097971515,-0.9060394177952047,0.5342789067270617,-0.8073625875807803,-0.6055569630943944,0.012913619980797892,1.1503724799898176,-0.060598484874440015,1.2899254571569505,1.1822886939364206,0.6525812431959995,1.032321460453358,0.647869649502338,0.7971316418302662,-0.15575969535792394,ambos,17.707155779525408,3.6749542728727786,124,0,8
South Africa,ZAF,2005,0.612788481257212,-0.8199048781368882,0.6110758982675977,-0.7555099128679053,-0.2584750327486396,0.015888537470381457,1.119497493582775,-0.08473870574899343,1.2899254571569505,1.1822886939364206,0.6525812431959995,1.032321460453358,0.647869649502338,0.7971316418302662,-0.060728366267904905,ambos,17.71728187393531,3.724016648232398,124,0,9
South Africa,ZAF,2006,0.6997597800126042,-0.6397496145993447,0.7326896888698933,-0.5712461079115656,-0.6176431677889703,0.018920923302603528,1.1229321518546433,-0.1814444875879474,1.2899254571569505,1.1822886939364206,0.9270316172667138,1.032321460453358,0.647869649502338,1.3047113241917436,0.12933429191213544,ambos,17.72749912279935,3.673201666660691,124,0,10
South Africa,ZAF,2007,0.7851401330827736,-0.4391417675744226,0.7960922124026627,-0.4736848950505772,-0.30751345144056874,0.022084945767262606,1.1071793211294267,-0.14501124254166461,1.2899254571569505,1.1822886939364206,0.9270316172667138,1.032321460453358,0.647869649502338,1.3047113241917436,0.12933429191213544,ambos,17.73804977370956,3.7172290536303656,124,0,11
South Africa,ZAF,2008,0.8271494712915873,-0.12501535041776246,0.742236513242643,-0.21650370645373104,-0.10641425121836601,0.02558134431494761,1.0964251675978751,-0.007231230727572995,1.2899254571569505,1.1822886939364206,0.9270316172667138,1.032321460453358,0.647869649502338,1.3047113241917436,0.12933429191213544,ambos,17.749580728651093,3.7447757237471766,124,0,12
South Africa,ZAF,2009,0.7693864601142668,-0.3822996160673277,0.8114218139581129,-0.692743053449431,-0.2489641481490301,0.02924421729123513,1.0181587116450237,-0.10749401999809632,1.2899254571569505,1.1822886939364206,0.9270316172667138,1.032321460453358,0.647869649502338,1.3047113241917436,0.12933429191213544,ambos,17.761519773484476,3.7253277685259203,124,0,13
South Africa,ZAF,2010,0.8073432695331237,-0.6159956252213133,0.834264180029041,-0.668954265660797,-0.49869944002766864,0.03291674389899993,0.9452976064563268,-0.14427130245067732,1.2899254571569505,1.1822886939364206,0.9270316172667138,1.032321460453358,0.647869649502338,1.2837802032696206,0.3431547823646797,ambos,17.77334886895931,3.6903173659682085,124,0,14
South Africa,ZAF,2011,0.8475347287290206,-0.5859865836428523,0.9193186142946963,-0.5460141767989024,-0.4954664764660424,0.03680178762641182,0.872965959936398,-0.18308640557645992,1.2899254571569505,1.1822886939364206,0.9270316172667138,1.032321460453358,0.647869649502338,1.2837802032696206,0.3906704469096892,ambos,17.785712014595102,3.6907785162148543,124,0,15
South Africa,ZAF,2012,0.8668645286219815,-0.5707764332124123,1.0356989363674791,-0.5185137325639657,-0.4672009739304001,0.04149950245163363,0.7766273823693349,-0.21411450796125187,1.2899254571569505,1.1822886939364206,0.6525812431959995,1.032321460453358,0.647869649502338,1.2837802032696206,0.12933429191213544,ambos,17.800459957757965,3.694801278672961,124,0,16
South Africa,ZAF,2013,0.8843782370339015,-0.49279268545210103,1.0356989363674791,-0.4228295622158006,-0.29421135559411754,0.046846731263183575,0.7808396842156808,-0.2071590289932054,1.2899254571569505,1.1822886939364206,0.3781308691252851,1.2458451132461648,0.7859384882609096,1.3029672385409077,0.05806079509462031,ambos,17.816986477403347,3.7190748058124274,124,0,17
South Africa,ZAF,2014,0.8787423250866918,-0.5264091106949919,1.361183764037354,-0.4046789677897822,-0.3876918805591909,0.05231223197632437,0.769517200763542,-0.22777743295092934,1.2899254571569505,1.1822886939364206,0.3781308691252851,1.2458451132461648,0.7859384882609096,1.2890129835001514,-0.15575969535792394,ambos,17.833600931171414,3.7060310379402828,124,0,18
South Africa,ZAF,2015,0.8635676665978556,-0.5618100852015129,1.486291042990212,-0.4852650432840641,-0.5767674252256584,0.0590464990929912,0.8216791656239621,-0.275711464694002,1.2899254571569505,1.1822886939364206,0.3781308691252851,1.2458451132461648,0.5098008107437664,1.243662047076211,-0.15575969535792394,ambos,17.85369981482955,3.6791166785821754,124,0,19
South Africa,ZAF,2016,0.8575383084780948,-0.6305477550117062,1.4585609312060377,-0.5104158761307918,-0.5337453615471744,0.0622445717893195,0.7562190930471667,-0.2715093650565926,1.2899254571569505,1.1822886939364206,0.3781308691252851,1.2458451132461648,0.3717319719851945,1.2174981459235574,-0.15575969535792394,ambos,17.863105033642757,3.685304717037444,124,0,20
South Africa,ZAF,2017,0.8683326357772988,-0.7568543943854786,1.5224661369919852,-0.577994588544239,-0.5591058612586947,0.06448561639550622,0.754907367560844,-0.28589698610420433,1.2899254571569505,1.1822886939364206,0.3781308691252851,1.2458451132461648,0.3717319719851945,1.1878460734692324,-0.15575969535792394,ambos,17.869643408155873,3.681661648081768,124,0,21
Zambia,ZMB,1996,-0.9790114381908266,0.3930036836911919,0.16913018693441792,-0.2790754925314634,-0.03530181376258399,-0.22566692045066836,-1.5209102381946598,0.5165067980628136,-1.212208893524284,-1.232987325051966,-0.445220253086858,-0.24881985843749468,-0.7328187380833772,-1.1651609446187448,0.4144282791821931,ambos,16.013185478325294,3.7543379345816152,125,0,0
Zambia,ZMB,1998,-0.9849255913554618,0.3930036836911919,0.16913018693441792,-0.4991093027887314,0.32575850222674496,-0.22281286427927707,-1.5730635839106955,0.020864171667597235,-1.212208893524284,-1.232987325051966,-0.9941210012282867,-0.4623435112303015,-0.7328187380833772,-1.1651609446187448,0.4144282791821931,ambos,16.06494895587378,3.8015258441009294,125,0,1
Zambia,ZMB,2000,-0.9755231937102791,0.3930036836911919,0.16913018693441792,-0.3788749279547592,-0.06212901887425232,-0.21961951100352883,-1.7385536625017062,-0.3165713331404321,-1.212208893524284,-1.232987325051966,-0.445220253086858,-0.4623435112303015,-0.7328187380833772,-1.1651609446187448,0.22436562100215504,ambos,16.119857298345977,3.750741317618243,125,0,2
Zambia,ZMB,2002,-0.9637660847129965,0.3930036836911919,0.16913018693441792,-0.2472521257542498,0.5913955989002473,-0.21585878313857707,-1.6804155503550378,-0.2637278770490205,-1.212208893524284,-1.232987325051966,-0.445220253086858,-0.6758671640231085,-0.7328187380833772,-1.1651609446187448,-0.15575969535792394,ambos,16.180877943328554,3.8348739899011157,125,0,3
Zambia,ZMB,2003,-0.9511468742841209,0.3930036836911919,0.16913018693441792,-0.3229195788919178,0.5850947958578454,-0.21385618561643807,-1.6401880973217338,-0.24202519104241352,-1.212208893524284,-1.232987325051966,-0.445220253086858,-0.6758671640231085,-0.7328187380833772,-1.1651609446187448,-0.15575969535792394,ambos,16.211913444981484,3.834095726650477,125,0,4
Zambia,ZMB,2004,-0.9380348870629517,0.3930036836911919,0.16913018693441792,-0.07588553029809879,0.3703590978005016,-0.21174048309311572,-1.5969329017717662,-0.11142186179771175,-1.212208893524284,-1.232987325051966,-0.445220253086858,-0.6758671640231085,-0.7328187380833772,-1.1651609446187448,0.08181862736712536,ambos,16.24368802530876,3.807203274058413,125,0,5
Zambia,ZMB,2005,-0.9241899775990452,0.3930036836911919,0.16913018693441792,-0.32619087453960693,0.0960598298368814,-0.20946954683445612,-1.5574328857611581,-0.014922112060197605,-1.212208893524284,-1.232987325051966,-0.445220253086858,-0.6758671640231085,-0.594749899324806,-0.5110634158024079,0.4144282791821931,ambos,16.27670665445045,3.771764704621519,125,0,6
Zambia,ZMB,2006,-0.9079223687074125,0.3930036836911919,0.16913018693441792,-0.4524207878378559,0.19108765396032426,-0.2070189444418811,-1.5524567287638604,0.28177147766655575,0.038858281816333155,-1.232987325051966,0.6525812431959995,-0.24881985843749468,0.09559429446805148,0.8407379693253475,0.4144282791821931,ambos,16.31115551190131,3.7841846783718163,125,0,7
Zambia,ZMB,2007,-0.8895791767768151,0.3930036836911919,0.16913018693441792,-0.22240519316921353,0.9943907384604068,-0.2044203873191618,-1.543851393341103,0.4083935899020813,0.038858281816333155,-1.232987325051966,0.6525812431959995,-0.24881985843749468,0.09559429446805148,0.8407379693253475,0.6044909373622335,ambos,16.346432573345478,3.8834334903581054,125,0,8
Zambia,ZMB,2008,-0.8728929165106818,0.3930036836911919,0.16913018693441792,-0.40597760323156185,0.26341833848319196,-0.2016982839992856,-1.5333662444613134,0.3315061887527374,0.038858281816333155,-1.232987325051966,0.10368049505457075,-0.24881985843749468,0.09559429446805148,0.8407379693253475,0.5094596082722133,ambos,16.382098956079894,3.7935358522459985,125,0,9
Zambia,ZMB,2009,-0.8493539902322199,0.3930036836911919,0.16913018693441792,-0.5028561574867063,0.13958421366581691,-0.1988996556625197,-1.4711107824673921,0.2674116612015872,0.038858281816333155,-1.232987325051966,0.6525812431959995,-0.24881985843749468,0.09559429446805148,0.8407379693253475,0.4144282791821931,ambos,16.417488138069974,3.7774724195557168,125,0,10
Zambia,ZMB,2010,-0.8194023023315313,0.3930036836911919,0.16913018693441792,-0.24439807276374748,0.8395534965527582,-0.19606439364388084,-1.3902711235131866,0.4359367733247439,0.038858281816333155,-1.232987325051966,0.6525812431959995,-0.24881985843749468,0.09559429446805148,0.9157415014816359,0.4144282791821931,ambos,16.45210736297007,3.865054025009201,125,0,11
Zambia,ZMB,2011,-0.8090828415950483,0.6453846479569969,0.16913018693441792,-0.018274173207695154,0.1732460435761969,-0.19324704871753262,-1.3350132364098177,0.620434034728758,0.038858281816333155,-0.025349315557772752,0.6525812431959995,-0.24881985843749468,0.09559429446805148,1.0046987654006578,0.4144282791821931,ambos,16.48536011746327,3.781864542140658,125,0,12
Zambia,ZMB,2012,-0.7883487901755882,0.14911569737508867,0.16913018693441792,0.05648146109962072,0.5344310115132942,-0.19040803980113868,-1.254842605071969,0.4168405648996829,0.038858281816333155,-0.025349315557772752,0.6525812431959995,-0.24881985843749468,0.09559429446805148,1.016908411512555,0.22436562100215504,ambos,16.517786117873747,3.8278157182099855,125,0,13
Zambia,ZMB,2013,-0.7792926860265729,0.382001860845099,0.16913018693441792,0.2043645674782273,0.6569030466956773,-0.18751214128268304,-1.197025633521973,0.4625011560864561,0.038858281816333155,-0.025349315557772752,0.6525812431959995,-0.6758671640231085,0.3717319719851945,1.016908411512555,0.12933429191213489,ambos,16.549813000331977,3.842929663675543,125,0,14
Zambia,ZMB,2014,-0.7717768261678668,1.0164205775573405,0.16913018693441792,0.08048060102357853,0.3185211462372876,-0.1845509107094214,-1.136519305738088,0.4949353872469821,0.038858281816333155,-0.025349315557772752,0.6525812431959995,-0.6758671640231085,0.23366313322662344,0.60351877330063,0.12933429191213489,ambos,16.58153503259498,3.80060151807183,125,0,15
Zambia,ZMB,2015,-0.7730682587037188,1.914683873296522,0.16913018693441792,0.18718970673078847,0.6495701683335765,-0.18154519467491467,-1.0817194051477728,0.554592210139881,0.038858281816333155,-0.025349315557772752,0.6525812431959995,-0.24881985843749468,0.23366313322662344,0.5843317380293435,0.12933429191213489,ambos,16.612736403450043,3.8420311334770254,125,0,16
Zambia,ZMB,2016,-0.7698969765931803,1.6684723728894966,0.16913018693441792,0.015528725283889834,-0.10017579396266725,-0.1784705070830054,-1.0797806864210941,0.6566484303446727,0.038858281816333155,-0.025349315557772752,0.6525812431959995,-0.24881985843749468,0.23366313322662344,0.5337485446528953,0.12933429191213489,ambos,16.64367730700112,3.745618253120169,125,0,17
Zambia,ZMB,2017,-0.7677573875956685,1.9575796971146482,0.16913018693441792,-0.05343162348377218,0.09544199307235454,-0.17532683003450053,-1.0794989487564748,0.859676937231921,0.038858281816333155,-0.025349315557772752,0.10368049505457075,-0.24881985843749468,0.23366313322662344,0.4796761334187295,-0.060728366267904905,ambos,16.674352718989415,3.7716834475737913,125,0,18
Zambia,ZMB,2018,-0.7626147124924703,1.5033672098054676,0.16913018693441792,0.042550852348730184,-0.38191923499675046,-0.17215122082550965,-1.05353274289433,0.6238673428459723,0.038858281816333155,-0.025349315557772752,0.10368049505457075,-0.24881985843749468,0.23366313322662344,0.4674664873068323,-0.15575969535792394,ambos,16.704412903469308,3.7068414694419825,125,0,19
Zimbabwe,ZWE,1996,-0.3406171125713423,-0.558081817633905,-0.8313386853952326,-0.03940435135678017,-0.4881196406472434,-0.21281346812254087,-0.5163918066729327,-0.33670626224962885,-0.5866753058539755,-0.025349315557772752,-0.7196706271575724,-1.7434848301211545,-1.6993006093933776,-1.1651609446187448,2.3150548609825896,ambos,16.227699640332613,3.6918256795510205,126,0,0
Zimbabwe,ZWE,1997,-0.3331684988324035,-0.5570323787155649,-0.7934081090000551,0.25514460847845566,-0.3765369304471957,-0.21155177190028837,-0.523259509041921,-0.37601041323947676,-0.8994420996891298,-0.025349315557772752,-1.4057965623343582,-1.850246656517558,-1.7683350287726638,-1.4922097090269133,1.436015066899906,ambos,16.24647373808371,3.7075965090818013,126,0,1
Zimbabwe,ZWE,1998,-0.32446856711178523,-0.24791023421484296,-0.7934081090000551,0.4385199939827586,0.5601725290258709,-0.2102124946087534,-0.5263852171136899,-0.5204251674949033,-1.212208893524284,-0.025349315557772752,-2.091922497511144,-1.9570084829139611,-1.8373694481519498,-1.8192584734350818,0.6995222664522537,ambos,16.266023983501302,3.8310114257192027,126,0,2
Zimbabwe,ZWE,1999,-0.3481476480078836,-2.4339235600551112,-0.8447251524231189,-0.07274664189421103,-0.50307979766378,-0.20908388485357882,-0.5445040651987737,-0.6617751037100968,-1.212208893524284,-0.025349315557772752,-2.091922497511144,-1.9570084829139611,-1.8373694481519498,-1.8192584734350818,0.6995222664522537,ambos,16.28220732636264,3.6896922118587323,126,0,3
Zimbabwe,ZWE,2000,-0.38596725942841237,-1.3140246806545295,-0.8499651045052944,0.018793295331963934,-0.5928856767485494,-0.20843595196264095,-0.559532778413831,-0.6617751037100968,-1.212208893524284,-0.025349315557772752,-2.091922497511144,-1.9570084829139611,-1.8373694481519498,-1.8192584734350818,-0.6784320053530332,ambos,16.291381172137136,3.6767884287672743,126,0,4
Zimbabwe,ZWE,2001,-0.37894025347525245,-1.2753022291112368,-0.7734002793292246,-0.16060083234333494,-0.6437291002036832,-0.20795955897195223,-0.5748756653668257,-0.5149595115091142,-1.212208893524284,-0.025349315557772752,-2.091922497511144,-1.9570084829139611,-1.8373694481519498,-1.8192584734350818,-1.7712922898882606,ambos,16.298072962154436,3.669408474746189,126,0,5
Zimbabwe,ZWE,2002,-0.4695760320121754,-1.5110178669850973,-0.7978951412858758,-0.19222834063454228,-0.582114011572581,-0.20726893650547673,-0.6005391271478867,-0.3681439193081315,-1.212208893524284,-0.025349315557772752,-2.091922497511144,-1.9570084829139611,-1.8373694481519498,-1.8192584734350818,-2.4365115935183987,ambos,16.307695159096863,3.67834497534675,126,0,6
Zimbabwe,ZWE,2003,-0.6201127701422604,-1.0701984026483744,-0.8831196477034446,-0.08638004841835559,-0.64193196897091,-0.20640577775033636,-0.6098996059328496,-0.22132832710714886,-1.212208893524284,-0.025349315557772752,-2.091922497511144,-1.9570084829139611,-1.8373694481519498,-1.8192584734350818,-2.4365115935183987,ambos,16.319592514140826,3.6696702600954225,126,0,7
Zimbabwe,ZWE,2004,-0.6669908042000797,-2.1244511279752296,-0.8831196477034446,0.07600287425724182,-0.6273271168289201,-0.20560882811046377,-0.6058950666029334,-0.22132832710714886,-1.212208893524284,-0.025349315557772752,-2.091922497511144,-1.9570084829139611,-1.8373694481519498,-1.8192584734350818,-1.9613549480683,ambos,16.330452999775975,3.6717951887914366,126,0,8
Zimbabwe,ZWE,2005,-0.7092224771483068,-2.500866070582182,-0.8831196477034446,0.07610876645755867,-0.3411597628135178,-0.20490756159049295,-0.49303384132527284,-0.04589449718968578,-1.212208893524284,-0.025349315557772752,-2.091922497511144,-1.9570084829139611,-1.8373694481519498,-1.8192584734350818,-1.4030458896644333,ambos,16.33991296320616,3.7125451458075744,126,0,9
Zimbabwe,ZWE,2006,-0.7369005424668452,-2.4736566228769816,-0.8831196477034446,0.2730611105467316,-0.5250368421748018,-0.20399462517934833,-0.5470687014430912,0.3031201132057672,-0.5866753058539755,-0.025349315557772752,-0.445220253086858,-1.9570084829139611,-1.561231770634807,-1.3622625077280754,-1.4386826380731905,ambos,16.352095736260964,3.6865526522839107,126,0,10
Zimbabwe,ZWE,2007,-0.7649166601919957,-2.1278898750269764,-0.8831196477034446,0.3122439972220179,-0.42584295650622,-0.20299457936179566,-0.53065678769366,0.4545495466784053,-0.5866753058539755,-0.025349315557772752,-0.445220253086858,-1.9570084829139611,-1.561231770634807,-1.3622625077280754,-1.4386826380731905,ambos,16.365272787996293,3.7006583657280405,126,0,11
Zimbabwe,ZWE,2008,-0.8660334120581196,-2.345061734461948,-0.8831196477034446,1.0491196326678924,-0.44917395228684903,-0.20206924477623212,-0.6588250007633013,0.28906087750453724,-0.5866753058539755,-1.232987325051966,-0.7196706271575724,-1.9570084829139611,-1.6993006093933776,-1.3779608484196675,-1.4386826380731905,ambos,16.377312660317767,3.697358468766704,126,0,12
Zimbabwe,ZWE,2009,-0.8144905952193028,-1.5405186535981137,-0.8831196477034446,-0.33850711295296604,-0.46355700426848373,-0.20097356953635698,-0.6617848039877297,-0.4663218208195226,-0.5866753058539755,-1.232987325051966,-0.7196706271575724,-1.9570084829139611,-1.6993006093933776,-1.3779608484196675,-1.4386826380731905,ambos,16.391383953336643,3.6953187148936513,126,0,13
Zimbabwe,ZWE,2010,-0.7270252218927952,-0.6826389884133728,-0.8831196477034446,0.2818777927659334,-0.4754975050265644,-0.19969820429697566,-0.632214811038738,-0.5298296026610904,-0.5866753058539755,-1.232987325051966,-0.7196706271575724,-1.9570084829139611,-1.6993006093933776,-1.3587738131483809,-1.2248621476206463,ambos,16.407517384322183,3.6936221885683334,126,0,14
Zimbabwe,ZWE,2011,-0.6563442129209386,-0.9705995616454245,-0.8831196477034446,0.46620492570363103,-0.22654793019298206,-0.19827297508018632,-0.6324067157946599,-0.44404278097369204,-0.5866753058539755,-1.232987325051966,-0.7196706271575724,-1.9570084829139611,-1.6993006093933776,-1.3517969472670146,-1.1535886508031312,ambos,16.425243897053274,3.728411166406137,126,0,15
Zimbabwe,ZWE,2012,-0.5601348027343911,-1.2717113877063737,0.4463377929441995,0.02146142518995687,-0.2960454842210349,-0.19694567234883362,-0.744537779194377,-0.1419938893465923,-0.5866753058539755,-1.232987325051966,-0.9941210012282867,-1.9570084829139611,-1.6993006093933776,-1.35354103291785,-0.9635259926230926,ambos,16.44147454262822,3.718820510949472,126,0,16
Zimbabwe,ZWE,2013,-0.5559255174353687,-1.6311089739414635,-0.4016286794664149,-0.4291928101060236,-0.31179910102787123,-0.19577672974521257,-0.8550247785048019,-0.270039048459512,-1.212208893524284,-1.232987325051966,-0.9941210012282867,-1.9570084829139611,-1.561231770634807,-0.9174761881329663,-0.8684946635330736,ambos,16.455553758591822,3.716633665574084,126,0,17
Zimbabwe,ZWE,2014,-0.5485481791965745,-1.579354107040579,-0.4016286794664149,-0.5449851244325566,-0.22940956685216662,-0.19462192750413856,-0.9586203106703458,-0.2768288810016006,-1.212208893524284,-1.232987325051966,-0.445220253086858,-1.9570084829139611,-1.4231629318762347,-0.8982891528616794,-0.8684946635330736,ambos,16.469270698154485,3.728018071245764,126,0,18
Zimbabwe,ZWE,2015,-0.5453238029567772,-1.53247010767904,-0.4016286794664149,-0.48459729881957614,-0.30381878538078344,-0.19347844351949992,-0.9632746356712913,-0.39062895842703277,-1.212208893524284,-1.232987325051966,-0.445220253086858,-1.7434848301211545,-1.4231629318762347,-0.8511941307869031,-0.8684946635330736,ambos,16.482670289979676,3.7177420543437014,126,0,19
Zimbabwe,ZWE,2016,-0.5501468252574304,-1.555198832834651,-0.4016286794664149,-0.6453282641885789,-0.3616052469843563,-0.19227752102421125,-0.9643687939585691,-0.410983453971486,-1.212208893524284,-1.232987325051966,-0.7196706271575724,-1.7434848301211545,-1.4231629318762347,-0.8511941307869031,-0.8684946635330736,ambos,16.49655229195389,3.709688173635533,126,0,20
Zimbabwe,ZWE,2017,-0.5256703576522459,-1.3624613289360312,-0.4016286794664149,-0.5346228039033672,-0.5482165041641274,-0.19101152302921764,-0.894980327245047,0.41726616598984784,-1.212208893524284,-1.232987325051966,-0.7196706271575724,-1.7434848301211545,-1.561231770634807,-0.8320070955156162,-0.8684946635330736,ambos,16.51098082917964,3.683227544651465,126,0,21
